{"start":1576525026211,"end":1576525027333,"duration":1122,"downloading_duration":523,"execution_duration":84,"uploading_duration":515,"executable":"generateData.js","args":[],"id":1,"resource":"1536","request_start":1576525025288,"request_end":1576525027287,"request_duration":1999,"type":"1536"}
{"start":1576525027482,"end":1576525028409,"duration":927,"downloading_duration":444,"execution_duration":74,"uploading_duration":409,"executable":"createDat.js","args":["0.dat"],"id":2,"resource":"1536","request_start":1576525027290,"request_end":1576525028353,"request_duration":1063,"type":"1536"}
{"start":1576525027972,"end":1576525028953,"duration":981,"downloading_duration":494,"execution_duration":79,"uploading_duration":408,"executable":"createDat.js","args":["2.dat"],"id":4,"resource":"1536","request_start":1576525027292,"request_end":1576525028911,"request_duration":1619,"type":"1536"}
{"start":1576525027964,"end":1576525029034,"duration":1070,"downloading_duration":546,"execution_duration":100,"uploading_duration":424,"executable":"createDat.js","args":["1.dat"],"id":3,"resource":"1536","request_start":1576525027291,"request_end":1576525028987,"request_duration":1696,"type":"1536"}
{"start":1576525027992,"end":1576525029071,"duration":1079,"downloading_duration":592,"execution_duration":81,"uploading_duration":406,"executable":"createDat.js","args":["3.dat"],"id":5,"resource":"1536","request_start":1576525027294,"request_end":1576525029019,"request_duration":1725,"type":"1536"}
{"start":1576525028543,"end":1576525033349,"duration":4806,"downloading_duration":1138,"execution_duration":3091,"uploading_duration":577,"executable":"ellipsoids-openmp","args":["0.dat","00.log","00.xoutput"],"id":6,"resource":"1536","request_start":1576525028357,"request_end":1576525033299,"request_duration":4942,"type":"1536"}
{"start":1576525029103,"end":1576525033784,"duration":4681,"downloading_duration":1069,"execution_duration":3027,"uploading_duration":585,"executable":"ellipsoids-openmp","args":["2.dat","20.log","20.xoutput"],"id":8,"resource":"1536","request_start":1576525028916,"request_end":1576525033730,"request_duration":4814,"type":"1536"}
{"start":1576525029233,"end":1576525033801,"duration":4568,"downloading_duration":1002,"execution_duration":2939,"uploading_duration":627,"executable":"ellipsoids-openmp","args":["3.dat","30.log","30.xoutput"],"id":9,"resource":"1536","request_start":1576525029027,"request_end":1576525033748,"request_duration":4721,"type":"1536"}
{"start":1576525029201,"end":1576525033856,"duration":4655,"downloading_duration":1076,"execution_duration":2982,"uploading_duration":597,"executable":"ellipsoids-openmp","args":["1.dat","10.log","10.xoutput"],"id":7,"resource":"1536","request_start":1576525028995,"request_end":1576525033806,"request_duration":4811,"type":"1536"}
{"start":1576525033551,"end":1576525034967,"duration":1416,"downloading_duration":1035,"execution_duration":2,"uploading_duration":379,"executable":"mean-pack-ell","args":["00.xoutput","average_0.txt"],"id":10,"resource":"1536","request_start":1576525033308,"request_end":1576525034919,"request_duration":1611,"type":"1536"}
{"start":1576525033931,"end":1576525035304,"duration":1373,"downloading_duration":991,"execution_duration":3,"uploading_duration":379,"executable":"mean-pack-ell","args":["20.xoutput","average_2.txt"],"id":12,"resource":"1536","request_start":1576525033737,"request_end":1576525035249,"request_duration":1512,"type":"1536"}
{"start":1576525034016,"end":1576525035408,"duration":1392,"downloading_duration":946,"execution_duration":3,"uploading_duration":443,"executable":"mean-pack-ell","args":["10.xoutput","average_1.txt"],"id":11,"resource":"1536","request_start":1576525033813,"request_end":1576525035359,"request_duration":1546,"type":"1536"}
{"start":1576525033951,"end":1576525035429,"duration":1478,"downloading_duration":1080,"execution_duration":3,"uploading_duration":395,"executable":"mean-pack-ell","args":["30.xoutput","average_3.txt"],"id":13,"resource":"1536","request_start":1576525033755,"request_end":1576525035377,"request_duration":1622,"type":"1536"}
{"start":1576525035678,"end":1576525036611,"duration":933,"downloading_duration":416,"execution_duration":72,"uploading_duration":445,"executable":"summary.js","args":[],"id":14,"resource":"1536","request_start":1576525035382,"request_end":1576525036565,"request_duration":1183,"type":"1536"}
