{"start":1576534505897,"end":1576534508064,"duration":2167,"downloading_duration":1141,"execution_duration":561,"uploading_duration":465,"executable":"generateData.js","args":[],"id":1,"resource":"256","request_start":1576534505198,"request_end":1576534508094,"request_duration":2896,"type":"256"}
{"start":1576534508205,"end":1576534509510,"duration":1305,"downloading_duration":383,"execution_duration":489,"uploading_duration":433,"executable":"createDat.js","args":["0.dat"],"id":2,"resource":"256","request_start":1576534508097,"request_end":1576534509529,"request_duration":1432,"type":"256"}
{"start":1576534508690,"end":1576534510760,"duration":2070,"downloading_duration":1080,"execution_duration":562,"uploading_duration":428,"executable":"createDat.js","args":["1.dat"],"id":3,"resource":"256","request_start":1576534508099,"request_end":1576534510782,"request_duration":2683,"type":"256"}
{"start":1576534508710,"end":1576534510909,"duration":2199,"downloading_duration":1177,"execution_duration":544,"uploading_duration":478,"executable":"createDat.js","args":["3.dat"],"id":5,"resource":"256","request_start":1576534508101,"request_end":1576534510947,"request_duration":2846,"type":"256"}
{"start":1576534508702,"end":1576534510994,"duration":2292,"downloading_duration":1180,"execution_duration":562,"uploading_duration":550,"executable":"createDat.js","args":["2.dat"],"id":4,"resource":"256","request_start":1576534508100,"request_end":1576534511042,"request_duration":2942,"type":"256"}
{"start":1576534510088,"end":1576534526834,"duration":16746,"downloading_duration":2020,"execution_duration":14103,"uploading_duration":623,"executable":"ellipsoids-openmp","args":["0.dat","07.log","07.xoutput"],"id":13,"resource":"256","request_start":1576534509540,"request_end":1576534526859,"request_duration":17319,"type":"256"}
{"start":1576534510167,"end":1576534527020,"duration":16853,"downloading_duration":2059,"execution_duration":14161,"uploading_duration":633,"executable":"ellipsoids-openmp","args":["0.dat","012.log","012.xoutput"],"id":18,"resource":"256","request_start":1576534509546,"request_end":1576534527040,"request_duration":17494,"type":"256"}
{"start":1576534511517,"end":1576534529487,"duration":17970,"downloading_duration":2001,"execution_duration":15280,"uploading_duration":689,"executable":"ellipsoids-openmp","args":["1.dat","114.log","114.xoutput"],"id":35,"resource":"256","request_start":1576534510837,"request_end":1576534529519,"request_duration":18682,"type":"256"}
{"start":1576534511032,"end":1576534530055,"duration":19023,"downloading_duration":1138,"execution_duration":17081,"uploading_duration":804,"executable":"ellipsoids-openmp","args":["1.dat","13.log","13.xoutput"],"id":24,"resource":"256","request_start":1576534510819,"request_end":1576534530079,"request_duration":19260,"type":"256"}
{"start":1576534511032,"end":1576534530293,"duration":19261,"downloading_duration":1197,"execution_duration":17381,"uploading_duration":683,"executable":"ellipsoids-openmp","args":["1.dat","10.log","10.xoutput"],"id":21,"resource":"256","request_start":1576534510810,"request_end":1576534530314,"request_duration":19504,"type":"256"}
{"start":1576534510184,"end":1576534530451,"duration":20267,"downloading_duration":2099,"execution_duration":17524,"uploading_duration":644,"executable":"ellipsoids-openmp","args":["0.dat","09.log","09.xoutput"],"id":15,"resource":"256","request_start":1576534509543,"request_end":1576534530470,"request_duration":20927,"type":"256"}
{"start":1576534510173,"end":1576534530651,"duration":20478,"downloading_duration":1800,"execution_duration":17981,"uploading_duration":697,"executable":"ellipsoids-openmp","args":["0.dat","010.log","010.xoutput"],"id":16,"resource":"256","request_start":1576534509544,"request_end":1576534530658,"request_duration":21114,"type":"256"}
{"start":1576534511032,"end":1576534530687,"duration":19655,"downloading_duration":1390,"execution_duration":17601,"uploading_duration":664,"executable":"ellipsoids-openmp","args":["1.dat","15.log","15.xoutput"],"id":26,"resource":"256","request_start":1576534510824,"request_end":1576534530706,"request_duration":19882,"type":"256"}
{"start":1576534509680,"end":1576534530716,"duration":21036,"downloading_duration":1296,"execution_duration":19102,"uploading_duration":638,"executable":"ellipsoids-openmp","args":["0.dat","04.log","04.xoutput"],"id":10,"resource":"256","request_start":1576534509537,"request_end":1576534530738,"request_duration":21201,"type":"256"}
{"start":1576534510169,"end":1576534530721,"duration":20552,"downloading_duration":1920,"execution_duration":17961,"uploading_duration":671,"executable":"ellipsoids-openmp","args":["0.dat","011.log","011.xoutput"],"id":17,"resource":"256","request_start":1576534509545,"request_end":1576534530741,"request_duration":21196,"type":"256"}
{"start":1576534510140,"end":1576534530841,"duration":20701,"downloading_duration":2000,"execution_duration":17961,"uploading_duration":740,"executable":"ellipsoids-openmp","args":["0.dat","08.log","08.xoutput"],"id":14,"resource":"256","request_start":1576534509541,"request_end":1576534530859,"request_duration":21318,"type":"256"}
{"start":1576534510196,"end":1576534530967,"duration":20771,"downloading_duration":1959,"execution_duration":18141,"uploading_duration":671,"executable":"ellipsoids-openmp","args":["0.dat","014.log","014.xoutput"],"id":20,"resource":"256","request_start":1576534509551,"request_end":1576534530985,"request_duration":21434,"type":"256"}
{"start":1576534510201,"end":1576534530975,"duration":20774,"downloading_duration":2020,"execution_duration":18063,"uploading_duration":691,"executable":"ellipsoids-openmp","args":["0.dat","03.log","03.xoutput"],"id":9,"resource":"256","request_start":1576534509555,"request_end":1576534530995,"request_duration":21440,"type":"256"}
{"start":1576534510193,"end":1576534531052,"duration":20859,"downloading_duration":2078,"execution_duration":18101,"uploading_duration":680,"executable":"ellipsoids-openmp","args":["0.dat","02.log","02.xoutput"],"id":8,"resource":"256","request_start":1576534509554,"request_end":1576534531069,"request_duration":21515,"type":"256"}
{"start":1576534510171,"end":1576534531075,"duration":20904,"downloading_duration":2001,"execution_duration":18240,"uploading_duration":663,"executable":"ellipsoids-openmp","args":["0.dat","00.log","00.xoutput"],"id":6,"resource":"256","request_start":1576534509552,"request_end":1576534531097,"request_duration":21545,"type":"256"}
{"start":1576534510160,"end":1576534531159,"duration":20999,"downloading_duration":1939,"execution_duration":18402,"uploading_duration":658,"executable":"ellipsoids-openmp","args":["0.dat","05.log","05.xoutput"],"id":11,"resource":"256","request_start":1576534509538,"request_end":1576534531176,"request_duration":21638,"type":"256"}
{"start":1576534510166,"end":1576534531453,"duration":21287,"downloading_duration":1940,"execution_duration":18681,"uploading_duration":666,"executable":"ellipsoids-openmp","args":["0.dat","013.log","013.xoutput"],"id":19,"resource":"256","request_start":1576534509550,"request_end":1576534531475,"request_duration":21925,"type":"256"}
{"start":1576534510162,"end":1576534531512,"duration":21350,"downloading_duration":1879,"execution_duration":18623,"uploading_duration":848,"executable":"ellipsoids-openmp","args":["0.dat","06.log","06.xoutput"],"id":12,"resource":"256","request_start":1576534509539,"request_end":1576534531530,"request_duration":21991,"type":"256"}
{"start":1576534511473,"end":1576534531515,"duration":20042,"downloading_duration":1958,"execution_duration":17402,"uploading_duration":682,"executable":"ellipsoids-openmp","args":["1.dat","11.log","11.xoutput"],"id":22,"resource":"256","request_start":1576534510814,"request_end":1576534531534,"request_duration":20720,"type":"256"}
{"start":1576534510170,"end":1576534531522,"duration":21352,"downloading_duration":1840,"execution_duration":18821,"uploading_duration":691,"executable":"ellipsoids-openmp","args":["0.dat","01.log","01.xoutput"],"id":7,"resource":"256","request_start":1576534509553,"request_end":1576534531541,"request_duration":21988,"type":"256"}
{"start":1576534511529,"end":1576534531690,"duration":20161,"downloading_duration":1960,"execution_duration":17521,"uploading_duration":680,"executable":"ellipsoids-openmp","args":["1.dat","112.log","112.xoutput"],"id":33,"resource":"256","request_start":1576534510835,"request_end":1576534531711,"request_duration":20876,"type":"256"}
{"start":1576534511536,"end":1576534531735,"duration":20199,"downloading_duration":1980,"execution_duration":17581,"uploading_duration":638,"executable":"ellipsoids-openmp","args":["1.dat","113.log","113.xoutput"],"id":34,"resource":"256","request_start":1576534510836,"request_end":1576534531753,"request_duration":20917,"type":"256"}
{"start":1576534511489,"end":1576534531863,"duration":20374,"downloading_duration":2040,"execution_duration":17661,"uploading_duration":673,"executable":"ellipsoids-openmp","args":["1.dat","12.log","12.xoutput"],"id":23,"resource":"256","request_start":1576534510817,"request_end":1576534531883,"request_duration":21066,"type":"256"}
{"start":1576534511645,"end":1576534532227,"duration":20582,"downloading_duration":2018,"execution_duration":17922,"uploading_duration":642,"executable":"ellipsoids-openmp","args":["3.dat","38.log","38.xoutput"],"id":59,"resource":"256","request_start":1576534510988,"request_end":1576534532246,"request_duration":21258,"type":"256"}
{"start":1576534511483,"end":1576534532239,"duration":20756,"downloading_duration":2039,"execution_duration":18062,"uploading_duration":655,"executable":"ellipsoids-openmp","args":["1.dat","17.log","17.xoutput"],"id":28,"resource":"256","request_start":1576534510828,"request_end":1576534532258,"request_duration":21430,"type":"256"}
{"start":1576534511643,"end":1576534532264,"duration":20621,"downloading_duration":1939,"execution_duration":18024,"uploading_duration":658,"executable":"ellipsoids-openmp","args":["3.dat","311.log","311.xoutput"],"id":62,"resource":"256","request_start":1576534510992,"request_end":1576534532283,"request_duration":21291,"type":"256"}
{"start":1576534511633,"end":1576534532301,"duration":20668,"downloading_duration":2100,"execution_duration":17901,"uploading_duration":667,"executable":"ellipsoids-openmp","args":["3.dat","33.log","33.xoutput"],"id":54,"resource":"256","request_start":1576534510977,"request_end":1576534532320,"request_duration":21343,"type":"256"}
{"start":1576534511645,"end":1576534532344,"duration":20699,"downloading_duration":1760,"execution_duration":18321,"uploading_duration":618,"executable":"ellipsoids-openmp","args":["1.dat","14.log","14.xoutput"],"id":25,"resource":"256","request_start":1576534510821,"request_end":1576534532362,"request_duration":21541,"type":"256"}
{"start":1576534511549,"end":1576534532345,"duration":20796,"downloading_duration":1980,"execution_duration":18161,"uploading_duration":655,"executable":"ellipsoids-openmp","args":["1.dat","110.log","110.xoutput"],"id":31,"resource":"256","request_start":1576534510832,"request_end":1576534532367,"request_duration":21535,"type":"256"}
{"start":1576534511608,"end":1576534532370,"duration":20762,"downloading_duration":2120,"execution_duration":17941,"uploading_duration":701,"executable":"ellipsoids-openmp","args":["3.dat","32.log","32.xoutput"],"id":53,"resource":"256","request_start":1576534510975,"request_end":1576534532390,"request_duration":21415,"type":"256"}
{"start":1576534511632,"end":1576534532391,"duration":20759,"downloading_duration":2119,"execution_duration":17882,"uploading_duration":758,"executable":"ellipsoids-openmp","args":["3.dat","30.log","30.xoutput"],"id":51,"resource":"256","request_start":1576534510971,"request_end":1576534532409,"request_duration":21438,"type":"256"}
{"start":1576534511677,"end":1576534532414,"duration":20737,"downloading_duration":1918,"execution_duration":18162,"uploading_duration":657,"executable":"ellipsoids-openmp","args":["2.dat","23.log","23.xoutput"],"id":39,"resource":"256","request_start":1576534511048,"request_end":1576534532433,"request_duration":21385,"type":"256"}
{"start":1576534511653,"end":1576534532421,"duration":20768,"downloading_duration":1960,"execution_duration":18082,"uploading_duration":726,"executable":"ellipsoids-openmp","args":["3.dat","39.log","39.xoutput"],"id":60,"resource":"256","request_start":1576534510990,"request_end":1576534532439,"request_duration":21449,"type":"256"}
{"start":1576534511619,"end":1576534532462,"duration":20843,"downloading_duration":1980,"execution_duration":18202,"uploading_duration":661,"executable":"ellipsoids-openmp","args":["3.dat","31.log","31.xoutput"],"id":52,"resource":"256","request_start":1576534510973,"request_end":1576534532482,"request_duration":21509,"type":"256"}
{"start":1576534511747,"end":1576534532497,"duration":20750,"downloading_duration":1780,"execution_duration":18281,"uploading_duration":689,"executable":"ellipsoids-openmp","args":["3.dat","37.log","37.xoutput"],"id":58,"resource":"256","request_start":1576534510987,"request_end":1576534532515,"request_duration":21528,"type":"256"}
{"start":1576534511546,"end":1576534532539,"duration":20993,"downloading_duration":1980,"execution_duration":18361,"uploading_duration":652,"executable":"ellipsoids-openmp","args":["1.dat","19.log","19.xoutput"],"id":30,"resource":"256","request_start":1576534510831,"request_end":1576534532558,"request_duration":21727,"type":"256"}
{"start":1576534511536,"end":1576534532584,"duration":21048,"downloading_duration":1960,"execution_duration":18402,"uploading_duration":686,"executable":"ellipsoids-openmp","args":["1.dat","111.log","111.xoutput"],"id":32,"resource":"256","request_start":1576534510833,"request_end":1576534532606,"request_duration":21773,"type":"256"}
{"start":1576534511658,"end":1576534532645,"duration":20987,"downloading_duration":2040,"execution_duration":18301,"uploading_duration":646,"executable":"ellipsoids-openmp","args":["3.dat","313.log","313.xoutput"],"id":64,"resource":"256","request_start":1576534510994,"request_end":1576534532666,"request_duration":21672,"type":"256"}
{"start":1576534511655,"end":1576534532653,"duration":20998,"downloading_duration":2060,"execution_duration":18221,"uploading_duration":717,"executable":"ellipsoids-openmp","args":["3.dat","310.log","310.xoutput"],"id":61,"resource":"256","request_start":1576534510991,"request_end":1576534532675,"request_duration":21684,"type":"256"}
{"start":1576534511512,"end":1576534532697,"duration":21185,"downloading_duration":2060,"execution_duration":18442,"uploading_duration":683,"executable":"ellipsoids-openmp","args":["1.dat","16.log","16.xoutput"],"id":27,"resource":"256","request_start":1576534510826,"request_end":1576534532718,"request_duration":21892,"type":"256"}
{"start":1576534511668,"end":1576534532720,"duration":21052,"downloading_duration":1901,"execution_duration":18460,"uploading_duration":691,"executable":"ellipsoids-openmp","args":["3.dat","314.log","314.xoutput"],"id":65,"resource":"256","request_start":1576534510995,"request_end":1576534532739,"request_duration":21744,"type":"256"}
{"start":1576534511524,"end":1576534532820,"duration":21296,"downloading_duration":2039,"execution_duration":18521,"uploading_duration":736,"executable":"ellipsoids-openmp","args":["1.dat","18.log","18.xoutput"],"id":29,"resource":"256","request_start":1576534510829,"request_end":1576534532839,"request_duration":22010,"type":"256"}
{"start":1576534511682,"end":1576534532947,"duration":21265,"downloading_duration":2001,"execution_duration":18580,"uploading_duration":684,"executable":"ellipsoids-openmp","args":["3.dat","312.log","312.xoutput"],"id":63,"resource":"256","request_start":1576534510993,"request_end":1576534532966,"request_duration":21973,"type":"256"}
{"start":1576534511824,"end":1576534532986,"duration":21162,"downloading_duration":1800,"execution_duration":18702,"uploading_duration":660,"executable":"ellipsoids-openmp","args":["2.dat","22.log","22.xoutput"],"id":38,"resource":"256","request_start":1576534511047,"request_end":1576534533004,"request_duration":21957,"type":"256"}
{"start":1576534511663,"end":1576534533060,"duration":21397,"downloading_duration":2180,"execution_duration":18501,"uploading_duration":716,"executable":"ellipsoids-openmp","args":["2.dat","20.log","20.xoutput"],"id":36,"resource":"256","request_start":1576534511045,"request_end":1576534533079,"request_duration":22034,"type":"256"}
{"start":1576534511628,"end":1576534533061,"duration":21433,"downloading_duration":2247,"execution_duration":18541,"uploading_duration":645,"executable":"ellipsoids-openmp","args":["3.dat","35.log","35.xoutput"],"id":56,"resource":"256","request_start":1576534510985,"request_end":1576534533081,"request_duration":22096,"type":"256"}
{"start":1576534511695,"end":1576534533105,"duration":21410,"downloading_duration":1880,"execution_duration":18843,"uploading_duration":687,"executable":"ellipsoids-openmp","args":["2.dat","21.log","21.xoutput"],"id":37,"resource":"256","request_start":1576534511046,"request_end":1576534533125,"request_duration":22079,"type":"256"}
{"start":1576534511613,"end":1576534533139,"duration":21526,"downloading_duration":1961,"execution_duration":18801,"uploading_duration":764,"executable":"ellipsoids-openmp","args":["3.dat","34.log","34.xoutput"],"id":55,"resource":"256","request_start":1576534510980,"request_end":1576534533160,"request_duration":22180,"type":"256"}
{"start":1576534511651,"end":1576534533369,"duration":21718,"downloading_duration":2060,"execution_duration":18981,"uploading_duration":677,"executable":"ellipsoids-openmp","args":["3.dat","36.log","36.xoutput"],"id":57,"resource":"256","request_start":1576534510986,"request_end":1576534533389,"request_duration":22403,"type":"256"}
{"start":1576534531651,"end":1576534533603,"duration":1952,"downloading_duration":1519,"execution_duration":22,"uploading_duration":411,"executable":"mean-pack-ell","args":["00.xoutput","01.xoutput","02.xoutput","03.xoutput","04.xoutput","05.xoutput","06.xoutput","07.xoutput","08.xoutput","09.xoutput","010.xoutput","011.xoutput","012.xoutput","013.xoutput","014.xoutput","average_0.txt"],"id":66,"resource":"256","request_start":1576534531545,"request_end":1576534533623,"request_duration":2078,"type":"256"}
{"start":1576534511690,"end":1576534533774,"duration":22084,"downloading_duration":1981,"execution_duration":19380,"uploading_duration":723,"executable":"ellipsoids-openmp","args":["2.dat","24.log","24.xoutput"],"id":40,"resource":"256","request_start":1576534511049,"request_end":1576534533801,"request_duration":22752,"type":"256"}
{"start":1576534532952,"end":1576534534898,"duration":1946,"downloading_duration":1330,"execution_duration":162,"uploading_duration":454,"executable":"mean-pack-ell","args":["10.xoutput","11.xoutput","12.xoutput","13.xoutput","14.xoutput","15.xoutput","16.xoutput","17.xoutput","18.xoutput","19.xoutput","110.xoutput","111.xoutput","112.xoutput","113.xoutput","114.xoutput","average_1.txt"],"id":67,"resource":"256","request_start":1576534532842,"request_end":1576534534914,"request_duration":2072,"type":"256"}
{"start":1576534533519,"end":1576534535368,"duration":1849,"downloading_duration":1432,"execution_duration":3,"uploading_duration":414,"executable":"mean-pack-ell","args":["30.xoutput","31.xoutput","32.xoutput","33.xoutput","34.xoutput","35.xoutput","36.xoutput","37.xoutput","38.xoutput","39.xoutput","310.xoutput","311.xoutput","312.xoutput","313.xoutput","314.xoutput","average_3.txt"],"id":69,"resource":"256","request_start":1576534533404,"request_end":1576534535386,"request_duration":1982,"type":"256"}
{"start":1576534526886,"end":1576534542871,"duration":15985,"downloading_duration":1104,"execution_duration":14141,"uploading_duration":740,"executable":"ellipsoids-openmp","args":["2.dat","25.log","25.xoutput"],"id":41,"resource":"256","request_start":1576534511050,"request_end":1576534542892,"request_duration":31842,"type":"256"}
{"start":1576534527069,"end":1576534543964,"duration":16895,"downloading_duration":1337,"execution_duration":14901,"uploading_duration":657,"executable":"ellipsoids-openmp","args":["2.dat","26.log","26.xoutput"],"id":42,"resource":"256","request_start":1576534511050,"request_end":1576534544067,"request_duration":33017,"type":"256"}
{"start":1576534529557,"end":1576534546526,"duration":16969,"downloading_duration":1239,"execution_duration":15101,"uploading_duration":629,"executable":"ellipsoids-openmp","args":["2.dat","27.log","27.xoutput"],"id":43,"resource":"256","request_start":1576534511051,"request_end":1576534546547,"request_duration":35496,"type":"256"}
{"start":1576534530344,"end":1576534550298,"duration":19954,"downloading_duration":1084,"execution_duration":18201,"uploading_duration":669,"executable":"ellipsoids-openmp","args":["2.dat","29.log","29.xoutput"],"id":45,"resource":"256","request_start":1576534511052,"request_end":1576534550319,"request_duration":39267,"type":"256"}
{"start":1576534530701,"end":1576534550640,"duration":19939,"downloading_duration":1392,"execution_duration":17760,"uploading_duration":787,"executable":"ellipsoids-openmp","args":["2.dat","211.log","211.xoutput"],"id":47,"resource":"256","request_start":1576534511053,"request_end":1576534550646,"request_duration":39593,"type":"256"}
{"start":1576534530770,"end":1576534550743,"duration":19973,"downloading_duration":1232,"execution_duration":18061,"uploading_duration":680,"executable":"ellipsoids-openmp","args":["2.dat","213.log","213.xoutput"],"id":49,"resource":"256","request_start":1576534511054,"request_end":1576534550762,"request_duration":39708,"type":"256"}
{"start":1576534530498,"end":1576534550956,"duration":20458,"downloading_duration":1165,"execution_duration":18642,"uploading_duration":651,"executable":"ellipsoids-openmp","args":["2.dat","210.log","210.xoutput"],"id":46,"resource":"256","request_start":1576534511052,"request_end":1576534550977,"request_duration":39925,"type":"256"}
{"start":1576534530106,"end":1576534551041,"duration":20935,"downloading_duration":1144,"execution_duration":19060,"uploading_duration":731,"executable":"ellipsoids-openmp","args":["2.dat","28.log","28.xoutput"],"id":44,"resource":"256","request_start":1576534511051,"request_end":1576534551059,"request_duration":40008,"type":"256"}
{"start":1576534530736,"end":1576534551326,"duration":20590,"downloading_duration":1313,"execution_duration":18562,"uploading_duration":715,"executable":"ellipsoids-openmp","args":["2.dat","212.log","212.xoutput"],"id":48,"resource":"256","request_start":1576534511053,"request_end":1576534551347,"request_duration":40294,"type":"256"}
{"start":1576534530766,"end":1576534551534,"duration":20768,"downloading_duration":1150,"execution_duration":18941,"uploading_duration":677,"executable":"ellipsoids-openmp","args":["2.dat","214.log","214.xoutput"],"id":50,"resource":"256","request_start":1576534511054,"request_end":1576534551553,"request_duration":40499,"type":"256"}
{"start":1576534551678,"end":1576534553480,"duration":1802,"downloading_duration":1380,"execution_duration":21,"uploading_duration":401,"executable":"mean-pack-ell","args":["20.xoutput","21.xoutput","22.xoutput","23.xoutput","24.xoutput","25.xoutput","26.xoutput","27.xoutput","28.xoutput","29.xoutput","210.xoutput","211.xoutput","212.xoutput","213.xoutput","214.xoutput","average_2.txt"],"id":68,"resource":"256","request_start":1576534551555,"request_end":1576534553499,"request_duration":1944,"type":"256"}
{"start":1576534553641,"end":1576534555056,"duration":1415,"downloading_duration":476,"execution_duration":501,"uploading_duration":438,"executable":"summary.js","args":[],"id":70,"resource":"256","request_start":1576534553501,"request_end":1576534555079,"request_duration":1578,"type":"256"}
