{"start":1576526348141,"end":1576526348965,"duration":824,"downloading_duration":378,"execution_duration":63,"uploading_duration":383,"executable":"generateData.js","args":[],"id":1,"resource":"3008","request_start":1576526347920,"request_end":1576526348935,"request_duration":1015,"type":"3008"}
{"start":1576526349128,"end":1576526349949,"duration":821,"downloading_duration":380,"execution_duration":61,"uploading_duration":380,"executable":"createDat.js","args":["0.dat"],"id":2,"resource":"3008","request_start":1576526348951,"request_end":1576526349905,"request_duration":954,"type":"3008"}
{"start":1576526349161,"end":1576526349989,"duration":828,"downloading_duration":375,"execution_duration":71,"uploading_duration":382,"executable":"createDat.js","args":["3.dat"],"id":5,"resource":"3008","request_start":1576526348964,"request_end":1576526349937,"request_duration":973,"type":"3008"}
{"start":1576526349141,"end":1576526350008,"duration":867,"downloading_duration":391,"execution_duration":63,"uploading_duration":413,"executable":"createDat.js","args":["1.dat"],"id":3,"resource":"3008","request_start":1576526348956,"request_end":1576526349964,"request_duration":1008,"type":"3008"}
{"start":1576526349147,"end":1576526350020,"duration":873,"downloading_duration":423,"execution_duration":63,"uploading_duration":387,"executable":"createDat.js","args":["2.dat"],"id":4,"resource":"3008","request_start":1576526348961,"request_end":1576526349976,"request_duration":1015,"type":"3008"}
{"start":1576526350221,"end":1576526353297,"duration":3076,"downloading_duration":1002,"execution_duration":1495,"uploading_duration":579,"executable":"ellipsoids-openmp","args":["0.dat","02.log","02.xoutput"],"id":8,"resource":"3008","request_start":1576526349914,"request_end":1576526353347,"request_duration":3433,"type":"3008"}
{"start":1576526350155,"end":1576526353298,"duration":3143,"downloading_duration":1071,"execution_duration":1516,"uploading_duration":556,"executable":"ellipsoids-openmp","args":["0.dat","04.log","04.xoutput"],"id":10,"resource":"3008","request_start":1576526349909,"request_end":1576526353351,"request_duration":3442,"type":"3008"}
{"start":1576526350315,"end":1576526353313,"duration":2998,"downloading_duration":992,"execution_duration":1436,"uploading_duration":570,"executable":"ellipsoids-openmp","args":["1.dat","13.log","13.xoutput"],"id":14,"resource":"3008","request_start":1576526349972,"request_end":1576526353355,"request_duration":3383,"type":"3008"}
{"start":1576526350297,"end":1576526353331,"duration":3034,"downloading_duration":1001,"execution_duration":1446,"uploading_duration":587,"executable":"ellipsoids-openmp","args":["3.dat","31.log","31.xoutput"],"id":22,"resource":"3008","request_start":1576526349941,"request_end":1576526353357,"request_duration":3416,"type":"3008"}
{"start":1576526350310,"end":1576526353339,"duration":3029,"downloading_duration":992,"execution_duration":1454,"uploading_duration":583,"executable":"ellipsoids-openmp","args":["1.dat","10.log","10.xoutput"],"id":11,"resource":"3008","request_start":1576526349968,"request_end":1576526353361,"request_duration":3393,"type":"3008"}
{"start":1576526350309,"end":1576526353396,"duration":3087,"downloading_duration":1003,"execution_duration":1486,"uploading_duration":598,"executable":"ellipsoids-openmp","args":["1.dat","11.log","11.xoutput"],"id":12,"resource":"3008","request_start":1576526349969,"request_end":1576526353366,"request_duration":3397,"type":"3008"}
{"start":1576526350219,"end":1576526353401,"duration":3182,"downloading_duration":1033,"execution_duration":1537,"uploading_duration":612,"executable":"ellipsoids-openmp","args":["0.dat","01.log","01.xoutput"],"id":7,"resource":"3008","request_start":1576526349912,"request_end":1576526353373,"request_duration":3461,"type":"3008"}
{"start":1576526350160,"end":1576526353407,"duration":3247,"downloading_duration":1071,"execution_duration":1495,"uploading_duration":681,"executable":"ellipsoids-openmp","args":["0.dat","00.log","00.xoutput"],"id":6,"resource":"3008","request_start":1576526349911,"request_end":1576526353376,"request_duration":3465,"type":"3008"}
{"start":1576526350293,"end":1576526353411,"duration":3118,"downloading_duration":1036,"execution_duration":1489,"uploading_duration":593,"executable":"ellipsoids-openmp","args":["3.dat","32.log","32.xoutput"],"id":23,"resource":"3008","request_start":1576526349942,"request_end":1576526353379,"request_duration":3437,"type":"3008"}
{"start":1576526350309,"end":1576526353421,"duration":3112,"downloading_duration":1097,"execution_duration":1425,"uploading_duration":590,"executable":"ellipsoids-openmp","args":["3.dat","34.log","34.xoutput"],"id":25,"resource":"3008","request_start":1576526349944,"request_end":1576526353385,"request_duration":3441,"type":"3008"}
{"start":1576526350303,"end":1576526353428,"duration":3125,"downloading_duration":998,"execution_duration":1507,"uploading_duration":620,"executable":"ellipsoids-openmp","args":["3.dat","33.log","33.xoutput"],"id":24,"resource":"3008","request_start":1576526349943,"request_end":1576526353388,"request_duration":3445,"type":"3008"}
{"start":1576526350307,"end":1576526353449,"duration":3142,"downloading_duration":1031,"execution_duration":1455,"uploading_duration":656,"executable":"ellipsoids-openmp","args":["1.dat","14.log","14.xoutput"],"id":15,"resource":"3008","request_start":1576526349973,"request_end":1576526353410,"request_duration":3437,"type":"3008"}
{"start":1576526350340,"end":1576526353454,"duration":3114,"downloading_duration":1033,"execution_duration":1499,"uploading_duration":582,"executable":"ellipsoids-openmp","args":["2.dat","22.log","22.xoutput"],"id":18,"resource":"3008","request_start":1576526349981,"request_end":1576526353420,"request_duration":3439,"type":"3008"}
{"start":1576526350297,"end":1576526353479,"duration":3182,"downloading_duration":1091,"execution_duration":1396,"uploading_duration":695,"executable":"ellipsoids-openmp","args":["3.dat","30.log","30.xoutput"],"id":21,"resource":"3008","request_start":1576526349940,"request_end":1576526353441,"request_duration":3501,"type":"3008"}
{"start":1576526350306,"end":1576526353490,"duration":3184,"downloading_duration":1028,"execution_duration":1524,"uploading_duration":632,"executable":"ellipsoids-openmp","args":["0.dat","03.log","03.xoutput"],"id":9,"resource":"3008","request_start":1576526349915,"request_end":1576526353454,"request_duration":3539,"type":"3008"}
{"start":1576526350335,"end":1576526353494,"duration":3159,"downloading_duration":1018,"execution_duration":1546,"uploading_duration":595,"executable":"ellipsoids-openmp","args":["2.dat","23.log","23.xoutput"],"id":19,"resource":"3008","request_start":1576526349983,"request_end":1576526353468,"request_duration":3485,"type":"3008"}
{"start":1576526350319,"end":1576526353524,"duration":3205,"downloading_duration":1043,"execution_duration":1553,"uploading_duration":609,"executable":"ellipsoids-openmp","args":["2.dat","20.log","20.xoutput"],"id":16,"resource":"3008","request_start":1576526349979,"request_end":1576526353491,"request_duration":3512,"type":"3008"}
{"start":1576526350325,"end":1576526353577,"duration":3252,"downloading_duration":1054,"execution_duration":1523,"uploading_duration":675,"executable":"ellipsoids-openmp","args":["2.dat","21.log","21.xoutput"],"id":17,"resource":"3008","request_start":1576526349980,"request_end":1576526353541,"request_duration":3561,"type":"3008"}
{"start":1576526350332,"end":1576526353588,"duration":3256,"downloading_duration":1100,"execution_duration":1535,"uploading_duration":621,"executable":"ellipsoids-openmp","args":["2.dat","24.log","24.xoutput"],"id":20,"resource":"3008","request_start":1576526349984,"request_end":1576526353547,"request_duration":3563,"type":"3008"}
{"start":1576526350304,"end":1576526353738,"duration":3434,"downloading_duration":997,"execution_duration":1467,"uploading_duration":970,"executable":"ellipsoids-openmp","args":["1.dat","12.log","12.xoutput"],"id":13,"resource":"3008","request_start":1576526349970,"request_end":1576526353701,"request_duration":3731,"type":"3008"}
{"start":1576526353639,"end":1576526355041,"duration":1402,"downloading_duration":1021,"execution_duration":3,"uploading_duration":378,"executable":"mean-pack-ell","args":["00.xoutput","01.xoutput","02.xoutput","03.xoutput","04.xoutput","average_0.txt"],"id":26,"resource":"3008","request_start":1576526353464,"request_end":1576526355000,"request_duration":1536,"type":"3008"}
{"start":1576526353619,"end":1576526355041,"duration":1422,"downloading_duration":1033,"execution_duration":2,"uploading_duration":387,"executable":"mean-pack-ell","args":["30.xoutput","31.xoutput","32.xoutput","33.xoutput","34.xoutput","average_3.txt"],"id":29,"resource":"3008","request_start":1576526353449,"request_end":1576526355003,"request_duration":1554,"type":"3008"}
{"start":1576526353728,"end":1576526355132,"duration":1404,"downloading_duration":953,"execution_duration":3,"uploading_duration":448,"executable":"mean-pack-ell","args":["20.xoutput","21.xoutput","22.xoutput","23.xoutput","24.xoutput","average_2.txt"],"id":28,"resource":"3008","request_start":1576526353557,"request_end":1576526355091,"request_duration":1534,"type":"3008"}
{"start":1576526353868,"end":1576526355272,"duration":1404,"downloading_duration":996,"execution_duration":4,"uploading_duration":404,"executable":"mean-pack-ell","args":["10.xoutput","11.xoutput","12.xoutput","13.xoutput","14.xoutput","average_1.txt"],"id":27,"resource":"3008","request_start":1576526353707,"request_end":1576526355327,"request_duration":1620,"type":"3008"}
{"start":1576526355496,"end":1576526356368,"duration":872,"downloading_duration":392,"execution_duration":62,"uploading_duration":418,"executable":"summary.js","args":[],"id":30,"resource":"3008","request_start":1576526355335,"request_end":1576526356327,"request_duration":992,"type":"3008"}
