{"start":1576525128080,"end":1576525129054,"duration":974,"downloading_duration":521,"execution_duration":72,"uploading_duration":381,"executable":"generateData.js","args":[],"id":1,"resource":"2560","request_start":1576525127319,"request_end":1576525129004,"request_duration":1685,"type":"2560"}
{"start":1576525129194,"end":1576525130078,"duration":884,"downloading_duration":383,"execution_duration":63,"uploading_duration":438,"executable":"createDat.js","args":["0.dat"],"id":2,"resource":"2560","request_start":1576525129007,"request_end":1576525130019,"request_duration":1012,"type":"2560"}
{"start":1576525129635,"end":1576525130604,"duration":969,"downloading_duration":499,"execution_duration":72,"uploading_duration":398,"executable":"createDat.js","args":["1.dat"],"id":3,"resource":"2560","request_start":1576525129008,"request_end":1576525130547,"request_duration":1539,"type":"2560"}
{"start":1576525129647,"end":1576525130630,"duration":983,"downloading_duration":516,"execution_duration":70,"uploading_duration":397,"executable":"createDat.js","args":["3.dat"],"id":5,"resource":"2560","request_start":1576525129011,"request_end":1576525130574,"request_duration":1563,"type":"2560"}
{"start":1576525129660,"end":1576525130889,"duration":1229,"downloading_duration":668,"execution_duration":72,"uploading_duration":489,"executable":"createDat.js","args":["2.dat"],"id":4,"resource":"2560","request_start":1576525129010,"request_end":1576525130830,"request_duration":1820,"type":"2560"}
{"start":1576525130209,"end":1576525133829,"duration":3620,"downloading_duration":1071,"execution_duration":1921,"uploading_duration":628,"executable":"ellipsoids-openmp","args":["0.dat","00.log","00.xoutput"],"id":6,"resource":"2560","request_start":1576525130023,"request_end":1576525133771,"request_duration":3748,"type":"2560"}
{"start":1576525130760,"end":1576525134208,"duration":3448,"downloading_duration":998,"execution_duration":1869,"uploading_duration":581,"executable":"ellipsoids-openmp","args":["3.dat","30.log","30.xoutput"],"id":9,"resource":"2560","request_start":1576525130576,"request_end":1576525134269,"request_duration":3693,"type":"2560"}
{"start":1576525130737,"end":1576525134214,"duration":3477,"downloading_duration":987,"execution_duration":1841,"uploading_duration":649,"executable":"ellipsoids-openmp","args":["1.dat","10.log","10.xoutput"],"id":7,"resource":"2560","request_start":1576525130551,"request_end":1576525134272,"request_duration":3721,"type":"2560"}
{"start":1576525131033,"end":1576525134572,"duration":3539,"downloading_duration":1073,"execution_duration":1782,"uploading_duration":684,"executable":"ellipsoids-openmp","args":["2.dat","20.log","20.xoutput"],"id":8,"resource":"2560","request_start":1576525130841,"request_end":1576525134515,"request_duration":3674,"type":"2560"}
{"start":1576525133966,"end":1576525135362,"duration":1396,"downloading_duration":1015,"execution_duration":2,"uploading_duration":379,"executable":"mean-pack-ell","args":["00.xoutput","average_0.txt"],"id":10,"resource":"2560","request_start":1576525133776,"request_end":1576525135308,"request_duration":1532,"type":"2560"}
{"start":1576525134508,"end":1576525135892,"duration":1384,"downloading_duration":988,"execution_duration":2,"uploading_duration":394,"executable":"mean-pack-ell","args":["10.xoutput","average_1.txt"],"id":11,"resource":"2560","request_start":1576525134286,"request_end":1576525135834,"request_duration":1548,"type":"2560"}
{"start":1576525134510,"end":1576525135913,"duration":1403,"downloading_duration":993,"execution_duration":3,"uploading_duration":407,"executable":"mean-pack-ell","args":["30.xoutput","average_3.txt"],"id":13,"resource":"2560","request_start":1576525134280,"request_end":1576525135856,"request_duration":1576,"type":"2560"}
{"start":1576525134711,"end":1576525136161,"duration":1450,"downloading_duration":1048,"execution_duration":3,"uploading_duration":399,"executable":"mean-pack-ell","args":["20.xoutput","average_2.txt"],"id":12,"resource":"2560","request_start":1576525134522,"request_end":1576525136106,"request_duration":1584,"type":"2560"}
{"start":1576525136310,"end":1576525137167,"duration":857,"downloading_duration":415,"execution_duration":65,"uploading_duration":377,"executable":"summary.js","args":[],"id":14,"resource":"2560","request_start":1576525136116,"request_end":1576525137105,"request_duration":989,"type":"2560"}
