{"start":1576525156045,"end":1576525156901,"duration":856,"downloading_duration":381,"execution_duration":62,"uploading_duration":413,"executable":"generateData.js","args":[],"id":1,"resource":"2560","request_start":1576525155743,"request_end":1576525156844,"request_duration":1101,"type":"2560"}
{"start":1576525157089,"end":1576525157928,"duration":839,"downloading_duration":378,"execution_duration":61,"uploading_duration":400,"executable":"createDat.js","args":["3.dat"],"id":5,"resource":"2560","request_start":1576525156851,"request_end":1576525157871,"request_duration":1020,"type":"2560"}
{"start":1576525157083,"end":1576525157945,"duration":862,"downloading_duration":386,"execution_duration":61,"uploading_duration":415,"executable":"createDat.js","args":["0.dat"],"id":2,"resource":"2560","request_start":1576525156847,"request_end":1576525157882,"request_duration":1035,"type":"2560"}
{"start":1576525157097,"end":1576525157951,"duration":854,"downloading_duration":384,"execution_duration":61,"uploading_duration":409,"executable":"createDat.js","args":["2.dat"],"id":4,"resource":"2560","request_start":1576525156850,"request_end":1576525157888,"request_duration":1038,"type":"2560"}
{"start":1576525157100,"end":1576525158345,"duration":1245,"downloading_duration":787,"execution_duration":62,"uploading_duration":396,"executable":"createDat.js","args":["1.dat"],"id":3,"resource":"2560","request_start":1576525156849,"request_end":1576525158287,"request_duration":1438,"type":"2560"}
{"start":1576525158095,"end":1576525161463,"duration":3368,"downloading_duration":1011,"execution_duration":1792,"uploading_duration":565,"executable":"ellipsoids-openmp","args":["2.dat","20.log","20.xoutput"],"id":8,"resource":"2560","request_start":1576525157889,"request_end":1576525161406,"request_duration":3517,"type":"2560"}
{"start":1576525158088,"end":1576525161483,"duration":3395,"downloading_duration":1091,"execution_duration":1691,"uploading_duration":613,"executable":"ellipsoids-openmp","args":["3.dat","30.log","30.xoutput"],"id":9,"resource":"2560","request_start":1576525157879,"request_end":1576525161421,"request_duration":3542,"type":"2560"}
{"start":1576525158079,"end":1576525161484,"duration":3405,"downloading_duration":1027,"execution_duration":1820,"uploading_duration":558,"executable":"ellipsoids-openmp","args":["0.dat","00.log","00.xoutput"],"id":6,"resource":"2560","request_start":1576525157883,"request_end":1576525161424,"request_duration":3541,"type":"2560"}
{"start":1576525158486,"end":1576525161790,"duration":3304,"downloading_duration":1001,"execution_duration":1731,"uploading_duration":572,"executable":"ellipsoids-openmp","args":["1.dat","10.log","10.xoutput"],"id":7,"resource":"2560","request_start":1576525158301,"request_end":1576525161735,"request_duration":3434,"type":"2560"}
{"start":1576525161595,"end":1576525162975,"duration":1380,"downloading_duration":995,"execution_duration":4,"uploading_duration":381,"executable":"mean-pack-ell","args":["20.xoutput","average_2.txt"],"id":12,"resource":"2560","request_start":1576525161411,"request_end":1576525162915,"request_duration":1504,"type":"2560"}
{"start":1576525161621,"end":1576525163009,"duration":1388,"downloading_duration":1000,"execution_duration":3,"uploading_duration":385,"executable":"mean-pack-ell","args":["30.xoutput","average_3.txt"],"id":13,"resource":"2560","request_start":1576525161423,"request_end":1576525162950,"request_duration":1527,"type":"2560"}
{"start":1576525161632,"end":1576525163038,"duration":1406,"downloading_duration":1025,"execution_duration":4,"uploading_duration":377,"executable":"mean-pack-ell","args":["00.xoutput","average_0.txt"],"id":10,"resource":"2560","request_start":1576525161426,"request_end":1576525162977,"request_duration":1551,"type":"2560"}
{"start":1576525161944,"end":1576525163331,"duration":1387,"downloading_duration":981,"execution_duration":3,"uploading_duration":403,"executable":"mean-pack-ell","args":["10.xoutput","average_1.txt"],"id":11,"resource":"2560","request_start":1576525161741,"request_end":1576525163276,"request_duration":1535,"type":"2560"}
{"start":1576525163474,"end":1576525164384,"duration":910,"downloading_duration":462,"execution_duration":63,"uploading_duration":385,"executable":"summary.js","args":[],"id":14,"resource":"2560","request_start":1576525163284,"request_end":1576525164325,"request_duration":1041,"type":"2560"}
