{"start":1576622506105,"end":1576622508091,"duration":1986,"downloading_duration":506,"execution_duration":1022,"uploading_duration":458,"executable":"generateData.js","args":[],"id":1,"resource":"128","request_start":1576622505934,"request_end":1576622508127,"request_duration":2193,"type":"128"}
{"start":1576622508272,"end":1576622510207,"duration":1935,"downloading_duration":460,"execution_duration":1020,"uploading_duration":455,"executable":"createDat.js","args":["1.dat"],"id":3,"resource":"128","request_start":1576622508147,"request_end":1576622510230,"request_duration":2083,"type":"128"}
{"start":1576622508278,"end":1576622510221,"duration":1943,"downloading_duration":453,"execution_duration":1041,"uploading_duration":449,"executable":"createDat.js","args":["2.dat"],"id":4,"resource":"128","request_start":1576622508150,"request_end":1576622510267,"request_duration":2117,"type":"128"}
{"start":1576622508276,"end":1576622510272,"duration":1996,"downloading_duration":442,"execution_duration":1081,"uploading_duration":473,"executable":"createDat.js","args":["0.dat"],"id":2,"resource":"128","request_start":1576622508141,"request_end":1576622510364,"request_duration":2223,"type":"128"}
{"start":1576622508281,"end":1576622510299,"duration":2018,"downloading_duration":471,"execution_duration":1102,"uploading_duration":445,"executable":"createDat.js","args":["3.dat"],"id":5,"resource":"128","request_start":1576622508153,"request_end":1576622510365,"request_duration":2212,"type":"128"}
{"start":1576622510718,"end":1576622542444,"duration":31726,"downloading_duration":1407,"execution_duration":29680,"uploading_duration":639,"executable":"ellipsoids-openmp","args":["1.dat","133.log","133.xoutput"],"id":84,"resource":"128","request_start":1576622510310,"request_end":1576622542470,"request_duration":32160,"type":"128"}
{"start":1576622510719,"end":1576622542751,"duration":32032,"downloading_duration":1505,"execution_duration":29861,"uploading_duration":666,"executable":"ellipsoids-openmp","args":["1.dat","137.log","137.xoutput"],"id":88,"resource":"128","request_start":1576622510318,"request_end":1576622542775,"request_duration":32457,"type":"128"}
{"start":1576622510719,"end":1576622542763,"duration":32044,"downloading_duration":1533,"execution_duration":29801,"uploading_duration":710,"executable":"ellipsoids-openmp","args":["1.dat","139.log","139.xoutput"],"id":90,"resource":"128","request_start":1576622510319,"request_end":1576622542792,"request_duration":32473,"type":"128"}
{"start":1576622510714,"end":1576622543154,"duration":32440,"downloading_duration":1569,"execution_duration":30120,"uploading_duration":751,"executable":"ellipsoids-openmp","args":["1.dat","131.log","131.xoutput"],"id":82,"resource":"128","request_start":1576622510308,"request_end":1576622543264,"request_duration":32956,"type":"128"}
{"start":1576622510716,"end":1576622543850,"duration":33134,"downloading_duration":1601,"execution_duration":30880,"uploading_duration":653,"executable":"ellipsoids-openmp","args":["1.dat","126.log","126.xoutput"],"id":77,"resource":"128","request_start":1576622510303,"request_end":1576622543873,"request_duration":33570,"type":"128"}
{"start":1576622510720,"end":1576622547209,"duration":36489,"downloading_duration":1411,"execution_duration":34360,"uploading_duration":718,"executable":"ellipsoids-openmp","args":["1.dat","136.log","136.xoutput"],"id":87,"resource":"128","request_start":1576622510317,"request_end":1576622547235,"request_duration":36918,"type":"128"}
{"start":1576622510749,"end":1576622547649,"duration":36900,"downloading_duration":1394,"execution_duration":34901,"uploading_duration":605,"executable":"ellipsoids-openmp","args":["1.dat","138.log","138.xoutput"],"id":89,"resource":"128","request_start":1576622510319,"request_end":1576622547672,"request_duration":37353,"type":"128"}
{"start":1576622510591,"end":1576622547807,"duration":37216,"downloading_duration":1402,"execution_duration":35100,"uploading_duration":714,"executable":"ellipsoids-openmp","args":["1.dat","11.log","11.xoutput"],"id":52,"resource":"128","request_start":1576622510274,"request_end":1576622547831,"request_duration":37557,"type":"128"}
{"start":1576622510744,"end":1576622547987,"duration":37243,"downloading_duration":1363,"execution_duration":35200,"uploading_duration":680,"executable":"ellipsoids-openmp","args":["1.dat","140.log","140.xoutput"],"id":91,"resource":"128","request_start":1576622510320,"request_end":1576622548010,"request_duration":37690,"type":"128"}
{"start":1576622510693,"end":1576622547989,"duration":37296,"downloading_duration":1496,"execution_duration":35041,"uploading_duration":759,"executable":"ellipsoids-openmp","args":["1.dat","129.log","129.xoutput"],"id":80,"resource":"128","request_start":1576622510305,"request_end":1576622548013,"request_duration":37708,"type":"128"}
{"start":1576622510691,"end":1576622548018,"duration":37327,"downloading_duration":1539,"execution_duration":35121,"uploading_duration":667,"executable":"ellipsoids-openmp","args":["1.dat","116.log","116.xoutput"],"id":67,"resource":"128","request_start":1576622510293,"request_end":1576622548043,"request_duration":37750,"type":"128"}
{"start":1576622510596,"end":1576622548040,"duration":37444,"downloading_duration":1537,"execution_duration":35260,"uploading_duration":647,"executable":"ellipsoids-openmp","args":["1.dat","19.log","19.xoutput"],"id":60,"resource":"128","request_start":1576622510286,"request_end":1576622548064,"request_duration":37778,"type":"128"}
{"start":1576622510754,"end":1576622548037,"duration":37283,"downloading_duration":1453,"execution_duration":35081,"uploading_duration":749,"executable":"ellipsoids-openmp","args":["1.dat","142.log","142.xoutput"],"id":93,"resource":"128","request_start":1576622510322,"request_end":1576622548090,"request_duration":37768,"type":"128"}
{"start":1576622510746,"end":1576622548223,"duration":37477,"downloading_duration":1440,"execution_duration":35340,"uploading_duration":697,"executable":"ellipsoids-openmp","args":["1.dat","134.log","134.xoutput"],"id":85,"resource":"128","request_start":1576622510311,"request_end":1576622548250,"request_duration":37939,"type":"128"}
{"start":1576622510594,"end":1576622548232,"duration":37638,"downloading_duration":1539,"execution_duration":35420,"uploading_duration":679,"executable":"ellipsoids-openmp","args":["1.dat","111.log","111.xoutput"],"id":62,"resource":"128","request_start":1576622510288,"request_end":1576622548255,"request_duration":37967,"type":"128"}
{"start":1576622510961,"end":1576622548234,"duration":37273,"downloading_duration":1569,"execution_duration":34980,"uploading_duration":724,"executable":"ellipsoids-openmp","args":["1.dat","118.log","118.xoutput"],"id":69,"resource":"128","request_start":1576622510295,"request_end":1576622548291,"request_duration":37996,"type":"128"}
{"start":1576622510594,"end":1576622548295,"duration":37701,"downloading_duration":1500,"execution_duration":35501,"uploading_duration":700,"executable":"ellipsoids-openmp","args":["1.dat","113.log","113.xoutput"],"id":64,"resource":"128","request_start":1576622510290,"request_end":1576622548320,"request_duration":38030,"type":"128"}
{"start":1576622510690,"end":1576622548302,"duration":37612,"downloading_duration":1614,"execution_duration":35261,"uploading_duration":737,"executable":"ellipsoids-openmp","args":["1.dat","119.log","119.xoutput"],"id":70,"resource":"128","request_start":1576622510296,"request_end":1576622548326,"request_duration":38030,"type":"128"}
{"start":1576622510712,"end":1576622548329,"duration":37617,"downloading_duration":1625,"execution_duration":35240,"uploading_duration":752,"executable":"ellipsoids-openmp","args":["1.dat","128.log","128.xoutput"],"id":79,"resource":"128","request_start":1576622510304,"request_end":1576622548352,"request_duration":38048,"type":"128"}
{"start":1576622510596,"end":1576622548358,"duration":37762,"downloading_duration":1533,"execution_duration":35581,"uploading_duration":648,"executable":"ellipsoids-openmp","args":["1.dat","110.log","110.xoutput"],"id":61,"resource":"128","request_start":1576622510287,"request_end":1576622548380,"request_duration":38093,"type":"128"}
{"start":1576622510596,"end":1576622548466,"duration":37870,"downloading_duration":1460,"execution_duration":35720,"uploading_duration":690,"executable":"ellipsoids-openmp","args":["1.dat","12.log","12.xoutput"],"id":53,"resource":"128","request_start":1576622510276,"request_end":1576622548488,"request_duration":38212,"type":"128"}
{"start":1576622510724,"end":1576622548468,"duration":37744,"downloading_duration":1822,"execution_duration":35261,"uploading_duration":661,"executable":"ellipsoids-openmp","args":["1.dat","135.log","135.xoutput"],"id":86,"resource":"128","request_start":1576622510316,"request_end":1576622548493,"request_duration":38177,"type":"128"}
{"start":1576622510691,"end":1576622548525,"duration":37834,"downloading_duration":1550,"execution_duration":35320,"uploading_duration":964,"executable":"ellipsoids-openmp","args":["1.dat","122.log","122.xoutput"],"id":73,"resource":"128","request_start":1576622510299,"request_end":1576622548547,"request_duration":38248,"type":"128"}
{"start":1576622510757,"end":1576622548526,"duration":37769,"downloading_duration":1539,"execution_duration":35561,"uploading_duration":669,"executable":"ellipsoids-openmp","args":["1.dat","144.log","144.xoutput"],"id":95,"resource":"128","request_start":1576622510324,"request_end":1576622548548,"request_duration":38224,"type":"128"}
{"start":1576622510597,"end":1576622548681,"duration":38084,"downloading_duration":1586,"execution_duration":35780,"uploading_duration":718,"executable":"ellipsoids-openmp","args":["1.dat","112.log","112.xoutput"],"id":63,"resource":"128","request_start":1576622510289,"request_end":1576622548701,"request_duration":38412,"type":"128"}
{"start":1576622510748,"end":1576622548692,"duration":37944,"downloading_duration":1437,"execution_duration":35820,"uploading_duration":687,"executable":"ellipsoids-openmp","args":["1.dat","143.log","143.xoutput"],"id":94,"resource":"128","request_start":1576622510323,"request_end":1576622548713,"request_duration":38390,"type":"128"}
{"start":1576622510749,"end":1576622548738,"duration":37989,"downloading_duration":1404,"execution_duration":35880,"uploading_duration":705,"executable":"ellipsoids-openmp","args":["1.dat","141.log","141.xoutput"],"id":92,"resource":"128","request_start":1576622510321,"request_end":1576622548759,"request_duration":38438,"type":"128"}
{"start":1576622510690,"end":1576622548750,"duration":38060,"downloading_duration":1557,"execution_duration":35840,"uploading_duration":663,"executable":"ellipsoids-openmp","args":["1.dat","120.log","120.xoutput"],"id":71,"resource":"128","request_start":1576622510297,"request_end":1576622548774,"request_duration":38477,"type":"128"}
{"start":1576622510591,"end":1576622548774,"duration":38183,"downloading_duration":1480,"execution_duration":36001,"uploading_duration":702,"executable":"ellipsoids-openmp","args":["1.dat","114.log","114.xoutput"],"id":65,"resource":"128","request_start":1576622510291,"request_end":1576622548799,"request_duration":38508,"type":"128"}
{"start":1576622510592,"end":1576622548799,"duration":38207,"downloading_duration":1403,"execution_duration":36180,"uploading_duration":624,"executable":"ellipsoids-openmp","args":["1.dat","14.log","14.xoutput"],"id":55,"resource":"128","request_start":1576622510279,"request_end":1576622548821,"request_duration":38542,"type":"128"}
{"start":1576622510720,"end":1576622548833,"duration":38113,"downloading_duration":1416,"execution_duration":36040,"uploading_duration":657,"executable":"ellipsoids-openmp","args":["1.dat","125.log","125.xoutput"],"id":76,"resource":"128","request_start":1576622510302,"request_end":1576622548859,"request_duration":38557,"type":"128"}
{"start":1576622510963,"end":1576622548947,"duration":37984,"downloading_duration":1479,"execution_duration":35821,"uploading_duration":684,"executable":"ellipsoids-openmp","args":["1.dat","123.log","123.xoutput"],"id":74,"resource":"128","request_start":1576622510300,"request_end":1576622548969,"request_duration":38669,"type":"128"}
{"start":1576622510597,"end":1576622548966,"duration":38369,"downloading_duration":1552,"execution_duration":36080,"uploading_duration":737,"executable":"ellipsoids-openmp","args":["1.dat","17.log","17.xoutput"],"id":58,"resource":"128","request_start":1576622510283,"request_end":1576622548989,"request_duration":38706,"type":"128"}
{"start":1576622510592,"end":1576622549067,"duration":38475,"downloading_duration":1575,"execution_duration":35880,"uploading_duration":1020,"executable":"ellipsoids-openmp","args":["1.dat","18.log","18.xoutput"],"id":59,"resource":"128","request_start":1576622510284,"request_end":1576622549112,"request_duration":38828,"type":"128"}
{"start":1576622511113,"end":1576622549074,"duration":37961,"downloading_duration":1605,"execution_duration":35680,"uploading_duration":676,"executable":"ellipsoids-openmp","args":["1.dat","127.log","127.xoutput"],"id":78,"resource":"128","request_start":1576622510303,"request_end":1576622549115,"request_duration":38812,"type":"128"}
{"start":1576622511115,"end":1576622549084,"duration":37969,"downloading_duration":1450,"execution_duration":35820,"uploading_duration":699,"executable":"ellipsoids-openmp","args":["1.dat","130.log","130.xoutput"],"id":81,"resource":"128","request_start":1576622510307,"request_end":1576622549117,"request_duration":38810,"type":"128"}
{"start":1576622510592,"end":1576622549158,"duration":38566,"downloading_duration":1632,"execution_duration":36241,"uploading_duration":693,"executable":"ellipsoids-openmp","args":["1.dat","13.log","13.xoutput"],"id":54,"resource":"128","request_start":1576622510277,"request_end":1576622549225,"request_duration":38948,"type":"128"}
{"start":1576622510590,"end":1576622549205,"duration":38615,"downloading_duration":1281,"execution_duration":36600,"uploading_duration":734,"executable":"ellipsoids-openmp","args":["1.dat","15.log","15.xoutput"],"id":56,"resource":"128","request_start":1576622510280,"request_end":1576622549233,"request_duration":38953,"type":"128"}
{"start":1576622510690,"end":1576622549291,"duration":38601,"downloading_duration":1488,"execution_duration":36480,"uploading_duration":633,"executable":"ellipsoids-openmp","args":["1.dat","117.log","117.xoutput"],"id":68,"resource":"128","request_start":1576622510294,"request_end":1576622549313,"request_duration":39019,"type":"128"}
{"start":1576622510692,"end":1576622549461,"duration":38769,"downloading_duration":1529,"execution_duration":36500,"uploading_duration":740,"executable":"ellipsoids-openmp","args":["1.dat","115.log","115.xoutput"],"id":66,"resource":"128","request_start":1576622510292,"request_end":1576622549487,"request_duration":39195,"type":"128"}
{"start":1576622511112,"end":1576622549498,"duration":38386,"downloading_duration":1461,"execution_duration":36240,"uploading_duration":685,"executable":"ellipsoids-openmp","args":["1.dat","132.log","132.xoutput"],"id":83,"resource":"128","request_start":1576622510309,"request_end":1576622549521,"request_duration":39212,"type":"128"}
{"start":1576622510683,"end":1576622549645,"duration":38962,"downloading_duration":1564,"execution_duration":36661,"uploading_duration":737,"executable":"ellipsoids-openmp","args":["1.dat","121.log","121.xoutput"],"id":72,"resource":"128","request_start":1576622510298,"request_end":1576622549671,"request_duration":39373,"type":"128"}
{"start":1576622510589,"end":1576622549702,"duration":39113,"downloading_duration":1602,"execution_duration":36880,"uploading_duration":631,"executable":"ellipsoids-openmp","args":["1.dat","16.log","16.xoutput"],"id":57,"resource":"128","request_start":1576622510282,"request_end":1576622549725,"request_duration":39443,"type":"128"}
{"start":1576622510590,"end":1576622549779,"duration":39189,"downloading_duration":1368,"execution_duration":37140,"uploading_duration":681,"executable":"ellipsoids-openmp","args":["1.dat","10.log","10.xoutput"],"id":51,"resource":"128","request_start":1576622510272,"request_end":1576622549802,"request_duration":39530,"type":"128"}
{"start":1576622510714,"end":1576622551614,"duration":40900,"downloading_duration":1617,"execution_duration":37961,"uploading_duration":1322,"executable":"ellipsoids-openmp","args":["1.dat","124.log","124.xoutput"],"id":75,"resource":"128","request_start":1576622510301,"request_end":1576622551639,"request_duration":41338,"type":"128"}
{"start":1576622510754,"end":1576622551705,"duration":40951,"downloading_duration":1690,"execution_duration":38621,"uploading_duration":640,"executable":"ellipsoids-openmp","args":["2.dat","25.log","25.xoutput"],"id":101,"resource":"128","request_start":1576622510397,"request_end":1576622551728,"request_duration":41331,"type":"128"}
{"start":1576622510759,"end":1576622552029,"duration":41270,"downloading_duration":1514,"execution_duration":39020,"uploading_duration":736,"executable":"ellipsoids-openmp","args":["2.dat","28.log","28.xoutput"],"id":104,"resource":"128","request_start":1576622510400,"request_end":1576622552088,"request_duration":41688,"type":"128"}
{"start":1576622510761,"end":1576622552042,"duration":41281,"downloading_duration":1440,"execution_duration":39141,"uploading_duration":700,"executable":"ellipsoids-openmp","args":["2.dat","24.log","24.xoutput"],"id":100,"resource":"128","request_start":1576622510396,"request_end":1576622552092,"request_duration":41696,"type":"128"}
{"start":1576622510757,"end":1576622552225,"duration":41468,"downloading_duration":1382,"execution_duration":39420,"uploading_duration":666,"executable":"ellipsoids-openmp","args":["2.dat","27.log","27.xoutput"],"id":103,"resource":"128","request_start":1576622510399,"request_end":1576622552248,"request_duration":41849,"type":"128"}
{"start":1576622510753,"end":1576622552643,"duration":41890,"downloading_duration":1496,"execution_duration":39720,"uploading_duration":674,"executable":"ellipsoids-openmp","args":["2.dat","26.log","26.xoutput"],"id":102,"resource":"128","request_start":1576622510398,"request_end":1576622552672,"request_duration":42274,"type":"128"}
{"start":1576622542817,"end":1576622575028,"duration":32211,"downloading_duration":1388,"execution_duration":30100,"uploading_duration":723,"executable":"ellipsoids-openmp","args":["2.dat","211.log","211.xoutput"],"id":107,"resource":"128","request_start":1576622510402,"request_end":1576622575051,"request_duration":64649,"type":"128"}
{"start":1576622542810,"end":1576622575167,"duration":32357,"downloading_duration":1303,"execution_duration":30400,"uploading_duration":654,"executable":"ellipsoids-openmp","args":["2.dat","210.log","210.xoutput"],"id":106,"resource":"128","request_start":1576622510402,"request_end":1576622575190,"request_duration":64788,"type":"128"}
{"start":1576622542498,"end":1576622575184,"duration":32686,"downloading_duration":1487,"execution_duration":30441,"uploading_duration":758,"executable":"ellipsoids-openmp","args":["2.dat","29.log","29.xoutput"],"id":105,"resource":"128","request_start":1576622510401,"request_end":1576622575210,"request_duration":64809,"type":"128"}
{"start":1576622543894,"end":1576622575727,"duration":31833,"downloading_duration":1363,"execution_duration":29741,"uploading_duration":729,"executable":"ellipsoids-openmp","args":["2.dat","213.log","213.xoutput"],"id":109,"resource":"128","request_start":1576622510403,"request_end":1576622575750,"request_duration":65347,"type":"128"}
{"start":1576622543287,"end":1576622575897,"duration":32610,"downloading_duration":1376,"execution_duration":30561,"uploading_duration":673,"executable":"ellipsoids-openmp","args":["2.dat","212.log","212.xoutput"],"id":108,"resource":"128","request_start":1576622510403,"request_end":1576622575920,"request_duration":65517,"type":"128"}
{"start":1576622548041,"end":1576622586121,"duration":38080,"downloading_duration":1388,"execution_duration":36061,"uploading_duration":631,"executable":"ellipsoids-openmp","args":["2.dat","218.log","218.xoutput"],"id":114,"resource":"128","request_start":1576622510406,"request_end":1576622586145,"request_duration":75739,"type":"128"}
{"start":1576622548383,"end":1576622586487,"duration":38104,"downloading_duration":1346,"execution_duration":36041,"uploading_duration":717,"executable":"ellipsoids-openmp","args":["2.dat","227.log","227.xoutput"],"id":123,"resource":"128","request_start":1576622510411,"request_end":1576622586510,"request_duration":76099,"type":"128"}
{"start":1576622548290,"end":1576622586593,"duration":38303,"downloading_duration":1640,"execution_duration":35960,"uploading_duration":703,"executable":"ellipsoids-openmp","args":["2.dat","223.log","223.xoutput"],"id":119,"resource":"128","request_start":1576622510409,"request_end":1576622586617,"request_duration":76208,"type":"128"}
{"start":1576622548070,"end":1576622586704,"duration":38634,"downloading_duration":1443,"execution_duration":36541,"uploading_duration":650,"executable":"ellipsoids-openmp","args":["2.dat","219.log","219.xoutput"],"id":115,"resource":"128","request_start":1576622510407,"request_end":1576622586730,"request_duration":76323,"type":"128"}
{"start":1576622548088,"end":1576622586802,"duration":38714,"downloading_duration":1579,"execution_duration":36501,"uploading_duration":634,"executable":"ellipsoids-openmp","args":["2.dat","220.log","220.xoutput"],"id":116,"resource":"128","request_start":1576622510407,"request_end":1576622586823,"request_duration":76416,"type":"128"}
{"start":1576622548570,"end":1576622586806,"duration":38236,"downloading_duration":1411,"execution_duration":36020,"uploading_duration":805,"executable":"ellipsoids-openmp","args":["2.dat","231.log","231.xoutput"],"id":127,"resource":"128","request_start":1576622510414,"request_end":1576622586829,"request_duration":76415,"type":"128"}
{"start":1576622548034,"end":1576622586847,"duration":38813,"downloading_duration":1437,"execution_duration":36700,"uploading_duration":676,"executable":"ellipsoids-openmp","args":["2.dat","217.log","217.xoutput"],"id":113,"resource":"128","request_start":1576622510405,"request_end":1576622586872,"request_duration":76467,"type":"128"}
{"start":1576622547857,"end":1576622586867,"duration":39010,"downloading_duration":2036,"execution_duration":36220,"uploading_duration":754,"executable":"ellipsoids-openmp","args":["2.dat","216.log","216.xoutput"],"id":112,"resource":"128","request_start":1576622510405,"request_end":1576622586889,"request_duration":76484,"type":"128"}
{"start":1576622548316,"end":1576622586929,"duration":38613,"downloading_duration":1347,"execution_duration":36541,"uploading_duration":725,"executable":"ellipsoids-openmp","args":["2.dat","224.log","224.xoutput"],"id":120,"resource":"128","request_start":1576622510409,"request_end":1576622586952,"request_duration":76543,"type":"128"}
{"start":1576622548273,"end":1576622586991,"duration":38718,"downloading_duration":1360,"execution_duration":36761,"uploading_duration":597,"executable":"ellipsoids-openmp","args":["2.dat","222.log","222.xoutput"],"id":118,"resource":"128","request_start":1576622510408,"request_end":1576622587015,"request_duration":76607,"type":"128"}
{"start":1576622547262,"end":1576622587021,"duration":39759,"downloading_duration":1389,"execution_duration":37420,"uploading_duration":950,"executable":"ellipsoids-openmp","args":["2.dat","214.log","214.xoutput"],"id":110,"resource":"128","request_start":1576622510404,"request_end":1576622587042,"request_duration":76638,"type":"128"}
{"start":1576622549267,"end":1576622587242,"duration":37975,"downloading_duration":1397,"execution_duration":35901,"uploading_duration":677,"executable":"ellipsoids-openmp","args":["2.dat","21.log","21.xoutput"],"id":97,"resource":"128","request_start":1576622510423,"request_end":1576622587264,"request_duration":76841,"type":"128"}
{"start":1576622548405,"end":1576622587300,"duration":38895,"downloading_duration":1581,"execution_duration":36640,"uploading_duration":674,"executable":"ellipsoids-openmp","args":["2.dat","228.log","228.xoutput"],"id":124,"resource":"128","request_start":1576622510412,"request_end":1576622587325,"request_duration":76913,"type":"128"}
{"start":1576622549135,"end":1576622587330,"duration":38195,"downloading_duration":1550,"execution_duration":35960,"uploading_duration":685,"executable":"ellipsoids-openmp","args":["2.dat","242.log","242.xoutput"],"id":138,"resource":"128","request_start":1576622510421,"request_end":1576622587352,"request_duration":76931,"type":"128"}
{"start":1576622547697,"end":1576622587351,"duration":39654,"downloading_duration":1587,"execution_duration":37339,"uploading_duration":728,"executable":"ellipsoids-openmp","args":["2.dat","215.log","215.xoutput"],"id":111,"resource":"128","request_start":1576622510404,"request_end":1576622587372,"request_duration":76968,"type":"128"}
{"start":1576622548992,"end":1576622587359,"duration":38367,"downloading_duration":1397,"execution_duration":36300,"uploading_duration":670,"executable":"ellipsoids-openmp","args":["2.dat","240.log","240.xoutput"],"id":136,"resource":"128","request_start":1576622510420,"request_end":1576622587381,"request_duration":76961,"type":"128"}
{"start":1576622548728,"end":1576622587490,"duration":38762,"downloading_duration":1337,"execution_duration":36740,"uploading_duration":685,"executable":"ellipsoids-openmp","args":["2.dat","233.log","233.xoutput"],"id":129,"resource":"128","request_start":1576622510415,"request_end":1576622587515,"request_duration":77100,"type":"128"}
{"start":1576622548349,"end":1576622587701,"duration":39352,"downloading_duration":1305,"execution_duration":37321,"uploading_duration":726,"executable":"ellipsoids-openmp","args":["2.dat","226.log","226.xoutput"],"id":122,"resource":"128","request_start":1576622510410,"request_end":1576622587725,"request_duration":77315,"type":"128"}
{"start":1576622549008,"end":1576622587767,"duration":38759,"downloading_duration":1514,"execution_duration":36400,"uploading_duration":845,"executable":"ellipsoids-openmp","args":["2.dat","241.log","241.xoutput"],"id":137,"resource":"128","request_start":1576622510420,"request_end":1576622587790,"request_duration":77370,"type":"128"}
{"start":1576622548113,"end":1576622587889,"duration":39776,"downloading_duration":1494,"execution_duration":37620,"uploading_duration":662,"executable":"ellipsoids-openmp","args":["2.dat","221.log","221.xoutput"],"id":117,"resource":"128","request_start":1576622510408,"request_end":1576622587912,"request_duration":77504,"type":"128"}
{"start":1576622548517,"end":1576622587972,"duration":39455,"downloading_duration":1479,"execution_duration":37320,"uploading_duration":656,"executable":"ellipsoids-openmp","args":["2.dat","230.log","230.xoutput"],"id":126,"resource":"128","request_start":1576622510413,"request_end":1576622587995,"request_duration":77582,"type":"128"}
{"start":1576622549546,"end":1576622588235,"duration":38689,"downloading_duration":1335,"execution_duration":36681,"uploading_duration":673,"executable":"ellipsoids-openmp","args":["0.dat","04.log","04.xoutput"],"id":10,"resource":"128","request_start":1576622510486,"request_end":1576622588264,"request_duration":77778,"type":"128"}
{"start":1576622548815,"end":1576622588325,"duration":39510,"downloading_duration":1300,"execution_duration":37481,"uploading_duration":729,"executable":"ellipsoids-openmp","args":["2.dat","236.log","236.xoutput"],"id":132,"resource":"128","request_start":1576622510417,"request_end":1576622588360,"request_duration":77943,"type":"128"}
{"start":1576622548512,"end":1576622588355,"duration":39843,"downloading_duration":1396,"execution_duration":37778,"uploading_duration":669,"executable":"ellipsoids-openmp","args":["2.dat","229.log","229.xoutput"],"id":125,"resource":"128","request_start":1576622510413,"request_end":1576622588380,"request_duration":77967,"type":"128"}
{"start":1576622549256,"end":1576622588381,"duration":39125,"downloading_duration":1335,"execution_duration":37100,"uploading_duration":690,"executable":"ellipsoids-openmp","args":["2.dat","20.log","20.xoutput"],"id":96,"resource":"128","request_start":1576622510422,"request_end":1576622588402,"request_duration":77980,"type":"128"}
{"start":1576622548345,"end":1576622588479,"duration":40134,"downloading_duration":1352,"execution_duration":38060,"uploading_duration":722,"executable":"ellipsoids-openmp","args":["2.dat","225.log","225.xoutput"],"id":121,"resource":"128","request_start":1576622510410,"request_end":1576622588502,"request_duration":78092,"type":"128"}
{"start":1576622548850,"end":1576622588690,"duration":39840,"downloading_duration":1506,"execution_duration":37681,"uploading_duration":653,"executable":"ellipsoids-openmp","args":["2.dat","238.log","238.xoutput"],"id":134,"resource":"128","request_start":1576622510418,"request_end":1576622588715,"request_duration":78297,"type":"128"}
{"start":1576622548823,"end":1576622588708,"duration":39885,"downloading_duration":1344,"execution_duration":37880,"uploading_duration":661,"executable":"ellipsoids-openmp","args":["2.dat","237.log","237.xoutput"],"id":133,"resource":"128","request_start":1576622510418,"request_end":1576622588749,"request_duration":78331,"type":"128"}
{"start":1576622548570,"end":1576622588966,"duration":40396,"downloading_duration":1447,"execution_duration":38300,"uploading_duration":649,"executable":"ellipsoids-openmp","args":["2.dat","232.log","232.xoutput"],"id":128,"resource":"128","request_start":1576622510415,"request_end":1576622588990,"request_duration":78575,"type":"128"}
{"start":1576622549140,"end":1576622589018,"duration":39878,"downloading_duration":1478,"execution_duration":37760,"uploading_duration":640,"executable":"ellipsoids-openmp","args":["2.dat","244.log","244.xoutput"],"id":140,"resource":"128","request_start":1576622510422,"request_end":1576622589039,"request_duration":78617,"type":"128"}
{"start":1576622548742,"end":1576622589044,"duration":40302,"downloading_duration":1360,"execution_duration":38280,"uploading_duration":662,"executable":"ellipsoids-openmp","args":["2.dat","234.log","234.xoutput"],"id":130,"resource":"128","request_start":1576622510416,"request_end":1576622589067,"request_duration":78651,"type":"128"}
{"start":1576622548792,"end":1576622589046,"duration":40254,"downloading_duration":1559,"execution_duration":37961,"uploading_duration":734,"executable":"ellipsoids-openmp","args":["2.dat","235.log","235.xoutput"],"id":131,"resource":"128","request_start":1576622510416,"request_end":1576622589070,"request_duration":78654,"type":"128"}
{"start":1576622549513,"end":1576622589438,"duration":39925,"downloading_duration":1300,"execution_duration":37940,"uploading_duration":685,"executable":"ellipsoids-openmp","args":["2.dat","23.log","23.xoutput"],"id":99,"resource":"128","request_start":1576622510424,"request_end":1576622589460,"request_duration":79036,"type":"128"}
{"start":1576622548883,"end":1576622589644,"duration":40761,"downloading_duration":1550,"execution_duration":38260,"uploading_duration":951,"executable":"ellipsoids-openmp","args":["2.dat","239.log","239.xoutput"],"id":135,"resource":"128","request_start":1576622510419,"request_end":1576622589669,"request_duration":79250,"type":"128"}
{"start":1576622549696,"end":1576622589699,"duration":40003,"downloading_duration":1331,"execution_duration":38001,"uploading_duration":671,"executable":"ellipsoids-openmp","args":["0.dat","05.log","05.xoutput"],"id":11,"resource":"128","request_start":1576622510488,"request_end":1576622589722,"request_duration":79234,"type":"128"}
{"start":1576622549747,"end":1576622589936,"duration":40189,"downloading_duration":1364,"execution_duration":38120,"uploading_duration":705,"executable":"ellipsoids-openmp","args":["0.dat","06.log","06.xoutput"],"id":12,"resource":"128","request_start":1576622510494,"request_end":1576622589960,"request_duration":79466,"type":"128"}
{"start":1576622549336,"end":1576622590103,"duration":40767,"downloading_duration":1462,"execution_duration":38640,"uploading_duration":665,"executable":"ellipsoids-openmp","args":["2.dat","22.log","22.xoutput"],"id":98,"resource":"128","request_start":1576622510423,"request_end":1576622590125,"request_duration":79702,"type":"128"}
{"start":1576622549139,"end":1576622590108,"duration":40969,"downloading_duration":1268,"execution_duration":38980,"uploading_duration":721,"executable":"ellipsoids-openmp","args":["2.dat","243.log","243.xoutput"],"id":139,"resource":"128","request_start":1576622510421,"request_end":1576622590133,"request_duration":79712,"type":"128"}
{"start":1576622549822,"end":1576622590227,"duration":40405,"downloading_duration":1456,"execution_duration":38260,"uploading_duration":689,"executable":"ellipsoids-openmp","args":["0.dat","07.log","07.xoutput"],"id":13,"resource":"128","request_start":1576622510495,"request_end":1576622590250,"request_duration":79755,"type":"128"}
{"start":1576622552692,"end":1576622591572,"duration":38880,"downloading_duration":1397,"execution_duration":36820,"uploading_duration":663,"executable":"ellipsoids-openmp","args":["0.dat","013.log","013.xoutput"],"id":19,"resource":"128","request_start":1576622510500,"request_end":1576622591600,"request_duration":81100,"type":"128"}
{"start":1576622551759,"end":1576622591781,"duration":40022,"downloading_duration":1425,"execution_duration":37920,"uploading_duration":677,"executable":"ellipsoids-openmp","args":["0.dat","09.log","09.xoutput"],"id":15,"resource":"128","request_start":1576622510497,"request_end":1576622591805,"request_duration":81308,"type":"128"}
{"start":1576622552122,"end":1576622592516,"duration":40394,"downloading_duration":1591,"execution_duration":38120,"uploading_duration":683,"executable":"ellipsoids-openmp","args":["0.dat","011.log","011.xoutput"],"id":17,"resource":"128","request_start":1576622510499,"request_end":1576622592539,"request_duration":82040,"type":"128"}
{"start":1576622551663,"end":1576622592752,"duration":41089,"downloading_duration":1449,"execution_duration":38960,"uploading_duration":680,"executable":"ellipsoids-openmp","args":["0.dat","08.log","08.xoutput"],"id":14,"resource":"128","request_start":1576622510496,"request_end":1576622592775,"request_duration":82279,"type":"128"}
{"start":1576622552116,"end":1576622592790,"duration":40674,"downloading_duration":1405,"execution_duration":38601,"uploading_duration":668,"executable":"ellipsoids-openmp","args":["0.dat","010.log","010.xoutput"],"id":16,"resource":"128","request_start":1576622510498,"request_end":1576622592812,"request_duration":82314,"type":"128"}
{"start":1576622552277,"end":1576622593709,"duration":41432,"downloading_duration":1482,"execution_duration":38760,"uploading_duration":1190,"executable":"ellipsoids-openmp","args":["0.dat","012.log","012.xoutput"],"id":18,"resource":"128","request_start":1576622510499,"request_end":1576622593760,"request_duration":83261,"type":"128"}
{"start":1576622575081,"end":1576622605166,"duration":30085,"downloading_duration":1344,"execution_duration":28021,"uploading_duration":720,"executable":"ellipsoids-openmp","args":["0.dat","014.log","014.xoutput"],"id":20,"resource":"128","request_start":1576622510501,"request_end":1576622605230,"request_duration":94729,"type":"128"}
{"start":1576622575215,"end":1576622605860,"duration":30645,"downloading_duration":1311,"execution_duration":28680,"uploading_duration":654,"executable":"ellipsoids-openmp","args":["0.dat","015.log","015.xoutput"],"id":21,"resource":"128","request_start":1576622510502,"request_end":1576622605884,"request_duration":95382,"type":"128"}
{"start":1576622575231,"end":1576622606350,"duration":31119,"downloading_duration":1382,"execution_duration":28961,"uploading_duration":776,"executable":"ellipsoids-openmp","args":["0.dat","016.log","016.xoutput"],"id":22,"resource":"128","request_start":1576622510503,"request_end":1576622606373,"request_duration":95870,"type":"128"}
{"start":1576622575777,"end":1576622607879,"duration":32102,"downloading_duration":1501,"execution_duration":29780,"uploading_duration":821,"executable":"ellipsoids-openmp","args":["0.dat","017.log","017.xoutput"],"id":23,"resource":"128","request_start":1576622510503,"request_end":1576622607904,"request_duration":97401,"type":"128"}
{"start":1576622575941,"end":1576622608263,"duration":32322,"downloading_duration":1603,"execution_duration":29980,"uploading_duration":739,"executable":"ellipsoids-openmp","args":["0.dat","018.log","018.xoutput"],"id":24,"resource":"128","request_start":1576622510504,"request_end":1576622608286,"request_duration":97782,"type":"128"}
{"start":1576622586174,"end":1576622624256,"duration":38082,"downloading_duration":1336,"execution_duration":36080,"uploading_duration":666,"executable":"ellipsoids-openmp","args":["0.dat","019.log","019.xoutput"],"id":25,"resource":"128","request_start":1576622510505,"request_end":1576622624281,"request_duration":113776,"type":"128"}
{"start":1576622587539,"end":1576622625497,"duration":37958,"downloading_duration":1966,"execution_duration":35340,"uploading_duration":652,"executable":"ellipsoids-openmp","args":["0.dat","035.log","035.xoutput"],"id":41,"resource":"128","request_start":1576622510515,"request_end":1576622625520,"request_duration":115005,"type":"128"}
{"start":1576622587750,"end":1576622625821,"duration":38071,"downloading_duration":1325,"execution_duration":36041,"uploading_duration":705,"executable":"ellipsoids-openmp","args":["0.dat","036.log","036.xoutput"],"id":42,"resource":"128","request_start":1576622510515,"request_end":1576622625843,"request_duration":115328,"type":"128"}
{"start":1576622589090,"end":1576622626255,"duration":37165,"downloading_duration":1392,"execution_duration":35120,"uploading_duration":653,"executable":"ellipsoids-openmp","args":["3.dat","30.log","30.xoutput"],"id":141,"resource":"128","request_start":1576622510522,"request_end":1576622626277,"request_duration":115755,"type":"128"}
{"start":1576622589100,"end":1576622626581,"duration":37481,"downloading_duration":1358,"execution_duration":35401,"uploading_duration":722,"executable":"ellipsoids-openmp","args":["3.dat","31.log","31.xoutput"],"id":142,"resource":"128","request_start":1576622510523,"request_end":1576622626605,"request_duration":116082,"type":"128"}
{"start":1576622587939,"end":1576622626625,"duration":38686,"downloading_duration":1387,"execution_duration":36621,"uploading_duration":678,"executable":"ellipsoids-openmp","args":["0.dat","038.log","038.xoutput"],"id":44,"resource":"128","request_start":1576622510516,"request_end":1576622626651,"request_duration":116135,"type":"128"}
{"start":1576622588424,"end":1576622626815,"duration":38391,"downloading_duration":1492,"execution_duration":36260,"uploading_duration":639,"executable":"ellipsoids-openmp","args":["0.dat","043.log","043.xoutput"],"id":49,"resource":"128","request_start":1576622510519,"request_end":1576622626840,"request_duration":116321,"type":"128"}
{"start":1576622588017,"end":1576622627126,"duration":39109,"downloading_duration":1299,"execution_duration":37160,"uploading_duration":650,"executable":"ellipsoids-openmp","args":["0.dat","039.log","039.xoutput"],"id":45,"resource":"128","request_start":1576622510517,"request_end":1576622627150,"request_duration":116633,"type":"128"}
{"start":1576622587816,"end":1576622627319,"duration":39503,"downloading_duration":1286,"execution_duration":37561,"uploading_duration":656,"executable":"ellipsoids-openmp","args":["0.dat","037.log","037.xoutput"],"id":43,"resource":"128","request_start":1576622510516,"request_end":1576622627342,"request_duration":116826,"type":"128"}
{"start":1576622588523,"end":1576622627422,"duration":38899,"downloading_duration":1334,"execution_duration":36881,"uploading_duration":684,"executable":"ellipsoids-openmp","args":["0.dat","044.log","044.xoutput"],"id":50,"resource":"128","request_start":1576622510520,"request_end":1576622627445,"request_duration":116925,"type":"128"}
{"start":1576622589486,"end":1576622627479,"duration":37993,"downloading_duration":1427,"execution_duration":35600,"uploading_duration":966,"executable":"ellipsoids-openmp","args":["3.dat","32.log","32.xoutput"],"id":143,"resource":"128","request_start":1576622510523,"request_end":1576622627502,"request_duration":116979,"type":"128"}
{"start":1576622589749,"end":1576622627503,"duration":37754,"downloading_duration":1398,"execution_duration":35581,"uploading_duration":775,"executable":"ellipsoids-openmp","args":["3.dat","34.log","34.xoutput"],"id":145,"resource":"128","request_start":1576622510524,"request_end":1576622627525,"request_duration":117001,"type":"128"}
{"start":1576622589693,"end":1576622627560,"duration":37867,"downloading_duration":1320,"execution_duration":35845,"uploading_duration":702,"executable":"ellipsoids-openmp","args":["3.dat","33.log","33.xoutput"],"id":144,"resource":"128","request_start":1576622510524,"request_end":1576622627582,"request_duration":117058,"type":"128"}
{"start":1576622589989,"end":1576622627784,"duration":37795,"downloading_duration":1502,"execution_duration":35220,"uploading_duration":1073,"executable":"ellipsoids-openmp","args":["3.dat","35.log","35.xoutput"],"id":146,"resource":"128","request_start":1576622510525,"request_end":1576622627810,"request_duration":117285,"type":"128"}
{"start":1576622590162,"end":1576622627853,"duration":37691,"downloading_duration":1336,"execution_duration":35700,"uploading_duration":655,"executable":"ellipsoids-openmp","args":["3.dat","37.log","37.xoutput"],"id":148,"resource":"128","request_start":1576622510526,"request_end":1576622627880,"request_duration":117354,"type":"128"}
{"start":1576622591627,"end":1576622627950,"duration":36323,"downloading_duration":1462,"execution_duration":34180,"uploading_duration":681,"executable":"ellipsoids-openmp","args":["3.dat","39.log","39.xoutput"],"id":150,"resource":"128","request_start":1576622510527,"request_end":1576622627972,"request_duration":117445,"type":"128"}
{"start":1576622587397,"end":1576622628046,"duration":40649,"downloading_duration":1466,"execution_duration":38520,"uploading_duration":663,"executable":"ellipsoids-openmp","args":["0.dat","033.log","033.xoutput"],"id":39,"resource":"128","request_start":1576622510514,"request_end":1576622628177,"request_duration":117663,"type":"128"}
{"start":1576622588403,"end":1576622628072,"duration":39669,"downloading_duration":1268,"execution_duration":37780,"uploading_duration":621,"executable":"ellipsoids-openmp","args":["0.dat","042.log","042.xoutput"],"id":48,"resource":"128","request_start":1576622510518,"request_end":1576622628179,"request_duration":117661,"type":"128"}
{"start":1576622590154,"end":1576622628222,"duration":38068,"downloading_duration":1313,"execution_duration":36100,"uploading_duration":655,"executable":"ellipsoids-openmp","args":["3.dat","36.log","36.xoutput"],"id":147,"resource":"128","request_start":1576622510525,"request_end":1576622628245,"request_duration":117720,"type":"128"}
{"start":1576622590274,"end":1576622628250,"duration":37976,"downloading_duration":1384,"execution_duration":35641,"uploading_duration":951,"executable":"ellipsoids-openmp","args":["3.dat","38.log","38.xoutput"],"id":149,"resource":"128","request_start":1576622510526,"request_end":1576622628284,"request_duration":117758,"type":"128"}
{"start":1576622586916,"end":1576622628411,"duration":41495,"downloading_duration":1332,"execution_duration":39440,"uploading_duration":723,"executable":"ellipsoids-openmp","args":["0.dat","026.log","026.xoutput"],"id":32,"resource":"128","request_start":1576622510509,"request_end":1576622628433,"request_duration":117924,"type":"128"}
{"start":1576622588384,"end":1576622628419,"duration":40035,"downloading_duration":1282,"execution_duration":38100,"uploading_duration":653,"executable":"ellipsoids-openmp","args":["0.dat","041.log","041.xoutput"],"id":47,"resource":"128","request_start":1576622510518,"request_end":1576622628442,"request_duration":117924,"type":"128"}
{"start":1576622586536,"end":1576622628431,"duration":41895,"downloading_duration":1694,"execution_duration":39540,"uploading_duration":661,"executable":"ellipsoids-openmp","args":["0.dat","020.log","020.xoutput"],"id":26,"resource":"128","request_start":1576622510505,"request_end":1576622628454,"request_duration":117949,"type":"128"}
{"start":1576622586983,"end":1576622628435,"duration":41452,"downloading_duration":1520,"execution_duration":39241,"uploading_duration":691,"executable":"ellipsoids-openmp","args":["0.dat","027.log","027.xoutput"],"id":33,"resource":"128","request_start":1576622510510,"request_end":1576622628458,"request_duration":117948,"type":"128"}
{"start":1576622587067,"end":1576622628500,"duration":41433,"downloading_duration":1347,"execution_duration":39360,"uploading_duration":726,"executable":"ellipsoids-openmp","args":["0.dat","029.log","029.xoutput"],"id":35,"resource":"128","request_start":1576622510511,"request_end":1576622628522,"request_duration":118011,"type":"128"}
{"start":1576622587350,"end":1576622628536,"duration":41186,"downloading_duration":1395,"execution_duration":39060,"uploading_duration":731,"executable":"ellipsoids-openmp","args":["0.dat","031.log","031.xoutput"],"id":37,"resource":"128","request_start":1576622510512,"request_end":1576622628558,"request_duration":118046,"type":"128"}
{"start":1576622588747,"end":1576622628567,"duration":39820,"downloading_duration":1259,"execution_duration":37540,"uploading_duration":1021,"executable":"ellipsoids-openmp","args":["0.dat","00.log","00.xoutput"],"id":6,"resource":"128","request_start":1576622510520,"request_end":1576622628588,"request_duration":118068,"type":"128"}
{"start":1576622586755,"end":1576622628808,"duration":42053,"downloading_duration":1599,"execution_duration":39701,"uploading_duration":753,"executable":"ellipsoids-openmp","args":["0.dat","022.log","022.xoutput"],"id":28,"resource":"128","request_start":1576622510507,"request_end":1576622628828,"request_duration":118321,"type":"128"}
{"start":1576622586896,"end":1576622628975,"duration":42079,"downloading_duration":1377,"execution_duration":40000,"uploading_duration":702,"executable":"ellipsoids-openmp","args":["0.dat","025.log","025.xoutput"],"id":31,"resource":"128","request_start":1576622510509,"request_end":1576622628998,"request_duration":118489,"type":"128"}
{"start":1576622587288,"end":1576622629077,"duration":41789,"downloading_duration":1336,"execution_duration":39801,"uploading_duration":652,"executable":"ellipsoids-openmp","args":["0.dat","030.log","030.xoutput"],"id":36,"resource":"128","request_start":1576622510512,"request_end":1576622629099,"request_duration":118587,"type":"128"}
{"start":1576622588292,"end":1576622629113,"duration":40821,"downloading_duration":1909,"execution_duration":37960,"uploading_duration":952,"executable":"ellipsoids-openmp","args":["0.dat","040.log","040.xoutput"],"id":46,"resource":"128","request_start":1576622510517,"request_end":1576622629136,"request_duration":118619,"type":"128"}
{"start":1576622589018,"end":1576622629157,"duration":40139,"downloading_duration":1999,"execution_duration":37420,"uploading_duration":720,"executable":"ellipsoids-openmp","args":["0.dat","02.log","02.xoutput"],"id":8,"resource":"128","request_start":1576622510521,"request_end":1576622629179,"request_duration":118658,"type":"128"}
{"start":1576622588770,"end":1576622629226,"duration":40456,"downloading_duration":1707,"execution_duration":38000,"uploading_duration":749,"executable":"ellipsoids-openmp","args":["0.dat","01.log","01.xoutput"],"id":7,"resource":"128","request_start":1576622510521,"request_end":1576622629252,"request_duration":118731,"type":"128"}
{"start":1576622591828,"end":1576622629268,"duration":37440,"downloading_duration":1476,"execution_duration":35260,"uploading_duration":704,"executable":"ellipsoids-openmp","args":["3.dat","310.log","310.xoutput"],"id":151,"resource":"128","request_start":1576622510527,"request_end":1576622629293,"request_duration":118766,"type":"128"}
{"start":1576622586847,"end":1576622629292,"duration":42445,"downloading_duration":1334,"execution_duration":40420,"uploading_duration":691,"executable":"ellipsoids-openmp","args":["0.dat","023.log","023.xoutput"],"id":29,"resource":"128","request_start":1576622510507,"request_end":1576622629314,"request_duration":118807,"type":"128"}
{"start":1576622592568,"end":1576622629373,"duration":36805,"downloading_duration":1305,"execution_duration":34480,"uploading_duration":1020,"executable":"ellipsoids-openmp","args":["3.dat","311.log","311.xoutput"],"id":152,"resource":"128","request_start":1576622510528,"request_end":1576622629394,"request_duration":118866,"type":"128"}
{"start":1576622587039,"end":1576622629442,"duration":42403,"downloading_duration":1611,"execution_duration":40121,"uploading_duration":671,"executable":"ellipsoids-openmp","args":["0.dat","028.log","028.xoutput"],"id":34,"resource":"128","request_start":1576622510511,"request_end":1576622629465,"request_duration":118954,"type":"128"}
{"start":1576622589062,"end":1576622629477,"duration":40415,"downloading_duration":1690,"execution_duration":38100,"uploading_duration":625,"executable":"ellipsoids-openmp","args":["0.dat","03.log","03.xoutput"],"id":9,"resource":"128","request_start":1576622510522,"request_end":1576622629499,"request_duration":118977,"type":"128"}
{"start":1576622587376,"end":1576622629687,"duration":42311,"downloading_duration":1373,"execution_duration":40240,"uploading_duration":698,"executable":"ellipsoids-openmp","args":["0.dat","032.log","032.xoutput"],"id":38,"resource":"128","request_start":1576622510513,"request_end":1576622629709,"request_duration":119196,"type":"128"}
{"start":1576622587405,"end":1576622629909,"duration":42504,"downloading_duration":1381,"execution_duration":40441,"uploading_duration":682,"executable":"ellipsoids-openmp","args":["0.dat","034.log","034.xoutput"],"id":40,"resource":"128","request_start":1576622510514,"request_end":1576622629932,"request_duration":119418,"type":"128"}
{"start":1576622586853,"end":1576622630032,"duration":43179,"downloading_duration":1318,"execution_duration":41220,"uploading_duration":641,"executable":"ellipsoids-openmp","args":["0.dat","024.log","024.xoutput"],"id":30,"resource":"128","request_start":1576622510508,"request_end":1576622630060,"request_duration":119552,"type":"128"}
{"start":1576622593792,"end":1576622630108,"duration":36316,"downloading_duration":1307,"execution_duration":34240,"uploading_duration":769,"executable":"ellipsoids-openmp","args":["3.dat","314.log","314.xoutput"],"id":155,"resource":"128","request_start":1576622510529,"request_end":1576622630162,"request_duration":119633,"type":"128"}
{"start":1576622586642,"end":1576622630203,"duration":43561,"downloading_duration":1408,"execution_duration":41460,"uploading_duration":693,"executable":"ellipsoids-openmp","args":["0.dat","021.log","021.xoutput"],"id":27,"resource":"128","request_start":1576622510506,"request_end":1576622630224,"request_duration":119718,"type":"128"}
{"start":1576622592839,"end":1576622632016,"duration":39177,"downloading_duration":1313,"execution_duration":37120,"uploading_duration":744,"executable":"ellipsoids-openmp","args":["3.dat","313.log","313.xoutput"],"id":154,"resource":"128","request_start":1576622510529,"request_end":1576622632092,"request_duration":121563,"type":"128"}
{"start":1576622592804,"end":1576622632679,"duration":39875,"downloading_duration":1437,"execution_duration":37721,"uploading_duration":717,"executable":"ellipsoids-openmp","args":["3.dat","312.log","312.xoutput"],"id":153,"resource":"128","request_start":1576622510528,"request_end":1576622632702,"request_duration":122174,"type":"128"}
{"start":1576622628593,"end":1576622633144,"duration":4551,"downloading_duration":4053,"execution_duration":60,"uploading_duration":438,"executable":"mean-pack-ell","args":["10.xoutput","11.xoutput","12.xoutput","13.xoutput","14.xoutput","15.xoutput","16.xoutput","17.xoutput","18.xoutput","19.xoutput","110.xoutput","111.xoutput","112.xoutput","113.xoutput","114.xoutput","115.xoutput","116.xoutput","117.xoutput","118.xoutput","119.xoutput","120.xoutput","121.xoutput","122.xoutput","123.xoutput","124.xoutput","125.xoutput","126.xoutput","127.xoutput","128.xoutput","129.xoutput","130.xoutput","131.xoutput","132.xoutput","133.xoutput","134.xoutput","135.xoutput","136.xoutput","137.xoutput","138.xoutput","139.xoutput","140.xoutput","141.xoutput","142.xoutput","143.xoutput","144.xoutput","average_1.txt"],"id":187,"resource":"128","request_start":1576622551662,"request_end":1576622633170,"request_duration":81508,"type":"128"}
{"start":1576622628654,"end":1576622633497,"duration":4843,"downloading_duration":4340,"execution_duration":60,"uploading_duration":443,"executable":"mean-pack-ell","args":["20.xoutput","21.xoutput","22.xoutput","23.xoutput","24.xoutput","25.xoutput","26.xoutput","27.xoutput","28.xoutput","29.xoutput","210.xoutput","211.xoutput","212.xoutput","213.xoutput","214.xoutput","215.xoutput","216.xoutput","217.xoutput","218.xoutput","219.xoutput","220.xoutput","221.xoutput","222.xoutput","223.xoutput","224.xoutput","225.xoutput","226.xoutput","227.xoutput","228.xoutput","229.xoutput","230.xoutput","231.xoutput","232.xoutput","233.xoutput","234.xoutput","235.xoutput","236.xoutput","237.xoutput","238.xoutput","239.xoutput","240.xoutput","241.xoutput","242.xoutput","243.xoutput","244.xoutput","average_2.txt"],"id":188,"resource":"128","request_start":1576622590150,"request_end":1576622633523,"request_duration":43373,"type":"128"}
{"start":1576622630437,"end":1576622635093,"duration":4656,"downloading_duration":4133,"execution_duration":60,"uploading_duration":463,"executable":"mean-pack-ell","args":["00.xoutput","01.xoutput","02.xoutput","03.xoutput","04.xoutput","05.xoutput","06.xoutput","07.xoutput","08.xoutput","09.xoutput","010.xoutput","011.xoutput","012.xoutput","013.xoutput","014.xoutput","015.xoutput","016.xoutput","017.xoutput","018.xoutput","019.xoutput","020.xoutput","021.xoutput","022.xoutput","023.xoutput","024.xoutput","025.xoutput","026.xoutput","027.xoutput","028.xoutput","029.xoutput","030.xoutput","031.xoutput","032.xoutput","033.xoutput","034.xoutput","035.xoutput","036.xoutput","037.xoutput","038.xoutput","039.xoutput","040.xoutput","041.xoutput","042.xoutput","043.xoutput","044.xoutput","average_0.txt"],"id":186,"resource":"128","request_start":1576622630236,"request_end":1576622635115,"request_duration":4879,"type":"128"}
{"start":1576622605906,"end":1576622636429,"duration":30523,"downloading_duration":1341,"execution_duration":28540,"uploading_duration":642,"executable":"ellipsoids-openmp","args":["3.dat","316.log","316.xoutput"],"id":157,"resource":"128","request_start":1576622510530,"request_end":1576622636453,"request_duration":125923,"type":"128"}
{"start":1576622605254,"end":1576622636756,"duration":31502,"downloading_duration":1292,"execution_duration":29520,"uploading_duration":690,"executable":"ellipsoids-openmp","args":["3.dat","315.log","315.xoutput"],"id":156,"resource":"128","request_start":1576622510530,"request_end":1576622636780,"request_duration":126250,"type":"128"}
{"start":1576622606397,"end":1576622638688,"duration":32291,"downloading_duration":1357,"execution_duration":30020,"uploading_duration":914,"executable":"ellipsoids-openmp","args":["3.dat","317.log","317.xoutput"],"id":158,"resource":"128","request_start":1576622510531,"request_end":1576622638713,"request_duration":128182,"type":"128"}
{"start":1576622607927,"end":1576622640101,"duration":32174,"downloading_duration":1631,"execution_duration":29862,"uploading_duration":681,"executable":"ellipsoids-openmp","args":["3.dat","318.log","318.xoutput"],"id":159,"resource":"128","request_start":1576622510532,"request_end":1576622640124,"request_duration":129592,"type":"128"}
{"start":1576622608307,"end":1576622640361,"duration":32054,"downloading_duration":1457,"execution_duration":29900,"uploading_duration":697,"executable":"ellipsoids-openmp","args":["3.dat","319.log","319.xoutput"],"id":160,"resource":"128","request_start":1576622510532,"request_end":1576622640383,"request_duration":129851,"type":"128"}
{"start":1576622624314,"end":1576622662627,"duration":38313,"downloading_duration":2296,"execution_duration":35161,"uploading_duration":856,"executable":"ellipsoids-openmp","args":["3.dat","320.log","320.xoutput"],"id":161,"resource":"128","request_start":1576622510533,"request_end":1576622662650,"request_duration":152117,"type":"128"}
{"start":1576622627207,"end":1576622663693,"duration":36486,"downloading_duration":1349,"execution_duration":34440,"uploading_duration":697,"executable":"ellipsoids-openmp","args":["3.dat","327.log","327.xoutput"],"id":168,"resource":"128","request_start":1576622510537,"request_end":1576622663715,"request_duration":153178,"type":"128"}
{"start":1576622626631,"end":1576622663763,"duration":37132,"downloading_duration":1375,"execution_duration":35060,"uploading_duration":697,"executable":"ellipsoids-openmp","args":["3.dat","324.log","324.xoutput"],"id":165,"resource":"128","request_start":1576622510535,"request_end":1576622663784,"request_duration":153249,"type":"128"}
{"start":1576622627843,"end":1576622663961,"duration":36118,"downloading_duration":1388,"execution_duration":34100,"uploading_duration":630,"executable":"ellipsoids-openmp","args":["3.dat","333.log","333.xoutput"],"id":174,"resource":"128","request_start":1576622510540,"request_end":1576622663984,"request_duration":153444,"type":"128"}
{"start":1576622628546,"end":1576622664025,"duration":35479,"downloading_duration":1439,"execution_duration":33380,"uploading_duration":660,"executable":"ellipsoids-openmp","args":["3.dat","344.log","344.xoutput"],"id":185,"resource":"128","request_start":1576622510547,"request_end":1576622664054,"request_duration":153507,"type":"128"}
{"start":1576622625553,"end":1576622664041,"duration":38488,"downloading_duration":1292,"execution_duration":36520,"uploading_duration":676,"executable":"ellipsoids-openmp","args":["3.dat","321.log","321.xoutput"],"id":162,"resource":"128","request_start":1576622510533,"request_end":1576622664062,"request_duration":153529,"type":"128"}
{"start":1576622627904,"end":1576622664116,"duration":36212,"downloading_duration":1554,"execution_duration":34000,"uploading_duration":658,"executable":"ellipsoids-openmp","args":["3.dat","334.log","334.xoutput"],"id":175,"resource":"128","request_start":1576622510541,"request_end":1576622664144,"request_duration":153603,"type":"128"}
{"start":1576622628213,"end":1576622664306,"duration":36093,"downloading_duration":1470,"execution_duration":33701,"uploading_duration":922,"executable":"ellipsoids-openmp","args":["3.dat","337.log","337.xoutput"],"id":178,"resource":"128","request_start":1576622510542,"request_end":1576622664329,"request_duration":153787,"type":"128"}
{"start":1576622625869,"end":1576622664501,"duration":38632,"downloading_duration":1387,"execution_duration":36580,"uploading_duration":665,"executable":"ellipsoids-openmp","args":["3.dat","322.log","322.xoutput"],"id":163,"resource":"128","request_start":1576622510534,"request_end":1576622664523,"request_duration":153989,"type":"128"}
{"start":1576622626868,"end":1576622664537,"duration":37669,"downloading_duration":1867,"execution_duration":35081,"uploading_duration":721,"executable":"ellipsoids-openmp","args":["3.dat","326.log","326.xoutput"],"id":167,"resource":"128","request_start":1576622510536,"request_end":1576622664560,"request_duration":154024,"type":"128"}
{"start":1576622626303,"end":1576622664540,"duration":38237,"downloading_duration":1899,"execution_duration":35640,"uploading_duration":698,"executable":"ellipsoids-openmp","args":["3.dat","323.log","323.xoutput"],"id":164,"resource":"128","request_start":1576622510534,"request_end":1576622664565,"request_duration":154031,"type":"128"}
{"start":1576622627365,"end":1576622664580,"duration":37215,"downloading_duration":1418,"execution_duration":35081,"uploading_duration":716,"executable":"ellipsoids-openmp","args":["3.dat","328.log","328.xoutput"],"id":169,"resource":"128","request_start":1576622510537,"request_end":1576622664605,"request_duration":154068,"type":"128"}
{"start":1576622627525,"end":1576622664593,"duration":37068,"downloading_duration":1663,"execution_duration":34760,"uploading_duration":645,"executable":"ellipsoids-openmp","args":["3.dat","330.log","330.xoutput"],"id":171,"resource":"128","request_start":1576622510539,"request_end":1576622664614,"request_duration":154075,"type":"128"}
{"start":1576622628206,"end":1576622664683,"duration":36477,"downloading_duration":1305,"execution_duration":34500,"uploading_duration":672,"executable":"ellipsoids-openmp","args":["3.dat","336.log","336.xoutput"],"id":177,"resource":"128","request_start":1576622510542,"request_end":1576622664709,"request_duration":154167,"type":"128"}
{"start":1576622627611,"end":1576622664742,"duration":37131,"downloading_duration":1302,"execution_duration":35160,"uploading_duration":669,"executable":"ellipsoids-openmp","args":["3.dat","332.log","332.xoutput"],"id":173,"resource":"128","request_start":1576622510540,"request_end":1576622664764,"request_duration":154224,"type":"128"}
{"start":1576622626677,"end":1576622664787,"duration":38110,"downloading_duration":1601,"execution_duration":35781,"uploading_duration":728,"executable":"ellipsoids-openmp","args":["3.dat","325.log","325.xoutput"],"id":166,"resource":"128","request_start":1576622510535,"request_end":1576622664810,"request_duration":154275,"type":"128"}
{"start":1576622627467,"end":1576622664987,"duration":37520,"downloading_duration":1330,"execution_duration":35301,"uploading_duration":889,"executable":"ellipsoids-openmp","args":["3.dat","329.log","329.xoutput"],"id":170,"resource":"128","request_start":1576622510538,"request_end":1576622665009,"request_duration":154471,"type":"128"}
{"start":1576622628493,"end":1576622665142,"duration":36649,"downloading_duration":1455,"execution_duration":34420,"uploading_duration":774,"executable":"ellipsoids-openmp","args":["3.dat","343.log","343.xoutput"],"id":184,"resource":"128","request_start":1576622510547,"request_end":1576622665164,"request_duration":154617,"type":"128"}
{"start":1576622628467,"end":1576622665164,"duration":36697,"downloading_duration":1343,"execution_duration":34661,"uploading_duration":693,"executable":"ellipsoids-openmp","args":["3.dat","341.log","341.xoutput"],"id":182,"resource":"128","request_start":1576622510545,"request_end":1576622665189,"request_duration":154644,"type":"128"}
{"start":1576622628482,"end":1576622665186,"duration":36704,"downloading_duration":1264,"execution_duration":34760,"uploading_duration":680,"executable":"ellipsoids-openmp","args":["3.dat","342.log","342.xoutput"],"id":183,"resource":"128","request_start":1576622510546,"request_end":1576622665209,"request_duration":154663,"type":"128"}
{"start":1576622627997,"end":1576622665199,"duration":37202,"downloading_duration":1572,"execution_duration":34881,"uploading_duration":749,"executable":"ellipsoids-openmp","args":["3.dat","335.log","335.xoutput"],"id":176,"resource":"128","request_start":1576622510541,"request_end":1576622665223,"request_duration":154682,"type":"128"}
{"start":1576622628306,"end":1576622665338,"duration":37032,"downloading_duration":1341,"execution_duration":35000,"uploading_duration":691,"executable":"ellipsoids-openmp","args":["3.dat","339.log","339.xoutput"],"id":180,"resource":"128","request_start":1576622510543,"request_end":1576622665363,"request_duration":154820,"type":"128"}
{"start":1576622628270,"end":1576622665459,"duration":37189,"downloading_duration":1329,"execution_duration":35140,"uploading_duration":720,"executable":"ellipsoids-openmp","args":["3.dat","338.log","338.xoutput"],"id":179,"resource":"128","request_start":1576622510543,"request_end":1576622665482,"request_duration":154939,"type":"128"}
{"start":1576622627547,"end":1576622666052,"duration":38505,"downloading_duration":2486,"execution_duration":35360,"uploading_duration":659,"executable":"ellipsoids-openmp","args":["3.dat","331.log","331.xoutput"],"id":172,"resource":"128","request_start":1576622510539,"request_end":1576622666099,"request_duration":155560,"type":"128"}
{"start":1576622628459,"end":1576622666479,"duration":38020,"downloading_duration":1384,"execution_duration":35721,"uploading_duration":915,"executable":"ellipsoids-openmp","args":["3.dat","340.log","340.xoutput"],"id":181,"resource":"128","request_start":1576622510545,"request_end":1576622666503,"request_duration":155958,"type":"128"}
{"start":1576622666677,"end":1576622671281,"duration":4604,"downloading_duration":4106,"execution_duration":41,"uploading_duration":457,"executable":"mean-pack-ell","args":["30.xoutput","31.xoutput","32.xoutput","33.xoutput","34.xoutput","35.xoutput","36.xoutput","37.xoutput","38.xoutput","39.xoutput","310.xoutput","311.xoutput","312.xoutput","313.xoutput","314.xoutput","315.xoutput","316.xoutput","317.xoutput","318.xoutput","319.xoutput","320.xoutput","321.xoutput","322.xoutput","323.xoutput","324.xoutput","325.xoutput","326.xoutput","327.xoutput","328.xoutput","329.xoutput","330.xoutput","331.xoutput","332.xoutput","333.xoutput","334.xoutput","335.xoutput","336.xoutput","337.xoutput","338.xoutput","339.xoutput","340.xoutput","341.xoutput","342.xoutput","343.xoutput","344.xoutput","average_3.txt"],"id":189,"resource":"128","request_start":1576622666519,"request_end":1576622671306,"request_duration":4787,"type":"128"}
{"start":1576622671426,"end":1576622673638,"duration":2212,"downloading_duration":717,"execution_duration":1022,"uploading_duration":473,"executable":"summary.js","args":[],"id":190,"resource":"128","request_start":1576622671313,"request_end":1576622673660,"request_duration":2347,"type":"128"}
