{"start":1576622674341,"end":1576622676287,"duration":1946,"downloading_duration":463,"execution_duration":1021,"uploading_duration":462,"executable":"generateData.js","args":[],"id":1,"resource":"128","request_start":1576622674176,"request_end":1576622676323,"request_duration":2147,"type":"128"}
{"start":1576622676451,"end":1576622678425,"duration":1974,"downloading_duration":480,"execution_duration":1033,"uploading_duration":461,"executable":"createDat.js","args":["0.dat"],"id":2,"resource":"128","request_start":1576622676338,"request_end":1576622678452,"request_duration":2114,"type":"128"}
{"start":1576622676470,"end":1576622678432,"duration":1962,"downloading_duration":469,"execution_duration":1022,"uploading_duration":471,"executable":"createDat.js","args":["1.dat"],"id":3,"resource":"128","request_start":1576622676343,"request_end":1576622678469,"request_duration":2126,"type":"128"}
{"start":1576622676467,"end":1576622678513,"duration":2046,"downloading_duration":486,"execution_duration":1122,"uploading_duration":438,"executable":"createDat.js","args":["3.dat"],"id":5,"resource":"128","request_start":1576622676351,"request_end":1576622678584,"request_duration":2233,"type":"128"}
{"start":1576622676471,"end":1576622678534,"duration":2063,"downloading_duration":461,"execution_duration":1116,"uploading_duration":486,"executable":"createDat.js","args":["2.dat"],"id":4,"resource":"128","request_start":1576622676348,"request_end":1576622678584,"request_duration":2236,"type":"128"}
{"start":1576622678943,"end":1576622710145,"duration":31202,"downloading_duration":1351,"execution_duration":29201,"uploading_duration":650,"executable":"ellipsoids-openmp","args":["0.dat","033.log","033.xoutput"],"id":39,"resource":"128","request_start":1576622678531,"request_end":1576622710177,"request_duration":31646,"type":"128"}
{"start":1576622678941,"end":1576622710798,"duration":31857,"downloading_duration":1418,"execution_duration":29745,"uploading_duration":694,"executable":"ellipsoids-openmp","args":["0.dat","030.log","030.xoutput"],"id":36,"resource":"128","request_start":1576622678529,"request_end":1576622710821,"request_duration":32292,"type":"128"}
{"start":1576622678946,"end":1576622710807,"duration":31861,"downloading_duration":1320,"execution_duration":29782,"uploading_duration":759,"executable":"ellipsoids-openmp","args":["0.dat","036.log","036.xoutput"],"id":42,"resource":"128","request_start":1576622678535,"request_end":1576622710830,"request_duration":32295,"type":"128"}
{"start":1576622678940,"end":1576622710866,"duration":31926,"downloading_duration":1324,"execution_duration":29920,"uploading_duration":682,"executable":"ellipsoids-openmp","args":["0.dat","029.log","029.xoutput"],"id":35,"resource":"128","request_start":1576622678528,"request_end":1576622710890,"request_duration":32362,"type":"128"}
{"start":1576622678948,"end":1576622711190,"duration":32242,"downloading_duration":1640,"execution_duration":29980,"uploading_duration":622,"executable":"ellipsoids-openmp","args":["0.dat","038.log","038.xoutput"],"id":44,"resource":"128","request_start":1576622678537,"request_end":1576622711213,"request_duration":32676,"type":"128"}
{"start":1576622678990,"end":1576622715369,"duration":36379,"downloading_duration":1405,"execution_duration":34283,"uploading_duration":691,"executable":"ellipsoids-openmp","args":["1.dat","11.log","11.xoutput"],"id":52,"resource":"128","request_start":1576622678594,"request_end":1576622715395,"request_duration":36801,"type":"128"}
{"start":1576622678990,"end":1576622715441,"duration":36451,"downloading_duration":1424,"execution_duration":34320,"uploading_duration":707,"executable":"ellipsoids-openmp","args":["1.dat","14.log","14.xoutput"],"id":55,"resource":"128","request_start":1576622678597,"request_end":1576622715472,"request_duration":36875,"type":"128"}
{"start":1576622678982,"end":1576622716403,"duration":37421,"downloading_duration":1375,"execution_duration":35320,"uploading_duration":726,"executable":"ellipsoids-openmp","args":["1.dat","12.log","12.xoutput"],"id":53,"resource":"128","request_start":1576622678595,"request_end":1576622716425,"request_duration":37830,"type":"128"}
{"start":1576622678985,"end":1576622716531,"duration":37546,"downloading_duration":1676,"execution_duration":35120,"uploading_duration":750,"executable":"ellipsoids-openmp","args":["1.dat","13.log","13.xoutput"],"id":54,"resource":"128","request_start":1576622678596,"request_end":1576622716554,"request_duration":37958,"type":"128"}
{"start":1576622678927,"end":1576622716668,"duration":37741,"downloading_duration":1303,"execution_duration":35821,"uploading_duration":617,"executable":"ellipsoids-openmp","args":["0.dat","027.log","027.xoutput"],"id":33,"resource":"128","request_start":1576622678523,"request_end":1576622716690,"request_duration":38167,"type":"128"}
{"start":1576622678985,"end":1576622716728,"duration":37743,"downloading_duration":1719,"execution_duration":35301,"uploading_duration":723,"executable":"ellipsoids-openmp","args":["1.dat","10.log","10.xoutput"],"id":51,"resource":"128","request_start":1576622678593,"request_end":1576622716752,"request_duration":38159,"type":"128"}
{"start":1576622678861,"end":1576622717011,"duration":38150,"downloading_duration":1607,"execution_duration":35881,"uploading_duration":662,"executable":"ellipsoids-openmp","args":["0.dat","016.log","016.xoutput"],"id":22,"resource":"128","request_start":1576622678513,"request_end":1576622717032,"request_duration":38519,"type":"128"}
{"start":1576622678871,"end":1576622717306,"duration":38435,"downloading_duration":1392,"execution_duration":36381,"uploading_duration":662,"executable":"ellipsoids-openmp","args":["0.dat","023.log","023.xoutput"],"id":29,"resource":"128","request_start":1576622678520,"request_end":1576622717329,"request_duration":38809,"type":"128"}
{"start":1576622678955,"end":1576622717901,"duration":38946,"downloading_duration":1416,"execution_duration":36601,"uploading_duration":929,"executable":"ellipsoids-openmp","args":["0.dat","039.log","039.xoutput"],"id":45,"resource":"128","request_start":1576622678539,"request_end":1576622717944,"request_duration":39405,"type":"128"}
{"start":1576622678962,"end":1576622717995,"duration":39033,"downloading_duration":1442,"execution_duration":36901,"uploading_duration":690,"executable":"ellipsoids-openmp","args":["0.dat","02.log","02.xoutput"],"id":8,"resource":"128","request_start":1576622678546,"request_end":1576622718019,"request_duration":39473,"type":"128"}
{"start":1576622678870,"end":1576622718075,"duration":39205,"downloading_duration":1426,"execution_duration":37061,"uploading_duration":718,"executable":"ellipsoids-openmp","args":["0.dat","025.log","025.xoutput"],"id":31,"resource":"128","request_start":1576622678522,"request_end":1576622718100,"request_duration":39578,"type":"128"}
{"start":1576622678864,"end":1576622718121,"duration":39257,"downloading_duration":1264,"execution_duration":37340,"uploading_duration":653,"executable":"ellipsoids-openmp","args":["0.dat","015.log","015.xoutput"],"id":21,"resource":"128","request_start":1576622678512,"request_end":1576622718145,"request_duration":39633,"type":"128"}
{"start":1576622678860,"end":1576622718151,"duration":39291,"downloading_duration":1390,"execution_duration":37221,"uploading_duration":680,"executable":"ellipsoids-openmp","args":["0.dat","017.log","017.xoutput"],"id":23,"resource":"128","request_start":1576622678514,"request_end":1576622718182,"request_duration":39668,"type":"128"}
{"start":1576622678895,"end":1576622718227,"duration":39332,"downloading_duration":1351,"execution_duration":37320,"uploading_duration":661,"executable":"ellipsoids-openmp","args":["0.dat","04.log","04.xoutput"],"id":10,"resource":"128","request_start":1576622678500,"request_end":1576622718250,"request_duration":39750,"type":"128"}
{"start":1576622678896,"end":1576622718305,"duration":39409,"downloading_duration":1580,"execution_duration":37180,"uploading_duration":649,"executable":"ellipsoids-openmp","args":["0.dat","028.log","028.xoutput"],"id":34,"resource":"128","request_start":1576622678527,"request_end":1576622718329,"request_duration":39802,"type":"128"}
{"start":1576622678893,"end":1576622718324,"duration":39431,"downloading_duration":1298,"execution_duration":37480,"uploading_duration":653,"executable":"ellipsoids-openmp","args":["0.dat","09.log","09.xoutput"],"id":15,"resource":"128","request_start":1576622678506,"request_end":1576622718351,"request_duration":39845,"type":"128"}
{"start":1576622678948,"end":1576622718365,"duration":39417,"downloading_duration":1542,"execution_duration":36821,"uploading_duration":1054,"executable":"ellipsoids-openmp","args":["0.dat","034.log","034.xoutput"],"id":40,"resource":"128","request_start":1576622678533,"request_end":1576622718388,"request_duration":39855,"type":"128"}
{"start":1576622678954,"end":1576622718525,"duration":39571,"downloading_duration":1353,"execution_duration":37580,"uploading_duration":638,"executable":"ellipsoids-openmp","args":["0.dat","043.log","043.xoutput"],"id":49,"resource":"128","request_start":1576622678542,"request_end":1576622718548,"request_duration":40006,"type":"128"}
{"start":1576622678954,"end":1576622718577,"duration":39623,"downloading_duration":1499,"execution_duration":37420,"uploading_duration":704,"executable":"ellipsoids-openmp","args":["0.dat","031.log","031.xoutput"],"id":37,"resource":"128","request_start":1576622678530,"request_end":1576622718599,"request_duration":40069,"type":"128"}
{"start":1576622678853,"end":1576622718610,"duration":39757,"downloading_duration":1280,"execution_duration":37401,"uploading_duration":1076,"executable":"ellipsoids-openmp","args":["0.dat","010.log","010.xoutput"],"id":16,"resource":"128","request_start":1576622678507,"request_end":1576622718632,"request_duration":40125,"type":"128"}
{"start":1576622678948,"end":1576622718610,"duration":39662,"downloading_duration":1326,"execution_duration":37600,"uploading_duration":736,"executable":"ellipsoids-openmp","args":["0.dat","035.log","035.xoutput"],"id":41,"resource":"128","request_start":1576622678534,"request_end":1576622718635,"request_duration":40101,"type":"128"}
{"start":1576622678958,"end":1576622718653,"duration":39695,"downloading_duration":1363,"execution_duration":37640,"uploading_duration":692,"executable":"ellipsoids-openmp","args":["0.dat","03.log","03.xoutput"],"id":9,"resource":"128","request_start":1576622678580,"request_end":1576622718674,"request_duration":40094,"type":"128"}
{"start":1576622678887,"end":1576622718677,"duration":39790,"downloading_duration":1338,"execution_duration":37760,"uploading_duration":692,"executable":"ellipsoids-openmp","args":["0.dat","07.log","07.xoutput"],"id":13,"resource":"128","request_start":1576622678504,"request_end":1576622718699,"request_duration":40195,"type":"128"}
{"start":1576622678957,"end":1576622718743,"duration":39786,"downloading_duration":1396,"execution_duration":37740,"uploading_duration":650,"executable":"ellipsoids-openmp","args":["0.dat","044.log","044.xoutput"],"id":50,"resource":"128","request_start":1576622678543,"request_end":1576622718764,"request_duration":40221,"type":"128"}
{"start":1576622678861,"end":1576622718746,"duration":39885,"downloading_duration":1376,"execution_duration":37861,"uploading_duration":648,"executable":"ellipsoids-openmp","args":["0.dat","013.log","013.xoutput"],"id":19,"resource":"128","request_start":1576622678510,"request_end":1576622718767,"request_duration":40257,"type":"128"}
{"start":1576622678893,"end":1576622718747,"duration":39854,"downloading_duration":1352,"execution_duration":37580,"uploading_duration":922,"executable":"ellipsoids-openmp","args":["0.dat","08.log","08.xoutput"],"id":14,"resource":"128","request_start":1576622678505,"request_end":1576622718773,"request_duration":40268,"type":"128"}
{"start":1576622678857,"end":1576622718834,"duration":39977,"downloading_duration":1386,"execution_duration":37901,"uploading_duration":690,"executable":"ellipsoids-openmp","args":["0.dat","014.log","014.xoutput"],"id":20,"resource":"128","request_start":1576622678511,"request_end":1576622718858,"request_duration":40347,"type":"128"}
{"start":1576622678950,"end":1576622719043,"duration":40093,"downloading_duration":1336,"execution_duration":38080,"uploading_duration":677,"executable":"ellipsoids-openmp","args":["0.dat","032.log","032.xoutput"],"id":38,"resource":"128","request_start":1576622678531,"request_end":1576622719064,"request_duration":40533,"type":"128"}
{"start":1576622678868,"end":1576622719139,"duration":40271,"downloading_duration":1234,"execution_duration":38320,"uploading_duration":717,"executable":"ellipsoids-openmp","args":["0.dat","020.log","020.xoutput"],"id":26,"resource":"128","request_start":1576622678517,"request_end":1576622719162,"request_duration":40645,"type":"128"}
{"start":1576622678861,"end":1576622719194,"duration":40333,"downloading_duration":1325,"execution_duration":38281,"uploading_duration":727,"executable":"ellipsoids-openmp","args":["0.dat","06.log","06.xoutput"],"id":12,"resource":"128","request_start":1576622678502,"request_end":1576622719219,"request_duration":40717,"type":"128"}
{"start":1576622678871,"end":1576622719207,"duration":40336,"downloading_duration":1367,"execution_duration":38060,"uploading_duration":909,"executable":"ellipsoids-openmp","args":["0.dat","024.log","024.xoutput"],"id":30,"resource":"128","request_start":1576622678521,"request_end":1576622719234,"request_duration":40713,"type":"128"}
{"start":1576622678876,"end":1576622719237,"duration":40361,"downloading_duration":1360,"execution_duration":38261,"uploading_duration":740,"executable":"ellipsoids-openmp","args":["0.dat","026.log","026.xoutput"],"id":32,"resource":"128","request_start":1576622678523,"request_end":1576622719260,"request_duration":40737,"type":"128"}
{"start":1576622678954,"end":1576622719254,"duration":40300,"downloading_duration":1644,"execution_duration":38001,"uploading_duration":655,"executable":"ellipsoids-openmp","args":["0.dat","037.log","037.xoutput"],"id":43,"resource":"128","request_start":1576622678536,"request_end":1576622719279,"request_duration":40743,"type":"128"}
{"start":1576622678953,"end":1576622719319,"duration":40366,"downloading_duration":1399,"execution_duration":38320,"uploading_duration":647,"executable":"ellipsoids-openmp","args":["0.dat","042.log","042.xoutput"],"id":48,"resource":"128","request_start":1576622678542,"request_end":1576622719343,"request_duration":40801,"type":"128"}
{"start":1576622678852,"end":1576622719388,"duration":40536,"downloading_duration":1435,"execution_duration":38360,"uploading_duration":741,"executable":"ellipsoids-openmp","args":["0.dat","012.log","012.xoutput"],"id":18,"resource":"128","request_start":1576622678509,"request_end":1576622719412,"request_duration":40903,"type":"128"}
{"start":1576622678862,"end":1576622719396,"duration":40534,"downloading_duration":1451,"execution_duration":38401,"uploading_duration":682,"executable":"ellipsoids-openmp","args":["0.dat","022.log","022.xoutput"],"id":28,"resource":"128","request_start":1576622678519,"request_end":1576622719419,"request_duration":40900,"type":"128"}
{"start":1576622678856,"end":1576622719441,"duration":40585,"downloading_duration":1323,"execution_duration":38600,"uploading_duration":662,"executable":"ellipsoids-openmp","args":["0.dat","05.log","05.xoutput"],"id":11,"resource":"128","request_start":1576622678501,"request_end":1576622719466,"request_duration":40965,"type":"128"}
{"start":1576622678977,"end":1576622719493,"duration":40516,"downloading_duration":1500,"execution_duration":38301,"uploading_duration":715,"executable":"ellipsoids-openmp","args":["0.dat","01.log","01.xoutput"],"id":7,"resource":"128","request_start":1576622678545,"request_end":1576622719520,"request_duration":40975,"type":"128"}
{"start":1576622678859,"end":1576622719631,"duration":40772,"downloading_duration":1311,"execution_duration":38780,"uploading_duration":681,"executable":"ellipsoids-openmp","args":["0.dat","011.log","011.xoutput"],"id":17,"resource":"128","request_start":1576622678508,"request_end":1576622719655,"request_duration":41147,"type":"128"}
{"start":1576622678954,"end":1576622719689,"duration":40735,"downloading_duration":1935,"execution_duration":38121,"uploading_duration":679,"executable":"ellipsoids-openmp","args":["0.dat","041.log","041.xoutput"],"id":47,"resource":"128","request_start":1576622678541,"request_end":1576622719863,"request_duration":41322,"type":"128"}
{"start":1576622678864,"end":1576622719756,"duration":40892,"downloading_duration":1394,"execution_duration":38801,"uploading_duration":697,"executable":"ellipsoids-openmp","args":["0.dat","021.log","021.xoutput"],"id":27,"resource":"128","request_start":1576622678518,"request_end":1576622719870,"request_duration":41352,"type":"128"}
{"start":1576622678955,"end":1576622719812,"duration":40857,"downloading_duration":1395,"execution_duration":38741,"uploading_duration":721,"executable":"ellipsoids-openmp","args":["0.dat","00.log","00.xoutput"],"id":6,"resource":"128","request_start":1576622678544,"request_end":1576622719874,"request_duration":41330,"type":"128"}
{"start":1576622678863,"end":1576622719874,"duration":41011,"downloading_duration":1387,"execution_duration":38561,"uploading_duration":1063,"executable":"ellipsoids-openmp","args":["0.dat","019.log","019.xoutput"],"id":25,"resource":"128","request_start":1576622678516,"request_end":1576622719903,"request_duration":41387,"type":"128"}
{"start":1576622678952,"end":1576622719926,"duration":40974,"downloading_duration":1630,"execution_duration":38661,"uploading_duration":683,"executable":"ellipsoids-openmp","args":["0.dat","040.log","040.xoutput"],"id":46,"resource":"128","request_start":1576622678540,"request_end":1576622719965,"request_duration":41425,"type":"128"}
{"start":1576622678866,"end":1576622720281,"duration":41415,"downloading_duration":1697,"execution_duration":39061,"uploading_duration":657,"executable":"ellipsoids-openmp","args":["0.dat","018.log","018.xoutput"],"id":24,"resource":"128","request_start":1576622678515,"request_end":1576622720303,"request_duration":41788,"type":"128"}
{"start":1576622710198,"end":1576622741076,"duration":30878,"downloading_duration":1256,"execution_duration":28941,"uploading_duration":681,"executable":"ellipsoids-openmp","args":["1.dat","15.log","15.xoutput"],"id":56,"resource":"128","request_start":1576622678598,"request_end":1576622741100,"request_duration":62502,"type":"128"}
{"start":1576622711248,"end":1576622743015,"duration":31767,"downloading_duration":1239,"execution_duration":29801,"uploading_duration":727,"executable":"ellipsoids-openmp","args":["1.dat","19.log","19.xoutput"],"id":60,"resource":"128","request_start":1576622678600,"request_end":1576622743040,"request_duration":64440,"type":"128"}
{"start":1576622710845,"end":1576622743068,"duration":32223,"downloading_duration":1282,"execution_duration":30220,"uploading_duration":721,"executable":"ellipsoids-openmp","args":["1.dat","16.log","16.xoutput"],"id":57,"resource":"128","request_start":1576622678598,"request_end":1576622743134,"request_duration":64536,"type":"128"}
{"start":1576622710863,"end":1576622743239,"duration":32376,"downloading_duration":1318,"execution_duration":30420,"uploading_duration":638,"executable":"ellipsoids-openmp","args":["1.dat","17.log","17.xoutput"],"id":58,"resource":"128","request_start":1576622678599,"request_end":1576622743263,"request_duration":64664,"type":"128"}
{"start":1576622710911,"end":1576622743851,"duration":32940,"downloading_duration":1313,"execution_duration":30681,"uploading_duration":946,"executable":"ellipsoids-openmp","args":["1.dat","18.log","18.xoutput"],"id":59,"resource":"128","request_start":1576622678600,"request_end":1576622743873,"request_duration":65273,"type":"128"}
{"start":1576622715422,"end":1576622751674,"duration":36252,"downloading_duration":1313,"execution_duration":34001,"uploading_duration":938,"executable":"ellipsoids-openmp","args":["1.dat","110.log","110.xoutput"],"id":61,"resource":"128","request_start":1576622678601,"request_end":1576622751700,"request_duration":73099,"type":"128"}
{"start":1576622715499,"end":1576622752015,"duration":36516,"downloading_duration":1415,"execution_duration":34420,"uploading_duration":681,"executable":"ellipsoids-openmp","args":["1.dat","111.log","111.xoutput"],"id":62,"resource":"128","request_start":1576622678601,"request_end":1576622752077,"request_duration":73476,"type":"128"}
{"start":1576622716715,"end":1576622752397,"duration":35682,"downloading_duration":1315,"execution_duration":33681,"uploading_duration":686,"executable":"ellipsoids-openmp","args":["1.dat","114.log","114.xoutput"],"id":65,"resource":"128","request_start":1576622678603,"request_end":1576622752419,"request_duration":73816,"type":"128"}
{"start":1576622717355,"end":1576622753321,"duration":35966,"downloading_duration":1388,"execution_duration":33961,"uploading_duration":617,"executable":"ellipsoids-openmp","args":["1.dat","117.log","117.xoutput"],"id":68,"resource":"128","request_start":1576622678604,"request_end":1576622753345,"request_duration":74741,"type":"128"}
{"start":1576622716777,"end":1576622753351,"duration":36574,"downloading_duration":1308,"execution_duration":34560,"uploading_duration":706,"executable":"ellipsoids-openmp","args":["1.dat","115.log","115.xoutput"],"id":66,"resource":"128","request_start":1576622678603,"request_end":1576622753375,"request_duration":74772,"type":"128"}
{"start":1576622716576,"end":1576622753788,"duration":37212,"downloading_duration":1325,"execution_duration":35260,"uploading_duration":627,"executable":"ellipsoids-openmp","args":["1.dat","113.log","113.xoutput"],"id":64,"resource":"128","request_start":1576622678602,"request_end":1576622753810,"request_duration":75208,"type":"128"}
{"start":1576622718664,"end":1576622754442,"duration":35778,"downloading_duration":1417,"execution_duration":33660,"uploading_duration":701,"executable":"ellipsoids-openmp","args":["1.dat","130.log","130.xoutput"],"id":81,"resource":"128","request_start":1576622678612,"request_end":1576622754470,"request_duration":75858,"type":"128"}
{"start":1576622716448,"end":1576622754526,"duration":38078,"downloading_duration":1289,"execution_duration":36120,"uploading_duration":669,"executable":"ellipsoids-openmp","args":["1.dat","112.log","112.xoutput"],"id":63,"resource":"128","request_start":1576622678602,"request_end":1576622754549,"request_duration":75947,"type":"128"}
{"start":1576622718789,"end":1576622754547,"duration":35758,"downloading_duration":1296,"execution_duration":33860,"uploading_duration":602,"executable":"ellipsoids-openmp","args":["1.dat","133.log","133.xoutput"],"id":84,"resource":"128","request_start":1576622678613,"request_end":1576622754570,"request_duration":75957,"type":"128"}
{"start":1576622717065,"end":1576622754592,"duration":37527,"downloading_duration":1284,"execution_duration":35520,"uploading_duration":723,"executable":"ellipsoids-openmp","args":["1.dat","116.log","116.xoutput"],"id":67,"resource":"128","request_start":1576622678604,"request_end":1576622754615,"request_duration":76011,"type":"128"}
{"start":1576622718722,"end":1576622754791,"duration":36069,"downloading_duration":1390,"execution_duration":34061,"uploading_duration":618,"executable":"ellipsoids-openmp","args":["1.dat","132.log","132.xoutput"],"id":83,"resource":"128","request_start":1576622678613,"request_end":1576622754814,"request_duration":76201,"type":"128"}
{"start":1576622718275,"end":1576622754950,"duration":36675,"downloading_duration":1791,"execution_duration":34140,"uploading_duration":744,"executable":"ellipsoids-openmp","args":["1.dat","123.log","123.xoutput"],"id":74,"resource":"128","request_start":1576622678607,"request_end":1576622754973,"request_duration":76366,"type":"128"}
{"start":1576622718883,"end":1576622755179,"duration":36296,"downloading_duration":1441,"execution_duration":34080,"uploading_duration":775,"executable":"ellipsoids-openmp","args":["1.dat","136.log","136.xoutput"],"id":87,"resource":"128","request_start":1576622678615,"request_end":1576622755202,"request_duration":76587,"type":"128"}
{"start":1576622718377,"end":1576622755181,"duration":36804,"downloading_duration":1373,"execution_duration":34702,"uploading_duration":729,"executable":"ellipsoids-openmp","args":["1.dat","125.log","125.xoutput"],"id":76,"resource":"128","request_start":1576622678609,"request_end":1576622755205,"request_duration":76596,"type":"128"}
{"start":1576622718128,"end":1576622755188,"duration":37060,"downloading_duration":1279,"execution_duration":35161,"uploading_duration":620,"executable":"ellipsoids-openmp","args":["1.dat","120.log","120.xoutput"],"id":71,"resource":"128","request_start":1576622678606,"request_end":1576622755213,"request_duration":76607,"type":"128"}
{"start":1576622718353,"end":1576622755255,"duration":36902,"downloading_duration":1358,"execution_duration":34860,"uploading_duration":684,"executable":"ellipsoids-openmp","args":["1.dat","124.log","124.xoutput"],"id":75,"resource":"128","request_start":1576622678608,"request_end":1576622755281,"request_duration":76673,"type":"128"}
{"start":1576622717971,"end":1576622755411,"duration":37440,"downloading_duration":1281,"execution_duration":35520,"uploading_duration":639,"executable":"ellipsoids-openmp","args":["1.dat","118.log","118.xoutput"],"id":69,"resource":"128","request_start":1576622678605,"request_end":1576622755435,"request_duration":76830,"type":"128"}
{"start":1576622718794,"end":1576622755460,"duration":36666,"downloading_duration":1344,"execution_duration":34661,"uploading_duration":661,"executable":"ellipsoids-openmp","args":["1.dat","134.log","134.xoutput"],"id":85,"resource":"128","request_start":1576622678614,"request_end":1576622755483,"request_duration":76869,"type":"128"}
{"start":1576622718410,"end":1576622755525,"duration":37115,"downloading_duration":1346,"execution_duration":35020,"uploading_duration":749,"executable":"ellipsoids-openmp","args":["1.dat","126.log","126.xoutput"],"id":77,"resource":"128","request_start":1576622678609,"request_end":1576622755551,"request_duration":76942,"type":"128"}
{"start":1576622719899,"end":1576622755613,"duration":35714,"downloading_duration":1311,"execution_duration":33721,"uploading_duration":682,"executable":"ellipsoids-openmp","args":["3.dat","34.log","34.xoutput"],"id":145,"resource":"128","request_start":1576622678670,"request_end":1576622755635,"request_duration":76965,"type":"128"}
{"start":1576622718049,"end":1576622755618,"duration":37569,"downloading_duration":1575,"execution_duration":35041,"uploading_duration":953,"executable":"ellipsoids-openmp","args":["1.dat","119.log","119.xoutput"],"id":70,"resource":"128","request_start":1576622678605,"request_end":1576622755644,"request_duration":77039,"type":"128"}
{"start":1576622718208,"end":1576622755759,"duration":37551,"downloading_duration":1468,"execution_duration":35381,"uploading_duration":702,"executable":"ellipsoids-openmp","args":["1.dat","122.log","122.xoutput"],"id":73,"resource":"128","request_start":1576622678607,"request_end":1576622755782,"request_duration":77175,"type":"128"}
{"start":1576622718696,"end":1576622755830,"duration":37134,"downloading_duration":1309,"execution_duration":35140,"uploading_duration":685,"executable":"ellipsoids-openmp","args":["1.dat","131.log","131.xoutput"],"id":82,"resource":"128","request_start":1576622678612,"request_end":1576622755881,"request_duration":77269,"type":"128"}
{"start":1576622719294,"end":1576622755883,"duration":36589,"downloading_duration":1364,"execution_duration":34561,"uploading_duration":664,"executable":"ellipsoids-openmp","args":["1.dat","141.log","141.xoutput"],"id":92,"resource":"128","request_start":1576622678617,"request_end":1576622755909,"request_duration":77292,"type":"128"}
{"start":1576622719368,"end":1576622756056,"duration":36688,"downloading_duration":1304,"execution_duration":34661,"uploading_duration":723,"executable":"ellipsoids-openmp","args":["1.dat","143.log","143.xoutput"],"id":94,"resource":"128","request_start":1576622678618,"request_end":1576622756081,"request_duration":77463,"type":"128"}
{"start":1576622719306,"end":1576622756177,"duration":36871,"downloading_duration":1440,"execution_duration":34741,"uploading_duration":690,"executable":"ellipsoids-openmp","args":["1.dat","142.log","142.xoutput"],"id":93,"resource":"128","request_start":1576622678618,"request_end":1576622756201,"request_duration":77583,"type":"128"}
{"start":1576622718171,"end":1576622756227,"duration":38056,"downloading_duration":1460,"execution_duration":35940,"uploading_duration":656,"executable":"ellipsoids-openmp","args":["1.dat","121.log","121.xoutput"],"id":72,"resource":"128","request_start":1576622678606,"request_end":1576622756251,"request_duration":77645,"type":"128"}
{"start":1576622719681,"end":1576622756229,"duration":36548,"downloading_duration":1349,"execution_duration":34540,"uploading_duration":659,"executable":"ellipsoids-openmp","args":["3.dat","33.log","33.xoutput"],"id":144,"resource":"128","request_start":1576622678669,"request_end":1576622756253,"request_duration":77584,"type":"128"}
{"start":1576622719257,"end":1576622756239,"duration":36982,"downloading_duration":1320,"execution_duration":34980,"uploading_duration":682,"executable":"ellipsoids-openmp","args":["1.dat","139.log","139.xoutput"],"id":90,"resource":"128","request_start":1576622678616,"request_end":1576622756263,"request_duration":77647,"type":"128"}
{"start":1576622719931,"end":1576622756311,"duration":36380,"downloading_duration":1278,"execution_duration":34460,"uploading_duration":642,"executable":"ellipsoids-openmp","args":["3.dat","37.log","37.xoutput"],"id":148,"resource":"128","request_start":1576622678671,"request_end":1576622756335,"request_duration":77664,"type":"128"}
{"start":1576622718799,"end":1576622756332,"duration":37533,"downloading_duration":1534,"execution_duration":35340,"uploading_duration":659,"executable":"ellipsoids-openmp","args":["1.dat","135.log","135.xoutput"],"id":86,"resource":"128","request_start":1576622678614,"request_end":1576622756355,"request_duration":77741,"type":"128"}
{"start":1576622718657,"end":1576622756373,"duration":37716,"downloading_duration":1299,"execution_duration":35758,"uploading_duration":659,"executable":"ellipsoids-openmp","args":["1.dat","129.log","129.xoutput"],"id":80,"resource":"128","request_start":1576622678611,"request_end":1576622756396,"request_duration":77785,"type":"128"}
{"start":1576622719558,"end":1576622756412,"duration":36854,"downloading_duration":1260,"execution_duration":34920,"uploading_duration":674,"executable":"ellipsoids-openmp","args":["3.dat","32.log","32.xoutput"],"id":143,"resource":"128","request_start":1576622678668,"request_end":1576622756442,"request_duration":77774,"type":"128"}
{"start":1576622719436,"end":1576622756494,"duration":37058,"downloading_duration":1297,"execution_duration":35041,"uploading_duration":720,"executable":"ellipsoids-openmp","args":["1.dat","144.log","144.xoutput"],"id":95,"resource":"128","request_start":1576622678619,"request_end":1576622756521,"request_duration":77902,"type":"128"}
{"start":1576622719084,"end":1576622756514,"duration":37430,"downloading_duration":1382,"execution_duration":35399,"uploading_duration":649,"executable":"ellipsoids-openmp","args":["1.dat","137.log","137.xoutput"],"id":88,"resource":"128","request_start":1576622678615,"request_end":1576622756540,"request_duration":77925,"type":"128"}
{"start":1576622718625,"end":1576622756633,"duration":38008,"downloading_duration":1269,"execution_duration":36041,"uploading_duration":698,"executable":"ellipsoids-openmp","args":["1.dat","128.log","128.xoutput"],"id":79,"resource":"128","request_start":1576622678611,"request_end":1576622756660,"request_duration":78049,"type":"128"}
{"start":1576622719900,"end":1576622756753,"duration":36853,"downloading_duration":1290,"execution_duration":34820,"uploading_duration":743,"executable":"ellipsoids-openmp","args":["3.dat","35.log","35.xoutput"],"id":146,"resource":"128","request_start":1576622678670,"request_end":1576622756776,"request_duration":78106,"type":"128"}
{"start":1576622719184,"end":1576622756841,"duration":37657,"downloading_duration":1357,"execution_duration":35581,"uploading_duration":719,"executable":"ellipsoids-openmp","args":["1.dat","138.log","138.xoutput"],"id":89,"resource":"128","request_start":1576622678616,"request_end":1576622756864,"request_duration":78248,"type":"128"}
{"start":1576622720330,"end":1576622757020,"duration":36690,"downloading_duration":1334,"execution_duration":34600,"uploading_duration":756,"executable":"ellipsoids-openmp","args":["3.dat","39.log","39.xoutput"],"id":150,"resource":"128","request_start":1576622678672,"request_end":1576622757045,"request_duration":78373,"type":"128"}
{"start":1576622719260,"end":1576622757136,"duration":37876,"downloading_duration":1378,"execution_duration":35820,"uploading_duration":678,"executable":"ellipsoids-openmp","args":["1.dat","140.log","140.xoutput"],"id":91,"resource":"128","request_start":1576622678617,"request_end":1576622757159,"request_duration":78542,"type":"128"}
{"start":1576622718568,"end":1576622757141,"duration":38573,"downloading_duration":1899,"execution_duration":35920,"uploading_duration":754,"executable":"ellipsoids-openmp","args":["1.dat","127.log","127.xoutput"],"id":78,"resource":"128","request_start":1576622678610,"request_end":1576622757164,"request_duration":78554,"type":"128"}
{"start":1576622719487,"end":1576622757147,"duration":37660,"downloading_duration":1292,"execution_duration":35701,"uploading_duration":667,"executable":"ellipsoids-openmp","args":["3.dat","31.log","31.xoutput"],"id":142,"resource":"128","request_start":1576622678668,"request_end":1576622757181,"request_duration":78513,"type":"128"}
{"start":1576622719991,"end":1576622757470,"duration":37479,"downloading_duration":1391,"execution_duration":35421,"uploading_duration":667,"executable":"ellipsoids-openmp","args":["3.dat","38.log","38.xoutput"],"id":149,"resource":"128","request_start":1576622678672,"request_end":1576622757494,"request_duration":78822,"type":"128"}
{"start":1576622719443,"end":1576622757765,"duration":38322,"downloading_duration":1384,"execution_duration":36220,"uploading_duration":718,"executable":"ellipsoids-openmp","args":["3.dat","30.log","30.xoutput"],"id":141,"resource":"128","request_start":1576622678667,"request_end":1576622757794,"request_duration":79127,"type":"128"}
{"start":1576622719902,"end":1576622758433,"duration":38531,"downloading_duration":1376,"execution_duration":36441,"uploading_duration":714,"executable":"ellipsoids-openmp","args":["3.dat","36.log","36.xoutput"],"id":147,"resource":"128","request_start":1576622678671,"request_end":1576622758460,"request_duration":79789,"type":"128"}
{"start":1576622741132,"end":1576622771936,"duration":30804,"downloading_duration":1303,"execution_duration":28660,"uploading_duration":841,"executable":"ellipsoids-openmp","args":["3.dat","310.log","310.xoutput"],"id":151,"resource":"128","request_start":1576622678673,"request_end":1576622771960,"request_duration":93287,"type":"128"}
{"start":1576622743156,"end":1576622772374,"duration":29218,"downloading_duration":1371,"execution_duration":27181,"uploading_duration":666,"executable":"ellipsoids-openmp","args":["3.dat","312.log","312.xoutput"],"id":153,"resource":"128","request_start":1576622678674,"request_end":1576622772407,"request_duration":93733,"type":"128"}
{"start":1576622743286,"end":1576622773321,"duration":30035,"downloading_duration":1336,"execution_duration":28000,"uploading_duration":699,"executable":"ellipsoids-openmp","args":["3.dat","313.log","313.xoutput"],"id":154,"resource":"128","request_start":1576622678674,"request_end":1576622773345,"request_duration":94671,"type":"128"}
{"start":1576622743068,"end":1576622773807,"duration":30739,"downloading_duration":1320,"execution_duration":28741,"uploading_duration":678,"executable":"ellipsoids-openmp","args":["3.dat","311.log","311.xoutput"],"id":152,"resource":"128","request_start":1576622678673,"request_end":1576622773830,"request_duration":95157,"type":"128"}
{"start":1576622743900,"end":1576622776196,"duration":32296,"downloading_duration":1404,"execution_duration":30221,"uploading_duration":671,"executable":"ellipsoids-openmp","args":["3.dat","314.log","314.xoutput"],"id":155,"resource":"128","request_start":1576622678675,"request_end":1576622776228,"request_duration":97553,"type":"128"}
{"start":1576622752450,"end":1576622788035,"duration":35585,"downloading_duration":1320,"execution_duration":33581,"uploading_duration":684,"executable":"ellipsoids-openmp","args":["3.dat","317.log","317.xoutput"],"id":158,"resource":"128","request_start":1576622678676,"request_end":1576622788078,"request_duration":109402,"type":"128"}
{"start":1576622751721,"end":1576622788500,"duration":36779,"downloading_duration":1335,"execution_duration":34740,"uploading_duration":704,"executable":"ellipsoids-openmp","args":["3.dat","315.log","315.xoutput"],"id":156,"resource":"128","request_start":1576622678675,"request_end":1576622788525,"request_duration":109850,"type":"128"}
{"start":1576622752110,"end":1576622788857,"duration":36747,"downloading_duration":1324,"execution_duration":34801,"uploading_duration":622,"executable":"ellipsoids-openmp","args":["3.dat","316.log","316.xoutput"],"id":157,"resource":"128","request_start":1576622678676,"request_end":1576622788881,"request_duration":110205,"type":"128"}
{"start":1576622753399,"end":1576622789529,"duration":36130,"downloading_duration":1424,"execution_duration":34001,"uploading_duration":705,"executable":"ellipsoids-openmp","args":["3.dat","319.log","319.xoutput"],"id":160,"resource":"128","request_start":1576622678677,"request_end":1576622789553,"request_duration":110876,"type":"128"}
{"start":1576622753366,"end":1576622789590,"duration":36224,"downloading_duration":1279,"execution_duration":34260,"uploading_duration":685,"executable":"ellipsoids-openmp","args":["3.dat","318.log","318.xoutput"],"id":159,"resource":"128","request_start":1576622678677,"request_end":1576622789612,"request_duration":110935,"type":"128"}
{"start":1576622753837,"end":1576622790081,"duration":36244,"downloading_duration":1304,"execution_duration":34180,"uploading_duration":760,"executable":"ellipsoids-openmp","args":["3.dat","320.log","320.xoutput"],"id":161,"resource":"128","request_start":1576622678678,"request_end":1576622790105,"request_duration":111427,"type":"128"}
{"start":1576622754575,"end":1576622791004,"duration":36429,"downloading_duration":1329,"execution_duration":34521,"uploading_duration":579,"executable":"ellipsoids-openmp","args":["3.dat","322.log","322.xoutput"],"id":163,"resource":"128","request_start":1576622678679,"request_end":1576622791031,"request_duration":112352,"type":"128"}
{"start":1576622754840,"end":1576622791960,"duration":37120,"downloading_duration":1393,"execution_duration":35080,"uploading_duration":647,"executable":"ellipsoids-openmp","args":["3.dat","325.log","325.xoutput"],"id":166,"resource":"128","request_start":1576622678680,"request_end":1576622791984,"request_duration":113304,"type":"128"}
{"start":1576622755013,"end":1576622791979,"duration":36966,"downloading_duration":1293,"execution_duration":35040,"uploading_duration":633,"executable":"ellipsoids-openmp","args":["3.dat","326.log","326.xoutput"],"id":167,"resource":"128","request_start":1576622678681,"request_end":1576622792007,"request_duration":113326,"type":"128"}
{"start":1576622755237,"end":1576622792252,"duration":37015,"downloading_duration":1286,"execution_duration":34921,"uploading_duration":808,"executable":"ellipsoids-openmp","args":["3.dat","329.log","329.xoutput"],"id":170,"resource":"128","request_start":1576622678682,"request_end":1576622792277,"request_duration":113595,"type":"128"}
{"start":1576622755225,"end":1576622792326,"duration":37101,"downloading_duration":1402,"execution_duration":34981,"uploading_duration":718,"executable":"ellipsoids-openmp","args":["3.dat","327.log","327.xoutput"],"id":168,"resource":"128","request_start":1576622678681,"request_end":1576622792349,"request_duration":113668,"type":"128"}
{"start":1576622755457,"end":1576622792693,"duration":37236,"downloading_duration":1435,"execution_duration":35120,"uploading_duration":681,"executable":"ellipsoids-openmp","args":["3.dat","331.log","331.xoutput"],"id":172,"resource":"128","request_start":1576622678683,"request_end":1576622792720,"request_duration":114037,"type":"128"}
{"start":1576622754505,"end":1576622792744,"duration":38239,"downloading_duration":1356,"execution_duration":36220,"uploading_duration":663,"executable":"ellipsoids-openmp","args":["3.dat","321.log","321.xoutput"],"id":162,"resource":"128","request_start":1576622678678,"request_end":1576622792769,"request_duration":114091,"type":"128"}
{"start":1576622754609,"end":1576622792793,"duration":38184,"downloading_duration":1480,"execution_duration":35980,"uploading_duration":724,"executable":"ellipsoids-openmp","args":["3.dat","323.log","323.xoutput"],"id":164,"resource":"128","request_start":1576622678679,"request_end":1576622792819,"request_duration":114140,"type":"128"}
{"start":1576622755509,"end":1576622792908,"duration":37399,"downloading_duration":1309,"execution_duration":35300,"uploading_duration":790,"executable":"ellipsoids-openmp","args":["3.dat","332.log","332.xoutput"],"id":173,"resource":"128","request_start":1576622678684,"request_end":1576622792932,"request_duration":114248,"type":"128"}
{"start":1576622755909,"end":1576622793085,"duration":37176,"downloading_duration":1349,"execution_duration":35180,"uploading_duration":647,"executable":"ellipsoids-openmp","args":["3.dat","337.log","337.xoutput"],"id":178,"resource":"128","request_start":1576622678686,"request_end":1576622793109,"request_duration":114423,"type":"128"}
{"start":1576622756362,"end":1576622793252,"duration":36890,"downloading_duration":1371,"execution_duration":34880,"uploading_duration":639,"executable":"ellipsoids-openmp","args":["3.dat","344.log","344.xoutput"],"id":185,"resource":"128","request_start":1576622678690,"request_end":1576622793275,"request_duration":114585,"type":"128"}
{"start":1576622756279,"end":1576622793284,"duration":37005,"downloading_duration":1351,"execution_duration":34960,"uploading_duration":694,"executable":"ellipsoids-openmp","args":["3.dat","342.log","342.xoutput"],"id":183,"resource":"128","request_start":1576622678689,"request_end":1576622793310,"request_duration":114621,"type":"128"}
{"start":1576622756298,"end":1576622793289,"duration":36991,"downloading_duration":1352,"execution_duration":34981,"uploading_duration":658,"executable":"ellipsoids-openmp","args":["3.dat","343.log","343.xoutput"],"id":184,"resource":"128","request_start":1576622678689,"request_end":1576622793313,"request_duration":114624,"type":"128"}
{"start":1576622755655,"end":1576622793304,"duration":37649,"downloading_duration":1329,"execution_duration":35661,"uploading_duration":659,"executable":"ellipsoids-openmp","args":["3.dat","334.log","334.xoutput"],"id":175,"resource":"128","request_start":1576622678685,"request_end":1576622793330,"request_duration":114645,"type":"128"}
{"start":1576622755669,"end":1576622793324,"duration":37655,"downloading_duration":1321,"execution_duration":35680,"uploading_duration":654,"executable":"ellipsoids-openmp","args":["3.dat","335.log","335.xoutput"],"id":176,"resource":"128","request_start":1576622678685,"request_end":1576622793348,"request_duration":114663,"type":"128"}
{"start":1576622755235,"end":1576622793365,"duration":38130,"downloading_duration":1456,"execution_duration":35940,"uploading_duration":734,"executable":"ellipsoids-openmp","args":["3.dat","328.log","328.xoutput"],"id":169,"resource":"128","request_start":1576622678682,"request_end":1576622793387,"request_duration":114705,"type":"128"}
{"start":1576622755576,"end":1576622793427,"duration":37851,"downloading_duration":1320,"execution_duration":35840,"uploading_duration":691,"executable":"ellipsoids-openmp","args":["3.dat","333.log","333.xoutput"],"id":174,"resource":"128","request_start":1576622678684,"request_end":1576622793449,"request_duration":114765,"type":"128"}
{"start":1576622755810,"end":1576622793535,"duration":37725,"downloading_duration":1687,"execution_duration":35320,"uploading_duration":718,"executable":"ellipsoids-openmp","args":["3.dat","336.log","336.xoutput"],"id":177,"resource":"128","request_start":1576622678686,"request_end":1576622793560,"request_duration":114874,"type":"128"}
{"start":1576622755929,"end":1576622793571,"duration":37642,"downloading_duration":1336,"execution_duration":35660,"uploading_duration":646,"executable":"ellipsoids-openmp","args":["3.dat","338.log","338.xoutput"],"id":179,"resource":"128","request_start":1576622678687,"request_end":1576622793594,"request_duration":114907,"type":"128"}
{"start":1576622755307,"end":1576622793661,"duration":38354,"downloading_duration":1284,"execution_duration":36400,"uploading_duration":670,"executable":"ellipsoids-openmp","args":["3.dat","330.log","330.xoutput"],"id":171,"resource":"128","request_start":1576622678683,"request_end":1576622793687,"request_duration":115004,"type":"128"}
{"start":1576622756276,"end":1576622793875,"duration":37599,"downloading_duration":1281,"execution_duration":35680,"uploading_duration":638,"executable":"ellipsoids-openmp","args":["3.dat","341.log","341.xoutput"],"id":182,"resource":"128","request_start":1576622678688,"request_end":1576622793902,"request_duration":115214,"type":"128"}
{"start":1576622756223,"end":1576622793934,"duration":37711,"downloading_duration":1523,"execution_duration":35461,"uploading_duration":727,"executable":"ellipsoids-openmp","args":["3.dat","340.log","340.xoutput"],"id":181,"resource":"128","request_start":1576622678688,"request_end":1576622794041,"request_duration":115353,"type":"128"}
{"start":1576622754658,"end":1576622794088,"duration":39430,"downloading_duration":1359,"execution_duration":37340,"uploading_duration":731,"executable":"ellipsoids-openmp","args":["3.dat","324.log","324.xoutput"],"id":165,"resource":"128","request_start":1576622678680,"request_end":1576622794112,"request_duration":115432,"type":"128"}
{"start":1576622756565,"end":1576622794718,"duration":38153,"downloading_duration":1308,"execution_duration":36181,"uploading_duration":664,"executable":"ellipsoids-openmp","args":["2.dat","28.log","28.xoutput"],"id":104,"resource":"128","request_start":1576622678692,"request_end":1576622794743,"request_duration":116051,"type":"128"}
{"start":1576622756107,"end":1576622794747,"duration":38640,"downloading_duration":1345,"execution_duration":36541,"uploading_duration":754,"executable":"ellipsoids-openmp","args":["3.dat","339.log","339.xoutput"],"id":180,"resource":"128","request_start":1576622678687,"request_end":1576622794769,"request_duration":116082,"type":"128"}
{"start":1576622756889,"end":1576622795209,"duration":38320,"downloading_duration":1312,"execution_duration":36320,"uploading_duration":688,"executable":"ellipsoids-openmp","args":["2.dat","211.log","211.xoutput"],"id":107,"resource":"128","request_start":1576622678694,"request_end":1576622795233,"request_duration":116539,"type":"128"}
{"start":1576622756463,"end":1576622795367,"duration":38904,"downloading_duration":1270,"execution_duration":36881,"uploading_duration":753,"executable":"ellipsoids-openmp","args":["2.dat","26.log","26.xoutput"],"id":102,"resource":"128","request_start":1576622678691,"request_end":1576622795392,"request_duration":116701,"type":"128"}
{"start":1576622757207,"end":1576622796046,"duration":38839,"downloading_duration":1311,"execution_duration":36840,"uploading_duration":688,"executable":"ellipsoids-openmp","args":["2.dat","215.log","215.xoutput"],"id":111,"resource":"128","request_start":1576622678696,"request_end":1576622796070,"request_duration":117374,"type":"128"}
{"start":1576622756549,"end":1576622796222,"duration":39673,"downloading_duration":1356,"execution_duration":37600,"uploading_duration":717,"executable":"ellipsoids-openmp","args":["2.dat","27.log","27.xoutput"],"id":103,"resource":"128","request_start":1576622678692,"request_end":1576622796244,"request_duration":117552,"type":"128"}
{"start":1576622757187,"end":1576622796288,"duration":39101,"downloading_duration":1300,"execution_duration":37100,"uploading_duration":701,"executable":"ellipsoids-openmp","args":["2.dat","214.log","214.xoutput"],"id":110,"resource":"128","request_start":1576622678695,"request_end":1576622796312,"request_duration":117617,"type":"128"}
{"start":1576622757184,"end":1576622796306,"duration":39122,"downloading_duration":1276,"execution_duration":37040,"uploading_duration":806,"executable":"ellipsoids-openmp","args":["2.dat","213.log","213.xoutput"],"id":109,"resource":"128","request_start":1576622678695,"request_end":1576622796329,"request_duration":117634,"type":"128"}
{"start":1576622756419,"end":1576622796329,"duration":39910,"downloading_duration":1318,"execution_duration":37921,"uploading_duration":671,"executable":"ellipsoids-openmp","args":["2.dat","25.log","25.xoutput"],"id":101,"resource":"128","request_start":1576622678691,"request_end":1576622796354,"request_duration":117663,"type":"128"}
{"start":1576622756375,"end":1576622796514,"duration":40139,"downloading_duration":1294,"execution_duration":38121,"uploading_duration":724,"executable":"ellipsoids-openmp","args":["2.dat","24.log","24.xoutput"],"id":100,"resource":"128","request_start":1576622678690,"request_end":1576622796536,"request_duration":117846,"type":"128"}
{"start":1576622757072,"end":1576622796642,"duration":39570,"downloading_duration":1392,"execution_duration":37521,"uploading_duration":657,"executable":"ellipsoids-openmp","args":["2.dat","212.log","212.xoutput"],"id":108,"resource":"128","request_start":1576622678694,"request_end":1576622796664,"request_duration":117970,"type":"128"}
{"start":1576622756686,"end":1576622796705,"duration":40019,"downloading_duration":1328,"execution_duration":38061,"uploading_duration":630,"executable":"ellipsoids-openmp","args":["2.dat","29.log","29.xoutput"],"id":105,"resource":"128","request_start":1576622678693,"request_end":1576622796729,"request_duration":118036,"type":"128"}
{"start":1576622757519,"end":1576622796761,"duration":39242,"downloading_duration":1324,"execution_duration":37220,"uploading_duration":698,"executable":"ellipsoids-openmp","args":["2.dat","216.log","216.xoutput"],"id":112,"resource":"128","request_start":1576622678696,"request_end":1576622796784,"request_duration":118088,"type":"128"}
{"start":1576622756810,"end":1576622796858,"duration":40048,"downloading_duration":1340,"execution_duration":38040,"uploading_duration":668,"executable":"ellipsoids-openmp","args":["2.dat","210.log","210.xoutput"],"id":106,"resource":"128","request_start":1576622678693,"request_end":1576622796882,"request_duration":118189,"type":"128"}
{"start":1576622757825,"end":1576622797766,"duration":39941,"downloading_duration":1302,"execution_duration":37961,"uploading_duration":678,"executable":"ellipsoids-openmp","args":["2.dat","217.log","217.xoutput"],"id":113,"resource":"128","request_start":1576622678697,"request_end":1576622797797,"request_duration":119100,"type":"128"}
{"start":1576622758486,"end":1576622798263,"duration":39777,"downloading_duration":1353,"execution_duration":37740,"uploading_duration":684,"executable":"ellipsoids-openmp","args":["2.dat","218.log","218.xoutput"],"id":114,"resource":"128","request_start":1576622678697,"request_end":1576622798286,"request_duration":119589,"type":"128"}
{"start":1576622793714,"end":1576622798271,"duration":4557,"downloading_duration":4077,"execution_duration":60,"uploading_duration":420,"executable":"mean-pack-ell","args":["00.xoutput","01.xoutput","02.xoutput","03.xoutput","04.xoutput","05.xoutput","06.xoutput","07.xoutput","08.xoutput","09.xoutput","010.xoutput","011.xoutput","012.xoutput","013.xoutput","014.xoutput","015.xoutput","016.xoutput","017.xoutput","018.xoutput","019.xoutput","020.xoutput","021.xoutput","022.xoutput","023.xoutput","024.xoutput","025.xoutput","026.xoutput","027.xoutput","028.xoutput","029.xoutput","030.xoutput","031.xoutput","032.xoutput","033.xoutput","034.xoutput","035.xoutput","036.xoutput","037.xoutput","038.xoutput","039.xoutput","040.xoutput","041.xoutput","042.xoutput","043.xoutput","044.xoutput","average_0.txt"],"id":186,"resource":"128","request_start":1576622720324,"request_end":1576622798295,"request_duration":77971,"type":"128"}
{"start":1576622793936,"end":1576622798695,"duration":4759,"downloading_duration":4241,"execution_duration":60,"uploading_duration":458,"executable":"mean-pack-ell","args":["10.xoutput","11.xoutput","12.xoutput","13.xoutput","14.xoutput","15.xoutput","16.xoutput","17.xoutput","18.xoutput","19.xoutput","110.xoutput","111.xoutput","112.xoutput","113.xoutput","114.xoutput","115.xoutput","116.xoutput","117.xoutput","118.xoutput","119.xoutput","120.xoutput","121.xoutput","122.xoutput","123.xoutput","124.xoutput","125.xoutput","126.xoutput","127.xoutput","128.xoutput","129.xoutput","130.xoutput","131.xoutput","132.xoutput","133.xoutput","134.xoutput","135.xoutput","136.xoutput","137.xoutput","138.xoutput","139.xoutput","140.xoutput","141.xoutput","142.xoutput","143.xoutput","144.xoutput","average_1.txt"],"id":187,"resource":"128","request_start":1576622757168,"request_end":1576622798719,"request_duration":41551,"type":"128"}
{"start":1576622795019,"end":1576622799528,"duration":4509,"downloading_duration":4013,"execution_duration":60,"uploading_duration":436,"executable":"mean-pack-ell","args":["30.xoutput","31.xoutput","32.xoutput","33.xoutput","34.xoutput","35.xoutput","36.xoutput","37.xoutput","38.xoutput","39.xoutput","310.xoutput","311.xoutput","312.xoutput","313.xoutput","314.xoutput","315.xoutput","316.xoutput","317.xoutput","318.xoutput","319.xoutput","320.xoutput","321.xoutput","322.xoutput","323.xoutput","324.xoutput","325.xoutput","326.xoutput","327.xoutput","328.xoutput","329.xoutput","330.xoutput","331.xoutput","332.xoutput","333.xoutput","334.xoutput","335.xoutput","336.xoutput","337.xoutput","338.xoutput","339.xoutput","340.xoutput","341.xoutput","342.xoutput","343.xoutput","344.xoutput","average_3.txt"],"id":189,"resource":"128","request_start":1576622794780,"request_end":1576622799553,"request_duration":4773,"type":"128"}
{"start":1576622771980,"end":1576622803286,"duration":31306,"downloading_duration":1315,"execution_duration":29281,"uploading_duration":710,"executable":"ellipsoids-openmp","args":["2.dat","219.log","219.xoutput"],"id":115,"resource":"128","request_start":1576622678698,"request_end":1576622803310,"request_duration":124612,"type":"128"}
{"start":1576622772431,"end":1576622804212,"duration":31781,"downloading_duration":1316,"execution_duration":29821,"uploading_duration":644,"executable":"ellipsoids-openmp","args":["2.dat","220.log","220.xoutput"],"id":116,"resource":"128","request_start":1576622678699,"request_end":1576622804235,"request_duration":125536,"type":"128"}
{"start":1576622773853,"end":1576622804436,"duration":30583,"downloading_duration":1375,"execution_duration":28501,"uploading_duration":707,"executable":"ellipsoids-openmp","args":["2.dat","222.log","222.xoutput"],"id":118,"resource":"128","request_start":1576622678700,"request_end":1576622804460,"request_duration":125760,"type":"128"}
{"start":1576622773366,"end":1576622806063,"duration":32697,"downloading_duration":1316,"execution_duration":30741,"uploading_duration":640,"executable":"ellipsoids-openmp","args":["2.dat","221.log","221.xoutput"],"id":117,"resource":"128","request_start":1576622678699,"request_end":1576622806085,"request_duration":127386,"type":"128"}
{"start":1576622776250,"end":1576622806806,"duration":30556,"downloading_duration":1394,"execution_duration":28461,"uploading_duration":701,"executable":"ellipsoids-openmp","args":["2.dat","223.log","223.xoutput"],"id":119,"resource":"128","request_start":1576622678700,"request_end":1576622806831,"request_duration":128131,"type":"128"}
{"start":1576622788102,"end":1576622826041,"duration":37939,"downloading_duration":1289,"execution_duration":35980,"uploading_duration":670,"executable":"ellipsoids-openmp","args":["2.dat","224.log","224.xoutput"],"id":120,"resource":"128","request_start":1576622678701,"request_end":1576622826150,"request_duration":147449,"type":"128"}
{"start":1576622788551,"end":1576622827412,"duration":38861,"downloading_duration":1304,"execution_duration":36841,"uploading_duration":716,"executable":"ellipsoids-openmp","args":["2.dat","225.log","225.xoutput"],"id":121,"resource":"128","request_start":1576622678701,"request_end":1576622827437,"request_duration":148736,"type":"128"}
{"start":1576622791061,"end":1576622828101,"duration":37040,"downloading_duration":1323,"execution_duration":35041,"uploading_duration":676,"executable":"ellipsoids-openmp","args":["2.dat","230.log","230.xoutput"],"id":126,"resource":"128","request_start":1576622678704,"request_end":1576622828126,"request_duration":149422,"type":"128"}
{"start":1576622789576,"end":1576622829252,"duration":39676,"downloading_duration":1307,"execution_duration":37701,"uploading_duration":668,"executable":"ellipsoids-openmp","args":["2.dat","227.log","227.xoutput"],"id":123,"resource":"128","request_start":1576622678702,"request_end":1576622829274,"request_duration":150572,"type":"128"}
{"start":1576622788906,"end":1576622829075,"duration":40169,"downloading_duration":1369,"execution_duration":38120,"uploading_duration":680,"executable":"ellipsoids-openmp","args":["2.dat","226.log","226.xoutput"],"id":122,"resource":"128","request_start":1576622678702,"request_end":1576622829397,"request_duration":150695,"type":"128"}
{"start":1576622789635,"end":1576622829428,"duration":39793,"downloading_duration":1369,"execution_duration":37741,"uploading_duration":683,"executable":"ellipsoids-openmp","args":["2.dat","228.log","228.xoutput"],"id":124,"resource":"128","request_start":1576622678703,"request_end":1576622829450,"request_duration":150747,"type":"128"}
{"start":1576622790128,"end":1576622830744,"duration":40616,"downloading_duration":1293,"execution_duration":38600,"uploading_duration":723,"executable":"ellipsoids-openmp","args":["2.dat","229.log","229.xoutput"],"id":125,"resource":"128","request_start":1576622678703,"request_end":1576622830770,"request_duration":152067,"type":"128"}
{"start":1576622792745,"end":1576622832148,"duration":39403,"downloading_duration":1367,"execution_duration":37401,"uploading_duration":635,"executable":"ellipsoids-openmp","args":["2.dat","235.log","235.xoutput"],"id":131,"resource":"128","request_start":1576622678707,"request_end":1576622832173,"request_duration":153466,"type":"128"}
{"start":1576622792303,"end":1576622832185,"duration":39882,"downloading_duration":1520,"execution_duration":37721,"uploading_duration":641,"executable":"ellipsoids-openmp","args":["2.dat","233.log","233.xoutput"],"id":129,"resource":"128","request_start":1576622678705,"request_end":1576622832208,"request_duration":153503,"type":"128"}
{"start":1576622792013,"end":1576622832303,"duration":40290,"downloading_duration":1253,"execution_duration":38340,"uploading_duration":697,"executable":"ellipsoids-openmp","args":["2.dat","231.log","231.xoutput"],"id":127,"resource":"128","request_start":1576622678704,"request_end":1576622832326,"request_duration":153622,"type":"128"}
{"start":1576622792371,"end":1576622832427,"duration":40056,"downloading_duration":1477,"execution_duration":37700,"uploading_duration":879,"executable":"ellipsoids-openmp","args":["2.dat","234.log","234.xoutput"],"id":130,"resource":"128","request_start":1576622678707,"request_end":1576622832449,"request_duration":153742,"type":"128"}
{"start":1576622792053,"end":1576622832692,"duration":40639,"downloading_duration":1520,"execution_duration":38480,"uploading_duration":639,"executable":"ellipsoids-openmp","args":["2.dat","232.log","232.xoutput"],"id":128,"resource":"128","request_start":1576622678705,"request_end":1576622832718,"request_duration":154013,"type":"128"}
{"start":1576622793585,"end":1576622832808,"duration":39223,"downloading_duration":1540,"execution_duration":36940,"uploading_duration":743,"executable":"ellipsoids-openmp","args":["2.dat","22.log","22.xoutput"],"id":98,"resource":"128","request_start":1576622678714,"request_end":1576622832831,"request_duration":154117,"type":"128"}
{"start":1576622793623,"end":1576622832819,"duration":39196,"downloading_duration":1374,"execution_duration":36961,"uploading_duration":861,"executable":"ellipsoids-openmp","args":["2.dat","23.log","23.xoutput"],"id":99,"resource":"128","request_start":1576622678715,"request_end":1576622832841,"request_duration":154126,"type":"128"}
{"start":1576622792844,"end":1576622833479,"duration":40635,"downloading_duration":1265,"execution_duration":38740,"uploading_duration":630,"executable":"ellipsoids-openmp","args":["2.dat","237.log","237.xoutput"],"id":133,"resource":"128","request_start":1576622678708,"request_end":1576622833502,"request_duration":154794,"type":"128"}
{"start":1576622793341,"end":1576622833824,"duration":40483,"downloading_duration":1324,"execution_duration":38480,"uploading_duration":679,"executable":"ellipsoids-openmp","args":["2.dat","242.log","242.xoutput"],"id":138,"resource":"128","request_start":1576622678711,"request_end":1576622833937,"request_duration":155226,"type":"128"}
{"start":1576622793131,"end":1576622833910,"duration":40779,"downloading_duration":1407,"execution_duration":38680,"uploading_duration":692,"executable":"ellipsoids-openmp","args":["2.dat","239.log","239.xoutput"],"id":135,"resource":"128","request_start":1576622678709,"request_end":1576622833950,"request_duration":155241,"type":"128"}
{"start":1576622793303,"end":1576622833911,"duration":40608,"downloading_duration":1408,"execution_duration":38100,"uploading_duration":1100,"executable":"ellipsoids-openmp","args":["2.dat","240.log","240.xoutput"],"id":136,"resource":"128","request_start":1576622678710,"request_end":1576622833957,"request_duration":155247,"type":"128"}
{"start":1576622792956,"end":1576622834013,"duration":41057,"downloading_duration":1363,"execution_duration":38960,"uploading_duration":734,"executable":"ellipsoids-openmp","args":["2.dat","238.log","238.xoutput"],"id":134,"resource":"128","request_start":1576622678709,"request_end":1576622834039,"request_duration":155330,"type":"128"}
{"start":1576622793411,"end":1576622834518,"duration":41107,"downloading_duration":1322,"execution_duration":39160,"uploading_duration":625,"executable":"ellipsoids-openmp","args":["2.dat","20.log","20.xoutput"],"id":96,"resource":"128","request_start":1576622678713,"request_end":1576622834539,"request_duration":155826,"type":"128"}
{"start":1576622793334,"end":1576622834783,"duration":41449,"downloading_duration":1376,"execution_duration":39380,"uploading_duration":693,"executable":"ellipsoids-openmp","args":["2.dat","241.log","241.xoutput"],"id":137,"resource":"128","request_start":1576622678711,"request_end":1576622834809,"request_duration":156098,"type":"128"}
{"start":1576622792793,"end":1576622834999,"duration":42206,"downloading_duration":1388,"execution_duration":40120,"uploading_duration":698,"executable":"ellipsoids-openmp","args":["2.dat","236.log","236.xoutput"],"id":132,"resource":"128","request_start":1576622678708,"request_end":1576622835023,"request_duration":156315,"type":"128"}
{"start":1576622793376,"end":1576622835283,"duration":41907,"downloading_duration":1454,"execution_duration":39781,"uploading_duration":672,"executable":"ellipsoids-openmp","args":["2.dat","244.log","244.xoutput"],"id":140,"resource":"128","request_start":1576622678712,"request_end":1576622835307,"request_duration":156595,"type":"128"}
{"start":1576622793480,"end":1576622835466,"duration":41986,"downloading_duration":1316,"execution_duration":40000,"uploading_duration":670,"executable":"ellipsoids-openmp","args":["2.dat","21.log","21.xoutput"],"id":97,"resource":"128","request_start":1576622678713,"request_end":1576622835488,"request_duration":156775,"type":"128"}
{"start":1576622793366,"end":1576622835736,"duration":42370,"downloading_duration":1364,"execution_duration":40340,"uploading_duration":666,"executable":"ellipsoids-openmp","args":["2.dat","243.log","243.xoutput"],"id":139,"resource":"128","request_start":1576622678712,"request_end":1576622835758,"request_duration":157046,"type":"128"}
{"start":1576622836046,"end":1576622841035,"duration":4989,"downloading_duration":4465,"execution_duration":59,"uploading_duration":465,"executable":"mean-pack-ell","args":["20.xoutput","21.xoutput","22.xoutput","23.xoutput","24.xoutput","25.xoutput","26.xoutput","27.xoutput","28.xoutput","29.xoutput","210.xoutput","211.xoutput","212.xoutput","213.xoutput","214.xoutput","215.xoutput","216.xoutput","217.xoutput","218.xoutput","219.xoutput","220.xoutput","221.xoutput","222.xoutput","223.xoutput","224.xoutput","225.xoutput","226.xoutput","227.xoutput","228.xoutput","229.xoutput","230.xoutput","231.xoutput","232.xoutput","233.xoutput","234.xoutput","235.xoutput","236.xoutput","237.xoutput","238.xoutput","239.xoutput","240.xoutput","241.xoutput","242.xoutput","243.xoutput","244.xoutput","average_2.txt"],"id":188,"resource":"128","request_start":1576622835763,"request_end":1576622841058,"request_duration":5295,"type":"128"}
{"start":1576622841193,"end":1576622843515,"duration":2322,"downloading_duration":757,"execution_duration":1101,"uploading_duration":464,"executable":"summary.js","args":[],"id":190,"resource":"128","request_start":1576622841067,"request_end":1576622843538,"request_duration":2471,"type":"128"}
