{"start":1576622844209,"end":1576622846354,"duration":2145,"downloading_duration":621,"execution_duration":1022,"uploading_duration":502,"executable":"generateData.js","args":[],"id":1,"resource":"128","request_start":1576622844053,"request_end":1576622846392,"request_duration":2339,"type":"128"}
{"start":1576622846534,"end":1576622848480,"duration":1946,"downloading_duration":436,"execution_duration":1061,"uploading_duration":449,"executable":"createDat.js","args":["0.dat"],"id":2,"resource":"128","request_start":1576622846407,"request_end":1576622848619,"request_duration":2212,"type":"128"}
{"start":1576622846550,"end":1576622848496,"duration":1946,"downloading_duration":466,"execution_duration":1022,"uploading_duration":458,"executable":"createDat.js","args":["1.dat"],"id":3,"resource":"128","request_start":1576622846416,"request_end":1576622848622,"request_duration":2206,"type":"128"}
{"start":1576622846559,"end":1576622848569,"duration":2010,"downloading_duration":482,"execution_duration":1062,"uploading_duration":466,"executable":"createDat.js","args":["3.dat"],"id":5,"resource":"128","request_start":1576622846427,"request_end":1576622848643,"request_duration":2216,"type":"128"}
{"start":1576622846556,"end":1576622848570,"duration":2014,"downloading_duration":454,"execution_duration":1102,"uploading_duration":458,"executable":"createDat.js","args":["2.dat"],"id":4,"resource":"128","request_start":1576622846422,"request_end":1576622848645,"request_duration":2223,"type":"128"}
{"start":1576622849123,"end":1576622878599,"duration":29476,"downloading_duration":1342,"execution_duration":27140,"uploading_duration":994,"executable":"ellipsoids-openmp","args":["0.dat","028.log","028.xoutput"],"id":34,"resource":"128","request_start":1576622848711,"request_end":1576622878625,"request_duration":29914,"type":"128"}
{"start":1576622849131,"end":1576622879447,"duration":30316,"downloading_duration":1397,"execution_duration":28260,"uploading_duration":659,"executable":"ellipsoids-openmp","args":["0.dat","032.log","032.xoutput"],"id":38,"resource":"128","request_start":1576622848715,"request_end":1576622879474,"request_duration":30759,"type":"128"}
{"start":1576622849130,"end":1576622879818,"duration":30688,"downloading_duration":1340,"execution_duration":28700,"uploading_duration":648,"executable":"ellipsoids-openmp","args":["0.dat","031.log","031.xoutput"],"id":37,"resource":"128","request_start":1576622848714,"request_end":1576622879843,"request_duration":31129,"type":"128"}
{"start":1576622849126,"end":1576622879926,"duration":30800,"downloading_duration":1357,"execution_duration":28782,"uploading_duration":661,"executable":"ellipsoids-openmp","args":["0.dat","029.log","029.xoutput"],"id":35,"resource":"128","request_start":1576622848712,"request_end":1576622879949,"request_duration":31237,"type":"128"}
{"start":1576622849133,"end":1576622881276,"duration":32143,"downloading_duration":1284,"execution_duration":30240,"uploading_duration":619,"executable":"ellipsoids-openmp","args":["0.dat","033.log","033.xoutput"],"id":39,"resource":"128","request_start":1576622848716,"request_end":1576622881304,"request_duration":32588,"type":"128"}
{"start":1576622849205,"end":1576622886415,"duration":37210,"downloading_duration":1402,"execution_duration":35160,"uploading_duration":648,"executable":"ellipsoids-openmp","args":["1.dat","12.log","12.xoutput"],"id":53,"resource":"128","request_start":1576622848804,"request_end":1576622886441,"request_duration":37637,"type":"128"}
{"start":1576622849209,"end":1576622886544,"duration":37335,"downloading_duration":1312,"execution_duration":35339,"uploading_duration":684,"executable":"ellipsoids-openmp","args":["1.dat","13.log","13.xoutput"],"id":54,"resource":"128","request_start":1576622848805,"request_end":1576622886589,"request_duration":37784,"type":"128"}
{"start":1576622849058,"end":1576622886953,"duration":37895,"downloading_duration":1449,"execution_duration":35801,"uploading_duration":645,"executable":"ellipsoids-openmp","args":["0.dat","020.log","020.xoutput"],"id":26,"resource":"128","request_start":1576622848701,"request_end":1576622886980,"request_duration":38279,"type":"128"}
{"start":1576622849204,"end":1576622887009,"duration":37805,"downloading_duration":1436,"execution_duration":35761,"uploading_duration":608,"executable":"ellipsoids-openmp","args":["0.dat","02.log","02.xoutput"],"id":8,"resource":"128","request_start":1576622848731,"request_end":1576622887033,"request_duration":38302,"type":"128"}
{"start":1576622849061,"end":1576622887151,"duration":38090,"downloading_duration":1320,"execution_duration":35880,"uploading_duration":890,"executable":"ellipsoids-openmp","args":["0.dat","025.log","025.xoutput"],"id":31,"resource":"128","request_start":1576622848707,"request_end":1576622887174,"request_duration":38467,"type":"128"}
{"start":1576622849058,"end":1576622887279,"duration":38221,"downloading_duration":1319,"execution_duration":36281,"uploading_duration":621,"executable":"ellipsoids-openmp","args":["0.dat","019.log","019.xoutput"],"id":25,"resource":"128","request_start":1576622848701,"request_end":1576622887304,"request_duration":38603,"type":"128"}
{"start":1576622849059,"end":1576622887281,"duration":38222,"downloading_duration":1347,"execution_duration":36260,"uploading_duration":615,"executable":"ellipsoids-openmp","args":["0.dat","013.log","013.xoutput"],"id":19,"resource":"128","request_start":1576622848695,"request_end":1576622887307,"request_duration":38612,"type":"128"}
{"start":1576622849208,"end":1576622887330,"duration":38122,"downloading_duration":1446,"execution_duration":35660,"uploading_duration":1016,"executable":"ellipsoids-openmp","args":["0.dat","00.log","00.xoutput"],"id":6,"resource":"128","request_start":1576622848729,"request_end":1576622887354,"request_duration":38625,"type":"128"}
{"start":1576622849136,"end":1576622887371,"duration":38235,"downloading_duration":1580,"execution_duration":35961,"uploading_duration":694,"executable":"ellipsoids-openmp","args":["0.dat","027.log","027.xoutput"],"id":33,"resource":"128","request_start":1576622848709,"request_end":1576622887394,"request_duration":38685,"type":"128"}
{"start":1576622849123,"end":1576622887485,"duration":38362,"downloading_duration":1368,"execution_duration":36360,"uploading_duration":634,"executable":"ellipsoids-openmp","args":["0.dat","030.log","030.xoutput"],"id":36,"resource":"128","request_start":1576622848713,"request_end":1576622887509,"request_duration":38796,"type":"128"}
{"start":1576622849053,"end":1576622887512,"duration":38459,"downloading_duration":1358,"execution_duration":36401,"uploading_duration":700,"executable":"ellipsoids-openmp","args":["0.dat","012.log","012.xoutput"],"id":18,"resource":"128","request_start":1576622848694,"request_end":1576622887534,"request_duration":38840,"type":"128"}
{"start":1576622849219,"end":1576622887536,"duration":38317,"downloading_duration":1420,"execution_duration":36260,"uploading_duration":637,"executable":"ellipsoids-openmp","args":["0.dat","01.log","01.xoutput"],"id":7,"resource":"128","request_start":1576622848730,"request_end":1576622887559,"request_duration":38829,"type":"128"}
{"start":1576622849053,"end":1576622887552,"duration":38499,"downloading_duration":1365,"execution_duration":36481,"uploading_duration":653,"executable":"ellipsoids-openmp","args":["0.dat","011.log","011.xoutput"],"id":17,"resource":"128","request_start":1576622848693,"request_end":1576622887574,"request_duration":38881,"type":"128"}
{"start":1576622849206,"end":1576622887567,"duration":38361,"downloading_duration":1359,"execution_duration":36340,"uploading_duration":662,"executable":"ellipsoids-openmp","args":["1.dat","10.log","10.xoutput"],"id":51,"resource":"128","request_start":1576622848801,"request_end":1576622887593,"request_duration":38792,"type":"128"}
{"start":1576622849211,"end":1576622887649,"duration":38438,"downloading_duration":1335,"execution_duration":36461,"uploading_duration":642,"executable":"ellipsoids-openmp","args":["1.dat","14.log","14.xoutput"],"id":55,"resource":"128","request_start":1576622848806,"request_end":1576622887673,"request_duration":38867,"type":"128"}
{"start":1576622849055,"end":1576622887687,"duration":38632,"downloading_duration":1404,"execution_duration":36540,"uploading_duration":688,"executable":"ellipsoids-openmp","args":["0.dat","09.log","09.xoutput"],"id":15,"resource":"128","request_start":1576622848691,"request_end":1576622887712,"request_duration":39021,"type":"128"}
{"start":1576622849062,"end":1576622887721,"duration":38659,"downloading_duration":1483,"execution_duration":36500,"uploading_duration":676,"executable":"ellipsoids-openmp","args":["0.dat","021.log","021.xoutput"],"id":27,"resource":"128","request_start":1576622848702,"request_end":1576622887744,"request_duration":39042,"type":"128"}
{"start":1576622849066,"end":1576622887722,"duration":38656,"downloading_duration":1378,"execution_duration":36620,"uploading_duration":658,"executable":"ellipsoids-openmp","args":["0.dat","024.log","024.xoutput"],"id":30,"resource":"128","request_start":1576622848706,"request_end":1576622887749,"request_duration":39043,"type":"128"}
{"start":1576622849184,"end":1576622887733,"duration":38549,"downloading_duration":1286,"execution_duration":36640,"uploading_duration":623,"executable":"ellipsoids-openmp","args":["0.dat","039.log","039.xoutput"],"id":45,"resource":"128","request_start":1576622848723,"request_end":1576622887755,"request_duration":39032,"type":"128"}
{"start":1576622849150,"end":1576622887790,"duration":38640,"downloading_duration":1360,"execution_duration":36600,"uploading_duration":680,"executable":"ellipsoids-openmp","args":["0.dat","041.log","041.xoutput"],"id":47,"resource":"128","request_start":1576622848725,"request_end":1576622887812,"request_duration":39087,"type":"128"}
{"start":1576622849138,"end":1576622887822,"duration":38684,"downloading_duration":1360,"execution_duration":36541,"uploading_duration":783,"executable":"ellipsoids-openmp","args":["0.dat","034.log","034.xoutput"],"id":40,"resource":"128","request_start":1576622848718,"request_end":1576622887845,"request_duration":39127,"type":"128"}
{"start":1576622849138,"end":1576622887836,"duration":38698,"downloading_duration":1353,"execution_duration":36680,"uploading_duration":665,"executable":"ellipsoids-openmp","args":["0.dat","037.log","037.xoutput"],"id":43,"resource":"128","request_start":1576622848721,"request_end":1576622887859,"request_duration":39138,"type":"128"}
{"start":1576622849059,"end":1576622887867,"duration":38808,"downloading_duration":1654,"execution_duration":36361,"uploading_duration":793,"executable":"ellipsoids-openmp","args":["0.dat","022.log","022.xoutput"],"id":28,"resource":"128","request_start":1576622848704,"request_end":1576622887889,"request_duration":39185,"type":"128"}
{"start":1576622849071,"end":1576622887867,"duration":38796,"downloading_duration":1393,"execution_duration":36660,"uploading_duration":743,"executable":"ellipsoids-openmp","args":["0.dat","026.log","026.xoutput"],"id":32,"resource":"128","request_start":1576622848708,"request_end":1576622887892,"request_duration":39184,"type":"128"}
{"start":1576622849158,"end":1576622887882,"duration":38724,"downloading_duration":1397,"execution_duration":36721,"uploading_duration":606,"executable":"ellipsoids-openmp","args":["0.dat","040.log","040.xoutput"],"id":46,"resource":"128","request_start":1576622848724,"request_end":1576622887909,"request_duration":39185,"type":"128"}
{"start":1576622849087,"end":1576622887899,"duration":38812,"downloading_duration":1403,"execution_duration":36701,"uploading_duration":708,"executable":"ellipsoids-openmp","args":["0.dat","04.log","04.xoutput"],"id":10,"resource":"128","request_start":1576622848683,"request_end":1576622887922,"request_duration":39239,"type":"128"}
{"start":1576622849052,"end":1576622887950,"duration":38898,"downloading_duration":1401,"execution_duration":36800,"uploading_duration":697,"executable":"ellipsoids-openmp","args":["0.dat","08.log","08.xoutput"],"id":14,"resource":"128","request_start":1576622848690,"request_end":1576622887974,"request_duration":39284,"type":"128"}
{"start":1576622849056,"end":1576622888029,"duration":38973,"downloading_duration":1409,"execution_duration":36840,"uploading_duration":724,"executable":"ellipsoids-openmp","args":["0.dat","017.log","017.xoutput"],"id":23,"resource":"128","request_start":1576622848699,"request_end":1576622888052,"request_duration":39353,"type":"128"}
{"start":1576622849049,"end":1576622888051,"duration":39002,"downloading_duration":1321,"execution_duration":37041,"uploading_duration":640,"executable":"ellipsoids-openmp","args":["0.dat","05.log","05.xoutput"],"id":11,"resource":"128","request_start":1576622848685,"request_end":1576622888073,"request_duration":39388,"type":"128"}
{"start":1576622849050,"end":1576622888053,"duration":39003,"downloading_duration":1346,"execution_duration":37000,"uploading_duration":657,"executable":"ellipsoids-openmp","args":["0.dat","07.log","07.xoutput"],"id":13,"resource":"128","request_start":1576622848687,"request_end":1576622888078,"request_duration":39391,"type":"128"}
{"start":1576622849177,"end":1576622888096,"duration":38919,"downloading_duration":1349,"execution_duration":36880,"uploading_duration":690,"executable":"ellipsoids-openmp","args":["0.dat","042.log","042.xoutput"],"id":48,"resource":"128","request_start":1576622848726,"request_end":1576622888119,"request_duration":39393,"type":"128"}
{"start":1576622849150,"end":1576622888136,"duration":38986,"downloading_duration":1517,"execution_duration":36821,"uploading_duration":648,"executable":"ellipsoids-openmp","args":["0.dat","036.log","036.xoutput"],"id":42,"resource":"128","request_start":1576622848720,"request_end":1576622888159,"request_duration":39439,"type":"128"}
{"start":1576622849060,"end":1576622888154,"duration":39094,"downloading_duration":1424,"execution_duration":37000,"uploading_duration":670,"executable":"ellipsoids-openmp","args":["0.dat","014.log","014.xoutput"],"id":20,"resource":"128","request_start":1576622848696,"request_end":1576622888179,"request_duration":39483,"type":"128"}
{"start":1576622849049,"end":1576622888189,"duration":39140,"downloading_duration":1572,"execution_duration":36681,"uploading_duration":887,"executable":"ellipsoids-openmp","args":["0.dat","06.log","06.xoutput"],"id":12,"resource":"128","request_start":1576622848686,"request_end":1576622888212,"request_duration":39526,"type":"128"}
{"start":1576622849050,"end":1576622888270,"duration":39220,"downloading_duration":1440,"execution_duration":37080,"uploading_duration":700,"executable":"ellipsoids-openmp","args":["0.dat","015.log","015.xoutput"],"id":21,"resource":"128","request_start":1576622848697,"request_end":1576622888294,"request_duration":39597,"type":"128"}
{"start":1576622849066,"end":1576622888297,"duration":39231,"downloading_duration":1329,"execution_duration":37200,"uploading_duration":702,"executable":"ellipsoids-openmp","args":["0.dat","010.log","010.xoutput"],"id":16,"resource":"128","request_start":1576622848692,"request_end":1576622888320,"request_duration":39628,"type":"128"}
{"start":1576622849058,"end":1576622888404,"duration":39346,"downloading_duration":1331,"execution_duration":37361,"uploading_duration":654,"executable":"ellipsoids-openmp","args":["0.dat","016.log","016.xoutput"],"id":22,"resource":"128","request_start":1576622848698,"request_end":1576622888430,"request_duration":39732,"type":"128"}
{"start":1576622849150,"end":1576622888532,"duration":39382,"downloading_duration":1369,"execution_duration":37320,"uploading_duration":693,"executable":"ellipsoids-openmp","args":["0.dat","038.log","038.xoutput"],"id":44,"resource":"128","request_start":1576622848722,"request_end":1576622888611,"request_duration":39889,"type":"128"}
{"start":1576622849208,"end":1576622888673,"duration":39465,"downloading_duration":1346,"execution_duration":37500,"uploading_duration":619,"executable":"ellipsoids-openmp","args":["0.dat","044.log","044.xoutput"],"id":50,"resource":"128","request_start":1576622848728,"request_end":1576622888700,"request_duration":39972,"type":"128"}
{"start":1576622849210,"end":1576622888740,"duration":39530,"downloading_duration":1327,"execution_duration":37121,"uploading_duration":1082,"executable":"ellipsoids-openmp","args":["1.dat","11.log","11.xoutput"],"id":52,"resource":"128","request_start":1576622848803,"request_end":1576622888762,"request_duration":39959,"type":"128"}
{"start":1576622849161,"end":1576622888740,"duration":39579,"downloading_duration":1382,"execution_duration":37541,"uploading_duration":656,"executable":"ellipsoids-openmp","args":["0.dat","043.log","043.xoutput"],"id":49,"resource":"128","request_start":1576622848727,"request_end":1576622888765,"request_duration":40038,"type":"128"}
{"start":1576622849061,"end":1576622888742,"duration":39681,"downloading_duration":1431,"execution_duration":37501,"uploading_duration":749,"executable":"ellipsoids-openmp","args":["0.dat","023.log","023.xoutput"],"id":29,"resource":"128","request_start":1576622848705,"request_end":1576622888771,"request_duration":40066,"type":"128"}
{"start":1576622849208,"end":1576622888849,"duration":39641,"downloading_duration":1430,"execution_duration":37520,"uploading_duration":691,"executable":"ellipsoids-openmp","args":["0.dat","03.log","03.xoutput"],"id":9,"resource":"128","request_start":1576622848732,"request_end":1576622888870,"request_duration":40138,"type":"128"}
{"start":1576622849060,"end":1576622888928,"duration":39868,"downloading_duration":1285,"execution_duration":37800,"uploading_duration":783,"executable":"ellipsoids-openmp","args":["0.dat","018.log","018.xoutput"],"id":24,"resource":"128","request_start":1576622848700,"request_end":1576622888971,"request_duration":40271,"type":"128"}
{"start":1576622849136,"end":1576622889650,"duration":40514,"downloading_duration":1876,"execution_duration":37921,"uploading_duration":717,"executable":"ellipsoids-openmp","args":["0.dat","035.log","035.xoutput"],"id":41,"resource":"128","request_start":1576622848719,"request_end":1576622889672,"request_duration":40953,"type":"128"}
{"start":1576622878657,"end":1576622909883,"duration":31226,"downloading_duration":1368,"execution_duration":29241,"uploading_duration":617,"executable":"ellipsoids-openmp","args":["1.dat","15.log","15.xoutput"],"id":56,"resource":"128","request_start":1576622848807,"request_end":1576622909915,"request_duration":61108,"type":"128"}
{"start":1576622879499,"end":1576622910684,"duration":31185,"downloading_duration":1889,"execution_duration":28641,"uploading_duration":655,"executable":"ellipsoids-openmp","args":["1.dat","16.log","16.xoutput"],"id":57,"resource":"128","request_start":1576622848808,"request_end":1576622910711,"request_duration":61903,"type":"128"}
{"start":1576622879867,"end":1576622910964,"duration":31097,"downloading_duration":1823,"execution_duration":28501,"uploading_duration":773,"executable":"ellipsoids-openmp","args":["1.dat","17.log","17.xoutput"],"id":58,"resource":"128","request_start":1576622848808,"request_end":1576622910989,"request_duration":62181,"type":"128"}
{"start":1576622879969,"end":1576622912242,"duration":32273,"downloading_duration":1475,"execution_duration":29760,"uploading_duration":1038,"executable":"ellipsoids-openmp","args":["1.dat","18.log","18.xoutput"],"id":59,"resource":"128","request_start":1576622848809,"request_end":1576622912268,"request_duration":63459,"type":"128"}
{"start":1576622881327,"end":1576622913810,"duration":32483,"downloading_duration":1370,"execution_duration":30441,"uploading_duration":672,"executable":"ellipsoids-openmp","args":["1.dat","19.log","19.xoutput"],"id":60,"resource":"128","request_start":1576622848810,"request_end":1576622913889,"request_duration":65079,"type":"128"}
{"start":1576622887201,"end":1576622923461,"duration":36260,"downloading_duration":1320,"execution_duration":34260,"uploading_duration":680,"executable":"ellipsoids-openmp","args":["1.dat","114.log","114.xoutput"],"id":65,"resource":"128","request_start":1576622848813,"request_end":1576622923487,"request_duration":74674,"type":"128"}
{"start":1576622887375,"end":1576622923472,"duration":36097,"downloading_duration":1339,"execution_duration":34060,"uploading_duration":698,"executable":"ellipsoids-openmp","args":["1.dat","117.log","117.xoutput"],"id":68,"resource":"128","request_start":1576622848816,"request_end":1576622923497,"request_duration":74681,"type":"128"}
{"start":1576622887331,"end":1576622923867,"duration":36536,"downloading_duration":1327,"execution_duration":34460,"uploading_duration":749,"executable":"ellipsoids-openmp","args":["1.dat","116.log","116.xoutput"],"id":67,"resource":"128","request_start":1576622848815,"request_end":1576622923890,"request_duration":75075,"type":"128"}
{"start":1576622886487,"end":1576622924137,"duration":37650,"downloading_duration":1320,"execution_duration":35601,"uploading_duration":729,"executable":"ellipsoids-openmp","args":["1.dat","110.log","110.xoutput"],"id":61,"resource":"128","request_start":1576622848810,"request_end":1576622924165,"request_duration":75355,"type":"128"}
{"start":1576622887328,"end":1576622924489,"duration":37161,"downloading_duration":1397,"execution_duration":35121,"uploading_duration":643,"executable":"ellipsoids-openmp","args":["1.dat","115.log","115.xoutput"],"id":66,"resource":"128","request_start":1576622848813,"request_end":1576622924512,"request_duration":75699,"type":"128"}
{"start":1576622887705,"end":1576622924654,"duration":36949,"downloading_duration":1294,"execution_duration":35000,"uploading_duration":655,"executable":"ellipsoids-openmp","args":["1.dat","124.log","124.xoutput"],"id":75,"resource":"128","request_start":1576622848821,"request_end":1576622924709,"request_duration":75888,"type":"128"}
{"start":1576622887008,"end":1576622924753,"duration":37745,"downloading_duration":1559,"execution_duration":35161,"uploading_duration":1025,"executable":"ellipsoids-openmp","args":["1.dat","112.log","112.xoutput"],"id":63,"resource":"128","request_start":1576622848811,"request_end":1576622924805,"request_duration":75994,"type":"128"}
{"start":1576622887422,"end":1576622924785,"duration":37363,"downloading_duration":1415,"execution_duration":35201,"uploading_duration":747,"executable":"ellipsoids-openmp","args":["1.dat","118.log","118.xoutput"],"id":69,"resource":"128","request_start":1576622848817,"request_end":1576622924810,"request_duration":75993,"type":"128"}
{"start":1576622887559,"end":1576622924885,"duration":37326,"downloading_duration":1500,"execution_duration":35161,"uploading_duration":665,"executable":"ellipsoids-openmp","args":["1.dat","120.log","120.xoutput"],"id":71,"resource":"128","request_start":1576622848818,"request_end":1576622924908,"request_duration":76090,"type":"128"}
{"start":1576622886612,"end":1576622924914,"duration":38302,"downloading_duration":1768,"execution_duration":35881,"uploading_duration":653,"executable":"ellipsoids-openmp","args":["1.dat","111.log","111.xoutput"],"id":62,"resource":"128","request_start":1576622848811,"request_end":1576622924937,"request_duration":76126,"type":"128"}
{"start":1576622887597,"end":1576622924983,"duration":37386,"downloading_duration":1342,"execution_duration":35400,"uploading_duration":644,"executable":"ellipsoids-openmp","args":["1.dat","122.log","122.xoutput"],"id":73,"resource":"128","request_start":1576622848820,"request_end":1576622925008,"request_duration":76188,"type":"128"}
{"start":1576622887932,"end":1576622924990,"duration":37058,"downloading_duration":1361,"execution_duration":34981,"uploading_duration":716,"executable":"ellipsoids-openmp","args":["1.dat","134.log","134.xoutput"],"id":85,"resource":"128","request_start":1576622848827,"request_end":1576622925015,"request_duration":76188,"type":"128"}
{"start":1576622887838,"end":1576622925127,"duration":37289,"downloading_duration":1260,"execution_duration":35361,"uploading_duration":668,"executable":"ellipsoids-openmp","args":["1.dat","129.log","129.xoutput"],"id":80,"resource":"128","request_start":1576622848824,"request_end":1576622925148,"request_duration":76324,"type":"128"}
{"start":1576622887786,"end":1576622925191,"duration":37405,"downloading_duration":1560,"execution_duration":35181,"uploading_duration":664,"executable":"ellipsoids-openmp","args":["1.dat","128.log","128.xoutput"],"id":79,"resource":"128","request_start":1576622848824,"request_end":1576622925214,"request_duration":76390,"type":"128"}
{"start":1576622887061,"end":1576622925262,"duration":38201,"downloading_duration":1360,"execution_duration":36180,"uploading_duration":661,"executable":"ellipsoids-openmp","args":["1.dat","113.log","113.xoutput"],"id":64,"resource":"128","request_start":1576622848812,"request_end":1576622925285,"request_duration":76473,"type":"128"}
{"start":1576622887584,"end":1576622925287,"duration":37703,"downloading_duration":1440,"execution_duration":35220,"uploading_duration":1043,"executable":"ellipsoids-openmp","args":["1.dat","121.log","121.xoutput"],"id":72,"resource":"128","request_start":1576622848819,"request_end":1576622925311,"request_duration":76492,"type":"128"}
{"start":1576622888101,"end":1576622925372,"duration":37271,"downloading_duration":1369,"execution_duration":35261,"uploading_duration":641,"executable":"ellipsoids-openmp","args":["1.dat","138.log","138.xoutput"],"id":89,"resource":"128","request_start":1576622848829,"request_end":1576622925394,"request_duration":76565,"type":"128"}
{"start":1576622888075,"end":1576622925409,"duration":37334,"downloading_duration":1421,"execution_duration":35281,"uploading_duration":632,"executable":"ellipsoids-openmp","args":["1.dat","137.log","137.xoutput"],"id":88,"resource":"128","request_start":1576622848829,"request_end":1576622925436,"request_duration":76607,"type":"128"}
{"start":1576622887737,"end":1576622925437,"duration":37700,"downloading_duration":1327,"execution_duration":35360,"uploading_duration":1013,"executable":"ellipsoids-openmp","args":["1.dat","125.log","125.xoutput"],"id":76,"resource":"128","request_start":1576622848821,"request_end":1576622925460,"request_duration":76639,"type":"128"}
{"start":1576622887532,"end":1576622925459,"duration":37927,"downloading_duration":1459,"execution_duration":35761,"uploading_duration":707,"executable":"ellipsoids-openmp","args":["1.dat","119.log","119.xoutput"],"id":70,"resource":"128","request_start":1576622848818,"request_end":1576622925483,"request_duration":76665,"type":"128"}
{"start":1576622887884,"end":1576622925476,"duration":37592,"downloading_duration":1380,"execution_duration":35400,"uploading_duration":812,"executable":"ellipsoids-openmp","args":["1.dat","131.log","131.xoutput"],"id":82,"resource":"128","request_start":1576622848825,"request_end":1576622925499,"request_duration":76674,"type":"128"}
{"start":1576622887623,"end":1576622925488,"duration":37865,"downloading_duration":1608,"execution_duration":35601,"uploading_duration":656,"executable":"ellipsoids-openmp","args":["1.dat","123.log","123.xoutput"],"id":74,"resource":"128","request_start":1576622848820,"request_end":1576622925511,"request_duration":76691,"type":"128"}
{"start":1576622887872,"end":1576622925753,"duration":37881,"downloading_duration":1399,"execution_duration":35800,"uploading_duration":682,"executable":"ellipsoids-openmp","args":["1.dat","130.log","130.xoutput"],"id":81,"resource":"128","request_start":1576622848825,"request_end":1576622925782,"request_duration":76957,"type":"128"}
{"start":1576622888265,"end":1576622925759,"duration":37494,"downloading_duration":1300,"execution_duration":35540,"uploading_duration":654,"executable":"ellipsoids-openmp","args":["1.dat","143.log","143.xoutput"],"id":94,"resource":"128","request_start":1576622848832,"request_end":1576622925787,"request_duration":76955,"type":"128"}
{"start":1576622887913,"end":1576622925967,"duration":38054,"downloading_duration":1322,"execution_duration":36041,"uploading_duration":691,"executable":"ellipsoids-openmp","args":["1.dat","132.log","132.xoutput"],"id":83,"resource":"128","request_start":1576622848826,"request_end":1576622925988,"request_duration":77162,"type":"128"}
{"start":1576622887949,"end":1576622925970,"duration":38021,"downloading_duration":1360,"execution_duration":35941,"uploading_duration":720,"executable":"ellipsoids-openmp","args":["1.dat","135.log","135.xoutput"],"id":86,"resource":"128","request_start":1576622848828,"request_end":1576622925993,"request_duration":77165,"type":"128"}
{"start":1576622887914,"end":1576622926220,"duration":38306,"downloading_duration":1337,"execution_duration":35960,"uploading_duration":1009,"executable":"ellipsoids-openmp","args":["1.dat","133.log","133.xoutput"],"id":84,"resource":"128","request_start":1576622848827,"request_end":1576622926242,"request_duration":77415,"type":"128"}
{"start":1576622889005,"end":1576622926309,"duration":37304,"downloading_duration":1320,"execution_duration":35260,"uploading_duration":724,"executable":"ellipsoids-openmp","args":["3.dat","38.log","38.xoutput"],"id":149,"resource":"128","request_start":1576622848864,"request_end":1576622926333,"request_duration":77469,"type":"128"}
{"start":1576622888451,"end":1576622926395,"duration":37944,"downloading_duration":1478,"execution_duration":35821,"uploading_duration":645,"executable":"ellipsoids-openmp","args":["3.dat","31.log","31.xoutput"],"id":142,"resource":"128","request_start":1576622848860,"request_end":1576622926432,"request_duration":77572,"type":"128"}
{"start":1576622888202,"end":1576622926440,"duration":38238,"downloading_duration":1479,"execution_duration":36080,"uploading_duration":679,"executable":"ellipsoids-openmp","args":["1.dat","142.log","142.xoutput"],"id":93,"resource":"128","request_start":1576622848831,"request_end":1576622926462,"request_duration":77631,"type":"128"}
{"start":1576622888003,"end":1576622926497,"duration":38494,"downloading_duration":1410,"execution_duration":36361,"uploading_duration":723,"executable":"ellipsoids-openmp","args":["1.dat","136.log","136.xoutput"],"id":87,"resource":"128","request_start":1576622848828,"request_end":1576622926553,"request_duration":77725,"type":"128"}
{"start":1576622888147,"end":1576622926550,"duration":38403,"downloading_duration":1340,"execution_duration":36360,"uploading_duration":703,"executable":"ellipsoids-openmp","args":["1.dat","140.log","140.xoutput"],"id":91,"resource":"128","request_start":1576622848830,"request_end":1576622926584,"request_duration":77754,"type":"128"}
{"start":1576622888344,"end":1576622926659,"duration":38315,"downloading_duration":1406,"execution_duration":36260,"uploading_duration":649,"executable":"ellipsoids-openmp","args":["3.dat","30.log","30.xoutput"],"id":141,"resource":"128","request_start":1576622848859,"request_end":1576622926686,"request_duration":77827,"type":"128"}
{"start":1576622887774,"end":1576622926839,"duration":39065,"downloading_duration":1371,"execution_duration":37060,"uploading_duration":634,"executable":"ellipsoids-openmp","args":["1.dat","127.log","127.xoutput"],"id":78,"resource":"128","request_start":1576622848823,"request_end":1576622926862,"request_duration":78039,"type":"128"}
{"start":1576622888106,"end":1576622926865,"duration":38759,"downloading_duration":1639,"execution_duration":36462,"uploading_duration":658,"executable":"ellipsoids-openmp","args":["1.dat","139.log","139.xoutput"],"id":90,"resource":"128","request_start":1576622848830,"request_end":1576622926889,"request_duration":78059,"type":"128"}
{"start":1576622888804,"end":1576622926869,"duration":38065,"downloading_duration":1380,"execution_duration":35940,"uploading_duration":745,"executable":"ellipsoids-openmp","args":["3.dat","36.log","36.xoutput"],"id":147,"resource":"128","request_start":1576622848863,"request_end":1576622926892,"request_duration":78029,"type":"128"}
{"start":1576622888723,"end":1576622926912,"duration":38189,"downloading_duration":1351,"execution_duration":36161,"uploading_duration":677,"executable":"ellipsoids-openmp","args":["3.dat","33.log","33.xoutput"],"id":144,"resource":"128","request_start":1576622848861,"request_end":1576622926938,"request_duration":78077,"type":"128"}
{"start":1576622887769,"end":1576622926961,"duration":39192,"downloading_duration":1401,"execution_duration":36780,"uploading_duration":1011,"executable":"ellipsoids-openmp","args":["1.dat","126.log","126.xoutput"],"id":77,"resource":"128","request_start":1576622848822,"request_end":1576622926984,"request_duration":78162,"type":"128"}
{"start":1576622888320,"end":1576622927050,"duration":38730,"downloading_duration":1435,"execution_duration":36541,"uploading_duration":754,"executable":"ellipsoids-openmp","args":["1.dat","144.log","144.xoutput"],"id":95,"resource":"128","request_start":1576622848832,"request_end":1576622927083,"request_duration":78251,"type":"128"}
{"start":1576622888786,"end":1576622927180,"duration":38394,"downloading_duration":1487,"execution_duration":36280,"uploading_duration":627,"executable":"ellipsoids-openmp","args":["3.dat","34.log","34.xoutput"],"id":145,"resource":"128","request_start":1576622848862,"request_end":1576622927215,"request_duration":78353,"type":"128"}
{"start":1576622888893,"end":1576622927951,"duration":39058,"downloading_duration":1464,"execution_duration":36980,"uploading_duration":614,"executable":"ellipsoids-openmp","args":["3.dat","37.log","37.xoutput"],"id":148,"resource":"128","request_start":1576622848863,"request_end":1576622927974,"request_duration":79111,"type":"128"}
{"start":1576622888635,"end":1576622928012,"duration":39377,"downloading_duration":1404,"execution_duration":37060,"uploading_duration":913,"executable":"ellipsoids-openmp","args":["3.dat","32.log","32.xoutput"],"id":143,"resource":"128","request_start":1576622848861,"request_end":1576622928035,"request_duration":79174,"type":"128"}
{"start":1576622888789,"end":1576622928192,"duration":39403,"downloading_duration":1308,"execution_duration":37481,"uploading_duration":614,"executable":"ellipsoids-openmp","args":["3.dat","35.log","35.xoutput"],"id":146,"resource":"128","request_start":1576622848862,"request_end":1576622928215,"request_duration":79353,"type":"128"}
{"start":1576622889698,"end":1576622928598,"duration":38900,"downloading_duration":1335,"execution_duration":36880,"uploading_duration":685,"executable":"ellipsoids-openmp","args":["3.dat","39.log","39.xoutput"],"id":150,"resource":"128","request_start":1576622848864,"request_end":1576622928627,"request_duration":79763,"type":"128"}
{"start":1576622888186,"end":1576622929006,"duration":40820,"downloading_duration":1777,"execution_duration":38321,"uploading_duration":722,"executable":"ellipsoids-openmp","args":["1.dat","141.log","141.xoutput"],"id":92,"resource":"128","request_start":1576622848831,"request_end":1576622929029,"request_duration":80198,"type":"128"}
{"start":1576622909941,"end":1576622941592,"duration":31651,"downloading_duration":1344,"execution_duration":29580,"uploading_duration":727,"executable":"ellipsoids-openmp","args":["3.dat","310.log","310.xoutput"],"id":151,"resource":"128","request_start":1576622848865,"request_end":1576622941615,"request_duration":92750,"type":"128"}
{"start":1576622911017,"end":1576622942398,"duration":31381,"downloading_duration":1314,"execution_duration":29440,"uploading_duration":627,"executable":"ellipsoids-openmp","args":["3.dat","312.log","312.xoutput"],"id":153,"resource":"128","request_start":1576622848866,"request_end":1576622942421,"request_duration":93555,"type":"128"}
{"start":1576622910735,"end":1576622942731,"duration":31996,"downloading_duration":1294,"execution_duration":30040,"uploading_duration":662,"executable":"ellipsoids-openmp","args":["3.dat","311.log","311.xoutput"],"id":152,"resource":"128","request_start":1576622848865,"request_end":1576622942754,"request_duration":93889,"type":"128"}
{"start":1576622912295,"end":1576622943257,"duration":30962,"downloading_duration":1389,"execution_duration":28922,"uploading_duration":651,"executable":"ellipsoids-openmp","args":["3.dat","313.log","313.xoutput"],"id":154,"resource":"128","request_start":1576622848866,"request_end":1576622943280,"request_duration":94414,"type":"128"}
{"start":1576622913911,"end":1576622946311,"duration":32400,"downloading_duration":1366,"execution_duration":30321,"uploading_duration":713,"executable":"ellipsoids-openmp","args":["3.dat","314.log","314.xoutput"],"id":155,"resource":"128","request_start":1576622848867,"request_end":1576622946334,"request_duration":97467,"type":"128"}
{"start":1576622923523,"end":1576622961124,"duration":37601,"downloading_duration":1331,"execution_duration":35560,"uploading_duration":710,"executable":"ellipsoids-openmp","args":["3.dat","315.log","315.xoutput"],"id":156,"resource":"128","request_start":1576622848867,"request_end":1576622961150,"request_duration":112283,"type":"128"}
{"start":1576622924831,"end":1576622961259,"duration":36428,"downloading_duration":1407,"execution_duration":34340,"uploading_duration":681,"executable":"ellipsoids-openmp","args":["3.dat","321.log","321.xoutput"],"id":162,"resource":"128","request_start":1576622848871,"request_end":1576622961284,"request_duration":112413,"type":"128"}
{"start":1576622923524,"end":1576622961779,"duration":38255,"downloading_duration":1316,"execution_duration":36241,"uploading_duration":698,"executable":"ellipsoids-openmp","args":["3.dat","316.log","316.xoutput"],"id":157,"resource":"128","request_start":1576622848868,"request_end":1576622961805,"request_duration":112937,"type":"128"}
{"start":1576622923910,"end":1576622962190,"duration":38280,"downloading_duration":1368,"execution_duration":36221,"uploading_duration":691,"executable":"ellipsoids-openmp","args":["3.dat","317.log","317.xoutput"],"id":158,"resource":"128","request_start":1576622848868,"request_end":1576622962212,"request_duration":113344,"type":"128"}
{"start":1576622924735,"end":1576622962203,"duration":37468,"downloading_duration":1364,"execution_duration":35460,"uploading_duration":644,"executable":"ellipsoids-openmp","args":["3.dat","320.log","320.xoutput"],"id":161,"resource":"128","request_start":1576622848870,"request_end":1576622962229,"request_duration":113359,"type":"128"}
{"start":1576622924537,"end":1576622962354,"duration":37817,"downloading_duration":1328,"execution_duration":35821,"uploading_duration":668,"executable":"ellipsoids-openmp","args":["3.dat","319.log","319.xoutput"],"id":160,"resource":"128","request_start":1576622848870,"request_end":1576622962380,"request_duration":113510,"type":"128"}
{"start":1576622925309,"end":1576622962500,"duration":37191,"downloading_duration":1335,"execution_duration":35200,"uploading_duration":656,"executable":"ellipsoids-openmp","args":["3.dat","329.log","329.xoutput"],"id":170,"resource":"128","request_start":1576622848875,"request_end":1576622962523,"request_duration":113648,"type":"128"}
{"start":1576622925040,"end":1576622962532,"duration":37492,"downloading_duration":1294,"execution_duration":35540,"uploading_duration":658,"executable":"ellipsoids-openmp","args":["3.dat","325.log","325.xoutput"],"id":166,"resource":"128","request_start":1576622848873,"request_end":1576622962554,"request_duration":113681,"type":"128"}
{"start":1576622925238,"end":1576622962691,"duration":37453,"downloading_duration":1268,"execution_duration":35501,"uploading_duration":684,"executable":"ellipsoids-openmp","args":["3.dat","328.log","328.xoutput"],"id":169,"resource":"128","request_start":1576622848874,"request_end":1576622962766,"request_duration":113892,"type":"128"}
{"start":1576622925186,"end":1576622962897,"duration":37711,"downloading_duration":1332,"execution_duration":35681,"uploading_duration":698,"executable":"ellipsoids-openmp","args":["3.dat","327.log","327.xoutput"],"id":168,"resource":"128","request_start":1576622848874,"request_end":1576622962921,"request_duration":114047,"type":"128"}
{"start":1576622925805,"end":1576622963011,"duration":37206,"downloading_duration":1260,"execution_duration":35280,"uploading_duration":666,"executable":"ellipsoids-openmp","args":["3.dat","337.log","337.xoutput"],"id":178,"resource":"128","request_start":1576622848879,"request_end":1576622963035,"request_duration":114156,"type":"128"}
{"start":1576622925807,"end":1576622962973,"duration":37166,"downloading_duration":1304,"execution_duration":35180,"uploading_duration":682,"executable":"ellipsoids-openmp","args":["3.dat","338.log","338.xoutput"],"id":179,"resource":"128","request_start":1576622848880,"request_end":1576622963041,"request_duration":114161,"type":"128"}
{"start":1576622925526,"end":1576622963399,"duration":37873,"downloading_duration":1358,"execution_duration":35860,"uploading_duration":655,"executable":"ellipsoids-openmp","args":["3.dat","335.log","335.xoutput"],"id":176,"resource":"128","request_start":1576622848878,"request_end":1576622963422,"request_duration":114544,"type":"128"}
{"start":1576622924959,"end":1576622963483,"duration":38524,"downloading_duration":1540,"execution_duration":36321,"uploading_duration":663,"executable":"ellipsoids-openmp","args":["3.dat","324.log","324.xoutput"],"id":165,"resource":"128","request_start":1576622848872,"request_end":1576622963509,"request_duration":114637,"type":"128"}
{"start":1576622925419,"end":1576622963504,"duration":38085,"downloading_duration":1397,"execution_duration":35640,"uploading_duration":1048,"executable":"ellipsoids-openmp","args":["3.dat","331.log","331.xoutput"],"id":172,"resource":"128","request_start":1576622848876,"request_end":1576622963527,"request_duration":114651,"type":"128"}
{"start":1576622924929,"end":1576622963527,"duration":38598,"downloading_duration":1311,"execution_duration":36620,"uploading_duration":667,"executable":"ellipsoids-openmp","args":["3.dat","323.log","323.xoutput"],"id":164,"resource":"128","request_start":1576622848872,"request_end":1576622963550,"request_duration":114678,"type":"128"}
{"start":1576622925342,"end":1576622963543,"duration":38201,"downloading_duration":1759,"execution_duration":35781,"uploading_duration":661,"executable":"ellipsoids-openmp","args":["3.dat","330.log","330.xoutput"],"id":171,"resource":"128","request_start":1576622848875,"request_end":1576622963567,"request_duration":114692,"type":"128"}
{"start":1576622925472,"end":1576622963555,"duration":38083,"downloading_duration":1299,"execution_duration":36041,"uploading_duration":743,"executable":"ellipsoids-openmp","args":["3.dat","332.log","332.xoutput"],"id":173,"resource":"128","request_start":1576622848876,"request_end":1576622963578,"request_duration":114702,"type":"128"}
{"start":1576622924188,"end":1576622963639,"duration":39451,"downloading_duration":1380,"execution_duration":37380,"uploading_duration":691,"executable":"ellipsoids-openmp","args":["3.dat","318.log","318.xoutput"],"id":159,"resource":"128","request_start":1576622848869,"request_end":1576622963661,"request_duration":114792,"type":"128"}
{"start":1576622925045,"end":1576622963641,"duration":38596,"downloading_duration":2013,"execution_duration":35921,"uploading_duration":662,"executable":"ellipsoids-openmp","args":["3.dat","326.log","326.xoutput"],"id":167,"resource":"128","request_start":1576622848873,"request_end":1576622963664,"request_duration":114791,"type":"128"}
{"start":1576622926017,"end":1576622963662,"duration":37645,"downloading_duration":1399,"execution_duration":35120,"uploading_duration":1126,"executable":"ellipsoids-openmp","args":["3.dat","340.log","340.xoutput"],"id":181,"resource":"128","request_start":1576622848881,"request_end":1576622963684,"request_duration":114803,"type":"128"}
{"start":1576622924838,"end":1576622963751,"duration":38913,"downloading_duration":1410,"execution_duration":36880,"uploading_duration":623,"executable":"ellipsoids-openmp","args":["3.dat","322.log","322.xoutput"],"id":163,"resource":"128","request_start":1576622848871,"request_end":1576622963774,"request_duration":114903,"type":"128"}
{"start":1576622925535,"end":1576622963940,"duration":38405,"downloading_duration":1356,"execution_duration":36360,"uploading_duration":689,"executable":"ellipsoids-openmp","args":["3.dat","336.log","336.xoutput"],"id":177,"resource":"128","request_start":1576622848879,"request_end":1576622963963,"request_duration":115084,"type":"128"}
{"start":1576622926360,"end":1576622963949,"duration":37589,"downloading_duration":1265,"execution_duration":35640,"uploading_duration":684,"executable":"ellipsoids-openmp","args":["3.dat","342.log","342.xoutput"],"id":183,"resource":"128","request_start":1576622848881,"request_end":1576622963971,"request_duration":115090,"type":"128"}
{"start":1576622925508,"end":1576622964191,"duration":38683,"downloading_duration":1343,"execution_duration":36641,"uploading_duration":699,"executable":"ellipsoids-openmp","args":["3.dat","334.log","334.xoutput"],"id":175,"resource":"128","request_start":1576622848877,"request_end":1576622964214,"request_duration":115337,"type":"128"}
{"start":1576622926488,"end":1576622964226,"duration":37738,"downloading_duration":1441,"execution_duration":35621,"uploading_duration":676,"executable":"ellipsoids-openmp","args":["3.dat","344.log","344.xoutput"],"id":185,"resource":"128","request_start":1576622848883,"request_end":1576622964250,"request_duration":115367,"type":"128"}
{"start":1576622925485,"end":1576622964558,"duration":39073,"downloading_duration":1799,"execution_duration":36621,"uploading_duration":653,"executable":"ellipsoids-openmp","args":["3.dat","333.log","333.xoutput"],"id":174,"resource":"128","request_start":1576622848877,"request_end":1576622964670,"request_duration":115793,"type":"128"}
{"start":1576622926268,"end":1576622964650,"duration":38382,"downloading_duration":1343,"execution_duration":36340,"uploading_duration":699,"executable":"ellipsoids-openmp","args":["3.dat","341.log","341.xoutput"],"id":182,"resource":"128","request_start":1576622848881,"request_end":1576622964687,"request_duration":115806,"type":"128"}
{"start":1576622926459,"end":1576622964735,"duration":38276,"downloading_duration":1302,"execution_duration":36320,"uploading_duration":654,"executable":"ellipsoids-openmp","args":["3.dat","343.log","343.xoutput"],"id":184,"resource":"128","request_start":1576622848882,"request_end":1576622964772,"request_duration":115890,"type":"128"}
{"start":1576622926010,"end":1576622965424,"duration":39414,"downloading_duration":2139,"execution_duration":36621,"uploading_duration":654,"executable":"ellipsoids-openmp","args":["3.dat","339.log","339.xoutput"],"id":180,"resource":"128","request_start":1576622848880,"request_end":1576622965449,"request_duration":116569,"type":"128"}
{"start":1576622926579,"end":1576622966304,"duration":39725,"downloading_duration":1308,"execution_duration":37760,"uploading_duration":657,"executable":"ellipsoids-openmp","args":["2.dat","24.log","24.xoutput"],"id":100,"resource":"128","request_start":1576622848883,"request_end":1576622966329,"request_duration":117446,"type":"128"}
{"start":1576622926913,"end":1576622967455,"duration":40542,"downloading_duration":1313,"execution_duration":38541,"uploading_duration":688,"executable":"ellipsoids-openmp","args":["2.dat","28.log","28.xoutput"],"id":104,"resource":"128","request_start":1576622848885,"request_end":1576622967480,"request_duration":118595,"type":"128"}
{"start":1576622929049,"end":1576622967837,"duration":38788,"downloading_duration":1335,"execution_duration":36780,"uploading_duration":673,"executable":"ellipsoids-openmp","args":["2.dat","218.log","218.xoutput"],"id":114,"resource":"128","request_start":1576622848891,"request_end":1576622967858,"request_duration":118967,"type":"128"}
{"start":1576622928663,"end":1576622967914,"duration":39251,"downloading_duration":1370,"execution_duration":37260,"uploading_duration":621,"executable":"ellipsoids-openmp","args":["2.dat","217.log","217.xoutput"],"id":113,"resource":"128","request_start":1576622848890,"request_end":1576622967939,"request_duration":119049,"type":"128"}
{"start":1576622926962,"end":1576622968108,"duration":41146,"downloading_duration":1352,"execution_duration":39160,"uploading_duration":634,"executable":"ellipsoids-openmp","args":["2.dat","210.log","210.xoutput"],"id":106,"resource":"128","request_start":1576622848886,"request_end":1576622968133,"request_duration":119247,"type":"128"}
{"start":1576622926604,"end":1576622968112,"duration":41508,"downloading_duration":1689,"execution_duration":39122,"uploading_duration":697,"executable":"ellipsoids-openmp","args":["2.dat","25.log","25.xoutput"],"id":101,"resource":"128","request_start":1576622848884,"request_end":1576622968136,"request_duration":119252,"type":"128"}
{"start":1576622926884,"end":1576622968196,"duration":41312,"downloading_duration":1300,"execution_duration":39280,"uploading_duration":732,"executable":"ellipsoids-openmp","args":["2.dat","27.log","27.xoutput"],"id":103,"resource":"128","request_start":1576622848885,"request_end":1576622968219,"request_duration":119334,"type":"128"}
{"start":1576622926719,"end":1576622968340,"duration":41621,"downloading_duration":1451,"execution_duration":39239,"uploading_duration":931,"executable":"ellipsoids-openmp","args":["2.dat","26.log","26.xoutput"],"id":102,"resource":"128","request_start":1576622848884,"request_end":1576622968365,"request_duration":119481,"type":"128"}
{"start":1576622926915,"end":1576622968448,"duration":41533,"downloading_duration":1709,"execution_duration":39161,"uploading_duration":663,"executable":"ellipsoids-openmp","args":["2.dat","29.log","29.xoutput"],"id":105,"resource":"128","request_start":1576622848886,"request_end":1576622968587,"request_duration":119701,"type":"128"}
{"start":1576622964280,"end":1576622968604,"duration":4324,"downloading_duration":3852,"execution_duration":40,"uploading_duration":432,"executable":"mean-pack-ell","args":["00.xoutput","01.xoutput","02.xoutput","03.xoutput","04.xoutput","05.xoutput","06.xoutput","07.xoutput","08.xoutput","09.xoutput","010.xoutput","011.xoutput","012.xoutput","013.xoutput","014.xoutput","015.xoutput","016.xoutput","017.xoutput","018.xoutput","019.xoutput","020.xoutput","021.xoutput","022.xoutput","023.xoutput","024.xoutput","025.xoutput","026.xoutput","027.xoutput","028.xoutput","029.xoutput","030.xoutput","031.xoutput","032.xoutput","033.xoutput","034.xoutput","035.xoutput","036.xoutput","037.xoutput","038.xoutput","039.xoutput","040.xoutput","041.xoutput","042.xoutput","043.xoutput","044.xoutput","average_0.txt"],"id":186,"resource":"128","request_start":1576622889677,"request_end":1576622968627,"request_duration":78950,"type":"128"}
{"start":1576622927109,"end":1576622968830,"duration":41721,"downloading_duration":1366,"execution_duration":39641,"uploading_duration":714,"executable":"ellipsoids-openmp","args":["2.dat","212.log","212.xoutput"],"id":108,"resource":"128","request_start":1576622848887,"request_end":1576622968851,"request_duration":119964,"type":"128"}
{"start":1576622964713,"end":1576622968974,"duration":4261,"downloading_duration":3758,"execution_duration":40,"uploading_duration":463,"executable":"mean-pack-ell","args":["10.xoutput","11.xoutput","12.xoutput","13.xoutput","14.xoutput","15.xoutput","16.xoutput","17.xoutput","18.xoutput","19.xoutput","110.xoutput","111.xoutput","112.xoutput","113.xoutput","114.xoutput","115.xoutput","116.xoutput","117.xoutput","118.xoutput","119.xoutput","120.xoutput","121.xoutput","122.xoutput","123.xoutput","124.xoutput","125.xoutput","126.xoutput","127.xoutput","128.xoutput","129.xoutput","130.xoutput","131.xoutput","132.xoutput","133.xoutput","134.xoutput","135.xoutput","136.xoutput","137.xoutput","138.xoutput","139.xoutput","140.xoutput","141.xoutput","142.xoutput","143.xoutput","144.xoutput","average_1.txt"],"id":187,"resource":"128","request_start":1576622929033,"request_end":1576622968999,"request_duration":39966,"type":"128"}
{"start":1576622928002,"end":1576622969307,"duration":41305,"downloading_duration":1395,"execution_duration":39260,"uploading_duration":650,"executable":"ellipsoids-openmp","args":["2.dat","214.log","214.xoutput"],"id":110,"resource":"128","request_start":1576622848888,"request_end":1576622969329,"request_duration":120441,"type":"128"}
{"start":1576622928067,"end":1576622969671,"duration":41604,"downloading_duration":1592,"execution_duration":39341,"uploading_duration":671,"executable":"ellipsoids-openmp","args":["2.dat","215.log","215.xoutput"],"id":111,"resource":"128","request_start":1576622848889,"request_end":1576622969699,"request_duration":120810,"type":"128"}
{"start":1576622927007,"end":1576622969670,"duration":42663,"downloading_duration":1263,"execution_duration":40800,"uploading_duration":600,"executable":"ellipsoids-openmp","args":["2.dat","211.log","211.xoutput"],"id":107,"resource":"128","request_start":1576622848887,"request_end":1576622969716,"request_duration":120829,"type":"128"}
{"start":1576622928257,"end":1576622969852,"duration":41595,"downloading_duration":1301,"execution_duration":39600,"uploading_duration":694,"executable":"ellipsoids-openmp","args":["2.dat","216.log","216.xoutput"],"id":112,"resource":"128","request_start":1576622848890,"request_end":1576622969875,"request_duration":120985,"type":"128"}
{"start":1576622927239,"end":1576622970077,"duration":42838,"downloading_duration":1414,"execution_duration":40480,"uploading_duration":944,"executable":"ellipsoids-openmp","args":["2.dat","213.log","213.xoutput"],"id":109,"resource":"128","request_start":1576622848888,"request_end":1576622970098,"request_duration":121210,"type":"128"}
{"start":1576622965682,"end":1576622970309,"duration":4627,"downloading_duration":4147,"execution_duration":21,"uploading_duration":459,"executable":"mean-pack-ell","args":["30.xoutput","31.xoutput","32.xoutput","33.xoutput","34.xoutput","35.xoutput","36.xoutput","37.xoutput","38.xoutput","39.xoutput","310.xoutput","311.xoutput","312.xoutput","313.xoutput","314.xoutput","315.xoutput","316.xoutput","317.xoutput","318.xoutput","319.xoutput","320.xoutput","321.xoutput","322.xoutput","323.xoutput","324.xoutput","325.xoutput","326.xoutput","327.xoutput","328.xoutput","329.xoutput","330.xoutput","331.xoutput","332.xoutput","333.xoutput","334.xoutput","335.xoutput","336.xoutput","337.xoutput","338.xoutput","339.xoutput","340.xoutput","341.xoutput","342.xoutput","343.xoutput","344.xoutput","average_3.txt"],"id":189,"resource":"128","request_start":1576622965463,"request_end":1576622970332,"request_duration":4869,"type":"128"}
{"start":1576622941639,"end":1576622973232,"duration":31593,"downloading_duration":1426,"execution_duration":29500,"uploading_duration":667,"executable":"ellipsoids-openmp","args":["2.dat","219.log","219.xoutput"],"id":115,"resource":"128","request_start":1576622848891,"request_end":1576622973255,"request_duration":124364,"type":"128"}
{"start":1576622942778,"end":1576622973292,"duration":30514,"downloading_duration":1311,"execution_duration":28500,"uploading_duration":703,"executable":"ellipsoids-openmp","args":["2.dat","221.log","221.xoutput"],"id":117,"resource":"128","request_start":1576622848892,"request_end":1576622973315,"request_duration":124423,"type":"128"}
{"start":1576622942451,"end":1576622973881,"duration":31430,"downloading_duration":1239,"execution_duration":29541,"uploading_duration":650,"executable":"ellipsoids-openmp","args":["2.dat","220.log","220.xoutput"],"id":116,"resource":"128","request_start":1576622848892,"request_end":1576622973904,"request_duration":125012,"type":"128"}
{"start":1576622943305,"end":1576622974231,"duration":30926,"downloading_duration":1341,"execution_duration":28820,"uploading_duration":765,"executable":"ellipsoids-openmp","args":["2.dat","222.log","222.xoutput"],"id":118,"resource":"128","request_start":1576622848893,"request_end":1576622974255,"request_duration":125362,"type":"128"}
{"start":1576622946357,"end":1576622979909,"duration":33552,"downloading_duration":1440,"execution_duration":31442,"uploading_duration":670,"executable":"ellipsoids-openmp","args":["2.dat","223.log","223.xoutput"],"id":119,"resource":"128","request_start":1576622848893,"request_end":1576622979931,"request_duration":131038,"type":"128"}
{"start":1576622962578,"end":1576623000553,"duration":37975,"downloading_duration":1286,"execution_duration":36060,"uploading_duration":629,"executable":"ellipsoids-openmp","args":["2.dat","231.log","231.xoutput"],"id":127,"resource":"128","request_start":1576622848897,"request_end":1576623000575,"request_duration":151678,"type":"128"}
{"start":1576622961171,"end":1576623001106,"duration":39935,"downloading_duration":1404,"execution_duration":37760,"uploading_duration":771,"executable":"ellipsoids-openmp","args":["2.dat","224.log","224.xoutput"],"id":120,"resource":"128","request_start":1576622848894,"request_end":1576623001127,"request_duration":152233,"type":"128"}
{"start":1576622961310,"end":1576623001163,"duration":39853,"downloading_duration":1548,"execution_duration":37621,"uploading_duration":684,"executable":"ellipsoids-openmp","args":["2.dat","225.log","225.xoutput"],"id":121,"resource":"128","request_start":1576622848894,"request_end":1576623001186,"request_duration":152292,"type":"128"}
{"start":1576622962241,"end":1576623001576,"duration":39335,"downloading_duration":1597,"execution_duration":36781,"uploading_duration":957,"executable":"ellipsoids-openmp","args":["2.dat","227.log","227.xoutput"],"id":123,"resource":"128","request_start":1576622848896,"request_end":1576623001597,"request_duration":152701,"type":"128"}
{"start":1576622961831,"end":1576623001596,"duration":39765,"downloading_duration":1389,"execution_duration":37681,"uploading_duration":695,"executable":"ellipsoids-openmp","args":["2.dat","226.log","226.xoutput"],"id":122,"resource":"128","request_start":1576622848895,"request_end":1576623001618,"request_duration":152723,"type":"128"}
{"start":1576622962555,"end":1576623002255,"duration":39700,"downloading_duration":1319,"execution_duration":37660,"uploading_duration":721,"executable":"ellipsoids-openmp","args":["2.dat","230.log","230.xoutput"],"id":126,"resource":"128","request_start":1576622848897,"request_end":1576623002279,"request_duration":153382,"type":"128"}
{"start":1576622963799,"end":1576623002345,"duration":38546,"downloading_duration":1349,"execution_duration":36500,"uploading_duration":697,"executable":"ellipsoids-openmp","args":["2.dat","20.log","20.xoutput"],"id":96,"resource":"128","request_start":1576622848905,"request_end":1576623002369,"request_duration":153464,"type":"128"}
{"start":1576622963985,"end":1576623002501,"duration":38516,"downloading_duration":1280,"execution_duration":36560,"uploading_duration":676,"executable":"ellipsoids-openmp","args":["2.dat","21.log","21.xoutput"],"id":97,"resource":"128","request_start":1576622848906,"request_end":1576623002525,"request_duration":153619,"type":"128"}
{"start":1576622963707,"end":1576623002861,"duration":39154,"downloading_duration":1620,"execution_duration":36681,"uploading_duration":853,"executable":"ellipsoids-openmp","args":["2.dat","244.log","244.xoutput"],"id":140,"resource":"128","request_start":1576622848905,"request_end":1576623002885,"request_duration":153980,"type":"128"}
{"start":1576622963994,"end":1576623003058,"duration":39064,"downloading_duration":1337,"execution_duration":37000,"uploading_duration":727,"executable":"ellipsoids-openmp","args":["2.dat","22.log","22.xoutput"],"id":98,"resource":"128","request_start":1576622848907,"request_end":1576623003081,"request_duration":154174,"type":"128"}
{"start":1576622962405,"end":1576623003300,"duration":40895,"downloading_duration":1360,"execution_duration":38260,"uploading_duration":1275,"executable":"ellipsoids-openmp","args":["2.dat","229.log","229.xoutput"],"id":125,"resource":"128","request_start":1576622848896,"request_end":1576623003324,"request_duration":154428,"type":"128"}
{"start":1576622962257,"end":1576623003651,"duration":41394,"downloading_duration":1262,"execution_duration":39460,"uploading_duration":672,"executable":"ellipsoids-openmp","args":["2.dat","228.log","228.xoutput"],"id":124,"resource":"128","request_start":1576622848896,"request_end":1576623003677,"request_duration":154781,"type":"128"}
{"start":1576622963688,"end":1576623003820,"duration":40132,"downloading_duration":1331,"execution_duration":38080,"uploading_duration":721,"executable":"ellipsoids-openmp","args":["2.dat","243.log","243.xoutput"],"id":139,"resource":"128","request_start":1576622848904,"request_end":1576623003843,"request_duration":154939,"type":"128"}
{"start":1576622964237,"end":1576623003928,"duration":39691,"downloading_duration":1513,"execution_duration":37440,"uploading_duration":738,"executable":"ellipsoids-openmp","args":["2.dat","23.log","23.xoutput"],"id":99,"resource":"128","request_start":1576622848907,"request_end":1576623003950,"request_duration":155043,"type":"128"}
{"start":1576622963686,"end":1576623003955,"duration":40269,"downloading_duration":1330,"execution_duration":38281,"uploading_duration":658,"executable":"ellipsoids-openmp","args":["2.dat","242.log","242.xoutput"],"id":138,"resource":"128","request_start":1576622848904,"request_end":1576623003977,"request_duration":155073,"type":"128"}
{"start":1576622963575,"end":1576623004446,"duration":40871,"downloading_duration":1277,"execution_duration":38960,"uploading_duration":634,"executable":"ellipsoids-openmp","args":["2.dat","239.log","239.xoutput"],"id":135,"resource":"128","request_start":1576622848902,"request_end":1576623004469,"request_duration":155567,"type":"128"}
{"start":1576622962798,"end":1576623004664,"duration":41866,"downloading_duration":1409,"execution_duration":39760,"uploading_duration":697,"executable":"ellipsoids-openmp","args":["2.dat","232.log","232.xoutput"],"id":128,"resource":"128","request_start":1576622848898,"request_end":1576623004688,"request_duration":155790,"type":"128"}
{"start":1576622963537,"end":1576623004719,"duration":41182,"downloading_duration":1343,"execution_duration":39140,"uploading_duration":699,"executable":"ellipsoids-openmp","args":["2.dat","237.log","237.xoutput"],"id":133,"resource":"128","request_start":1576622848901,"request_end":1576623004742,"request_duration":155841,"type":"128"}
{"start":1576622962943,"end":1576623004752,"duration":41809,"downloading_duration":1476,"execution_duration":39641,"uploading_duration":692,"executable":"ellipsoids-openmp","args":["2.dat","233.log","233.xoutput"],"id":129,"resource":"128","request_start":1576622848899,"request_end":1576623004804,"request_duration":155905,"type":"128"}
{"start":1576622963065,"end":1576623004832,"duration":41767,"downloading_duration":1780,"execution_duration":39301,"uploading_duration":686,"executable":"ellipsoids-openmp","args":["2.dat","235.log","235.xoutput"],"id":131,"resource":"128","request_start":1576622848900,"request_end":1576623004858,"request_duration":155958,"type":"128"}
{"start":1576622963593,"end":1576623004884,"duration":41291,"downloading_duration":1363,"execution_duration":39221,"uploading_duration":707,"executable":"ellipsoids-openmp","args":["2.dat","240.log","240.xoutput"],"id":136,"resource":"128","request_start":1576622848903,"request_end":1576623004907,"request_duration":156004,"type":"128"}
{"start":1576622963453,"end":1576623005033,"duration":41580,"downloading_duration":1311,"execution_duration":39640,"uploading_duration":629,"executable":"ellipsoids-openmp","args":["2.dat","236.log","236.xoutput"],"id":132,"resource":"128","request_start":1576622848900,"request_end":1576623005058,"request_duration":156158,"type":"128"}
{"start":1576622963600,"end":1576623005148,"duration":41548,"downloading_duration":1379,"execution_duration":39521,"uploading_duration":648,"executable":"ellipsoids-openmp","args":["2.dat","241.log","241.xoutput"],"id":137,"resource":"128","request_start":1576622848903,"request_end":1576623005170,"request_duration":156267,"type":"128"}
{"start":1576622963561,"end":1576623005187,"duration":41626,"downloading_duration":1320,"execution_duration":39521,"uploading_duration":785,"executable":"ellipsoids-openmp","args":["2.dat","238.log","238.xoutput"],"id":134,"resource":"128","request_start":1576622848901,"request_end":1576623005212,"request_duration":156311,"type":"128"}
{"start":1576622963059,"end":1576623005426,"duration":42367,"downloading_duration":1312,"execution_duration":40400,"uploading_duration":655,"executable":"ellipsoids-openmp","args":["2.dat","234.log","234.xoutput"],"id":130,"resource":"128","request_start":1576622848899,"request_end":1576623005449,"request_duration":156550,"type":"128"}
{"start":1576623005622,"end":1576623010000,"duration":4378,"downloading_duration":3809,"execution_duration":61,"uploading_duration":508,"executable":"mean-pack-ell","args":["20.xoutput","21.xoutput","22.xoutput","23.xoutput","24.xoutput","25.xoutput","26.xoutput","27.xoutput","28.xoutput","29.xoutput","210.xoutput","211.xoutput","212.xoutput","213.xoutput","214.xoutput","215.xoutput","216.xoutput","217.xoutput","218.xoutput","219.xoutput","220.xoutput","221.xoutput","222.xoutput","223.xoutput","224.xoutput","225.xoutput","226.xoutput","227.xoutput","228.xoutput","229.xoutput","230.xoutput","231.xoutput","232.xoutput","233.xoutput","234.xoutput","235.xoutput","236.xoutput","237.xoutput","238.xoutput","239.xoutput","240.xoutput","241.xoutput","242.xoutput","243.xoutput","244.xoutput","average_2.txt"],"id":188,"resource":"128","request_start":1576623005460,"request_end":1576623010025,"request_duration":4565,"type":"128"}
{"start":1576623010151,"end":1576623012317,"duration":2166,"downloading_duration":660,"execution_duration":1021,"uploading_duration":485,"executable":"summary.js","args":[],"id":190,"resource":"128","request_start":1576623010032,"request_end":1576623012400,"request_duration":2368,"type":"128"}
