{"start":1576622333605,"end":1576622337161,"duration":3556,"downloading_duration":1880,"execution_duration":1161,"uploading_duration":515,"executable":"generateData.js","args":[],"id":1,"resource":"128","request_start":1576622332826,"request_end":1576622337189,"request_duration":4363,"type":"128"}
{"start":1576622337356,"end":1576622339329,"duration":1973,"downloading_duration":468,"execution_duration":1022,"uploading_duration":483,"executable":"createDat.js","args":["0.dat"],"id":2,"resource":"128","request_start":1576622337193,"request_end":1576622339354,"request_duration":2161,"type":"128"}
{"start":1576622337896,"end":1576622341355,"duration":3459,"downloading_duration":1800,"execution_duration":1161,"uploading_duration":498,"executable":"createDat.js","args":["1.dat"],"id":3,"resource":"128","request_start":1576622337194,"request_end":1576622341400,"request_duration":4206,"type":"128"}
{"start":1576622337878,"end":1576622341443,"duration":3565,"downloading_duration":1840,"execution_duration":1141,"uploading_duration":584,"executable":"createDat.js","args":["2.dat"],"id":4,"resource":"128","request_start":1576622337196,"request_end":1576622341491,"request_duration":4295,"type":"128"}
{"start":1576622337867,"end":1576622341468,"duration":3601,"downloading_duration":1859,"execution_duration":1182,"uploading_duration":560,"executable":"createDat.js","args":["3.dat"],"id":5,"resource":"128","request_start":1576622337197,"request_end":1576622341529,"request_duration":4332,"type":"128"}
{"start":1576622340383,"end":1576622372269,"duration":31886,"downloading_duration":3081,"execution_duration":28061,"uploading_duration":744,"executable":"ellipsoids-openmp","args":["0.dat","039.log","039.xoutput"],"id":45,"resource":"128","request_start":1576622339404,"request_end":1576622372308,"request_duration":32904,"type":"128"}
{"start":1576622340270,"end":1576622372850,"duration":32580,"downloading_duration":2760,"execution_duration":29022,"uploading_duration":798,"executable":"ellipsoids-openmp","args":["0.dat","08.log","08.xoutput"],"id":14,"resource":"128","request_start":1576622339370,"request_end":1576622372876,"request_duration":33506,"type":"128"}
{"start":1576622340383,"end":1576622373301,"duration":32918,"downloading_duration":2721,"execution_duration":29461,"uploading_duration":736,"executable":"ellipsoids-openmp","args":["0.dat","044.log","044.xoutput"],"id":50,"resource":"128","request_start":1576622339410,"request_end":1576622373327,"request_duration":33917,"type":"128"}
{"start":1576622340354,"end":1576622374636,"duration":34282,"downloading_duration":3899,"execution_duration":29641,"uploading_duration":742,"executable":"ellipsoids-openmp","args":["0.dat","037.log","037.xoutput"],"id":43,"resource":"128","request_start":1576622339402,"request_end":1576622374677,"request_duration":35275,"type":"128"}
{"start":1576622341604,"end":1576622378547,"duration":36943,"downloading_duration":1352,"execution_duration":34881,"uploading_duration":710,"executable":"ellipsoids-openmp","args":["1.dat","12.log","12.xoutput"],"id":53,"resource":"128","request_start":1576622341428,"request_end":1576622378569,"request_duration":37141,"type":"128"}
{"start":1576622341554,"end":1576622379306,"duration":37752,"downloading_duration":1364,"execution_duration":35621,"uploading_duration":767,"executable":"ellipsoids-openmp","args":["1.dat","14.log","14.xoutput"],"id":55,"resource":"128","request_start":1576622341430,"request_end":1576622379389,"request_duration":37959,"type":"128"}
{"start":1576622340350,"end":1576622379988,"duration":39638,"downloading_duration":2800,"execution_duration":36081,"uploading_duration":757,"executable":"ellipsoids-openmp","args":["0.dat","028.log","028.xoutput"],"id":34,"resource":"128","request_start":1576622339390,"request_end":1576622380011,"request_duration":40621,"type":"128"}
{"start":1576622340372,"end":1576622380059,"duration":39687,"downloading_duration":3100,"execution_duration":35821,"uploading_duration":766,"executable":"ellipsoids-openmp","args":["0.dat","032.log","032.xoutput"],"id":38,"resource":"128","request_start":1576622339393,"request_end":1576622380099,"request_duration":40706,"type":"128"}
{"start":1576622340372,"end":1576622380278,"duration":39906,"downloading_duration":3059,"execution_duration":36082,"uploading_duration":765,"executable":"ellipsoids-openmp","args":["0.dat","01.log","01.xoutput"],"id":7,"resource":"128","request_start":1576622339412,"request_end":1576622380313,"request_duration":40901,"type":"128"}
{"start":1576622342110,"end":1576622380490,"duration":38380,"downloading_duration":2800,"execution_duration":34800,"uploading_duration":780,"executable":"ellipsoids-openmp","args":["1.dat","10.log","10.xoutput"],"id":51,"resource":"128","request_start":1576622341424,"request_end":1576622380530,"request_duration":39106,"type":"128"}
{"start":1576622339771,"end":1576622380589,"duration":40818,"downloading_duration":1493,"execution_duration":38582,"uploading_duration":743,"executable":"ellipsoids-openmp","args":["0.dat","05.log","05.xoutput"],"id":11,"resource":"128","request_start":1576622339366,"request_end":1576622380612,"request_duration":41246,"type":"128"}
{"start":1576622340292,"end":1576622380634,"duration":40342,"downloading_duration":3240,"execution_duration":36301,"uploading_duration":801,"executable":"ellipsoids-openmp","args":["0.dat","07.log","07.xoutput"],"id":13,"resource":"128","request_start":1576622339368,"request_end":1576622380672,"request_duration":41304,"type":"128"}
{"start":1576622340434,"end":1576622380646,"duration":40212,"downloading_duration":3039,"execution_duration":36381,"uploading_duration":792,"executable":"ellipsoids-openmp","args":["0.dat","02.log","02.xoutput"],"id":8,"resource":"128","request_start":1576622339413,"request_end":1576622380675,"request_duration":41262,"type":"128"}
{"start":1576622340348,"end":1576622380682,"duration":40334,"downloading_duration":3117,"execution_duration":36481,"uploading_duration":736,"executable":"ellipsoids-openmp","args":["0.dat","033.log","033.xoutput"],"id":39,"resource":"128","request_start":1576622339397,"request_end":1576622380706,"request_duration":41309,"type":"128"}
{"start":1576622340293,"end":1576622380730,"duration":40437,"downloading_duration":3019,"execution_duration":36642,"uploading_duration":776,"executable":"ellipsoids-openmp","args":["0.dat","013.log","013.xoutput"],"id":19,"resource":"128","request_start":1576622339375,"request_end":1576622380760,"request_duration":41385,"type":"128"}
{"start":1576622340327,"end":1576622380739,"duration":40412,"downloading_duration":2680,"execution_duration":37021,"uploading_duration":711,"executable":"ellipsoids-openmp","args":["0.dat","017.log","017.xoutput"],"id":23,"resource":"128","request_start":1576622339379,"request_end":1576622380774,"request_duration":41395,"type":"128"}
{"start":1576622340344,"end":1576622380725,"duration":40381,"downloading_duration":3160,"execution_duration":36481,"uploading_duration":740,"executable":"ellipsoids-openmp","args":["0.dat","018.log","018.xoutput"],"id":24,"resource":"128","request_start":1576622339380,"request_end":1576622380777,"request_duration":41397,"type":"128"}
{"start":1576622340369,"end":1576622380851,"duration":40482,"downloading_duration":2760,"execution_duration":36961,"uploading_duration":761,"executable":"ellipsoids-openmp","args":["0.dat","042.log","042.xoutput"],"id":48,"resource":"128","request_start":1576622339407,"request_end":1576622380890,"request_duration":41483,"type":"128"}
{"start":1576622340307,"end":1576622380852,"duration":40545,"downloading_duration":3000,"execution_duration":36862,"uploading_duration":683,"executable":"ellipsoids-openmp","args":["0.dat","020.log","020.xoutput"],"id":26,"resource":"128","request_start":1576622339382,"request_end":1576622380892,"request_duration":41510,"type":"128"}
{"start":1576622340340,"end":1576622380909,"duration":40569,"downloading_duration":3080,"execution_duration":36701,"uploading_duration":788,"executable":"ellipsoids-openmp","args":["0.dat","031.log","031.xoutput"],"id":37,"resource":"128","request_start":1576622339392,"request_end":1576622380941,"request_duration":41549,"type":"128"}
{"start":1576622340412,"end":1576622380965,"duration":40553,"downloading_duration":2980,"execution_duration":36860,"uploading_duration":713,"executable":"ellipsoids-openmp","args":["0.dat","038.log","038.xoutput"],"id":44,"resource":"128","request_start":1576622339402,"request_end":1576622380993,"request_duration":41591,"type":"128"}
{"start":1576622340412,"end":1576622380986,"duration":40574,"downloading_duration":3039,"execution_duration":36782,"uploading_duration":753,"executable":"ellipsoids-openmp","args":["0.dat","041.log","041.xoutput"],"id":47,"resource":"128","request_start":1576622339407,"request_end":1576622381012,"request_duration":41605,"type":"128"}
{"start":1576622340292,"end":1576622381078,"duration":40786,"downloading_duration":3039,"execution_duration":37002,"uploading_duration":745,"executable":"ellipsoids-openmp","args":["0.dat","011.log","011.xoutput"],"id":17,"resource":"128","request_start":1576622339374,"request_end":1576622381115,"request_duration":41741,"type":"128"}
{"start":1576622340351,"end":1576622381167,"duration":40816,"downloading_duration":3060,"execution_duration":37041,"uploading_duration":715,"executable":"ellipsoids-openmp","args":["0.dat","023.log","023.xoutput"],"id":29,"resource":"128","request_start":1576622339385,"request_end":1576622381193,"request_duration":41808,"type":"128"}
{"start":1576622340300,"end":1576622381159,"duration":40859,"downloading_duration":3140,"execution_duration":36981,"uploading_duration":738,"executable":"ellipsoids-openmp","args":["0.dat","09.log","09.xoutput"],"id":15,"resource":"128","request_start":1576622339371,"request_end":1576622381202,"request_duration":41831,"type":"128"}
{"start":1576622341513,"end":1576622381199,"duration":39686,"downloading_duration":1513,"execution_duration":37461,"uploading_duration":712,"executable":"ellipsoids-openmp","args":["1.dat","13.log","13.xoutput"],"id":54,"resource":"128","request_start":1576622341430,"request_end":1576622381220,"request_duration":39790,"type":"128"}
{"start":1576622340297,"end":1576622381211,"duration":40914,"downloading_duration":3020,"execution_duration":37061,"uploading_duration":833,"executable":"ellipsoids-openmp","args":["0.dat","015.log","015.xoutput"],"id":21,"resource":"128","request_start":1576622339377,"request_end":1576622381241,"request_duration":41864,"type":"128"}
{"start":1576622340382,"end":1576622381332,"duration":40950,"downloading_duration":2800,"execution_duration":37061,"uploading_duration":1089,"executable":"ellipsoids-openmp","args":["0.dat","036.log","036.xoutput"],"id":42,"resource":"128","request_start":1576622339401,"request_end":1576622381431,"request_duration":42030,"type":"128"}
{"start":1576622340271,"end":1576622381356,"duration":41085,"downloading_duration":3100,"execution_duration":37221,"uploading_duration":764,"executable":"ellipsoids-openmp","args":["0.dat","016.log","016.xoutput"],"id":22,"resource":"128","request_start":1576622339378,"request_end":1576622381436,"request_duration":42058,"type":"128"}
{"start":1576622340338,"end":1576622381376,"duration":41038,"downloading_duration":3100,"execution_duration":37161,"uploading_duration":777,"executable":"ellipsoids-openmp","args":["0.dat","024.log","024.xoutput"],"id":30,"resource":"128","request_start":1576622339386,"request_end":1576622381438,"request_duration":42052,"type":"128"}
{"start":1576622340321,"end":1576622381392,"duration":41071,"downloading_duration":3120,"execution_duration":37201,"uploading_duration":750,"executable":"ellipsoids-openmp","args":["0.dat","019.log","019.xoutput"],"id":25,"resource":"128","request_start":1576622339381,"request_end":1576622381442,"request_duration":42061,"type":"128"}
{"start":1576622340353,"end":1576622381447,"duration":41094,"downloading_duration":3040,"execution_duration":37321,"uploading_duration":733,"executable":"ellipsoids-openmp","args":["0.dat","027.log","027.xoutput"],"id":33,"resource":"128","request_start":1576622339389,"request_end":1576622381499,"request_duration":42110,"type":"128"}
{"start":1576622340373,"end":1576622381465,"duration":41092,"downloading_duration":2900,"execution_duration":37321,"uploading_duration":871,"executable":"ellipsoids-openmp","args":["0.dat","040.log","040.xoutput"],"id":46,"resource":"128","request_start":1576622339406,"request_end":1576622381506,"request_duration":42100,"type":"128"}
{"start":1576622340316,"end":1576622381479,"duration":41163,"downloading_duration":2999,"execution_duration":37442,"uploading_duration":722,"executable":"ellipsoids-openmp","args":["0.dat","04.log","04.xoutput"],"id":10,"resource":"128","request_start":1576622339365,"request_end":1576622381520,"request_duration":42155,"type":"128"}
{"start":1576622340604,"end":1576622381483,"duration":40879,"downloading_duration":2500,"execution_duration":37581,"uploading_duration":798,"executable":"ellipsoids-openmp","args":["0.dat","022.log","022.xoutput"],"id":28,"resource":"128","request_start":1576622339384,"request_end":1576622381529,"request_duration":42145,"type":"128"}
{"start":1576622340368,"end":1576622381587,"duration":41219,"downloading_duration":2761,"execution_duration":37640,"uploading_duration":818,"executable":"ellipsoids-openmp","args":["0.dat","029.log","029.xoutput"],"id":35,"resource":"128","request_start":1576622339391,"request_end":1576622381610,"request_duration":42219,"type":"128"}
{"start":1576622340260,"end":1576622381689,"duration":41429,"downloading_duration":3120,"execution_duration":37541,"uploading_duration":768,"executable":"ellipsoids-openmp","args":["0.dat","014.log","014.xoutput"],"id":20,"resource":"128","request_start":1576622339376,"request_end":1576622381722,"request_duration":42346,"type":"128"}
{"start":1576622340307,"end":1576622381906,"duration":41599,"downloading_duration":3119,"execution_duration":37701,"uploading_duration":779,"executable":"ellipsoids-openmp","args":["0.dat","021.log","021.xoutput"],"id":27,"resource":"128","request_start":1576622339383,"request_end":1576622381945,"request_duration":42562,"type":"128"}
{"start":1576622340247,"end":1576622382079,"duration":41832,"downloading_duration":2760,"execution_duration":38302,"uploading_duration":770,"executable":"ellipsoids-openmp","args":["0.dat","06.log","06.xoutput"],"id":12,"resource":"128","request_start":1576622339367,"request_end":1576622382110,"request_duration":42743,"type":"128"}
{"start":1576622342090,"end":1576622382203,"duration":40113,"downloading_duration":3217,"execution_duration":36161,"uploading_duration":735,"executable":"ellipsoids-openmp","args":["1.dat","11.log","11.xoutput"],"id":52,"resource":"128","request_start":1576622341426,"request_end":1576622382231,"request_duration":40805,"type":"128"}
{"start":1576622340367,"end":1576622382312,"duration":41945,"downloading_duration":2780,"execution_duration":38361,"uploading_duration":804,"executable":"ellipsoids-openmp","args":["0.dat","034.log","034.xoutput"],"id":40,"resource":"128","request_start":1576622339399,"request_end":1576622382348,"request_duration":42949,"type":"128"}
{"start":1576622340426,"end":1576622382339,"duration":41913,"downloading_duration":3220,"execution_duration":37881,"uploading_duration":812,"executable":"ellipsoids-openmp","args":["0.dat","03.log","03.xoutput"],"id":9,"resource":"128","request_start":1576622339414,"request_end":1576622382370,"request_duration":42956,"type":"128"}
{"start":1576622340389,"end":1576622382458,"duration":42069,"downloading_duration":3259,"execution_duration":38041,"uploading_duration":769,"executable":"ellipsoids-openmp","args":["0.dat","00.log","00.xoutput"],"id":6,"resource":"128","request_start":1576622339411,"request_end":1576622382480,"request_duration":43069,"type":"128"}
{"start":1576622340416,"end":1576622382494,"duration":42078,"downloading_duration":3020,"execution_duration":38281,"uploading_duration":777,"executable":"ellipsoids-openmp","args":["0.dat","043.log","043.xoutput"],"id":49,"resource":"128","request_start":1576622339408,"request_end":1576622382520,"request_duration":43112,"type":"128"}
{"start":1576622340328,"end":1576622382581,"duration":42253,"downloading_duration":2919,"execution_duration":38482,"uploading_duration":852,"executable":"ellipsoids-openmp","args":["0.dat","012.log","012.xoutput"],"id":18,"resource":"128","request_start":1576622339375,"request_end":1576622382611,"request_duration":43236,"type":"128"}
{"start":1576622340364,"end":1576622382664,"duration":42300,"downloading_duration":2980,"execution_duration":38581,"uploading_duration":739,"executable":"ellipsoids-openmp","args":["0.dat","030.log","030.xoutput"],"id":36,"resource":"128","request_start":1576622339391,"request_end":1576622382705,"request_duration":43314,"type":"128"}
{"start":1576622340332,"end":1576622382899,"duration":42567,"downloading_duration":3280,"execution_duration":38521,"uploading_duration":766,"executable":"ellipsoids-openmp","args":["0.dat","035.log","035.xoutput"],"id":41,"resource":"128","request_start":1576622339400,"request_end":1576622382935,"request_duration":43535,"type":"128"}
{"start":1576622340303,"end":1576622384078,"duration":43775,"downloading_duration":4820,"execution_duration":38241,"uploading_duration":714,"executable":"ellipsoids-openmp","args":["0.dat","010.log","010.xoutput"],"id":16,"resource":"128","request_start":1576622339372,"request_end":1576622384110,"request_duration":44738,"type":"128"}
{"start":1576622340376,"end":1576622387823,"duration":47447,"downloading_duration":8299,"execution_duration":38361,"uploading_duration":787,"executable":"ellipsoids-openmp","args":["0.dat","026.log","026.xoutput"],"id":32,"resource":"128","request_start":1576622339388,"request_end":1576622387850,"request_duration":48462,"type":"128"}
{"start":1576622340323,"end":1576622387905,"duration":47582,"downloading_duration":3059,"execution_duration":29142,"uploading_duration":15381,"executable":"ellipsoids-openmp","args":["0.dat","025.log","025.xoutput"],"id":31,"resource":"128","request_start":1576622339387,"request_end":1576622387930,"request_duration":48543,"type":"128"}
{"start":1576622373355,"end":1576622404449,"duration":31094,"downloading_duration":1329,"execution_duration":28980,"uploading_duration":785,"executable":"ellipsoids-openmp","args":["1.dat","17.log","17.xoutput"],"id":58,"resource":"128","request_start":1576622341432,"request_end":1576622404473,"request_duration":63041,"type":"128"}
{"start":1576622372338,"end":1576622405269,"duration":32931,"downloading_duration":1345,"execution_duration":30622,"uploading_duration":964,"executable":"ellipsoids-openmp","args":["1.dat","15.log","15.xoutput"],"id":56,"resource":"128","request_start":1576622341431,"request_end":1576622405291,"request_duration":63860,"type":"128"}
{"start":1576622372903,"end":1576622405287,"duration":32384,"downloading_duration":1648,"execution_duration":30020,"uploading_duration":716,"executable":"ellipsoids-openmp","args":["1.dat","16.log","16.xoutput"],"id":57,"resource":"128","request_start":1576622341432,"request_end":1576622405310,"request_duration":63878,"type":"128"}
{"start":1576622374710,"end":1576622408445,"duration":33735,"downloading_duration":1423,"execution_duration":31602,"uploading_duration":710,"executable":"ellipsoids-openmp","args":["1.dat","18.log","18.xoutput"],"id":59,"resource":"128","request_start":1576622341433,"request_end":1576622408471,"request_duration":67038,"type":"128"}
{"start":1576622380035,"end":1576622416030,"duration":35995,"downloading_duration":1635,"execution_duration":33621,"uploading_duration":739,"executable":"ellipsoids-openmp","args":["1.dat","111.log","111.xoutput"],"id":62,"resource":"128","request_start":1576622341435,"request_end":1576622416053,"request_duration":74618,"type":"128"}
{"start":1576622380700,"end":1576622416514,"duration":35814,"downloading_duration":1553,"execution_duration":33521,"uploading_duration":740,"executable":"ellipsoids-openmp","args":["1.dat","117.log","117.xoutput"],"id":68,"resource":"128","request_start":1576622341439,"request_end":1576622416537,"request_duration":75098,"type":"128"}
{"start":1576622378595,"end":1576622416735,"duration":38140,"downloading_duration":1401,"execution_duration":36020,"uploading_duration":719,"executable":"ellipsoids-openmp","args":["1.dat","19.log","19.xoutput"],"id":60,"resource":"128","request_start":1576622341434,"request_end":1576622416757,"request_duration":75323,"type":"128"}
{"start":1576622379422,"end":1576622417285,"duration":37863,"downloading_duration":1436,"execution_duration":35740,"uploading_duration":687,"executable":"ellipsoids-openmp","args":["1.dat","110.log","110.xoutput"],"id":61,"resource":"128","request_start":1576622341434,"request_end":1576622417321,"request_duration":75887,"type":"128"}
{"start":1576622380798,"end":1576622417425,"duration":36627,"downloading_duration":1629,"execution_duration":34241,"uploading_duration":757,"executable":"ellipsoids-openmp","args":["1.dat","119.log","119.xoutput"],"id":70,"resource":"128","request_start":1576622341440,"request_end":1576622417482,"request_duration":76042,"type":"128"}
{"start":1576622380122,"end":1576622417590,"duration":37468,"downloading_duration":1710,"execution_duration":34761,"uploading_duration":997,"executable":"ellipsoids-openmp","args":["1.dat","112.log","112.xoutput"],"id":63,"resource":"128","request_start":1576622341435,"request_end":1576622417613,"request_duration":76178,"type":"128"}
{"start":1576622381837,"end":1576622417591,"duration":35754,"downloading_duration":1619,"execution_duration":33420,"uploading_duration":715,"executable":"ellipsoids-openmp","args":["1.dat","137.log","137.xoutput"],"id":88,"resource":"128","request_start":1576622341453,"request_end":1576622417619,"request_duration":76166,"type":"128"}
{"start":1576622381473,"end":1576622417621,"duration":36148,"downloading_duration":1788,"execution_duration":33661,"uploading_duration":699,"executable":"ellipsoids-openmp","args":["1.dat","135.log","135.xoutput"],"id":86,"resource":"128","request_start":1576622341452,"request_end":1576622417643,"request_duration":76191,"type":"128"}
{"start":1576622380911,"end":1576622417758,"duration":36847,"downloading_duration":1417,"execution_duration":34681,"uploading_duration":749,"executable":"ellipsoids-openmp","args":["1.dat","122.log","122.xoutput"],"id":73,"resource":"128","request_start":1576622341442,"request_end":1576622417781,"request_duration":76339,"type":"128"}
{"start":1576622381477,"end":1576622417819,"duration":36342,"downloading_duration":1934,"execution_duration":33701,"uploading_duration":707,"executable":"ellipsoids-openmp","args":["1.dat","134.log","134.xoutput"],"id":85,"resource":"128","request_start":1576622341450,"request_end":1576622417840,"request_duration":76390,"type":"128"}
{"start":1576622380705,"end":1576622417832,"duration":37127,"downloading_duration":1440,"execution_duration":34920,"uploading_duration":767,"executable":"ellipsoids-openmp","args":["1.dat","116.log","116.xoutput"],"id":67,"resource":"128","request_start":1576622341438,"request_end":1576622417853,"request_duration":76415,"type":"128"}
{"start":1576622380341,"end":1576622417922,"duration":37581,"downloading_duration":1650,"execution_duration":35161,"uploading_duration":770,"executable":"ellipsoids-openmp","args":["1.dat","113.log","113.xoutput"],"id":64,"resource":"128","request_start":1576622341436,"request_end":1576622417974,"request_duration":76538,"type":"128"}
{"start":1576622381036,"end":1576622417923,"duration":36887,"downloading_duration":1336,"execution_duration":34780,"uploading_duration":771,"executable":"ellipsoids-openmp","args":["1.dat","126.log","126.xoutput"],"id":77,"resource":"128","request_start":1576622341445,"request_end":1576622417975,"request_duration":76530,"type":"128"}
{"start":1576622381142,"end":1576622417973,"duration":36831,"downloading_duration":1910,"execution_duration":34200,"uploading_duration":721,"executable":"ellipsoids-openmp","args":["1.dat","127.log","127.xoutput"],"id":78,"resource":"128","request_start":1576622341446,"request_end":1576622417994,"request_duration":76548,"type":"128"}
{"start":1576622381473,"end":1576622418076,"duration":36603,"downloading_duration":1740,"execution_duration":34141,"uploading_duration":722,"executable":"ellipsoids-openmp","args":["1.dat","132.log","132.xoutput"],"id":83,"resource":"128","request_start":1576622341448,"request_end":1576622418099,"request_duration":76651,"type":"128"}
{"start":1576622380803,"end":1576622418104,"duration":37301,"downloading_duration":1561,"execution_duration":34980,"uploading_duration":760,"executable":"ellipsoids-openmp","args":["1.dat","121.log","121.xoutput"],"id":72,"resource":"128","request_start":1576622341441,"request_end":1576622418128,"request_duration":76687,"type":"128"}
{"start":1576622380638,"end":1576622418165,"duration":37527,"downloading_duration":1407,"execution_duration":35440,"uploading_duration":680,"executable":"ellipsoids-openmp","args":["1.dat","115.log","115.xoutput"],"id":66,"resource":"128","request_start":1576622341438,"request_end":1576622418190,"request_duration":76752,"type":"128"}
{"start":1576622381023,"end":1576622418221,"duration":37198,"downloading_duration":1368,"execution_duration":35060,"uploading_duration":770,"executable":"ellipsoids-openmp","args":["1.dat","125.log","125.xoutput"],"id":76,"resource":"128","request_start":1576622341444,"request_end":1576622418244,"request_duration":76800,"type":"128"}
{"start":1576622380923,"end":1576622418268,"duration":37345,"downloading_duration":1645,"execution_duration":34980,"uploading_duration":720,"executable":"ellipsoids-openmp","args":["1.dat","123.log","123.xoutput"],"id":74,"resource":"128","request_start":1576622341443,"request_end":1576622418289,"request_duration":76846,"type":"128"}
{"start":1576622381266,"end":1576622418339,"duration":37073,"downloading_duration":1828,"execution_duration":34498,"uploading_duration":747,"executable":"ellipsoids-openmp","args":["1.dat","131.log","131.xoutput"],"id":82,"resource":"128","request_start":1576622341448,"request_end":1576622418361,"request_duration":76913,"type":"128"}
{"start":1576622381237,"end":1576622418392,"duration":37155,"downloading_duration":1329,"execution_duration":35141,"uploading_duration":685,"executable":"ellipsoids-openmp","args":["1.dat","129.log","129.xoutput"],"id":80,"resource":"128","request_start":1576622341447,"request_end":1576622418415,"request_duration":76968,"type":"128"}
{"start":1576622381237,"end":1576622418426,"duration":37189,"downloading_duration":1360,"execution_duration":35060,"uploading_duration":769,"executable":"ellipsoids-openmp","args":["1.dat","128.log","128.xoutput"],"id":79,"resource":"128","request_start":1576622341446,"request_end":1576622418450,"request_duration":77004,"type":"128"}
{"start":1576622381535,"end":1576622418464,"duration":36929,"downloading_duration":1408,"execution_duration":34781,"uploading_duration":740,"executable":"ellipsoids-openmp","args":["1.dat","136.log","136.xoutput"],"id":87,"resource":"128","request_start":1576622341452,"request_end":1576622418487,"request_duration":77035,"type":"128"}
{"start":1576622381476,"end":1576622418518,"duration":37042,"downloading_duration":1481,"execution_duration":34821,"uploading_duration":740,"executable":"ellipsoids-openmp","args":["1.dat","133.log","133.xoutput"],"id":84,"resource":"128","request_start":1576622341449,"request_end":1576622418540,"request_duration":77091,"type":"128"}
{"start":1576622380970,"end":1576622418531,"duration":37561,"downloading_duration":1690,"execution_duration":35140,"uploading_duration":731,"executable":"ellipsoids-openmp","args":["1.dat","124.log","124.xoutput"],"id":75,"resource":"128","request_start":1576622341443,"request_end":1576622418555,"request_duration":77112,"type":"128"}
{"start":1576622381972,"end":1576622418791,"duration":36819,"downloading_duration":1574,"execution_duration":34501,"uploading_duration":744,"executable":"ellipsoids-openmp","args":["1.dat","142.log","142.xoutput"],"id":93,"resource":"128","request_start":1576622341456,"request_end":1576622418812,"request_duration":77356,"type":"128"}
{"start":1576622381752,"end":1576622418822,"duration":37070,"downloading_duration":1348,"execution_duration":35001,"uploading_duration":721,"executable":"ellipsoids-openmp","args":["1.dat","141.log","141.xoutput"],"id":92,"resource":"128","request_start":1576622341455,"request_end":1576622418844,"request_duration":77389,"type":"128"}
{"start":1576622380558,"end":1576622418897,"duration":38339,"downloading_duration":1671,"execution_duration":35941,"uploading_duration":727,"executable":"ellipsoids-openmp","args":["1.dat","114.log","114.xoutput"],"id":65,"resource":"128","request_start":1576622341437,"request_end":1576622418932,"request_duration":77495,"type":"128"}
{"start":1576622380806,"end":1576622418962,"duration":38156,"downloading_duration":1566,"execution_duration":35881,"uploading_duration":709,"executable":"ellipsoids-openmp","args":["1.dat","120.log","120.xoutput"],"id":71,"resource":"128","request_start":1576622341441,"request_end":1576622418985,"request_duration":77544,"type":"128"}
{"start":1576622381246,"end":1576622419034,"duration":37788,"downloading_duration":1393,"execution_duration":35681,"uploading_duration":714,"executable":"ellipsoids-openmp","args":["1.dat","130.log","130.xoutput"],"id":81,"resource":"128","request_start":1576622341447,"request_end":1576622419055,"request_duration":77608,"type":"128"}
{"start":1576622380734,"end":1576622419153,"duration":38419,"downloading_duration":1497,"execution_duration":36201,"uploading_duration":721,"executable":"ellipsoids-openmp","args":["1.dat","118.log","118.xoutput"],"id":69,"resource":"128","request_start":1576622341440,"request_end":1576622419184,"request_duration":77744,"type":"128"}
{"start":1576622381557,"end":1576622419344,"duration":37787,"downloading_duration":1585,"execution_duration":35460,"uploading_duration":742,"executable":"ellipsoids-openmp","args":["1.dat","139.log","139.xoutput"],"id":90,"resource":"128","request_start":1576622341454,"request_end":1576622419369,"request_duration":77915,"type":"128"}
{"start":1576622382252,"end":1576622419499,"duration":37247,"downloading_duration":1455,"execution_duration":35060,"uploading_duration":732,"executable":"ellipsoids-openmp","args":["1.dat","144.log","144.xoutput"],"id":95,"resource":"128","request_start":1576622341458,"request_end":1576622419523,"request_duration":78065,"type":"128"}
{"start":1576622382133,"end":1576622419552,"duration":37419,"downloading_duration":1735,"execution_duration":34981,"uploading_duration":703,"executable":"ellipsoids-openmp","args":["1.dat","143.log","143.xoutput"],"id":94,"resource":"128","request_start":1576622341457,"request_end":1576622419589,"request_duration":78132,"type":"128"}
{"start":1576622381549,"end":1576622419796,"duration":38247,"downloading_duration":1284,"execution_duration":36180,"uploading_duration":783,"executable":"ellipsoids-openmp","args":["1.dat","138.log","138.xoutput"],"id":89,"resource":"128","request_start":1576622341454,"request_end":1576622419820,"request_duration":78366,"type":"128"}
{"start":1576622381638,"end":1576622419837,"duration":38199,"downloading_duration":1650,"execution_duration":35861,"uploading_duration":688,"executable":"ellipsoids-openmp","args":["1.dat","140.log","140.xoutput"],"id":91,"resource":"128","request_start":1576622341455,"request_end":1576622419860,"request_duration":78405,"type":"128"}
{"start":1576622387954,"end":1576622420495,"duration":32541,"downloading_duration":1369,"execution_duration":30400,"uploading_duration":772,"executable":"ellipsoids-openmp","args":["2.dat","213.log","213.xoutput"],"id":109,"resource":"128","request_start":1576622341506,"request_end":1576622420517,"request_duration":79011,"type":"128"}
{"start":1576622382394,"end":1576622421325,"duration":38931,"downloading_duration":1313,"execution_duration":36840,"uploading_duration":778,"executable":"ellipsoids-openmp","args":["2.dat","25.log","25.xoutput"],"id":101,"resource":"128","request_start":1576622341502,"request_end":1576622421399,"request_duration":79897,"type":"128"}
{"start":1576622382517,"end":1576622423290,"duration":40773,"downloading_duration":1399,"execution_duration":38601,"uploading_duration":773,"executable":"ellipsoids-openmp","args":["2.dat","26.log","26.xoutput"],"id":102,"resource":"128","request_start":1576622341503,"request_end":1576622423382,"request_duration":81879,"type":"128"}
{"start":1576622382729,"end":1576622423440,"duration":40711,"downloading_duration":1575,"execution_duration":38400,"uploading_duration":736,"executable":"ellipsoids-openmp","args":["2.dat","29.log","29.xoutput"],"id":105,"resource":"128","request_start":1576622341504,"request_end":1576622423465,"request_duration":81961,"type":"128"}
{"start":1576622382964,"end":1576622424491,"duration":41527,"downloading_duration":1348,"execution_duration":39421,"uploading_duration":758,"executable":"ellipsoids-openmp","args":["2.dat","210.log","210.xoutput"],"id":106,"resource":"128","request_start":1576622341505,"request_end":1576622424515,"request_duration":83010,"type":"128"}
{"start":1576622382376,"end":1576622424707,"duration":42331,"downloading_duration":1670,"execution_duration":39840,"uploading_duration":821,"executable":"ellipsoids-openmp","args":["2.dat","24.log","24.xoutput"],"id":100,"resource":"128","request_start":1576622341502,"request_end":1576622424730,"request_duration":83228,"type":"128"}
{"start":1576622384143,"end":1576622424746,"duration":40603,"downloading_duration":1320,"execution_duration":38541,"uploading_duration":742,"executable":"ellipsoids-openmp","args":["2.dat","211.log","211.xoutput"],"id":107,"resource":"128","request_start":1576622341505,"request_end":1576622424785,"request_duration":83280,"type":"128"}
{"start":1576622382647,"end":1576622424995,"duration":42348,"downloading_duration":1560,"execution_duration":40061,"uploading_duration":727,"executable":"ellipsoids-openmp","args":["2.dat","28.log","28.xoutput"],"id":104,"resource":"128","request_start":1576622341504,"request_end":1576622425021,"request_duration":83517,"type":"128"}
{"start":1576622382543,"end":1576622424998,"duration":42455,"downloading_duration":1445,"execution_duration":40241,"uploading_duration":769,"executable":"ellipsoids-openmp","args":["2.dat","27.log","27.xoutput"],"id":103,"resource":"128","request_start":1576622341503,"request_end":1576622425023,"request_duration":83520,"type":"128"}
{"start":1576622387886,"end":1576622430040,"duration":42154,"downloading_duration":1329,"execution_duration":40081,"uploading_duration":744,"executable":"ellipsoids-openmp","args":["2.dat","212.log","212.xoutput"],"id":108,"resource":"128","request_start":1576622341506,"request_end":1576622430063,"request_duration":88557,"type":"128"}
{"start":1576622405335,"end":1576622437061,"duration":31726,"downloading_duration":1329,"execution_duration":29740,"uploading_duration":657,"executable":"ellipsoids-openmp","args":["2.dat","216.log","216.xoutput"],"id":112,"resource":"128","request_start":1576622341508,"request_end":1576622437085,"request_duration":95577,"type":"128"}
{"start":1576622405316,"end":1576622437144,"duration":31828,"downloading_duration":1294,"execution_duration":29842,"uploading_duration":692,"executable":"ellipsoids-openmp","args":["2.dat","215.log","215.xoutput"],"id":111,"resource":"128","request_start":1576622341507,"request_end":1576622437169,"request_duration":95662,"type":"128"}
{"start":1576622404503,"end":1576622437779,"duration":33276,"downloading_duration":1301,"execution_duration":31265,"uploading_duration":710,"executable":"ellipsoids-openmp","args":["2.dat","214.log","214.xoutput"],"id":110,"resource":"128","request_start":1576622341507,"request_end":1576622437802,"request_duration":96295,"type":"128"}
{"start":1576622408498,"end":1576622440622,"duration":32124,"downloading_duration":1596,"execution_duration":29861,"uploading_duration":667,"executable":"ellipsoids-openmp","args":["2.dat","217.log","217.xoutput"],"id":113,"resource":"128","request_start":1576622341509,"request_end":1576622440649,"request_duration":99140,"type":"128"}
{"start":1576622420539,"end":1576622452351,"duration":31812,"downloading_duration":1384,"execution_duration":29740,"uploading_duration":688,"executable":"ellipsoids-openmp","args":["3.dat","35.log","35.xoutput"],"id":146,"resource":"128","request_start":1576622341554,"request_end":1576622452374,"request_duration":110820,"type":"128"}
{"start":1576622417880,"end":1576622455030,"duration":37150,"downloading_duration":1451,"execution_duration":35001,"uploading_duration":698,"executable":"ellipsoids-openmp","args":["2.dat","228.log","228.xoutput"],"id":124,"resource":"128","request_start":1576622341514,"request_end":1576622455053,"request_duration":113539,"type":"128"}
{"start":1576622417647,"end":1576622455186,"duration":37539,"downloading_duration":1769,"execution_duration":35081,"uploading_duration":689,"executable":"ellipsoids-openmp","args":["2.dat","223.log","223.xoutput"],"id":119,"resource":"128","request_start":1576622341512,"request_end":1576622455210,"request_duration":113698,"type":"128"}
{"start":1576622418124,"end":1576622455858,"duration":37734,"downloading_duration":1359,"execution_duration":35721,"uploading_duration":654,"executable":"ellipsoids-openmp","args":["2.dat","232.log","232.xoutput"],"id":128,"resource":"128","request_start":1576622341517,"request_end":1576622455881,"request_duration":114364,"type":"128"}
{"start":1576622416077,"end":1576622456076,"duration":39999,"downloading_duration":1393,"execution_duration":37881,"uploading_duration":725,"executable":"ellipsoids-openmp","args":["2.dat","218.log","218.xoutput"],"id":114,"resource":"128","request_start":1576622341509,"request_end":1576622456099,"request_duration":114590,"type":"128"}
{"start":1576622418016,"end":1576622456103,"duration":38087,"downloading_duration":1315,"execution_duration":36062,"uploading_duration":710,"executable":"ellipsoids-openmp","args":["2.dat","231.log","231.xoutput"],"id":127,"resource":"128","request_start":1576622341516,"request_end":1576622456124,"request_duration":114608,"type":"128"}
{"start":1576622417645,"end":1576622456285,"duration":38640,"downloading_duration":1456,"execution_duration":36480,"uploading_duration":704,"executable":"ellipsoids-openmp","args":["2.dat","224.log","224.xoutput"],"id":120,"resource":"128","request_start":1576622341512,"request_end":1576622456308,"request_duration":114796,"type":"128"}
{"start":1576622419617,"end":1576622456344,"duration":36727,"downloading_duration":1712,"execution_duration":34340,"uploading_duration":675,"executable":"ellipsoids-openmp","args":["3.dat","32.log","32.xoutput"],"id":143,"resource":"128","request_start":1576622341552,"request_end":1576622456366,"request_duration":114814,"type":"128"}
{"start":1576622416783,"end":1576622456442,"duration":39659,"downloading_duration":1333,"execution_duration":37580,"uploading_duration":746,"executable":"ellipsoids-openmp","args":["2.dat","220.log","220.xoutput"],"id":116,"resource":"128","request_start":1576622341510,"request_end":1576622456464,"request_duration":114954,"type":"128"}
{"start":1576622417345,"end":1576622456455,"duration":39110,"downloading_duration":1353,"execution_duration":37060,"uploading_duration":697,"executable":"ellipsoids-openmp","args":["2.dat","221.log","221.xoutput"],"id":117,"resource":"128","request_start":1576622341511,"request_end":1576622456479,"request_duration":114968,"type":"128"}
{"start":1576622418484,"end":1576622456475,"duration":37991,"downloading_duration":1340,"execution_duration":35920,"uploading_duration":731,"executable":"ellipsoids-openmp","args":["2.dat","239.log","239.xoutput"],"id":135,"resource":"128","request_start":1576622341520,"request_end":1576622456499,"request_duration":114979,"type":"128"}
{"start":1576622418288,"end":1576622456505,"duration":38217,"downloading_duration":1340,"execution_duration":36220,"uploading_duration":657,"executable":"ellipsoids-openmp","args":["2.dat","235.log","235.xoutput"],"id":131,"resource":"128","request_start":1576622341518,"request_end":1576622456529,"request_duration":115011,"type":"128"}
{"start":1576622417809,"end":1576622456551,"duration":38742,"downloading_duration":1520,"execution_duration":36560,"uploading_duration":662,"executable":"ellipsoids-openmp","args":["2.dat","226.log","226.xoutput"],"id":122,"resource":"128","request_start":1576622341513,"request_end":1576622456575,"request_duration":115062,"type":"128"}
{"start":1576622417672,"end":1576622456693,"duration":39021,"downloading_duration":1700,"execution_duration":36621,"uploading_duration":700,"executable":"ellipsoids-openmp","args":["2.dat","225.log","225.xoutput"],"id":121,"resource":"128","request_start":1576622341513,"request_end":1576622456714,"request_duration":115201,"type":"128"}
{"start":1576622419850,"end":1576622456780,"duration":36930,"downloading_duration":1598,"execution_duration":34661,"uploading_duration":671,"executable":"ellipsoids-openmp","args":["3.dat","33.log","33.xoutput"],"id":144,"resource":"128","request_start":1576622341553,"request_end":1576622456810,"request_duration":115257,"type":"128"}
{"start":1576622417997,"end":1576622456861,"duration":38864,"downloading_duration":1515,"execution_duration":36640,"uploading_duration":709,"executable":"ellipsoids-openmp","args":["2.dat","229.log","229.xoutput"],"id":125,"resource":"128","request_start":1576622341515,"request_end":1576622456882,"request_duration":115367,"type":"128"}
{"start":1576622418313,"end":1576622457099,"duration":38786,"downloading_duration":1618,"execution_duration":36440,"uploading_duration":728,"executable":"ellipsoids-openmp","args":["2.dat","236.log","236.xoutput"],"id":132,"resource":"128","request_start":1576622341519,"request_end":1576622457123,"request_duration":115604,"type":"128"}
{"start":1576622418214,"end":1576622457125,"duration":38911,"downloading_duration":1670,"execution_duration":36561,"uploading_duration":680,"executable":"ellipsoids-openmp","args":["2.dat","234.log","234.xoutput"],"id":130,"resource":"128","request_start":1576622341518,"request_end":1576622457149,"request_duration":115631,"type":"128"}
{"start":1576622418155,"end":1576622457155,"duration":39000,"downloading_duration":1438,"execution_duration":36841,"uploading_duration":721,"executable":"ellipsoids-openmp","args":["2.dat","233.log","233.xoutput"],"id":129,"resource":"128","request_start":1576622341517,"request_end":1576622457179,"request_duration":115662,"type":"128"}
{"start":1576622419554,"end":1576622457197,"duration":37643,"downloading_duration":1253,"execution_duration":35660,"uploading_duration":730,"executable":"ellipsoids-openmp","args":["3.dat","31.log","31.xoutput"],"id":142,"resource":"128","request_start":1576622341552,"request_end":1576622457219,"request_duration":115667,"type":"128"}
{"start":1576622419397,"end":1576622457263,"duration":37866,"downloading_duration":1685,"execution_duration":35540,"uploading_duration":641,"executable":"ellipsoids-openmp","args":["3.dat","30.log","30.xoutput"],"id":141,"resource":"128","request_start":1576622341551,"request_end":1576622457284,"request_duration":115733,"type":"128"}
{"start":1576622417509,"end":1576622457301,"duration":39792,"downloading_duration":1618,"execution_duration":37521,"uploading_duration":653,"executable":"ellipsoids-openmp","args":["2.dat","222.log","222.xoutput"],"id":118,"resource":"128","request_start":1576622341511,"request_end":1576622457324,"request_duration":115813,"type":"128"}
{"start":1576622418002,"end":1576622457355,"duration":39353,"downloading_duration":1410,"execution_duration":37020,"uploading_duration":923,"executable":"ellipsoids-openmp","args":["2.dat","230.log","230.xoutput"],"id":126,"resource":"128","request_start":1576622341516,"request_end":1576622457504,"request_duration":115988,"type":"128"}
{"start":1576622416569,"end":1576622457374,"duration":40805,"downloading_duration":1265,"execution_duration":38861,"uploading_duration":679,"executable":"ellipsoids-openmp","args":["2.dat","219.log","219.xoutput"],"id":115,"resource":"128","request_start":1576622341510,"request_end":1576622457507,"request_duration":115997,"type":"128"}
{"start":1576622418389,"end":1576622457405,"duration":39016,"downloading_duration":1262,"execution_duration":37081,"uploading_duration":673,"executable":"ellipsoids-openmp","args":["2.dat","237.log","237.xoutput"],"id":133,"resource":"128","request_start":1576622341519,"request_end":1576622457511,"request_duration":115992,"type":"128"}
{"start":1576622417867,"end":1576622457575,"duration":39708,"downloading_duration":1798,"execution_duration":37200,"uploading_duration":710,"executable":"ellipsoids-openmp","args":["2.dat","227.log","227.xoutput"],"id":123,"resource":"128","request_start":1576622341514,"request_end":1576622457597,"request_duration":116083,"type":"128"}
{"start":1576622418448,"end":1576622457598,"duration":39150,"downloading_duration":1249,"execution_duration":37261,"uploading_duration":640,"executable":"ellipsoids-openmp","args":["2.dat","238.log","238.xoutput"],"id":134,"resource":"128","request_start":1576622341520,"request_end":1576622457619,"request_duration":116099,"type":"128"}
{"start":1576622418869,"end":1576622458442,"duration":39573,"downloading_duration":1277,"execution_duration":37620,"uploading_duration":676,"executable":"ellipsoids-openmp","args":["2.dat","244.log","244.xoutput"],"id":140,"resource":"128","request_start":1576622341524,"request_end":1576622458467,"request_duration":116943,"type":"128"}
{"start":1576622418518,"end":1576622458492,"duration":39974,"downloading_duration":1608,"execution_duration":37681,"uploading_duration":685,"executable":"ellipsoids-openmp","args":["2.dat","240.log","240.xoutput"],"id":136,"resource":"128","request_start":1576622341521,"request_end":1576622458515,"request_duration":116994,"type":"128"}
{"start":1576622418582,"end":1576622458522,"duration":39940,"downloading_duration":1335,"execution_duration":37921,"uploading_duration":684,"executable":"ellipsoids-openmp","args":["2.dat","242.log","242.xoutput"],"id":138,"resource":"128","request_start":1576622341522,"request_end":1576622458545,"request_duration":117023,"type":"128"}
{"start":1576622419889,"end":1576622458583,"duration":38694,"downloading_duration":1264,"execution_duration":36720,"uploading_duration":710,"executable":"ellipsoids-openmp","args":["3.dat","34.log","34.xoutput"],"id":145,"resource":"128","request_start":1576622341553,"request_end":1576622458605,"request_duration":117052,"type":"128"}
{"start":1576622418568,"end":1576622458584,"duration":40016,"downloading_duration":1593,"execution_duration":37660,"uploading_duration":763,"executable":"ellipsoids-openmp","args":["2.dat","241.log","241.xoutput"],"id":137,"resource":"128","request_start":1576622341522,"request_end":1576622458612,"request_duration":117090,"type":"128"}
{"start":1576622418958,"end":1576622458690,"duration":39732,"downloading_duration":1331,"execution_duration":37741,"uploading_duration":660,"executable":"ellipsoids-openmp","args":["2.dat","20.log","20.xoutput"],"id":96,"resource":"128","request_start":1576622341524,"request_end":1576622458711,"request_duration":117187,"type":"128"}
{"start":1576622419007,"end":1576622459217,"duration":40210,"downloading_duration":1365,"execution_duration":38141,"uploading_duration":704,"executable":"ellipsoids-openmp","args":["2.dat","21.log","21.xoutput"],"id":97,"resource":"128","request_start":1576622341525,"request_end":1576622459240,"request_duration":117715,"type":"128"}
{"start":1576622419078,"end":1576622459638,"duration":40560,"downloading_duration":1382,"execution_duration":38479,"uploading_duration":699,"executable":"ellipsoids-openmp","args":["2.dat","22.log","22.xoutput"],"id":98,"resource":"128","request_start":1576622341527,"request_end":1576622459659,"request_duration":118132,"type":"128"}
{"start":1576622418842,"end":1576622459641,"duration":40799,"downloading_duration":1378,"execution_duration":38721,"uploading_duration":700,"executable":"ellipsoids-openmp","args":["2.dat","243.log","243.xoutput"],"id":139,"resource":"128","request_start":1576622341523,"request_end":1576622459664,"request_duration":118141,"type":"128"}
{"start":1576622421426,"end":1576622459993,"duration":38567,"downloading_duration":3461,"execution_duration":34420,"uploading_duration":686,"executable":"ellipsoids-openmp","args":["3.dat","36.log","36.xoutput"],"id":147,"resource":"128","request_start":1576622341555,"request_end":1576622460015,"request_duration":118460,"type":"128"}
{"start":1576622423411,"end":1576622460192,"duration":36781,"downloading_duration":1345,"execution_duration":34780,"uploading_duration":656,"executable":"ellipsoids-openmp","args":["3.dat","37.log","37.xoutput"],"id":148,"resource":"128","request_start":1576622341555,"request_end":1576622460214,"request_duration":118659,"type":"128"}
{"start":1576622419208,"end":1576622460206,"duration":40998,"downloading_duration":1284,"execution_duration":39040,"uploading_duration":674,"executable":"ellipsoids-openmp","args":["2.dat","23.log","23.xoutput"],"id":99,"resource":"128","request_start":1576622341528,"request_end":1576622460229,"request_duration":118701,"type":"128"}
{"start":1576622423493,"end":1576622461672,"duration":38179,"downloading_duration":2851,"execution_duration":34580,"uploading_duration":748,"executable":"ellipsoids-openmp","args":["3.dat","38.log","38.xoutput"],"id":149,"resource":"128","request_start":1576622341556,"request_end":1576622461695,"request_duration":120139,"type":"128"}
{"start":1576622425047,"end":1576622461953,"duration":36906,"downloading_duration":1362,"execution_duration":34920,"uploading_duration":624,"executable":"ellipsoids-openmp","args":["3.dat","312.log","312.xoutput"],"id":153,"resource":"128","request_start":1576622341558,"request_end":1576622461980,"request_duration":120422,"type":"128"}
{"start":1576622424536,"end":1576622462492,"duration":37956,"downloading_duration":1296,"execution_duration":35921,"uploading_duration":739,"executable":"ellipsoids-openmp","args":["3.dat","39.log","39.xoutput"],"id":150,"resource":"128","request_start":1576622341556,"request_end":1576622462514,"request_duration":120958,"type":"128"}
{"start":1576622457656,"end":1576622462599,"duration":4943,"downloading_duration":4449,"execution_duration":60,"uploading_duration":434,"executable":"mean-pack-ell","args":["00.xoutput","01.xoutput","02.xoutput","03.xoutput","04.xoutput","05.xoutput","06.xoutput","07.xoutput","08.xoutput","09.xoutput","010.xoutput","011.xoutput","012.xoutput","013.xoutput","014.xoutput","015.xoutput","016.xoutput","017.xoutput","018.xoutput","019.xoutput","020.xoutput","021.xoutput","022.xoutput","023.xoutput","024.xoutput","025.xoutput","026.xoutput","027.xoutput","028.xoutput","029.xoutput","030.xoutput","031.xoutput","032.xoutput","033.xoutput","034.xoutput","035.xoutput","036.xoutput","037.xoutput","038.xoutput","039.xoutput","040.xoutput","041.xoutput","042.xoutput","043.xoutput","044.xoutput","average_0.txt"],"id":186,"resource":"128","request_start":1576622387951,"request_end":1576622462622,"request_duration":74671,"type":"128"}
{"start":1576622424809,"end":1576622462899,"duration":38090,"downloading_duration":1334,"execution_duration":35760,"uploading_duration":996,"executable":"ellipsoids-openmp","args":["3.dat","311.log","311.xoutput"],"id":152,"resource":"128","request_start":1576622341557,"request_end":1576622462922,"request_duration":121365,"type":"128"}
{"start":1576622425051,"end":1576622463226,"duration":38175,"downloading_duration":1396,"execution_duration":35760,"uploading_duration":1019,"executable":"ellipsoids-openmp","args":["3.dat","313.log","313.xoutput"],"id":154,"resource":"128","request_start":1576622341558,"request_end":1576622463307,"request_duration":121749,"type":"128"}
{"start":1576622424760,"end":1576622463532,"duration":38772,"downloading_duration":1605,"execution_duration":36461,"uploading_duration":706,"executable":"ellipsoids-openmp","args":["3.dat","310.log","310.xoutput"],"id":151,"resource":"128","request_start":1576622341557,"request_end":1576622463556,"request_duration":121999,"type":"128"}
{"start":1576622458507,"end":1576622463817,"duration":5310,"downloading_duration":4799,"execution_duration":60,"uploading_duration":451,"executable":"mean-pack-ell","args":["10.xoutput","11.xoutput","12.xoutput","13.xoutput","14.xoutput","15.xoutput","16.xoutput","17.xoutput","18.xoutput","19.xoutput","110.xoutput","111.xoutput","112.xoutput","113.xoutput","114.xoutput","115.xoutput","116.xoutput","117.xoutput","118.xoutput","119.xoutput","120.xoutput","121.xoutput","122.xoutput","123.xoutput","124.xoutput","125.xoutput","126.xoutput","127.xoutput","128.xoutput","129.xoutput","130.xoutput","131.xoutput","132.xoutput","133.xoutput","134.xoutput","135.xoutput","136.xoutput","137.xoutput","138.xoutput","139.xoutput","140.xoutput","141.xoutput","142.xoutput","143.xoutput","144.xoutput","average_1.txt"],"id":187,"resource":"128","request_start":1576622419864,"request_end":1576622463840,"request_duration":43976,"type":"128"}
{"start":1576622430087,"end":1576622465326,"duration":35239,"downloading_duration":1328,"execution_duration":33301,"uploading_duration":610,"executable":"ellipsoids-openmp","args":["3.dat","314.log","314.xoutput"],"id":155,"resource":"128","request_start":1576622341559,"request_end":1576622465380,"request_duration":123821,"type":"128"}
{"start":1576622460433,"end":1576622465494,"duration":5061,"downloading_duration":4578,"execution_duration":40,"uploading_duration":443,"executable":"mean-pack-ell","args":["20.xoutput","21.xoutput","22.xoutput","23.xoutput","24.xoutput","25.xoutput","26.xoutput","27.xoutput","28.xoutput","29.xoutput","210.xoutput","211.xoutput","212.xoutput","213.xoutput","214.xoutput","215.xoutput","216.xoutput","217.xoutput","218.xoutput","219.xoutput","220.xoutput","221.xoutput","222.xoutput","223.xoutput","224.xoutput","225.xoutput","226.xoutput","227.xoutput","228.xoutput","229.xoutput","230.xoutput","231.xoutput","232.xoutput","233.xoutput","234.xoutput","235.xoutput","236.xoutput","237.xoutput","238.xoutput","239.xoutput","240.xoutput","241.xoutput","242.xoutput","243.xoutput","244.xoutput","average_2.txt"],"id":188,"resource":"128","request_start":1576622460234,"request_end":1576622465517,"request_duration":5283,"type":"128"}
{"start":1576622437197,"end":1576622468092,"duration":30895,"downloading_duration":1314,"execution_duration":28961,"uploading_duration":620,"executable":"ellipsoids-openmp","args":["3.dat","316.log","316.xoutput"],"id":157,"resource":"128","request_start":1576622341560,"request_end":1576622468115,"request_duration":126555,"type":"128"}
{"start":1576622437114,"end":1576622468906,"duration":31792,"downloading_duration":1410,"execution_duration":29681,"uploading_duration":701,"executable":"ellipsoids-openmp","args":["3.dat","315.log","315.xoutput"],"id":156,"resource":"128","request_start":1576622341559,"request_end":1576622468928,"request_duration":127369,"type":"128"}
{"start":1576622437831,"end":1576622469198,"duration":31367,"downloading_duration":1634,"execution_duration":29080,"uploading_duration":653,"executable":"ellipsoids-openmp","args":["3.dat","317.log","317.xoutput"],"id":158,"resource":"128","request_start":1576622341560,"request_end":1576622469278,"request_duration":127718,"type":"128"}
{"start":1576622440681,"end":1576622473547,"duration":32866,"downloading_duration":1393,"execution_duration":30822,"uploading_duration":651,"executable":"ellipsoids-openmp","args":["3.dat","318.log","318.xoutput"],"id":159,"resource":"128","request_start":1576622341561,"request_end":1576622473571,"request_duration":132010,"type":"128"}
{"start":1576622452399,"end":1576622484159,"duration":31760,"downloading_duration":1584,"execution_duration":29460,"uploading_duration":716,"executable":"ellipsoids-openmp","args":["3.dat","319.log","319.xoutput"],"id":160,"resource":"128","request_start":1576622341562,"request_end":1576622484179,"request_duration":142617,"type":"128"}
{"start":1576622455079,"end":1576622492322,"duration":37243,"downloading_duration":1432,"execution_duration":35121,"uploading_duration":690,"executable":"ellipsoids-openmp","args":["3.dat","320.log","320.xoutput"],"id":161,"resource":"128","request_start":1576622341562,"request_end":1576622492344,"request_duration":150782,"type":"128"}
{"start":1576622455241,"end":1576622492634,"duration":37393,"downloading_duration":1335,"execution_duration":35361,"uploading_duration":697,"executable":"ellipsoids-openmp","args":["3.dat","321.log","321.xoutput"],"id":162,"resource":"128","request_start":1576622341563,"request_end":1576622492656,"request_duration":151093,"type":"128"}
{"start":1576622456391,"end":1576622493514,"duration":37123,"downloading_duration":1518,"execution_duration":34940,"uploading_duration":665,"executable":"ellipsoids-openmp","args":["3.dat","326.log","326.xoutput"],"id":167,"resource":"128","request_start":1576622341565,"request_end":1576622493613,"request_duration":152048,"type":"128"}
{"start":1576622456504,"end":1576622493969,"duration":37465,"downloading_duration":1354,"execution_duration":35420,"uploading_duration":691,"executable":"ellipsoids-openmp","args":["3.dat","328.log","328.xoutput"],"id":169,"resource":"128","request_start":1576622341566,"request_end":1576622493991,"request_duration":152425,"type":"128"}
{"start":1576622457347,"end":1576622493997,"duration":36650,"downloading_duration":1455,"execution_duration":34440,"uploading_duration":755,"executable":"ellipsoids-openmp","args":["3.dat","340.log","340.xoutput"],"id":181,"resource":"128","request_start":1576622341573,"request_end":1576622494019,"request_duration":152446,"type":"128"}
{"start":1576622456493,"end":1576622494251,"duration":37758,"downloading_duration":1390,"execution_duration":35661,"uploading_duration":707,"executable":"ellipsoids-openmp","args":["3.dat","327.log","327.xoutput"],"id":168,"resource":"128","request_start":1576622341566,"request_end":1576622494275,"request_duration":152709,"type":"128"}
{"start":1576622456334,"end":1576622494377,"duration":38043,"downloading_duration":1507,"execution_duration":35900,"uploading_duration":636,"executable":"ellipsoids-openmp","args":["3.dat","325.log","325.xoutput"],"id":166,"resource":"128","request_start":1576622341565,"request_end":1576622494400,"request_duration":152835,"type":"128"}
{"start":1576622456156,"end":1576622494551,"duration":38395,"downloading_duration":1494,"execution_duration":36101,"uploading_duration":800,"executable":"ellipsoids-openmp","args":["3.dat","324.log","324.xoutput"],"id":165,"resource":"128","request_start":1576622341564,"request_end":1576622494572,"request_duration":153008,"type":"128"}
{"start":1576622456524,"end":1576622494708,"duration":38184,"downloading_duration":1523,"execution_duration":36041,"uploading_duration":620,"executable":"ellipsoids-openmp","args":["3.dat","329.log","329.xoutput"],"id":170,"resource":"128","request_start":1576622341567,"request_end":1576622494729,"request_duration":153162,"type":"128"}
{"start":1576622457309,"end":1576622494770,"duration":37461,"downloading_duration":1518,"execution_duration":35281,"uploading_duration":662,"executable":"ellipsoids-openmp","args":["3.dat","339.log","339.xoutput"],"id":180,"resource":"128","request_start":1576622341573,"request_end":1576622494792,"request_duration":153219,"type":"128"}
{"start":1576622455943,"end":1576622494811,"duration":38868,"downloading_duration":1560,"execution_duration":36580,"uploading_duration":728,"executable":"ellipsoids-openmp","args":["3.dat","322.log","322.xoutput"],"id":163,"resource":"128","request_start":1576622341563,"request_end":1576622494833,"request_duration":153270,"type":"128"}
{"start":1576622456832,"end":1576622494825,"duration":37993,"downloading_duration":1476,"execution_duration":35861,"uploading_duration":656,"executable":"ellipsoids-openmp","args":["3.dat","333.log","333.xoutput"],"id":174,"resource":"128","request_start":1576622341570,"request_end":1576622494849,"request_duration":153279,"type":"128"}
{"start":1576622456599,"end":1576622495017,"duration":38418,"downloading_duration":1550,"execution_duration":36200,"uploading_duration":668,"executable":"ellipsoids-openmp","args":["3.dat","331.log","331.xoutput"],"id":172,"resource":"128","request_start":1576622341568,"request_end":1576622495040,"request_duration":153472,"type":"128"}
{"start":1576622456122,"end":1576622495101,"duration":38979,"downloading_duration":1430,"execution_duration":36921,"uploading_duration":628,"executable":"ellipsoids-openmp","args":["3.dat","323.log","323.xoutput"],"id":164,"resource":"128","request_start":1576622341564,"request_end":1576622495122,"request_duration":153558,"type":"128"}
{"start":1576622456556,"end":1576622495227,"duration":38671,"downloading_duration":1720,"execution_duration":36240,"uploading_duration":711,"executable":"ellipsoids-openmp","args":["3.dat","330.log","330.xoutput"],"id":171,"resource":"128","request_start":1576622341567,"request_end":1576622495250,"request_duration":153683,"type":"128"}
{"start":1576622457175,"end":1576622495244,"duration":38069,"downloading_duration":1479,"execution_duration":35540,"uploading_duration":1050,"executable":"ellipsoids-openmp","args":["3.dat","336.log","336.xoutput"],"id":177,"resource":"128","request_start":1576622341571,"request_end":1576622495269,"request_duration":153698,"type":"128"}
{"start":1576622456742,"end":1576622495314,"duration":38572,"downloading_duration":1411,"execution_duration":36500,"uploading_duration":661,"executable":"ellipsoids-openmp","args":["3.dat","332.log","332.xoutput"],"id":173,"resource":"128","request_start":1576622341569,"request_end":1576622495337,"request_duration":153768,"type":"128"}
{"start":1576622457246,"end":1576622495348,"duration":38102,"downloading_duration":1441,"execution_duration":36060,"uploading_duration":601,"executable":"ellipsoids-openmp","args":["3.dat","338.log","338.xoutput"],"id":179,"resource":"128","request_start":1576622341572,"request_end":1576622495370,"request_duration":153798,"type":"128"}
{"start":1576622457538,"end":1576622495373,"duration":37835,"downloading_duration":1536,"execution_duration":35680,"uploading_duration":619,"executable":"ellipsoids-openmp","args":["3.dat","343.log","343.xoutput"],"id":184,"resource":"128","request_start":1576622341575,"request_end":1576622495406,"request_duration":153831,"type":"128"}
{"start":1576622457536,"end":1576622495485,"duration":37949,"downloading_duration":1595,"execution_duration":35700,"uploading_duration":654,"executable":"ellipsoids-openmp","args":["3.dat","341.log","341.xoutput"],"id":182,"resource":"128","request_start":1576622341574,"request_end":1576622495570,"request_duration":153996,"type":"128"}
{"start":1576622457150,"end":1576622495600,"duration":38450,"downloading_duration":1395,"execution_duration":36408,"uploading_duration":647,"executable":"ellipsoids-openmp","args":["3.dat","335.log","335.xoutput"],"id":176,"resource":"128","request_start":1576622341571,"request_end":1576622495624,"request_duration":154053,"type":"128"}
{"start":1576622456909,"end":1576622495631,"duration":38722,"downloading_duration":1583,"execution_duration":36461,"uploading_duration":678,"executable":"ellipsoids-openmp","args":["3.dat","334.log","334.xoutput"],"id":175,"resource":"128","request_start":1576622341570,"request_end":1576622495666,"request_duration":154096,"type":"128"}
{"start":1576622457201,"end":1576622495738,"duration":38537,"downloading_duration":1410,"execution_duration":36420,"uploading_duration":707,"executable":"ellipsoids-openmp","args":["3.dat","337.log","337.xoutput"],"id":178,"resource":"128","request_start":1576622341572,"request_end":1576622495759,"request_duration":154187,"type":"128"}
{"start":1576622457627,"end":1576622496249,"duration":38622,"downloading_duration":1510,"execution_duration":36340,"uploading_duration":772,"executable":"ellipsoids-openmp","args":["3.dat","344.log","344.xoutput"],"id":185,"resource":"128","request_start":1576622341576,"request_end":1576622496280,"request_duration":154704,"type":"128"}
{"start":1576622457543,"end":1576622497514,"duration":39971,"downloading_duration":1369,"execution_duration":37919,"uploading_duration":683,"executable":"ellipsoids-openmp","args":["3.dat","342.log","342.xoutput"],"id":183,"resource":"128","request_start":1576622341574,"request_end":1576622497538,"request_duration":155964,"type":"128"}
{"start":1576622497719,"end":1576622502788,"duration":5069,"downloading_duration":4572,"execution_duration":60,"uploading_duration":437,"executable":"mean-pack-ell","args":["30.xoutput","31.xoutput","32.xoutput","33.xoutput","34.xoutput","35.xoutput","36.xoutput","37.xoutput","38.xoutput","39.xoutput","310.xoutput","311.xoutput","312.xoutput","313.xoutput","314.xoutput","315.xoutput","316.xoutput","317.xoutput","318.xoutput","319.xoutput","320.xoutput","321.xoutput","322.xoutput","323.xoutput","324.xoutput","325.xoutput","326.xoutput","327.xoutput","328.xoutput","329.xoutput","330.xoutput","331.xoutput","332.xoutput","333.xoutput","334.xoutput","335.xoutput","336.xoutput","337.xoutput","338.xoutput","339.xoutput","340.xoutput","341.xoutput","342.xoutput","343.xoutput","344.xoutput","average_3.txt"],"id":189,"resource":"128","request_start":1576622497554,"request_end":1576622502813,"request_duration":5259,"type":"128"}
{"start":1576622502929,"end":1576622505394,"duration":2465,"downloading_duration":1002,"execution_duration":1021,"uploading_duration":442,"executable":"summary.js","args":[],"id":190,"resource":"128","request_start":1576622502821,"request_end":1576622505419,"request_duration":2598,"type":"128"}
