{"start":1576526265982,"end":1576526266838,"duration":856,"downloading_duration":395,"execution_duration":60,"uploading_duration":401,"executable":"generateData.js","args":[],"id":1,"resource":"2048","request_start":1576526265758,"request_end":1576526266808,"request_duration":1050,"type":"2048"}
{"start":1576526267019,"end":1576526267845,"duration":826,"downloading_duration":376,"execution_duration":62,"uploading_duration":388,"executable":"createDat.js","args":["3.dat"],"id":5,"resource":"2048","request_start":1576526266838,"request_end":1576526267802,"request_duration":964,"type":"2048"}
{"start":1576526267013,"end":1576526267850,"duration":837,"downloading_duration":375,"execution_duration":65,"uploading_duration":397,"executable":"createDat.js","args":["1.dat"],"id":3,"resource":"2048","request_start":1576526266830,"request_end":1576526267818,"request_duration":988,"type":"2048"}
{"start":1576526267017,"end":1576526267917,"duration":900,"downloading_duration":435,"execution_duration":62,"uploading_duration":403,"executable":"createDat.js","args":["0.dat"],"id":2,"resource":"2048","request_start":1576526266826,"request_end":1576526267870,"request_duration":1044,"type":"2048"}
{"start":1576526267021,"end":1576526267914,"duration":893,"downloading_duration":382,"execution_duration":74,"uploading_duration":437,"executable":"createDat.js","args":["2.dat"],"id":4,"resource":"2048","request_start":1576526266834,"request_end":1576526267871,"request_duration":1037,"type":"2048"}
{"start":1576526268117,"end":1576526271460,"duration":3343,"downloading_duration":1062,"execution_duration":1721,"uploading_duration":560,"executable":"ellipsoids-openmp","args":["0.dat","03.log","03.xoutput"],"id":9,"resource":"2048","request_start":1576526267898,"request_end":1576526271426,"request_duration":3528,"type":"2048"}
{"start":1576526268128,"end":1576526271497,"duration":3369,"downloading_duration":1072,"execution_duration":1715,"uploading_duration":582,"executable":"ellipsoids-openmp","args":["2.dat","24.log","24.xoutput"],"id":20,"resource":"2048","request_start":1576526267906,"request_end":1576526271527,"request_duration":3621,"type":"2048"}
{"start":1576526268132,"end":1576526271600,"duration":3468,"downloading_duration":1068,"execution_duration":1777,"uploading_duration":623,"executable":"ellipsoids-openmp","args":["2.dat","23.log","23.xoutput"],"id":19,"resource":"2048","request_start":1576526267905,"request_end":1576526271562,"request_duration":3657,"type":"2048"}
{"start":1576526268033,"end":1576526271744,"duration":3711,"downloading_duration":1005,"execution_duration":2108,"uploading_duration":598,"executable":"ellipsoids-openmp","args":["1.dat","11.log","11.xoutput"],"id":12,"resource":"2048","request_start":1576526267827,"request_end":1576526271707,"request_duration":3880,"type":"2048"}
{"start":1576526268043,"end":1576526271748,"duration":3705,"downloading_duration":1031,"execution_duration":2097,"uploading_duration":577,"executable":"ellipsoids-openmp","args":["1.dat","14.log","14.xoutput"],"id":15,"resource":"2048","request_start":1576526267833,"request_end":1576526271711,"request_duration":3878,"type":"2048"}
{"start":1576526268034,"end":1576526271772,"duration":3738,"downloading_duration":991,"execution_duration":2164,"uploading_duration":583,"executable":"ellipsoids-openmp","args":["3.dat","34.log","34.xoutput"],"id":25,"resource":"2048","request_start":1576526267815,"request_end":1576526271724,"request_duration":3909,"type":"2048"}
{"start":1576526268028,"end":1576526271812,"duration":3784,"downloading_duration":1065,"execution_duration":2074,"uploading_duration":645,"executable":"ellipsoids-openmp","args":["3.dat","30.log","30.xoutput"],"id":21,"resource":"2048","request_start":1576526267807,"request_end":1576526271772,"request_duration":3965,"type":"2048"}
{"start":1576526268084,"end":1576526271824,"duration":3740,"downloading_duration":1079,"execution_duration":2067,"uploading_duration":594,"executable":"ellipsoids-openmp","args":["0.dat","01.log","01.xoutput"],"id":7,"resource":"2048","request_start":1576526267893,"request_end":1576526271785,"request_duration":3892,"type":"2048"}
{"start":1576526268029,"end":1576526271866,"duration":3837,"downloading_duration":1079,"execution_duration":2171,"uploading_duration":587,"executable":"ellipsoids-openmp","args":["3.dat","31.log","31.xoutput"],"id":22,"resource":"2048","request_start":1576526267809,"request_end":1576526271827,"request_duration":4018,"type":"2048"}
{"start":1576526268038,"end":1576526271869,"duration":3831,"downloading_duration":1074,"execution_duration":2179,"uploading_duration":578,"executable":"ellipsoids-openmp","args":["1.dat","12.log","12.xoutput"],"id":13,"resource":"2048","request_start":1576526267829,"request_end":1576526271832,"request_duration":4003,"type":"2048"}
{"start":1576526268040,"end":1576526271904,"duration":3864,"downloading_duration":1102,"execution_duration":2150,"uploading_duration":612,"executable":"ellipsoids-openmp","args":["1.dat","13.log","13.xoutput"],"id":14,"resource":"2048","request_start":1576526267831,"request_end":1576526271869,"request_duration":4038,"type":"2048"}
{"start":1576526268134,"end":1576526271907,"duration":3773,"downloading_duration":1011,"execution_duration":2179,"uploading_duration":583,"executable":"ellipsoids-openmp","args":["2.dat","20.log","20.xoutput"],"id":16,"resource":"2048","request_start":1576526267900,"request_end":1576526271872,"request_duration":3972,"type":"2048"}
{"start":1576526268090,"end":1576526271907,"duration":3817,"downloading_duration":1047,"execution_duration":2192,"uploading_duration":578,"executable":"ellipsoids-openmp","args":["0.dat","04.log","04.xoutput"],"id":10,"resource":"2048","request_start":1576526267887,"request_end":1576526271874,"request_duration":3987,"type":"2048"}
{"start":1576526268086,"end":1576526271908,"duration":3822,"downloading_duration":1075,"execution_duration":2160,"uploading_duration":587,"executable":"ellipsoids-openmp","args":["0.dat","00.log","00.xoutput"],"id":6,"resource":"2048","request_start":1576526267890,"request_end":1576526271878,"request_duration":3988,"type":"2048"}
{"start":1576526268029,"end":1576526271928,"duration":3899,"downloading_duration":1068,"execution_duration":2185,"uploading_duration":646,"executable":"ellipsoids-openmp","args":["3.dat","32.log","32.xoutput"],"id":23,"resource":"2048","request_start":1576526267811,"request_end":1576526271892,"request_duration":4081,"type":"2048"}
{"start":1576526268027,"end":1576526271941,"duration":3914,"downloading_duration":1075,"execution_duration":2196,"uploading_duration":643,"executable":"ellipsoids-openmp","args":["3.dat","33.log","33.xoutput"],"id":24,"resource":"2048","request_start":1576526267813,"request_end":1576526271902,"request_duration":4089,"type":"2048"}
{"start":1576526268036,"end":1576526271957,"duration":3921,"downloading_duration":1079,"execution_duration":2235,"uploading_duration":607,"executable":"ellipsoids-openmp","args":["1.dat","10.log","10.xoutput"],"id":11,"resource":"2048","request_start":1576526267825,"request_end":1576526271917,"request_duration":4092,"type":"2048"}
{"start":1576526268103,"end":1576526271962,"duration":3859,"downloading_duration":1037,"execution_duration":2242,"uploading_duration":580,"executable":"ellipsoids-openmp","args":["2.dat","21.log","21.xoutput"],"id":17,"resource":"2048","request_start":1576526267902,"request_end":1576526271924,"request_duration":4022,"type":"2048"}
{"start":1576526268096,"end":1576526272050,"duration":3954,"downloading_duration":1103,"execution_duration":2266,"uploading_duration":585,"executable":"ellipsoids-openmp","args":["0.dat","02.log","02.xoutput"],"id":8,"resource":"2048","request_start":1576526267895,"request_end":1576526272011,"request_duration":4116,"type":"2048"}
{"start":1576526268114,"end":1576526272070,"duration":3956,"downloading_duration":1078,"execution_duration":2301,"uploading_duration":577,"executable":"ellipsoids-openmp","args":["2.dat","22.log","22.xoutput"],"id":18,"resource":"2048","request_start":1576526267903,"request_end":1576526272031,"request_duration":4128,"type":"2048"}
{"start":1576526272083,"end":1576526273373,"duration":1290,"downloading_duration":910,"execution_duration":3,"uploading_duration":377,"executable":"mean-pack-ell","args":["30.xoutput","31.xoutput","32.xoutput","33.xoutput","34.xoutput","average_3.txt"],"id":29,"resource":"2048","request_start":1576526271910,"request_end":1576526273435,"request_duration":1525,"type":"2048"}
{"start":1576526272093,"end":1576526273516,"duration":1423,"downloading_duration":988,"execution_duration":3,"uploading_duration":432,"executable":"mean-pack-ell","args":["10.xoutput","11.xoutput","12.xoutput","13.xoutput","14.xoutput","average_1.txt"],"id":27,"resource":"2048","request_start":1576526271927,"request_end":1576526273477,"request_duration":1550,"type":"2048"}
{"start":1576526272211,"end":1576526273573,"duration":1362,"downloading_duration":986,"execution_duration":2,"uploading_duration":374,"executable":"mean-pack-ell","args":["20.xoutput","21.xoutput","22.xoutput","23.xoutput","24.xoutput","average_2.txt"],"id":28,"resource":"2048","request_start":1576526272040,"request_end":1576526273535,"request_duration":1495,"type":"2048"}
{"start":1576526272191,"end":1576526273723,"duration":1532,"downloading_duration":978,"execution_duration":2,"uploading_duration":552,"executable":"mean-pack-ell","args":["00.xoutput","01.xoutput","02.xoutput","03.xoutput","04.xoutput","average_0.txt"],"id":26,"resource":"2048","request_start":1576526272019,"request_end":1576526273687,"request_duration":1668,"type":"2048"}
{"start":1576526273856,"end":1576526274744,"duration":888,"downloading_duration":429,"execution_duration":61,"uploading_duration":398,"executable":"summary.js","args":[],"id":30,"resource":"2048","request_start":1576526273695,"request_end":1576526274705,"request_duration":1010,"type":"2048"}
