{"start":1576535079046,"end":1576535079944,"duration":898,"downloading_duration":421,"execution_duration":60,"uploading_duration":417,"executable":"generateData.js","args":[],"id":1,"resource":"2048","request_start":1576535078872,"request_end":1576535079965,"request_duration":1093,"type":"2048"}
{"start":1576535080096,"end":1576535080947,"duration":851,"downloading_duration":379,"execution_duration":67,"uploading_duration":405,"executable":"createDat.js","args":["2.dat"],"id":4,"resource":"2048","request_start":1576535079971,"request_end":1576535080967,"request_duration":996,"type":"2048"}
{"start":1576535080079,"end":1576535080976,"duration":897,"downloading_duration":414,"execution_duration":61,"uploading_duration":422,"executable":"createDat.js","args":["0.dat"],"id":2,"resource":"2048","request_start":1576535079968,"request_end":1576535080994,"request_duration":1026,"type":"2048"}
{"start":1576535080108,"end":1576535081013,"duration":905,"downloading_duration":401,"execution_duration":64,"uploading_duration":440,"executable":"createDat.js","args":["1.dat"],"id":3,"resource":"2048","request_start":1576535079970,"request_end":1576535081044,"request_duration":1074,"type":"2048"}
{"start":1576535080105,"end":1576535081311,"duration":1206,"downloading_duration":381,"execution_duration":62,"uploading_duration":763,"executable":"createDat.js","args":["3.dat"],"id":5,"resource":"2048","request_start":1576535079972,"request_end":1576535081382,"request_duration":1410,"type":"2048"}
{"start":1576535081289,"end":1576535084844,"duration":3555,"downloading_duration":1192,"execution_duration":1745,"uploading_duration":618,"executable":"ellipsoids-openmp","args":["2.dat","211.log","211.xoutput"],"id":47,"resource":"2048","request_start":1576535080986,"request_end":1576535084871,"request_duration":3885,"type":"2048"}
{"start":1576535081397,"end":1576535084911,"duration":3514,"downloading_duration":1066,"execution_duration":1741,"uploading_duration":707,"executable":"ellipsoids-openmp","args":["1.dat","18.log","18.xoutput"],"id":29,"resource":"2048","request_start":1576535081061,"request_end":1576535084930,"request_duration":3869,"type":"2048"}
{"start":1576535081395,"end":1576535084998,"duration":3603,"downloading_duration":1010,"execution_duration":1993,"uploading_duration":600,"executable":"ellipsoids-openmp","args":["1.dat","15.log","15.xoutput"],"id":26,"resource":"2048","request_start":1576535081058,"request_end":1576535085015,"request_duration":3957,"type":"2048"}
{"start":1576535081397,"end":1576535085003,"duration":3606,"downloading_duration":1012,"execution_duration":1991,"uploading_duration":603,"executable":"ellipsoids-openmp","args":["1.dat","111.log","111.xoutput"],"id":32,"resource":"2048","request_start":1576535081063,"request_end":1576535085024,"request_duration":3961,"type":"2048"}
{"start":1576535081397,"end":1576535085059,"duration":3662,"downloading_duration":1028,"execution_duration":2068,"uploading_duration":566,"executable":"ellipsoids-openmp","args":["1.dat","110.log","110.xoutput"],"id":31,"resource":"2048","request_start":1576535081062,"request_end":1576535085076,"request_duration":4014,"type":"2048"}
{"start":1576535081349,"end":1576535085060,"duration":3711,"downloading_duration":1057,"execution_duration":2049,"uploading_duration":605,"executable":"ellipsoids-openmp","args":["1.dat","12.log","12.xoutput"],"id":23,"resource":"2048","request_start":1576535081054,"request_end":1576535085079,"request_duration":4025,"type":"2048"}
{"start":1576535081208,"end":1576535085070,"duration":3862,"downloading_duration":986,"execution_duration":2304,"uploading_duration":572,"executable":"ellipsoids-openmp","args":["2.dat","20.log","20.xoutput"],"id":36,"resource":"2048","request_start":1576535080972,"request_end":1576535085090,"request_duration":4118,"type":"2048"}
{"start":1576535081390,"end":1576535085072,"duration":3682,"downloading_duration":1055,"execution_duration":2059,"uploading_duration":568,"executable":"ellipsoids-openmp","args":["1.dat","17.log","17.xoutput"],"id":28,"resource":"2048","request_start":1576535081060,"request_end":1576535085092,"request_duration":4032,"type":"2048"}
{"start":1576535081397,"end":1576535085084,"duration":3687,"downloading_duration":1030,"execution_duration":2089,"uploading_duration":568,"executable":"ellipsoids-openmp","args":["1.dat","112.log","112.xoutput"],"id":33,"resource":"2048","request_start":1576535081064,"request_end":1576535085105,"request_duration":4041,"type":"2048"}
{"start":1576535081214,"end":1576535085088,"duration":3874,"downloading_duration":1078,"execution_duration":2215,"uploading_duration":581,"executable":"ellipsoids-openmp","args":["2.dat","22.log","22.xoutput"],"id":38,"resource":"2048","request_start":1576535080974,"request_end":1576535085111,"request_duration":4137,"type":"2048"}
{"start":1576535081346,"end":1576535085147,"duration":3801,"downloading_duration":1100,"execution_duration":2092,"uploading_duration":609,"executable":"ellipsoids-openmp","args":["1.dat","11.log","11.xoutput"],"id":22,"resource":"2048","request_start":1576535081053,"request_end":1576535085164,"request_duration":4111,"type":"2048"}
{"start":1576535081401,"end":1576535085149,"duration":3748,"downloading_duration":1100,"execution_duration":2048,"uploading_duration":600,"executable":"ellipsoids-openmp","args":["1.dat","113.log","113.xoutput"],"id":34,"resource":"2048","request_start":1576535081065,"request_end":1576535085167,"request_duration":4102,"type":"2048"}
{"start":1576535081396,"end":1576535085151,"duration":3755,"downloading_duration":1043,"execution_duration":2079,"uploading_duration":633,"executable":"ellipsoids-openmp","args":["1.dat","19.log","19.xoutput"],"id":30,"resource":"2048","request_start":1576535081061,"request_end":1576535085172,"request_duration":4111,"type":"2048"}
{"start":1576535081346,"end":1576535085182,"duration":3836,"downloading_duration":1141,"execution_duration":2128,"uploading_duration":567,"executable":"ellipsoids-openmp","args":["1.dat","10.log","10.xoutput"],"id":21,"resource":"2048","request_start":1576535081052,"request_end":1576535085200,"request_duration":4148,"type":"2048"}
{"start":1576535081214,"end":1576535085184,"duration":3970,"downloading_duration":1090,"execution_duration":2273,"uploading_duration":607,"executable":"ellipsoids-openmp","args":["2.dat","23.log","23.xoutput"],"id":39,"resource":"2048","request_start":1576535080975,"request_end":1576535085202,"request_duration":4227,"type":"2048"}
{"start":1576535081215,"end":1576535085200,"duration":3985,"downloading_duration":1042,"execution_duration":2364,"uploading_duration":579,"executable":"ellipsoids-openmp","args":["2.dat","21.log","21.xoutput"],"id":37,"resource":"2048","request_start":1576535080973,"request_end":1576535085221,"request_duration":4248,"type":"2048"}
{"start":1576535081214,"end":1576535085201,"duration":3987,"downloading_duration":1023,"execution_duration":2235,"uploading_duration":729,"executable":"ellipsoids-openmp","args":["2.dat","24.log","24.xoutput"],"id":40,"resource":"2048","request_start":1576535080976,"request_end":1576535085225,"request_duration":4249,"type":"2048"}
{"start":1576535081346,"end":1576535085208,"duration":3862,"downloading_duration":1054,"execution_duration":2172,"uploading_duration":636,"executable":"ellipsoids-openmp","args":["1.dat","14.log","14.xoutput"],"id":25,"resource":"2048","request_start":1576535081056,"request_end":1576535085234,"request_duration":4178,"type":"2048"}
{"start":1576535081343,"end":1576535085220,"duration":3877,"downloading_duration":1071,"execution_duration":2198,"uploading_duration":608,"executable":"ellipsoids-openmp","args":["0.dat","02.log","02.xoutput"],"id":8,"resource":"2048","request_start":1576535081009,"request_end":1576535085243,"request_duration":4234,"type":"2048"}
{"start":1576535081399,"end":1576535085221,"duration":3822,"downloading_duration":1155,"execution_duration":2069,"uploading_duration":598,"executable":"ellipsoids-openmp","args":["1.dat","114.log","114.xoutput"],"id":35,"resource":"2048","request_start":1576535081066,"request_end":1576535085245,"request_duration":4179,"type":"2048"}
{"start":1576535081576,"end":1576535085239,"duration":3663,"downloading_duration":1000,"execution_duration":2071,"uploading_duration":592,"executable":"ellipsoids-openmp","args":["3.dat","30.log","30.xoutput"],"id":51,"resource":"2048","request_start":1576535081403,"request_end":1576535085259,"request_duration":3856,"type":"2048"}
{"start":1576535081332,"end":1576535085299,"duration":3967,"downloading_duration":1155,"execution_duration":2207,"uploading_duration":605,"executable":"ellipsoids-openmp","args":["0.dat","07.log","07.xoutput"],"id":13,"resource":"2048","request_start":1576535081000,"request_end":1576535085316,"request_duration":4316,"type":"2048"}
{"start":1576535081333,"end":1576535085300,"duration":3967,"downloading_duration":1078,"execution_duration":2170,"uploading_duration":719,"executable":"ellipsoids-openmp","args":["0.dat","011.log","011.xoutput"],"id":17,"resource":"2048","request_start":1576535081004,"request_end":1576535085318,"request_duration":4314,"type":"2048"}
{"start":1576535081341,"end":1576535085300,"duration":3959,"downloading_duration":1157,"execution_duration":2223,"uploading_duration":579,"executable":"ellipsoids-openmp","args":["0.dat","03.log","03.xoutput"],"id":9,"resource":"2048","request_start":1576535081043,"request_end":1576535085323,"request_duration":4280,"type":"2048"}
{"start":1576535081345,"end":1576535085302,"duration":3957,"downloading_duration":1108,"execution_duration":2109,"uploading_duration":740,"executable":"ellipsoids-openmp","args":["1.dat","13.log","13.xoutput"],"id":24,"resource":"2048","request_start":1576535081055,"request_end":1576535085325,"request_duration":4270,"type":"2048"}
{"start":1576535081347,"end":1576535085303,"duration":3956,"downloading_duration":1229,"execution_duration":2135,"uploading_duration":592,"executable":"ellipsoids-openmp","args":["1.dat","16.log","16.xoutput"],"id":27,"resource":"2048","request_start":1576535081059,"request_end":1576535085327,"request_duration":4268,"type":"2048"}
{"start":1576535081579,"end":1576535085304,"duration":3725,"downloading_duration":1059,"execution_duration":2093,"uploading_duration":573,"executable":"ellipsoids-openmp","args":["3.dat","33.log","33.xoutput"],"id":54,"resource":"2048","request_start":1576535081413,"request_end":1576535085328,"request_duration":3915,"type":"2048"}
{"start":1576535081342,"end":1576535085311,"duration":3969,"downloading_duration":1065,"execution_duration":2308,"uploading_duration":596,"executable":"ellipsoids-openmp","args":["0.dat","01.log","01.xoutput"],"id":7,"resource":"2048","request_start":1576535081008,"request_end":1576535085333,"request_duration":4325,"type":"2048"}
{"start":1576535081287,"end":1576535085318,"duration":4031,"downloading_duration":1148,"execution_duration":2271,"uploading_duration":612,"executable":"ellipsoids-openmp","args":["2.dat","26.log","26.xoutput"],"id":42,"resource":"2048","request_start":1576535080978,"request_end":1576535085337,"request_duration":4359,"type":"2048"}
{"start":1576535081338,"end":1576535085317,"duration":3979,"downloading_duration":1143,"execution_duration":2273,"uploading_duration":563,"executable":"ellipsoids-openmp","args":["0.dat","00.log","00.xoutput"],"id":6,"resource":"2048","request_start":1576535081007,"request_end":1576535085346,"request_duration":4339,"type":"2048"}
{"start":1576535081331,"end":1576535085325,"duration":3994,"downloading_duration":1079,"execution_duration":2304,"uploading_duration":611,"executable":"ellipsoids-openmp","args":["2.dat","212.log","212.xoutput"],"id":48,"resource":"2048","request_start":1576535080987,"request_end":1576535085348,"request_duration":4361,"type":"2048"}
{"start":1576535081288,"end":1576535085327,"duration":4039,"downloading_duration":1143,"execution_duration":2304,"uploading_duration":592,"executable":"ellipsoids-openmp","args":["2.dat","29.log","29.xoutput"],"id":45,"resource":"2048","request_start":1576535080981,"request_end":1576535085349,"request_duration":4368,"type":"2048"}
{"start":1576535081280,"end":1576535085330,"duration":4050,"downloading_duration":1236,"execution_duration":2225,"uploading_duration":589,"executable":"ellipsoids-openmp","args":["2.dat","25.log","25.xoutput"],"id":41,"resource":"2048","request_start":1576535080977,"request_end":1576535085360,"request_duration":4383,"type":"2048"}
{"start":1576535081335,"end":1576535085333,"duration":3998,"downloading_duration":1150,"execution_duration":2279,"uploading_duration":569,"executable":"ellipsoids-openmp","args":["0.dat","08.log","08.xoutput"],"id":14,"resource":"2048","request_start":1576535081001,"request_end":1576535085363,"request_duration":4362,"type":"2048"}
{"start":1576535081283,"end":1576535085337,"duration":4054,"downloading_duration":1134,"execution_duration":2330,"uploading_duration":590,"executable":"ellipsoids-openmp","args":["2.dat","27.log","27.xoutput"],"id":43,"resource":"2048","request_start":1576535080979,"request_end":1576535085364,"request_duration":4385,"type":"2048"}
{"start":1576535081337,"end":1576535085339,"duration":4002,"downloading_duration":1073,"execution_duration":2338,"uploading_duration":591,"executable":"ellipsoids-openmp","args":["0.dat","012.log","012.xoutput"],"id":18,"resource":"2048","request_start":1576535081005,"request_end":1576535085365,"request_duration":4360,"type":"2048"}
{"start":1576535081340,"end":1576535085340,"duration":4000,"downloading_duration":1098,"execution_duration":2230,"uploading_duration":672,"executable":"ellipsoids-openmp","args":["0.dat","013.log","013.xoutput"],"id":19,"resource":"2048","request_start":1576535081006,"request_end":1576535085367,"request_duration":4361,"type":"2048"}
{"start":1576535081331,"end":1576535085360,"duration":4029,"downloading_duration":1157,"execution_duration":2265,"uploading_duration":607,"executable":"ellipsoids-openmp","args":["0.dat","05.log","05.xoutput"],"id":11,"resource":"2048","request_start":1576535080999,"request_end":1576535085386,"request_duration":4387,"type":"2048"}
{"start":1576535081284,"end":1576535085366,"duration":4082,"downloading_duration":1201,"execution_duration":2312,"uploading_duration":569,"executable":"ellipsoids-openmp","args":["2.dat","28.log","28.xoutput"],"id":44,"resource":"2048","request_start":1576535080980,"request_end":1576535085388,"request_duration":4408,"type":"2048"}
{"start":1576535081326,"end":1576535085370,"duration":4044,"downloading_duration":1220,"execution_duration":2266,"uploading_duration":558,"executable":"ellipsoids-openmp","args":["2.dat","213.log","213.xoutput"],"id":49,"resource":"2048","request_start":1576535080988,"request_end":1576535085402,"request_duration":4414,"type":"2048"}
{"start":1576535081597,"end":1576535085363,"duration":3766,"downloading_duration":1030,"execution_duration":2151,"uploading_duration":585,"executable":"ellipsoids-openmp","args":["3.dat","32.log","32.xoutput"],"id":53,"resource":"2048","request_start":1576535081410,"request_end":1576535085405,"request_duration":3995,"type":"2048"}
{"start":1576535081339,"end":1576535085378,"duration":4039,"downloading_duration":1117,"execution_duration":2358,"uploading_duration":564,"executable":"ellipsoids-openmp","args":["0.dat","014.log","014.xoutput"],"id":20,"resource":"2048","request_start":1576535081007,"request_end":1576535085408,"request_duration":4401,"type":"2048"}
{"start":1576535081330,"end":1576535085378,"duration":4048,"downloading_duration":1117,"execution_duration":2370,"uploading_duration":561,"executable":"ellipsoids-openmp","args":["0.dat","06.log","06.xoutput"],"id":12,"resource":"2048","request_start":1576535080999,"request_end":1576535085409,"request_duration":4410,"type":"2048"}
{"start":1576535081603,"end":1576535085381,"duration":3778,"downloading_duration":1097,"execution_duration":2092,"uploading_duration":589,"executable":"ellipsoids-openmp","args":["3.dat","34.log","34.xoutput"],"id":55,"resource":"2048","request_start":1576535081415,"request_end":1576535085430,"request_duration":4015,"type":"2048"}
{"start":1576535081584,"end":1576535085392,"duration":3808,"downloading_duration":1092,"execution_duration":2127,"uploading_duration":589,"executable":"ellipsoids-openmp","args":["3.dat","31.log","31.xoutput"],"id":52,"resource":"2048","request_start":1576535081407,"request_end":1576535085432,"request_duration":4025,"type":"2048"}
{"start":1576535081283,"end":1576535085412,"duration":4129,"downloading_duration":1184,"execution_duration":2308,"uploading_duration":637,"executable":"ellipsoids-openmp","args":["2.dat","210.log","210.xoutput"],"id":46,"resource":"2048","request_start":1576535080985,"request_end":1576535085445,"request_duration":4460,"type":"2048"}
{"start":1576535081333,"end":1576535085414,"duration":4081,"downloading_duration":1067,"execution_duration":2311,"uploading_duration":703,"executable":"ellipsoids-openmp","args":["0.dat","09.log","09.xoutput"],"id":15,"resource":"2048","request_start":1576535081002,"request_end":1576535085449,"request_duration":4447,"type":"2048"}
{"start":1576535081335,"end":1576535085426,"duration":4091,"downloading_duration":1247,"execution_duration":2239,"uploading_duration":605,"executable":"ellipsoids-openmp","args":["0.dat","04.log","04.xoutput"],"id":10,"resource":"2048","request_start":1576535080998,"request_end":1576535085459,"request_duration":4461,"type":"2048"}
{"start":1576535081337,"end":1576535085447,"duration":4110,"downloading_duration":1156,"execution_duration":2355,"uploading_duration":599,"executable":"ellipsoids-openmp","args":["0.dat","010.log","010.xoutput"],"id":16,"resource":"2048","request_start":1576535081003,"request_end":1576535085480,"request_duration":4477,"type":"2048"}
{"start":1576535081332,"end":1576535085501,"duration":4169,"downloading_duration":1150,"execution_duration":2206,"uploading_duration":813,"executable":"ellipsoids-openmp","args":["2.dat","214.log","214.xoutput"],"id":50,"resource":"2048","request_start":1576535080989,"request_end":1576535085519,"request_duration":4530,"type":"2048"}
{"start":1576535085494,"end":1576535086914,"duration":1420,"downloading_duration":1041,"execution_duration":2,"uploading_duration":377,"executable":"mean-pack-ell","args":["10.xoutput","11.xoutput","12.xoutput","13.xoutput","14.xoutput","15.xoutput","16.xoutput","17.xoutput","18.xoutput","19.xoutput","110.xoutput","111.xoutput","112.xoutput","113.xoutput","114.xoutput","average_1.txt"],"id":67,"resource":"2048","request_start":1576535085342,"request_end":1576535086932,"request_duration":1590,"type":"2048"}
{"start":1576535085645,"end":1576535087068,"duration":1423,"downloading_duration":1040,"execution_duration":3,"uploading_duration":380,"executable":"mean-pack-ell","args":["20.xoutput","21.xoutput","22.xoutput","23.xoutput","24.xoutput","25.xoutput","26.xoutput","27.xoutput","28.xoutput","29.xoutput","210.xoutput","211.xoutput","212.xoutput","213.xoutput","214.xoutput","average_2.txt"],"id":68,"resource":"2048","request_start":1576535085531,"request_end":1576535087085,"request_duration":1554,"type":"2048"}
{"start":1576535085607,"end":1576535087075,"duration":1468,"downloading_duration":1079,"execution_duration":3,"uploading_duration":386,"executable":"mean-pack-ell","args":["00.xoutput","01.xoutput","02.xoutput","03.xoutput","04.xoutput","05.xoutput","06.xoutput","07.xoutput","08.xoutput","09.xoutput","010.xoutput","011.xoutput","012.xoutput","013.xoutput","014.xoutput","average_0.txt"],"id":66,"resource":"2048","request_start":1576535085485,"request_end":1576535087093,"request_duration":1608,"type":"2048"}
{"start":1576535084959,"end":1576535088424,"duration":3465,"downloading_duration":1087,"execution_duration":1747,"uploading_duration":631,"executable":"ellipsoids-openmp","args":["3.dat","36.log","36.xoutput"],"id":57,"resource":"2048","request_start":1576535081418,"request_end":1576535088470,"request_duration":7052,"type":"2048"}
{"start":1576535084899,"end":1576535088447,"duration":3548,"downloading_duration":1075,"execution_duration":1834,"uploading_duration":639,"executable":"ellipsoids-openmp","args":["3.dat","35.log","35.xoutput"],"id":56,"resource":"2048","request_start":1576535081417,"request_end":1576535088473,"request_duration":7056,"type":"2048"}
{"start":1576535085140,"end":1576535088811,"duration":3671,"downloading_duration":1014,"execution_duration":2093,"uploading_duration":564,"executable":"ellipsoids-openmp","args":["3.dat","314.log","314.xoutput"],"id":65,"resource":"2048","request_start":1576535081427,"request_end":1576535088828,"request_duration":7401,"type":"2048"}
{"start":1576535085040,"end":1576535088817,"duration":3777,"downloading_duration":1069,"execution_duration":2118,"uploading_duration":590,"executable":"ellipsoids-openmp","args":["3.dat","37.log","37.xoutput"],"id":58,"resource":"2048","request_start":1576535081419,"request_end":1576535088834,"request_duration":7415,"type":"2048"}
{"start":1576535085057,"end":1576535088838,"duration":3781,"downloading_duration":988,"execution_duration":2112,"uploading_duration":681,"executable":"ellipsoids-openmp","args":["3.dat","38.log","38.xoutput"],"id":59,"resource":"2048","request_start":1576535081420,"request_end":1576535088854,"request_duration":7434,"type":"2048"}
{"start":1576535085112,"end":1576535088867,"duration":3755,"downloading_duration":1014,"execution_duration":2178,"uploading_duration":563,"executable":"ellipsoids-openmp","args":["3.dat","310.log","310.xoutput"],"id":61,"resource":"2048","request_start":1576535081423,"request_end":1576535088884,"request_duration":7461,"type":"2048"}
{"start":1576535085134,"end":1576535088917,"duration":3783,"downloading_duration":1132,"execution_duration":2045,"uploading_duration":606,"executable":"ellipsoids-openmp","args":["3.dat","313.log","313.xoutput"],"id":64,"resource":"2048","request_start":1576535081425,"request_end":1576535088934,"request_duration":7509,"type":"2048"}
{"start":1576535085105,"end":1576535088924,"duration":3819,"downloading_duration":980,"execution_duration":2187,"uploading_duration":652,"executable":"ellipsoids-openmp","args":["3.dat","39.log","39.xoutput"],"id":60,"resource":"2048","request_start":1576535081422,"request_end":1576535088944,"request_duration":7522,"type":"2048"}
{"start":1576535085122,"end":1576535088946,"duration":3824,"downloading_duration":1096,"execution_duration":2146,"uploading_duration":582,"executable":"ellipsoids-openmp","args":["3.dat","312.log","312.xoutput"],"id":63,"resource":"2048","request_start":1576535081424,"request_end":1576535088966,"request_duration":7542,"type":"2048"}
{"start":1576535085120,"end":1576535089070,"duration":3950,"downloading_duration":1132,"execution_duration":2172,"uploading_duration":646,"executable":"ellipsoids-openmp","args":["3.dat","311.log","311.xoutput"],"id":62,"resource":"2048","request_start":1576535081423,"request_end":1576535089086,"request_duration":7663,"type":"2048"}
{"start":1576535089226,"end":1576535090814,"duration":1588,"downloading_duration":1155,"execution_duration":2,"uploading_duration":431,"executable":"mean-pack-ell","args":["30.xoutput","31.xoutput","32.xoutput","33.xoutput","34.xoutput","35.xoutput","36.xoutput","37.xoutput","38.xoutput","39.xoutput","310.xoutput","311.xoutput","312.xoutput","313.xoutput","314.xoutput","average_3.txt"],"id":69,"resource":"2048","request_start":1576535089099,"request_end":1576535090835,"request_duration":1736,"type":"2048"}
{"start":1576535090957,"end":1576535091793,"duration":836,"downloading_duration":392,"execution_duration":61,"uploading_duration":383,"executable":"summary.js","args":[],"id":70,"resource":"2048","request_start":1576535090845,"request_end":1576535091808,"request_duration":963,"type":"2048"}
