{"start":1576524766924,"end":1576524768494,"duration":1570,"downloading_duration":648,"execution_duration":494,"uploading_duration":428,"executable":"generateData.js","args":[],"id":1,"resource":"256","request_start":1576524766704,"request_end":1576524768536,"request_duration":1832,"type":"256"}
{"start":1576524768768,"end":1576524770152,"duration":1384,"downloading_duration":446,"execution_duration":482,"uploading_duration":456,"executable":"createDat.js","args":["1.dat"],"id":3,"resource":"256","request_start":1576524768540,"request_end":1576524770106,"request_duration":1566,"type":"256"}
{"start":1576524768749,"end":1576524770165,"duration":1416,"downloading_duration":402,"execution_duration":494,"uploading_duration":520,"executable":"createDat.js","args":["0.dat"],"id":2,"resource":"256","request_start":1576524768539,"request_end":1576524770118,"request_duration":1579,"type":"256"}
{"start":1576524768756,"end":1576524770193,"duration":1437,"downloading_duration":436,"execution_duration":506,"uploading_duration":495,"executable":"createDat.js","args":["3.dat"],"id":5,"resource":"256","request_start":1576524768543,"request_end":1576524770148,"request_duration":1605,"type":"256"}
{"start":1576524768905,"end":1576524770305,"duration":1400,"downloading_duration":454,"execution_duration":467,"uploading_duration":479,"executable":"createDat.js","args":["2.dat"],"id":4,"resource":"256","request_start":1576524768541,"request_end":1576524770261,"request_duration":1720,"type":"256"}
{"start":1576524770340,"end":1576524788955,"duration":18615,"downloading_duration":1224,"execution_duration":16602,"uploading_duration":789,"executable":"ellipsoids-openmp","args":["3.dat","30.log","30.xoutput"],"id":9,"resource":"256","request_start":1576524770156,"request_end":1576524788911,"request_duration":18755,"type":"256"}
{"start":1576524770282,"end":1576524789235,"duration":18953,"downloading_duration":1195,"execution_duration":17121,"uploading_duration":637,"executable":"ellipsoids-openmp","args":["1.dat","10.log","10.xoutput"],"id":7,"resource":"256","request_start":1576524770110,"request_end":1576524789189,"request_duration":19079,"type":"256"}
{"start":1576524770460,"end":1576524790131,"duration":19671,"downloading_duration":1254,"execution_duration":17782,"uploading_duration":635,"executable":"ellipsoids-openmp","args":["2.dat","20.log","20.xoutput"],"id":8,"resource":"256","request_start":1576524770271,"request_end":1576524790084,"request_duration":19813,"type":"256"}
{"start":1576524789085,"end":1576524790611,"duration":1526,"downloading_duration":1099,"execution_duration":22,"uploading_duration":405,"executable":"mean-pack-ell","args":["30.xoutput","average_3.txt"],"id":13,"resource":"256","request_start":1576524788914,"request_end":1576524790564,"request_duration":1650,"type":"256"}
{"start":1576524770304,"end":1576524790763,"duration":20459,"downloading_duration":1360,"execution_duration":18482,"uploading_duration":617,"executable":"ellipsoids-openmp","args":["0.dat","00.log","00.xoutput"],"id":6,"resource":"256","request_start":1576524770119,"request_end":1576524790717,"request_duration":20598,"type":"256"}
{"start":1576524789445,"end":1576524790980,"duration":1535,"downloading_duration":1111,"execution_duration":21,"uploading_duration":403,"executable":"mean-pack-ell","args":["10.xoutput","average_1.txt"],"id":11,"resource":"256","request_start":1576524789197,"request_end":1576524790934,"request_duration":1737,"type":"256"}
{"start":1576524790330,"end":1576524792019,"duration":1689,"downloading_duration":1024,"execution_duration":200,"uploading_duration":465,"executable":"mean-pack-ell","args":["20.xoutput","average_2.txt"],"id":12,"resource":"256","request_start":1576524790092,"request_end":1576524791972,"request_duration":1880,"type":"256"}
{"start":1576524790930,"end":1576524792510,"duration":1580,"downloading_duration":1134,"execution_duration":22,"uploading_duration":424,"executable":"mean-pack-ell","args":["00.xoutput","average_0.txt"],"id":10,"resource":"256","request_start":1576524790720,"request_end":1576524792464,"request_duration":1744,"type":"256"}
{"start":1576524792656,"end":1576524794051,"duration":1395,"downloading_duration":483,"execution_duration":506,"uploading_duration":406,"executable":"summary.js","args":[],"id":14,"resource":"256","request_start":1576524792473,"request_end":1576524794010,"request_duration":1537,"type":"256"}
