{"start":1576526319137,"end":1576526320101,"duration":964,"downloading_duration":506,"execution_duration":61,"uploading_duration":397,"executable":"generateData.js","args":[],"id":1,"resource":"2560","request_start":1576526318904,"request_end":1576526320072,"request_duration":1168,"type":"2560"}
{"start":1576526320272,"end":1576526321137,"duration":865,"downloading_duration":425,"execution_duration":63,"uploading_duration":377,"executable":"createDat.js","args":["2.dat"],"id":4,"resource":"2560","request_start":1576526320098,"request_end":1576526321096,"request_duration":998,"type":"2560"}
{"start":1576526320272,"end":1576526321147,"duration":875,"downloading_duration":423,"execution_duration":63,"uploading_duration":389,"executable":"createDat.js","args":["1.dat"],"id":3,"resource":"2560","request_start":1576526320093,"request_end":1576526321133,"request_duration":1040,"type":"2560"}
{"start":1576526320255,"end":1576526321210,"duration":955,"downloading_duration":440,"execution_duration":60,"uploading_duration":455,"executable":"createDat.js","args":["0.dat"],"id":2,"resource":"2560","request_start":1576526320087,"request_end":1576526321167,"request_duration":1080,"type":"2560"}
{"start":1576526320282,"end":1576526321218,"duration":936,"downloading_duration":474,"execution_duration":61,"uploading_duration":401,"executable":"createDat.js","args":["3.dat"],"id":5,"resource":"2560","request_start":1576526320102,"request_end":1576526321176,"request_duration":1074,"type":"2560"}
{"start":1576526321494,"end":1576526324761,"duration":3267,"downloading_duration":1000,"execution_duration":1707,"uploading_duration":560,"executable":"ellipsoids-openmp","args":["1.dat","12.log","12.xoutput"],"id":13,"resource":"2560","request_start":1576526321143,"request_end":1576526324721,"request_duration":3578,"type":"2560"}
{"start":1576526321513,"end":1576526324845,"duration":3332,"downloading_duration":1033,"execution_duration":1713,"uploading_duration":586,"executable":"ellipsoids-openmp","args":["1.dat","13.log","13.xoutput"],"id":14,"resource":"2560","request_start":1576526321145,"request_end":1576526324804,"request_duration":3659,"type":"2560"}
{"start":1576526321576,"end":1576526324844,"duration":3268,"downloading_duration":979,"execution_duration":1701,"uploading_duration":588,"executable":"ellipsoids-openmp","args":["3.dat","31.log","31.xoutput"],"id":22,"resource":"2560","request_start":1576526321180,"request_end":1576526324806,"request_duration":3626,"type":"2560"}
{"start":1576526321473,"end":1576526324895,"duration":3422,"downloading_duration":1069,"execution_duration":1797,"uploading_duration":556,"executable":"ellipsoids-openmp","args":["2.dat","22.log","22.xoutput"],"id":18,"resource":"2560","request_start":1576526321122,"request_end":1576526324855,"request_duration":3733,"type":"2560"}
{"start":1576526321572,"end":1576526324901,"duration":3329,"downloading_duration":1035,"execution_duration":1675,"uploading_duration":619,"executable":"ellipsoids-openmp","args":["3.dat","33.log","33.xoutput"],"id":24,"resource":"2560","request_start":1576526321183,"request_end":1576526324860,"request_duration":3677,"type":"2560"}
{"start":1576526321579,"end":1576526324914,"duration":3335,"downloading_duration":1081,"execution_duration":1692,"uploading_duration":562,"executable":"ellipsoids-openmp","args":["3.dat","34.log","34.xoutput"],"id":25,"resource":"2560","request_start":1576526321184,"request_end":1576526324873,"request_duration":3689,"type":"2560"}
{"start":1576526321539,"end":1576526324933,"duration":3394,"downloading_duration":998,"execution_duration":1834,"uploading_duration":562,"executable":"ellipsoids-openmp","args":["0.dat","02.log","02.xoutput"],"id":8,"resource":"2560","request_start":1576526321173,"request_end":1576526324892,"request_duration":3719,"type":"2560"}
{"start":1576526321479,"end":1576526324944,"duration":3465,"downloading_duration":1073,"execution_duration":1817,"uploading_duration":575,"executable":"ellipsoids-openmp","args":["2.dat","23.log","23.xoutput"],"id":19,"resource":"2560","request_start":1576526321126,"request_end":1576526324906,"request_duration":3780,"type":"2560"}
{"start":1576526321496,"end":1576526324953,"duration":3457,"downloading_duration":1075,"execution_duration":1779,"uploading_duration":603,"executable":"ellipsoids-openmp","args":["1.dat","14.log","14.xoutput"],"id":15,"resource":"2560","request_start":1576526321146,"request_end":1576526324915,"request_duration":3769,"type":"2560"}
{"start":1576526321579,"end":1576526324956,"duration":3377,"downloading_duration":1047,"execution_duration":1726,"uploading_duration":604,"executable":"ellipsoids-openmp","args":["3.dat","32.log","32.xoutput"],"id":23,"resource":"2560","request_start":1576526321181,"request_end":1576526324918,"request_duration":3737,"type":"2560"}
{"start":1576526321498,"end":1576526324957,"duration":3459,"downloading_duration":1083,"execution_duration":1813,"uploading_duration":563,"executable":"ellipsoids-openmp","args":["2.dat","21.log","21.xoutput"],"id":17,"resource":"2560","request_start":1576526321117,"request_end":1576526324921,"request_duration":3804,"type":"2560"}
{"start":1576526321482,"end":1576526324973,"duration":3491,"downloading_duration":1110,"execution_duration":1731,"uploading_duration":650,"executable":"ellipsoids-openmp","args":["1.dat","10.log","10.xoutput"],"id":11,"resource":"2560","request_start":1576526321140,"request_end":1576526324934,"request_duration":3794,"type":"2560"}
{"start":1576526321547,"end":1576526324987,"duration":3440,"downloading_duration":1041,"execution_duration":1815,"uploading_duration":584,"executable":"ellipsoids-openmp","args":["0.dat","00.log","00.xoutput"],"id":6,"resource":"2560","request_start":1576526321171,"request_end":1576526324950,"request_duration":3779,"type":"2560"}
{"start":1576526321479,"end":1576526324994,"duration":3515,"downloading_duration":1045,"execution_duration":1893,"uploading_duration":577,"executable":"ellipsoids-openmp","args":["2.dat","24.log","24.xoutput"],"id":20,"resource":"2560","request_start":1576526321130,"request_end":1576526324956,"request_duration":3826,"type":"2560"}
{"start":1576526321558,"end":1576526325047,"duration":3489,"downloading_duration":1004,"execution_duration":1906,"uploading_duration":579,"executable":"ellipsoids-openmp","args":["0.dat","04.log","04.xoutput"],"id":10,"resource":"2560","request_start":1576526321170,"request_end":1576526325018,"request_duration":3848,"type":"2560"}
{"start":1576526321496,"end":1576526325071,"duration":3575,"downloading_duration":1273,"execution_duration":1700,"uploading_duration":602,"executable":"ellipsoids-openmp","args":["1.dat","11.log","11.xoutput"],"id":12,"resource":"2560","request_start":1576526321141,"request_end":1576526325031,"request_duration":3890,"type":"2560"}
{"start":1576526321581,"end":1576526325078,"duration":3497,"downloading_duration":1030,"execution_duration":1909,"uploading_duration":558,"executable":"ellipsoids-openmp","args":["0.dat","03.log","03.xoutput"],"id":9,"resource":"2560","request_start":1576526321174,"request_end":1576526325043,"request_duration":3869,"type":"2560"}
{"start":1576526321575,"end":1576526325111,"duration":3536,"downloading_duration":1117,"execution_duration":1832,"uploading_duration":587,"executable":"ellipsoids-openmp","args":["0.dat","01.log","01.xoutput"],"id":7,"resource":"2560","request_start":1576526321172,"request_end":1576526325173,"request_duration":4001,"type":"2560"}
{"start":1576526321478,"end":1576526325319,"duration":3841,"downloading_duration":1150,"execution_duration":1863,"uploading_duration":828,"executable":"ellipsoids-openmp","args":["2.dat","20.log","20.xoutput"],"id":16,"resource":"2560","request_start":1576526321110,"request_end":1576526325279,"request_duration":4169,"type":"2560"}
{"start":1576526321562,"end":1576526325327,"duration":3765,"downloading_duration":1292,"execution_duration":1688,"uploading_duration":785,"executable":"ellipsoids-openmp","args":["3.dat","30.log","30.xoutput"],"id":21,"resource":"2560","request_start":1576526321179,"request_end":1576526325288,"request_duration":4109,"type":"2560"}
{"start":1576526325347,"end":1576526326733,"duration":1386,"downloading_duration":998,"execution_duration":2,"uploading_duration":386,"executable":"mean-pack-ell","args":["00.xoutput","01.xoutput","02.xoutput","03.xoutput","04.xoutput","average_0.txt"],"id":26,"resource":"2560","request_start":1576526325175,"request_end":1576526326693,"request_duration":1518,"type":"2560"}
{"start":1576526325312,"end":1576526326735,"duration":1423,"downloading_duration":994,"execution_duration":3,"uploading_duration":426,"executable":"mean-pack-ell","args":["10.xoutput","11.xoutput","12.xoutput","13.xoutput","14.xoutput","average_1.txt"],"id":27,"resource":"2560","request_start":1576526325038,"request_end":1576526326700,"request_duration":1662,"type":"2560"}
{"start":1576526325453,"end":1576526326754,"duration":1301,"downloading_duration":929,"execution_duration":3,"uploading_duration":369,"executable":"mean-pack-ell","args":["30.xoutput","31.xoutput","32.xoutput","33.xoutput","34.xoutput","average_3.txt"],"id":29,"resource":"2560","request_start":1576526325290,"request_end":1576526326716,"request_duration":1426,"type":"2560"}
{"start":1576526325448,"end":1576526326833,"duration":1385,"downloading_duration":1011,"execution_duration":2,"uploading_duration":372,"executable":"mean-pack-ell","args":["20.xoutput","21.xoutput","22.xoutput","23.xoutput","24.xoutput","average_2.txt"],"id":28,"resource":"2560","request_start":1576526325281,"request_end":1576526326796,"request_duration":1515,"type":"2560"}
{"start":1576526326969,"end":1576526327880,"duration":911,"downloading_duration":458,"execution_duration":63,"uploading_duration":390,"executable":"summary.js","args":[],"id":30,"resource":"2560","request_start":1576526326804,"request_end":1576526327840,"request_duration":1036,"type":"2560"}
