{"start":1576534886307,"end":1576534887434,"duration":1127,"downloading_duration":611,"execution_duration":115,"uploading_duration":401,"executable":"generateData.js","args":[],"id":1,"resource":"1024","request_start":1576534885663,"request_end":1576534887461,"request_duration":1798,"type":"1024"}
{"start":1576534887584,"end":1576534888516,"duration":932,"downloading_duration":383,"execution_duration":105,"uploading_duration":444,"executable":"createDat.js","args":["0.dat"],"id":2,"resource":"1024","request_start":1576534887466,"request_end":1576534888533,"request_duration":1067,"type":"1024"}
{"start":1576534888065,"end":1576534889114,"duration":1049,"downloading_duration":494,"execution_duration":132,"uploading_duration":423,"executable":"createDat.js","args":["3.dat"],"id":5,"resource":"1024","request_start":1576534887473,"request_end":1576534889136,"request_duration":1663,"type":"1024"}
{"start":1576534888031,"end":1576534889129,"duration":1098,"downloading_duration":540,"execution_duration":121,"uploading_duration":437,"executable":"createDat.js","args":["1.dat"],"id":3,"resource":"1024","request_start":1576534887469,"request_end":1576534889156,"request_duration":1687,"type":"1024"}
{"start":1576534888053,"end":1576534889165,"duration":1112,"downloading_duration":563,"execution_duration":124,"uploading_duration":425,"executable":"createDat.js","args":["2.dat"],"id":4,"resource":"1024","request_start":1576534887471,"request_end":1576534889228,"request_duration":1757,"type":"1024"}
{"start":1576534889194,"end":1576534894382,"duration":5188,"downloading_duration":1152,"execution_duration":3459,"uploading_duration":577,"executable":"ellipsoids-openmp","args":["0.dat","02.log","02.xoutput"],"id":8,"resource":"1024","request_start":1576534888594,"request_end":1576534894403,"request_duration":5809,"type":"1024"}
{"start":1576534889189,"end":1576534894451,"duration":5262,"downloading_duration":1207,"execution_duration":3318,"uploading_duration":737,"executable":"ellipsoids-openmp","args":["0.dat","00.log","00.xoutput"],"id":6,"resource":"1024","request_start":1576534888591,"request_end":1576534894471,"request_duration":5880,"type":"1024"}
{"start":1576534888714,"end":1576534894856,"duration":6142,"downloading_duration":1041,"execution_duration":4477,"uploading_duration":624,"executable":"ellipsoids-openmp","args":["0.dat","04.log","04.xoutput"],"id":10,"resource":"1024","request_start":1576534888558,"request_end":1576534894876,"request_duration":6318,"type":"1024"}
{"start":1576534889405,"end":1576534895097,"duration":5692,"downloading_duration":1033,"execution_duration":4079,"uploading_duration":580,"executable":"ellipsoids-openmp","args":["3.dat","33.log","33.xoutput"],"id":54,"resource":"1024","request_start":1576534889174,"request_end":1576534895115,"request_duration":5941,"type":"1024"}
{"start":1576534889458,"end":1576534895204,"duration":5746,"downloading_duration":1032,"execution_duration":4139,"uploading_duration":575,"executable":"ellipsoids-openmp","args":["3.dat","34.log","34.xoutput"],"id":55,"resource":"1024","request_start":1576534889177,"request_end":1576534895222,"request_duration":6045,"type":"1024"}
{"start":1576534889221,"end":1576534895258,"duration":6037,"downloading_duration":1210,"execution_duration":4259,"uploading_duration":568,"executable":"ellipsoids-openmp","args":["0.dat","011.log","011.xoutput"],"id":17,"resource":"1024","request_start":1576534888580,"request_end":1576534895275,"request_duration":6695,"type":"1024"}
{"start":1576534889174,"end":1576534895322,"duration":6148,"downloading_duration":1269,"execution_duration":4310,"uploading_duration":569,"executable":"ellipsoids-openmp","args":["0.dat","08.log","08.xoutput"],"id":14,"resource":"1024","request_start":1576534888574,"request_end":1576534895341,"request_duration":6767,"type":"1024"}
{"start":1576534889215,"end":1576534895386,"duration":6171,"downloading_duration":1280,"execution_duration":4336,"uploading_duration":555,"executable":"ellipsoids-openmp","args":["0.dat","013.log","013.xoutput"],"id":19,"resource":"1024","request_start":1576534888584,"request_end":1576534895401,"request_duration":6817,"type":"1024"}
{"start":1576534889187,"end":1576534895418,"duration":6231,"downloading_duration":1271,"execution_duration":4362,"uploading_duration":598,"executable":"ellipsoids-openmp","args":["0.dat","06.log","06.xoutput"],"id":12,"resource":"1024","request_start":1576534888568,"request_end":1576534895437,"request_duration":6869,"type":"1024"}
{"start":1576534889221,"end":1576534895437,"duration":6216,"downloading_duration":1250,"execution_duration":4359,"uploading_duration":607,"executable":"ellipsoids-openmp","args":["0.dat","01.log","01.xoutput"],"id":7,"resource":"1024","request_start":1576534888592,"request_end":1576534895455,"request_duration":6863,"type":"1024"}
{"start":1576534889955,"end":1576534895439,"duration":5484,"downloading_duration":1345,"execution_duration":3542,"uploading_duration":597,"executable":"ellipsoids-openmp","args":["1.dat","113.log","113.xoutput"],"id":34,"resource":"1024","request_start":1576534889250,"request_end":1576534895458,"request_duration":6208,"type":"1024"}
{"start":1576534889187,"end":1576534895441,"duration":6254,"downloading_duration":1316,"execution_duration":4360,"uploading_duration":578,"executable":"ellipsoids-openmp","args":["0.dat","05.log","05.xoutput"],"id":11,"resource":"1024","request_start":1576534888564,"request_end":1576534895461,"request_duration":6897,"type":"1024"}
{"start":1576534889459,"end":1576534895452,"duration":5993,"downloading_duration":1085,"execution_duration":4310,"uploading_duration":598,"executable":"ellipsoids-openmp","args":["3.dat","32.log","32.xoutput"],"id":53,"resource":"1024","request_start":1576534889171,"request_end":1576534895469,"request_duration":6298,"type":"1024"}
{"start":1576534889205,"end":1576534895533,"duration":6328,"downloading_duration":1206,"execution_duration":4542,"uploading_duration":580,"executable":"ellipsoids-openmp","args":["0.dat","012.log","012.xoutput"],"id":18,"resource":"1024","request_start":1576534888582,"request_end":1576534895554,"request_duration":6972,"type":"1024"}
{"start":1576534889206,"end":1576534895538,"duration":6332,"downloading_duration":1231,"execution_duration":4478,"uploading_duration":623,"executable":"ellipsoids-openmp","args":["0.dat","09.log","09.xoutput"],"id":15,"resource":"1024","request_start":1576534888576,"request_end":1576534895557,"request_duration":6981,"type":"1024"}
{"start":1576534889230,"end":1576534895543,"duration":6313,"downloading_duration":1242,"execution_duration":4469,"uploading_duration":602,"executable":"ellipsoids-openmp","args":["0.dat","03.log","03.xoutput"],"id":9,"resource":"1024","request_start":1576534888596,"request_end":1576534895559,"request_duration":6963,"type":"1024"}
{"start":1576534889200,"end":1576534895549,"duration":6349,"downloading_duration":1273,"execution_duration":4463,"uploading_duration":613,"executable":"ellipsoids-openmp","args":["0.dat","07.log","07.xoutput"],"id":13,"resource":"1024","request_start":1576534888571,"request_end":1576534895565,"request_duration":6994,"type":"1024"}
{"start":1576534889991,"end":1576534895579,"duration":5588,"downloading_duration":1216,"execution_duration":3787,"uploading_duration":585,"executable":"ellipsoids-openmp","args":["2.dat","22.log","22.xoutput"],"id":38,"resource":"1024","request_start":1576534889257,"request_end":1576534895603,"request_duration":6346,"type":"1024"}
{"start":1576534889213,"end":1576534895602,"duration":6389,"downloading_duration":1329,"execution_duration":4451,"uploading_duration":609,"executable":"ellipsoids-openmp","args":["0.dat","010.log","010.xoutput"],"id":16,"resource":"1024","request_start":1576534888579,"request_end":1576534895619,"request_duration":7040,"type":"1024"}
{"start":1576534889209,"end":1576534895698,"duration":6489,"downloading_duration":1296,"execution_duration":4301,"uploading_duration":892,"executable":"ellipsoids-openmp","args":["0.dat","014.log","014.xoutput"],"id":20,"resource":"1024","request_start":1576534888590,"request_end":1576534895715,"request_duration":7125,"type":"1024"}
{"start":1576534889909,"end":1576534895912,"duration":6003,"downloading_duration":1272,"execution_duration":4117,"uploading_duration":614,"executable":"ellipsoids-openmp","args":["3.dat","38.log","38.xoutput"],"id":59,"resource":"1024","request_start":1576534889185,"request_end":1576534895930,"request_duration":6745,"type":"1024"}
{"start":1576534889915,"end":1576534895914,"duration":5999,"downloading_duration":1181,"execution_duration":4243,"uploading_duration":575,"executable":"ellipsoids-openmp","args":["3.dat","35.log","35.xoutput"],"id":56,"resource":"1024","request_start":1576534889179,"request_end":1576534895935,"request_duration":6756,"type":"1024"}
{"start":1576534889913,"end":1576534895918,"duration":6005,"downloading_duration":1190,"execution_duration":4239,"uploading_duration":576,"executable":"ellipsoids-openmp","args":["3.dat","37.log","37.xoutput"],"id":58,"resource":"1024","request_start":1576534889183,"request_end":1576534895937,"request_duration":6754,"type":"1024"}
{"start":1576534889952,"end":1576534896003,"duration":6051,"downloading_duration":1262,"execution_duration":4201,"uploading_duration":588,"executable":"ellipsoids-openmp","args":["1.dat","10.log","10.xoutput"],"id":21,"resource":"1024","request_start":1576534889237,"request_end":1576534896021,"request_duration":6784,"type":"1024"}
{"start":1576534889939,"end":1576534896005,"duration":6066,"downloading_duration":1247,"execution_duration":4227,"uploading_duration":592,"executable":"ellipsoids-openmp","args":["3.dat","31.log","31.xoutput"],"id":52,"resource":"1024","request_start":1576534889167,"request_end":1576534896024,"request_duration":6857,"type":"1024"}
{"start":1576534889980,"end":1576534896011,"duration":6031,"downloading_duration":1148,"execution_duration":4314,"uploading_duration":569,"executable":"ellipsoids-openmp","args":["1.dat","18.log","18.xoutput"],"id":29,"resource":"1024","request_start":1576534889246,"request_end":1576534896046,"request_duration":6800,"type":"1024"}
{"start":1576534889939,"end":1576534896025,"duration":6086,"downloading_duration":1193,"execution_duration":4317,"uploading_duration":576,"executable":"ellipsoids-openmp","args":["3.dat","314.log","314.xoutput"],"id":65,"resource":"1024","request_start":1576534889194,"request_end":1576534896049,"request_duration":6855,"type":"1024"}
{"start":1576534889971,"end":1576534896034,"duration":6063,"downloading_duration":1154,"execution_duration":4246,"uploading_duration":663,"executable":"ellipsoids-openmp","args":["1.dat","110.log","110.xoutput"],"id":31,"resource":"1024","request_start":1576534889248,"request_end":1576534896135,"request_duration":6887,"type":"1024"}
{"start":1576534889915,"end":1576534896039,"duration":6124,"downloading_duration":1189,"execution_duration":4291,"uploading_duration":644,"executable":"ellipsoids-openmp","args":["3.dat","30.log","30.xoutput"],"id":51,"resource":"1024","request_start":1576534889162,"request_end":1576534896137,"request_duration":6975,"type":"1024"}
{"start":1576534889975,"end":1576534896065,"duration":6090,"downloading_duration":1276,"execution_duration":4186,"uploading_duration":628,"executable":"ellipsoids-openmp","args":["1.dat","112.log","112.xoutput"],"id":33,"resource":"1024","request_start":1576534889250,"request_end":1576534896140,"request_duration":6890,"type":"1024"}
{"start":1576534889939,"end":1576534896069,"duration":6130,"downloading_duration":1251,"execution_duration":4264,"uploading_duration":615,"executable":"ellipsoids-openmp","args":["3.dat","313.log","313.xoutput"],"id":64,"resource":"1024","request_start":1576534889192,"request_end":1576534896143,"request_duration":6951,"type":"1024"}
{"start":1576534889919,"end":1576534896090,"duration":6171,"downloading_duration":1253,"execution_duration":4356,"uploading_duration":562,"executable":"ellipsoids-openmp","args":["3.dat","310.log","310.xoutput"],"id":61,"resource":"1024","request_start":1576534889188,"request_end":1576534896146,"request_duration":6958,"type":"1024"}
{"start":1576534889915,"end":1576534896104,"duration":6189,"downloading_duration":1292,"execution_duration":4297,"uploading_duration":600,"executable":"ellipsoids-openmp","args":["3.dat","36.log","36.xoutput"],"id":57,"resource":"1024","request_start":1576534889181,"request_end":1576534896150,"request_duration":6969,"type":"1024"}
{"start":1576534889980,"end":1576534896109,"duration":6129,"downloading_duration":1166,"execution_duration":4316,"uploading_duration":647,"executable":"ellipsoids-openmp","args":["1.dat","111.log","111.xoutput"],"id":32,"resource":"1024","request_start":1576534889249,"request_end":1576534896153,"request_duration":6904,"type":"1024"}
{"start":1576534889988,"end":1576534896110,"duration":6122,"downloading_duration":1189,"execution_duration":4334,"uploading_duration":599,"executable":"ellipsoids-openmp","args":["1.dat","19.log","19.xoutput"],"id":30,"resource":"1024","request_start":1576534889247,"request_end":1576534896154,"request_duration":6907,"type":"1024"}
{"start":1576534889963,"end":1576534896112,"duration":6149,"downloading_duration":1226,"execution_duration":4306,"uploading_duration":617,"executable":"ellipsoids-openmp","args":["1.dat","12.log","12.xoutput"],"id":23,"resource":"1024","request_start":1576534889239,"request_end":1576534896158,"request_duration":6919,"type":"1024"}
{"start":1576534889961,"end":1576534896143,"duration":6182,"downloading_duration":1174,"execution_duration":4375,"uploading_duration":633,"executable":"ellipsoids-openmp","args":["1.dat","114.log","114.xoutput"],"id":35,"resource":"1024","request_start":1576534889251,"request_end":1576534896175,"request_duration":6924,"type":"1024"}
{"start":1576534889976,"end":1576534896146,"duration":6170,"downloading_duration":1306,"execution_duration":4285,"uploading_duration":579,"executable":"ellipsoids-openmp","args":["1.dat","16.log","16.xoutput"],"id":27,"resource":"1024","request_start":1576534889244,"request_end":1576534896177,"request_duration":6933,"type":"1024"}
{"start":1576534889935,"end":1576534896152,"duration":6217,"downloading_duration":1231,"execution_duration":4415,"uploading_duration":571,"executable":"ellipsoids-openmp","args":["3.dat","311.log","311.xoutput"],"id":62,"resource":"1024","request_start":1576534889190,"request_end":1576534896180,"request_duration":6990,"type":"1024"}
{"start":1576534889943,"end":1576534896169,"duration":6226,"downloading_duration":1168,"execution_duration":4426,"uploading_duration":632,"executable":"ellipsoids-openmp","args":["1.dat","13.log","13.xoutput"],"id":24,"resource":"1024","request_start":1576534889240,"request_end":1576534896201,"request_duration":6961,"type":"1024"}
{"start":1576534889920,"end":1576534896187,"duration":6267,"downloading_duration":1232,"execution_duration":4436,"uploading_duration":599,"executable":"ellipsoids-openmp","args":["3.dat","312.log","312.xoutput"],"id":63,"resource":"1024","request_start":1576534889191,"request_end":1576534896214,"request_duration":7023,"type":"1024"}
{"start":1576534889909,"end":1576534896259,"duration":6350,"downloading_duration":1331,"execution_duration":4437,"uploading_duration":582,"executable":"ellipsoids-openmp","args":["3.dat","39.log","39.xoutput"],"id":60,"resource":"1024","request_start":1576534889187,"request_end":1576534896280,"request_duration":7093,"type":"1024"}
{"start":1576534889992,"end":1576534896260,"duration":6268,"downloading_duration":1197,"execution_duration":4442,"uploading_duration":629,"executable":"ellipsoids-openmp","args":["1.dat","17.log","17.xoutput"],"id":28,"resource":"1024","request_start":1576534889245,"request_end":1576534896287,"request_duration":7042,"type":"1024"}
{"start":1576534889977,"end":1576534896361,"duration":6384,"downloading_duration":1345,"execution_duration":4442,"uploading_duration":597,"executable":"ellipsoids-openmp","args":["2.dat","21.log","21.xoutput"],"id":37,"resource":"1024","request_start":1576534889256,"request_end":1576534896380,"request_duration":7124,"type":"1024"}
{"start":1576534889972,"end":1576534896430,"duration":6458,"downloading_duration":1281,"execution_duration":4303,"uploading_duration":874,"executable":"ellipsoids-openmp","args":["1.dat","15.log","15.xoutput"],"id":26,"resource":"1024","request_start":1576534889243,"request_end":1576534896449,"request_duration":7206,"type":"1024"}
{"start":1576534890007,"end":1576534896611,"duration":6604,"downloading_duration":1294,"execution_duration":4745,"uploading_duration":565,"executable":"ellipsoids-openmp","args":["2.dat","23.log","23.xoutput"],"id":39,"resource":"1024","request_start":1576534889258,"request_end":1576534896630,"request_duration":7372,"type":"1024"}
{"start":1576534889970,"end":1576534896658,"duration":6688,"downloading_duration":1267,"execution_duration":4359,"uploading_duration":1062,"executable":"ellipsoids-openmp","args":["1.dat","14.log","14.xoutput"],"id":25,"resource":"1024","request_start":1576534889241,"request_end":1576534896675,"request_duration":7434,"type":"1024"}
{"start":1576534890018,"end":1576534896677,"duration":6659,"downloading_duration":1254,"execution_duration":4708,"uploading_duration":697,"executable":"ellipsoids-openmp","args":["2.dat","24.log","24.xoutput"],"id":40,"resource":"1024","request_start":1576534889259,"request_end":1576534896695,"request_duration":7436,"type":"1024"}
{"start":1576534890017,"end":1576534896711,"duration":6694,"downloading_duration":1294,"execution_duration":4767,"uploading_duration":633,"executable":"ellipsoids-openmp","args":["2.dat","20.log","20.xoutput"],"id":36,"resource":"1024","request_start":1576534889255,"request_end":1576534896728,"request_duration":7473,"type":"1024"}
{"start":1576534889979,"end":1576534897181,"duration":7202,"downloading_duration":2254,"execution_duration":4304,"uploading_duration":644,"executable":"ellipsoids-openmp","args":["1.dat","11.log","11.xoutput"],"id":22,"resource":"1024","request_start":1576534889238,"request_end":1576534897198,"request_duration":7960,"type":"1024"}
{"start":1576534895832,"end":1576534897284,"duration":1452,"downloading_duration":1040,"execution_duration":3,"uploading_duration":409,"executable":"mean-pack-ell","args":["00.xoutput","01.xoutput","02.xoutput","03.xoutput","04.xoutput","05.xoutput","06.xoutput","07.xoutput","08.xoutput","09.xoutput","010.xoutput","011.xoutput","012.xoutput","013.xoutput","014.xoutput","average_0.txt"],"id":66,"resource":"1024","request_start":1576534895725,"request_end":1576534897301,"request_duration":1576,"type":"1024"}
{"start":1576534896411,"end":1576534897829,"duration":1418,"downloading_duration":1020,"execution_duration":11,"uploading_duration":387,"executable":"mean-pack-ell","args":["30.xoutput","31.xoutput","32.xoutput","33.xoutput","34.xoutput","35.xoutput","36.xoutput","37.xoutput","38.xoutput","39.xoutput","310.xoutput","311.xoutput","312.xoutput","313.xoutput","314.xoutput","average_3.txt"],"id":69,"resource":"1024","request_start":1576534896294,"request_end":1576534897846,"request_duration":1552,"type":"1024"}
{"start":1576534897323,"end":1576534898765,"duration":1442,"downloading_duration":1057,"execution_duration":3,"uploading_duration":382,"executable":"mean-pack-ell","args":["10.xoutput","11.xoutput","12.xoutput","13.xoutput","14.xoutput","15.xoutput","16.xoutput","17.xoutput","18.xoutput","19.xoutput","110.xoutput","111.xoutput","112.xoutput","113.xoutput","114.xoutput","average_1.txt"],"id":67,"resource":"1024","request_start":1576534897210,"request_end":1576534898786,"request_duration":1576,"type":"1024"}
{"start":1576534894499,"end":1576534899702,"duration":5203,"downloading_duration":1081,"execution_duration":3533,"uploading_duration":589,"executable":"ellipsoids-openmp","args":["2.dat","26.log","26.xoutput"],"id":42,"resource":"1024","request_start":1576534889260,"request_end":1576534899721,"request_duration":10461,"type":"1024"}
{"start":1576534894434,"end":1576534899707,"duration":5273,"downloading_duration":1076,"execution_duration":3575,"uploading_duration":622,"executable":"ellipsoids-openmp","args":["2.dat","25.log","25.xoutput"],"id":41,"resource":"1024","request_start":1576534889260,"request_end":1576534899727,"request_duration":10467,"type":"1024"}
{"start":1576534894906,"end":1576534901150,"duration":6244,"downloading_duration":1187,"execution_duration":4441,"uploading_duration":616,"executable":"ellipsoids-openmp","args":["2.dat","27.log","27.xoutput"],"id":43,"resource":"1024","request_start":1576534889261,"request_end":1576534901167,"request_duration":11906,"type":"1024"}
{"start":1576534895143,"end":1576534901544,"duration":6401,"downloading_duration":1079,"execution_duration":4636,"uploading_duration":686,"executable":"ellipsoids-openmp","args":["2.dat","28.log","28.xoutput"],"id":44,"resource":"1024","request_start":1576534889261,"request_end":1576534901561,"request_duration":12300,"type":"1024"}
{"start":1576534895370,"end":1576534901598,"duration":6228,"downloading_duration":1057,"execution_duration":4565,"uploading_duration":606,"executable":"ellipsoids-openmp","args":["2.dat","211.log","211.xoutput"],"id":47,"resource":"1024","request_start":1576534889263,"request_end":1576534901614,"request_duration":12351,"type":"1024"}
{"start":1576534895306,"end":1576534901615,"duration":6309,"downloading_duration":989,"execution_duration":4661,"uploading_duration":659,"executable":"ellipsoids-openmp","args":["2.dat","210.log","210.xoutput"],"id":46,"resource":"1024","request_start":1576534889262,"request_end":1576534901633,"request_duration":12371,"type":"1024"}
{"start":1576534895438,"end":1576534901619,"duration":6181,"downloading_duration":1079,"execution_duration":4457,"uploading_duration":645,"executable":"ellipsoids-openmp","args":["2.dat","212.log","212.xoutput"],"id":48,"resource":"1024","request_start":1576534889263,"request_end":1576534901635,"request_duration":12372,"type":"1024"}
{"start":1576534895253,"end":1576534901641,"duration":6388,"downloading_duration":1080,"execution_duration":4533,"uploading_duration":775,"executable":"ellipsoids-openmp","args":["2.dat","29.log","29.xoutput"],"id":45,"resource":"1024","request_start":1576534889262,"request_end":1576534901658,"request_duration":12396,"type":"1024"}
{"start":1576534895490,"end":1576534901813,"duration":6323,"downloading_duration":1091,"execution_duration":4643,"uploading_duration":589,"executable":"ellipsoids-openmp","args":["2.dat","214.log","214.xoutput"],"id":50,"resource":"1024","request_start":1576534889265,"request_end":1576534901830,"request_duration":12565,"type":"1024"}
{"start":1576534895464,"end":1576534901979,"duration":6515,"downloading_duration":1165,"execution_duration":4703,"uploading_duration":647,"executable":"ellipsoids-openmp","args":["2.dat","213.log","213.xoutput"],"id":49,"resource":"1024","request_start":1576534889264,"request_end":1576534901999,"request_duration":12735,"type":"1024"}
{"start":1576534902161,"end":1576534903665,"duration":1504,"downloading_duration":1116,"execution_duration":3,"uploading_duration":385,"executable":"mean-pack-ell","args":["20.xoutput","21.xoutput","22.xoutput","23.xoutput","24.xoutput","25.xoutput","26.xoutput","27.xoutput","28.xoutput","29.xoutput","210.xoutput","211.xoutput","212.xoutput","213.xoutput","214.xoutput","average_2.txt"],"id":68,"resource":"1024","request_start":1576534902014,"request_end":1576534903685,"request_duration":1671,"type":"1024"}
{"start":1576534903800,"end":1576534904806,"duration":1006,"downloading_duration":390,"execution_duration":104,"uploading_duration":512,"executable":"summary.js","args":[],"id":70,"resource":"1024","request_start":1576534903693,"request_end":1576534904822,"request_duration":1129,"type":"1024"}
