{"start":1576624416993,"end":1576624417798,"duration":805,"downloading_duration":362,"execution_duration":63,"uploading_duration":380,"executable":"generateData.js","args":[],"id":1,"resource":"3008","request_start":1576624416752,"request_end":1576624417827,"request_duration":1075,"type":"3008"}
{"start":1576624417965,"end":1576624418775,"duration":810,"downloading_duration":361,"execution_duration":61,"uploading_duration":388,"executable":"createDat.js","args":["0.dat"],"id":2,"resource":"3008","request_start":1576624417842,"request_end":1576624418792,"request_duration":950,"type":"3008"}
{"start":1576624417980,"end":1576624418788,"duration":808,"downloading_duration":372,"execution_duration":63,"uploading_duration":373,"executable":"createDat.js","args":["3.dat"],"id":5,"resource":"3008","request_start":1576624417854,"request_end":1576624418812,"request_duration":958,"type":"3008"}
{"start":1576624417981,"end":1576624418807,"duration":826,"downloading_duration":378,"execution_duration":60,"uploading_duration":388,"executable":"createDat.js","args":["1.dat"],"id":3,"resource":"3008","request_start":1576624417847,"request_end":1576624418834,"request_duration":987,"type":"3008"}
{"start":1576624417977,"end":1576624418827,"duration":850,"downloading_duration":378,"execution_duration":64,"uploading_duration":408,"executable":"createDat.js","args":["2.dat"],"id":4,"resource":"3008","request_start":1576624417850,"request_end":1576624418934,"request_duration":1084,"type":"3008"}
{"start":1576624419333,"end":1576624422296,"duration":2963,"downloading_duration":992,"execution_duration":1413,"uploading_duration":558,"executable":"ellipsoids-openmp","args":["3.dat","30.log","30.xoutput"],"id":141,"resource":"3008","request_start":1576624418973,"request_end":1576624422319,"request_duration":3346,"type":"3008"}
{"start":1576624419186,"end":1576624422361,"duration":3175,"downloading_duration":981,"execution_duration":1637,"uploading_duration":557,"executable":"ellipsoids-openmp","args":["0.dat","012.log","012.xoutput"],"id":18,"resource":"3008","request_start":1576624418853,"request_end":1576624422383,"request_duration":3530,"type":"3008"}
{"start":1576624419330,"end":1576624422363,"duration":3033,"downloading_duration":992,"execution_duration":1471,"uploading_duration":570,"executable":"ellipsoids-openmp","args":["3.dat","33.log","33.xoutput"],"id":144,"resource":"3008","request_start":1576624418976,"request_end":1576624422386,"request_duration":3410,"type":"3008"}
{"start":1576624419165,"end":1576624422375,"duration":3210,"downloading_duration":1008,"execution_duration":1629,"uploading_duration":573,"executable":"ellipsoids-openmp","args":["0.dat","09.log","09.xoutput"],"id":15,"resource":"3008","request_start":1576624418850,"request_end":1576624422397,"request_duration":3547,"type":"3008"}
{"start":1576624419162,"end":1576624422378,"duration":3216,"downloading_duration":1004,"execution_duration":1618,"uploading_duration":594,"executable":"ellipsoids-openmp","args":["0.dat","04.log","04.xoutput"],"id":10,"resource":"3008","request_start":1576624418842,"request_end":1576624422400,"request_duration":3558,"type":"3008"}
{"start":1576624419333,"end":1576624422379,"duration":3046,"downloading_duration":1021,"execution_duration":1460,"uploading_duration":565,"executable":"ellipsoids-openmp","args":["3.dat","31.log","31.xoutput"],"id":142,"resource":"3008","request_start":1576624418974,"request_end":1576624422402,"request_duration":3428,"type":"3008"}
{"start":1576624419212,"end":1576624422390,"duration":3178,"downloading_duration":993,"execution_duration":1621,"uploading_duration":564,"executable":"ellipsoids-openmp","args":["0.dat","019.log","019.xoutput"],"id":25,"resource":"3008","request_start":1576624418860,"request_end":1576624422412,"request_duration":3552,"type":"3008"}
{"start":1576624419168,"end":1576624422417,"duration":3249,"downloading_duration":1001,"execution_duration":1661,"uploading_duration":587,"executable":"ellipsoids-openmp","args":["0.dat","015.log","015.xoutput"],"id":21,"resource":"3008","request_start":1576624418856,"request_end":1576624422437,"request_duration":3581,"type":"3008"}
{"start":1576624419166,"end":1576624422431,"duration":3265,"downloading_duration":1061,"execution_duration":1575,"uploading_duration":629,"executable":"ellipsoids-openmp","args":["0.dat","07.log","07.xoutput"],"id":13,"resource":"3008","request_start":1576624418847,"request_end":1576624422450,"request_duration":3603,"type":"3008"}
{"start":1576624419334,"end":1576624422436,"duration":3102,"downloading_duration":1076,"execution_duration":1436,"uploading_duration":590,"executable":"ellipsoids-openmp","args":["3.dat","34.log","34.xoutput"],"id":145,"resource":"3008","request_start":1576624418977,"request_end":1576624422456,"request_duration":3479,"type":"3008"}
{"start":1576624419276,"end":1576624422437,"duration":3161,"downloading_duration":991,"execution_duration":1608,"uploading_duration":562,"executable":"ellipsoids-openmp","args":["0.dat","020.log","020.xoutput"],"id":26,"resource":"3008","request_start":1576624418861,"request_end":1576624422458,"request_duration":3597,"type":"3008"}
{"start":1576624419324,"end":1576624422438,"duration":3114,"downloading_duration":992,"execution_duration":1558,"uploading_duration":564,"executable":"ellipsoids-openmp","args":["0.dat","042.log","042.xoutput"],"id":48,"resource":"3008","request_start":1576624418886,"request_end":1576624422459,"request_duration":3573,"type":"3008"}
{"start":1576624419232,"end":1576624422458,"duration":3226,"downloading_duration":1021,"execution_duration":1628,"uploading_duration":577,"executable":"ellipsoids-openmp","args":["0.dat","014.log","014.xoutput"],"id":20,"resource":"3008","request_start":1576624418855,"request_end":1576624422477,"request_duration":3622,"type":"3008"}
{"start":1576624419278,"end":1576624422465,"duration":3187,"downloading_duration":1004,"execution_duration":1618,"uploading_duration":565,"executable":"ellipsoids-openmp","args":["0.dat","018.log","018.xoutput"],"id":24,"resource":"3008","request_start":1576624418859,"request_end":1576624422485,"request_duration":3626,"type":"3008"}
{"start":1576624419167,"end":1576624422476,"duration":3309,"downloading_duration":1096,"execution_duration":1632,"uploading_duration":581,"executable":"ellipsoids-openmp","args":["0.dat","05.log","05.xoutput"],"id":11,"resource":"3008","request_start":1576624418844,"request_end":1576624422498,"request_duration":3654,"type":"3008"}
{"start":1576624419168,"end":1576624422491,"duration":3323,"downloading_duration":1137,"execution_duration":1580,"uploading_duration":606,"executable":"ellipsoids-openmp","args":["0.dat","011.log","011.xoutput"],"id":17,"resource":"3008","request_start":1576624418852,"request_end":1576624422514,"request_duration":3662,"type":"3008"}
{"start":1576624419283,"end":1576624422500,"duration":3217,"downloading_duration":991,"execution_duration":1622,"uploading_duration":604,"executable":"ellipsoids-openmp","args":["0.dat","023.log","023.xoutput"],"id":29,"resource":"3008","request_start":1576624418864,"request_end":1576624422517,"request_duration":3653,"type":"3008"}
{"start":1576624419246,"end":1576624422502,"duration":3256,"downloading_duration":1011,"execution_duration":1609,"uploading_duration":636,"executable":"ellipsoids-openmp","args":["0.dat","025.log","025.xoutput"],"id":31,"resource":"3008","request_start":1576624418867,"request_end":1576624422524,"request_duration":3657,"type":"3008"}
{"start":1576624419246,"end":1576624422510,"duration":3264,"downloading_duration":1085,"execution_duration":1597,"uploading_duration":582,"executable":"ellipsoids-openmp","args":["0.dat","027.log","027.xoutput"],"id":33,"resource":"3008","request_start":1576624418868,"request_end":1576624422530,"request_duration":3662,"type":"3008"}
{"start":1576624419320,"end":1576624422514,"duration":3194,"downloading_duration":1010,"execution_duration":1629,"uploading_duration":555,"executable":"ellipsoids-openmp","args":["0.dat","039.log","039.xoutput"],"id":45,"resource":"3008","request_start":1576624418884,"request_end":1576624422538,"request_duration":3654,"type":"3008"}
{"start":1576624419280,"end":1576624422515,"duration":3235,"downloading_duration":1078,"execution_duration":1569,"uploading_duration":588,"executable":"ellipsoids-openmp","args":["0.dat","024.log","024.xoutput"],"id":30,"resource":"3008","request_start":1576624418866,"request_end":1576624422540,"request_duration":3674,"type":"3008"}
{"start":1576624419283,"end":1576624422518,"duration":3235,"downloading_duration":1039,"execution_duration":1611,"uploading_duration":585,"executable":"ellipsoids-openmp","args":["0.dat","030.log","030.xoutput"],"id":36,"resource":"3008","request_start":1576624418874,"request_end":1576624422542,"request_duration":3668,"type":"3008"}
{"start":1576624419211,"end":1576624422525,"duration":3314,"downloading_duration":996,"execution_duration":1681,"uploading_duration":637,"executable":"ellipsoids-openmp","args":["0.dat","016.log","016.xoutput"],"id":22,"resource":"3008","request_start":1576624418857,"request_end":1576624422548,"request_duration":3691,"type":"3008"}
{"start":1576624419275,"end":1576624422533,"duration":3258,"downloading_duration":1097,"execution_duration":1597,"uploading_duration":564,"executable":"ellipsoids-openmp","args":["0.dat","021.log","021.xoutput"],"id":27,"resource":"3008","request_start":1576624418862,"request_end":1576624422556,"request_duration":3694,"type":"3008"}
{"start":1576624419219,"end":1576624422549,"duration":3330,"downloading_duration":1090,"execution_duration":1675,"uploading_duration":565,"executable":"ellipsoids-openmp","args":["0.dat","017.log","017.xoutput"],"id":23,"resource":"3008","request_start":1576624418858,"request_end":1576624422570,"request_duration":3712,"type":"3008"}
{"start":1576624419282,"end":1576624422552,"duration":3270,"downloading_duration":1042,"execution_duration":1618,"uploading_duration":610,"executable":"ellipsoids-openmp","args":["0.dat","038.log","038.xoutput"],"id":44,"resource":"3008","request_start":1576624418881,"request_end":1576624422572,"request_duration":3691,"type":"3008"}
{"start":1576624419278,"end":1576624422559,"duration":3281,"downloading_duration":1076,"execution_duration":1632,"uploading_duration":573,"executable":"ellipsoids-openmp","args":["0.dat","037.log","037.xoutput"],"id":43,"resource":"3008","request_start":1576624418881,"request_end":1576624422583,"request_duration":3702,"type":"3008"}
{"start":1576624419304,"end":1576624422559,"duration":3255,"downloading_duration":1071,"execution_duration":1626,"uploading_duration":558,"executable":"ellipsoids-openmp","args":["0.dat","040.log","040.xoutput"],"id":46,"resource":"3008","request_start":1576624418885,"request_end":1576624422584,"request_duration":3699,"type":"3008"}
{"start":1576624419325,"end":1576624422559,"duration":3234,"downloading_duration":1025,"execution_duration":1619,"uploading_duration":590,"executable":"ellipsoids-openmp","args":["0.dat","044.log","044.xoutput"],"id":50,"resource":"3008","request_start":1576624418888,"request_end":1576624422587,"request_duration":3699,"type":"3008"}
{"start":1576624419281,"end":1576624422568,"duration":3287,"downloading_duration":1086,"execution_duration":1557,"uploading_duration":644,"executable":"ellipsoids-openmp","args":["0.dat","026.log","026.xoutput"],"id":32,"resource":"3008","request_start":1576624418867,"request_end":1576624422596,"request_duration":3729,"type":"3008"}
{"start":1576624419168,"end":1576624422572,"duration":3404,"downloading_duration":1108,"execution_duration":1683,"uploading_duration":613,"executable":"ellipsoids-openmp","args":["0.dat","010.log","010.xoutput"],"id":16,"resource":"3008","request_start":1576624418851,"request_end":1576624422599,"request_duration":3748,"type":"3008"}
{"start":1576624419332,"end":1576624422574,"duration":3242,"downloading_duration":1070,"execution_duration":1487,"uploading_duration":685,"executable":"ellipsoids-openmp","args":["3.dat","32.log","32.xoutput"],"id":143,"resource":"3008","request_start":1576624418975,"request_end":1576624422601,"request_duration":3626,"type":"3008"}
{"start":1576624419253,"end":1576624422580,"duration":3327,"downloading_duration":1048,"execution_duration":1654,"uploading_duration":625,"executable":"ellipsoids-openmp","args":["0.dat","032.log","032.xoutput"],"id":38,"resource":"3008","request_start":1576624418875,"request_end":1576624422605,"request_duration":3730,"type":"3008"}
{"start":1576624419165,"end":1576624422598,"duration":3433,"downloading_duration":1181,"execution_duration":1631,"uploading_duration":621,"executable":"ellipsoids-openmp","args":["0.dat","08.log","08.xoutput"],"id":14,"resource":"3008","request_start":1576624418848,"request_end":1576624422618,"request_duration":3770,"type":"3008"}
{"start":1576624419273,"end":1576624422599,"duration":3326,"downloading_duration":1122,"execution_duration":1633,"uploading_duration":571,"executable":"ellipsoids-openmp","args":["0.dat","033.log","033.xoutput"],"id":39,"resource":"3008","request_start":1576624418876,"request_end":1576624422622,"request_duration":3746,"type":"3008"}
{"start":1576624419274,"end":1576624422600,"duration":3326,"downloading_duration":1077,"execution_duration":1613,"uploading_duration":636,"executable":"ellipsoids-openmp","args":["0.dat","031.log","031.xoutput"],"id":37,"resource":"3008","request_start":1576624418874,"request_end":1576624422625,"request_duration":3751,"type":"3008"}
{"start":1576624419319,"end":1576624422600,"duration":3281,"downloading_duration":986,"execution_duration":1591,"uploading_duration":704,"executable":"ellipsoids-openmp","args":["0.dat","041.log","041.xoutput"],"id":47,"resource":"3008","request_start":1576624418885,"request_end":1576624422626,"request_duration":3741,"type":"3008"}
{"start":1576624419328,"end":1576624422605,"duration":3277,"downloading_duration":993,"execution_duration":1642,"uploading_duration":642,"executable":"ellipsoids-openmp","args":["0.dat","02.log","02.xoutput"],"id":8,"resource":"3008","request_start":1576624418891,"request_end":1576624422634,"request_duration":3743,"type":"3008"}
{"start":1576624419288,"end":1576624422610,"duration":3322,"downloading_duration":1077,"execution_duration":1589,"uploading_duration":656,"executable":"ellipsoids-openmp","args":["0.dat","028.log","028.xoutput"],"id":34,"resource":"3008","request_start":1576624418869,"request_end":1576624422648,"request_duration":3779,"type":"3008"}
{"start":1576624419289,"end":1576624422614,"duration":3325,"downloading_duration":1092,"execution_duration":1626,"uploading_duration":607,"executable":"ellipsoids-openmp","args":["0.dat","029.log","029.xoutput"],"id":35,"resource":"3008","request_start":1576624418870,"request_end":1576624422649,"request_duration":3779,"type":"3008"}
{"start":1576624419295,"end":1576624422615,"duration":3320,"downloading_duration":1091,"execution_duration":1640,"uploading_duration":589,"executable":"ellipsoids-openmp","args":["0.dat","036.log","036.xoutput"],"id":42,"resource":"3008","request_start":1576624418880,"request_end":1576624422650,"request_duration":3770,"type":"3008"}
{"start":1576624419282,"end":1576624422626,"duration":3344,"downloading_duration":1090,"execution_duration":1638,"uploading_duration":616,"executable":"ellipsoids-openmp","args":["0.dat","035.log","035.xoutput"],"id":41,"resource":"3008","request_start":1576624418879,"request_end":1576624422662,"request_duration":3783,"type":"3008"}
{"start":1576624419276,"end":1576624422636,"duration":3360,"downloading_duration":1100,"execution_duration":1643,"uploading_duration":617,"executable":"ellipsoids-openmp","args":["0.dat","034.log","034.xoutput"],"id":40,"resource":"3008","request_start":1576624418878,"request_end":1576624422665,"request_duration":3787,"type":"3008"}
{"start":1576624419325,"end":1576624422671,"duration":3346,"downloading_duration":1137,"execution_duration":1643,"uploading_duration":566,"executable":"ellipsoids-openmp","args":["0.dat","01.log","01.xoutput"],"id":7,"resource":"3008","request_start":1576624418890,"request_end":1576624422690,"request_duration":3800,"type":"3008"}
{"start":1576624419328,"end":1576624422675,"duration":3347,"downloading_duration":1073,"execution_duration":1668,"uploading_duration":606,"executable":"ellipsoids-openmp","args":["0.dat","03.log","03.xoutput"],"id":9,"resource":"3008","request_start":1576624418891,"request_end":1576624422695,"request_duration":3804,"type":"3008"}
{"start":1576624419168,"end":1576624422676,"duration":3508,"downloading_duration":1333,"execution_duration":1581,"uploading_duration":594,"executable":"ellipsoids-openmp","args":["0.dat","013.log","013.xoutput"],"id":19,"resource":"3008","request_start":1576624418854,"request_end":1576624422698,"request_duration":3844,"type":"3008"}
{"start":1576624419327,"end":1576624422678,"duration":3351,"downloading_duration":1108,"execution_duration":1652,"uploading_duration":591,"executable":"ellipsoids-openmp","args":["0.dat","00.log","00.xoutput"],"id":6,"resource":"3008","request_start":1576624418889,"request_end":1576624422699,"request_duration":3810,"type":"3008"}
{"start":1576624419161,"end":1576624422702,"duration":3541,"downloading_duration":1005,"execution_duration":1650,"uploading_duration":886,"executable":"ellipsoids-openmp","args":["0.dat","06.log","06.xoutput"],"id":12,"resource":"3008","request_start":1576624418845,"request_end":1576624422722,"request_duration":3877,"type":"3008"}
{"start":1576624419280,"end":1576624422728,"duration":3448,"downloading_duration":1297,"execution_duration":1565,"uploading_duration":586,"executable":"ellipsoids-openmp","args":["0.dat","022.log","022.xoutput"],"id":28,"resource":"3008","request_start":1576624418863,"request_end":1576624422748,"request_duration":3885,"type":"3008"}
{"start":1576624419328,"end":1576624422739,"duration":3411,"downloading_duration":1085,"execution_duration":1663,"uploading_duration":663,"executable":"ellipsoids-openmp","args":["0.dat","043.log","043.xoutput"],"id":49,"resource":"3008","request_start":1576624418887,"request_end":1576624422762,"request_duration":3875,"type":"3008"}
{"start":1576624422346,"end":1576624425339,"duration":2993,"downloading_duration":1045,"execution_duration":1387,"uploading_duration":561,"executable":"ellipsoids-openmp","args":["3.dat","35.log","35.xoutput"],"id":146,"resource":"3008","request_start":1576624418978,"request_end":1576624425360,"request_duration":6382,"type":"3008"}
{"start":1576624422435,"end":1576624425355,"duration":2920,"downloading_duration":995,"execution_duration":1380,"uploading_duration":545,"executable":"ellipsoids-openmp","args":["3.dat","39.log","39.xoutput"],"id":150,"resource":"3008","request_start":1576624418980,"request_end":1576624425375,"request_duration":6395,"type":"3008"}
{"start":1576624422434,"end":1576624425450,"duration":3016,"downloading_duration":1074,"execution_duration":1372,"uploading_duration":570,"executable":"ellipsoids-openmp","args":["3.dat","310.log","310.xoutput"],"id":151,"resource":"3008","request_start":1576624418981,"request_end":1576624425472,"request_duration":6491,"type":"3008"}
{"start":1576624422507,"end":1576624425458,"duration":2951,"downloading_duration":1007,"execution_duration":1396,"uploading_duration":548,"executable":"ellipsoids-openmp","args":["3.dat","317.log","317.xoutput"],"id":158,"resource":"3008","request_start":1576624418985,"request_end":1576624425479,"request_duration":6494,"type":"3008"}
{"start":1576624422484,"end":1576624425459,"duration":2975,"downloading_duration":994,"execution_duration":1384,"uploading_duration":597,"executable":"ellipsoids-openmp","args":["3.dat","315.log","315.xoutput"],"id":156,"resource":"3008","request_start":1576624418984,"request_end":1576624425481,"request_duration":6497,"type":"3008"}
{"start":1576624422462,"end":1576624425499,"duration":3037,"downloading_duration":994,"execution_duration":1433,"uploading_duration":610,"executable":"ellipsoids-openmp","args":["3.dat","312.log","312.xoutput"],"id":153,"resource":"3008","request_start":1576624418982,"request_end":1576624425557,"request_duration":6575,"type":"3008"}
{"start":1576624422431,"end":1576624425534,"duration":3103,"downloading_duration":1078,"execution_duration":1456,"uploading_duration":569,"executable":"ellipsoids-openmp","args":["3.dat","38.log","38.xoutput"],"id":149,"resource":"3008","request_start":1576624418980,"request_end":1576624425562,"request_duration":6582,"type":"3008"}
{"start":1576624422413,"end":1576624425546,"duration":3133,"downloading_duration":1000,"execution_duration":1459,"uploading_duration":674,"executable":"ellipsoids-openmp","args":["3.dat","37.log","37.xoutput"],"id":148,"resource":"3008","request_start":1576624418979,"request_end":1576624425570,"request_duration":6591,"type":"3008"}
{"start":1576624422551,"end":1576624425554,"duration":3003,"downloading_duration":1080,"execution_duration":1337,"uploading_duration":586,"executable":"ellipsoids-openmp","args":["3.dat","322.log","322.xoutput"],"id":163,"resource":"3008","request_start":1576624418988,"request_end":1576624425640,"request_duration":6652,"type":"3008"}
{"start":1576624422483,"end":1576624425556,"duration":3073,"downloading_duration":1001,"execution_duration":1441,"uploading_duration":631,"executable":"ellipsoids-openmp","args":["3.dat","313.log","313.xoutput"],"id":154,"resource":"3008","request_start":1576624418983,"request_end":1576624425642,"request_duration":6659,"type":"3008"}
{"start":1576624422449,"end":1576624425559,"duration":3110,"downloading_duration":1022,"execution_duration":1457,"uploading_duration":631,"executable":"ellipsoids-openmp","args":["3.dat","36.log","36.xoutput"],"id":147,"resource":"3008","request_start":1576624418979,"request_end":1576624425644,"request_duration":6665,"type":"3008"}
{"start":1576624422569,"end":1576624425561,"duration":2992,"downloading_duration":992,"execution_duration":1435,"uploading_duration":565,"executable":"ellipsoids-openmp","args":["3.dat","325.log","325.xoutput"],"id":166,"resource":"3008","request_start":1576624418989,"request_end":1576624425647,"request_duration":6658,"type":"3008"}
{"start":1576624422515,"end":1576624425565,"duration":3050,"downloading_duration":1011,"execution_duration":1440,"uploading_duration":599,"executable":"ellipsoids-openmp","args":["3.dat","318.log","318.xoutput"],"id":159,"resource":"3008","request_start":1576624418986,"request_end":1576624425649,"request_duration":6663,"type":"3008"}
{"start":1576624422568,"end":1576624425586,"duration":3018,"downloading_duration":1026,"execution_duration":1425,"uploading_duration":567,"executable":"ellipsoids-openmp","args":["3.dat","326.log","326.xoutput"],"id":167,"resource":"3008","request_start":1576624418990,"request_end":1576624425650,"request_duration":6660,"type":"3008"}
{"start":1576624422545,"end":1576624425592,"duration":3047,"downloading_duration":1072,"execution_duration":1399,"uploading_duration":576,"executable":"ellipsoids-openmp","args":["3.dat","321.log","321.xoutput"],"id":162,"resource":"3008","request_start":1576624418987,"request_end":1576624425652,"request_duration":6665,"type":"3008"}
{"start":1576624422540,"end":1576624425606,"duration":3066,"downloading_duration":1098,"execution_duration":1405,"uploading_duration":563,"executable":"ellipsoids-openmp","args":["3.dat","320.log","320.xoutput"],"id":161,"resource":"3008","request_start":1576624418987,"request_end":1576624425657,"request_duration":6670,"type":"3008"}
{"start":1576624422486,"end":1576624425615,"duration":3129,"downloading_duration":1164,"execution_duration":1389,"uploading_duration":576,"executable":"ellipsoids-openmp","args":["3.dat","316.log","316.xoutput"],"id":157,"resource":"3008","request_start":1576624418984,"request_end":1576624425660,"request_duration":6676,"type":"3008"}
{"start":1576624422554,"end":1576624425624,"duration":3070,"downloading_duration":995,"execution_duration":1451,"uploading_duration":624,"executable":"ellipsoids-openmp","args":["3.dat","323.log","323.xoutput"],"id":164,"resource":"3008","request_start":1576624418988,"request_end":1576624425669,"request_duration":6681,"type":"3008"}
{"start":1576624422441,"end":1576624425632,"duration":3191,"downloading_duration":1098,"execution_duration":1458,"uploading_duration":635,"executable":"ellipsoids-openmp","args":["3.dat","311.log","311.xoutput"],"id":152,"resource":"3008","request_start":1576624418982,"request_end":1576624425672,"request_duration":6690,"type":"3008"}
{"start":1576624422523,"end":1576624425650,"duration":3127,"downloading_duration":1109,"execution_duration":1461,"uploading_duration":557,"executable":"ellipsoids-openmp","args":["3.dat","319.log","319.xoutput"],"id":160,"resource":"3008","request_start":1576624418986,"request_end":1576624425675,"request_duration":6689,"type":"3008"}
{"start":1576624422618,"end":1576624425654,"duration":3036,"downloading_duration":1002,"execution_duration":1458,"uploading_duration":576,"executable":"ellipsoids-openmp","args":["3.dat","333.log","333.xoutput"],"id":174,"resource":"3008","request_start":1576624418994,"request_end":1576624425677,"request_duration":6683,"type":"3008"}
{"start":1576624422696,"end":1576624425654,"duration":2958,"downloading_duration":997,"execution_duration":1394,"uploading_duration":567,"executable":"ellipsoids-openmp","args":["1.dat","12.log","12.xoutput"],"id":53,"resource":"3008","request_start":1576624419047,"request_end":1576624425682,"request_duration":6635,"type":"3008"}
{"start":1576624422602,"end":1576624425658,"duration":3056,"downloading_duration":993,"execution_duration":1458,"uploading_duration":605,"executable":"ellipsoids-openmp","args":["3.dat","329.log","329.xoutput"],"id":170,"resource":"3008","request_start":1576624418992,"request_end":1576624425767,"request_duration":6775,"type":"3008"}
{"start":1576624422631,"end":1576624425665,"duration":3034,"downloading_duration":996,"execution_duration":1448,"uploading_duration":590,"executable":"ellipsoids-openmp","args":["3.dat","335.log","335.xoutput"],"id":176,"resource":"3008","request_start":1576624418995,"request_end":1576624425771,"request_duration":6776,"type":"3008"}
{"start":1576624422630,"end":1576624425679,"duration":3049,"downloading_duration":1067,"execution_duration":1397,"uploading_duration":585,"executable":"ellipsoids-openmp","args":["3.dat","337.log","337.xoutput"],"id":178,"resource":"3008","request_start":1576624418996,"request_end":1576624425774,"request_duration":6778,"type":"3008"}
{"start":1576624422646,"end":1576624425686,"duration":3040,"downloading_duration":996,"execution_duration":1460,"uploading_duration":584,"executable":"ellipsoids-openmp","args":["3.dat","338.log","338.xoutput"],"id":179,"resource":"3008","request_start":1576624418996,"request_end":1576624425777,"request_duration":6781,"type":"3008"}
{"start":1576624422659,"end":1576624425687,"duration":3028,"downloading_duration":1062,"execution_duration":1408,"uploading_duration":558,"executable":"ellipsoids-openmp","args":["3.dat","342.log","342.xoutput"],"id":183,"resource":"3008","request_start":1576624418999,"request_end":1576624425780,"request_duration":6781,"type":"3008"}
{"start":1576624422565,"end":1576624425690,"duration":3125,"downloading_duration":1096,"execution_duration":1444,"uploading_duration":585,"executable":"ellipsoids-openmp","args":["3.dat","324.log","324.xoutput"],"id":165,"resource":"3008","request_start":1576624418989,"request_end":1576624425782,"request_duration":6793,"type":"3008"}
{"start":1576624422618,"end":1576624425690,"duration":3072,"downloading_duration":1067,"execution_duration":1423,"uploading_duration":582,"executable":"ellipsoids-openmp","args":["3.dat","332.log","332.xoutput"],"id":173,"resource":"3008","request_start":1576624418993,"request_end":1576624425785,"request_duration":6792,"type":"3008"}
{"start":1576624422690,"end":1576624425699,"duration":3009,"downloading_duration":990,"execution_duration":1409,"uploading_duration":610,"executable":"ellipsoids-openmp","args":["1.dat","11.log","11.xoutput"],"id":52,"resource":"3008","request_start":1576624419046,"request_end":1576624425787,"request_duration":6741,"type":"3008"}
{"start":1576624422629,"end":1576624425704,"duration":3075,"downloading_duration":1067,"execution_duration":1455,"uploading_duration":553,"executable":"ellipsoids-openmp","args":["3.dat","336.log","336.xoutput"],"id":177,"resource":"3008","request_start":1576624418995,"request_end":1576624425790,"request_duration":6795,"type":"3008"}
{"start":1576624422608,"end":1576624425728,"duration":3120,"downloading_duration":1085,"execution_duration":1422,"uploading_duration":613,"executable":"ellipsoids-openmp","args":["3.dat","331.log","331.xoutput"],"id":172,"resource":"3008","request_start":1576624418993,"request_end":1576624425792,"request_duration":6799,"type":"3008"}
{"start":1576624422581,"end":1576624425734,"duration":3153,"downloading_duration":1073,"execution_duration":1481,"uploading_duration":599,"executable":"ellipsoids-openmp","args":["3.dat","327.log","327.xoutput"],"id":168,"resource":"3008","request_start":1576624418991,"request_end":1576624425795,"request_duration":6804,"type":"3008"}
{"start":1576624422624,"end":1576624425739,"duration":3115,"downloading_duration":1074,"execution_duration":1443,"uploading_duration":598,"executable":"ellipsoids-openmp","args":["3.dat","334.log","334.xoutput"],"id":175,"resource":"3008","request_start":1576624418994,"request_end":1576624425796,"request_duration":6802,"type":"3008"}
{"start":1576624422728,"end":1576624425743,"duration":3015,"downloading_duration":1072,"execution_duration":1382,"uploading_duration":561,"executable":"ellipsoids-openmp","args":["1.dat","15.log","15.xoutput"],"id":56,"resource":"3008","request_start":1576624419050,"request_end":1576624425797,"request_duration":6747,"type":"3008"}
{"start":1576624422650,"end":1576624425745,"duration":3095,"downloading_duration":1030,"execution_duration":1476,"uploading_duration":589,"executable":"ellipsoids-openmp","args":["3.dat","339.log","339.xoutput"],"id":180,"resource":"3008","request_start":1576624418997,"request_end":1576624425798,"request_duration":6801,"type":"3008"}
{"start":1576624422586,"end":1576624425748,"duration":3162,"downloading_duration":1159,"execution_duration":1406,"uploading_duration":597,"executable":"ellipsoids-openmp","args":["3.dat","328.log","328.xoutput"],"id":169,"resource":"3008","request_start":1576624418991,"request_end":1576624425799,"request_duration":6808,"type":"3008"}
{"start":1576624422677,"end":1576624425754,"duration":3077,"downloading_duration":1063,"execution_duration":1423,"uploading_duration":591,"executable":"ellipsoids-openmp","args":["1.dat","10.log","10.xoutput"],"id":51,"resource":"3008","request_start":1576624419045,"request_end":1576624425802,"request_duration":6757,"type":"3008"}
{"start":1576624422605,"end":1576624425769,"duration":3164,"downloading_duration":1079,"execution_duration":1409,"uploading_duration":676,"executable":"ellipsoids-openmp","args":["3.dat","330.log","330.xoutput"],"id":171,"resource":"3008","request_start":1576624418992,"request_end":1576624425804,"request_duration":6812,"type":"3008"}
{"start":1576624422726,"end":1576624425774,"duration":3048,"downloading_duration":1033,"execution_duration":1418,"uploading_duration":597,"executable":"ellipsoids-openmp","args":["1.dat","16.log","16.xoutput"],"id":57,"resource":"3008","request_start":1576624419055,"request_end":1576624425827,"request_duration":6772,"type":"3008"}
{"start":1576624422714,"end":1576624425782,"duration":3068,"downloading_duration":1066,"execution_duration":1434,"uploading_duration":568,"executable":"ellipsoids-openmp","args":["1.dat","13.log","13.xoutput"],"id":54,"resource":"3008","request_start":1576624419048,"request_end":1576624425827,"request_duration":6779,"type":"3008"}
{"start":1576624422746,"end":1576624425808,"duration":3062,"downloading_duration":1127,"execution_duration":1374,"uploading_duration":561,"executable":"ellipsoids-openmp","args":["1.dat","17.log","17.xoutput"],"id":58,"resource":"3008","request_start":1576624419056,"request_end":1576624425831,"request_duration":6775,"type":"3008"}
{"start":1576624422653,"end":1576624425811,"duration":3158,"downloading_duration":1079,"execution_duration":1406,"uploading_duration":673,"executable":"ellipsoids-openmp","args":["3.dat","341.log","341.xoutput"],"id":182,"resource":"3008","request_start":1576624418998,"request_end":1576624425833,"request_duration":6835,"type":"3008"}
{"start":1576624422671,"end":1576624425821,"duration":3150,"downloading_duration":1006,"execution_duration":1492,"uploading_duration":652,"executable":"ellipsoids-openmp","args":["3.dat","343.log","343.xoutput"],"id":184,"resource":"3008","request_start":1576624418999,"request_end":1576624425867,"request_duration":6868,"type":"3008"}
{"start":1576624422723,"end":1576624425835,"duration":3112,"downloading_duration":1081,"execution_duration":1447,"uploading_duration":584,"executable":"ellipsoids-openmp","args":["1.dat","14.log","14.xoutput"],"id":55,"resource":"3008","request_start":1576624419049,"request_end":1576624425874,"request_duration":6825,"type":"3008"}
{"start":1576624422788,"end":1576624425846,"duration":3058,"downloading_duration":1032,"execution_duration":1473,"uploading_duration":553,"executable":"ellipsoids-openmp","args":["1.dat","19.log","19.xoutput"],"id":60,"resource":"3008","request_start":1576624419057,"request_end":1576624425879,"request_duration":6822,"type":"3008"}
{"start":1576624422652,"end":1576624425858,"duration":3206,"downloading_duration":1172,"execution_duration":1468,"uploading_duration":566,"executable":"ellipsoids-openmp","args":["3.dat","340.log","340.xoutput"],"id":181,"resource":"3008","request_start":1576624418998,"request_end":1576624425887,"request_duration":6889,"type":"3008"}
{"start":1576624422779,"end":1576624425866,"duration":3087,"downloading_duration":1093,"execution_duration":1379,"uploading_duration":615,"executable":"ellipsoids-openmp","args":["1.dat","18.log","18.xoutput"],"id":59,"resource":"3008","request_start":1576624419056,"request_end":1576624425893,"request_duration":6837,"type":"3008"}
{"start":1576624422677,"end":1576624426212,"duration":3535,"downloading_duration":1039,"execution_duration":1368,"uploading_duration":1128,"executable":"ellipsoids-openmp","args":["3.dat","344.log","344.xoutput"],"id":185,"resource":"3008","request_start":1576624419000,"request_end":1576624426233,"request_duration":7233,"type":"3008"}
{"start":1576624422486,"end":1576624426536,"duration":4050,"downloading_duration":1002,"execution_duration":1437,"uploading_duration":1611,"executable":"ellipsoids-openmp","args":["3.dat","314.log","314.xoutput"],"id":155,"resource":"3008","request_start":1576624418983,"request_end":1576624426555,"request_duration":7572,"type":"3008"}
{"start":1576624425386,"end":1576624428435,"duration":3049,"downloading_duration":988,"execution_duration":1479,"uploading_duration":582,"executable":"ellipsoids-openmp","args":["1.dat","110.log","110.xoutput"],"id":61,"resource":"3008","request_start":1576624419058,"request_end":1576624428454,"request_duration":9396,"type":"3008"}
{"start":1576624425504,"end":1576624428450,"duration":2946,"downloading_duration":986,"execution_duration":1404,"uploading_duration":556,"executable":"ellipsoids-openmp","args":["1.dat","113.log","113.xoutput"],"id":64,"resource":"3008","request_start":1576624419060,"request_end":1576624428471,"request_duration":9411,"type":"3008"}
{"start":1576624425400,"end":1576624428454,"duration":3054,"downloading_duration":1077,"execution_duration":1420,"uploading_duration":557,"executable":"ellipsoids-openmp","args":["1.dat","111.log","111.xoutput"],"id":62,"resource":"3008","request_start":1576624419058,"request_end":1576624428473,"request_duration":9415,"type":"3008"}
{"start":1576624425511,"end":1576624428513,"duration":3002,"downloading_duration":1034,"execution_duration":1389,"uploading_duration":579,"executable":"ellipsoids-openmp","args":["1.dat","114.log","114.xoutput"],"id":65,"resource":"3008","request_start":1576624419060,"request_end":1576624428531,"request_duration":9471,"type":"3008"}
{"start":1576624425679,"end":1576624428632,"duration":2953,"downloading_duration":979,"execution_duration":1387,"uploading_duration":587,"executable":"ellipsoids-openmp","args":["1.dat","120.log","120.xoutput"],"id":71,"resource":"3008","request_start":1576624419064,"request_end":1576624428652,"request_duration":9588,"type":"3008"}
{"start":1576624425592,"end":1576624428644,"duration":3052,"downloading_duration":1015,"execution_duration":1448,"uploading_duration":589,"executable":"ellipsoids-openmp","args":["1.dat","116.log","116.xoutput"],"id":67,"resource":"3008","request_start":1576624419062,"request_end":1576624428664,"request_duration":9602,"type":"3008"}
{"start":1576624425682,"end":1576624428682,"duration":3000,"downloading_duration":1001,"execution_duration":1418,"uploading_duration":581,"executable":"ellipsoids-openmp","args":["1.dat","123.log","123.xoutput"],"id":74,"resource":"3008","request_start":1576624419066,"request_end":1576624428701,"request_duration":9635,"type":"3008"}
{"start":1576624425582,"end":1576624428704,"duration":3122,"downloading_duration":1040,"execution_duration":1444,"uploading_duration":638,"executable":"ellipsoids-openmp","args":["1.dat","115.log","115.xoutput"],"id":66,"resource":"3008","request_start":1576624419061,"request_end":1576624428722,"request_duration":9661,"type":"3008"}
{"start":1576624425678,"end":1576624428725,"duration":3047,"downloading_duration":991,"execution_duration":1491,"uploading_duration":565,"executable":"ellipsoids-openmp","args":["1.dat","119.log","119.xoutput"],"id":70,"resource":"3008","request_start":1576624419064,"request_end":1576624428745,"request_duration":9681,"type":"3008"}
{"start":1576624425701,"end":1576624428734,"duration":3033,"downloading_duration":981,"execution_duration":1490,"uploading_duration":562,"executable":"ellipsoids-openmp","args":["1.dat","129.log","129.xoutput"],"id":80,"resource":"3008","request_start":1576624419069,"request_end":1576624428754,"request_duration":9685,"type":"3008"}
{"start":1576624425595,"end":1576624428740,"duration":3145,"downloading_duration":1099,"execution_duration":1459,"uploading_duration":587,"executable":"ellipsoids-openmp","args":["1.dat","117.log","117.xoutput"],"id":68,"resource":"3008","request_start":1576624419062,"request_end":1576624428760,"request_duration":9698,"type":"3008"}
{"start":1576624425506,"end":1576624428743,"duration":3237,"downloading_duration":1170,"execution_duration":1457,"uploading_duration":610,"executable":"ellipsoids-openmp","args":["1.dat","112.log","112.xoutput"],"id":63,"resource":"3008","request_start":1576624419059,"request_end":1576624428762,"request_duration":9703,"type":"3008"}
{"start":1576624425679,"end":1576624428746,"duration":3067,"downloading_duration":999,"execution_duration":1465,"uploading_duration":603,"executable":"ellipsoids-openmp","args":["1.dat","121.log","121.xoutput"],"id":72,"resource":"3008","request_start":1576624419065,"request_end":1576624428768,"request_duration":9703,"type":"3008"}
{"start":1576624425681,"end":1576624428765,"duration":3084,"downloading_duration":1085,"execution_duration":1431,"uploading_duration":568,"executable":"ellipsoids-openmp","args":["1.dat","122.log","122.xoutput"],"id":73,"resource":"3008","request_start":1576624419065,"request_end":1576624428785,"request_duration":9720,"type":"3008"}
{"start":1576624425701,"end":1576624428780,"duration":3079,"downloading_duration":1035,"execution_duration":1437,"uploading_duration":607,"executable":"ellipsoids-openmp","args":["1.dat","128.log","128.xoutput"],"id":79,"resource":"3008","request_start":1576624419069,"request_end":1576624428799,"request_duration":9730,"type":"3008"}
{"start":1576624425713,"end":1576624428787,"duration":3074,"downloading_duration":991,"execution_duration":1507,"uploading_duration":576,"executable":"ellipsoids-openmp","args":["1.dat","131.log","131.xoutput"],"id":82,"resource":"3008","request_start":1576624419070,"request_end":1576624428806,"request_duration":9736,"type":"3008"}
{"start":1576624425705,"end":1576624428818,"duration":3113,"downloading_duration":1046,"execution_duration":1477,"uploading_duration":590,"executable":"ellipsoids-openmp","args":["1.dat","130.log","130.xoutput"],"id":81,"resource":"3008","request_start":1576624419070,"request_end":1576624428837,"request_duration":9767,"type":"3008"}
{"start":1576624425834,"end":1576624428830,"duration":2996,"downloading_duration":997,"execution_duration":1415,"uploading_duration":584,"executable":"ellipsoids-openmp","args":["1.dat","140.log","140.xoutput"],"id":91,"resource":"3008","request_start":1576624419075,"request_end":1576624428852,"request_duration":9777,"type":"3008"}
{"start":1576624425827,"end":1576624428832,"duration":3005,"downloading_duration":995,"execution_duration":1423,"uploading_duration":587,"executable":"ellipsoids-openmp","args":["1.dat","137.log","137.xoutput"],"id":88,"resource":"3008","request_start":1576624419074,"request_end":1576624428854,"request_duration":9780,"type":"3008"}
{"start":1576624425678,"end":1576624428836,"duration":3158,"downloading_duration":1072,"execution_duration":1487,"uploading_duration":599,"executable":"ellipsoids-openmp","args":["1.dat","118.log","118.xoutput"],"id":69,"resource":"3008","request_start":1576624419063,"request_end":1576624428857,"request_duration":9794,"type":"3008"}
{"start":1576624425687,"end":1576624428839,"duration":3152,"downloading_duration":1075,"execution_duration":1479,"uploading_duration":598,"executable":"ellipsoids-openmp","args":["1.dat","126.log","126.xoutput"],"id":77,"resource":"3008","request_start":1576624419068,"request_end":1576624428865,"request_duration":9797,"type":"3008"}
{"start":1576624425695,"end":1576624428848,"duration":3153,"downloading_duration":1104,"execution_duration":1460,"uploading_duration":589,"executable":"ellipsoids-openmp","args":["1.dat","127.log","127.xoutput"],"id":78,"resource":"3008","request_start":1576624419068,"request_end":1576624428868,"request_duration":9800,"type":"3008"}
{"start":1576624425826,"end":1576624428849,"duration":3023,"downloading_duration":985,"execution_duration":1449,"uploading_duration":589,"executable":"ellipsoids-openmp","args":["1.dat","135.log","135.xoutput"],"id":86,"resource":"3008","request_start":1576624419072,"request_end":1576624428871,"request_duration":9799,"type":"3008"}
{"start":1576624425839,"end":1576624428854,"duration":3015,"downloading_duration":988,"execution_duration":1453,"uploading_duration":574,"executable":"ellipsoids-openmp","args":["1.dat","143.log","143.xoutput"],"id":94,"resource":"3008","request_start":1576624419077,"request_end":1576624428874,"request_duration":9797,"type":"3008"}
{"start":1576624425826,"end":1576624428860,"duration":3034,"downloading_duration":1005,"execution_duration":1441,"uploading_duration":588,"executable":"ellipsoids-openmp","args":["1.dat","136.log","136.xoutput"],"id":87,"resource":"3008","request_start":1576624419073,"request_end":1576624428881,"request_duration":9808,"type":"3008"}
{"start":1576624425835,"end":1576624428892,"duration":3057,"downloading_duration":1032,"execution_duration":1470,"uploading_duration":555,"executable":"ellipsoids-openmp","args":["1.dat","141.log","141.xoutput"],"id":92,"resource":"3008","request_start":1576624419076,"request_end":1576624428910,"request_duration":9834,"type":"3008"}
{"start":1576624425829,"end":1576624428897,"duration":3068,"downloading_duration":1001,"execution_duration":1488,"uploading_duration":579,"executable":"ellipsoids-openmp","args":["1.dat","139.log","139.xoutput"],"id":90,"resource":"3008","request_start":1576624419075,"request_end":1576624428916,"request_duration":9841,"type":"3008"}
{"start":1576624425823,"end":1576624428909,"duration":3086,"downloading_duration":1010,"execution_duration":1485,"uploading_duration":591,"executable":"ellipsoids-openmp","args":["1.dat","133.log","133.xoutput"],"id":84,"resource":"3008","request_start":1576624419071,"request_end":1576624428932,"request_duration":9861,"type":"3008"}
{"start":1576624425682,"end":1576624428921,"duration":3239,"downloading_duration":1080,"execution_duration":1506,"uploading_duration":653,"executable":"ellipsoids-openmp","args":["1.dat","125.log","125.xoutput"],"id":76,"resource":"3008","request_start":1576624419067,"request_end":1576624428941,"request_duration":9874,"type":"3008"}
{"start":1576624425845,"end":1576624428918,"duration":3073,"downloading_duration":1039,"execution_duration":1470,"uploading_duration":564,"executable":"ellipsoids-openmp","args":["2.dat","26.log","26.xoutput"],"id":102,"resource":"3008","request_start":1576624419094,"request_end":1576624428950,"request_duration":9856,"type":"3008"}
{"start":1576624425833,"end":1576624428930,"duration":3097,"downloading_duration":992,"execution_duration":1479,"uploading_duration":626,"executable":"ellipsoids-openmp","args":["1.dat","142.log","142.xoutput"],"id":93,"resource":"3008","request_start":1576624419076,"request_end":1576624428952,"request_duration":9876,"type":"3008"}
{"start":1576624425869,"end":1576624428946,"duration":3077,"downloading_duration":996,"execution_duration":1482,"uploading_duration":599,"executable":"ellipsoids-openmp","args":["2.dat","29.log","29.xoutput"],"id":105,"resource":"3008","request_start":1576624419096,"request_end":1576624428967,"request_duration":9871,"type":"3008"}
{"start":1576624425868,"end":1576624428964,"duration":3096,"downloading_duration":1067,"execution_duration":1455,"uploading_duration":574,"executable":"ellipsoids-openmp","args":["2.dat","211.log","211.xoutput"],"id":107,"resource":"3008","request_start":1576624419097,"request_end":1576624428984,"request_duration":9887,"type":"3008"}
{"start":1576624425827,"end":1576624428966,"duration":3139,"downloading_duration":1091,"execution_duration":1455,"uploading_duration":593,"executable":"ellipsoids-openmp","args":["1.dat","134.log","134.xoutput"],"id":85,"resource":"3008","request_start":1576624419072,"request_end":1576624428986,"request_duration":9914,"type":"3008"}
{"start":1576624425859,"end":1576624429018,"duration":3159,"downloading_duration":1052,"execution_duration":1490,"uploading_duration":617,"executable":"ellipsoids-openmp","args":["2.dat","28.log","28.xoutput"],"id":104,"resource":"3008","request_start":1576624419095,"request_end":1576624429042,"request_duration":9947,"type":"3008"}
{"start":1576624425899,"end":1576624429024,"duration":3125,"downloading_duration":1092,"execution_duration":1464,"uploading_duration":569,"executable":"ellipsoids-openmp","args":["2.dat","212.log","212.xoutput"],"id":108,"resource":"3008","request_start":1576624419097,"request_end":1576624429044,"request_duration":9947,"type":"3008"}
{"start":1576624425929,"end":1576624429036,"duration":3107,"downloading_duration":1053,"execution_duration":1493,"uploading_duration":561,"executable":"ellipsoids-openmp","args":["2.dat","216.log","216.xoutput"],"id":112,"resource":"3008","request_start":1576624419100,"request_end":1576624429054,"request_duration":9954,"type":"3008"}
{"start":1576624425843,"end":1576624429063,"duration":3220,"downloading_duration":1091,"execution_duration":1568,"uploading_duration":561,"executable":"ellipsoids-openmp","args":["2.dat","25.log","25.xoutput"],"id":101,"resource":"3008","request_start":1576624419094,"request_end":1576624429081,"request_duration":9987,"type":"3008"}
{"start":1576624425868,"end":1576624429072,"duration":3204,"downloading_duration":1076,"execution_duration":1528,"uploading_duration":600,"executable":"ellipsoids-openmp","args":["2.dat","210.log","210.xoutput"],"id":106,"resource":"3008","request_start":1576624419096,"request_end":1576624429089,"request_duration":9993,"type":"3008"}
{"start":1576624425842,"end":1576624429075,"duration":3233,"downloading_duration":1061,"execution_duration":1569,"uploading_duration":603,"executable":"ellipsoids-openmp","args":["2.dat","24.log","24.xoutput"],"id":100,"resource":"3008","request_start":1576624419093,"request_end":1576624429098,"request_duration":10005,"type":"3008"}
{"start":1576624425845,"end":1576624429079,"duration":3234,"downloading_duration":1152,"execution_duration":1494,"uploading_duration":588,"executable":"ellipsoids-openmp","args":["2.dat","27.log","27.xoutput"],"id":103,"resource":"3008","request_start":1576624419095,"request_end":1576624429101,"request_duration":10006,"type":"3008"}
{"start":1576624425913,"end":1576624429107,"duration":3194,"downloading_duration":1118,"execution_duration":1521,"uploading_duration":555,"executable":"ellipsoids-openmp","args":["2.dat","215.log","215.xoutput"],"id":111,"resource":"3008","request_start":1576624419099,"request_end":1576624429126,"request_duration":10027,"type":"3008"}
{"start":1576624425831,"end":1576624429127,"duration":3296,"downloading_duration":1069,"execution_duration":1443,"uploading_duration":784,"executable":"ellipsoids-openmp","args":["1.dat","138.log","138.xoutput"],"id":89,"resource":"3008","request_start":1576624419074,"request_end":1576624429151,"request_duration":10077,"type":"3008"}
{"start":1576624425903,"end":1576624429142,"duration":3239,"downloading_duration":1170,"execution_duration":1460,"uploading_duration":609,"executable":"ellipsoids-openmp","args":["2.dat","213.log","213.xoutput"],"id":109,"resource":"3008","request_start":1576624419098,"request_end":1576624429165,"request_duration":10067,"type":"3008"}
{"start":1576624425825,"end":1576624429190,"duration":3365,"downloading_duration":1080,"execution_duration":1472,"uploading_duration":813,"executable":"ellipsoids-openmp","args":["1.dat","132.log","132.xoutput"],"id":83,"resource":"3008","request_start":1576624419071,"request_end":1576624429209,"request_duration":10138,"type":"3008"}
{"start":1576624425838,"end":1576624429204,"duration":3366,"downloading_duration":1007,"execution_duration":1422,"uploading_duration":937,"executable":"ellipsoids-openmp","args":["1.dat","144.log","144.xoutput"],"id":95,"resource":"3008","request_start":1576624419077,"request_end":1576624429222,"request_duration":10145,"type":"3008"}
{"start":1576624426265,"end":1576624429404,"duration":3139,"downloading_duration":1032,"execution_duration":1513,"uploading_duration":594,"executable":"ellipsoids-openmp","args":["2.dat","217.log","217.xoutput"],"id":113,"resource":"3008","request_start":1576624419100,"request_end":1576624429501,"request_duration":10401,"type":"3008"}
{"start":1576624425685,"end":1576624429441,"duration":3756,"downloading_duration":1756,"execution_duration":1441,"uploading_duration":559,"executable":"ellipsoids-openmp","args":["1.dat","124.log","124.xoutput"],"id":75,"resource":"3008","request_start":1576624419066,"request_end":1576624429506,"request_duration":10440,"type":"3008"}
{"start":1576624425906,"end":1576624429519,"duration":3613,"downloading_duration":1150,"execution_duration":1581,"uploading_duration":882,"executable":"ellipsoids-openmp","args":["2.dat","214.log","214.xoutput"],"id":110,"resource":"3008","request_start":1576624419099,"request_end":1576624429551,"request_duration":10452,"type":"3008"}
{"start":1576624426579,"end":1576624429725,"duration":3146,"downloading_duration":1011,"execution_duration":1527,"uploading_duration":608,"executable":"ellipsoids-openmp","args":["2.dat","218.log","218.xoutput"],"id":114,"resource":"3008","request_start":1576624419101,"request_end":1576624429745,"request_duration":10644,"type":"3008"}
{"start":1576624428981,"end":1576624430495,"duration":1514,"downloading_duration":1132,"execution_duration":3,"uploading_duration":379,"executable":"mean-pack-ell","args":["00.xoutput","01.xoutput","02.xoutput","03.xoutput","04.xoutput","05.xoutput","06.xoutput","07.xoutput","08.xoutput","09.xoutput","010.xoutput","011.xoutput","012.xoutput","013.xoutput","014.xoutput","015.xoutput","016.xoutput","017.xoutput","018.xoutput","019.xoutput","020.xoutput","021.xoutput","022.xoutput","023.xoutput","024.xoutput","025.xoutput","026.xoutput","027.xoutput","028.xoutput","029.xoutput","030.xoutput","031.xoutput","032.xoutput","033.xoutput","034.xoutput","035.xoutput","036.xoutput","037.xoutput","038.xoutput","039.xoutput","040.xoutput","041.xoutput","042.xoutput","043.xoutput","044.xoutput","average_0.txt"],"id":186,"resource":"3008","request_start":1576624422767,"request_end":1576624430517,"request_duration":7750,"type":"3008"}
{"start":1576624428999,"end":1576624430673,"duration":1674,"downloading_duration":1127,"execution_duration":21,"uploading_duration":526,"executable":"mean-pack-ell","args":["30.xoutput","31.xoutput","32.xoutput","33.xoutput","34.xoutput","35.xoutput","36.xoutput","37.xoutput","38.xoutput","39.xoutput","310.xoutput","311.xoutput","312.xoutput","313.xoutput","314.xoutput","315.xoutput","316.xoutput","317.xoutput","318.xoutput","319.xoutput","320.xoutput","321.xoutput","322.xoutput","323.xoutput","324.xoutput","325.xoutput","326.xoutput","327.xoutput","328.xoutput","329.xoutput","330.xoutput","331.xoutput","332.xoutput","333.xoutput","334.xoutput","335.xoutput","336.xoutput","337.xoutput","338.xoutput","339.xoutput","340.xoutput","341.xoutput","342.xoutput","343.xoutput","344.xoutput","average_3.txt"],"id":189,"resource":"3008","request_start":1576624426571,"request_end":1576624430692,"request_duration":4121,"type":"3008"}
{"start":1576624429711,"end":1576624431280,"duration":1569,"downloading_duration":1137,"execution_duration":21,"uploading_duration":411,"executable":"mean-pack-ell","args":["10.xoutput","11.xoutput","12.xoutput","13.xoutput","14.xoutput","15.xoutput","16.xoutput","17.xoutput","18.xoutput","19.xoutput","110.xoutput","111.xoutput","112.xoutput","113.xoutput","114.xoutput","115.xoutput","116.xoutput","117.xoutput","118.xoutput","119.xoutput","120.xoutput","121.xoutput","122.xoutput","123.xoutput","124.xoutput","125.xoutput","126.xoutput","127.xoutput","128.xoutput","129.xoutput","130.xoutput","131.xoutput","132.xoutput","133.xoutput","134.xoutput","135.xoutput","136.xoutput","137.xoutput","138.xoutput","139.xoutput","140.xoutput","141.xoutput","142.xoutput","143.xoutput","144.xoutput","average_1.txt"],"id":187,"resource":"3008","request_start":1576624429512,"request_end":1576624431303,"request_duration":1791,"type":"3008"}
{"start":1576624428494,"end":1576624431723,"duration":3229,"downloading_duration":1023,"execution_duration":1589,"uploading_duration":617,"executable":"ellipsoids-openmp","args":["2.dat","220.log","220.xoutput"],"id":116,"resource":"3008","request_start":1576624419102,"request_end":1576624431742,"request_duration":12640,"type":"3008"}
{"start":1576624428503,"end":1576624431789,"duration":3286,"downloading_duration":1092,"execution_duration":1630,"uploading_duration":564,"executable":"ellipsoids-openmp","args":["2.dat","221.log","221.xoutput"],"id":117,"resource":"3008","request_start":1576624419102,"request_end":1576624431812,"request_duration":12710,"type":"3008"}
{"start":1576624428482,"end":1576624431835,"duration":3353,"downloading_duration":1219,"execution_duration":1552,"uploading_duration":582,"executable":"ellipsoids-openmp","args":["2.dat","219.log","219.xoutput"],"id":115,"resource":"3008","request_start":1576624419101,"request_end":1576624431855,"request_duration":12754,"type":"3008"}
{"start":1576624428558,"end":1576624431852,"duration":3294,"downloading_duration":1071,"execution_duration":1624,"uploading_duration":599,"executable":"ellipsoids-openmp","args":["2.dat","222.log","222.xoutput"],"id":118,"resource":"3008","request_start":1576624419103,"request_end":1576624431871,"request_duration":12768,"type":"3008"}
{"start":1576624428728,"end":1576624431938,"duration":3210,"downloading_duration":1010,"execution_duration":1647,"uploading_duration":553,"executable":"ellipsoids-openmp","args":["2.dat","225.log","225.xoutput"],"id":121,"resource":"3008","request_start":1576624419104,"request_end":1576624431957,"request_duration":12853,"type":"3008"}
{"start":1576624428687,"end":1576624431945,"duration":3258,"downloading_duration":979,"execution_duration":1594,"uploading_duration":685,"executable":"ellipsoids-openmp","args":["2.dat","224.log","224.xoutput"],"id":120,"resource":"3008","request_start":1576624419104,"request_end":1576624431964,"request_duration":12860,"type":"3008"}
{"start":1576624428781,"end":1576624431947,"duration":3166,"downloading_duration":1004,"execution_duration":1563,"uploading_duration":599,"executable":"ellipsoids-openmp","args":["2.dat","228.log","228.xoutput"],"id":124,"resource":"3008","request_start":1576624419106,"request_end":1576624431966,"request_duration":12860,"type":"3008"}
{"start":1576624428787,"end":1576624431961,"duration":3174,"downloading_duration":988,"execution_duration":1588,"uploading_duration":598,"executable":"ellipsoids-openmp","args":["2.dat","229.log","229.xoutput"],"id":125,"resource":"3008","request_start":1576624419106,"request_end":1576624431980,"request_duration":12874,"type":"3008"}
{"start":1576624428681,"end":1576624431964,"duration":3283,"downloading_duration":1051,"execution_duration":1667,"uploading_duration":565,"executable":"ellipsoids-openmp","args":["2.dat","223.log","223.xoutput"],"id":119,"resource":"3008","request_start":1576624419103,"request_end":1576624431983,"request_duration":12880,"type":"3008"}
{"start":1576624428795,"end":1576624431984,"duration":3189,"downloading_duration":1006,"execution_duration":1588,"uploading_duration":595,"executable":"ellipsoids-openmp","args":["2.dat","231.log","231.xoutput"],"id":127,"resource":"3008","request_start":1576624419107,"request_end":1576624432004,"request_duration":12897,"type":"3008"}
{"start":1576624428791,"end":1576624431992,"duration":3201,"downloading_duration":1072,"execution_duration":1566,"uploading_duration":563,"executable":"ellipsoids-openmp","args":["2.dat","230.log","230.xoutput"],"id":126,"resource":"3008","request_start":1576624419107,"request_end":1576624432014,"request_duration":12907,"type":"3008"}
{"start":1576624428882,"end":1576624431995,"duration":3113,"downloading_duration":1022,"execution_duration":1532,"uploading_duration":559,"executable":"ellipsoids-openmp","args":["2.dat","238.log","238.xoutput"],"id":134,"resource":"3008","request_start":1576624419111,"request_end":1576624432017,"request_duration":12906,"type":"3008"}
{"start":1576624428771,"end":1576624431999,"duration":3228,"downloading_duration":1046,"execution_duration":1591,"uploading_duration":591,"executable":"ellipsoids-openmp","args":["2.dat","227.log","227.xoutput"],"id":123,"resource":"3008","request_start":1576624419105,"request_end":1576624432019,"request_duration":12914,"type":"3008"}
{"start":1576624428746,"end":1576624432034,"duration":3288,"downloading_duration":1070,"execution_duration":1584,"uploading_duration":634,"executable":"ellipsoids-openmp","args":["2.dat","226.log","226.xoutput"],"id":122,"resource":"3008","request_start":1576624419105,"request_end":1576624432055,"request_duration":12950,"type":"3008"}
{"start":1576624428810,"end":1576624432074,"duration":3264,"downloading_duration":997,"execution_duration":1596,"uploading_duration":671,"executable":"ellipsoids-openmp","args":["2.dat","232.log","232.xoutput"],"id":128,"resource":"3008","request_start":1576624419108,"request_end":1576624432092,"request_duration":12984,"type":"3008"}
{"start":1576624428906,"end":1576624432078,"duration":3172,"downloading_duration":1001,"execution_duration":1604,"uploading_duration":567,"executable":"ellipsoids-openmp","args":["2.dat","243.log","243.xoutput"],"id":139,"resource":"3008","request_start":1576624419114,"request_end":1576624432100,"request_duration":12986,"type":"3008"}
{"start":1576624428935,"end":1576624432098,"duration":3163,"downloading_duration":984,"execution_duration":1585,"uploading_duration":594,"executable":"ellipsoids-openmp","args":["2.dat","244.log","244.xoutput"],"id":140,"resource":"3008","request_start":1576624419114,"request_end":1576624432119,"request_duration":13005,"type":"3008"}
{"start":1576624428867,"end":1576624432108,"duration":3241,"downloading_duration":1042,"execution_duration":1611,"uploading_duration":588,"executable":"ellipsoids-openmp","args":["2.dat","235.log","235.xoutput"],"id":131,"resource":"3008","request_start":1576624419109,"request_end":1576624432126,"request_duration":13017,"type":"3008"}
{"start":1576624428901,"end":1576624432110,"duration":3209,"downloading_duration":1031,"execution_duration":1614,"uploading_duration":564,"executable":"ellipsoids-openmp","args":["2.dat","242.log","242.xoutput"],"id":138,"resource":"3008","request_start":1576624419113,"request_end":1576624432132,"request_duration":13019,"type":"3008"}
{"start":1576624428832,"end":1576624432122,"duration":3290,"downloading_duration":1084,"execution_duration":1635,"uploading_duration":571,"executable":"ellipsoids-openmp","args":["2.dat","234.log","234.xoutput"],"id":130,"resource":"3008","request_start":1576624419109,"request_end":1576624432143,"request_duration":13034,"type":"3008"}
{"start":1576624428896,"end":1576624432125,"duration":3229,"downloading_duration":1018,"execution_duration":1612,"uploading_duration":599,"executable":"ellipsoids-openmp","args":["2.dat","240.log","240.xoutput"],"id":136,"resource":"3008","request_start":1576624419112,"request_end":1576624432145,"request_duration":13033,"type":"3008"}
{"start":1576624428823,"end":1576624432124,"duration":3301,"downloading_duration":1087,"execution_duration":1637,"uploading_duration":577,"executable":"ellipsoids-openmp","args":["2.dat","233.log","233.xoutput"],"id":129,"resource":"3008","request_start":1576624419108,"request_end":1576624432148,"request_duration":13040,"type":"3008"}
{"start":1576624428883,"end":1576624432134,"duration":3251,"downloading_duration":1027,"execution_duration":1599,"uploading_duration":625,"executable":"ellipsoids-openmp","args":["2.dat","237.log","237.xoutput"],"id":133,"resource":"3008","request_start":1576624419110,"request_end":1576624432157,"request_duration":13047,"type":"3008"}
{"start":1576624428877,"end":1576624432149,"duration":3272,"downloading_duration":1037,"execution_duration":1629,"uploading_duration":606,"executable":"ellipsoids-openmp","args":["2.dat","236.log","236.xoutput"],"id":132,"resource":"3008","request_start":1576624419110,"request_end":1576624432167,"request_duration":13057,"type":"3008"}
{"start":1576624428966,"end":1576624432153,"duration":3187,"downloading_duration":1038,"execution_duration":1575,"uploading_duration":574,"executable":"ellipsoids-openmp","args":["2.dat","21.log","21.xoutput"],"id":97,"resource":"3008","request_start":1576624419115,"request_end":1576624432176,"request_duration":13061,"type":"3008"}
{"start":1576624428944,"end":1576624432166,"duration":3222,"downloading_duration":1037,"execution_duration":1612,"uploading_duration":573,"executable":"ellipsoids-openmp","args":["2.dat","20.log","20.xoutput"],"id":96,"resource":"3008","request_start":1576624419115,"request_end":1576624432192,"request_duration":13077,"type":"3008"}
{"start":1576624428977,"end":1576624432218,"duration":3241,"downloading_duration":1095,"execution_duration":1538,"uploading_duration":608,"executable":"ellipsoids-openmp","args":["2.dat","23.log","23.xoutput"],"id":99,"resource":"3008","request_start":1576624419117,"request_end":1576624432237,"request_duration":13120,"type":"3008"}
{"start":1576624428892,"end":1576624432243,"duration":3351,"downloading_duration":1095,"execution_duration":1650,"uploading_duration":606,"executable":"ellipsoids-openmp","args":["2.dat","239.log","239.xoutput"],"id":135,"resource":"3008","request_start":1576624419112,"request_end":1576624432262,"request_duration":13150,"type":"3008"}
{"start":1576624428899,"end":1576624432253,"duration":3354,"downloading_duration":1108,"execution_duration":1612,"uploading_duration":634,"executable":"ellipsoids-openmp","args":["2.dat","241.log","241.xoutput"],"id":137,"resource":"3008","request_start":1576624419113,"request_end":1576624432271,"request_duration":13158,"type":"3008"}
{"start":1576624428970,"end":1576624432425,"duration":3455,"downloading_duration":1118,"execution_duration":1584,"uploading_duration":753,"executable":"ellipsoids-openmp","args":["2.dat","22.log","22.xoutput"],"id":98,"resource":"3008","request_start":1576624419116,"request_end":1576624432444,"request_duration":13328,"type":"3008"}
{"start":1576624432574,"end":1576624434048,"duration":1474,"downloading_duration":1104,"execution_duration":3,"uploading_duration":367,"executable":"mean-pack-ell","args":["20.xoutput","21.xoutput","22.xoutput","23.xoutput","24.xoutput","25.xoutput","26.xoutput","27.xoutput","28.xoutput","29.xoutput","210.xoutput","211.xoutput","212.xoutput","213.xoutput","214.xoutput","215.xoutput","216.xoutput","217.xoutput","218.xoutput","219.xoutput","220.xoutput","221.xoutput","222.xoutput","223.xoutput","224.xoutput","225.xoutput","226.xoutput","227.xoutput","228.xoutput","229.xoutput","230.xoutput","231.xoutput","232.xoutput","233.xoutput","234.xoutput","235.xoutput","236.xoutput","237.xoutput","238.xoutput","239.xoutput","240.xoutput","241.xoutput","242.xoutput","243.xoutput","244.xoutput","average_2.txt"],"id":188,"resource":"3008","request_start":1576624432460,"request_end":1576624434069,"request_duration":1609,"type":"3008"}
{"start":1576624434198,"end":1576624435231,"duration":1033,"downloading_duration":540,"execution_duration":63,"uploading_duration":430,"executable":"summary.js","args":[],"id":190,"resource":"3008","request_start":1576624434076,"request_end":1576624435248,"request_duration":1172,"type":"3008"}
