{"start":1576624435917,"end":1576624436731,"duration":814,"downloading_duration":373,"execution_duration":60,"uploading_duration":381,"executable":"generateData.js","args":[],"id":1,"resource":"3008","request_start":1576624435752,"request_end":1576624436760,"request_duration":1008,"type":"3008"}
{"start":1576624436877,"end":1576624437770,"duration":893,"downloading_duration":463,"execution_duration":59,"uploading_duration":371,"executable":"createDat.js","args":["1.dat"],"id":3,"resource":"3008","request_start":1576624436772,"request_end":1576624437789,"request_duration":1017,"type":"3008"}
{"start":1576624436891,"end":1576624437778,"duration":887,"downloading_duration":444,"execution_duration":62,"uploading_duration":381,"executable":"createDat.js","args":["2.dat"],"id":4,"resource":"3008","request_start":1576624436775,"request_end":1576624437807,"request_duration":1032,"type":"3008"}
{"start":1576624436883,"end":1576624437826,"duration":943,"downloading_duration":454,"execution_duration":62,"uploading_duration":427,"executable":"createDat.js","args":["0.dat"],"id":2,"resource":"3008","request_start":1576624436769,"request_end":1576624437920,"request_duration":1151,"type":"3008"}
{"start":1576624436900,"end":1576624437832,"duration":932,"downloading_duration":479,"execution_duration":63,"uploading_duration":390,"executable":"createDat.js","args":["3.dat"],"id":5,"resource":"3008","request_start":1576624436777,"request_end":1576624437920,"request_duration":1143,"type":"3008"}
{"start":1576624438197,"end":1576624441177,"duration":2980,"downloading_duration":990,"execution_duration":1390,"uploading_duration":600,"executable":"ellipsoids-openmp","args":["1.dat","13.log","13.xoutput"],"id":54,"resource":"3008","request_start":1576624437841,"request_end":1576624441297,"request_duration":3456,"type":"3008"}
{"start":1576624438262,"end":1576624441217,"duration":2955,"downloading_duration":983,"execution_duration":1416,"uploading_duration":556,"executable":"ellipsoids-openmp","args":["1.dat","19.log","19.xoutput"],"id":60,"resource":"3008","request_start":1576624437849,"request_end":1576624441300,"request_duration":3451,"type":"3008"}
{"start":1576624438188,"end":1576624441217,"duration":3029,"downloading_duration":993,"execution_duration":1425,"uploading_duration":611,"executable":"ellipsoids-openmp","args":["1.dat","10.log","10.xoutput"],"id":51,"resource":"3008","request_start":1576624437837,"request_end":1576624441302,"request_duration":3465,"type":"3008"}
{"start":1576624438197,"end":1576624441230,"duration":3033,"downloading_duration":998,"execution_duration":1435,"uploading_duration":600,"executable":"ellipsoids-openmp","args":["1.dat","11.log","11.xoutput"],"id":52,"resource":"3008","request_start":1576624437839,"request_end":1576624441304,"request_duration":3465,"type":"3008"}
{"start":1576624438200,"end":1576624441242,"duration":3042,"downloading_duration":1000,"execution_duration":1476,"uploading_duration":566,"executable":"ellipsoids-openmp","args":["1.dat","18.log","18.xoutput"],"id":59,"resource":"3008","request_start":1576624437848,"request_end":1576624441306,"request_duration":3458,"type":"3008"}
{"start":1576624438261,"end":1576624441258,"duration":2997,"downloading_duration":991,"execution_duration":1445,"uploading_duration":561,"executable":"ellipsoids-openmp","args":["1.dat","114.log","114.xoutput"],"id":65,"resource":"3008","request_start":1576624437854,"request_end":1576624441307,"request_duration":3453,"type":"3008"}
{"start":1576624438198,"end":1576624441262,"duration":3064,"downloading_duration":986,"execution_duration":1482,"uploading_duration":596,"executable":"ellipsoids-openmp","args":["1.dat","14.log","14.xoutput"],"id":55,"resource":"3008","request_start":1576624437843,"request_end":1576624441311,"request_duration":3468,"type":"3008"}
{"start":1576624438282,"end":1576624441267,"duration":2985,"downloading_duration":985,"execution_duration":1368,"uploading_duration":632,"executable":"ellipsoids-openmp","args":["1.dat","122.log","122.xoutput"],"id":73,"resource":"3008","request_start":1576624437864,"request_end":1576624441313,"request_duration":3449,"type":"3008"}
{"start":1576624438265,"end":1576624441279,"duration":3014,"downloading_duration":994,"execution_duration":1429,"uploading_duration":591,"executable":"ellipsoids-openmp","args":["1.dat","117.log","117.xoutput"],"id":68,"resource":"3008","request_start":1576624437857,"request_end":1576624441319,"request_duration":3462,"type":"3008"}
{"start":1576624438197,"end":1576624441290,"duration":3093,"downloading_duration":1025,"execution_duration":1500,"uploading_duration":568,"executable":"ellipsoids-openmp","args":["1.dat","15.log","15.xoutput"],"id":56,"resource":"3008","request_start":1576624437844,"request_end":1576624441322,"request_duration":3478,"type":"3008"}
{"start":1576624438195,"end":1576624441301,"duration":3106,"downloading_duration":1070,"execution_duration":1440,"uploading_duration":596,"executable":"ellipsoids-openmp","args":["1.dat","16.log","16.xoutput"],"id":57,"resource":"3008","request_start":1576624437845,"request_end":1576624441326,"request_duration":3481,"type":"3008"}
{"start":1576624438198,"end":1576624441302,"duration":3104,"downloading_duration":996,"execution_duration":1474,"uploading_duration":634,"executable":"ellipsoids-openmp","args":["1.dat","17.log","17.xoutput"],"id":58,"resource":"3008","request_start":1576624437846,"request_end":1576624441327,"request_duration":3481,"type":"3008"}
{"start":1576624438280,"end":1576624441311,"duration":3031,"downloading_duration":976,"execution_duration":1437,"uploading_duration":618,"executable":"ellipsoids-openmp","args":["1.dat","128.log","128.xoutput"],"id":79,"resource":"3008","request_start":1576624437869,"request_end":1576624441386,"request_duration":3517,"type":"3008"}
{"start":1576624438286,"end":1576624441315,"duration":3029,"downloading_duration":991,"execution_duration":1467,"uploading_duration":571,"executable":"ellipsoids-openmp","args":["1.dat","126.log","126.xoutput"],"id":77,"resource":"3008","request_start":1576624437868,"request_end":1576624441389,"request_duration":3521,"type":"3008"}
{"start":1576624438334,"end":1576624441321,"duration":2987,"downloading_duration":986,"execution_duration":1401,"uploading_duration":600,"executable":"ellipsoids-openmp","args":["1.dat","137.log","137.xoutput"],"id":88,"resource":"3008","request_start":1576624437880,"request_end":1576624441392,"request_duration":3512,"type":"3008"}
{"start":1576624438272,"end":1576624441324,"duration":3052,"downloading_duration":1006,"execution_duration":1437,"uploading_duration":609,"executable":"ellipsoids-openmp","args":["1.dat","125.log","125.xoutput"],"id":76,"resource":"3008","request_start":1576624437867,"request_end":1576624441394,"request_duration":3527,"type":"3008"}
{"start":1576624438264,"end":1576624441326,"duration":3062,"downloading_duration":1072,"execution_duration":1431,"uploading_duration":559,"executable":"ellipsoids-openmp","args":["1.dat","116.log","116.xoutput"],"id":67,"resource":"3008","request_start":1576624437856,"request_end":1576624441396,"request_duration":3540,"type":"3008"}
{"start":1576624438283,"end":1576624441328,"duration":3045,"downloading_duration":1071,"execution_duration":1387,"uploading_duration":587,"executable":"ellipsoids-openmp","args":["1.dat","130.log","130.xoutput"],"id":81,"resource":"3008","request_start":1576624437872,"request_end":1576624441398,"request_duration":3526,"type":"3008"}
{"start":1576624438291,"end":1576624441329,"duration":3038,"downloading_duration":990,"execution_duration":1466,"uploading_duration":582,"executable":"ellipsoids-openmp","args":["1.dat","135.log","135.xoutput"],"id":86,"resource":"3008","request_start":1576624437878,"request_end":1576624441401,"request_duration":3523,"type":"3008"}
{"start":1576624438265,"end":1576624441332,"duration":3067,"downloading_duration":1027,"execution_duration":1454,"uploading_duration":586,"executable":"ellipsoids-openmp","args":["1.dat","119.log","119.xoutput"],"id":70,"resource":"3008","request_start":1576624437859,"request_end":1576624441402,"request_duration":3543,"type":"3008"}
{"start":1576624438260,"end":1576624441342,"duration":3082,"downloading_duration":1087,"execution_duration":1397,"uploading_duration":598,"executable":"ellipsoids-openmp","args":["1.dat","113.log","113.xoutput"],"id":64,"resource":"3008","request_start":1576624437853,"request_end":1576624441406,"request_duration":3553,"type":"3008"}
{"start":1576624438284,"end":1576624441347,"duration":3063,"downloading_duration":983,"execution_duration":1484,"uploading_duration":596,"executable":"ellipsoids-openmp","args":["1.dat","133.log","133.xoutput"],"id":84,"resource":"3008","request_start":1576624437875,"request_end":1576624441407,"request_duration":3532,"type":"3008"}
{"start":1576624438264,"end":1576624441347,"duration":3083,"downloading_duration":1039,"execution_duration":1478,"uploading_duration":566,"executable":"ellipsoids-openmp","args":["1.dat","124.log","124.xoutput"],"id":75,"resource":"3008","request_start":1576624437866,"request_end":1576624441409,"request_duration":3543,"type":"3008"}
{"start":1576624438193,"end":1576624441348,"duration":3155,"downloading_duration":1075,"execution_duration":1451,"uploading_duration":629,"executable":"ellipsoids-openmp","args":["1.dat","12.log","12.xoutput"],"id":53,"resource":"3008","request_start":1576624437840,"request_end":1576624441410,"request_duration":3570,"type":"3008"}
{"start":1576624438265,"end":1576624441347,"duration":3082,"downloading_duration":985,"execution_duration":1477,"uploading_duration":620,"executable":"ellipsoids-openmp","args":["1.dat","120.log","120.xoutput"],"id":71,"resource":"3008","request_start":1576624437860,"request_end":1576624441411,"request_duration":3551,"type":"3008"}
{"start":1576624438271,"end":1576624441348,"duration":3077,"downloading_duration":1043,"execution_duration":1454,"uploading_duration":580,"executable":"ellipsoids-openmp","args":["1.dat","123.log","123.xoutput"],"id":74,"resource":"3008","request_start":1576624437865,"request_end":1576624441426,"request_duration":3561,"type":"3008"}
{"start":1576624438337,"end":1576624441352,"duration":3015,"downloading_duration":992,"execution_duration":1431,"uploading_duration":592,"executable":"ellipsoids-openmp","args":["1.dat","138.log","138.xoutput"],"id":89,"resource":"3008","request_start":1576624437880,"request_end":1576624441427,"request_duration":3547,"type":"3008"}
{"start":1576624438275,"end":1576624441359,"duration":3084,"downloading_duration":1076,"execution_duration":1428,"uploading_duration":580,"executable":"ellipsoids-openmp","args":["1.dat","121.log","121.xoutput"],"id":72,"resource":"3008","request_start":1576624437863,"request_end":1576624441429,"request_duration":3566,"type":"3008"}
{"start":1576624438350,"end":1576624441376,"duration":3026,"downloading_duration":992,"execution_duration":1441,"uploading_duration":593,"executable":"ellipsoids-openmp","args":["1.dat","144.log","144.xoutput"],"id":95,"resource":"3008","request_start":1576624437886,"request_end":1576624441433,"request_duration":3547,"type":"3008"}
{"start":1576624438362,"end":1576624441378,"duration":3016,"downloading_duration":988,"execution_duration":1433,"uploading_duration":595,"executable":"ellipsoids-openmp","args":["1.dat","141.log","141.xoutput"],"id":92,"resource":"3008","request_start":1576624437883,"request_end":1576624441434,"request_duration":3551,"type":"3008"}
{"start":1576624438325,"end":1576624441380,"duration":3055,"downloading_duration":1003,"execution_duration":1461,"uploading_duration":591,"executable":"ellipsoids-openmp","args":["1.dat","131.log","131.xoutput"],"id":82,"resource":"3008","request_start":1576624437873,"request_end":1576624441435,"request_duration":3562,"type":"3008"}
{"start":1576624438260,"end":1576624441391,"duration":3131,"downloading_duration":1035,"execution_duration":1466,"uploading_duration":630,"executable":"ellipsoids-openmp","args":["1.dat","112.log","112.xoutput"],"id":63,"resource":"3008","request_start":1576624437852,"request_end":1576624441446,"request_duration":3594,"type":"3008"}
{"start":1576624438292,"end":1576624441410,"duration":3118,"downloading_duration":1085,"execution_duration":1445,"uploading_duration":588,"executable":"ellipsoids-openmp","args":["1.dat","132.log","132.xoutput"],"id":83,"resource":"3008","request_start":1576624437874,"request_end":1576624441449,"request_duration":3575,"type":"3008"}
{"start":1576624438258,"end":1576624441413,"duration":3155,"downloading_duration":1005,"execution_duration":1546,"uploading_duration":604,"executable":"ellipsoids-openmp","args":["1.dat","110.log","110.xoutput"],"id":61,"resource":"3008","request_start":1576624437850,"request_end":1576624441452,"request_duration":3602,"type":"3008"}
{"start":1576624438359,"end":1576624441413,"duration":3054,"downloading_duration":1033,"execution_duration":1418,"uploading_duration":603,"executable":"ellipsoids-openmp","args":["1.dat","142.log","142.xoutput"],"id":93,"resource":"3008","request_start":1576624437884,"request_end":1576624441453,"request_duration":3569,"type":"3008"}
{"start":1576624438261,"end":1576624441433,"duration":3172,"downloading_duration":1063,"execution_duration":1461,"uploading_duration":648,"executable":"ellipsoids-openmp","args":["1.dat","115.log","115.xoutput"],"id":66,"resource":"3008","request_start":1576624437855,"request_end":1576624441466,"request_duration":3611,"type":"3008"}
{"start":1576624438284,"end":1576624441448,"duration":3164,"downloading_duration":1068,"execution_duration":1500,"uploading_duration":596,"executable":"ellipsoids-openmp","args":["1.dat","129.log","129.xoutput"],"id":80,"resource":"3008","request_start":1576624437870,"request_end":1576624441475,"request_duration":3605,"type":"3008"}
{"start":1576624438345,"end":1576624441461,"duration":3116,"downloading_duration":1084,"execution_duration":1442,"uploading_duration":590,"executable":"ellipsoids-openmp","args":["1.dat","136.log","136.xoutput"],"id":87,"resource":"3008","request_start":1576624437879,"request_end":1576624441486,"request_duration":3607,"type":"3008"}
{"start":1576624438262,"end":1576624441460,"duration":3198,"downloading_duration":1025,"execution_duration":1476,"uploading_duration":697,"executable":"ellipsoids-openmp","args":["1.dat","118.log","118.xoutput"],"id":69,"resource":"3008","request_start":1576624437858,"request_end":1576624441487,"request_duration":3629,"type":"3008"}
{"start":1576624438287,"end":1576624441461,"duration":3174,"downloading_duration":1106,"execution_duration":1466,"uploading_duration":602,"executable":"ellipsoids-openmp","args":["1.dat","127.log","127.xoutput"],"id":78,"resource":"3008","request_start":1576624437869,"request_end":1576624441487,"request_duration":3618,"type":"3008"}
{"start":1576624438349,"end":1576624441509,"duration":3160,"downloading_duration":1063,"execution_duration":1494,"uploading_duration":603,"executable":"ellipsoids-openmp","args":["1.dat","140.log","140.xoutput"],"id":91,"resource":"3008","request_start":1576624437882,"request_end":1576624441537,"request_duration":3655,"type":"3008"}
{"start":1576624438255,"end":1576624441516,"duration":3261,"downloading_duration":1172,"execution_duration":1459,"uploading_duration":630,"executable":"ellipsoids-openmp","args":["1.dat","111.log","111.xoutput"],"id":62,"resource":"3008","request_start":1576624437851,"request_end":1576624441541,"request_duration":3690,"type":"3008"}
{"start":1576624438343,"end":1576624441516,"duration":3173,"downloading_duration":1083,"execution_duration":1479,"uploading_duration":611,"executable":"ellipsoids-openmp","args":["1.dat","143.log","143.xoutput"],"id":94,"resource":"3008","request_start":1576624437885,"request_end":1576624441543,"request_duration":3658,"type":"3008"}
{"start":1576624438362,"end":1576624441535,"duration":3173,"downloading_duration":1014,"execution_duration":1537,"uploading_duration":622,"executable":"ellipsoids-openmp","args":["2.dat","26.log","26.xoutput"],"id":102,"resource":"3008","request_start":1576624437931,"request_end":1576624441555,"request_duration":3624,"type":"3008"}
{"start":1576624438367,"end":1576624441577,"duration":3210,"downloading_duration":1000,"execution_duration":1567,"uploading_duration":643,"executable":"ellipsoids-openmp","args":["2.dat","25.log","25.xoutput"],"id":101,"resource":"3008","request_start":1576624437930,"request_end":1576624441603,"request_duration":3673,"type":"3008"}
{"start":1576624438364,"end":1576624441608,"duration":3244,"downloading_duration":1034,"execution_duration":1551,"uploading_duration":659,"executable":"ellipsoids-openmp","args":["2.dat","28.log","28.xoutput"],"id":104,"resource":"3008","request_start":1576624437933,"request_end":1576624441627,"request_duration":3694,"type":"3008"}
{"start":1576624438366,"end":1576624441623,"duration":3257,"downloading_duration":1033,"execution_duration":1631,"uploading_duration":593,"executable":"ellipsoids-openmp","args":["2.dat","27.log","27.xoutput"],"id":103,"resource":"3008","request_start":1576624437932,"request_end":1576624441645,"request_duration":3713,"type":"3008"}
{"start":1576624438350,"end":1576624441639,"duration":3289,"downloading_duration":1134,"execution_duration":1580,"uploading_duration":575,"executable":"ellipsoids-openmp","args":["2.dat","24.log","24.xoutput"],"id":100,"resource":"3008","request_start":1576624437929,"request_end":1576624441657,"request_duration":3728,"type":"3008"}
{"start":1576624438290,"end":1576624441731,"duration":3441,"downloading_duration":1401,"execution_duration":1473,"uploading_duration":567,"executable":"ellipsoids-openmp","args":["1.dat","139.log","139.xoutput"],"id":90,"resource":"3008","request_start":1576624437881,"request_end":1576624441750,"request_duration":3869,"type":"3008"}
{"start":1576624438325,"end":1576624441732,"duration":3407,"downloading_duration":1412,"execution_duration":1423,"uploading_duration":572,"executable":"ellipsoids-openmp","args":["1.dat","134.log","134.xoutput"],"id":85,"resource":"3008","request_start":1576624437875,"request_end":1576624441754,"request_duration":3879,"type":"3008"}
{"start":1576624441336,"end":1576624444533,"duration":3197,"downloading_duration":1094,"execution_duration":1554,"uploading_duration":549,"executable":"ellipsoids-openmp","args":["2.dat","211.log","211.xoutput"],"id":107,"resource":"3008","request_start":1576624437935,"request_end":1576624444554,"request_duration":6619,"type":"3008"}
{"start":1576624441355,"end":1576624444562,"duration":3207,"downloading_duration":989,"execution_duration":1595,"uploading_duration":623,"executable":"ellipsoids-openmp","args":["2.dat","220.log","220.xoutput"],"id":116,"resource":"3008","request_start":1576624437940,"request_end":1576624444585,"request_duration":6645,"type":"3008"}
{"start":1576624441335,"end":1576624444572,"duration":3237,"downloading_duration":990,"execution_duration":1649,"uploading_duration":598,"executable":"ellipsoids-openmp","args":["2.dat","210.log","210.xoutput"],"id":106,"resource":"3008","request_start":1576624437935,"request_end":1576624444595,"request_duration":6660,"type":"3008"}
{"start":1576624441323,"end":1576624444578,"duration":3255,"downloading_duration":1014,"execution_duration":1641,"uploading_duration":600,"executable":"ellipsoids-openmp","args":["2.dat","29.log","29.xoutput"],"id":105,"resource":"3008","request_start":1576624437934,"request_end":1576624444598,"request_duration":6664,"type":"3008"}
{"start":1576624441342,"end":1576624444590,"duration":3248,"downloading_duration":983,"execution_duration":1677,"uploading_duration":588,"executable":"ellipsoids-openmp","args":["2.dat","216.log","216.xoutput"],"id":112,"resource":"3008","request_start":1576624437938,"request_end":1576624444612,"request_duration":6674,"type":"3008"}
{"start":1576624441353,"end":1576624444601,"duration":3248,"downloading_duration":1027,"execution_duration":1609,"uploading_duration":612,"executable":"ellipsoids-openmp","args":["2.dat","218.log","218.xoutput"],"id":114,"resource":"3008","request_start":1576624437939,"request_end":1576624444627,"request_duration":6688,"type":"3008"}
{"start":1576624441338,"end":1576624444636,"duration":3298,"downloading_duration":1032,"execution_duration":1679,"uploading_duration":587,"executable":"ellipsoids-openmp","args":["2.dat","214.log","214.xoutput"],"id":110,"resource":"3008","request_start":1576624437937,"request_end":1576624444655,"request_duration":6718,"type":"3008"}
{"start":1576624441443,"end":1576624444656,"duration":3213,"downloading_duration":1035,"execution_duration":1603,"uploading_duration":575,"executable":"ellipsoids-openmp","args":["2.dat","225.log","225.xoutput"],"id":121,"resource":"3008","request_start":1576624437943,"request_end":1576624444676,"request_duration":6733,"type":"3008"}
{"start":1576624441371,"end":1576624444665,"duration":3294,"downloading_duration":1077,"execution_duration":1608,"uploading_duration":609,"executable":"ellipsoids-openmp","args":["2.dat","213.log","213.xoutput"],"id":109,"resource":"3008","request_start":1576624437936,"request_end":1576624444685,"request_duration":6749,"type":"3008"}
{"start":1576624441338,"end":1576624444666,"duration":3328,"downloading_duration":1099,"execution_duration":1607,"uploading_duration":622,"executable":"ellipsoids-openmp","args":["2.dat","212.log","212.xoutput"],"id":108,"resource":"3008","request_start":1576624437936,"request_end":1576624444687,"request_duration":6751,"type":"3008"}
{"start":1576624441468,"end":1576624444667,"duration":3199,"downloading_duration":987,"execution_duration":1627,"uploading_duration":585,"executable":"ellipsoids-openmp","args":["2.dat","238.log","238.xoutput"],"id":134,"resource":"3008","request_start":1576624437951,"request_end":1576624444691,"request_duration":6740,"type":"3008"}
{"start":1576624441467,"end":1576624444670,"duration":3203,"downloading_duration":1026,"execution_duration":1539,"uploading_duration":638,"executable":"ellipsoids-openmp","args":["2.dat","239.log","239.xoutput"],"id":135,"resource":"3008","request_start":1576624437951,"request_end":1576624444695,"request_duration":6744,"type":"3008"}
{"start":1576624441338,"end":1576624444689,"duration":3351,"downloading_duration":1126,"execution_duration":1631,"uploading_duration":594,"executable":"ellipsoids-openmp","args":["2.dat","215.log","215.xoutput"],"id":111,"resource":"3008","request_start":1576624437938,"request_end":1576624444707,"request_duration":6769,"type":"3008"}
{"start":1576624441446,"end":1576624444693,"duration":3247,"downloading_duration":1088,"execution_duration":1604,"uploading_duration":555,"executable":"ellipsoids-openmp","args":["2.dat","227.log","227.xoutput"],"id":123,"resource":"3008","request_start":1576624437944,"request_end":1576624444714,"request_duration":6770,"type":"3008"}
{"start":1576624441430,"end":1576624444709,"duration":3279,"downloading_duration":991,"execution_duration":1671,"uploading_duration":617,"executable":"ellipsoids-openmp","args":["2.dat","221.log","221.xoutput"],"id":117,"resource":"3008","request_start":1576624437941,"request_end":1576624444729,"request_duration":6788,"type":"3008"}
{"start":1576624441467,"end":1576624444714,"duration":3247,"downloading_duration":1011,"execution_duration":1620,"uploading_duration":616,"executable":"ellipsoids-openmp","args":["2.dat","235.log","235.xoutput"],"id":131,"resource":"3008","request_start":1576624437949,"request_end":1576624444735,"request_duration":6786,"type":"3008"}
{"start":1576624441501,"end":1576624444715,"duration":3214,"downloading_duration":1001,"execution_duration":1608,"uploading_duration":605,"executable":"ellipsoids-openmp","args":["2.dat","20.log","20.xoutput"],"id":96,"resource":"3008","request_start":1576624437954,"request_end":1576624444738,"request_duration":6784,"type":"3008"}
{"start":1576624441441,"end":1576624444714,"duration":3273,"downloading_duration":1043,"execution_duration":1613,"uploading_duration":617,"executable":"ellipsoids-openmp","args":["2.dat","222.log","222.xoutput"],"id":118,"resource":"3008","request_start":1576624437941,"request_end":1576624444741,"request_duration":6800,"type":"3008"}
{"start":1576624441448,"end":1576624444715,"duration":3267,"downloading_duration":1084,"execution_duration":1590,"uploading_duration":593,"executable":"ellipsoids-openmp","args":["2.dat","230.log","230.xoutput"],"id":126,"resource":"3008","request_start":1576624437946,"request_end":1576624444742,"request_duration":6796,"type":"3008"}
{"start":1576624441473,"end":1576624444715,"duration":3242,"downloading_duration":1071,"execution_duration":1607,"uploading_duration":564,"executable":"ellipsoids-openmp","args":["2.dat","236.log","236.xoutput"],"id":132,"resource":"3008","request_start":1576624437949,"request_end":1576624444747,"request_duration":6798,"type":"3008"}
{"start":1576624441466,"end":1576624444722,"duration":3256,"downloading_duration":1021,"execution_duration":1620,"uploading_duration":615,"executable":"ellipsoids-openmp","args":["2.dat","237.log","237.xoutput"],"id":133,"resource":"3008","request_start":1576624437950,"request_end":1576624444750,"request_duration":6800,"type":"3008"}
{"start":1576624441444,"end":1576624444727,"duration":3283,"downloading_duration":1082,"execution_duration":1644,"uploading_duration":557,"executable":"ellipsoids-openmp","args":["2.dat","224.log","224.xoutput"],"id":120,"resource":"3008","request_start":1576624437942,"request_end":1576624444753,"request_duration":6811,"type":"3008"}
{"start":1576624441563,"end":1576624444743,"duration":3180,"downloading_duration":1004,"execution_duration":1569,"uploading_duration":607,"executable":"ellipsoids-openmp","args":["0.dat","04.log","04.xoutput"],"id":10,"resource":"3008","request_start":1576624438019,"request_end":1576624444763,"request_duration":6744,"type":"3008"}
{"start":1576624441446,"end":1576624444746,"duration":3300,"downloading_duration":1092,"execution_duration":1610,"uploading_duration":598,"executable":"ellipsoids-openmp","args":["2.dat","232.log","232.xoutput"],"id":128,"resource":"3008","request_start":1576624437947,"request_end":1576624444764,"request_duration":6817,"type":"3008"}
{"start":1576624441447,"end":1576624444747,"duration":3300,"downloading_duration":1101,"execution_duration":1615,"uploading_duration":584,"executable":"ellipsoids-openmp","args":["2.dat","228.log","228.xoutput"],"id":124,"resource":"3008","request_start":1576624437945,"request_end":1576624444765,"request_duration":6820,"type":"3008"}
{"start":1576624441443,"end":1576624444766,"duration":3323,"downloading_duration":1098,"execution_duration":1616,"uploading_duration":609,"executable":"ellipsoids-openmp","args":["2.dat","223.log","223.xoutput"],"id":119,"resource":"3008","request_start":1576624437942,"request_end":1576624444787,"request_duration":6845,"type":"3008"}
{"start":1576624441356,"end":1576624444768,"duration":3412,"downloading_duration":1202,"execution_duration":1641,"uploading_duration":569,"executable":"ellipsoids-openmp","args":["2.dat","219.log","219.xoutput"],"id":115,"resource":"3008","request_start":1576624437940,"request_end":1576624444789,"request_duration":6849,"type":"3008"}
{"start":1576624441476,"end":1576624444767,"duration":3291,"downloading_duration":1071,"execution_duration":1618,"uploading_duration":602,"executable":"ellipsoids-openmp","args":["2.dat","240.log","240.xoutput"],"id":136,"resource":"3008","request_start":1576624437952,"request_end":1576624444791,"request_duration":6839,"type":"3008"}
{"start":1576624441447,"end":1576624444768,"duration":3321,"downloading_duration":1000,"execution_duration":1643,"uploading_duration":678,"executable":"ellipsoids-openmp","args":["2.dat","231.log","231.xoutput"],"id":127,"resource":"3008","request_start":1576624437947,"request_end":1576624444793,"request_duration":6846,"type":"3008"}
{"start":1576624441461,"end":1576624444769,"duration":3308,"downloading_duration":1067,"execution_duration":1607,"uploading_duration":634,"executable":"ellipsoids-openmp","args":["2.dat","234.log","234.xoutput"],"id":130,"resource":"3008","request_start":1576624437948,"request_end":1576624444797,"request_duration":6849,"type":"3008"}
{"start":1576624441442,"end":1576624444772,"duration":3330,"downloading_duration":1109,"execution_duration":1602,"uploading_duration":619,"executable":"ellipsoids-openmp","args":["2.dat","226.log","226.xoutput"],"id":122,"resource":"3008","request_start":1576624437944,"request_end":1576624444799,"request_duration":6855,"type":"3008"}
{"start":1576624441484,"end":1576624444775,"duration":3291,"downloading_duration":1080,"execution_duration":1617,"uploading_duration":594,"executable":"ellipsoids-openmp","args":["2.dat","243.log","243.xoutput"],"id":139,"resource":"3008","request_start":1576624437953,"request_end":1576624444806,"request_duration":6853,"type":"3008"}
{"start":1576624441446,"end":1576624444776,"duration":3330,"downloading_duration":988,"execution_duration":1722,"uploading_duration":620,"executable":"ellipsoids-openmp","args":["2.dat","233.log","233.xoutput"],"id":129,"resource":"3008","request_start":1576624437948,"request_end":1576624444808,"request_duration":6860,"type":"3008"}
{"start":1576624441515,"end":1576624444794,"duration":3279,"downloading_duration":1077,"execution_duration":1604,"uploading_duration":598,"executable":"ellipsoids-openmp","args":["2.dat","21.log","21.xoutput"],"id":97,"resource":"3008","request_start":1576624437955,"request_end":1576624444817,"request_duration":6862,"type":"3008"}
{"start":1576624441483,"end":1576624444803,"duration":3320,"downloading_duration":1092,"execution_duration":1638,"uploading_duration":590,"executable":"ellipsoids-openmp","args":["2.dat","242.log","242.xoutput"],"id":138,"resource":"3008","request_start":1576624437953,"request_end":1576624444827,"request_duration":6874,"type":"3008"}
{"start":1576624441582,"end":1576624444806,"duration":3224,"downloading_duration":1073,"execution_duration":1572,"uploading_duration":579,"executable":"ellipsoids-openmp","args":["0.dat","07.log","07.xoutput"],"id":13,"resource":"3008","request_start":1576624438021,"request_end":1576624444840,"request_duration":6819,"type":"3008"}
{"start":1576624441528,"end":1576624444813,"duration":3285,"downloading_duration":1076,"execution_duration":1623,"uploading_duration":586,"executable":"ellipsoids-openmp","args":["2.dat","22.log","22.xoutput"],"id":98,"resource":"3008","request_start":1576624437955,"request_end":1576624444845,"request_duration":6890,"type":"3008"}
{"start":1576624441494,"end":1576624444816,"duration":3322,"downloading_duration":1163,"execution_duration":1599,"uploading_duration":560,"executable":"ellipsoids-openmp","args":["2.dat","244.log","244.xoutput"],"id":140,"resource":"3008","request_start":1576624437954,"request_end":1576624444846,"request_duration":6892,"type":"3008"}
{"start":1576624441670,"end":1576624444827,"duration":3157,"downloading_duration":1001,"execution_duration":1559,"uploading_duration":597,"executable":"ellipsoids-openmp","args":["0.dat","010.log","010.xoutput"],"id":16,"resource":"3008","request_start":1576624438022,"request_end":1576624444855,"request_duration":6833,"type":"3008"}
{"start":1576624441628,"end":1576624444845,"duration":3217,"downloading_duration":990,"execution_duration":1635,"uploading_duration":592,"executable":"ellipsoids-openmp","args":["0.dat","08.log","08.xoutput"],"id":14,"resource":"3008","request_start":1576624438021,"request_end":1576624444864,"request_duration":6843,"type":"3008"}
{"start":1576624441654,"end":1576624444879,"duration":3225,"downloading_duration":990,"execution_duration":1679,"uploading_duration":556,"executable":"ellipsoids-openmp","args":["0.dat","09.log","09.xoutput"],"id":15,"resource":"3008","request_start":1576624438022,"request_end":1576624444898,"request_duration":6876,"type":"3008"}
{"start":1576624441571,"end":1576624444894,"duration":3323,"downloading_duration":1165,"execution_duration":1549,"uploading_duration":609,"executable":"ellipsoids-openmp","args":["0.dat","05.log","05.xoutput"],"id":11,"resource":"3008","request_start":1576624438020,"request_end":1576624444916,"request_duration":6896,"type":"3008"}
{"start":1576624441449,"end":1576624444902,"duration":3453,"downloading_duration":1008,"execution_duration":1760,"uploading_duration":685,"executable":"ellipsoids-openmp","args":["2.dat","229.log","229.xoutput"],"id":125,"resource":"3008","request_start":1576624437946,"request_end":1576624444922,"request_duration":6976,"type":"3008"}
{"start":1576624441528,"end":1576624444922,"duration":3394,"downloading_duration":1090,"execution_duration":1603,"uploading_duration":701,"executable":"ellipsoids-openmp","args":["2.dat","23.log","23.xoutput"],"id":99,"resource":"3008","request_start":1576624437956,"request_end":1576624444943,"request_duration":6987,"type":"3008"}
{"start":1576624441688,"end":1576624444998,"duration":3310,"downloading_duration":1066,"execution_duration":1607,"uploading_duration":637,"executable":"ellipsoids-openmp","args":["0.dat","011.log","011.xoutput"],"id":17,"resource":"3008","request_start":1576624438023,"request_end":1576624445017,"request_duration":6994,"type":"3008"}
{"start":1576624441775,"end":1576624445004,"duration":3229,"downloading_duration":1033,"execution_duration":1628,"uploading_duration":568,"executable":"ellipsoids-openmp","args":["0.dat","012.log","012.xoutput"],"id":18,"resource":"3008","request_start":1576624438023,"request_end":1576624445148,"request_duration":7125,"type":"3008"}
{"start":1576624441781,"end":1576624445012,"duration":3231,"downloading_duration":1047,"execution_duration":1592,"uploading_duration":592,"executable":"ellipsoids-openmp","args":["0.dat","013.log","013.xoutput"],"id":19,"resource":"3008","request_start":1576624438024,"request_end":1576624445151,"request_duration":7127,"type":"3008"}
{"start":1576624441481,"end":1576624445517,"duration":4036,"downloading_duration":1806,"execution_duration":1625,"uploading_duration":605,"executable":"ellipsoids-openmp","args":["2.dat","241.log","241.xoutput"],"id":137,"resource":"3008","request_start":1576624437952,"request_end":1576624445535,"request_duration":7583,"type":"3008"}
{"start":1576624441570,"end":1576624445821,"duration":4251,"downloading_duration":2098,"execution_duration":1572,"uploading_duration":581,"executable":"ellipsoids-openmp","args":["0.dat","06.log","06.xoutput"],"id":12,"resource":"3008","request_start":1576624438020,"request_end":1576624445841,"request_duration":7821,"type":"3008"}
{"start":1576624441353,"end":1576624446303,"duration":4950,"downloading_duration":2722,"execution_duration":1587,"uploading_duration":641,"executable":"ellipsoids-openmp","args":["2.dat","217.log","217.xoutput"],"id":113,"resource":"3008","request_start":1576624437939,"request_end":1576624446325,"request_duration":8386,"type":"3008"}
{"start":1576624444625,"end":1576624447782,"duration":3157,"downloading_duration":981,"execution_duration":1613,"uploading_duration":563,"executable":"ellipsoids-openmp","args":["0.dat","016.log","016.xoutput"],"id":22,"resource":"3008","request_start":1576624438025,"request_end":1576624447803,"request_duration":9778,"type":"3008"}
{"start":1576624444589,"end":1576624447803,"duration":3214,"downloading_duration":992,"execution_duration":1620,"uploading_duration":602,"executable":"ellipsoids-openmp","args":["0.dat","014.log","014.xoutput"],"id":20,"resource":"3008","request_start":1576624438024,"request_end":1576624447822,"request_duration":9798,"type":"3008"}
{"start":1576624444681,"end":1576624447862,"duration":3181,"downloading_duration":1002,"execution_duration":1591,"uploading_duration":588,"executable":"ellipsoids-openmp","args":["0.dat","020.log","020.xoutput"],"id":26,"resource":"3008","request_start":1576624438027,"request_end":1576624447883,"request_duration":9856,"type":"3008"}
{"start":1576624444644,"end":1576624447870,"duration":3226,"downloading_duration":979,"execution_duration":1662,"uploading_duration":585,"executable":"ellipsoids-openmp","args":["0.dat","018.log","018.xoutput"],"id":24,"resource":"3008","request_start":1576624438026,"request_end":1576624447892,"request_duration":9866,"type":"3008"}
{"start":1576624444713,"end":1576624447882,"duration":3169,"downloading_duration":1011,"execution_duration":1593,"uploading_duration":565,"executable":"ellipsoids-openmp","args":["0.dat","023.log","023.xoutput"],"id":29,"resource":"3008","request_start":1576624438029,"request_end":1576624447902,"request_duration":9873,"type":"3008"}
{"start":1576624444721,"end":1576624447888,"duration":3167,"downloading_duration":998,"execution_duration":1573,"uploading_duration":596,"executable":"ellipsoids-openmp","args":["0.dat","025.log","025.xoutput"],"id":31,"resource":"3008","request_start":1576624438030,"request_end":1576624447913,"request_duration":9883,"type":"3008"}
{"start":1576624444631,"end":1576624447903,"duration":3272,"downloading_duration":988,"execution_duration":1651,"uploading_duration":633,"executable":"ellipsoids-openmp","args":["0.dat","017.log","017.xoutput"],"id":23,"resource":"3008","request_start":1576624438026,"request_end":1576624447922,"request_duration":9896,"type":"3008"}
{"start":1576624444716,"end":1576624447909,"duration":3193,"downloading_duration":982,"execution_duration":1652,"uploading_duration":559,"executable":"ellipsoids-openmp","args":["0.dat","024.log","024.xoutput"],"id":30,"resource":"3008","request_start":1576624438030,"request_end":1576624447931,"request_duration":9901,"type":"3008"}
{"start":1576624444653,"end":1576624447934,"duration":3281,"downloading_duration":1083,"execution_duration":1583,"uploading_duration":615,"executable":"ellipsoids-openmp","args":["0.dat","019.log","019.xoutput"],"id":25,"resource":"3008","request_start":1576624438027,"request_end":1576624447955,"request_duration":9928,"type":"3008"}
{"start":1576624444784,"end":1576624447938,"duration":3154,"downloading_duration":1024,"execution_duration":1571,"uploading_duration":559,"executable":"ellipsoids-openmp","args":["0.dat","034.log","034.xoutput"],"id":40,"resource":"3008","request_start":1576624438035,"request_end":1576624447957,"request_duration":9922,"type":"3008"}
{"start":1576624444618,"end":1576624447941,"duration":3323,"downloading_duration":1070,"execution_duration":1653,"uploading_duration":600,"executable":"ellipsoids-openmp","args":["0.dat","015.log","015.xoutput"],"id":21,"resource":"3008","request_start":1576624438025,"request_end":1576624447966,"request_duration":9941,"type":"3008"}
{"start":1576624444749,"end":1576624447942,"duration":3193,"downloading_duration":1028,"execution_duration":1579,"uploading_duration":586,"executable":"ellipsoids-openmp","args":["0.dat","027.log","027.xoutput"],"id":33,"resource":"3008","request_start":1576624438031,"request_end":1576624447969,"request_duration":9938,"type":"3008"}
{"start":1576624444714,"end":1576624447949,"duration":3235,"downloading_duration":1033,"execution_duration":1637,"uploading_duration":565,"executable":"ellipsoids-openmp","args":["0.dat","022.log","022.xoutput"],"id":28,"resource":"3008","request_start":1576624438029,"request_end":1576624447970,"request_duration":9941,"type":"3008"}
{"start":1576624444701,"end":1576624447956,"duration":3255,"downloading_duration":1026,"execution_duration":1686,"uploading_duration":543,"executable":"ellipsoids-openmp","args":["0.dat","021.log","021.xoutput"],"id":27,"resource":"3008","request_start":1576624438028,"request_end":1576624447977,"request_duration":9949,"type":"3008"}
{"start":1576624444731,"end":1576624447967,"duration":3236,"downloading_duration":999,"execution_duration":1649,"uploading_duration":588,"executable":"ellipsoids-openmp","args":["0.dat","026.log","026.xoutput"],"id":32,"resource":"3008","request_start":1576624438031,"request_end":1576624447988,"request_duration":9957,"type":"3008"}
{"start":1576624444772,"end":1576624447978,"duration":3206,"downloading_duration":1065,"execution_duration":1593,"uploading_duration":548,"executable":"ellipsoids-openmp","args":["0.dat","032.log","032.xoutput"],"id":38,"resource":"3008","request_start":1576624438034,"request_end":1576624447997,"request_duration":9963,"type":"3008"}
{"start":1576624444838,"end":1576624447983,"duration":3145,"downloading_duration":1002,"execution_duration":1594,"uploading_duration":549,"executable":"ellipsoids-openmp","args":["0.dat","00.log","00.xoutput"],"id":6,"resource":"3008","request_start":1576624438040,"request_end":1576624448005,"request_duration":9965,"type":"3008"}
{"start":1576624444817,"end":1576624447985,"duration":3168,"downloading_duration":1006,"execution_duration":1579,"uploading_duration":583,"executable":"ellipsoids-openmp","args":["0.dat","039.log","039.xoutput"],"id":45,"resource":"3008","request_start":1576624438037,"request_end":1576624448008,"request_duration":9971,"type":"3008"}
{"start":1576624444766,"end":1576624447989,"duration":3223,"downloading_duration":1078,"execution_duration":1583,"uploading_duration":562,"executable":"ellipsoids-openmp","args":["0.dat","031.log","031.xoutput"],"id":37,"resource":"3008","request_start":1576624438033,"request_end":1576624448016,"request_duration":9983,"type":"3008"}
{"start":1576624444875,"end":1576624447997,"duration":3122,"downloading_duration":1015,"execution_duration":1519,"uploading_duration":588,"executable":"ellipsoids-openmp","args":["3.dat","31.log","31.xoutput"],"id":142,"resource":"3008","request_start":1576624438043,"request_end":1576624448023,"request_duration":9980,"type":"3008"}
{"start":1576624444784,"end":1576624447998,"duration":3214,"downloading_duration":997,"execution_duration":1601,"uploading_duration":616,"executable":"ellipsoids-openmp","args":["0.dat","035.log","035.xoutput"],"id":41,"resource":"3008","request_start":1576624438035,"request_end":1576624448025,"request_duration":9990,"type":"3008"}
{"start":1576624444838,"end":1576624448009,"duration":3171,"downloading_duration":1000,"execution_duration":1609,"uploading_duration":562,"executable":"ellipsoids-openmp","args":["0.dat","01.log","01.xoutput"],"id":7,"resource":"3008","request_start":1576624438041,"request_end":1576624448030,"request_duration":9989,"type":"3008"}
{"start":1576624444790,"end":1576624448011,"duration":3221,"downloading_duration":1028,"execution_duration":1604,"uploading_duration":589,"executable":"ellipsoids-openmp","args":["0.dat","037.log","037.xoutput"],"id":43,"resource":"3008","request_start":1576624438036,"request_end":1576624448035,"request_duration":9999,"type":"3008"}
{"start":1576624444822,"end":1576624448029,"duration":3207,"downloading_duration":1007,"execution_duration":1601,"uploading_duration":599,"executable":"ellipsoids-openmp","args":["0.dat","042.log","042.xoutput"],"id":48,"resource":"3008","request_start":1576624438039,"request_end":1576624448046,"request_duration":10007,"type":"3008"}
{"start":1576624444946,"end":1576624448036,"duration":3090,"downloading_duration":1008,"execution_duration":1486,"uploading_duration":596,"executable":"ellipsoids-openmp","args":["3.dat","37.log","37.xoutput"],"id":148,"resource":"3008","request_start":1576624438046,"request_end":1576624448056,"request_duration":10010,"type":"3008"}
{"start":1576624444876,"end":1576624448051,"duration":3175,"downloading_duration":1038,"execution_duration":1564,"uploading_duration":573,"executable":"ellipsoids-openmp","args":["3.dat","30.log","30.xoutput"],"id":141,"resource":"3008","request_start":1576624438042,"request_end":1576624448081,"request_duration":10039,"type":"3008"}
{"start":1576624444887,"end":1576624448054,"duration":3167,"downloading_duration":1031,"execution_duration":1584,"uploading_duration":552,"executable":"ellipsoids-openmp","args":["3.dat","33.log","33.xoutput"],"id":144,"resource":"3008","request_start":1576624438044,"request_end":1576624448083,"request_duration":10039,"type":"3008"}
{"start":1576624444781,"end":1576624448062,"duration":3281,"downloading_duration":1064,"execution_duration":1658,"uploading_duration":559,"executable":"ellipsoids-openmp","args":["0.dat","033.log","033.xoutput"],"id":39,"resource":"3008","request_start":1576624438034,"request_end":1576624448093,"request_duration":10059,"type":"3008"}
{"start":1576624444795,"end":1576624448067,"duration":3272,"downloading_duration":1013,"execution_duration":1655,"uploading_duration":604,"executable":"ellipsoids-openmp","args":["0.dat","038.log","038.xoutput"],"id":44,"resource":"3008","request_start":1576624438037,"request_end":1576624448094,"request_duration":10057,"type":"3008"}
{"start":1576624444767,"end":1576624448068,"duration":3301,"downloading_duration":1077,"execution_duration":1644,"uploading_duration":580,"executable":"ellipsoids-openmp","args":["0.dat","030.log","030.xoutput"],"id":36,"resource":"3008","request_start":1576624438033,"request_end":1576624448097,"request_duration":10064,"type":"3008"}
{"start":1576624444879,"end":1576624448087,"duration":3208,"downloading_duration":1031,"execution_duration":1566,"uploading_duration":611,"executable":"ellipsoids-openmp","args":["3.dat","32.log","32.xoutput"],"id":143,"resource":"3008","request_start":1576624438043,"request_end":1576624448107,"request_duration":10064,"type":"3008"}
{"start":1576624444763,"end":1576624448091,"duration":3328,"downloading_duration":1074,"execution_duration":1655,"uploading_duration":599,"executable":"ellipsoids-openmp","args":["0.dat","028.log","028.xoutput"],"id":34,"resource":"3008","request_start":1576624438032,"request_end":1576624448109,"request_duration":10077,"type":"3008"}
{"start":1576624444766,"end":1576624448096,"duration":3330,"downloading_duration":1106,"execution_duration":1637,"uploading_duration":587,"executable":"ellipsoids-openmp","args":["0.dat","029.log","029.xoutput"],"id":35,"resource":"3008","request_start":1576624438032,"request_end":1576624448124,"request_duration":10092,"type":"3008"}
{"start":1576624444924,"end":1576624448097,"duration":3173,"downloading_duration":1041,"execution_duration":1565,"uploading_duration":567,"executable":"ellipsoids-openmp","args":["3.dat","35.log","35.xoutput"],"id":146,"resource":"3008","request_start":1576624438045,"request_end":1576624448126,"request_duration":10081,"type":"3008"}
{"start":1576624444825,"end":1576624448098,"duration":3273,"downloading_duration":1074,"execution_duration":1602,"uploading_duration":597,"executable":"ellipsoids-openmp","args":["0.dat","044.log","044.xoutput"],"id":50,"resource":"3008","request_start":1576624438040,"request_end":1576624448129,"request_duration":10089,"type":"3008"}
{"start":1576624444826,"end":1576624448107,"duration":3281,"downloading_duration":1084,"execution_duration":1620,"uploading_duration":577,"executable":"ellipsoids-openmp","args":["0.dat","043.log","043.xoutput"],"id":49,"resource":"3008","request_start":1576624438039,"request_end":1576624448132,"request_duration":10093,"type":"3008"}
{"start":1576624444820,"end":1576624448123,"duration":3303,"downloading_duration":1044,"execution_duration":1672,"uploading_duration":587,"executable":"ellipsoids-openmp","args":["0.dat","041.log","041.xoutput"],"id":47,"resource":"3008","request_start":1576624438038,"request_end":1576624448148,"request_duration":10110,"type":"3008"}
{"start":1576624444819,"end":1576624448124,"duration":3305,"downloading_duration":993,"execution_duration":1660,"uploading_duration":652,"executable":"ellipsoids-openmp","args":["0.dat","040.log","040.xoutput"],"id":46,"resource":"3008","request_start":1576624438038,"request_end":1576624448149,"request_duration":10111,"type":"3008"}
{"start":1576624444842,"end":1576624448133,"duration":3291,"downloading_duration":1041,"execution_duration":1643,"uploading_duration":607,"executable":"ellipsoids-openmp","args":["0.dat","02.log","02.xoutput"],"id":8,"resource":"3008","request_start":1576624438041,"request_end":1576624448154,"request_duration":10113,"type":"3008"}
{"start":1576624444849,"end":1576624448139,"duration":3290,"downloading_duration":1064,"execution_duration":1590,"uploading_duration":636,"executable":"ellipsoids-openmp","args":["0.dat","03.log","03.xoutput"],"id":9,"resource":"3008","request_start":1576624438042,"request_end":1576624448161,"request_duration":10119,"type":"3008"}
{"start":1576624444941,"end":1576624448160,"duration":3219,"downloading_duration":1087,"execution_duration":1499,"uploading_duration":633,"executable":"ellipsoids-openmp","args":["3.dat","36.log","36.xoutput"],"id":147,"resource":"3008","request_start":1576624438045,"request_end":1576624448179,"request_duration":10134,"type":"3008"}
{"start":1576624444969,"end":1576624448184,"duration":3215,"downloading_duration":1140,"execution_duration":1474,"uploading_duration":601,"executable":"ellipsoids-openmp","args":["3.dat","38.log","38.xoutput"],"id":149,"resource":"3008","request_start":1576624438047,"request_end":1576624448204,"request_duration":10157,"type":"3008"}
{"start":1576624444897,"end":1576624448194,"duration":3297,"downloading_duration":1272,"execution_duration":1437,"uploading_duration":588,"executable":"ellipsoids-openmp","args":["3.dat","34.log","34.xoutput"],"id":145,"resource":"3008","request_start":1576624438044,"request_end":1576624448213,"request_duration":10169,"type":"3008"}
{"start":1576624445183,"end":1576624448235,"duration":3052,"downloading_duration":992,"execution_duration":1465,"uploading_duration":595,"executable":"ellipsoids-openmp","args":["3.dat","310.log","310.xoutput"],"id":151,"resource":"3008","request_start":1576624438048,"request_end":1576624448255,"request_duration":10207,"type":"3008"}
{"start":1576624445043,"end":1576624448249,"duration":3206,"downloading_duration":1051,"execution_duration":1495,"uploading_duration":660,"executable":"ellipsoids-openmp","args":["3.dat","39.log","39.xoutput"],"id":150,"resource":"3008","request_start":1576624438047,"request_end":1576624448272,"request_duration":10225,"type":"3008"}
{"start":1576624445190,"end":1576624448285,"duration":3095,"downloading_duration":1078,"execution_duration":1442,"uploading_duration":575,"executable":"ellipsoids-openmp","args":["3.dat","311.log","311.xoutput"],"id":152,"resource":"3008","request_start":1576624438048,"request_end":1576624448305,"request_duration":10257,"type":"3008"}
{"start":1576624444786,"end":1576624448623,"duration":3837,"downloading_duration":1737,"execution_duration":1538,"uploading_duration":562,"executable":"ellipsoids-openmp","args":["0.dat","036.log","036.xoutput"],"id":42,"resource":"3008","request_start":1576624438036,"request_end":1576624448642,"request_duration":10606,"type":"3008"}
{"start":1576624445559,"end":1576624448686,"duration":3127,"downloading_duration":1071,"execution_duration":1479,"uploading_duration":577,"executable":"ellipsoids-openmp","args":["3.dat","312.log","312.xoutput"],"id":153,"resource":"3008","request_start":1576624438049,"request_end":1576624448704,"request_duration":10655,"type":"3008"}
{"start":1576624445877,"end":1576624448924,"duration":3047,"downloading_duration":1015,"execution_duration":1469,"uploading_duration":563,"executable":"ellipsoids-openmp","args":["3.dat","313.log","313.xoutput"],"id":154,"resource":"3008","request_start":1576624438049,"request_end":1576624449020,"request_duration":10971,"type":"3008"}
{"start":1576624446351,"end":1576624449460,"duration":3109,"downloading_duration":1081,"execution_duration":1458,"uploading_duration":570,"executable":"ellipsoids-openmp","args":["3.dat","314.log","314.xoutput"],"id":155,"resource":"3008","request_start":1576624438050,"request_end":1576624449483,"request_duration":11433,"type":"3008"}
{"start":1576624448143,"end":1576624449584,"duration":1441,"downloading_duration":1057,"execution_duration":3,"uploading_duration":381,"executable":"mean-pack-ell","args":["20.xoutput","21.xoutput","22.xoutput","23.xoutput","24.xoutput","25.xoutput","26.xoutput","27.xoutput","28.xoutput","29.xoutput","210.xoutput","211.xoutput","212.xoutput","213.xoutput","214.xoutput","215.xoutput","216.xoutput","217.xoutput","218.xoutput","219.xoutput","220.xoutput","221.xoutput","222.xoutput","223.xoutput","224.xoutput","225.xoutput","226.xoutput","227.xoutput","228.xoutput","229.xoutput","230.xoutput","231.xoutput","232.xoutput","233.xoutput","234.xoutput","235.xoutput","236.xoutput","237.xoutput","238.xoutput","239.xoutput","240.xoutput","241.xoutput","242.xoutput","243.xoutput","244.xoutput","average_2.txt"],"id":188,"resource":"3008","request_start":1576624446344,"request_end":1576624449606,"request_duration":3262,"type":"3008"}
{"start":1576624448144,"end":1576624449672,"duration":1528,"downloading_duration":1104,"execution_duration":4,"uploading_duration":420,"executable":"mean-pack-ell","args":["10.xoutput","11.xoutput","12.xoutput","13.xoutput","14.xoutput","15.xoutput","16.xoutput","17.xoutput","18.xoutput","19.xoutput","110.xoutput","111.xoutput","112.xoutput","113.xoutput","114.xoutput","115.xoutput","116.xoutput","117.xoutput","118.xoutput","119.xoutput","120.xoutput","121.xoutput","122.xoutput","123.xoutput","124.xoutput","125.xoutput","126.xoutput","127.xoutput","128.xoutput","129.xoutput","130.xoutput","131.xoutput","132.xoutput","133.xoutput","134.xoutput","135.xoutput","136.xoutput","137.xoutput","138.xoutput","139.xoutput","140.xoutput","141.xoutput","142.xoutput","143.xoutput","144.xoutput","average_1.txt"],"id":187,"resource":"3008","request_start":1576624441769,"request_end":1576624449691,"request_duration":7922,"type":"3008"}
{"start":1576624448764,"end":1576624450297,"duration":1533,"downloading_duration":1118,"execution_duration":5,"uploading_duration":410,"executable":"mean-pack-ell","args":["00.xoutput","01.xoutput","02.xoutput","03.xoutput","04.xoutput","05.xoutput","06.xoutput","07.xoutput","08.xoutput","09.xoutput","010.xoutput","011.xoutput","012.xoutput","013.xoutput","014.xoutput","015.xoutput","016.xoutput","017.xoutput","018.xoutput","019.xoutput","020.xoutput","021.xoutput","022.xoutput","023.xoutput","024.xoutput","025.xoutput","026.xoutput","027.xoutput","028.xoutput","029.xoutput","030.xoutput","031.xoutput","032.xoutput","033.xoutput","034.xoutput","035.xoutput","036.xoutput","037.xoutput","038.xoutput","039.xoutput","040.xoutput","041.xoutput","042.xoutput","043.xoutput","044.xoutput","average_0.txt"],"id":186,"resource":"3008","request_start":1576624448654,"request_end":1576624450314,"request_duration":1660,"type":"3008"}
{"start":1576624447950,"end":1576624450881,"duration":2931,"downloading_duration":993,"execution_duration":1381,"uploading_duration":557,"executable":"ellipsoids-openmp","args":["3.dat","321.log","321.xoutput"],"id":162,"resource":"3008","request_start":1576624438054,"request_end":1576624450905,"request_duration":12851,"type":"3008"}
{"start":1576624447830,"end":1576624450891,"duration":3061,"downloading_duration":1008,"execution_duration":1443,"uploading_duration":610,"executable":"ellipsoids-openmp","args":["3.dat","315.log","315.xoutput"],"id":156,"resource":"3008","request_start":1576624438050,"request_end":1576624450921,"request_duration":12871,"type":"3008"}
{"start":1576624447929,"end":1576624450965,"duration":3036,"downloading_duration":1040,"execution_duration":1376,"uploading_duration":620,"executable":"ellipsoids-openmp","args":["3.dat","319.log","319.xoutput"],"id":160,"resource":"3008","request_start":1576624438052,"request_end":1576624450987,"request_duration":12935,"type":"3008"}
{"start":1576624447849,"end":1576624450973,"duration":3124,"downloading_duration":1122,"execution_duration":1440,"uploading_duration":562,"executable":"ellipsoids-openmp","args":["3.dat","316.log","316.xoutput"],"id":157,"resource":"3008","request_start":1576624438051,"request_end":1576624451069,"request_duration":13018,"type":"3008"}
{"start":1576624447920,"end":1576624450999,"duration":3079,"downloading_duration":1023,"execution_duration":1480,"uploading_duration":576,"executable":"ellipsoids-openmp","args":["3.dat","318.log","318.xoutput"],"id":159,"resource":"3008","request_start":1576624438052,"request_end":1576624451072,"request_duration":13020,"type":"3008"}
{"start":1576624447938,"end":1576624451062,"duration":3124,"downloading_duration":1046,"execution_duration":1401,"uploading_duration":677,"executable":"ellipsoids-openmp","args":["3.dat","320.log","320.xoutput"],"id":161,"resource":"3008","request_start":1576624438053,"request_end":1576624451096,"request_duration":13043,"type":"3008"}
{"start":1576624447998,"end":1576624451096,"duration":3098,"downloading_duration":989,"execution_duration":1505,"uploading_duration":604,"executable":"ellipsoids-openmp","args":["3.dat","327.log","327.xoutput"],"id":168,"resource":"3008","request_start":1576624438057,"request_end":1576624451117,"request_duration":13060,"type":"3008"}
{"start":1576624447995,"end":1576624451110,"duration":3115,"downloading_duration":1084,"execution_duration":1456,"uploading_duration":575,"executable":"ellipsoids-openmp","args":["3.dat","325.log","325.xoutput"],"id":166,"resource":"3008","request_start":1576624438056,"request_end":1576624451130,"request_duration":13074,"type":"3008"}
{"start":1576624447915,"end":1576624451115,"duration":3200,"downloading_duration":1088,"execution_duration":1490,"uploading_duration":622,"executable":"ellipsoids-openmp","args":["3.dat","317.log","317.xoutput"],"id":158,"resource":"3008","request_start":1576624438051,"request_end":1576624451137,"request_duration":13086,"type":"3008"}
{"start":1576624448024,"end":1576624451116,"duration":3092,"downloading_duration":997,"execution_duration":1500,"uploading_duration":595,"executable":"ellipsoids-openmp","args":["3.dat","330.log","330.xoutput"],"id":171,"resource":"3008","request_start":1576624438058,"request_end":1576624451138,"request_duration":13080,"type":"3008"}
{"start":1576624447988,"end":1576624451118,"duration":3130,"downloading_duration":1068,"execution_duration":1463,"uploading_duration":599,"executable":"ellipsoids-openmp","args":["3.dat","324.log","324.xoutput"],"id":165,"resource":"3008","request_start":1576624438055,"request_end":1576624451146,"request_duration":13091,"type":"3008"}
{"start":1576624448002,"end":1576624451128,"duration":3126,"downloading_duration":989,"execution_duration":1502,"uploading_duration":635,"executable":"ellipsoids-openmp","args":["3.dat","328.log","328.xoutput"],"id":169,"resource":"3008","request_start":1576624438057,"request_end":1576624451149,"request_duration":13092,"type":"3008"}
{"start":1576624448062,"end":1576624451138,"duration":3076,"downloading_duration":979,"execution_duration":1523,"uploading_duration":574,"executable":"ellipsoids-openmp","args":["3.dat","337.log","337.xoutput"],"id":178,"resource":"3008","request_start":1576624438062,"request_end":1576624451158,"request_duration":13096,"type":"3008"}
{"start":1576624448041,"end":1576624451142,"duration":3101,"downloading_duration":1096,"execution_duration":1425,"uploading_duration":580,"executable":"ellipsoids-openmp","args":["3.dat","331.log","331.xoutput"],"id":172,"resource":"3008","request_start":1576624438059,"request_end":1576624451166,"request_duration":13107,"type":"3008"}
{"start":1576624448058,"end":1576624451146,"duration":3088,"downloading_duration":997,"execution_duration":1506,"uploading_duration":585,"executable":"ellipsoids-openmp","args":["3.dat","333.log","333.xoutput"],"id":174,"resource":"3008","request_start":1576624438060,"request_end":1576624451169,"request_duration":13109,"type":"3008"}
{"start":1576624447982,"end":1576624451145,"duration":3163,"downloading_duration":1057,"execution_duration":1513,"uploading_duration":593,"executable":"ellipsoids-openmp","args":["3.dat","323.log","323.xoutput"],"id":164,"resource":"3008","request_start":1576624438055,"request_end":1576624451171,"request_duration":13116,"type":"3008"}
{"start":1576624448072,"end":1576624451150,"duration":3078,"downloading_duration":997,"execution_duration":1465,"uploading_duration":616,"executable":"ellipsoids-openmp","args":["3.dat","338.log","338.xoutput"],"id":179,"resource":"3008","request_start":1576624438063,"request_end":1576624451177,"request_duration":13114,"type":"3008"}
{"start":1576624447995,"end":1576624451167,"duration":3172,"downloading_duration":1077,"execution_duration":1519,"uploading_duration":576,"executable":"ellipsoids-openmp","args":["3.dat","326.log","326.xoutput"],"id":167,"resource":"3008","request_start":1576624438056,"request_end":1576624451192,"request_duration":13136,"type":"3008"}
{"start":1576624447964,"end":1576624451172,"duration":3208,"downloading_duration":1065,"execution_duration":1534,"uploading_duration":609,"executable":"ellipsoids-openmp","args":["3.dat","322.log","322.xoutput"],"id":163,"resource":"3008","request_start":1576624438054,"request_end":1576624451200,"request_duration":13146,"type":"3008"}
{"start":1576624448108,"end":1576624451177,"duration":3069,"downloading_duration":1040,"execution_duration":1464,"uploading_duration":565,"executable":"ellipsoids-openmp","args":["3.dat","341.log","341.xoutput"],"id":182,"resource":"3008","request_start":1576624438064,"request_end":1576624451203,"request_duration":13139,"type":"3008"}
{"start":1576624448014,"end":1576624451178,"duration":3164,"downloading_duration":1082,"execution_duration":1504,"uploading_duration":578,"executable":"ellipsoids-openmp","args":["3.dat","329.log","329.xoutput"],"id":170,"resource":"3008","request_start":1576624438058,"request_end":1576624451204,"request_duration":13146,"type":"3008"}
{"start":1576624448082,"end":1576624451179,"duration":3097,"downloading_duration":996,"execution_duration":1532,"uploading_duration":569,"executable":"ellipsoids-openmp","args":["3.dat","339.log","339.xoutput"],"id":180,"resource":"3008","request_start":1576624438063,"request_end":1576624451206,"request_duration":13143,"type":"3008"}
{"start":1576624448064,"end":1576624451194,"duration":3130,"downloading_duration":1029,"execution_duration":1515,"uploading_duration":586,"executable":"ellipsoids-openmp","args":["3.dat","335.log","335.xoutput"],"id":176,"resource":"3008","request_start":1576624438061,"request_end":1576624451224,"request_duration":13163,"type":"3008"}
{"start":1576624448110,"end":1576624451211,"duration":3101,"downloading_duration":1000,"execution_duration":1500,"uploading_duration":601,"executable":"ellipsoids-openmp","args":["3.dat","340.log","340.xoutput"],"id":181,"resource":"3008","request_start":1576624438064,"request_end":1576624451233,"request_duration":13169,"type":"3008"}
{"start":1576624448058,"end":1576624451218,"duration":3160,"downloading_duration":992,"execution_duration":1549,"uploading_duration":619,"executable":"ellipsoids-openmp","args":["3.dat","332.log","332.xoutput"],"id":173,"resource":"3008","request_start":1576624438059,"request_end":1576624451239,"request_duration":13180,"type":"3008"}
{"start":1576624448128,"end":1576624451230,"duration":3102,"downloading_duration":1042,"execution_duration":1462,"uploading_duration":598,"executable":"ellipsoids-openmp","args":["3.dat","344.log","344.xoutput"],"id":185,"resource":"3008","request_start":1576624438066,"request_end":1576624451249,"request_duration":13183,"type":"3008"}
{"start":1576624448063,"end":1576624451240,"duration":3177,"downloading_duration":1074,"execution_duration":1456,"uploading_duration":647,"executable":"ellipsoids-openmp","args":["3.dat","336.log","336.xoutput"],"id":177,"resource":"3008","request_start":1576624438062,"request_end":1576624451262,"request_duration":13200,"type":"3008"}
{"start":1576624448123,"end":1576624451244,"duration":3121,"downloading_duration":1032,"execution_duration":1493,"uploading_duration":596,"executable":"ellipsoids-openmp","args":["3.dat","342.log","342.xoutput"],"id":183,"resource":"3008","request_start":1576624438065,"request_end":1576624451265,"request_duration":13200,"type":"3008"}
{"start":1576624448126,"end":1576624451246,"duration":3120,"downloading_duration":1083,"execution_duration":1465,"uploading_duration":572,"executable":"ellipsoids-openmp","args":["3.dat","343.log","343.xoutput"],"id":184,"resource":"3008","request_start":1576624438066,"request_end":1576624451269,"request_duration":13203,"type":"3008"}
{"start":1576624448061,"end":1576624451990,"duration":3929,"downloading_duration":1865,"execution_duration":1480,"uploading_duration":584,"executable":"ellipsoids-openmp","args":["3.dat","334.log","334.xoutput"],"id":175,"resource":"3008","request_start":1576624438060,"request_end":1576624452009,"request_duration":13949,"type":"3008"}
{"start":1576624452229,"end":1576624453695,"duration":1466,"downloading_duration":1028,"execution_duration":3,"uploading_duration":435,"executable":"mean-pack-ell","args":["30.xoutput","31.xoutput","32.xoutput","33.xoutput","34.xoutput","35.xoutput","36.xoutput","37.xoutput","38.xoutput","39.xoutput","310.xoutput","311.xoutput","312.xoutput","313.xoutput","314.xoutput","315.xoutput","316.xoutput","317.xoutput","318.xoutput","319.xoutput","320.xoutput","321.xoutput","322.xoutput","323.xoutput","324.xoutput","325.xoutput","326.xoutput","327.xoutput","328.xoutput","329.xoutput","330.xoutput","331.xoutput","332.xoutput","333.xoutput","334.xoutput","335.xoutput","336.xoutput","337.xoutput","338.xoutput","339.xoutput","340.xoutput","341.xoutput","342.xoutput","343.xoutput","344.xoutput","average_3.txt"],"id":189,"resource":"3008","request_start":1576624452019,"request_end":1576624453714,"request_duration":1695,"type":"3008"}
{"start":1576624453885,"end":1576624454711,"duration":826,"downloading_duration":374,"execution_duration":64,"uploading_duration":388,"executable":"summary.js","args":[],"id":190,"resource":"3008","request_start":1576624453722,"request_end":1576624454729,"request_duration":1007,"type":"3008"}
