{"start":1576624397475,"end":1576624398680,"duration":1205,"downloading_duration":742,"execution_duration":73,"uploading_duration":390,"executable":"generateData.js","args":[],"id":1,"resource":"3008","request_start":1576624396842,"request_end":1576624398717,"request_duration":1875,"type":"3008"}
{"start":1576624398845,"end":1576624399684,"duration":839,"downloading_duration":379,"execution_duration":70,"uploading_duration":390,"executable":"createDat.js","args":["1.dat"],"id":3,"resource":"3008","request_start":1576624398737,"request_end":1576624399701,"request_duration":964,"type":"3008"}
{"start":1576624399309,"end":1576624400306,"duration":997,"downloading_duration":515,"execution_duration":71,"uploading_duration":411,"executable":"createDat.js","args":["2.dat"],"id":4,"resource":"3008","request_start":1576624398741,"request_end":1576624400328,"request_duration":1587,"type":"3008"}
{"start":1576624399300,"end":1576624400326,"duration":1026,"downloading_duration":521,"execution_duration":72,"uploading_duration":433,"executable":"createDat.js","args":["0.dat"],"id":2,"resource":"3008","request_start":1576624398732,"request_end":1576624400351,"request_duration":1619,"type":"3008"}
{"start":1576624399320,"end":1576624400341,"duration":1021,"downloading_duration":527,"execution_duration":71,"uploading_duration":423,"executable":"createDat.js","args":["3.dat"],"id":5,"resource":"3008","request_start":1576624398744,"request_end":1576624400371,"request_duration":1627,"type":"3008"}
{"start":1576624400048,"end":1576624403163,"duration":3115,"downloading_duration":1030,"execution_duration":1492,"uploading_duration":593,"executable":"ellipsoids-openmp","args":["1.dat","11.log","11.xoutput"],"id":52,"resource":"3008","request_start":1576624399744,"request_end":1576624403193,"request_duration":3449,"type":"3008"}
{"start":1576624400496,"end":1576624403622,"duration":3126,"downloading_duration":1111,"execution_duration":1442,"uploading_duration":573,"executable":"ellipsoids-openmp","args":["1.dat","15.log","15.xoutput"],"id":56,"resource":"3008","request_start":1576624399750,"request_end":1576624403643,"request_duration":3893,"type":"3008"}
{"start":1576624400477,"end":1576624403688,"duration":3211,"downloading_duration":1140,"execution_duration":1462,"uploading_duration":609,"executable":"ellipsoids-openmp","args":["1.dat","14.log","14.xoutput"],"id":55,"resource":"3008","request_start":1576624399749,"request_end":1576624403708,"request_duration":3959,"type":"3008"}
{"start":1576624400569,"end":1576624403696,"duration":3127,"downloading_duration":1073,"execution_duration":1483,"uploading_duration":571,"executable":"ellipsoids-openmp","args":["1.dat","115.log","115.xoutput"],"id":66,"resource":"3008","request_start":1576624399762,"request_end":1576624403717,"request_duration":3955,"type":"3008"}
{"start":1576624400587,"end":1576624403703,"duration":3116,"downloading_duration":1088,"execution_duration":1461,"uploading_duration":567,"executable":"ellipsoids-openmp","args":["1.dat","123.log","123.xoutput"],"id":74,"resource":"3008","request_start":1576624399770,"request_end":1576624403723,"request_duration":3953,"type":"3008"}
{"start":1576624400559,"end":1576624403704,"duration":3145,"downloading_duration":1152,"execution_duration":1429,"uploading_duration":564,"executable":"ellipsoids-openmp","args":["1.dat","122.log","122.xoutput"],"id":73,"resource":"3008","request_start":1576624399769,"request_end":1576624403726,"request_duration":3957,"type":"3008"}
{"start":1576624400489,"end":1576624403717,"duration":3228,"downloading_duration":1093,"execution_duration":1461,"uploading_duration":674,"executable":"ellipsoids-openmp","args":["1.dat","10.log","10.xoutput"],"id":51,"resource":"3008","request_start":1576624399742,"request_end":1576624403737,"request_duration":3995,"type":"3008"}
{"start":1576624400569,"end":1576624403731,"duration":3162,"downloading_duration":1086,"execution_duration":1487,"uploading_duration":589,"executable":"ellipsoids-openmp","args":["1.dat","110.log","110.xoutput"],"id":61,"resource":"3008","request_start":1576624399757,"request_end":1576624403751,"request_duration":3994,"type":"3008"}
{"start":1576624400569,"end":1576624403747,"duration":3178,"downloading_duration":1061,"execution_duration":1453,"uploading_duration":664,"executable":"ellipsoids-openmp","args":["1.dat","121.log","121.xoutput"],"id":72,"resource":"3008","request_start":1576624399769,"request_end":1576624403765,"request_duration":3996,"type":"3008"}
{"start":1576624400458,"end":1576624403754,"duration":3296,"downloading_duration":1208,"execution_duration":1521,"uploading_duration":567,"executable":"ellipsoids-openmp","args":["1.dat","16.log","16.xoutput"],"id":57,"resource":"3008","request_start":1576624399752,"request_end":1576624403773,"request_duration":4021,"type":"3008"}
{"start":1576624400591,"end":1576624403762,"duration":3171,"downloading_duration":1112,"execution_duration":1495,"uploading_duration":564,"executable":"ellipsoids-openmp","args":["1.dat","133.log","133.xoutput"],"id":84,"resource":"3008","request_start":1576624399781,"request_end":1576624403782,"request_duration":4001,"type":"3008"}
{"start":1576624400556,"end":1576624403764,"duration":3208,"downloading_duration":1146,"execution_duration":1469,"uploading_duration":593,"executable":"ellipsoids-openmp","args":["1.dat","128.log","128.xoutput"],"id":79,"resource":"3008","request_start":1576624399775,"request_end":1576624403785,"request_duration":4010,"type":"3008"}
{"start":1576624400572,"end":1576624403773,"duration":3201,"downloading_duration":1174,"execution_duration":1431,"uploading_duration":596,"executable":"ellipsoids-openmp","args":["1.dat","118.log","118.xoutput"],"id":69,"resource":"3008","request_start":1576624399765,"request_end":1576624403792,"request_duration":4027,"type":"3008"}
{"start":1576624400591,"end":1576624403784,"duration":3193,"downloading_duration":1197,"execution_duration":1429,"uploading_duration":567,"executable":"ellipsoids-openmp","args":["1.dat","136.log","136.xoutput"],"id":87,"resource":"3008","request_start":1576624399788,"request_end":1576624403805,"request_duration":4017,"type":"3008"}
{"start":1576624400603,"end":1576624403787,"duration":3184,"downloading_duration":1133,"execution_duration":1447,"uploading_duration":604,"executable":"ellipsoids-openmp","args":["1.dat","135.log","135.xoutput"],"id":86,"resource":"3008","request_start":1576624399787,"request_end":1576624403809,"request_duration":4022,"type":"3008"}
{"start":1576624400584,"end":1576624403789,"duration":3205,"downloading_duration":1180,"execution_duration":1456,"uploading_duration":569,"executable":"ellipsoids-openmp","args":["1.dat","130.log","130.xoutput"],"id":81,"resource":"3008","request_start":1576624399778,"request_end":1576624403813,"request_duration":4035,"type":"3008"}
{"start":1576624400581,"end":1576624403793,"duration":3212,"downloading_duration":1149,"execution_duration":1471,"uploading_duration":592,"executable":"ellipsoids-openmp","args":["1.dat","120.log","120.xoutput"],"id":71,"resource":"3008","request_start":1576624399768,"request_end":1576624403815,"request_duration":4047,"type":"3008"}
{"start":1576624400470,"end":1576624403805,"duration":3335,"downloading_duration":1258,"execution_duration":1470,"uploading_duration":607,"executable":"ellipsoids-openmp","args":["1.dat","17.log","17.xoutput"],"id":58,"resource":"3008","request_start":1576624399753,"request_end":1576624403838,"request_duration":4085,"type":"3008"}
{"start":1576624400578,"end":1576624403806,"duration":3228,"downloading_duration":1242,"execution_duration":1394,"uploading_duration":592,"executable":"ellipsoids-openmp","args":["1.dat","126.log","126.xoutput"],"id":77,"resource":"3008","request_start":1576624399773,"request_end":1576624403840,"request_duration":4067,"type":"3008"}
{"start":1576624400608,"end":1576624403811,"duration":3203,"downloading_duration":1115,"execution_duration":1476,"uploading_duration":612,"executable":"ellipsoids-openmp","args":["1.dat","138.log","138.xoutput"],"id":89,"resource":"3008","request_start":1576624399790,"request_end":1576624403841,"request_duration":4051,"type":"3008"}
{"start":1576624400576,"end":1576624403813,"duration":3237,"downloading_duration":1082,"execution_duration":1540,"uploading_duration":615,"executable":"ellipsoids-openmp","args":["2.dat","25.log","25.xoutput"],"id":101,"resource":"3008","request_start":1576624400375,"request_end":1576624403842,"request_duration":3467,"type":"3008"}
{"start":1576624400571,"end":1576624403813,"duration":3242,"downloading_duration":1256,"execution_duration":1396,"uploading_duration":590,"executable":"ellipsoids-openmp","args":["1.dat","125.log","125.xoutput"],"id":76,"resource":"3008","request_start":1576624399772,"request_end":1576624403842,"request_duration":4070,"type":"3008"}
{"start":1576624400595,"end":1576624403814,"duration":3219,"downloading_duration":1150,"execution_duration":1485,"uploading_duration":584,"executable":"ellipsoids-openmp","args":["1.dat","134.log","134.xoutput"],"id":85,"resource":"3008","request_start":1576624399785,"request_end":1576624403843,"request_duration":4058,"type":"3008"}
{"start":1576624400547,"end":1576624403813,"duration":3266,"downloading_duration":1205,"execution_duration":1477,"uploading_duration":584,"executable":"ellipsoids-openmp","args":["1.dat","112.log","112.xoutput"],"id":63,"resource":"3008","request_start":1576624399759,"request_end":1576624403844,"request_duration":4085,"type":"3008"}
{"start":1576624400593,"end":1576624403822,"duration":3229,"downloading_duration":1069,"execution_duration":1542,"uploading_duration":618,"executable":"ellipsoids-openmp","args":["2.dat","27.log","27.xoutput"],"id":103,"resource":"3008","request_start":1576624400378,"request_end":1576624403858,"request_duration":3480,"type":"3008"}
{"start":1576624400585,"end":1576624403824,"duration":3239,"downloading_duration":1134,"execution_duration":1479,"uploading_duration":626,"executable":"ellipsoids-openmp","args":["1.dat","127.log","127.xoutput"],"id":78,"resource":"3008","request_start":1576624399774,"request_end":1576624403858,"request_duration":4084,"type":"3008"}
{"start":1576624400602,"end":1576624403825,"duration":3223,"downloading_duration":1168,"execution_duration":1467,"uploading_duration":588,"executable":"ellipsoids-openmp","args":["1.dat","139.log","139.xoutput"],"id":90,"resource":"3008","request_start":1576624399791,"request_end":1576624403859,"request_duration":4068,"type":"3008"}
{"start":1576624400551,"end":1576624403831,"duration":3280,"downloading_duration":1185,"execution_duration":1516,"uploading_duration":579,"executable":"ellipsoids-openmp","args":["1.dat","114.log","114.xoutput"],"id":65,"resource":"3008","request_start":1576624399761,"request_end":1576624403862,"request_duration":4101,"type":"3008"}
{"start":1576624400577,"end":1576624403836,"duration":3259,"downloading_duration":1185,"execution_duration":1476,"uploading_duration":598,"executable":"ellipsoids-openmp","args":["1.dat","124.log","124.xoutput"],"id":75,"resource":"3008","request_start":1576624399771,"request_end":1576624403862,"request_duration":4091,"type":"3008"}
{"start":1576624400572,"end":1576624403840,"duration":3268,"downloading_duration":1203,"execution_duration":1511,"uploading_duration":554,"executable":"ellipsoids-openmp","args":["1.dat","117.log","117.xoutput"],"id":68,"resource":"3008","request_start":1576624399764,"request_end":1576624403874,"request_duration":4110,"type":"3008"}
{"start":1576624400541,"end":1576624403846,"duration":3305,"downloading_duration":1288,"execution_duration":1432,"uploading_duration":585,"executable":"ellipsoids-openmp","args":["1.dat","119.log","119.xoutput"],"id":70,"resource":"3008","request_start":1576624399766,"request_end":1576624403876,"request_duration":4110,"type":"3008"}
{"start":1576624400560,"end":1576624403855,"duration":3295,"downloading_duration":1192,"execution_duration":1516,"uploading_duration":587,"executable":"ellipsoids-openmp","args":["1.dat","116.log","116.xoutput"],"id":67,"resource":"3008","request_start":1576624399763,"request_end":1576624403878,"request_duration":4115,"type":"3008"}
{"start":1576624400589,"end":1576624403856,"duration":3267,"downloading_duration":1168,"execution_duration":1512,"uploading_duration":587,"executable":"ellipsoids-openmp","args":["2.dat","26.log","26.xoutput"],"id":102,"resource":"3008","request_start":1576624400377,"request_end":1576624403897,"request_duration":3520,"type":"3008"}
{"start":1576624400453,"end":1576624403868,"duration":3415,"downloading_duration":1329,"execution_duration":1453,"uploading_duration":633,"executable":"ellipsoids-openmp","args":["1.dat","13.log","13.xoutput"],"id":54,"resource":"3008","request_start":1576624399747,"request_end":1576624403903,"request_duration":4156,"type":"3008"}
{"start":1576624400555,"end":1576624403871,"duration":3316,"downloading_duration":1256,"execution_duration":1473,"uploading_duration":587,"executable":"ellipsoids-openmp","args":["1.dat","111.log","111.xoutput"],"id":62,"resource":"3008","request_start":1576624399758,"request_end":1576624403907,"request_duration":4149,"type":"3008"}
{"start":1576624400570,"end":1576624403899,"duration":3329,"downloading_duration":1172,"execution_duration":1542,"uploading_duration":615,"executable":"ellipsoids-openmp","args":["1.dat","113.log","113.xoutput"],"id":64,"resource":"3008","request_start":1576624399760,"request_end":1576624403922,"request_duration":4162,"type":"3008"}
{"start":1576624400562,"end":1576624403902,"duration":3340,"downloading_duration":1358,"execution_duration":1415,"uploading_duration":567,"executable":"ellipsoids-openmp","args":["1.dat","18.log","18.xoutput"],"id":59,"resource":"3008","request_start":1576624399754,"request_end":1576624403925,"request_duration":4171,"type":"3008"}
{"start":1576624400620,"end":1576624403907,"duration":3287,"downloading_duration":1210,"execution_duration":1466,"uploading_duration":611,"executable":"ellipsoids-openmp","args":["1.dat","144.log","144.xoutput"],"id":95,"resource":"3008","request_start":1576624399796,"request_end":1576624403931,"request_duration":4135,"type":"3008"}
{"start":1576624400561,"end":1576624403908,"duration":3347,"downloading_duration":1319,"execution_duration":1462,"uploading_duration":566,"executable":"ellipsoids-openmp","args":["1.dat","132.log","132.xoutput"],"id":83,"resource":"3008","request_start":1576624399780,"request_end":1576624403933,"request_duration":4153,"type":"3008"}
{"start":1576624400602,"end":1576624403922,"duration":3320,"downloading_duration":1215,"execution_duration":1458,"uploading_duration":647,"executable":"ellipsoids-openmp","args":["1.dat","131.log","131.xoutput"],"id":82,"resource":"3008","request_start":1576624399779,"request_end":1576624403943,"request_duration":4164,"type":"3008"}
{"start":1576624400641,"end":1576624403960,"duration":3319,"downloading_duration":1234,"execution_duration":1452,"uploading_duration":633,"executable":"ellipsoids-openmp","args":["1.dat","137.log","137.xoutput"],"id":88,"resource":"3008","request_start":1576624399789,"request_end":1576624403982,"request_duration":4193,"type":"3008"}
{"start":1576624400607,"end":1576624403972,"duration":3365,"downloading_duration":1211,"execution_duration":1516,"uploading_duration":638,"executable":"ellipsoids-openmp","args":["1.dat","140.log","140.xoutput"],"id":91,"resource":"3008","request_start":1576624399792,"request_end":1576624403994,"request_duration":4202,"type":"3008"}
{"start":1576624400678,"end":1576624403975,"duration":3297,"downloading_duration":1218,"execution_duration":1487,"uploading_duration":592,"executable":"ellipsoids-openmp","args":["1.dat","19.log","19.xoutput"],"id":60,"resource":"3008","request_start":1576624399756,"request_end":1576624403996,"request_duration":4240,"type":"3008"}
{"start":1576624400608,"end":1576624403977,"duration":3369,"downloading_duration":1259,"execution_duration":1502,"uploading_duration":608,"executable":"ellipsoids-openmp","args":["1.dat","141.log","141.xoutput"],"id":92,"resource":"3008","request_start":1576624399793,"request_end":1576624404000,"request_duration":4207,"type":"3008"}
{"start":1576624400610,"end":1576624403993,"duration":3383,"downloading_duration":1319,"execution_duration":1488,"uploading_duration":576,"executable":"ellipsoids-openmp","args":["1.dat","129.log","129.xoutput"],"id":80,"resource":"3008","request_start":1576624399776,"request_end":1576624404015,"request_duration":4239,"type":"3008"}
{"start":1576624400631,"end":1576624404025,"duration":3394,"downloading_duration":1187,"execution_duration":1457,"uploading_duration":750,"executable":"ellipsoids-openmp","args":["1.dat","142.log","142.xoutput"],"id":93,"resource":"3008","request_start":1576624399794,"request_end":1576624404046,"request_duration":4252,"type":"3008"}
{"start":1576624400613,"end":1576624404047,"duration":3434,"downloading_duration":1274,"execution_duration":1491,"uploading_duration":669,"executable":"ellipsoids-openmp","args":["1.dat","143.log","143.xoutput"],"id":94,"resource":"3008","request_start":1576624399794,"request_end":1576624404066,"request_duration":4272,"type":"3008"}
{"start":1576624401031,"end":1576624404349,"duration":3318,"downloading_duration":1208,"execution_duration":1530,"uploading_duration":580,"executable":"ellipsoids-openmp","args":["2.dat","28.log","28.xoutput"],"id":104,"resource":"3008","request_start":1576624400379,"request_end":1576624404371,"request_duration":3992,"type":"3008"}
{"start":1576624401016,"end":1576624404504,"duration":3488,"downloading_duration":1261,"execution_duration":1596,"uploading_duration":631,"executable":"ellipsoids-openmp","args":["2.dat","24.log","24.xoutput"],"id":100,"resource":"3008","request_start":1576624400374,"request_end":1576624404525,"request_duration":4151,"type":"3008"}
{"start":1576624400560,"end":1576624404783,"duration":4223,"downloading_duration":2114,"execution_duration":1539,"uploading_duration":570,"executable":"ellipsoids-openmp","args":["1.dat","12.log","12.xoutput"],"id":53,"resource":"3008","request_start":1576624399746,"request_end":1576624404805,"request_duration":5059,"type":"3008"}
{"start":1576624403223,"end":1576624406512,"duration":3289,"downloading_duration":1161,"execution_duration":1526,"uploading_duration":602,"executable":"ellipsoids-openmp","args":["2.dat","29.log","29.xoutput"],"id":105,"resource":"3008","request_start":1576624400381,"request_end":1576624406535,"request_duration":6154,"type":"3008"}
{"start":1576624403671,"end":1576624406731,"duration":3060,"downloading_duration":1001,"execution_duration":1495,"uploading_duration":564,"executable":"ellipsoids-openmp","args":["2.dat","210.log","210.xoutput"],"id":106,"resource":"3008","request_start":1576624400381,"request_end":1576624406752,"request_duration":6371,"type":"3008"}
{"start":1576624403736,"end":1576624406856,"duration":3120,"downloading_duration":1007,"execution_duration":1513,"uploading_duration":600,"executable":"ellipsoids-openmp","args":["2.dat","211.log","211.xoutput"],"id":107,"resource":"3008","request_start":1576624400382,"request_end":1576624406874,"request_duration":6492,"type":"3008"}
{"start":1576624403751,"end":1576624406867,"duration":3116,"downloading_duration":1009,"execution_duration":1521,"uploading_duration":586,"executable":"ellipsoids-openmp","args":["2.dat","213.log","213.xoutput"],"id":109,"resource":"3008","request_start":1576624400383,"request_end":1576624406887,"request_duration":6504,"type":"3008"}
{"start":1576624403758,"end":1576624406887,"duration":3129,"downloading_duration":1043,"execution_duration":1504,"uploading_duration":582,"executable":"ellipsoids-openmp","args":["2.dat","214.log","214.xoutput"],"id":110,"resource":"3008","request_start":1576624400384,"request_end":1576624406904,"request_duration":6520,"type":"3008"}
{"start":1576624403777,"end":1576624406917,"duration":3140,"downloading_duration":1036,"execution_duration":1515,"uploading_duration":589,"executable":"ellipsoids-openmp","args":["2.dat","216.log","216.xoutput"],"id":112,"resource":"3008","request_start":1576624400386,"request_end":1576624406937,"request_duration":6551,"type":"3008"}
{"start":1576624403798,"end":1576624406941,"duration":3143,"downloading_duration":1006,"execution_duration":1519,"uploading_duration":618,"executable":"ellipsoids-openmp","args":["2.dat","218.log","218.xoutput"],"id":114,"resource":"3008","request_start":1576624400387,"request_end":1576624406962,"request_duration":6575,"type":"3008"}
{"start":1576624403815,"end":1576624406951,"duration":3136,"downloading_duration":1040,"execution_duration":1492,"uploading_duration":604,"executable":"ellipsoids-openmp","args":["2.dat","220.log","220.xoutput"],"id":116,"resource":"3008","request_start":1576624400389,"request_end":1576624406971,"request_duration":6582,"type":"3008"}
{"start":1576624403876,"end":1576624406955,"duration":3079,"downloading_duration":996,"execution_duration":1531,"uploading_duration":552,"executable":"ellipsoids-openmp","args":["2.dat","230.log","230.xoutput"],"id":126,"resource":"3008","request_start":1576624400396,"request_end":1576624406979,"request_duration":6583,"type":"3008"}
{"start":1576624403809,"end":1576624406959,"duration":3150,"downloading_duration":1024,"execution_duration":1549,"uploading_duration":577,"executable":"ellipsoids-openmp","args":["2.dat","219.log","219.xoutput"],"id":115,"resource":"3008","request_start":1576624400388,"request_end":1576624406984,"request_duration":6596,"type":"3008"}
{"start":1576624403765,"end":1576624406962,"duration":3197,"downloading_duration":1078,"execution_duration":1500,"uploading_duration":619,"executable":"ellipsoids-openmp","args":["2.dat","215.log","215.xoutput"],"id":111,"resource":"3008","request_start":1576624400385,"request_end":1576624406988,"request_duration":6603,"type":"3008"}
{"start":1576624403841,"end":1576624406987,"duration":3146,"downloading_duration":995,"execution_duration":1561,"uploading_duration":590,"executable":"ellipsoids-openmp","args":["2.dat","224.log","224.xoutput"],"id":120,"resource":"3008","request_start":1576624400392,"request_end":1576624407024,"request_duration":6632,"type":"3008"}
{"start":1576624403908,"end":1576624407018,"duration":3110,"downloading_duration":1057,"execution_duration":1464,"uploading_duration":589,"executable":"ellipsoids-openmp","args":["2.dat","240.log","240.xoutput"],"id":136,"resource":"3008","request_start":1576624400402,"request_end":1576624407041,"request_duration":6639,"type":"3008"}
{"start":1576624403817,"end":1576624407018,"duration":3201,"downloading_duration":1120,"execution_duration":1475,"uploading_duration":606,"executable":"ellipsoids-openmp","args":["2.dat","221.log","221.xoutput"],"id":117,"resource":"3008","request_start":1576624400390,"request_end":1576624407044,"request_duration":6654,"type":"3008"}
{"start":1576624403905,"end":1576624407018,"duration":3113,"downloading_duration":996,"execution_duration":1528,"uploading_duration":589,"executable":"ellipsoids-openmp","args":["2.dat","239.log","239.xoutput"],"id":135,"resource":"3008","request_start":1576624400401,"request_end":1576624407047,"request_duration":6646,"type":"3008"}
{"start":1576624403877,"end":1576624407029,"duration":3152,"downloading_duration":1000,"execution_duration":1574,"uploading_duration":578,"executable":"ellipsoids-openmp","args":["2.dat","231.log","231.xoutput"],"id":127,"resource":"3008","request_start":1576624400396,"request_end":1576624407055,"request_duration":6659,"type":"3008"}
{"start":1576624403867,"end":1576624407037,"duration":3170,"downloading_duration":1074,"execution_duration":1461,"uploading_duration":635,"executable":"ellipsoids-openmp","args":["2.dat","226.log","226.xoutput"],"id":122,"resource":"3008","request_start":1576624400393,"request_end":1576624407061,"request_duration":6668,"type":"3008"}
{"start":1576624403932,"end":1576624407057,"duration":3125,"downloading_duration":1004,"execution_duration":1516,"uploading_duration":605,"executable":"ellipsoids-openmp","args":["2.dat","243.log","243.xoutput"],"id":139,"resource":"3008","request_start":1576624400403,"request_end":1576624407079,"request_duration":6676,"type":"3008"}
{"start":1576624403792,"end":1576624407057,"duration":3265,"downloading_duration":1086,"execution_duration":1551,"uploading_duration":628,"executable":"ellipsoids-openmp","args":["2.dat","217.log","217.xoutput"],"id":113,"resource":"3008","request_start":1576624400386,"request_end":1576624407081,"request_duration":6695,"type":"3008"}
{"start":1576624403843,"end":1576624407060,"duration":3217,"downloading_duration":1061,"execution_duration":1516,"uploading_duration":640,"executable":"ellipsoids-openmp","args":["2.dat","225.log","225.xoutput"],"id":121,"resource":"3008","request_start":1576624400392,"request_end":1576624407083,"request_duration":6691,"type":"3008"}
{"start":1576624403892,"end":1576624407061,"duration":3169,"downloading_duration":1074,"execution_duration":1481,"uploading_duration":614,"executable":"ellipsoids-openmp","args":["2.dat","236.log","236.xoutput"],"id":132,"resource":"3008","request_start":1576624400399,"request_end":1576624407084,"request_duration":6685,"type":"3008"}
{"start":1576624403968,"end":1576624407075,"duration":3107,"downloading_duration":1007,"execution_duration":1538,"uploading_duration":562,"executable":"ellipsoids-openmp","args":["2.dat","23.log","23.xoutput"],"id":99,"resource":"3008","request_start":1576624400406,"request_end":1576624407097,"request_duration":6691,"type":"3008"}
{"start":1576624403834,"end":1576624407085,"duration":3251,"downloading_duration":1113,"execution_duration":1566,"uploading_duration":572,"executable":"ellipsoids-openmp","args":["2.dat","223.log","223.xoutput"],"id":119,"resource":"3008","request_start":1576624400391,"request_end":1576624407103,"request_duration":6712,"type":"3008"}
{"start":1576624403875,"end":1576624407084,"duration":3209,"downloading_duration":1083,"execution_duration":1499,"uploading_duration":627,"executable":"ellipsoids-openmp","args":["2.dat","228.log","228.xoutput"],"id":124,"resource":"3008","request_start":1576624400394,"request_end":1576624407107,"request_duration":6713,"type":"3008"}
{"start":1576624403896,"end":1576624407094,"duration":3198,"downloading_duration":999,"execution_duration":1589,"uploading_duration":610,"executable":"ellipsoids-openmp","args":["2.dat","237.log","237.xoutput"],"id":133,"resource":"3008","request_start":1576624400400,"request_end":1576624407114,"request_duration":6714,"type":"3008"}
{"start":1576624403951,"end":1576624407097,"duration":3146,"downloading_duration":1040,"execution_duration":1550,"uploading_duration":556,"executable":"ellipsoids-openmp","args":["2.dat","244.log","244.xoutput"],"id":140,"resource":"3008","request_start":1576624400404,"request_end":1576624407123,"request_duration":6719,"type":"3008"}
{"start":1576624403878,"end":1576624407119,"duration":3241,"downloading_duration":1075,"execution_duration":1551,"uploading_duration":615,"executable":"ellipsoids-openmp","args":["2.dat","232.log","232.xoutput"],"id":128,"resource":"3008","request_start":1576624400397,"request_end":1576624407207,"request_duration":6810,"type":"3008"}
{"start":1576624403876,"end":1576624407122,"duration":3246,"downloading_duration":1173,"execution_duration":1476,"uploading_duration":597,"executable":"ellipsoids-openmp","args":["2.dat","229.log","229.xoutput"],"id":125,"resource":"3008","request_start":1576624400395,"request_end":1576624407210,"request_duration":6815,"type":"3008"}
{"start":1576624404043,"end":1576624407127,"duration":3084,"downloading_duration":980,"execution_duration":1526,"uploading_duration":578,"executable":"ellipsoids-openmp","args":["0.dat","08.log","08.xoutput"],"id":14,"resource":"3008","request_start":1576624400469,"request_end":1576624407214,"request_duration":6745,"type":"3008"}
{"start":1576624403955,"end":1576624407140,"duration":3185,"downloading_duration":1073,"execution_duration":1545,"uploading_duration":567,"executable":"ellipsoids-openmp","args":["2.dat","20.log","20.xoutput"],"id":96,"resource":"3008","request_start":1576624400404,"request_end":1576624407218,"request_duration":6814,"type":"3008"}
{"start":1576624403960,"end":1576624407143,"duration":3183,"downloading_duration":1095,"execution_duration":1503,"uploading_duration":585,"executable":"ellipsoids-openmp","args":["2.dat","22.log","22.xoutput"],"id":98,"resource":"3008","request_start":1576624400405,"request_end":1576624407220,"request_duration":6815,"type":"3008"}
{"start":1576624403932,"end":1576624407148,"duration":3216,"downloading_duration":1014,"execution_duration":1593,"uploading_duration":609,"executable":"ellipsoids-openmp","args":["2.dat","241.log","241.xoutput"],"id":137,"resource":"3008","request_start":1576624400402,"request_end":1576624407224,"request_duration":6822,"type":"3008"}
{"start":1576624403935,"end":1576624407171,"duration":3236,"downloading_duration":1095,"execution_duration":1541,"uploading_duration":600,"executable":"ellipsoids-openmp","args":["2.dat","242.log","242.xoutput"],"id":138,"resource":"3008","request_start":1576624400403,"request_end":1576624407226,"request_duration":6823,"type":"3008"}
{"start":1576624404026,"end":1576624407172,"duration":3146,"downloading_duration":1002,"execution_duration":1574,"uploading_duration":570,"executable":"ellipsoids-openmp","args":["0.dat","07.log","07.xoutput"],"id":13,"resource":"3008","request_start":1576624400468,"request_end":1576624407231,"request_duration":6763,"type":"3008"}
{"start":1576624403892,"end":1576624407172,"duration":3280,"downloading_duration":1120,"execution_duration":1521,"uploading_duration":639,"executable":"ellipsoids-openmp","args":["2.dat","234.log","234.xoutput"],"id":130,"resource":"3008","request_start":1576624400398,"request_end":1576624407233,"request_duration":6835,"type":"3008"}
{"start":1576624403891,"end":1576624407175,"duration":3284,"downloading_duration":1078,"execution_duration":1577,"uploading_duration":629,"executable":"ellipsoids-openmp","args":["2.dat","235.log","235.xoutput"],"id":131,"resource":"3008","request_start":1576624400398,"request_end":1576624407235,"request_duration":6837,"type":"3008"}
{"start":1576624404024,"end":1576624407175,"duration":3151,"downloading_duration":1031,"execution_duration":1531,"uploading_duration":589,"executable":"ellipsoids-openmp","args":["0.dat","05.log","05.xoutput"],"id":11,"resource":"3008","request_start":1576624400467,"request_end":1576624407236,"request_duration":6769,"type":"3008"}
{"start":1576624403903,"end":1576624407199,"duration":3296,"downloading_duration":1130,"execution_duration":1484,"uploading_duration":682,"executable":"ellipsoids-openmp","args":["2.dat","238.log","238.xoutput"],"id":134,"resource":"3008","request_start":1576624400400,"request_end":1576624407240,"request_duration":6840,"type":"3008"}
{"start":1576624403890,"end":1576624407200,"duration":3310,"downloading_duration":1134,"execution_duration":1563,"uploading_duration":613,"executable":"ellipsoids-openmp","args":["2.dat","233.log","233.xoutput"],"id":129,"resource":"3008","request_start":1576624400397,"request_end":1576624407241,"request_duration":6844,"type":"3008"}
{"start":1576624404093,"end":1576624407227,"duration":3134,"downloading_duration":1027,"execution_duration":1499,"uploading_duration":608,"executable":"ellipsoids-openmp","args":["0.dat","010.log","010.xoutput"],"id":16,"resource":"3008","request_start":1576624400470,"request_end":1576624407288,"request_duration":6818,"type":"3008"}
{"start":1576624404005,"end":1576624407248,"duration":3243,"downloading_duration":1095,"execution_duration":1562,"uploading_duration":586,"executable":"ellipsoids-openmp","args":["0.dat","04.log","04.xoutput"],"id":10,"resource":"3008","request_start":1576624400467,"request_end":1576624407292,"request_duration":6825,"type":"3008"}
{"start":1576624403742,"end":1576624407258,"duration":3516,"downloading_duration":1072,"execution_duration":1502,"uploading_duration":942,"executable":"ellipsoids-openmp","args":["2.dat","212.log","212.xoutput"],"id":108,"resource":"3008","request_start":1576624400383,"request_end":1576624407298,"request_duration":6915,"type":"3008"}
{"start":1576624403873,"end":1576624407273,"duration":3400,"downloading_duration":1290,"execution_duration":1537,"uploading_duration":573,"executable":"ellipsoids-openmp","args":["2.dat","227.log","227.xoutput"],"id":123,"resource":"3008","request_start":1576624400394,"request_end":1576624407311,"request_duration":6917,"type":"3008"}
{"start":1576624403960,"end":1576624407274,"duration":3314,"downloading_duration":1121,"execution_duration":1545,"uploading_duration":648,"executable":"ellipsoids-openmp","args":["2.dat","21.log","21.xoutput"],"id":97,"resource":"3008","request_start":1576624400405,"request_end":1576624407314,"request_duration":6909,"type":"3008"}
{"start":1576624404080,"end":1576624407278,"duration":3198,"downloading_duration":1037,"execution_duration":1592,"uploading_duration":569,"executable":"ellipsoids-openmp","args":["0.dat","09.log","09.xoutput"],"id":15,"resource":"3008","request_start":1576624400469,"request_end":1576624407315,"request_duration":6846,"type":"3008"}
{"start":1576624404023,"end":1576624407319,"duration":3296,"downloading_duration":1005,"execution_duration":1536,"uploading_duration":755,"executable":"ellipsoids-openmp","args":["0.dat","06.log","06.xoutput"],"id":12,"resource":"3008","request_start":1576624400468,"request_end":1576624407338,"request_duration":6870,"type":"3008"}
{"start":1576624403830,"end":1576624407500,"duration":3670,"downloading_duration":1611,"execution_duration":1491,"uploading_duration":568,"executable":"ellipsoids-openmp","args":["2.dat","222.log","222.xoutput"],"id":118,"resource":"3008","request_start":1576624400391,"request_end":1576624407520,"request_duration":7129,"type":"3008"}
{"start":1576624404399,"end":1576624407713,"duration":3314,"downloading_duration":1176,"execution_duration":1576,"uploading_duration":562,"executable":"ellipsoids-openmp","args":["0.dat","011.log","011.xoutput"],"id":17,"resource":"3008","request_start":1576624400470,"request_end":1576624407732,"request_duration":7262,"type":"3008"}
{"start":1576624404554,"end":1576624407824,"duration":3270,"downloading_duration":1081,"execution_duration":1593,"uploading_duration":596,"executable":"ellipsoids-openmp","args":["0.dat","012.log","012.xoutput"],"id":18,"resource":"3008","request_start":1576624400471,"request_end":1576624407844,"request_duration":7373,"type":"3008"}
{"start":1576624404840,"end":1576624408132,"duration":3292,"downloading_duration":1103,"execution_duration":1600,"uploading_duration":589,"executable":"ellipsoids-openmp","args":["0.dat","013.log","013.xoutput"],"id":19,"resource":"3008","request_start":1576624400471,"request_end":1576624408153,"request_duration":7682,"type":"3008"}
{"start":1576624406560,"end":1576624409898,"duration":3338,"downloading_duration":1093,"execution_duration":1591,"uploading_duration":654,"executable":"ellipsoids-openmp","args":["0.dat","014.log","014.xoutput"],"id":20,"resource":"3008","request_start":1576624400472,"request_end":1576624409918,"request_duration":9446,"type":"3008"}
{"start":1576624406778,"end":1576624409985,"duration":3207,"downloading_duration":1083,"execution_duration":1508,"uploading_duration":616,"executable":"ellipsoids-openmp","args":["0.dat","015.log","015.xoutput"],"id":21,"resource":"3008","request_start":1576624400472,"request_end":1576624410007,"request_duration":9535,"type":"3008"}
{"start":1576624406899,"end":1576624410051,"duration":3152,"downloading_duration":1071,"execution_duration":1465,"uploading_duration":616,"executable":"ellipsoids-openmp","args":["0.dat","016.log","016.xoutput"],"id":22,"resource":"3008","request_start":1576624400473,"request_end":1576624410069,"request_duration":9596,"type":"3008"}
{"start":1576624406929,"end":1576624410050,"duration":3121,"downloading_duration":1018,"execution_duration":1478,"uploading_duration":625,"executable":"ellipsoids-openmp","args":["0.dat","018.log","018.xoutput"],"id":24,"resource":"3008","request_start":1576624400474,"request_end":1576624410072,"request_duration":9598,"type":"3008"}
{"start":1576624406918,"end":1576624410083,"duration":3165,"downloading_duration":1086,"execution_duration":1514,"uploading_duration":565,"executable":"ellipsoids-openmp","args":["0.dat","017.log","017.xoutput"],"id":23,"resource":"3008","request_start":1576624400473,"request_end":1576624410102,"request_duration":9629,"type":"3008"}
{"start":1576624406973,"end":1576624410128,"duration":3155,"downloading_duration":1059,"execution_duration":1490,"uploading_duration":606,"executable":"ellipsoids-openmp","args":["0.dat","019.log","019.xoutput"],"id":25,"resource":"3008","request_start":1576624400474,"request_end":1576624410146,"request_duration":9672,"type":"3008"}
{"start":1576624407080,"end":1576624410195,"duration":3115,"downloading_duration":1070,"execution_duration":1459,"uploading_duration":586,"executable":"ellipsoids-openmp","args":["0.dat","028.log","028.xoutput"],"id":34,"resource":"3008","request_start":1576624400479,"request_end":1576624410217,"request_duration":9738,"type":"3008"}
{"start":1576624407088,"end":1576624410202,"duration":3114,"downloading_duration":1001,"execution_duration":1527,"uploading_duration":586,"executable":"ellipsoids-openmp","args":["0.dat","030.log","030.xoutput"],"id":36,"resource":"3008","request_start":1576624400480,"request_end":1576624410220,"request_duration":9740,"type":"3008"}
{"start":1576624407009,"end":1576624410216,"duration":3207,"downloading_duration":1097,"execution_duration":1525,"uploading_duration":585,"executable":"ellipsoids-openmp","args":["0.dat","022.log","022.xoutput"],"id":28,"resource":"3008","request_start":1576624400476,"request_end":1576624410236,"request_duration":9760,"type":"3008"}
{"start":1576624407015,"end":1576624410227,"duration":3212,"downloading_duration":1076,"execution_duration":1523,"uploading_duration":613,"executable":"ellipsoids-openmp","args":["0.dat","023.log","023.xoutput"],"id":29,"resource":"3008","request_start":1576624400476,"request_end":1576624410247,"request_duration":9771,"type":"3008"}
{"start":1576624407082,"end":1576624410253,"duration":3171,"downloading_duration":1090,"execution_duration":1473,"uploading_duration":608,"executable":"ellipsoids-openmp","args":["0.dat","029.log","029.xoutput"],"id":35,"resource":"3008","request_start":1576624400479,"request_end":1576624410274,"request_duration":9795,"type":"3008"}
{"start":1576624407004,"end":1576624410255,"duration":3251,"downloading_duration":1030,"execution_duration":1570,"uploading_duration":651,"executable":"ellipsoids-openmp","args":["0.dat","020.log","020.xoutput"],"id":26,"resource":"3008","request_start":1576624400475,"request_end":1576624410277,"request_duration":9802,"type":"3008"}
{"start":1576624407128,"end":1576624410266,"duration":3138,"downloading_duration":1033,"execution_duration":1542,"uploading_duration":563,"executable":"ellipsoids-openmp","args":["0.dat","036.log","036.xoutput"],"id":42,"resource":"3008","request_start":1576624400483,"request_end":1576624410286,"request_duration":9803,"type":"3008"}
{"start":1576624407050,"end":1576624410280,"duration":3230,"downloading_duration":1071,"execution_duration":1572,"uploading_duration":587,"executable":"ellipsoids-openmp","args":["0.dat","025.log","025.xoutput"],"id":31,"resource":"3008","request_start":1576624400477,"request_end":1576624410300,"request_duration":9823,"type":"3008"}
{"start":1576624407138,"end":1576624410281,"duration":3143,"downloading_duration":1031,"execution_duration":1550,"uploading_duration":562,"executable":"ellipsoids-openmp","args":["0.dat","037.log","037.xoutput"],"id":43,"resource":"3008","request_start":1576624400484,"request_end":1576624410302,"request_duration":9818,"type":"3008"}
{"start":1576624407008,"end":1576624410292,"duration":3284,"downloading_duration":1080,"execution_duration":1554,"uploading_duration":650,"executable":"ellipsoids-openmp","args":["0.dat","021.log","021.xoutput"],"id":27,"resource":"3008","request_start":1576624400475,"request_end":1576624410312,"request_duration":9837,"type":"3008"}
{"start":1576624407013,"end":1576624410295,"duration":3282,"downloading_duration":1082,"execution_duration":1576,"uploading_duration":624,"executable":"ellipsoids-openmp","args":["0.dat","024.log","024.xoutput"],"id":30,"resource":"3008","request_start":1576624400477,"request_end":1576624410315,"request_duration":9838,"type":"3008"}
{"start":1576624407104,"end":1576624410306,"duration":3202,"downloading_duration":990,"execution_duration":1616,"uploading_duration":596,"executable":"ellipsoids-openmp","args":["0.dat","031.log","031.xoutput"],"id":37,"resource":"3008","request_start":1576624400480,"request_end":1576624410327,"request_duration":9847,"type":"3008"}
{"start":1576624407077,"end":1576624410316,"duration":3239,"downloading_duration":1098,"execution_duration":1547,"uploading_duration":594,"executable":"ellipsoids-openmp","args":["0.dat","027.log","027.xoutput"],"id":33,"resource":"3008","request_start":1576624400478,"request_end":1576624410335,"request_duration":9857,"type":"3008"}
{"start":1576624407110,"end":1576624410323,"duration":3213,"downloading_duration":1075,"execution_duration":1575,"uploading_duration":563,"executable":"ellipsoids-openmp","args":["0.dat","032.log","032.xoutput"],"id":38,"resource":"3008","request_start":1576624400481,"request_end":1576624410341,"request_duration":9860,"type":"3008"}
{"start":1576624407077,"end":1576624410353,"duration":3276,"downloading_duration":1085,"execution_duration":1562,"uploading_duration":629,"executable":"ellipsoids-openmp","args":["0.dat","026.log","026.xoutput"],"id":32,"resource":"3008","request_start":1576624400478,"request_end":1576624410372,"request_duration":9894,"type":"3008"}
{"start":1576624407144,"end":1576624410366,"duration":3222,"downloading_duration":998,"execution_duration":1612,"uploading_duration":612,"executable":"ellipsoids-openmp","args":["0.dat","038.log","038.xoutput"],"id":44,"resource":"3008","request_start":1576624400484,"request_end":1576624410387,"request_duration":9903,"type":"3008"}
{"start":1576624407265,"end":1576624410372,"duration":3107,"downloading_duration":993,"execution_duration":1549,"uploading_duration":565,"executable":"ellipsoids-openmp","args":["0.dat","044.log","044.xoutput"],"id":50,"resource":"3008","request_start":1576624400487,"request_end":1576624410393,"request_duration":9906,"type":"3008"}
{"start":1576624407255,"end":1576624410377,"duration":3122,"downloading_duration":993,"execution_duration":1522,"uploading_duration":607,"executable":"ellipsoids-openmp","args":["0.dat","040.log","040.xoutput"],"id":46,"resource":"3008","request_start":1576624400485,"request_end":1576624410398,"request_duration":9913,"type":"3008"}
{"start":1576624407111,"end":1576624410393,"duration":3282,"downloading_duration":1175,"execution_duration":1549,"uploading_duration":558,"executable":"ellipsoids-openmp","args":["0.dat","034.log","034.xoutput"],"id":40,"resource":"3008","request_start":1576624400482,"request_end":1576624410415,"request_duration":9933,"type":"3008"}
{"start":1576624407261,"end":1576624410433,"duration":3172,"downloading_duration":1075,"execution_duration":1507,"uploading_duration":590,"executable":"ellipsoids-openmp","args":["0.dat","043.log","043.xoutput"],"id":49,"resource":"3008","request_start":1576624400487,"request_end":1576624410453,"request_duration":9966,"type":"3008"}
{"start":1576624407264,"end":1576624410435,"duration":3171,"downloading_duration":1041,"execution_duration":1565,"uploading_duration":565,"executable":"ellipsoids-openmp","args":["0.dat","01.log","01.xoutput"],"id":7,"resource":"3008","request_start":1576624400488,"request_end":1576624410457,"request_duration":9969,"type":"3008"}
{"start":1576624407262,"end":1576624410447,"duration":3185,"downloading_duration":1044,"execution_duration":1574,"uploading_duration":567,"executable":"ellipsoids-openmp","args":["0.dat","042.log","042.xoutput"],"id":48,"resource":"3008","request_start":1576624400486,"request_end":1576624410467,"request_duration":9981,"type":"3008"}
{"start":1576624407324,"end":1576624410448,"duration":3124,"downloading_duration":1002,"execution_duration":1529,"uploading_duration":593,"executable":"ellipsoids-openmp","args":["3.dat","34.log","34.xoutput"],"id":145,"resource":"3008","request_start":1576624400494,"request_end":1576624410472,"request_duration":9978,"type":"3008"}
{"start":1576624407113,"end":1576624410456,"duration":3343,"downloading_duration":984,"execution_duration":1569,"uploading_duration":790,"executable":"ellipsoids-openmp","args":["0.dat","033.log","033.xoutput"],"id":39,"resource":"3008","request_start":1576624400481,"request_end":1576624410475,"request_duration":9994,"type":"3008"}
{"start":1576624407271,"end":1576624410462,"duration":3191,"downloading_duration":991,"execution_duration":1557,"uploading_duration":643,"executable":"ellipsoids-openmp","args":["3.dat","33.log","33.xoutput"],"id":144,"resource":"3008","request_start":1576624400493,"request_end":1576624410482,"request_duration":9989,"type":"3008"}
{"start":1576624407123,"end":1576624410463,"duration":3340,"downloading_duration":1241,"execution_duration":1528,"uploading_duration":571,"executable":"ellipsoids-openmp","args":["0.dat","035.log","035.xoutput"],"id":41,"resource":"3008","request_start":1576624400482,"request_end":1576624410485,"request_duration":10003,"type":"3008"}
{"start":1576624407344,"end":1576624410464,"duration":3120,"downloading_duration":1003,"execution_duration":1534,"uploading_duration":583,"executable":"ellipsoids-openmp","args":["3.dat","38.log","38.xoutput"],"id":149,"resource":"3008","request_start":1576624400496,"request_end":1576624410498,"request_duration":10002,"type":"3008"}
{"start":1576624407331,"end":1576624410464,"duration":3133,"downloading_duration":1062,"execution_duration":1493,"uploading_duration":578,"executable":"ellipsoids-openmp","args":["3.dat","36.log","36.xoutput"],"id":147,"resource":"3008","request_start":1576624400495,"request_end":1576624410500,"request_duration":10005,"type":"3008"}
{"start":1576624407269,"end":1576624410484,"duration":3215,"downloading_duration":1002,"execution_duration":1598,"uploading_duration":615,"executable":"ellipsoids-openmp","args":["3.dat","30.log","30.xoutput"],"id":141,"resource":"3008","request_start":1576624400492,"request_end":1576624410508,"request_duration":10016,"type":"3008"}
{"start":1576624407365,"end":1576624410486,"duration":3121,"downloading_duration":1023,"execution_duration":1503,"uploading_duration":595,"executable":"ellipsoids-openmp","args":["3.dat","310.log","310.xoutput"],"id":151,"resource":"3008","request_start":1576624400497,"request_end":1576624410511,"request_duration":10014,"type":"3008"}
{"start":1576624407269,"end":1576624410488,"duration":3219,"downloading_duration":980,"execution_duration":1605,"uploading_duration":634,"executable":"ellipsoids-openmp","args":["3.dat","31.log","31.xoutput"],"id":142,"resource":"3008","request_start":1576624400492,"request_end":1576624410513,"request_duration":10021,"type":"3008"}
{"start":1576624407342,"end":1576624410510,"duration":3168,"downloading_duration":1081,"execution_duration":1502,"uploading_duration":585,"executable":"ellipsoids-openmp","args":["3.dat","37.log","37.xoutput"],"id":148,"resource":"3008","request_start":1576624400496,"request_end":1576624410533,"request_duration":10037,"type":"3008"}
{"start":1576624407264,"end":1576624410516,"duration":3252,"downloading_duration":1079,"execution_duration":1598,"uploading_duration":575,"executable":"ellipsoids-openmp","args":["0.dat","03.log","03.xoutput"],"id":9,"resource":"3008","request_start":1576624400489,"request_end":1576624410536,"request_duration":10047,"type":"3008"}
{"start":1576624407261,"end":1576624410518,"duration":3257,"downloading_duration":1077,"execution_duration":1519,"uploading_duration":661,"executable":"ellipsoids-openmp","args":["0.dat","00.log","00.xoutput"],"id":6,"resource":"3008","request_start":1576624400488,"request_end":1576624410542,"request_duration":10054,"type":"3008"}
{"start":1576624407271,"end":1576624410554,"duration":3283,"downloading_duration":1093,"execution_duration":1536,"uploading_duration":654,"executable":"ellipsoids-openmp","args":["3.dat","32.log","32.xoutput"],"id":143,"resource":"3008","request_start":1576624400493,"request_end":1576624410574,"request_duration":10081,"type":"3008"}
{"start":1576624407330,"end":1576624410557,"duration":3227,"downloading_duration":1009,"execution_duration":1520,"uploading_duration":698,"executable":"ellipsoids-openmp","args":["3.dat","35.log","35.xoutput"],"id":146,"resource":"3008","request_start":1576624400494,"request_end":1576624410582,"request_duration":10088,"type":"3008"}
{"start":1576624407261,"end":1576624410586,"duration":3325,"downloading_duration":1133,"execution_duration":1572,"uploading_duration":620,"executable":"ellipsoids-openmp","args":["0.dat","041.log","041.xoutput"],"id":47,"resource":"3008","request_start":1576624400486,"request_end":1576624410607,"request_duration":10121,"type":"3008"}
{"start":1576624407344,"end":1576624410606,"duration":3262,"downloading_duration":1115,"execution_duration":1544,"uploading_duration":603,"executable":"ellipsoids-openmp","args":["3.dat","39.log","39.xoutput"],"id":150,"resource":"3008","request_start":1576624400497,"request_end":1576624410626,"request_duration":10129,"type":"3008"}
{"start":1576624407544,"end":1576624410669,"duration":3125,"downloading_duration":1031,"execution_duration":1481,"uploading_duration":613,"executable":"ellipsoids-openmp","args":["3.dat","311.log","311.xoutput"],"id":152,"resource":"3008","request_start":1576624400497,"request_end":1576624410690,"request_duration":10193,"type":"3008"}
{"start":1576624407267,"end":1576624410852,"duration":3585,"downloading_duration":1386,"execution_duration":1577,"uploading_duration":622,"executable":"ellipsoids-openmp","args":["0.dat","02.log","02.xoutput"],"id":8,"resource":"3008","request_start":1576624400489,"request_end":1576624410872,"request_duration":10383,"type":"3008"}
{"start":1576624407762,"end":1576624411041,"duration":3279,"downloading_duration":1162,"execution_duration":1507,"uploading_duration":610,"executable":"ellipsoids-openmp","args":["3.dat","312.log","312.xoutput"],"id":153,"resource":"3008","request_start":1576624400498,"request_end":1576624411062,"request_duration":10564,"type":"3008"}
{"start":1576624407870,"end":1576624411174,"duration":3304,"downloading_duration":1038,"execution_duration":1623,"uploading_duration":643,"executable":"ellipsoids-openmp","args":["3.dat","313.log","313.xoutput"],"id":154,"resource":"3008","request_start":1576624400499,"request_end":1576624411191,"request_duration":10692,"type":"3008"}
{"start":1576624408179,"end":1576624411232,"duration":3053,"downloading_duration":1003,"execution_duration":1490,"uploading_duration":560,"executable":"ellipsoids-openmp","args":["3.dat","314.log","314.xoutput"],"id":155,"resource":"3008","request_start":1576624400499,"request_end":1576624411252,"request_duration":10753,"type":"3008"}
{"start":1576624410514,"end":1576624411997,"duration":1483,"downloading_duration":1053,"execution_duration":5,"uploading_duration":425,"executable":"mean-pack-ell","args":["10.xoutput","11.xoutput","12.xoutput","13.xoutput","14.xoutput","15.xoutput","16.xoutput","17.xoutput","18.xoutput","19.xoutput","110.xoutput","111.xoutput","112.xoutput","113.xoutput","114.xoutput","115.xoutput","116.xoutput","117.xoutput","118.xoutput","119.xoutput","120.xoutput","121.xoutput","122.xoutput","123.xoutput","124.xoutput","125.xoutput","126.xoutput","127.xoutput","128.xoutput","129.xoutput","130.xoutput","131.xoutput","132.xoutput","133.xoutput","134.xoutput","135.xoutput","136.xoutput","137.xoutput","138.xoutput","139.xoutput","140.xoutput","141.xoutput","142.xoutput","143.xoutput","144.xoutput","average_1.txt"],"id":187,"resource":"3008","request_start":1576624404824,"request_end":1576624412017,"request_duration":7193,"type":"3008"}
{"start":1576624407149,"end":1576624412049,"duration":4900,"downloading_duration":2647,"execution_duration":1575,"uploading_duration":678,"executable":"ellipsoids-openmp","args":["0.dat","039.log","039.xoutput"],"id":45,"resource":"3008","request_start":1576624400485,"request_end":1576624412072,"request_duration":11587,"type":"3008"}
{"start":1576624410522,"end":1576624412059,"duration":1537,"downloading_duration":1162,"execution_duration":3,"uploading_duration":372,"executable":"mean-pack-ell","args":["20.xoutput","21.xoutput","22.xoutput","23.xoutput","24.xoutput","25.xoutput","26.xoutput","27.xoutput","28.xoutput","29.xoutput","210.xoutput","211.xoutput","212.xoutput","213.xoutput","214.xoutput","215.xoutput","216.xoutput","217.xoutput","218.xoutput","219.xoutput","220.xoutput","221.xoutput","222.xoutput","223.xoutput","224.xoutput","225.xoutput","226.xoutput","227.xoutput","228.xoutput","229.xoutput","230.xoutput","231.xoutput","232.xoutput","233.xoutput","234.xoutput","235.xoutput","236.xoutput","237.xoutput","238.xoutput","239.xoutput","240.xoutput","241.xoutput","242.xoutput","243.xoutput","244.xoutput","average_2.txt"],"id":188,"resource":"3008","request_start":1576624407528,"request_end":1576624412087,"request_duration":4559,"type":"3008"}
{"start":1576624409942,"end":1576624413045,"duration":3103,"downloading_duration":980,"execution_duration":1514,"uploading_duration":609,"executable":"ellipsoids-openmp","args":["3.dat","315.log","315.xoutput"],"id":156,"resource":"3008","request_start":1576624400500,"request_end":1576624413074,"request_duration":12574,"type":"3008"}
{"start":1576624410032,"end":1576624413188,"duration":3156,"downloading_duration":1079,"execution_duration":1472,"uploading_duration":605,"executable":"ellipsoids-openmp","args":["3.dat","316.log","316.xoutput"],"id":157,"resource":"3008","request_start":1576624400500,"request_end":1576624413207,"request_duration":12707,"type":"3008"}
{"start":1576624410104,"end":1576624413194,"duration":3090,"downloading_duration":1074,"execution_duration":1455,"uploading_duration":561,"executable":"ellipsoids-openmp","args":["3.dat","318.log","318.xoutput"],"id":159,"resource":"3008","request_start":1576624400501,"request_end":1576624413215,"request_duration":12714,"type":"3008"}
{"start":1576624410095,"end":1576624413225,"duration":3130,"downloading_duration":1106,"execution_duration":1450,"uploading_duration":574,"executable":"ellipsoids-openmp","args":["3.dat","317.log","317.xoutput"],"id":158,"resource":"3008","request_start":1576624400501,"request_end":1576624413244,"request_duration":12743,"type":"3008"}
{"start":1576624410136,"end":1576624413233,"duration":3097,"downloading_duration":1049,"execution_duration":1434,"uploading_duration":614,"executable":"ellipsoids-openmp","args":["3.dat","319.log","319.xoutput"],"id":160,"resource":"3008","request_start":1576624400502,"request_end":1576624413251,"request_duration":12749,"type":"3008"}
{"start":1576624410173,"end":1576624413277,"duration":3104,"downloading_duration":1066,"execution_duration":1491,"uploading_duration":547,"executable":"ellipsoids-openmp","args":["3.dat","320.log","320.xoutput"],"id":161,"resource":"3008","request_start":1576624400502,"request_end":1576624413295,"request_duration":12793,"type":"3008"}
{"start":1576624410242,"end":1576624413344,"duration":3102,"downloading_duration":1091,"execution_duration":1454,"uploading_duration":557,"executable":"ellipsoids-openmp","args":["3.dat","321.log","321.xoutput"],"id":162,"resource":"3008","request_start":1576624400503,"request_end":1576624413362,"request_duration":12859,"type":"3008"}
{"start":1576624410308,"end":1576624413396,"duration":3088,"downloading_duration":1002,"execution_duration":1485,"uploading_duration":601,"executable":"ellipsoids-openmp","args":["3.dat","326.log","326.xoutput"],"id":167,"resource":"3008","request_start":1576624400505,"request_end":1576624413417,"request_duration":12912,"type":"3008"}
{"start":1576624410262,"end":1576624413408,"duration":3146,"downloading_duration":1080,"execution_duration":1428,"uploading_duration":638,"executable":"ellipsoids-openmp","args":["3.dat","323.log","323.xoutput"],"id":164,"resource":"3008","request_start":1576624400504,"request_end":1576624413427,"request_duration":12923,"type":"3008"}
{"start":1576624410274,"end":1576624413441,"duration":3167,"downloading_duration":1072,"execution_duration":1487,"uploading_duration":608,"executable":"ellipsoids-openmp","args":["3.dat","324.log","324.xoutput"],"id":165,"resource":"3008","request_start":1576624400504,"request_end":1576624413460,"request_duration":12956,"type":"3008"}
{"start":1576624410329,"end":1576624413444,"duration":3115,"downloading_duration":993,"execution_duration":1485,"uploading_duration":637,"executable":"ellipsoids-openmp","args":["3.dat","329.log","329.xoutput"],"id":170,"resource":"3008","request_start":1576624400507,"request_end":1576624413467,"request_duration":12960,"type":"3008"}
{"start":1576624410249,"end":1576624413460,"duration":3211,"downloading_duration":1067,"execution_duration":1537,"uploading_duration":607,"executable":"ellipsoids-openmp","args":["3.dat","322.log","322.xoutput"],"id":163,"resource":"3008","request_start":1576624400503,"request_end":1576624413479,"request_duration":12976,"type":"3008"}
{"start":1576624410344,"end":1576624413461,"duration":3117,"downloading_duration":1013,"execution_duration":1538,"uploading_duration":566,"executable":"ellipsoids-openmp","args":["3.dat","331.log","331.xoutput"],"id":172,"resource":"3008","request_start":1576624400508,"request_end":1576624413482,"request_duration":12974,"type":"3008"}
{"start":1576624410325,"end":1576624413472,"duration":3147,"downloading_duration":1083,"execution_duration":1483,"uploading_duration":581,"executable":"ellipsoids-openmp","args":["3.dat","328.log","328.xoutput"],"id":169,"resource":"3008","request_start":1576624400506,"request_end":1576624413492,"request_duration":12986,"type":"3008"}
{"start":1576624410352,"end":1576624413486,"duration":3134,"downloading_duration":1045,"execution_duration":1502,"uploading_duration":587,"executable":"ellipsoids-openmp","args":["3.dat","332.log","332.xoutput"],"id":173,"resource":"3008","request_start":1576624400508,"request_end":1576624413507,"request_duration":12999,"type":"3008"}
{"start":1576624410411,"end":1576624413501,"duration":3090,"downloading_duration":989,"execution_duration":1538,"uploading_duration":563,"executable":"ellipsoids-openmp","args":["3.dat","336.log","336.xoutput"],"id":177,"resource":"3008","request_start":1576624400511,"request_end":1576624413519,"request_duration":13008,"type":"3008"}
{"start":1576624410313,"end":1576624413515,"duration":3202,"downloading_duration":1082,"execution_duration":1543,"uploading_duration":577,"executable":"ellipsoids-openmp","args":["3.dat","327.log","327.xoutput"],"id":168,"resource":"3008","request_start":1576624400506,"request_end":1576624413534,"request_duration":13028,"type":"3008"}
{"start":1576624410371,"end":1576624413527,"duration":3156,"downloading_duration":1068,"execution_duration":1534,"uploading_duration":554,"executable":"ellipsoids-openmp","args":["3.dat","333.log","333.xoutput"],"id":174,"resource":"3008","request_start":1576624400509,"request_end":1576624413548,"request_duration":13039,"type":"3008"}
{"start":1576624410379,"end":1576624413531,"duration":3152,"downloading_duration":1008,"execution_duration":1504,"uploading_duration":640,"executable":"ellipsoids-openmp","args":["3.dat","334.log","334.xoutput"],"id":175,"resource":"3008","request_start":1576624400509,"request_end":1576624413555,"request_duration":13046,"type":"3008"}
{"start":1576624410300,"end":1576624413542,"duration":3242,"downloading_duration":1085,"execution_duration":1516,"uploading_duration":641,"executable":"ellipsoids-openmp","args":["3.dat","325.log","325.xoutput"],"id":166,"resource":"3008","request_start":1576624400505,"request_end":1576624413562,"request_duration":13057,"type":"3008"}
{"start":1576624410493,"end":1576624413545,"duration":3052,"downloading_duration":990,"execution_duration":1498,"uploading_duration":564,"executable":"ellipsoids-openmp","args":["3.dat","342.log","342.xoutput"],"id":183,"resource":"3008","request_start":1576624400514,"request_end":1576624413564,"request_duration":13050,"type":"3008"}
{"start":1576624410336,"end":1576624413555,"duration":3219,"downloading_duration":1110,"execution_duration":1456,"uploading_duration":653,"executable":"ellipsoids-openmp","args":["3.dat","330.log","330.xoutput"],"id":171,"resource":"3008","request_start":1576624400507,"request_end":1576624413575,"request_duration":13068,"type":"3008"}
{"start":1576624410426,"end":1576624413557,"duration":3131,"downloading_duration":1031,"execution_duration":1510,"uploading_duration":590,"executable":"ellipsoids-openmp","args":["3.dat","338.log","338.xoutput"],"id":179,"resource":"3008","request_start":1576624400512,"request_end":1576624413581,"request_duration":13069,"type":"3008"}
{"start":1576624410441,"end":1576624413578,"duration":3137,"downloading_duration":1054,"execution_duration":1526,"uploading_duration":557,"executable":"ellipsoids-openmp","args":["3.dat","339.log","339.xoutput"],"id":180,"resource":"3008","request_start":1576624400512,"request_end":1576624413596,"request_duration":13084,"type":"3008"}
{"start":1576624410419,"end":1576624413582,"duration":3163,"downloading_duration":994,"execution_duration":1484,"uploading_duration":685,"executable":"ellipsoids-openmp","args":["3.dat","337.log","337.xoutput"],"id":178,"resource":"3008","request_start":1576624400511,"request_end":1576624413604,"request_duration":13093,"type":"3008"}
{"start":1576624410498,"end":1576624413616,"duration":3118,"downloading_duration":1034,"execution_duration":1488,"uploading_duration":596,"executable":"ellipsoids-openmp","args":["3.dat","343.log","343.xoutput"],"id":184,"resource":"3008","request_start":1576624400515,"request_end":1576624413637,"request_duration":13122,"type":"3008"}
{"start":1576624412214,"end":1576624413618,"duration":1404,"downloading_duration":1003,"execution_duration":24,"uploading_duration":377,"executable":"mean-pack-ell","args":["00.xoutput","01.xoutput","02.xoutput","03.xoutput","04.xoutput","05.xoutput","06.xoutput","07.xoutput","08.xoutput","09.xoutput","010.xoutput","011.xoutput","012.xoutput","013.xoutput","014.xoutput","015.xoutput","016.xoutput","017.xoutput","018.xoutput","019.xoutput","020.xoutput","021.xoutput","022.xoutput","023.xoutput","024.xoutput","025.xoutput","026.xoutput","027.xoutput","028.xoutput","029.xoutput","030.xoutput","031.xoutput","032.xoutput","033.xoutput","034.xoutput","035.xoutput","036.xoutput","037.xoutput","038.xoutput","039.xoutput","040.xoutput","041.xoutput","042.xoutput","043.xoutput","044.xoutput","average_0.txt"],"id":186,"resource":"3008","request_start":1576624412094,"request_end":1576624413644,"request_duration":1550,"type":"3008"}
{"start":1576624410401,"end":1576624413656,"duration":3255,"downloading_duration":1177,"execution_duration":1507,"uploading_duration":571,"executable":"ellipsoids-openmp","args":["3.dat","335.log","335.xoutput"],"id":176,"resource":"3008","request_start":1576624400510,"request_end":1576624413674,"request_duration":13164,"type":"3008"}
{"start":1576624410478,"end":1576624413672,"duration":3194,"downloading_duration":1077,"execution_duration":1517,"uploading_duration":600,"executable":"ellipsoids-openmp","args":["3.dat","340.log","340.xoutput"],"id":181,"resource":"3008","request_start":1576624400513,"request_end":1576624413691,"request_duration":13178,"type":"3008"}
{"start":1576624410507,"end":1576624413677,"duration":3170,"downloading_duration":1011,"execution_duration":1535,"uploading_duration":624,"executable":"ellipsoids-openmp","args":["3.dat","344.log","344.xoutput"],"id":185,"resource":"3008","request_start":1576624400519,"request_end":1576624413698,"request_duration":13179,"type":"3008"}
{"start":1576624410486,"end":1576624413679,"duration":3193,"downloading_duration":1108,"execution_duration":1480,"uploading_duration":605,"executable":"ellipsoids-openmp","args":["3.dat","341.log","341.xoutput"],"id":182,"resource":"3008","request_start":1576624400513,"request_end":1576624413700,"request_duration":13187,"type":"3008"}
{"start":1576624413833,"end":1576624415225,"duration":1392,"downloading_duration":1023,"execution_duration":3,"uploading_duration":366,"executable":"mean-pack-ell","args":["30.xoutput","31.xoutput","32.xoutput","33.xoutput","34.xoutput","35.xoutput","36.xoutput","37.xoutput","38.xoutput","39.xoutput","310.xoutput","311.xoutput","312.xoutput","313.xoutput","314.xoutput","315.xoutput","316.xoutput","317.xoutput","318.xoutput","319.xoutput","320.xoutput","321.xoutput","322.xoutput","323.xoutput","324.xoutput","325.xoutput","326.xoutput","327.xoutput","328.xoutput","329.xoutput","330.xoutput","331.xoutput","332.xoutput","333.xoutput","334.xoutput","335.xoutput","336.xoutput","337.xoutput","338.xoutput","339.xoutput","340.xoutput","341.xoutput","342.xoutput","343.xoutput","344.xoutput","average_3.txt"],"id":189,"resource":"3008","request_start":1576624413713,"request_end":1576624415246,"request_duration":1533,"type":"3008"}
{"start":1576624415365,"end":1576624416228,"duration":863,"downloading_duration":390,"execution_duration":64,"uploading_duration":409,"executable":"summary.js","args":[],"id":190,"resource":"3008","request_start":1576624415258,"request_end":1576624416246,"request_duration":988,"type":"3008"}
