{"start":1576624455418,"end":1576624456345,"duration":927,"downloading_duration":472,"execution_duration":65,"uploading_duration":390,"executable":"generateData.js","args":[],"id":1,"resource":"3008","request_start":1576624455242,"request_end":1576624456375,"request_duration":1133,"type":"3008"}
{"start":1576624456504,"end":1576624457341,"duration":837,"downloading_duration":397,"execution_duration":63,"uploading_duration":377,"executable":"createDat.js","args":["0.dat"],"id":2,"resource":"3008","request_start":1576624456386,"request_end":1576624457359,"request_duration":973,"type":"3008"}
{"start":1576624456522,"end":1576624457349,"duration":827,"downloading_duration":380,"execution_duration":64,"uploading_duration":383,"executable":"createDat.js","args":["3.dat"],"id":5,"resource":"3008","request_start":1576624456395,"request_end":1576624457375,"request_duration":980,"type":"3008"}
{"start":1576624456499,"end":1576624457350,"duration":851,"downloading_duration":409,"execution_duration":63,"uploading_duration":379,"executable":"createDat.js","args":["1.dat"],"id":3,"resource":"3008","request_start":1576624456390,"request_end":1576624457377,"request_duration":987,"type":"3008"}
{"start":1576624456522,"end":1576624457370,"duration":848,"downloading_duration":378,"execution_duration":65,"uploading_duration":405,"executable":"createDat.js","args":["2.dat"],"id":4,"resource":"3008","request_start":1576624456392,"request_end":1576624457396,"request_duration":1004,"type":"3008"}
{"start":1576624457882,"end":1576624460988,"duration":3106,"downloading_duration":1076,"execution_duration":1471,"uploading_duration":559,"executable":"ellipsoids-openmp","args":["0.dat","08.log","08.xoutput"],"id":14,"resource":"3008","request_start":1576624457423,"request_end":1576624461009,"request_duration":3586,"type":"3008"}
{"start":1576624457882,"end":1576624460994,"duration":3112,"downloading_duration":1073,"execution_duration":1468,"uploading_duration":571,"executable":"ellipsoids-openmp","args":["0.dat","06.log","06.xoutput"],"id":12,"resource":"3008","request_start":1576624457421,"request_end":1576624461015,"request_duration":3594,"type":"3008"}
{"start":1576624457887,"end":1576624460997,"duration":3110,"downloading_duration":1008,"execution_duration":1487,"uploading_duration":615,"executable":"ellipsoids-openmp","args":["0.dat","013.log","013.xoutput"],"id":19,"resource":"3008","request_start":1576624457429,"request_end":1576624461019,"request_duration":3590,"type":"3008"}
{"start":1576624457881,"end":1576624460999,"duration":3118,"downloading_duration":989,"execution_duration":1536,"uploading_duration":593,"executable":"ellipsoids-openmp","args":["0.dat","04.log","04.xoutput"],"id":10,"resource":"3008","request_start":1576624457418,"request_end":1576624461022,"request_duration":3604,"type":"3008"}
{"start":1576624457883,"end":1576624461009,"duration":3126,"downloading_duration":997,"execution_duration":1547,"uploading_duration":582,"executable":"ellipsoids-openmp","args":["0.dat","010.log","010.xoutput"],"id":16,"resource":"3008","request_start":1576624457426,"request_end":1576624461030,"request_duration":3604,"type":"3008"}
{"start":1576624457885,"end":1576624461016,"duration":3131,"downloading_duration":992,"execution_duration":1528,"uploading_duration":611,"executable":"ellipsoids-openmp","args":["0.dat","011.log","011.xoutput"],"id":17,"resource":"3008","request_start":1576624457427,"request_end":1576624461036,"request_duration":3609,"type":"3008"}
{"start":1576624457886,"end":1576624461032,"duration":3146,"downloading_duration":998,"execution_duration":1498,"uploading_duration":650,"executable":"ellipsoids-openmp","args":["0.dat","016.log","016.xoutput"],"id":22,"resource":"3008","request_start":1576624457432,"request_end":1576624461052,"request_duration":3620,"type":"3008"}
{"start":1576624457883,"end":1576624461044,"duration":3161,"downloading_duration":1078,"execution_duration":1525,"uploading_duration":558,"executable":"ellipsoids-openmp","args":["0.dat","09.log","09.xoutput"],"id":15,"resource":"3008","request_start":1576624457424,"request_end":1576624461064,"request_duration":3640,"type":"3008"}
{"start":1576624457931,"end":1576624461045,"duration":3114,"downloading_duration":1006,"execution_duration":1502,"uploading_duration":606,"executable":"ellipsoids-openmp","args":["0.dat","023.log","023.xoutput"],"id":29,"resource":"3008","request_start":1576624457441,"request_end":1576624461067,"request_duration":3626,"type":"3008"}
{"start":1576624457989,"end":1576624461045,"duration":3056,"downloading_duration":1079,"execution_duration":1410,"uploading_duration":567,"executable":"ellipsoids-openmp","args":["0.dat","030.log","030.xoutput"],"id":36,"resource":"3008","request_start":1576624457447,"request_end":1576624461070,"request_duration":3623,"type":"3008"}
{"start":1576624457923,"end":1576624461060,"duration":3137,"downloading_duration":1010,"execution_duration":1517,"uploading_duration":610,"executable":"ellipsoids-openmp","args":["0.dat","017.log","017.xoutput"],"id":23,"resource":"3008","request_start":1576624457435,"request_end":1576624461080,"request_duration":3645,"type":"3008"}
{"start":1576624457885,"end":1576624461064,"duration":3179,"downloading_duration":1078,"execution_duration":1481,"uploading_duration":620,"executable":"ellipsoids-openmp","args":["0.dat","05.log","05.xoutput"],"id":11,"resource":"3008","request_start":1576624457419,"request_end":1576624461083,"request_duration":3664,"type":"3008"}
{"start":1576624457929,"end":1576624461078,"duration":3149,"downloading_duration":1013,"execution_duration":1551,"uploading_duration":585,"executable":"ellipsoids-openmp","args":["0.dat","014.log","014.xoutput"],"id":20,"resource":"3008","request_start":1576624457430,"request_end":1576624461096,"request_duration":3666,"type":"3008"}
{"start":1576624457991,"end":1576624461079,"duration":3088,"downloading_duration":999,"execution_duration":1513,"uploading_duration":576,"executable":"ellipsoids-openmp","args":["0.dat","034.log","034.xoutput"],"id":40,"resource":"3008","request_start":1576624457451,"request_end":1576624461099,"request_duration":3648,"type":"3008"}
{"start":1576624457927,"end":1576624461092,"duration":3165,"downloading_duration":1028,"execution_duration":1542,"uploading_duration":595,"executable":"ellipsoids-openmp","args":["0.dat","015.log","015.xoutput"],"id":21,"resource":"3008","request_start":1576624457431,"request_end":1576624461115,"request_duration":3684,"type":"3008"}
{"start":1576624457933,"end":1576624461095,"duration":3162,"downloading_duration":1006,"execution_duration":1564,"uploading_duration":592,"executable":"ellipsoids-openmp","args":["0.dat","021.log","021.xoutput"],"id":27,"resource":"3008","request_start":1576624457439,"request_end":1576624461118,"request_duration":3679,"type":"3008"}
{"start":1576624457988,"end":1576624461110,"duration":3122,"downloading_duration":1041,"execution_duration":1523,"uploading_duration":558,"executable":"ellipsoids-openmp","args":["0.dat","032.log","032.xoutput"],"id":38,"resource":"3008","request_start":1576624457448,"request_end":1576624461132,"request_duration":3684,"type":"3008"}
{"start":1576624457928,"end":1576624461121,"duration":3193,"downloading_duration":1027,"execution_duration":1551,"uploading_duration":615,"executable":"ellipsoids-openmp","args":["0.dat","019.log","019.xoutput"],"id":25,"resource":"3008","request_start":1576624457437,"request_end":1576624461141,"request_duration":3704,"type":"3008"}
{"start":1576624457986,"end":1576624461122,"duration":3136,"downloading_duration":1026,"execution_duration":1533,"uploading_duration":577,"executable":"ellipsoids-openmp","args":["0.dat","031.log","031.xoutput"],"id":37,"resource":"3008","request_start":1576624457447,"request_end":1576624461143,"request_duration":3696,"type":"3008"}
{"start":1576624457978,"end":1576624461124,"duration":3146,"downloading_duration":1014,"execution_duration":1519,"uploading_duration":613,"executable":"ellipsoids-openmp","args":["0.dat","022.log","022.xoutput"],"id":28,"resource":"3008","request_start":1576624457440,"request_end":1576624461147,"request_duration":3707,"type":"3008"}
{"start":1576624457884,"end":1576624461137,"duration":3253,"downloading_duration":1087,"execution_duration":1506,"uploading_duration":660,"executable":"ellipsoids-openmp","args":["0.dat","07.log","07.xoutput"],"id":13,"resource":"3008","request_start":1576624457422,"request_end":1576624461158,"request_duration":3736,"type":"3008"}
{"start":1576624457992,"end":1576624461148,"duration":3156,"downloading_duration":1013,"execution_duration":1573,"uploading_duration":570,"executable":"ellipsoids-openmp","args":["0.dat","033.log","033.xoutput"],"id":39,"resource":"3008","request_start":1576624457449,"request_end":1576624461166,"request_duration":3717,"type":"3008"}
{"start":1576624458127,"end":1576624461153,"duration":3026,"downloading_duration":999,"execution_duration":1444,"uploading_duration":583,"executable":"ellipsoids-openmp","args":["3.dat","31.log","31.xoutput"],"id":142,"resource":"3008","request_start":1576624457554,"request_end":1576624461174,"request_duration":3620,"type":"3008"}
{"start":1576624457988,"end":1576624461160,"duration":3172,"downloading_duration":1074,"execution_duration":1516,"uploading_duration":582,"executable":"ellipsoids-openmp","args":["0.dat","029.log","029.xoutput"],"id":35,"resource":"3008","request_start":1576624457446,"request_end":1576624461182,"request_duration":3736,"type":"3008"}
{"start":1576624457983,"end":1576624461173,"duration":3190,"downloading_duration":1077,"execution_duration":1500,"uploading_duration":613,"executable":"ellipsoids-openmp","args":["0.dat","028.log","028.xoutput"],"id":34,"resource":"3008","request_start":1576624457445,"request_end":1576624461196,"request_duration":3751,"type":"3008"}
{"start":1576624457922,"end":1576624461177,"duration":3255,"downloading_duration":1087,"execution_duration":1565,"uploading_duration":603,"executable":"ellipsoids-openmp","args":["0.dat","018.log","018.xoutput"],"id":24,"resource":"3008","request_start":1576624457436,"request_end":1576624461199,"request_duration":3763,"type":"3008"}
{"start":1576624457931,"end":1576624461191,"duration":3260,"downloading_duration":1143,"execution_duration":1514,"uploading_duration":603,"executable":"ellipsoids-openmp","args":["0.dat","020.log","020.xoutput"],"id":26,"resource":"3008","request_start":1576624457438,"request_end":1576624461212,"request_duration":3774,"type":"3008"}
{"start":1576624457992,"end":1576624461199,"duration":3207,"downloading_duration":1028,"execution_duration":1581,"uploading_duration":598,"executable":"ellipsoids-openmp","args":["0.dat","036.log","036.xoutput"],"id":42,"resource":"3008","request_start":1576624457452,"request_end":1576624461222,"request_duration":3770,"type":"3008"}
{"start":1576624457990,"end":1576624461204,"duration":3214,"downloading_duration":1118,"execution_duration":1499,"uploading_duration":597,"executable":"ellipsoids-openmp","args":["0.dat","035.log","035.xoutput"],"id":41,"resource":"3008","request_start":1576624457452,"request_end":1576624461224,"request_duration":3772,"type":"3008"}
{"start":1576624458130,"end":1576624461205,"duration":3075,"downloading_duration":1095,"execution_duration":1378,"uploading_duration":602,"executable":"ellipsoids-openmp","args":["3.dat","32.log","32.xoutput"],"id":143,"resource":"3008","request_start":1576624457554,"request_end":1576624461228,"request_duration":3674,"type":"3008"}
{"start":1576624458132,"end":1576624461206,"duration":3074,"downloading_duration":1083,"execution_duration":1427,"uploading_duration":564,"executable":"ellipsoids-openmp","args":["3.dat","33.log","33.xoutput"],"id":144,"resource":"3008","request_start":1576624457555,"request_end":1576624461234,"request_duration":3679,"type":"3008"}
{"start":1576624458128,"end":1576624461211,"duration":3083,"downloading_duration":1077,"execution_duration":1407,"uploading_duration":599,"executable":"ellipsoids-openmp","args":["3.dat","30.log","30.xoutput"],"id":141,"resource":"3008","request_start":1576624457553,"request_end":1576624461236,"request_duration":3683,"type":"3008"}
{"start":1576624457995,"end":1576624461220,"duration":3225,"downloading_duration":1086,"execution_duration":1549,"uploading_duration":590,"executable":"ellipsoids-openmp","args":["0.dat","037.log","037.xoutput"],"id":43,"resource":"3008","request_start":1576624457453,"request_end":1576624461244,"request_duration":3791,"type":"3008"}
{"start":1576624457973,"end":1576624461225,"duration":3252,"downloading_duration":1074,"execution_duration":1517,"uploading_duration":661,"executable":"ellipsoids-openmp","args":["0.dat","024.log","024.xoutput"],"id":30,"resource":"3008","request_start":1576624457441,"request_end":1576624461246,"request_duration":3805,"type":"3008"}
{"start":1576624458117,"end":1576624461244,"duration":3127,"downloading_duration":1025,"execution_duration":1520,"uploading_duration":582,"executable":"ellipsoids-openmp","args":["0.dat","00.log","00.xoutput"],"id":6,"resource":"3008","request_start":1576624457462,"request_end":1576624461264,"request_duration":3802,"type":"3008"}
{"start":1576624457983,"end":1576624461262,"duration":3279,"downloading_duration":1196,"execution_duration":1501,"uploading_duration":582,"executable":"ellipsoids-openmp","args":["0.dat","026.log","026.xoutput"],"id":32,"resource":"3008","request_start":1576624457443,"request_end":1576624461282,"request_duration":3839,"type":"3008"}
{"start":1576624457885,"end":1576624461272,"duration":3387,"downloading_duration":1222,"execution_duration":1541,"uploading_duration":624,"executable":"ellipsoids-openmp","args":["0.dat","012.log","012.xoutput"],"id":18,"resource":"3008","request_start":1576624457428,"request_end":1576624461292,"request_duration":3864,"type":"3008"}
{"start":1576624457983,"end":1576624461277,"duration":3294,"downloading_duration":1073,"execution_duration":1621,"uploading_duration":600,"executable":"ellipsoids-openmp","args":["0.dat","025.log","025.xoutput"],"id":31,"resource":"3008","request_start":1576624457442,"request_end":1576624461298,"request_duration":3856,"type":"3008"}
{"start":1576624458115,"end":1576624461292,"duration":3177,"downloading_duration":1009,"execution_duration":1567,"uploading_duration":601,"executable":"ellipsoids-openmp","args":["0.dat","038.log","038.xoutput"],"id":44,"resource":"3008","request_start":1576624457454,"request_end":1576624461312,"request_duration":3858,"type":"3008"}
{"start":1576624458132,"end":1576624461322,"duration":3190,"downloading_duration":1162,"execution_duration":1465,"uploading_duration":563,"executable":"ellipsoids-openmp","args":["3.dat","34.log","34.xoutput"],"id":145,"resource":"3008","request_start":1576624457556,"request_end":1576624461344,"request_duration":3788,"type":"3008"}
{"start":1576624458112,"end":1576624461328,"duration":3216,"downloading_duration":1039,"execution_duration":1582,"uploading_duration":595,"executable":"ellipsoids-openmp","args":["0.dat","039.log","039.xoutput"],"id":45,"resource":"3008","request_start":1576624457456,"request_end":1576624461347,"request_duration":3891,"type":"3008"}
{"start":1576624458124,"end":1576624461328,"duration":3204,"downloading_duration":1019,"execution_duration":1585,"uploading_duration":600,"executable":"ellipsoids-openmp","args":["0.dat","01.log","01.xoutput"],"id":7,"resource":"3008","request_start":1576624457463,"request_end":1576624461351,"request_duration":3888,"type":"3008"}
{"start":1576624458130,"end":1576624461341,"duration":3211,"downloading_duration":1074,"execution_duration":1571,"uploading_duration":566,"executable":"ellipsoids-openmp","args":["0.dat","042.log","042.xoutput"],"id":48,"resource":"3008","request_start":1576624457459,"request_end":1576624461362,"request_duration":3903,"type":"3008"}
{"start":1576624458117,"end":1576624461350,"duration":3233,"downloading_duration":1024,"execution_duration":1569,"uploading_duration":640,"executable":"ellipsoids-openmp","args":["0.dat","02.log","02.xoutput"],"id":8,"resource":"3008","request_start":1576624457463,"request_end":1576624461369,"request_duration":3906,"type":"3008"}
{"start":1576624458124,"end":1576624461359,"duration":3235,"downloading_duration":1087,"execution_duration":1536,"uploading_duration":612,"executable":"ellipsoids-openmp","args":["0.dat","043.log","043.xoutput"],"id":49,"resource":"3008","request_start":1576624457460,"request_end":1576624461378,"request_duration":3918,"type":"3008"}
{"start":1576624458119,"end":1576624461360,"duration":3241,"downloading_duration":1151,"execution_duration":1508,"uploading_duration":582,"executable":"ellipsoids-openmp","args":["0.dat","044.log","044.xoutput"],"id":50,"resource":"3008","request_start":1576624457461,"request_end":1576624461381,"request_duration":3920,"type":"3008"}
{"start":1576624458123,"end":1576624461361,"duration":3238,"downloading_duration":1071,"execution_duration":1556,"uploading_duration":611,"executable":"ellipsoids-openmp","args":["0.dat","03.log","03.xoutput"],"id":9,"resource":"3008","request_start":1576624457464,"request_end":1576624461383,"request_duration":3919,"type":"3008"}
{"start":1576624458117,"end":1576624461455,"duration":3338,"downloading_duration":1163,"execution_duration":1603,"uploading_duration":572,"executable":"ellipsoids-openmp","args":["0.dat","040.log","040.xoutput"],"id":46,"resource":"3008","request_start":1576624457457,"request_end":1576624461474,"request_duration":4017,"type":"3008"}
{"start":1576624458118,"end":1576624461456,"duration":3338,"downloading_duration":1085,"execution_duration":1591,"uploading_duration":662,"executable":"ellipsoids-openmp","args":["0.dat","041.log","041.xoutput"],"id":47,"resource":"3008","request_start":1576624457458,"request_end":1576624461478,"request_duration":4020,"type":"3008"}
{"start":1576624457982,"end":1576624463754,"duration":5772,"downloading_duration":3533,"execution_duration":1656,"uploading_duration":583,"executable":"ellipsoids-openmp","args":["0.dat","027.log","027.xoutput"],"id":33,"resource":"3008","request_start":1576624457444,"request_end":1576624463776,"request_duration":6332,"type":"3008"}
{"start":1576624461051,"end":1576624464020,"duration":2969,"downloading_duration":997,"execution_duration":1406,"uploading_duration":566,"executable":"ellipsoids-openmp","args":["3.dat","38.log","38.xoutput"],"id":149,"resource":"3008","request_start":1576624457559,"request_end":1576624464041,"request_duration":6482,"type":"3008"}
{"start":1576624461034,"end":1576624464071,"duration":3037,"downloading_duration":1027,"execution_duration":1425,"uploading_duration":585,"executable":"ellipsoids-openmp","args":["3.dat","35.log","35.xoutput"],"id":146,"resource":"3008","request_start":1576624457557,"request_end":1576624464092,"request_duration":6535,"type":"3008"}
{"start":1576624461090,"end":1576624464074,"duration":2984,"downloading_duration":1008,"execution_duration":1382,"uploading_duration":594,"executable":"ellipsoids-openmp","args":["3.dat","312.log","312.xoutput"],"id":153,"resource":"3008","request_start":1576624457561,"request_end":1576624464095,"request_duration":6534,"type":"3008"}
{"start":1576624461054,"end":1576624464076,"duration":3022,"downloading_duration":976,"execution_duration":1432,"uploading_duration":614,"executable":"ellipsoids-openmp","args":["3.dat","39.log","39.xoutput"],"id":150,"resource":"3008","request_start":1576624457559,"request_end":1576624464097,"request_duration":6538,"type":"3008"}
{"start":1576624461050,"end":1576624464078,"duration":3028,"downloading_duration":1077,"execution_duration":1367,"uploading_duration":584,"executable":"ellipsoids-openmp","args":["3.dat","37.log","37.xoutput"],"id":148,"resource":"3008","request_start":1576624457558,"request_end":1576624464100,"request_duration":6542,"type":"3008"}
{"start":1576624461046,"end":1576624464083,"duration":3037,"downloading_duration":1033,"execution_duration":1407,"uploading_duration":597,"executable":"ellipsoids-openmp","args":["3.dat","36.log","36.xoutput"],"id":147,"resource":"3008","request_start":1576624457558,"request_end":1576624464107,"request_duration":6549,"type":"3008"}
{"start":1576624461146,"end":1576624464088,"duration":2942,"downloading_duration":1014,"execution_duration":1367,"uploading_duration":561,"executable":"ellipsoids-openmp","args":["3.dat","320.log","320.xoutput"],"id":161,"resource":"3008","request_start":1576624457566,"request_end":1576624464110,"request_duration":6544,"type":"3008"}
{"start":1576624461099,"end":1576624464095,"duration":2996,"downloading_duration":1012,"execution_duration":1429,"uploading_duration":555,"executable":"ellipsoids-openmp","args":["3.dat","313.log","313.xoutput"],"id":154,"resource":"3008","request_start":1576624457561,"request_end":1576624464117,"request_duration":6556,"type":"3008"}
{"start":1576624461079,"end":1576624464105,"duration":3026,"downloading_duration":986,"execution_duration":1408,"uploading_duration":632,"executable":"ellipsoids-openmp","args":["3.dat","311.log","311.xoutput"],"id":152,"resource":"3008","request_start":1576624457560,"request_end":1576624464127,"request_duration":6567,"type":"3008"}
{"start":1576624461098,"end":1576624464139,"duration":3041,"downloading_duration":979,"execution_duration":1440,"uploading_duration":622,"executable":"ellipsoids-openmp","args":["3.dat","314.log","314.xoutput"],"id":155,"resource":"3008","request_start":1576624457562,"request_end":1576624464160,"request_duration":6598,"type":"3008"}
{"start":1576624461116,"end":1576624464159,"duration":3043,"downloading_duration":1094,"execution_duration":1384,"uploading_duration":565,"executable":"ellipsoids-openmp","args":["3.dat","316.log","316.xoutput"],"id":157,"resource":"3008","request_start":1576624457564,"request_end":1576624464178,"request_duration":6614,"type":"3008"}
{"start":1576624461128,"end":1576624464182,"duration":3054,"downloading_duration":1031,"execution_duration":1457,"uploading_duration":566,"executable":"ellipsoids-openmp","args":["3.dat","318.log","318.xoutput"],"id":159,"resource":"3008","request_start":1576624457565,"request_end":1576624464202,"request_duration":6637,"type":"3008"}
{"start":1576624461066,"end":1576624464194,"duration":3128,"downloading_duration":1096,"execution_duration":1444,"uploading_duration":588,"executable":"ellipsoids-openmp","args":["3.dat","310.log","310.xoutput"],"id":151,"resource":"3008","request_start":1576624457560,"request_end":1576624464220,"request_duration":6660,"type":"3008"}
{"start":1576624461206,"end":1576624464203,"duration":2997,"downloading_duration":986,"execution_duration":1458,"uploading_duration":553,"executable":"ellipsoids-openmp","args":["3.dat","328.log","328.xoutput"],"id":169,"resource":"3008","request_start":1576624457571,"request_end":1576624464228,"request_duration":6657,"type":"3008"}
{"start":1576624461176,"end":1576624464206,"duration":3030,"downloading_duration":999,"execution_duration":1428,"uploading_duration":603,"executable":"ellipsoids-openmp","args":["3.dat","324.log","324.xoutput"],"id":165,"resource":"3008","request_start":1576624457568,"request_end":1576624464231,"request_duration":6663,"type":"3008"}
{"start":1576624461158,"end":1576624464216,"duration":3058,"downloading_duration":1025,"execution_duration":1403,"uploading_duration":630,"executable":"ellipsoids-openmp","args":["3.dat","321.log","321.xoutput"],"id":162,"resource":"3008","request_start":1576624457567,"request_end":1576624464237,"request_duration":6670,"type":"3008"}
{"start":1576624461167,"end":1576624464221,"duration":3054,"downloading_duration":1065,"execution_duration":1404,"uploading_duration":585,"executable":"ellipsoids-openmp","args":["3.dat","322.log","322.xoutput"],"id":163,"resource":"3008","request_start":1576624457567,"request_end":1576624464240,"request_duration":6673,"type":"3008"}
{"start":1576624461184,"end":1576624464240,"duration":3056,"downloading_duration":1078,"execution_duration":1430,"uploading_duration":548,"executable":"ellipsoids-openmp","args":["3.dat","325.log","325.xoutput"],"id":166,"resource":"3008","request_start":1576624457569,"request_end":1576624464259,"request_duration":6690,"type":"3008"}
{"start":1576624461142,"end":1576624464241,"duration":3099,"downloading_duration":1003,"execution_duration":1431,"uploading_duration":665,"executable":"ellipsoids-openmp","args":["3.dat","319.log","319.xoutput"],"id":160,"resource":"3008","request_start":1576624457566,"request_end":1576624464265,"request_duration":6699,"type":"3008"}
{"start":1576624461227,"end":1576624464258,"duration":3031,"downloading_duration":1013,"execution_duration":1418,"uploading_duration":600,"executable":"ellipsoids-openmp","args":["3.dat","330.log","330.xoutput"],"id":171,"resource":"3008","request_start":1576624457572,"request_end":1576624464279,"request_duration":6707,"type":"3008"}
{"start":1576624461199,"end":1576624464279,"duration":3080,"downloading_duration":1074,"execution_duration":1405,"uploading_duration":601,"executable":"ellipsoids-openmp","args":["3.dat","327.log","327.xoutput"],"id":168,"resource":"3008","request_start":1576624457570,"request_end":1576624464300,"request_duration":6730,"type":"3008"}
{"start":1576624461171,"end":1576624464285,"duration":3114,"downloading_duration":1073,"execution_duration":1447,"uploading_duration":594,"executable":"ellipsoids-openmp","args":["3.dat","323.log","323.xoutput"],"id":164,"resource":"3008","request_start":1576624457568,"request_end":1576624464306,"request_duration":6738,"type":"3008"}
{"start":1576624461289,"end":1576624464284,"duration":2995,"downloading_duration":987,"execution_duration":1450,"uploading_duration":558,"executable":"ellipsoids-openmp","args":["3.dat","339.log","339.xoutput"],"id":180,"resource":"3008","request_start":1576624457577,"request_end":1576624464308,"request_duration":6731,"type":"3008"}
{"start":1576624461260,"end":1576624464295,"duration":3035,"downloading_duration":1039,"execution_duration":1375,"uploading_duration":621,"executable":"ellipsoids-openmp","args":["3.dat","335.log","335.xoutput"],"id":176,"resource":"3008","request_start":1576624457575,"request_end":1576624464316,"request_duration":6741,"type":"3008"}
{"start":1576624461247,"end":1576624464321,"duration":3074,"downloading_duration":1072,"execution_duration":1430,"uploading_duration":572,"executable":"ellipsoids-openmp","args":["3.dat","332.log","332.xoutput"],"id":173,"resource":"3008","request_start":1576624457573,"request_end":1576624464343,"request_duration":6770,"type":"3008"}
{"start":1576624461338,"end":1576624464337,"duration":2999,"downloading_duration":1015,"execution_duration":1432,"uploading_duration":552,"executable":"ellipsoids-openmp","args":["3.dat","343.log","343.xoutput"],"id":184,"resource":"3008","request_start":1576624457580,"request_end":1576624464357,"request_duration":6777,"type":"3008"}
{"start":1576624461372,"end":1576624464349,"duration":2977,"downloading_duration":1022,"execution_duration":1395,"uploading_duration":560,"executable":"ellipsoids-openmp","args":["1.dat","10.log","10.xoutput"],"id":51,"resource":"3008","request_start":1576624457581,"request_end":1576624464368,"request_duration":6787,"type":"3008"}
{"start":1576624461410,"end":1576624464347,"duration":2937,"downloading_duration":1006,"execution_duration":1361,"uploading_duration":570,"executable":"ellipsoids-openmp","args":["1.dat","16.log","16.xoutput"],"id":57,"resource":"3008","request_start":1576624457584,"request_end":1576624464370,"request_duration":6786,"type":"3008"}
{"start":1576624461276,"end":1576624464351,"duration":3075,"downloading_duration":995,"execution_duration":1453,"uploading_duration":627,"executable":"ellipsoids-openmp","args":["3.dat","338.log","338.xoutput"],"id":179,"resource":"3008","request_start":1576624457577,"request_end":1576624464373,"request_duration":6796,"type":"3008"}
{"start":1576624461258,"end":1576624464366,"duration":3108,"downloading_duration":1074,"execution_duration":1434,"uploading_duration":600,"executable":"ellipsoids-openmp","args":["3.dat","334.log","334.xoutput"],"id":175,"resource":"3008","request_start":1576624457574,"request_end":1576624464384,"request_duration":6810,"type":"3008"}
{"start":1576624461397,"end":1576624464383,"duration":2986,"downloading_duration":987,"execution_duration":1420,"uploading_duration":579,"executable":"ellipsoids-openmp","args":["1.dat","13.log","13.xoutput"],"id":54,"resource":"3008","request_start":1576624457582,"request_end":1576624464403,"request_duration":6821,"type":"3008"}
{"start":1576624461267,"end":1576624464383,"duration":3116,"downloading_duration":1024,"execution_duration":1431,"uploading_duration":661,"executable":"ellipsoids-openmp","args":["3.dat","337.log","337.xoutput"],"id":178,"resource":"3008","request_start":1576624457576,"request_end":1576624464405,"request_duration":6829,"type":"3008"}
{"start":1576624461239,"end":1576624464391,"duration":3152,"downloading_duration":1174,"execution_duration":1366,"uploading_duration":612,"executable":"ellipsoids-openmp","args":["3.dat","331.log","331.xoutput"],"id":172,"resource":"3008","request_start":1576624457573,"request_end":1576624464416,"request_duration":6843,"type":"3008"}
{"start":1576624461222,"end":1576624464393,"duration":3171,"downloading_duration":998,"execution_duration":1343,"uploading_duration":830,"executable":"ellipsoids-openmp","args":["3.dat","329.log","329.xoutput"],"id":170,"resource":"3008","request_start":1576624457572,"request_end":1576624464418,"request_duration":6846,"type":"3008"}
{"start":1576624461328,"end":1576624464398,"duration":3070,"downloading_duration":1066,"execution_duration":1424,"uploading_duration":580,"executable":"ellipsoids-openmp","args":["3.dat","342.log","342.xoutput"],"id":183,"resource":"3008","request_start":1576624457579,"request_end":1576624464422,"request_duration":6843,"type":"3008"}
{"start":1576624461411,"end":1576624464406,"duration":2995,"downloading_duration":993,"execution_duration":1423,"uploading_duration":579,"executable":"ellipsoids-openmp","args":["1.dat","15.log","15.xoutput"],"id":56,"resource":"3008","request_start":1576624457583,"request_end":1576624464429,"request_duration":6846,"type":"3008"}
{"start":1576624461261,"end":1576624464413,"duration":3152,"downloading_duration":1122,"execution_duration":1459,"uploading_duration":571,"executable":"ellipsoids-openmp","args":["3.dat","336.log","336.xoutput"],"id":177,"resource":"3008","request_start":1576624457576,"request_end":1576624464433,"request_duration":6857,"type":"3008"}
{"start":1576624461392,"end":1576624464416,"duration":3024,"downloading_duration":1022,"execution_duration":1398,"uploading_duration":604,"executable":"ellipsoids-openmp","args":["1.dat","12.log","12.xoutput"],"id":53,"resource":"3008","request_start":1576624457582,"request_end":1576624464440,"request_duration":6858,"type":"3008"}
{"start":1576624461129,"end":1576624464425,"duration":3296,"downloading_duration":996,"execution_duration":1409,"uploading_duration":891,"executable":"ellipsoids-openmp","args":["3.dat","317.log","317.xoutput"],"id":158,"resource":"3008","request_start":1576624457565,"request_end":1576624464449,"request_duration":6884,"type":"3008"}
{"start":1576624461255,"end":1576624464426,"duration":3171,"downloading_duration":1203,"execution_duration":1410,"uploading_duration":558,"executable":"ellipsoids-openmp","args":["3.dat","333.log","333.xoutput"],"id":174,"resource":"3008","request_start":1576624457574,"request_end":1576624464451,"request_duration":6877,"type":"3008"}
{"start":1576624461406,"end":1576624464432,"duration":3026,"downloading_duration":990,"execution_duration":1418,"uploading_duration":618,"executable":"ellipsoids-openmp","args":["1.dat","14.log","14.xoutput"],"id":55,"resource":"3008","request_start":1576624457583,"request_end":1576624464456,"request_duration":6873,"type":"3008"}
{"start":1576624461377,"end":1576624464453,"duration":3076,"downloading_duration":1088,"execution_duration":1407,"uploading_duration":581,"executable":"ellipsoids-openmp","args":["1.dat","11.log","11.xoutput"],"id":52,"resource":"3008","request_start":1576624457581,"request_end":1576624464476,"request_duration":6895,"type":"3008"}
{"start":1576624461192,"end":1576624464460,"duration":3268,"downloading_duration":1074,"execution_duration":1377,"uploading_duration":817,"executable":"ellipsoids-openmp","args":["3.dat","326.log","326.xoutput"],"id":167,"resource":"3008","request_start":1576624457570,"request_end":1576624464480,"request_duration":6910,"type":"3008"}
{"start":1576624461309,"end":1576624464489,"duration":3180,"downloading_duration":1111,"execution_duration":1478,"uploading_duration":591,"executable":"ellipsoids-openmp","args":["3.dat","340.log","340.xoutput"],"id":181,"resource":"3008","request_start":1576624457578,"request_end":1576624464507,"request_duration":6929,"type":"3008"}
{"start":1576624461315,"end":1576624464552,"duration":3237,"downloading_duration":1225,"execution_duration":1432,"uploading_duration":580,"executable":"ellipsoids-openmp","args":["3.dat","341.log","341.xoutput"],"id":182,"resource":"3008","request_start":1576624457579,"request_end":1576624464572,"request_duration":6993,"type":"3008"}
{"start":1576624461507,"end":1576624464560,"duration":3053,"downloading_duration":996,"execution_duration":1444,"uploading_duration":613,"executable":"ellipsoids-openmp","args":["1.dat","18.log","18.xoutput"],"id":59,"resource":"3008","request_start":1576624457585,"request_end":1576624464580,"request_duration":6995,"type":"3008"}
{"start":1576624461503,"end":1576624464572,"duration":3069,"downloading_duration":1081,"execution_duration":1392,"uploading_duration":596,"executable":"ellipsoids-openmp","args":["1.dat","17.log","17.xoutput"],"id":58,"resource":"3008","request_start":1576624457584,"request_end":1576624464591,"request_duration":7007,"type":"3008"}
{"start":1576624461370,"end":1576624464718,"duration":3348,"downloading_duration":1075,"execution_duration":1467,"uploading_duration":806,"executable":"ellipsoids-openmp","args":["3.dat","344.log","344.xoutput"],"id":185,"resource":"3008","request_start":1576624457580,"request_end":1576624464737,"request_duration":7157,"type":"3008"}
{"start":1576624461114,"end":1576624465079,"duration":3965,"downloading_duration":1075,"execution_duration":1460,"uploading_duration":1430,"executable":"ellipsoids-openmp","args":["3.dat","315.log","315.xoutput"],"id":156,"resource":"3008","request_start":1576624457563,"request_end":1576624465102,"request_duration":7539,"type":"3008"}
{"start":1576624463807,"end":1576624466925,"duration":3118,"downloading_duration":1065,"execution_duration":1455,"uploading_duration":598,"executable":"ellipsoids-openmp","args":["1.dat","19.log","19.xoutput"],"id":60,"resource":"3008","request_start":1576624457585,"request_end":1576624466945,"request_duration":9360,"type":"3008"}
{"start":1576624464136,"end":1576624467045,"duration":2909,"downloading_duration":990,"execution_duration":1357,"uploading_duration":562,"executable":"ellipsoids-openmp","args":["1.dat","116.log","116.xoutput"],"id":67,"resource":"3008","request_start":1576624457592,"request_end":1576624467065,"request_duration":9473,"type":"3008"}
{"start":1576624464129,"end":1576624467057,"duration":2928,"downloading_duration":998,"execution_duration":1367,"uploading_duration":563,"executable":"ellipsoids-openmp","args":["1.dat","113.log","113.xoutput"],"id":64,"resource":"3008","request_start":1576624457590,"request_end":1576624467074,"request_duration":9484,"type":"3008"}
{"start":1576624464118,"end":1576624467080,"duration":2962,"downloading_duration":1029,"execution_duration":1359,"uploading_duration":574,"executable":"ellipsoids-openmp","args":["1.dat","111.log","111.xoutput"],"id":62,"resource":"3008","request_start":1576624457589,"request_end":1576624467102,"request_duration":9513,"type":"3008"}
{"start":1576624464068,"end":1576624467122,"duration":3054,"downloading_duration":1106,"execution_duration":1382,"uploading_duration":566,"executable":"ellipsoids-openmp","args":["1.dat","110.log","110.xoutput"],"id":61,"resource":"3008","request_start":1576624457589,"request_end":1576624467142,"request_duration":9553,"type":"3008"}
{"start":1576624464135,"end":1576624467130,"duration":2995,"downloading_duration":1042,"execution_duration":1376,"uploading_duration":577,"executable":"ellipsoids-openmp","args":["1.dat","115.log","115.xoutput"],"id":66,"resource":"3008","request_start":1576624457591,"request_end":1576624467150,"request_duration":9559,"type":"3008"}
{"start":1576624464135,"end":1576624467139,"duration":3004,"downloading_duration":1018,"execution_duration":1377,"uploading_duration":609,"executable":"ellipsoids-openmp","args":["1.dat","114.log","114.xoutput"],"id":65,"resource":"3008","request_start":1576624457591,"request_end":1576624467159,"request_duration":9568,"type":"3008"}
{"start":1576624464271,"end":1576624467200,"duration":2929,"downloading_duration":991,"execution_duration":1383,"uploading_duration":555,"executable":"ellipsoids-openmp","args":["1.dat","126.log","126.xoutput"],"id":77,"resource":"3008","request_start":1576624457597,"request_end":1576624467227,"request_duration":9630,"type":"3008"}
{"start":1576624464131,"end":1576624467206,"duration":3075,"downloading_duration":1033,"execution_duration":1373,"uploading_duration":669,"executable":"ellipsoids-openmp","args":["1.dat","112.log","112.xoutput"],"id":63,"resource":"3008","request_start":1576624457590,"request_end":1576624467229,"request_duration":9639,"type":"3008"}
{"start":1576624464204,"end":1576624467222,"duration":3018,"downloading_duration":1079,"execution_duration":1360,"uploading_duration":579,"executable":"ellipsoids-openmp","args":["1.dat","120.log","120.xoutput"],"id":71,"resource":"3008","request_start":1576624457594,"request_end":1576624467240,"request_duration":9646,"type":"3008"}
{"start":1576624464291,"end":1576624467222,"duration":2931,"downloading_duration":985,"execution_duration":1380,"uploading_duration":566,"executable":"ellipsoids-openmp","args":["1.dat","128.log","128.xoutput"],"id":79,"resource":"3008","request_start":1576624457598,"request_end":1576624467244,"request_duration":9646,"type":"3008"}
{"start":1576624464230,"end":1576624467225,"duration":2995,"downloading_duration":1003,"execution_duration":1377,"uploading_duration":615,"executable":"ellipsoids-openmp","args":["1.dat","121.log","121.xoutput"],"id":72,"resource":"3008","request_start":1576624457594,"request_end":1576624467265,"request_duration":9671,"type":"3008"}
{"start":1576624464185,"end":1576624467230,"duration":3045,"downloading_duration":1029,"execution_duration":1399,"uploading_duration":617,"executable":"ellipsoids-openmp","args":["1.dat","119.log","119.xoutput"],"id":70,"resource":"3008","request_start":1576624457593,"request_end":1576624467267,"request_duration":9674,"type":"3008"}
{"start":1576624464144,"end":1576624467231,"duration":3087,"downloading_duration":1037,"execution_duration":1403,"uploading_duration":647,"executable":"ellipsoids-openmp","args":["1.dat","117.log","117.xoutput"],"id":68,"resource":"3008","request_start":1576624457592,"request_end":1576624467274,"request_duration":9682,"type":"3008"}
{"start":1576624464251,"end":1576624467249,"duration":2998,"downloading_duration":989,"execution_duration":1401,"uploading_duration":608,"executable":"ellipsoids-openmp","args":["1.dat","122.log","122.xoutput"],"id":73,"resource":"3008","request_start":1576624457595,"request_end":1576624467278,"request_duration":9683,"type":"3008"}
{"start":1576624464255,"end":1576624467253,"duration":2998,"downloading_duration":996,"execution_duration":1403,"uploading_duration":599,"executable":"ellipsoids-openmp","args":["1.dat","123.log","123.xoutput"],"id":74,"resource":"3008","request_start":1576624457595,"request_end":1576624467282,"request_duration":9687,"type":"3008"}
{"start":1576624464258,"end":1576624467255,"duration":2997,"downloading_duration":997,"execution_duration":1389,"uploading_duration":611,"executable":"ellipsoids-openmp","args":["1.dat","124.log","124.xoutput"],"id":75,"resource":"3008","request_start":1576624457596,"request_end":1576624467284,"request_duration":9688,"type":"3008"}
{"start":1576624464151,"end":1576624467257,"duration":3106,"downloading_duration":990,"execution_duration":1388,"uploading_duration":728,"executable":"ellipsoids-openmp","args":["1.dat","118.log","118.xoutput"],"id":69,"resource":"3008","request_start":1576624457593,"request_end":1576624467286,"request_duration":9693,"type":"3008"}
{"start":1576624464369,"end":1576624467316,"duration":2947,"downloading_duration":990,"execution_duration":1383,"uploading_duration":574,"executable":"ellipsoids-openmp","args":["1.dat","134.log","134.xoutput"],"id":85,"resource":"3008","request_start":1576624457601,"request_end":1576624467336,"request_duration":9735,"type":"3008"}
{"start":1576624464308,"end":1576624467325,"duration":3017,"downloading_duration":1085,"execution_duration":1343,"uploading_duration":589,"executable":"ellipsoids-openmp","args":["1.dat","129.log","129.xoutput"],"id":80,"resource":"3008","request_start":1576624457599,"request_end":1576624467344,"request_duration":9745,"type":"3008"}
{"start":1576624464344,"end":1576624467343,"duration":2999,"downloading_duration":1072,"execution_duration":1379,"uploading_duration":548,"executable":"ellipsoids-openmp","args":["1.dat","133.log","133.xoutput"],"id":84,"resource":"3008","request_start":1576624457601,"request_end":1576624467364,"request_duration":9763,"type":"3008"}
{"start":1576624464262,"end":1576624467348,"duration":3086,"downloading_duration":1071,"execution_duration":1386,"uploading_duration":629,"executable":"ellipsoids-openmp","args":["1.dat","125.log","125.xoutput"],"id":76,"resource":"3008","request_start":1576624457596,"request_end":1576624467367,"request_duration":9771,"type":"3008"}
{"start":1576624464337,"end":1576624467378,"duration":3041,"downloading_duration":989,"execution_duration":1412,"uploading_duration":640,"executable":"ellipsoids-openmp","args":["1.dat","132.log","132.xoutput"],"id":83,"resource":"3008","request_start":1576624457600,"request_end":1576624467397,"request_duration":9797,"type":"3008"}
{"start":1576624464287,"end":1576624467380,"duration":3093,"downloading_duration":1090,"execution_duration":1356,"uploading_duration":647,"executable":"ellipsoids-openmp","args":["1.dat","127.log","127.xoutput"],"id":78,"resource":"3008","request_start":1576624457597,"request_end":1576624467399,"request_duration":9802,"type":"3008"}
{"start":1576624464330,"end":1576624467387,"duration":3057,"downloading_duration":1070,"execution_duration":1374,"uploading_duration":613,"executable":"ellipsoids-openmp","args":["1.dat","131.log","131.xoutput"],"id":82,"resource":"3008","request_start":1576624457600,"request_end":1576624467408,"request_duration":9808,"type":"3008"}
{"start":1576624464325,"end":1576624467390,"duration":3065,"downloading_duration":1098,"execution_duration":1400,"uploading_duration":567,"executable":"ellipsoids-openmp","args":["1.dat","130.log","130.xoutput"],"id":81,"resource":"3008","request_start":1576624457599,"request_end":1576624467410,"request_duration":9811,"type":"3008"}
{"start":1576624464401,"end":1576624467408,"duration":3007,"downloading_duration":985,"execution_duration":1395,"uploading_duration":627,"executable":"ellipsoids-openmp","args":["1.dat","138.log","138.xoutput"],"id":89,"resource":"3008","request_start":1576624457603,"request_end":1576624467427,"request_duration":9824,"type":"3008"}
{"start":1576624464384,"end":1576624467412,"duration":3028,"downloading_duration":992,"execution_duration":1385,"uploading_duration":651,"executable":"ellipsoids-openmp","args":["1.dat","135.log","135.xoutput"],"id":86,"resource":"3008","request_start":1576624457602,"request_end":1576624467434,"request_duration":9832,"type":"3008"}
{"start":1576624464434,"end":1576624467412,"duration":2978,"downloading_duration":999,"execution_duration":1364,"uploading_duration":615,"executable":"ellipsoids-openmp","args":["1.dat","141.log","141.xoutput"],"id":92,"resource":"3008","request_start":1576624457605,"request_end":1576624467436,"request_duration":9831,"type":"3008"}
{"start":1576624464399,"end":1576624467433,"duration":3034,"downloading_duration":1090,"execution_duration":1368,"uploading_duration":576,"executable":"ellipsoids-openmp","args":["1.dat","137.log","137.xoutput"],"id":88,"resource":"3008","request_start":1576624457603,"request_end":1576624467585,"request_duration":9982,"type":"3008"}
{"start":1576624464396,"end":1576624467440,"duration":3044,"downloading_duration":989,"execution_duration":1440,"uploading_duration":615,"executable":"ellipsoids-openmp","args":["1.dat","136.log","136.xoutput"],"id":87,"resource":"3008","request_start":1576624457602,"request_end":1576624467587,"request_duration":9985,"type":"3008"}
{"start":1576624464410,"end":1576624467441,"duration":3031,"downloading_duration":1066,"execution_duration":1350,"uploading_duration":615,"executable":"ellipsoids-openmp","args":["1.dat","139.log","139.xoutput"],"id":90,"resource":"3008","request_start":1576624457604,"request_end":1576624467589,"request_duration":9985,"type":"3008"}
{"start":1576624464444,"end":1576624467469,"duration":3025,"downloading_duration":991,"execution_duration":1417,"uploading_duration":617,"executable":"ellipsoids-openmp","args":["1.dat","142.log","142.xoutput"],"id":93,"resource":"3008","request_start":1576624457605,"request_end":1576624467593,"request_duration":9988,"type":"3008"}
{"start":1576624464451,"end":1576624467478,"duration":3027,"downloading_duration":996,"execution_duration":1421,"uploading_duration":610,"executable":"ellipsoids-openmp","args":["1.dat","144.log","144.xoutput"],"id":95,"resource":"3008","request_start":1576624457606,"request_end":1576624467597,"request_duration":9991,"type":"3008"}
{"start":1576624464431,"end":1576624467511,"duration":3080,"downloading_duration":1027,"execution_duration":1372,"uploading_duration":681,"executable":"ellipsoids-openmp","args":["1.dat","140.log","140.xoutput"],"id":91,"resource":"3008","request_start":1576624457604,"request_end":1576624467599,"request_duration":9995,"type":"3008"}
{"start":1576624464444,"end":1576624467512,"duration":3068,"downloading_duration":1072,"execution_duration":1424,"uploading_duration":572,"executable":"ellipsoids-openmp","args":["1.dat","143.log","143.xoutput"],"id":94,"resource":"3008","request_start":1576624457606,"request_end":1576624467603,"request_duration":9997,"type":"3008"}
{"start":1576624464461,"end":1576624467576,"duration":3115,"downloading_duration":1003,"execution_duration":1516,"uploading_duration":596,"executable":"ellipsoids-openmp","args":["2.dat","24.log","24.xoutput"],"id":100,"resource":"3008","request_start":1576624457653,"request_end":1576624467634,"request_duration":9981,"type":"3008"}
{"start":1576624464476,"end":1576624467583,"duration":3107,"downloading_duration":978,"execution_duration":1562,"uploading_duration":567,"executable":"ellipsoids-openmp","args":["2.dat","27.log","27.xoutput"],"id":103,"resource":"3008","request_start":1576624457654,"request_end":1576624467636,"request_duration":9982,"type":"3008"}
{"start":1576624464485,"end":1576624467638,"duration":3153,"downloading_duration":991,"execution_duration":1504,"uploading_duration":658,"executable":"ellipsoids-openmp","args":["2.dat","28.log","28.xoutput"],"id":104,"resource":"3008","request_start":1576624457655,"request_end":1576624467675,"request_duration":10020,"type":"3008"}
{"start":1576624464483,"end":1576624467647,"duration":3164,"downloading_duration":1004,"execution_duration":1555,"uploading_duration":605,"executable":"ellipsoids-openmp","args":["2.dat","29.log","29.xoutput"],"id":105,"resource":"3008","request_start":1576624457655,"request_end":1576624467678,"request_duration":10023,"type":"3008"}
{"start":1576624464471,"end":1576624467648,"duration":3177,"downloading_duration":1063,"execution_duration":1563,"uploading_duration":551,"executable":"ellipsoids-openmp","args":["2.dat","26.log","26.xoutput"],"id":102,"resource":"3008","request_start":1576624457654,"request_end":1576624467680,"request_duration":10026,"type":"3008"}
{"start":1576624464507,"end":1576624467652,"duration":3145,"downloading_duration":997,"execution_duration":1551,"uploading_duration":597,"executable":"ellipsoids-openmp","args":["2.dat","211.log","211.xoutput"],"id":107,"resource":"3008","request_start":1576624457656,"request_end":1576624467682,"request_duration":10026,"type":"3008"}
{"start":1576624464596,"end":1576624467659,"duration":3063,"downloading_duration":986,"execution_duration":1481,"uploading_duration":596,"executable":"ellipsoids-openmp","args":["2.dat","213.log","213.xoutput"],"id":109,"resource":"3008","request_start":1576624457657,"request_end":1576624467690,"request_duration":10033,"type":"3008"}
{"start":1576624464534,"end":1576624467736,"duration":3202,"downloading_duration":1047,"execution_duration":1581,"uploading_duration":574,"executable":"ellipsoids-openmp","args":["2.dat","212.log","212.xoutput"],"id":108,"resource":"3008","request_start":1576624457657,"request_end":1576624467767,"request_duration":10110,"type":"3008"}
{"start":1576624464619,"end":1576624467781,"duration":3162,"downloading_duration":993,"execution_duration":1584,"uploading_duration":585,"executable":"ellipsoids-openmp","args":["2.dat","215.log","215.xoutput"],"id":111,"resource":"3008","request_start":1576624457658,"request_end":1576624467802,"request_duration":10144,"type":"3008"}
{"start":1576624464503,"end":1576624467787,"duration":3284,"downloading_duration":1068,"execution_duration":1624,"uploading_duration":592,"executable":"ellipsoids-openmp","args":["2.dat","210.log","210.xoutput"],"id":106,"resource":"3008","request_start":1576624457656,"request_end":1576624467810,"request_duration":10154,"type":"3008"}
{"start":1576624464613,"end":1576624467884,"duration":3271,"downloading_duration":1094,"execution_duration":1583,"uploading_duration":594,"executable":"ellipsoids-openmp","args":["2.dat","214.log","214.xoutput"],"id":110,"resource":"3008","request_start":1576624457658,"request_end":1576624467904,"request_duration":10246,"type":"3008"}
{"start":1576624464762,"end":1576624467908,"duration":3146,"downloading_duration":1015,"execution_duration":1566,"uploading_duration":565,"executable":"ellipsoids-openmp","args":["2.dat","216.log","216.xoutput"],"id":112,"resource":"3008","request_start":1576624457659,"request_end":1576624467927,"request_duration":10268,"type":"3008"}
{"start":1576624464472,"end":1576624468086,"duration":3614,"downloading_duration":1078,"execution_duration":1515,"uploading_duration":1021,"executable":"ellipsoids-openmp","args":["2.dat","25.log","25.xoutput"],"id":101,"resource":"3008","request_start":1576624457653,"request_end":1576624468105,"request_duration":10452,"type":"3008"}
{"start":1576624465141,"end":1576624468441,"duration":3300,"downloading_duration":1005,"execution_duration":1645,"uploading_duration":650,"executable":"ellipsoids-openmp","args":["2.dat","217.log","217.xoutput"],"id":113,"resource":"3008","request_start":1576624457659,"request_end":1576624468462,"request_duration":10803,"type":"3008"}
{"start":1576624467633,"end":1576624469119,"duration":1486,"downloading_duration":1060,"execution_duration":4,"uploading_duration":422,"executable":"mean-pack-ell","args":["00.xoutput","01.xoutput","02.xoutput","03.xoutput","04.xoutput","05.xoutput","06.xoutput","07.xoutput","08.xoutput","09.xoutput","010.xoutput","011.xoutput","012.xoutput","013.xoutput","014.xoutput","015.xoutput","016.xoutput","017.xoutput","018.xoutput","019.xoutput","020.xoutput","021.xoutput","022.xoutput","023.xoutput","024.xoutput","025.xoutput","026.xoutput","027.xoutput","028.xoutput","029.xoutput","030.xoutput","031.xoutput","032.xoutput","033.xoutput","034.xoutput","035.xoutput","036.xoutput","037.xoutput","038.xoutput","039.xoutput","040.xoutput","041.xoutput","042.xoutput","043.xoutput","044.xoutput","average_0.txt"],"id":186,"resource":"3008","request_start":1576624463808,"request_end":1576624469138,"request_duration":5330,"type":"3008"}
{"start":1576624467777,"end":1576624469200,"duration":1423,"downloading_duration":977,"execution_duration":3,"uploading_duration":443,"executable":"mean-pack-ell","args":["10.xoutput","11.xoutput","12.xoutput","13.xoutput","14.xoutput","15.xoutput","16.xoutput","17.xoutput","18.xoutput","19.xoutput","110.xoutput","111.xoutput","112.xoutput","113.xoutput","114.xoutput","115.xoutput","116.xoutput","117.xoutput","118.xoutput","119.xoutput","120.xoutput","121.xoutput","122.xoutput","123.xoutput","124.xoutput","125.xoutput","126.xoutput","127.xoutput","128.xoutput","129.xoutput","130.xoutput","131.xoutput","132.xoutput","133.xoutput","134.xoutput","135.xoutput","136.xoutput","137.xoutput","138.xoutput","139.xoutput","140.xoutput","141.xoutput","142.xoutput","143.xoutput","144.xoutput","average_1.txt"],"id":187,"resource":"3008","request_start":1576624467615,"request_end":1576624469222,"request_duration":1607,"type":"3008"}
{"start":1576624467641,"end":1576624469232,"duration":1591,"downloading_duration":1048,"execution_duration":5,"uploading_duration":538,"executable":"mean-pack-ell","args":["30.xoutput","31.xoutput","32.xoutput","33.xoutput","34.xoutput","35.xoutput","36.xoutput","37.xoutput","38.xoutput","39.xoutput","310.xoutput","311.xoutput","312.xoutput","313.xoutput","314.xoutput","315.xoutput","316.xoutput","317.xoutput","318.xoutput","319.xoutput","320.xoutput","321.xoutput","322.xoutput","323.xoutput","324.xoutput","325.xoutput","326.xoutput","327.xoutput","328.xoutput","329.xoutput","330.xoutput","331.xoutput","332.xoutput","333.xoutput","334.xoutput","335.xoutput","336.xoutput","337.xoutput","338.xoutput","339.xoutput","340.xoutput","341.xoutput","342.xoutput","343.xoutput","344.xoutput","average_3.txt"],"id":189,"resource":"3008","request_start":1576624465115,"request_end":1576624469252,"request_duration":4137,"type":"3008"}
{"start":1576624467103,"end":1576624470203,"duration":3100,"downloading_duration":1012,"execution_duration":1500,"uploading_duration":588,"executable":"ellipsoids-openmp","args":["2.dat","220.log","220.xoutput"],"id":116,"resource":"3008","request_start":1576624457661,"request_end":1576624470223,"request_duration":12562,"type":"3008"}
{"start":1576624467094,"end":1576624470229,"duration":3135,"downloading_duration":1032,"execution_duration":1512,"uploading_duration":591,"executable":"ellipsoids-openmp","args":["2.dat","219.log","219.xoutput"],"id":115,"resource":"3008","request_start":1576624457661,"request_end":1576624470252,"request_duration":12591,"type":"3008"}
{"start":1576624467126,"end":1576624470276,"duration":3150,"downloading_duration":1027,"execution_duration":1549,"uploading_duration":574,"executable":"ellipsoids-openmp","args":["2.dat","221.log","221.xoutput"],"id":117,"resource":"3008","request_start":1576624457662,"request_end":1576624470296,"request_duration":12634,"type":"3008"}
{"start":1576624467175,"end":1576624470293,"duration":3118,"downloading_duration":991,"execution_duration":1518,"uploading_duration":609,"executable":"ellipsoids-openmp","args":["2.dat","223.log","223.xoutput"],"id":119,"resource":"3008","request_start":1576624457663,"request_end":1576624470311,"request_duration":12648,"type":"3008"}
{"start":1576624466971,"end":1576624470305,"duration":3334,"downloading_duration":1025,"execution_duration":1670,"uploading_duration":639,"executable":"ellipsoids-openmp","args":["2.dat","218.log","218.xoutput"],"id":114,"resource":"3008","request_start":1576624457660,"request_end":1576624470326,"request_duration":12666,"type":"3008"}
{"start":1576624467185,"end":1576624470308,"duration":3123,"downloading_duration":1069,"execution_duration":1488,"uploading_duration":566,"executable":"ellipsoids-openmp","args":["2.dat","224.log","224.xoutput"],"id":120,"resource":"3008","request_start":1576624457663,"request_end":1576624470334,"request_duration":12671,"type":"3008"}
{"start":1576624467167,"end":1576624470324,"duration":3157,"downloading_duration":1034,"execution_duration":1518,"uploading_duration":605,"executable":"ellipsoids-openmp","args":["2.dat","222.log","222.xoutput"],"id":118,"resource":"3008","request_start":1576624457662,"request_end":1576624470342,"request_duration":12680,"type":"3008"}
{"start":1576624467308,"end":1576624470381,"duration":3073,"downloading_duration":994,"execution_duration":1511,"uploading_duration":568,"executable":"ellipsoids-openmp","args":["2.dat","232.log","232.xoutput"],"id":128,"resource":"3008","request_start":1576624457668,"request_end":1576624470402,"request_duration":12734,"type":"3008"}
{"start":1576624467300,"end":1576624470390,"duration":3090,"downloading_duration":1043,"execution_duration":1485,"uploading_duration":562,"executable":"ellipsoids-openmp","args":["2.dat","230.log","230.xoutput"],"id":126,"resource":"3008","request_start":1576624457667,"request_end":1576624470412,"request_duration":12745,"type":"3008"}
{"start":1576624467315,"end":1576624470406,"duration":3091,"downloading_duration":998,"execution_duration":1502,"uploading_duration":591,"executable":"ellipsoids-openmp","args":["2.dat","234.log","234.xoutput"],"id":130,"resource":"3008","request_start":1576624457669,"request_end":1576624470426,"request_duration":12757,"type":"3008"}
{"start":1576624467371,"end":1576624470435,"duration":3064,"downloading_duration":988,"execution_duration":1521,"uploading_duration":555,"executable":"ellipsoids-openmp","args":["2.dat","237.log","237.xoutput"],"id":133,"resource":"3008","request_start":1576624457670,"request_end":1576624470454,"request_duration":12784,"type":"3008"}
{"start":1576624467304,"end":1576624470463,"duration":3159,"downloading_duration":1004,"execution_duration":1542,"uploading_duration":613,"executable":"ellipsoids-openmp","args":["2.dat","231.log","231.xoutput"],"id":127,"resource":"3008","request_start":1576624457667,"request_end":1576624470483,"request_duration":12816,"type":"3008"}
{"start":1576624467268,"end":1576624470474,"duration":3206,"downloading_duration":1094,"execution_duration":1509,"uploading_duration":603,"executable":"ellipsoids-openmp","args":["2.dat","227.log","227.xoutput"],"id":123,"resource":"3008","request_start":1576624457665,"request_end":1576624470495,"request_duration":12830,"type":"3008"}
{"start":1576624467307,"end":1576624470486,"duration":3179,"downloading_duration":1003,"execution_duration":1518,"uploading_duration":658,"executable":"ellipsoids-openmp","args":["2.dat","233.log","233.xoutput"],"id":129,"resource":"3008","request_start":1576624457668,"request_end":1576624470506,"request_duration":12838,"type":"3008"}
{"start":1576624467291,"end":1576624470489,"duration":3198,"downloading_duration":1070,"execution_duration":1517,"uploading_duration":611,"executable":"ellipsoids-openmp","args":["2.dat","229.log","229.xoutput"],"id":125,"resource":"3008","request_start":1576624457666,"request_end":1576624470512,"request_duration":12846,"type":"3008"}
{"start":1576624467253,"end":1576624470492,"duration":3239,"downloading_duration":1026,"execution_duration":1609,"uploading_duration":604,"executable":"ellipsoids-openmp","args":["2.dat","225.log","225.xoutput"],"id":121,"resource":"3008","request_start":1576624457664,"request_end":1576624470514,"request_duration":12850,"type":"3008"}
{"start":1576624467314,"end":1576624470494,"duration":3180,"downloading_duration":1005,"execution_duration":1563,"uploading_duration":612,"executable":"ellipsoids-openmp","args":["2.dat","235.log","235.xoutput"],"id":131,"resource":"3008","request_start":1576624457669,"request_end":1576624470517,"request_duration":12848,"type":"3008"}
{"start":1576624467450,"end":1576624470511,"duration":3061,"downloading_duration":990,"execution_duration":1504,"uploading_duration":567,"executable":"ellipsoids-openmp","args":["2.dat","244.log","244.xoutput"],"id":140,"resource":"3008","request_start":1576624457674,"request_end":1576624470530,"request_duration":12856,"type":"3008"}
{"start":1576624467273,"end":1576624470511,"duration":3238,"downloading_duration":981,"execution_duration":1527,"uploading_duration":730,"executable":"ellipsoids-openmp","args":["2.dat","228.log","228.xoutput"],"id":124,"resource":"3008","request_start":1576624457666,"request_end":1576624470532,"request_duration":12866,"type":"3008"}
{"start":1576624467394,"end":1576624470526,"duration":3132,"downloading_duration":1018,"execution_duration":1558,"uploading_duration":556,"executable":"ellipsoids-openmp","args":["2.dat","239.log","239.xoutput"],"id":135,"resource":"3008","request_start":1576624457672,"request_end":1576624470547,"request_duration":12875,"type":"3008"}
{"start":1576624467437,"end":1576624470533,"duration":3096,"downloading_duration":1071,"execution_duration":1468,"uploading_duration":557,"executable":"ellipsoids-openmp","args":["2.dat","243.log","243.xoutput"],"id":139,"resource":"3008","request_start":1576624457674,"request_end":1576624470556,"request_duration":12882,"type":"3008"}
{"start":1576624467434,"end":1576624470540,"duration":3106,"downloading_duration":999,"execution_duration":1493,"uploading_duration":614,"executable":"ellipsoids-openmp","args":["2.dat","242.log","242.xoutput"],"id":138,"resource":"3008","request_start":1576624457673,"request_end":1576624470562,"request_duration":12889,"type":"3008"}
{"start":1576624467423,"end":1576624470649,"duration":3226,"downloading_duration":1073,"execution_duration":1557,"uploading_duration":596,"executable":"ellipsoids-openmp","args":["2.dat","240.log","240.xoutput"],"id":136,"resource":"3008","request_start":1576624457672,"request_end":1576624470668,"request_duration":12996,"type":"3008"}
{"start":1576624467368,"end":1576624470651,"duration":3283,"downloading_duration":1056,"execution_duration":1611,"uploading_duration":616,"executable":"ellipsoids-openmp","args":["2.dat","236.log","236.xoutput"],"id":132,"resource":"3008","request_start":1576624457670,"request_end":1576624470672,"request_duration":13002,"type":"3008"}
{"start":1576624467390,"end":1576624470652,"duration":3262,"downloading_duration":1069,"execution_duration":1555,"uploading_duration":638,"executable":"ellipsoids-openmp","args":["2.dat","238.log","238.xoutput"],"id":134,"resource":"3008","request_start":1576624457671,"request_end":1576624470674,"request_duration":13003,"type":"3008"}
{"start":1576624467425,"end":1576624470665,"duration":3240,"downloading_duration":1076,"execution_duration":1583,"uploading_duration":581,"executable":"ellipsoids-openmp","args":["2.dat","241.log","241.xoutput"],"id":137,"resource":"3008","request_start":1576624457673,"request_end":1576624470685,"request_duration":13012,"type":"3008"}
{"start":1576624467475,"end":1576624470691,"duration":3216,"downloading_duration":1011,"execution_duration":1600,"uploading_duration":605,"executable":"ellipsoids-openmp","args":["2.dat","20.log","20.xoutput"],"id":96,"resource":"3008","request_start":1576624457675,"request_end":1576624470712,"request_duration":13037,"type":"3008"}
{"start":1576624467474,"end":1576624470732,"duration":3258,"downloading_duration":1076,"execution_duration":1592,"uploading_duration":590,"executable":"ellipsoids-openmp","args":["2.dat","21.log","21.xoutput"],"id":97,"resource":"3008","request_start":1576624457676,"request_end":1576624470752,"request_duration":13076,"type":"3008"}
{"start":1576624467627,"end":1576624470736,"duration":3109,"downloading_duration":992,"execution_duration":1524,"uploading_duration":593,"executable":"ellipsoids-openmp","args":["2.dat","22.log","22.xoutput"],"id":98,"resource":"3008","request_start":1576624457676,"request_end":1576624470754,"request_duration":13078,"type":"3008"}
{"start":1576624467631,"end":1576624470793,"duration":3162,"downloading_duration":1073,"execution_duration":1492,"uploading_duration":597,"executable":"ellipsoids-openmp","args":["2.dat","23.log","23.xoutput"],"id":99,"resource":"3008","request_start":1576624457677,"request_end":1576624470814,"request_duration":13137,"type":"3008"}
{"start":1576624467260,"end":1576624471503,"duration":4243,"downloading_duration":1039,"execution_duration":1575,"uploading_duration":1629,"executable":"ellipsoids-openmp","args":["2.dat","226.log","226.xoutput"],"id":122,"resource":"3008","request_start":1576624457664,"request_end":1576624471547,"request_duration":13883,"type":"3008"}
{"start":1576624471679,"end":1576624473190,"duration":1511,"downloading_duration":1123,"execution_duration":4,"uploading_duration":384,"executable":"mean-pack-ell","args":["20.xoutput","21.xoutput","22.xoutput","23.xoutput","24.xoutput","25.xoutput","26.xoutput","27.xoutput","28.xoutput","29.xoutput","210.xoutput","211.xoutput","212.xoutput","213.xoutput","214.xoutput","215.xoutput","216.xoutput","217.xoutput","218.xoutput","219.xoutput","220.xoutput","221.xoutput","222.xoutput","223.xoutput","224.xoutput","225.xoutput","226.xoutput","227.xoutput","228.xoutput","229.xoutput","230.xoutput","231.xoutput","232.xoutput","233.xoutput","234.xoutput","235.xoutput","236.xoutput","237.xoutput","238.xoutput","239.xoutput","240.xoutput","241.xoutput","242.xoutput","243.xoutput","244.xoutput","average_2.txt"],"id":188,"resource":"3008","request_start":1576624471560,"request_end":1576624473209,"request_duration":1649,"type":"3008"}
{"start":1576624473325,"end":1576624474177,"duration":852,"downloading_duration":405,"execution_duration":62,"uploading_duration":385,"executable":"summary.js","args":[],"id":190,"resource":"3008","request_start":1576624473210,"request_end":1576624474193,"request_duration":983,"type":"3008"}
