{"start":1576623452534,"end":1576623453947,"duration":1413,"downloading_duration":411,"execution_duration":518,"uploading_duration":484,"executable":"generateData.js","args":[],"id":1,"resource":"256","request_start":1576623452373,"request_end":1576623453984,"request_duration":1611,"type":"256"}
{"start":1576623454110,"end":1576623455493,"duration":1383,"downloading_duration":451,"execution_duration":522,"uploading_duration":410,"executable":"createDat.js","args":["0.dat"],"id":2,"resource":"256","request_start":1576623454000,"request_end":1576623455522,"request_duration":1522,"type":"256"}
{"start":1576623454138,"end":1576623455499,"duration":1361,"downloading_duration":408,"execution_duration":495,"uploading_duration":458,"executable":"createDat.js","args":["1.dat"],"id":3,"resource":"256","request_start":1576623454005,"request_end":1576623455525,"request_duration":1520,"type":"256"}
{"start":1576623454130,"end":1576623455513,"duration":1383,"downloading_duration":414,"execution_duration":541,"uploading_duration":428,"executable":"createDat.js","args":["2.dat"],"id":4,"resource":"256","request_start":1576623454008,"request_end":1576623455549,"request_duration":1541,"type":"256"}
{"start":1576623454123,"end":1576623455679,"duration":1556,"downloading_duration":624,"execution_duration":533,"uploading_duration":399,"executable":"createDat.js","args":["3.dat"],"id":5,"resource":"256","request_start":1576623454012,"request_end":1576623455769,"request_duration":1757,"type":"256"}
{"start":1576623456026,"end":1576623472325,"duration":16299,"downloading_duration":1116,"execution_duration":14541,"uploading_duration":642,"executable":"ellipsoids-openmp","args":["0.dat","039.log","039.xoutput"],"id":45,"resource":"256","request_start":1576623455614,"request_end":1576623472351,"request_duration":16737,"type":"256"}
{"start":1576623455806,"end":1576623474857,"duration":19051,"downloading_duration":1092,"execution_duration":17320,"uploading_duration":639,"executable":"ellipsoids-openmp","args":["1.dat","14.log","14.xoutput"],"id":55,"resource":"256","request_start":1576623455663,"request_end":1576623474885,"request_duration":19222,"type":"256"}
{"start":1576623456057,"end":1576623474997,"duration":18940,"downloading_duration":1137,"execution_duration":17140,"uploading_duration":663,"executable":"ellipsoids-openmp","args":["1.dat","12.log","12.xoutput"],"id":53,"resource":"256","request_start":1576623455661,"request_end":1576623475022,"request_duration":19361,"type":"256"}
{"start":1576623456057,"end":1576623475179,"duration":19122,"downloading_duration":1132,"execution_duration":17381,"uploading_duration":609,"executable":"ellipsoids-openmp","args":["1.dat","13.log","13.xoutput"],"id":54,"resource":"256","request_start":1576623455662,"request_end":1576623475202,"request_duration":19540,"type":"256"}
{"start":1576623456053,"end":1576623475204,"duration":19151,"downloading_duration":1126,"execution_duration":17380,"uploading_duration":645,"executable":"ellipsoids-openmp","args":["1.dat","11.log","11.xoutput"],"id":52,"resource":"256","request_start":1576623455660,"request_end":1576623475229,"request_duration":19569,"type":"256"}
{"start":1576623456012,"end":1576623475436,"duration":19424,"downloading_duration":1051,"execution_duration":17741,"uploading_duration":632,"executable":"ellipsoids-openmp","args":["0.dat","021.log","021.xoutput"],"id":27,"resource":"256","request_start":1576623455595,"request_end":1576623475462,"request_duration":19867,"type":"256"}
{"start":1576623456057,"end":1576623475494,"duration":19437,"downloading_duration":1101,"execution_duration":17560,"uploading_duration":776,"executable":"ellipsoids-openmp","args":["1.dat","10.log","10.xoutput"],"id":51,"resource":"256","request_start":1576623455659,"request_end":1576623475519,"request_duration":19860,"type":"256"}
{"start":1576623456022,"end":1576623475565,"duration":19543,"downloading_duration":1127,"execution_duration":17800,"uploading_duration":616,"executable":"ellipsoids-openmp","args":["0.dat","036.log","036.xoutput"],"id":42,"resource":"256","request_start":1576623455610,"request_end":1576623475724,"request_duration":20114,"type":"256"}
{"start":1576623456025,"end":1576623475644,"duration":19619,"downloading_duration":1136,"execution_duration":17841,"uploading_duration":642,"executable":"ellipsoids-openmp","args":["0.dat","028.log","028.xoutput"],"id":34,"resource":"256","request_start":1576623455602,"request_end":1576623475734,"request_duration":20132,"type":"256"}
{"start":1576623456029,"end":1576623475731,"duration":19702,"downloading_duration":1075,"execution_duration":18021,"uploading_duration":606,"executable":"ellipsoids-openmp","args":["0.dat","034.log","034.xoutput"],"id":40,"resource":"256","request_start":1576623455608,"request_end":1576623475759,"request_duration":20151,"type":"256"}
{"start":1576623456053,"end":1576623475780,"duration":19727,"downloading_duration":1052,"execution_duration":18058,"uploading_duration":617,"executable":"ellipsoids-openmp","args":["0.dat","02.log","02.xoutput"],"id":8,"resource":"256","request_start":1576623455621,"request_end":1576623475804,"request_duration":20183,"type":"256"}
{"start":1576623455979,"end":1576623475836,"duration":19857,"downloading_duration":1143,"execution_duration":18081,"uploading_duration":633,"executable":"ellipsoids-openmp","args":["0.dat","014.log","014.xoutput"],"id":20,"resource":"256","request_start":1576623455586,"request_end":1576623475860,"request_duration":20274,"type":"256"}
{"start":1576623455924,"end":1576623475860,"duration":19936,"downloading_duration":1096,"execution_duration":18261,"uploading_duration":579,"executable":"ellipsoids-openmp","args":["0.dat","017.log","017.xoutput"],"id":23,"resource":"256","request_start":1576623455589,"request_end":1576623475884,"request_duration":20295,"type":"256"}
{"start":1576623456015,"end":1576623475914,"duration":19899,"downloading_duration":1141,"execution_duration":18140,"uploading_duration":618,"executable":"ellipsoids-openmp","args":["0.dat","024.log","024.xoutput"],"id":30,"resource":"256","request_start":1576623455599,"request_end":1576623475939,"request_duration":20340,"type":"256"}
{"start":1576623455926,"end":1576623475960,"duration":20034,"downloading_duration":1141,"execution_duration":18300,"uploading_duration":593,"executable":"ellipsoids-openmp","args":["0.dat","011.log","011.xoutput"],"id":17,"resource":"256","request_start":1576623455583,"request_end":1576623475987,"request_duration":20404,"type":"256"}
{"start":1576623456034,"end":1576623475977,"duration":19943,"downloading_duration":1089,"execution_duration":18220,"uploading_duration":634,"executable":"ellipsoids-openmp","args":["0.dat","042.log","042.xoutput"],"id":48,"resource":"256","request_start":1576623455617,"request_end":1576623476002,"request_duration":20385,"type":"256"}
{"start":1576623455923,"end":1576623476008,"duration":20085,"downloading_duration":1094,"execution_duration":18360,"uploading_duration":631,"executable":"ellipsoids-openmp","args":["0.dat","09.log","09.xoutput"],"id":15,"resource":"256","request_start":1576623455581,"request_end":1576623476032,"request_duration":20451,"type":"256"}
{"start":1576623455922,"end":1576623476041,"duration":20119,"downloading_duration":1137,"execution_duration":18381,"uploading_duration":601,"executable":"ellipsoids-openmp","args":["0.dat","08.log","08.xoutput"],"id":14,"resource":"256","request_start":1576623455580,"request_end":1576623476064,"request_duration":20484,"type":"256"}
{"start":1576623456033,"end":1576623476048,"duration":20015,"downloading_duration":1075,"execution_duration":18260,"uploading_duration":680,"executable":"ellipsoids-openmp","args":["0.dat","040.log","040.xoutput"],"id":46,"resource":"256","request_start":1576623455615,"request_end":1576623476071,"request_duration":20456,"type":"256"}
{"start":1576623456017,"end":1576623476058,"duration":20041,"downloading_duration":1082,"execution_duration":18321,"uploading_duration":638,"executable":"ellipsoids-openmp","args":["0.dat","025.log","025.xoutput"],"id":31,"resource":"256","request_start":1576623455600,"request_end":1576623476082,"request_duration":20482,"type":"256"}
{"start":1576623455924,"end":1576623476064,"duration":20140,"downloading_duration":1200,"execution_duration":18361,"uploading_duration":579,"executable":"ellipsoids-openmp","args":["0.dat","012.log","012.xoutput"],"id":18,"resource":"256","request_start":1576623455584,"request_end":1576623476087,"request_duration":20503,"type":"256"}
{"start":1576623455981,"end":1576623476095,"duration":20114,"downloading_duration":1115,"execution_duration":18420,"uploading_duration":579,"executable":"ellipsoids-openmp","args":["0.dat","019.log","019.xoutput"],"id":25,"resource":"256","request_start":1576623455591,"request_end":1576623476119,"request_duration":20528,"type":"256"}
{"start":1576623455925,"end":1576623476106,"duration":20181,"downloading_duration":1130,"execution_duration":18460,"uploading_duration":591,"executable":"ellipsoids-openmp","args":["0.dat","06.log","06.xoutput"],"id":12,"resource":"256","request_start":1576623455577,"request_end":1576623476131,"request_duration":20554,"type":"256"}
{"start":1576623456006,"end":1576623476127,"duration":20121,"downloading_duration":1089,"execution_duration":18400,"uploading_duration":632,"executable":"ellipsoids-openmp","args":["0.dat","020.log","020.xoutput"],"id":26,"resource":"256","request_start":1576623455594,"request_end":1576623476152,"request_duration":20558,"type":"256"}
{"start":1576623456025,"end":1576623476152,"duration":20127,"downloading_duration":1139,"execution_duration":18361,"uploading_duration":627,"executable":"ellipsoids-openmp","args":["0.dat","033.log","033.xoutput"],"id":39,"resource":"256","request_start":1576623455607,"request_end":1576623476179,"request_duration":20572,"type":"256"}
{"start":1576623456016,"end":1576623476166,"duration":20150,"downloading_duration":1132,"execution_duration":18320,"uploading_duration":698,"executable":"ellipsoids-openmp","args":["0.dat","027.log","027.xoutput"],"id":33,"resource":"256","request_start":1576623455601,"request_end":1576623476193,"request_duration":20592,"type":"256"}
{"start":1576623455923,"end":1576623476173,"duration":20250,"downloading_duration":1115,"execution_duration":18521,"uploading_duration":614,"executable":"ellipsoids-openmp","args":["0.dat","04.log","04.xoutput"],"id":10,"resource":"256","request_start":1576623455575,"request_end":1576623476198,"request_duration":20623,"type":"256"}
{"start":1576623456018,"end":1576623476190,"duration":20172,"downloading_duration":1127,"execution_duration":18439,"uploading_duration":606,"executable":"ellipsoids-openmp","args":["0.dat","026.log","026.xoutput"],"id":32,"resource":"256","request_start":1576623455600,"request_end":1576623476213,"request_duration":20613,"type":"256"}
{"start":1576623455896,"end":1576623476208,"duration":20312,"downloading_duration":1147,"execution_duration":18482,"uploading_duration":683,"executable":"ellipsoids-openmp","args":["0.dat","05.log","05.xoutput"],"id":11,"resource":"256","request_start":1576623455576,"request_end":1576623476233,"request_duration":20657,"type":"256"}
{"start":1576623456002,"end":1576623476215,"duration":20213,"downloading_duration":1133,"execution_duration":18461,"uploading_duration":619,"executable":"ellipsoids-openmp","args":["0.dat","022.log","022.xoutput"],"id":28,"resource":"256","request_start":1576623455596,"request_end":1576623476239,"request_duration":20643,"type":"256"}
{"start":1576623455922,"end":1576623476217,"duration":20295,"downloading_duration":1245,"execution_duration":18440,"uploading_duration":610,"executable":"ellipsoids-openmp","args":["0.dat","013.log","013.xoutput"],"id":19,"resource":"256","request_start":1576623455585,"request_end":1576623476242,"request_duration":20657,"type":"256"}
{"start":1576623456022,"end":1576623476231,"duration":20209,"downloading_duration":1145,"execution_duration":18441,"uploading_duration":623,"executable":"ellipsoids-openmp","args":["0.dat","030.log","030.xoutput"],"id":36,"resource":"256","request_start":1576623455604,"request_end":1576623476256,"request_duration":20652,"type":"256"}
{"start":1576623455925,"end":1576623476269,"duration":20344,"downloading_duration":1206,"execution_duration":18561,"uploading_duration":577,"executable":"ellipsoids-openmp","args":["0.dat","010.log","010.xoutput"],"id":16,"resource":"256","request_start":1576623455582,"request_end":1576623476295,"request_duration":20713,"type":"256"}
{"start":1576623456050,"end":1576623476291,"duration":20241,"downloading_duration":1229,"execution_duration":18200,"uploading_duration":812,"executable":"ellipsoids-openmp","args":["0.dat","00.log","00.xoutput"],"id":6,"resource":"256","request_start":1576623455620,"request_end":1576623476316,"request_duration":20696,"type":"256"}
{"start":1576623455926,"end":1576623476322,"duration":20396,"downloading_duration":1113,"execution_duration":18320,"uploading_duration":963,"executable":"ellipsoids-openmp","args":["0.dat","015.log","015.xoutput"],"id":21,"resource":"256","request_start":1576623455587,"request_end":1576623476348,"request_duration":20761,"type":"256"}
{"start":1576623456026,"end":1576623476327,"duration":20301,"downloading_duration":1106,"execution_duration":18601,"uploading_duration":594,"executable":"ellipsoids-openmp","args":["0.dat","035.log","035.xoutput"],"id":41,"resource":"256","request_start":1576623455609,"request_end":1576623476354,"request_duration":20745,"type":"256"}
{"start":1576623456029,"end":1576623476335,"duration":20306,"downloading_duration":1092,"execution_duration":18622,"uploading_duration":592,"executable":"ellipsoids-openmp","args":["0.dat","031.log","031.xoutput"],"id":37,"resource":"256","request_start":1576623455605,"request_end":1576623476362,"request_duration":20757,"type":"256"}
{"start":1576623456048,"end":1576623476343,"duration":20295,"downloading_duration":1140,"execution_duration":18540,"uploading_duration":615,"executable":"ellipsoids-openmp","args":["0.dat","01.log","01.xoutput"],"id":7,"resource":"256","request_start":1576623455621,"request_end":1576623476367,"request_duration":20746,"type":"256"}
{"start":1576623455920,"end":1576623476377,"duration":20457,"downloading_duration":1121,"execution_duration":18702,"uploading_duration":634,"executable":"ellipsoids-openmp","args":["0.dat","07.log","07.xoutput"],"id":13,"resource":"256","request_start":1576623455579,"request_end":1576623476401,"request_duration":20822,"type":"256"}
{"start":1576623455927,"end":1576623476380,"duration":20453,"downloading_duration":1171,"execution_duration":18660,"uploading_duration":622,"executable":"ellipsoids-openmp","args":["0.dat","018.log","018.xoutput"],"id":24,"resource":"256","request_start":1576623455590,"request_end":1576623476404,"request_duration":20814,"type":"256"}
{"start":1576623456028,"end":1576623476406,"duration":20378,"downloading_duration":1125,"execution_duration":18621,"uploading_duration":632,"executable":"ellipsoids-openmp","args":["0.dat","032.log","032.xoutput"],"id":38,"resource":"256","request_start":1576623455606,"request_end":1576623476432,"request_duration":20826,"type":"256"}
{"start":1576623456035,"end":1576623476417,"duration":20382,"downloading_duration":1079,"execution_duration":18663,"uploading_duration":640,"executable":"ellipsoids-openmp","args":["0.dat","041.log","041.xoutput"],"id":47,"resource":"256","request_start":1576623455616,"request_end":1576623476441,"request_duration":20825,"type":"256"}
{"start":1576623456029,"end":1576623476426,"duration":20397,"downloading_duration":1047,"execution_duration":18660,"uploading_duration":690,"executable":"ellipsoids-openmp","args":["0.dat","038.log","038.xoutput"],"id":44,"resource":"256","request_start":1576623455612,"request_end":1576623476451,"request_duration":20839,"type":"256"}
{"start":1576623456056,"end":1576623476428,"duration":20372,"downloading_duration":1210,"execution_duration":18301,"uploading_duration":861,"executable":"ellipsoids-openmp","args":["0.dat","03.log","03.xoutput"],"id":9,"resource":"256","request_start":1576623455622,"request_end":1576623476456,"request_duration":20834,"type":"256"}
{"start":1576623456032,"end":1576623476450,"duration":20418,"downloading_duration":1080,"execution_duration":18701,"uploading_duration":637,"executable":"ellipsoids-openmp","args":["0.dat","037.log","037.xoutput"],"id":43,"resource":"256","request_start":1576623455611,"request_end":1576623476474,"request_duration":20863,"type":"256"}
{"start":1576623456053,"end":1576623476453,"duration":20400,"downloading_duration":1155,"execution_duration":18581,"uploading_duration":664,"executable":"ellipsoids-openmp","args":["0.dat","043.log","043.xoutput"],"id":49,"resource":"256","request_start":1576623455618,"request_end":1576623476478,"request_duration":20860,"type":"256"}
{"start":1576623456051,"end":1576623476554,"duration":20503,"downloading_duration":1107,"execution_duration":18801,"uploading_duration":595,"executable":"ellipsoids-openmp","args":["0.dat","044.log","044.xoutput"],"id":50,"resource":"256","request_start":1576623455619,"request_end":1576623476580,"request_duration":20961,"type":"256"}
{"start":1576623456015,"end":1576623476617,"duration":20602,"downloading_duration":1073,"execution_duration":18960,"uploading_duration":569,"executable":"ellipsoids-openmp","args":["0.dat","029.log","029.xoutput"],"id":35,"resource":"256","request_start":1576623455603,"request_end":1576623476642,"request_duration":21039,"type":"256"}
{"start":1576623455980,"end":1576623476683,"duration":20703,"downloading_duration":1117,"execution_duration":18960,"uploading_duration":626,"executable":"ellipsoids-openmp","args":["0.dat","016.log","016.xoutput"],"id":22,"resource":"256","request_start":1576623455588,"request_end":1576623476709,"request_duration":21121,"type":"256"}
{"start":1576623456017,"end":1576623476767,"duration":20750,"downloading_duration":1211,"execution_duration":18880,"uploading_duration":659,"executable":"ellipsoids-openmp","args":["0.dat","023.log","023.xoutput"],"id":29,"resource":"256","request_start":1576623455597,"request_end":1576623476792,"request_duration":21195,"type":"256"}
{"start":1576623472390,"end":1576623489333,"duration":16943,"downloading_duration":1153,"execution_duration":14480,"uploading_duration":1310,"executable":"ellipsoids-openmp","args":["1.dat","15.log","15.xoutput"],"id":56,"resource":"256","request_start":1576623455663,"request_end":1576623489376,"request_duration":33713,"type":"256"}
{"start":1576623475495,"end":1576623493630,"duration":18135,"downloading_duration":1068,"execution_duration":16401,"uploading_duration":666,"executable":"ellipsoids-openmp","args":["1.dat","110.log","110.xoutput"],"id":61,"resource":"256","request_start":1576623455666,"request_end":1576623493653,"request_duration":37987,"type":"256"}
{"start":1576623475044,"end":1576623493816,"duration":18772,"downloading_duration":1290,"execution_duration":16840,"uploading_duration":642,"executable":"ellipsoids-openmp","args":["1.dat","17.log","17.xoutput"],"id":58,"resource":"256","request_start":1576623455665,"request_end":1576623493841,"request_duration":38176,"type":"256"}
{"start":1576623474905,"end":1576623493838,"duration":18933,"downloading_duration":1233,"execution_duration":17040,"uploading_duration":660,"executable":"ellipsoids-openmp","args":["1.dat","16.log","16.xoutput"],"id":57,"resource":"256","request_start":1576623455664,"request_end":1576623493867,"request_duration":38203,"type":"256"}
{"start":1576623475754,"end":1576623494015,"duration":18261,"downloading_duration":1130,"execution_duration":16481,"uploading_duration":650,"executable":"ellipsoids-openmp","args":["1.dat","112.log","112.xoutput"],"id":63,"resource":"256","request_start":1576623455667,"request_end":1576623494039,"request_duration":38372,"type":"256"}
{"start":1576623475260,"end":1576623494111,"duration":18851,"downloading_duration":1049,"execution_duration":17161,"uploading_duration":641,"executable":"ellipsoids-openmp","args":["1.dat","19.log","19.xoutput"],"id":60,"resource":"256","request_start":1576623455666,"request_end":1576623494141,"request_duration":38475,"type":"256"}
{"start":1576623475226,"end":1576623494148,"duration":18922,"downloading_duration":1113,"execution_duration":17140,"uploading_duration":669,"executable":"ellipsoids-openmp","args":["1.dat","18.log","18.xoutput"],"id":59,"resource":"256","request_start":1576623455665,"request_end":1576623494172,"request_duration":38507,"type":"256"}
{"start":1576623475541,"end":1576623494317,"duration":18776,"downloading_duration":1137,"execution_duration":17060,"uploading_duration":579,"executable":"ellipsoids-openmp","args":["1.dat","111.log","111.xoutput"],"id":62,"resource":"256","request_start":1576623455667,"request_end":1576623494342,"request_duration":38675,"type":"256"}
{"start":1576623475764,"end":1576623494576,"duration":18812,"downloading_duration":1158,"execution_duration":17000,"uploading_duration":654,"executable":"ellipsoids-openmp","args":["1.dat","113.log","113.xoutput"],"id":64,"resource":"256","request_start":1576623455668,"request_end":1576623494601,"request_duration":38933,"type":"256"}
{"start":1576623476086,"end":1576623494616,"duration":18530,"downloading_duration":1318,"execution_duration":16620,"uploading_duration":592,"executable":"ellipsoids-openmp","args":["1.dat","122.log","122.xoutput"],"id":73,"resource":"256","request_start":1576623455674,"request_end":1576623494640,"request_duration":38966,"type":"256"}
{"start":1576623476052,"end":1576623494669,"duration":18617,"downloading_duration":1166,"execution_duration":16841,"uploading_duration":610,"executable":"ellipsoids-openmp","args":["1.dat","121.log","121.xoutput"],"id":72,"resource":"256","request_start":1576623455673,"request_end":1576623494691,"request_duration":39018,"type":"256"}
{"start":1576623476255,"end":1576623494756,"duration":18501,"downloading_duration":1192,"execution_duration":16700,"uploading_duration":609,"executable":"ellipsoids-openmp","args":["1.dat","133.log","133.xoutput"],"id":84,"resource":"256","request_start":1576623455681,"request_end":1576623494782,"request_duration":39101,"type":"256"}
{"start":1576623476109,"end":1576623494771,"duration":18662,"downloading_duration":1119,"execution_duration":16960,"uploading_duration":583,"executable":"ellipsoids-openmp","args":["1.dat","125.log","125.xoutput"],"id":76,"resource":"256","request_start":1576623455675,"request_end":1576623494795,"request_duration":39120,"type":"256"}
{"start":1576623476219,"end":1576623494777,"duration":18558,"downloading_duration":1176,"execution_duration":16742,"uploading_duration":640,"executable":"ellipsoids-openmp","args":["1.dat","131.log","131.xoutput"],"id":82,"resource":"256","request_start":1576623455680,"request_end":1576623494802,"request_duration":39122,"type":"256"}
{"start":1576623475908,"end":1576623494798,"duration":18890,"downloading_duration":1194,"execution_duration":17101,"uploading_duration":595,"executable":"ellipsoids-openmp","args":["1.dat","117.log","117.xoutput"],"id":68,"resource":"256","request_start":1576623455671,"request_end":1576623494821,"request_duration":39150,"type":"256"}
{"start":1576623475830,"end":1576623494813,"duration":18983,"downloading_duration":1073,"execution_duration":17320,"uploading_duration":590,"executable":"ellipsoids-openmp","args":["1.dat","115.log","115.xoutput"],"id":66,"resource":"256","request_start":1576623455669,"request_end":1576623494836,"request_duration":39167,"type":"256"}
{"start":1576623475885,"end":1576623494823,"duration":18938,"downloading_duration":1136,"execution_duration":17182,"uploading_duration":620,"executable":"ellipsoids-openmp","args":["1.dat","116.log","116.xoutput"],"id":67,"resource":"256","request_start":1576623455670,"request_end":1576623494847,"request_duration":39177,"type":"256"}
{"start":1576623476176,"end":1576623495006,"duration":18830,"downloading_duration":1072,"execution_duration":17160,"uploading_duration":598,"executable":"ellipsoids-openmp","args":["1.dat","128.log","128.xoutput"],"id":79,"resource":"256","request_start":1576623455678,"request_end":1576623495032,"request_duration":39354,"type":"256"}
{"start":1576623476268,"end":1576623495044,"duration":18776,"downloading_duration":1107,"execution_duration":16842,"uploading_duration":827,"executable":"ellipsoids-openmp","args":["1.dat","135.log","135.xoutput"],"id":86,"resource":"256","request_start":1576623455682,"request_end":1576623495069,"request_duration":39387,"type":"256"}
{"start":1576623476037,"end":1576623495047,"duration":19010,"downloading_duration":1119,"execution_duration":17281,"uploading_duration":610,"executable":"ellipsoids-openmp","args":["1.dat","120.log","120.xoutput"],"id":71,"resource":"256","request_start":1576623455672,"request_end":1576623495072,"request_duration":39400,"type":"256"}
{"start":1576623475975,"end":1576623495052,"duration":19077,"downloading_duration":1132,"execution_duration":17360,"uploading_duration":585,"executable":"ellipsoids-openmp","args":["1.dat","118.log","118.xoutput"],"id":69,"resource":"256","request_start":1576623455671,"request_end":1576623495098,"request_duration":39427,"type":"256"}
{"start":1576623475782,"end":1576623495070,"duration":19288,"downloading_duration":1207,"execution_duration":17280,"uploading_duration":801,"executable":"ellipsoids-openmp","args":["1.dat","114.log","114.xoutput"],"id":65,"resource":"256","request_start":1576623455669,"request_end":1576623495100,"request_duration":39431,"type":"256"}
{"start":1576623476336,"end":1576623495196,"duration":18860,"downloading_duration":1376,"execution_duration":16861,"uploading_duration":623,"executable":"ellipsoids-openmp","args":["1.dat","138.log","138.xoutput"],"id":89,"resource":"256","request_start":1576623455684,"request_end":1576623495259,"request_duration":39575,"type":"256"}
{"start":1576623476169,"end":1576623495208,"duration":19039,"downloading_duration":1095,"execution_duration":17320,"uploading_duration":624,"executable":"ellipsoids-openmp","args":["1.dat","127.log","127.xoutput"],"id":78,"resource":"256","request_start":1576623455678,"request_end":1576623495262,"request_duration":39584,"type":"256"}
{"start":1576623476215,"end":1576623495293,"duration":19078,"downloading_duration":1110,"execution_duration":17361,"uploading_duration":607,"executable":"ellipsoids-openmp","args":["1.dat","130.log","130.xoutput"],"id":81,"resource":"256","request_start":1576623455679,"request_end":1576623495317,"request_duration":39638,"type":"256"}
{"start":1576623476280,"end":1576623495301,"duration":19021,"downloading_duration":1092,"execution_duration":17300,"uploading_duration":629,"executable":"ellipsoids-openmp","args":["1.dat","136.log","136.xoutput"],"id":87,"resource":"256","request_start":1576623455683,"request_end":1576623495329,"request_duration":39646,"type":"256"}
{"start":1576623476101,"end":1576623495311,"duration":19210,"downloading_duration":1135,"execution_duration":17440,"uploading_duration":635,"executable":"ellipsoids-openmp","args":["1.dat","124.log","124.xoutput"],"id":75,"resource":"256","request_start":1576623455675,"request_end":1576623495338,"request_duration":39663,"type":"256"}
{"start":1576623476095,"end":1576623495331,"duration":19236,"downloading_duration":1204,"execution_duration":17221,"uploading_duration":811,"executable":"ellipsoids-openmp","args":["1.dat","123.log","123.xoutput"],"id":74,"resource":"256","request_start":1576623455674,"request_end":1576623495355,"request_duration":39681,"type":"256"}
{"start":1576623476138,"end":1576623495383,"duration":19245,"downloading_duration":1157,"execution_duration":17182,"uploading_duration":906,"executable":"ellipsoids-openmp","args":["1.dat","126.log","126.xoutput"],"id":77,"resource":"256","request_start":1576623455676,"request_end":1576623495408,"request_duration":39732,"type":"256"}
{"start":1576623476378,"end":1576623495413,"duration":19035,"downloading_duration":1362,"execution_duration":17060,"uploading_duration":613,"executable":"ellipsoids-openmp","args":["1.dat","140.log","140.xoutput"],"id":91,"resource":"256","request_start":1576623455685,"request_end":1576623495438,"request_duration":39753,"type":"256"}
{"start":1576623476263,"end":1576623495481,"duration":19218,"downloading_duration":1175,"execution_duration":17381,"uploading_duration":662,"executable":"ellipsoids-openmp","args":["1.dat","134.log","134.xoutput"],"id":85,"resource":"256","request_start":1576623455682,"request_end":1576623495509,"request_duration":39827,"type":"256"}
{"start":1576623476016,"end":1576623495507,"duration":19491,"downloading_duration":1107,"execution_duration":17740,"uploading_duration":644,"executable":"ellipsoids-openmp","args":["1.dat","119.log","119.xoutput"],"id":70,"resource":"256","request_start":1576623455672,"request_end":1576623495534,"request_duration":39862,"type":"256"}
{"start":1576623476243,"end":1576623495602,"duration":19359,"downloading_duration":1145,"execution_duration":17621,"uploading_duration":593,"executable":"ellipsoids-openmp","args":["1.dat","132.log","132.xoutput"],"id":83,"resource":"256","request_start":1576623455681,"request_end":1576623495627,"request_duration":39946,"type":"256"}
{"start":1576623476440,"end":1576623495640,"duration":19200,"downloading_duration":1276,"execution_duration":17360,"uploading_duration":564,"executable":"ellipsoids-openmp","args":["1.dat","144.log","144.xoutput"],"id":95,"resource":"256","request_start":1576623455728,"request_end":1576623495666,"request_duration":39938,"type":"256"}
{"start":1576623476204,"end":1576623495659,"duration":19455,"downloading_duration":1380,"execution_duration":17380,"uploading_duration":695,"executable":"ellipsoids-openmp","args":["1.dat","129.log","129.xoutput"],"id":80,"resource":"256","request_start":1576623455679,"request_end":1576623495682,"request_duration":40003,"type":"256"}
{"start":1576623476437,"end":1576623495753,"duration":19316,"downloading_duration":1210,"execution_duration":17481,"uploading_duration":625,"executable":"ellipsoids-openmp","args":["1.dat","143.log","143.xoutput"],"id":94,"resource":"256","request_start":1576623455686,"request_end":1576623495781,"request_duration":40095,"type":"256"}
{"start":1576623476383,"end":1576623495849,"duration":19466,"downloading_duration":1338,"execution_duration":17521,"uploading_duration":607,"executable":"ellipsoids-openmp","args":["1.dat","141.log","141.xoutput"],"id":92,"resource":"256","request_start":1576623455685,"request_end":1576623495874,"request_duration":40189,"type":"256"}
{"start":1576623476388,"end":1576623495861,"duration":19473,"downloading_duration":1330,"execution_duration":17560,"uploading_duration":583,"executable":"ellipsoids-openmp","args":["1.dat","142.log","142.xoutput"],"id":93,"resource":"256","request_start":1576623455686,"request_end":1576623495887,"request_duration":40201,"type":"256"}
{"start":1576623476370,"end":1576623495921,"duration":19551,"downloading_duration":1378,"execution_duration":17540,"uploading_duration":633,"executable":"ellipsoids-openmp","args":["1.dat","139.log","139.xoutput"],"id":90,"resource":"256","request_start":1576623455684,"request_end":1576623495944,"request_duration":40260,"type":"256"}
{"start":1576623476320,"end":1576623496099,"duration":19779,"downloading_duration":1339,"execution_duration":17802,"uploading_duration":638,"executable":"ellipsoids-openmp","args":["1.dat","137.log","137.xoutput"],"id":88,"resource":"256","request_start":1576623455683,"request_end":1576623496126,"request_duration":40443,"type":"256"}
{"start":1576623476495,"end":1576623496982,"duration":20487,"downloading_duration":1225,"execution_duration":18599,"uploading_duration":663,"executable":"ellipsoids-openmp","args":["2.dat","28.log","28.xoutput"],"id":104,"resource":"256","request_start":1576623455736,"request_end":1576623497010,"request_duration":41274,"type":"256"}
{"start":1576623476815,"end":1576623496986,"duration":20171,"downloading_duration":1213,"execution_duration":18382,"uploading_duration":576,"executable":"ellipsoids-openmp","args":["2.dat","213.log","213.xoutput"],"id":109,"resource":"256","request_start":1576623455739,"request_end":1576623497013,"request_duration":41274,"type":"256"}
{"start":1576623476464,"end":1576623497001,"duration":20537,"downloading_duration":1204,"execution_duration":18701,"uploading_duration":632,"executable":"ellipsoids-openmp","args":["2.dat","25.log","25.xoutput"],"id":101,"resource":"256","request_start":1576623455734,"request_end":1576623497028,"request_duration":41294,"type":"256"}
{"start":1576623476603,"end":1576623497302,"duration":20699,"downloading_duration":1135,"execution_duration":18901,"uploading_duration":663,"executable":"ellipsoids-openmp","args":["2.dat","210.log","210.xoutput"],"id":106,"resource":"256","request_start":1576623455737,"request_end":1576623497328,"request_duration":41591,"type":"256"}
{"start":1576623476732,"end":1576623497306,"duration":20574,"downloading_duration":1385,"execution_duration":18540,"uploading_duration":649,"executable":"ellipsoids-openmp","args":["2.dat","212.log","212.xoutput"],"id":108,"resource":"256","request_start":1576623455738,"request_end":1576623497331,"request_duration":41593,"type":"256"}
{"start":1576623476663,"end":1576623497417,"duration":20754,"downloading_duration":1147,"execution_duration":18958,"uploading_duration":649,"executable":"ellipsoids-openmp","args":["2.dat","211.log","211.xoutput"],"id":107,"resource":"256","request_start":1576623455737,"request_end":1576623497444,"request_duration":41707,"type":"256"}
{"start":1576623476469,"end":1576623497470,"duration":21001,"downloading_duration":1284,"execution_duration":19080,"uploading_duration":637,"executable":"ellipsoids-openmp","args":["2.dat","26.log","26.xoutput"],"id":102,"resource":"256","request_start":1576623455735,"request_end":1576623497496,"request_duration":41761,"type":"256"}
{"start":1576623476453,"end":1576623497527,"duration":21074,"downloading_duration":1261,"execution_duration":19180,"uploading_duration":633,"executable":"ellipsoids-openmp","args":["2.dat","24.log","24.xoutput"],"id":100,"resource":"256","request_start":1576623455733,"request_end":1576623497553,"request_duration":41820,"type":"256"}
{"start":1576623476484,"end":1576623497563,"duration":21079,"downloading_duration":1329,"execution_duration":19122,"uploading_duration":628,"executable":"ellipsoids-openmp","args":["2.dat","27.log","27.xoutput"],"id":103,"resource":"256","request_start":1576623455735,"request_end":1576623497588,"request_duration":41853,"type":"256"}
{"start":1576623476504,"end":1576623497649,"duration":21145,"downloading_duration":1212,"execution_duration":19320,"uploading_duration":613,"executable":"ellipsoids-openmp","args":["2.dat","29.log","29.xoutput"],"id":105,"resource":"256","request_start":1576623455736,"request_end":1576623497672,"request_duration":41936,"type":"256"}
{"start":1576623489403,"end":1576623505230,"duration":15827,"downloading_duration":1160,"execution_duration":14020,"uploading_duration":647,"executable":"ellipsoids-openmp","args":["2.dat","214.log","214.xoutput"],"id":110,"resource":"256","request_start":1576623455740,"request_end":1576623505255,"request_duration":49515,"type":"256"}
{"start":1576623493859,"end":1576623513577,"duration":19718,"downloading_duration":1159,"execution_duration":17901,"uploading_duration":658,"executable":"ellipsoids-openmp","args":["2.dat","216.log","216.xoutput"],"id":112,"resource":"256","request_start":1576623455741,"request_end":1576623513604,"request_duration":57863,"type":"256"}
{"start":1576623493892,"end":1576623513727,"duration":19835,"downloading_duration":1222,"execution_duration":17920,"uploading_duration":693,"executable":"ellipsoids-openmp","args":["2.dat","217.log","217.xoutput"],"id":113,"resource":"256","request_start":1576623455741,"request_end":1576623513792,"request_duration":58051,"type":"256"}
{"start":1576623493674,"end":1576623513839,"duration":20165,"downloading_duration":1049,"execution_duration":18501,"uploading_duration":615,"executable":"ellipsoids-openmp","args":["2.dat","215.log","215.xoutput"],"id":111,"resource":"256","request_start":1576623455740,"request_end":1576623513865,"request_duration":58125,"type":"256"}
{"start":1576623494196,"end":1576623513920,"duration":19724,"downloading_duration":1134,"execution_duration":18000,"uploading_duration":590,"executable":"ellipsoids-openmp","args":["2.dat","220.log","220.xoutput"],"id":116,"resource":"256","request_start":1576623455746,"request_end":1576623513943,"request_duration":58197,"type":"256"}
{"start":1576623494629,"end":1576623514184,"duration":19555,"downloading_duration":1155,"execution_duration":17740,"uploading_duration":660,"executable":"ellipsoids-openmp","args":["2.dat","222.log","222.xoutput"],"id":118,"resource":"256","request_start":1576623455747,"request_end":1576623514208,"request_duration":58461,"type":"256"}
{"start":1576623494367,"end":1576623514309,"duration":19942,"downloading_duration":1111,"execution_duration":18041,"uploading_duration":790,"executable":"ellipsoids-openmp","args":["2.dat","221.log","221.xoutput"],"id":117,"resource":"256","request_start":1576623455746,"request_end":1576623514333,"request_duration":58587,"type":"256"}
{"start":1576623495802,"end":1576623514425,"duration":18623,"downloading_duration":1205,"execution_duration":16820,"uploading_duration":598,"executable":"ellipsoids-openmp","args":["3.dat","30.log","30.xoutput"],"id":141,"resource":"256","request_start":1576623455783,"request_end":1576623514450,"request_duration":58667,"type":"256"}
{"start":1576623494061,"end":1576623514515,"duration":20454,"downloading_duration":1323,"execution_duration":18501,"uploading_duration":630,"executable":"ellipsoids-openmp","args":["2.dat","218.log","218.xoutput"],"id":114,"resource":"256","request_start":1576623455742,"request_end":1576623514539,"request_duration":58797,"type":"256"}
{"start":1576623494664,"end":1576623514362,"duration":19698,"downloading_duration":1138,"execution_duration":17880,"uploading_duration":680,"executable":"ellipsoids-openmp","args":["2.dat","223.log","223.xoutput"],"id":119,"resource":"256","request_start":1576623455747,"request_end":1576623514549,"request_duration":58802,"type":"256"}
{"start":1576623494867,"end":1576623514567,"duration":19700,"downloading_duration":1100,"execution_duration":17940,"uploading_duration":660,"executable":"ellipsoids-openmp","args":["2.dat","230.log","230.xoutput"],"id":126,"resource":"256","request_start":1576623455751,"request_end":1576623514592,"request_duration":58841,"type":"256"}
{"start":1576623494818,"end":1576623514586,"duration":19768,"downloading_duration":1097,"execution_duration":17921,"uploading_duration":750,"executable":"ellipsoids-openmp","args":["2.dat","226.log","226.xoutput"],"id":122,"resource":"256","request_start":1576623455749,"request_end":1576623514609,"request_duration":58860,"type":"256"}
{"start":1576623494714,"end":1576623514594,"duration":19880,"downloading_duration":1304,"execution_duration":17981,"uploading_duration":595,"executable":"ellipsoids-openmp","args":["2.dat","224.log","224.xoutput"],"id":120,"resource":"256","request_start":1576623455748,"request_end":1576623514618,"request_duration":58870,"type":"256"}
{"start":1576623494169,"end":1576623514632,"duration":20463,"downloading_duration":1190,"execution_duration":18680,"uploading_duration":593,"executable":"ellipsoids-openmp","args":["2.dat","219.log","219.xoutput"],"id":115,"resource":"256","request_start":1576623455742,"request_end":1576623514658,"request_duration":58916,"type":"256"}
{"start":1576623495900,"end":1576623514645,"duration":18745,"downloading_duration":1218,"execution_duration":16900,"uploading_duration":627,"executable":"ellipsoids-openmp","args":["3.dat","31.log","31.xoutput"],"id":142,"resource":"256","request_start":1576623455783,"request_end":1576623514668,"request_duration":58885,"type":"256"}
{"start":1576623495907,"end":1576623514647,"duration":18740,"downloading_duration":1094,"execution_duration":17041,"uploading_duration":605,"executable":"ellipsoids-openmp","args":["3.dat","32.log","32.xoutput"],"id":143,"resource":"256","request_start":1576623455784,"request_end":1576623514670,"request_duration":58886,"type":"256"}
{"start":1576623494826,"end":1576623514712,"duration":19886,"downloading_duration":1157,"execution_duration":18100,"uploading_duration":629,"executable":"ellipsoids-openmp","args":["2.dat","227.log","227.xoutput"],"id":123,"resource":"256","request_start":1576623455749,"request_end":1576623514739,"request_duration":58990,"type":"256"}
{"start":1576623496149,"end":1576623514936,"duration":18787,"downloading_duration":1070,"execution_duration":17081,"uploading_duration":636,"executable":"ellipsoids-openmp","args":["3.dat","34.log","34.xoutput"],"id":145,"resource":"256","request_start":1576623455785,"request_end":1576623514959,"request_duration":59174,"type":"256"}
{"start":1576623494860,"end":1576623514955,"duration":20095,"downloading_duration":1088,"execution_duration":18320,"uploading_duration":687,"executable":"ellipsoids-openmp","args":["2.dat","229.log","229.xoutput"],"id":125,"resource":"256","request_start":1576623455750,"request_end":1576623514979,"request_duration":59229,"type":"256"}
{"start":1576623495966,"end":1576623515090,"duration":19124,"downloading_duration":1122,"execution_duration":17421,"uploading_duration":581,"executable":"ellipsoids-openmp","args":["3.dat","33.log","33.xoutput"],"id":144,"resource":"256","request_start":1576623455784,"request_end":1576623515114,"request_duration":59330,"type":"256"}
{"start":1576623494849,"end":1576623515198,"duration":20349,"downloading_duration":1192,"execution_duration":18560,"uploading_duration":597,"executable":"ellipsoids-openmp","args":["2.dat","228.log","228.xoutput"],"id":124,"resource":"256","request_start":1576623455750,"request_end":1576623515227,"request_duration":59477,"type":"256"}
{"start":1576623495055,"end":1576623515255,"duration":20200,"downloading_duration":1101,"execution_duration":18480,"uploading_duration":619,"executable":"ellipsoids-openmp","args":["2.dat","231.log","231.xoutput"],"id":127,"resource":"256","request_start":1576623455751,"request_end":1576623515280,"request_duration":59529,"type":"256"}
{"start":1576623495102,"end":1576623515291,"duration":20189,"downloading_duration":1085,"execution_duration":18500,"uploading_duration":604,"executable":"ellipsoids-openmp","args":["2.dat","233.log","233.xoutput"],"id":129,"resource":"256","request_start":1576623455753,"request_end":1576623515315,"request_duration":59562,"type":"256"}
{"start":1576623495125,"end":1576623515428,"duration":20303,"downloading_duration":1184,"execution_duration":18441,"uploading_duration":678,"executable":"ellipsoids-openmp","args":["2.dat","235.log","235.xoutput"],"id":131,"resource":"256","request_start":1576623455754,"request_end":1576623515452,"request_duration":59698,"type":"256"}
{"start":1576623495090,"end":1576623515410,"duration":20320,"downloading_duration":1199,"execution_duration":18520,"uploading_duration":601,"executable":"ellipsoids-openmp","args":["2.dat","232.log","232.xoutput"],"id":128,"resource":"256","request_start":1576623455752,"request_end":1576623515454,"request_duration":59702,"type":"256"}
{"start":1576623495560,"end":1576623515512,"duration":19952,"downloading_duration":1159,"execution_duration":18161,"uploading_duration":632,"executable":"ellipsoids-openmp","args":["2.dat","20.log","20.xoutput"],"id":96,"resource":"256","request_start":1576623455759,"request_end":1576623515543,"request_duration":59784,"type":"256"}
{"start":1576623495532,"end":1576623515543,"duration":20011,"downloading_duration":1111,"execution_duration":18241,"uploading_duration":659,"executable":"ellipsoids-openmp","args":["2.dat","244.log","244.xoutput"],"id":140,"resource":"256","request_start":1576623455758,"request_end":1576623515705,"request_duration":59947,"type":"256"}
{"start":1576623495289,"end":1576623515618,"duration":20329,"downloading_duration":1116,"execution_duration":18600,"uploading_duration":613,"executable":"ellipsoids-openmp","args":["2.dat","236.log","236.xoutput"],"id":132,"resource":"256","request_start":1576623455754,"request_end":1576623515708,"request_duration":59954,"type":"256"}
{"start":1576623495344,"end":1576623515627,"duration":20283,"downloading_duration":1115,"execution_duration":18562,"uploading_duration":606,"executable":"ellipsoids-openmp","args":["2.dat","238.log","238.xoutput"],"id":134,"resource":"256","request_start":1576623455755,"request_end":1576623515710,"request_duration":59955,"type":"256"}
{"start":1576623495124,"end":1576623515632,"duration":20508,"downloading_duration":1151,"execution_duration":18741,"uploading_duration":616,"executable":"ellipsoids-openmp","args":["2.dat","234.log","234.xoutput"],"id":130,"resource":"256","request_start":1576623455753,"request_end":1576623515711,"request_duration":59958,"type":"256"}
{"start":1576623494803,"end":1576623515715,"duration":20912,"downloading_duration":1219,"execution_duration":19061,"uploading_duration":632,"executable":"ellipsoids-openmp","args":["2.dat","225.log","225.xoutput"],"id":121,"resource":"256","request_start":1576623455748,"request_end":1576623515739,"request_duration":59991,"type":"256"}
{"start":1576623495461,"end":1576623515782,"duration":20321,"downloading_duration":1114,"execution_duration":18582,"uploading_duration":625,"executable":"ellipsoids-openmp","args":["2.dat","243.log","243.xoutput"],"id":139,"resource":"256","request_start":1576623455758,"request_end":1576623515809,"request_duration":60051,"type":"256"}
{"start":1576623495381,"end":1576623515790,"duration":20409,"downloading_duration":1102,"execution_duration":18643,"uploading_duration":664,"executable":"ellipsoids-openmp","args":["2.dat","241.log","241.xoutput"],"id":137,"resource":"256","request_start":1576623455757,"request_end":1576623515819,"request_duration":60062,"type":"256"}
{"start":1576623495351,"end":1576623515822,"duration":20471,"downloading_duration":1185,"execution_duration":18640,"uploading_duration":646,"executable":"ellipsoids-openmp","args":["2.dat","239.log","239.xoutput"],"id":135,"resource":"256","request_start":1576623455756,"request_end":1576623515848,"request_duration":60092,"type":"256"}
{"start":1576623495293,"end":1576623515919,"duration":20626,"downloading_duration":1220,"execution_duration":18780,"uploading_duration":626,"executable":"ellipsoids-openmp","args":["2.dat","237.log","237.xoutput"],"id":133,"resource":"256","request_start":1576623455755,"request_end":1576623515944,"request_duration":60189,"type":"256"}
{"start":1576623495363,"end":1576623515971,"duration":20608,"downloading_duration":1249,"execution_duration":18720,"uploading_duration":639,"executable":"ellipsoids-openmp","args":["2.dat","240.log","240.xoutput"],"id":136,"resource":"256","request_start":1576623455756,"request_end":1576623515994,"request_duration":60238,"type":"256"}
{"start":1576623497038,"end":1576623516064,"duration":19026,"downloading_duration":1110,"execution_duration":17280,"uploading_duration":636,"executable":"ellipsoids-openmp","args":["3.dat","36.log","36.xoutput"],"id":147,"resource":"256","request_start":1576623455786,"request_end":1576623516089,"request_duration":60303,"type":"256"}
{"start":1576623495690,"end":1576623516088,"duration":20398,"downloading_duration":1134,"execution_duration":18601,"uploading_duration":663,"executable":"ellipsoids-openmp","args":["2.dat","22.log","22.xoutput"],"id":98,"resource":"256","request_start":1576623455760,"request_end":1576623516108,"request_duration":60348,"type":"256"}
{"start":1576623495715,"end":1576623516199,"duration":20484,"downloading_duration":1132,"execution_duration":18741,"uploading_duration":611,"executable":"ellipsoids-openmp","args":["2.dat","23.log","23.xoutput"],"id":99,"resource":"256","request_start":1576623455760,"request_end":1576623516224,"request_duration":60464,"type":"256"}
{"start":1576623497032,"end":1576623516243,"duration":19211,"downloading_duration":1176,"execution_duration":17381,"uploading_duration":654,"executable":"ellipsoids-openmp","args":["3.dat","35.log","35.xoutput"],"id":146,"resource":"256","request_start":1576623455785,"request_end":1576623516268,"request_duration":60483,"type":"256"}
{"start":1576623497357,"end":1576623516294,"duration":18937,"downloading_duration":1119,"execution_duration":17241,"uploading_duration":577,"executable":"ellipsoids-openmp","args":["3.dat","39.log","39.xoutput"],"id":150,"resource":"256","request_start":1576623455788,"request_end":1576623516318,"request_duration":60530,"type":"256"}
{"start":1576623497518,"end":1576623516312,"duration":18794,"downloading_duration":1176,"execution_duration":17019,"uploading_duration":599,"executable":"ellipsoids-openmp","args":["3.dat","311.log","311.xoutput"],"id":152,"resource":"256","request_start":1576623455789,"request_end":1576623516337,"request_duration":60548,"type":"256"}
{"start":1576623497052,"end":1576623516358,"duration":19306,"downloading_duration":1147,"execution_duration":17342,"uploading_duration":817,"executable":"ellipsoids-openmp","args":["3.dat","37.log","37.xoutput"],"id":148,"resource":"256","request_start":1576623455786,"request_end":1576623516389,"request_duration":60603,"type":"256"}
{"start":1576623497465,"end":1576623516516,"duration":19051,"downloading_duration":1143,"execution_duration":17160,"uploading_duration":748,"executable":"ellipsoids-openmp","args":["3.dat","310.log","310.xoutput"],"id":151,"resource":"256","request_start":1576623455788,"request_end":1576623516541,"request_duration":60753,"type":"256"}
{"start":1576623495656,"end":1576623516597,"duration":20941,"downloading_duration":1060,"execution_duration":19242,"uploading_duration":639,"executable":"ellipsoids-openmp","args":["2.dat","21.log","21.xoutput"],"id":97,"resource":"256","request_start":1576623455759,"request_end":1576623516623,"request_duration":60864,"type":"256"}
{"start":1576623495433,"end":1576623516716,"duration":21283,"downloading_duration":1167,"execution_duration":19480,"uploading_duration":636,"executable":"ellipsoids-openmp","args":["2.dat","242.log","242.xoutput"],"id":138,"resource":"256","request_start":1576623455757,"request_end":1576623516741,"request_duration":60984,"type":"256"}
{"start":1576623497611,"end":1576623516891,"duration":19280,"downloading_duration":1223,"execution_duration":17442,"uploading_duration":615,"executable":"ellipsoids-openmp","args":["3.dat","313.log","313.xoutput"],"id":154,"resource":"256","request_start":1576623455790,"request_end":1576623516918,"request_duration":61128,"type":"256"}
{"start":1576623497694,"end":1576623516937,"duration":19243,"downloading_duration":1082,"execution_duration":17342,"uploading_duration":819,"executable":"ellipsoids-openmp","args":["3.dat","314.log","314.xoutput"],"id":155,"resource":"256","request_start":1576623455791,"request_end":1576623516963,"request_duration":61172,"type":"256"}
{"start":1576623497575,"end":1576623516958,"duration":19383,"downloading_duration":1298,"execution_duration":17421,"uploading_duration":664,"executable":"ellipsoids-openmp","args":["3.dat","312.log","312.xoutput"],"id":153,"resource":"256","request_start":1576623455789,"request_end":1576623516981,"request_duration":61192,"type":"256"}
{"start":1576623497356,"end":1576623517048,"duration":19692,"downloading_duration":1363,"execution_duration":17681,"uploading_duration":648,"executable":"ellipsoids-openmp","args":["3.dat","38.log","38.xoutput"],"id":149,"resource":"256","request_start":1576623455787,"request_end":1576623517073,"request_duration":61286,"type":"256"}
{"start":1576623515768,"end":1576623518537,"duration":2769,"downloading_duration":2330,"execution_duration":21,"uploading_duration":418,"executable":"mean-pack-ell","args":["00.xoutput","01.xoutput","02.xoutput","03.xoutput","04.xoutput","05.xoutput","06.xoutput","07.xoutput","08.xoutput","09.xoutput","010.xoutput","011.xoutput","012.xoutput","013.xoutput","014.xoutput","015.xoutput","016.xoutput","017.xoutput","018.xoutput","019.xoutput","020.xoutput","021.xoutput","022.xoutput","023.xoutput","024.xoutput","025.xoutput","026.xoutput","027.xoutput","028.xoutput","029.xoutput","030.xoutput","031.xoutput","032.xoutput","033.xoutput","034.xoutput","035.xoutput","036.xoutput","037.xoutput","038.xoutput","039.xoutput","040.xoutput","041.xoutput","042.xoutput","043.xoutput","044.xoutput","average_0.txt"],"id":186,"resource":"256","request_start":1576623476814,"request_end":1576623518561,"request_duration":41747,"type":"256"}
{"start":1576623515836,"end":1576623518779,"duration":2943,"downloading_duration":2480,"execution_duration":21,"uploading_duration":442,"executable":"mean-pack-ell","args":["10.xoutput","11.xoutput","12.xoutput","13.xoutput","14.xoutput","15.xoutput","16.xoutput","17.xoutput","18.xoutput","19.xoutput","110.xoutput","111.xoutput","112.xoutput","113.xoutput","114.xoutput","115.xoutput","116.xoutput","117.xoutput","118.xoutput","119.xoutput","120.xoutput","121.xoutput","122.xoutput","123.xoutput","124.xoutput","125.xoutput","126.xoutput","127.xoutput","128.xoutput","129.xoutput","130.xoutput","131.xoutput","132.xoutput","133.xoutput","134.xoutput","135.xoutput","136.xoutput","137.xoutput","138.xoutput","139.xoutput","140.xoutput","141.xoutput","142.xoutput","143.xoutput","144.xoutput","average_1.txt"],"id":187,"resource":"256","request_start":1576623496137,"request_end":1576623518803,"request_duration":22666,"type":"256"}
{"start":1576623516937,"end":1576623519689,"duration":2752,"downloading_duration":2317,"execution_duration":21,"uploading_duration":414,"executable":"mean-pack-ell","args":["20.xoutput","21.xoutput","22.xoutput","23.xoutput","24.xoutput","25.xoutput","26.xoutput","27.xoutput","28.xoutput","29.xoutput","210.xoutput","211.xoutput","212.xoutput","213.xoutput","214.xoutput","215.xoutput","216.xoutput","217.xoutput","218.xoutput","219.xoutput","220.xoutput","221.xoutput","222.xoutput","223.xoutput","224.xoutput","225.xoutput","226.xoutput","227.xoutput","228.xoutput","229.xoutput","230.xoutput","231.xoutput","232.xoutput","233.xoutput","234.xoutput","235.xoutput","236.xoutput","237.xoutput","238.xoutput","239.xoutput","240.xoutput","241.xoutput","242.xoutput","243.xoutput","244.xoutput","average_2.txt"],"id":188,"resource":"256","request_start":1576623516746,"request_end":1576623519712,"request_duration":2966,"type":"256"}
{"start":1576623505275,"end":1576623521760,"duration":16485,"downloading_duration":1128,"execution_duration":14720,"uploading_duration":637,"executable":"ellipsoids-openmp","args":["3.dat","315.log","315.xoutput"],"id":156,"resource":"256","request_start":1576623455791,"request_end":1576623521785,"request_duration":65994,"type":"256"}
{"start":1576623513631,"end":1576623531795,"duration":18164,"downloading_duration":1207,"execution_duration":16301,"uploading_duration":656,"executable":"ellipsoids-openmp","args":["3.dat","316.log","316.xoutput"],"id":157,"resource":"256","request_start":1576623455792,"request_end":1576623531822,"request_duration":76030,"type":"256"}
{"start":1576623513815,"end":1576623532778,"duration":18963,"downloading_duration":1159,"execution_duration":17200,"uploading_duration":604,"executable":"ellipsoids-openmp","args":["3.dat","317.log","317.xoutput"],"id":158,"resource":"256","request_start":1576623455792,"request_end":1576623532804,"request_duration":77012,"type":"256"}
{"start":1576623513896,"end":1576623532949,"duration":19053,"downloading_duration":1147,"execution_duration":17241,"uploading_duration":665,"executable":"ellipsoids-openmp","args":["3.dat","318.log","318.xoutput"],"id":159,"resource":"256","request_start":1576623455793,"request_end":1576623532973,"request_duration":77180,"type":"256"}
{"start":1576623514230,"end":1576623533105,"duration":18875,"downloading_duration":1054,"execution_duration":17200,"uploading_duration":621,"executable":"ellipsoids-openmp","args":["3.dat","320.log","320.xoutput"],"id":161,"resource":"256","request_start":1576623455794,"request_end":1576623533133,"request_duration":77339,"type":"256"}
{"start":1576623513972,"end":1576623533112,"duration":19140,"downloading_duration":1058,"execution_duration":17481,"uploading_duration":601,"executable":"ellipsoids-openmp","args":["3.dat","319.log","319.xoutput"],"id":160,"resource":"256","request_start":1576623455794,"request_end":1576623533138,"request_duration":77344,"type":"256"}
{"start":1576623515004,"end":1576623533474,"duration":18470,"downloading_duration":1195,"execution_duration":16681,"uploading_duration":594,"executable":"ellipsoids-openmp","args":["3.dat","333.log","333.xoutput"],"id":174,"resource":"256","request_start":1576623455801,"request_end":1576623533498,"request_duration":77697,"type":"256"}
{"start":1576623514985,"end":1576623533551,"duration":18566,"downloading_duration":1263,"execution_duration":16700,"uploading_duration":603,"executable":"ellipsoids-openmp","args":["3.dat","332.log","332.xoutput"],"id":173,"resource":"256","request_start":1576623455801,"request_end":1576623533578,"request_duration":77777,"type":"256"}
{"start":1576623514563,"end":1576623533608,"duration":19045,"downloading_duration":1139,"execution_duration":17281,"uploading_duration":625,"executable":"ellipsoids-openmp","args":["3.dat","323.log","323.xoutput"],"id":164,"resource":"256","request_start":1576623455796,"request_end":1576623533631,"request_duration":77835,"type":"256"}
{"start":1576623515481,"end":1576623533637,"duration":18156,"downloading_duration":1227,"execution_duration":16261,"uploading_duration":668,"executable":"ellipsoids-openmp","args":["3.dat","339.log","339.xoutput"],"id":180,"resource":"256","request_start":1576623455806,"request_end":1576623533664,"request_duration":77858,"type":"256"}
{"start":1576623515257,"end":1576623533673,"duration":18416,"downloading_duration":1044,"execution_duration":16722,"uploading_duration":650,"executable":"ellipsoids-openmp","args":["3.dat","335.log","335.xoutput"],"id":176,"resource":"256","request_start":1576623455802,"request_end":1576623533698,"request_duration":77896,"type":"256"}
{"start":1576623514614,"end":1576623533677,"duration":19063,"downloading_duration":1024,"execution_duration":17402,"uploading_duration":637,"executable":"ellipsoids-openmp","args":["3.dat","325.log","325.xoutput"],"id":166,"resource":"256","request_start":1576623455797,"request_end":1576623533709,"request_duration":77912,"type":"256"}
{"start":1576623514571,"end":1576623533704,"duration":19133,"downloading_duration":1033,"execution_duration":17382,"uploading_duration":718,"executable":"ellipsoids-openmp","args":["3.dat","324.log","324.xoutput"],"id":165,"resource":"256","request_start":1576623455796,"request_end":1576623533729,"request_duration":77933,"type":"256"}
{"start":1576623514699,"end":1576623533736,"duration":19037,"downloading_duration":1299,"execution_duration":17121,"uploading_duration":617,"executable":"ellipsoids-openmp","args":["3.dat","329.log","329.xoutput"],"id":170,"resource":"256","request_start":1576623455799,"request_end":1576623533759,"request_duration":77960,"type":"256"}
{"start":1576623514471,"end":1576623533899,"duration":19428,"downloading_duration":1096,"execution_duration":17741,"uploading_duration":591,"executable":"ellipsoids-openmp","args":["3.dat","322.log","322.xoutput"],"id":163,"resource":"256","request_start":1576623455795,"request_end":1576623533921,"request_duration":78126,"type":"256"}
{"start":1576623515139,"end":1576623533922,"duration":18783,"downloading_duration":1109,"execution_duration":17021,"uploading_duration":653,"executable":"ellipsoids-openmp","args":["3.dat","334.log","334.xoutput"],"id":175,"resource":"256","request_start":1576623455802,"request_end":1576623533950,"request_duration":78148,"type":"256"}
{"start":1576623514634,"end":1576623533926,"duration":19292,"downloading_duration":1281,"execution_duration":17401,"uploading_duration":610,"executable":"ellipsoids-openmp","args":["3.dat","326.log","326.xoutput"],"id":167,"resource":"256","request_start":1576623455797,"request_end":1576623533952,"request_duration":78155,"type":"256"}
{"start":1576623514687,"end":1576623533958,"duration":19271,"downloading_duration":1154,"execution_duration":17520,"uploading_duration":597,"executable":"ellipsoids-openmp","args":["3.dat","328.log","328.xoutput"],"id":169,"resource":"256","request_start":1576623455798,"request_end":1576623533982,"request_duration":78184,"type":"256"}
{"start":1576623515305,"end":1576623533991,"duration":18686,"downloading_duration":1142,"execution_duration":16740,"uploading_duration":804,"executable":"ellipsoids-openmp","args":["3.dat","336.log","336.xoutput"],"id":177,"resource":"256","request_start":1576623455804,"request_end":1576623534019,"request_duration":78215,"type":"256"}
{"start":1576623514641,"end":1576623534011,"duration":19370,"downloading_duration":1178,"execution_duration":17560,"uploading_duration":632,"executable":"ellipsoids-openmp","args":["3.dat","327.log","327.xoutput"],"id":168,"resource":"256","request_start":1576623455798,"request_end":1576623534037,"request_duration":78239,"type":"256"}
{"start":1576623515475,"end":1576623534065,"duration":18590,"downloading_duration":1134,"execution_duration":16800,"uploading_duration":656,"executable":"ellipsoids-openmp","args":["3.dat","338.log","338.xoutput"],"id":179,"resource":"256","request_start":1576623455805,"request_end":1576623534089,"request_duration":78284,"type":"256"}
{"start":1576623514354,"end":1576623534093,"duration":19739,"downloading_duration":1124,"execution_duration":17981,"uploading_duration":634,"executable":"ellipsoids-openmp","args":["3.dat","321.log","321.xoutput"],"id":162,"resource":"256","request_start":1576623455795,"request_end":1576623534122,"request_duration":78327,"type":"256"}
{"start":1576623515742,"end":1576623534193,"duration":18451,"downloading_duration":1115,"execution_duration":16699,"uploading_duration":637,"executable":"ellipsoids-openmp","args":["3.dat","342.log","342.xoutput"],"id":183,"resource":"256","request_start":1576623455809,"request_end":1576623534218,"request_duration":78409,"type":"256"}
{"start":1576623515338,"end":1576623534266,"duration":18928,"downloading_duration":1198,"execution_duration":16901,"uploading_duration":829,"executable":"ellipsoids-openmp","args":["3.dat","337.log","337.xoutput"],"id":178,"resource":"256","request_start":1576623455804,"request_end":1576623534290,"request_duration":78486,"type":"256"}
{"start":1576623515736,"end":1576623534275,"duration":18539,"downloading_duration":1167,"execution_duration":16561,"uploading_duration":811,"executable":"ellipsoids-openmp","args":["3.dat","341.log","341.xoutput"],"id":182,"resource":"256","request_start":1576623455808,"request_end":1576623534298,"request_duration":78490,"type":"256"}
{"start":1576623514693,"end":1576623534291,"duration":19598,"downloading_duration":1095,"execution_duration":17879,"uploading_duration":624,"executable":"ellipsoids-openmp","args":["3.dat","330.log","330.xoutput"],"id":171,"resource":"256","request_start":1576623455799,"request_end":1576623534313,"request_duration":78514,"type":"256"}
{"start":1576623515742,"end":1576623534398,"duration":18656,"downloading_duration":1142,"execution_duration":16900,"uploading_duration":614,"executable":"ellipsoids-openmp","args":["3.dat","344.log","344.xoutput"],"id":185,"resource":"256","request_start":1576623455811,"request_end":1576623534423,"request_duration":78612,"type":"256"}
{"start":1576623515743,"end":1576623534399,"duration":18656,"downloading_duration":1116,"execution_duration":16940,"uploading_duration":600,"executable":"ellipsoids-openmp","args":["3.dat","343.log","343.xoutput"],"id":184,"resource":"256","request_start":1576623455810,"request_end":1576623534426,"request_duration":78616,"type":"256"}
{"start":1576623514764,"end":1576623534538,"duration":19774,"downloading_duration":1159,"execution_duration":17980,"uploading_duration":635,"executable":"ellipsoids-openmp","args":["3.dat","331.log","331.xoutput"],"id":172,"resource":"256","request_start":1576623455800,"request_end":1576623534561,"request_duration":78761,"type":"256"}
{"start":1576623515568,"end":1576623534671,"duration":19103,"downloading_duration":1235,"execution_duration":17160,"uploading_duration":708,"executable":"ellipsoids-openmp","args":["3.dat","340.log","340.xoutput"],"id":181,"resource":"256","request_start":1576623455808,"request_end":1576623534699,"request_duration":78891,"type":"256"}
{"start":1576623534874,"end":1576623537859,"duration":2985,"downloading_duration":2529,"execution_duration":20,"uploading_duration":436,"executable":"mean-pack-ell","args":["30.xoutput","31.xoutput","32.xoutput","33.xoutput","34.xoutput","35.xoutput","36.xoutput","37.xoutput","38.xoutput","39.xoutput","310.xoutput","311.xoutput","312.xoutput","313.xoutput","314.xoutput","315.xoutput","316.xoutput","317.xoutput","318.xoutput","319.xoutput","320.xoutput","321.xoutput","322.xoutput","323.xoutput","324.xoutput","325.xoutput","326.xoutput","327.xoutput","328.xoutput","329.xoutput","330.xoutput","331.xoutput","332.xoutput","333.xoutput","334.xoutput","335.xoutput","336.xoutput","337.xoutput","338.xoutput","339.xoutput","340.xoutput","341.xoutput","342.xoutput","343.xoutput","344.xoutput","average_3.txt"],"id":189,"resource":"256","request_start":1576623534713,"request_end":1576623537884,"request_duration":3171,"type":"256"}
{"start":1576623537996,"end":1576623539446,"duration":1450,"downloading_duration":500,"execution_duration":528,"uploading_duration":422,"executable":"summary.js","args":[],"id":190,"resource":"256","request_start":1576623537890,"request_end":1576623539492,"request_duration":1602,"type":"256"}
