{"start":1576623364033,"end":1576623365351,"duration":1318,"downloading_duration":392,"execution_duration":502,"uploading_duration":424,"executable":"generateData.js","args":[],"id":1,"resource":"256","request_start":1576623363876,"request_end":1576623365449,"request_duration":1573,"type":"256"}
{"start":1576623365655,"end":1576623366935,"duration":1280,"downloading_duration":383,"execution_duration":489,"uploading_duration":408,"executable":"createDat.js","args":["1.dat"],"id":3,"resource":"256","request_start":1576623365470,"request_end":1576623366962,"request_duration":1492,"type":"256"}
{"start":1576623365659,"end":1576623367010,"duration":1351,"downloading_duration":388,"execution_duration":543,"uploading_duration":420,"executable":"createDat.js","args":["3.dat"],"id":5,"resource":"256","request_start":1576623365479,"request_end":1576623367095,"request_duration":1616,"type":"256"}
{"start":1576623365660,"end":1576623367033,"duration":1373,"downloading_duration":409,"execution_duration":542,"uploading_duration":422,"executable":"createDat.js","args":["2.dat"],"id":4,"resource":"256","request_start":1576623365475,"request_end":1576623367096,"request_duration":1621,"type":"256"}
{"start":1576623365657,"end":1576623367121,"duration":1464,"downloading_duration":481,"execution_duration":541,"uploading_duration":442,"executable":"createDat.js","args":["0.dat"],"id":2,"resource":"256","request_start":1576623365464,"request_end":1576623367213,"request_duration":1749,"type":"256"}
{"start":1576623367689,"end":1576623385407,"duration":17718,"downloading_duration":1293,"execution_duration":15800,"uploading_duration":625,"executable":"ellipsoids-openmp","args":["1.dat","132.log","132.xoutput"],"id":83,"resource":"256","request_start":1576623367045,"request_end":1576623385434,"request_duration":18389,"type":"256"}
{"start":1576623367509,"end":1576623385895,"duration":18386,"downloading_duration":1107,"execution_duration":16681,"uploading_duration":598,"executable":"ellipsoids-openmp","args":["1.dat","120.log","120.xoutput"],"id":71,"resource":"256","request_start":1576623367030,"request_end":1576623385920,"request_duration":18890,"type":"256"}
{"start":1576623367490,"end":1576623386194,"duration":18704,"downloading_duration":1148,"execution_duration":16781,"uploading_duration":775,"executable":"ellipsoids-openmp","args":["1.dat","15.log","15.xoutput"],"id":56,"resource":"256","request_start":1576623367012,"request_end":1576623386220,"request_duration":19208,"type":"256"}
{"start":1576623367498,"end":1576623386220,"duration":18722,"downloading_duration":1115,"execution_duration":16980,"uploading_duration":627,"executable":"ellipsoids-openmp","args":["1.dat","17.log","17.xoutput"],"id":58,"resource":"256","request_start":1576623367015,"request_end":1576623386245,"request_duration":19230,"type":"256"}
{"start":1576623367496,"end":1576623386155,"duration":18659,"downloading_duration":1237,"execution_duration":16700,"uploading_duration":722,"executable":"ellipsoids-openmp","args":["1.dat","16.log","16.xoutput"],"id":57,"resource":"256","request_start":1576623367013,"request_end":1576623386340,"request_duration":19327,"type":"256"}
{"start":1576623367501,"end":1576623386432,"duration":18931,"downloading_duration":1106,"execution_duration":17240,"uploading_duration":585,"executable":"ellipsoids-openmp","args":["1.dat","112.log","112.xoutput"],"id":63,"resource":"256","request_start":1576623367021,"request_end":1576623386457,"request_duration":19436,"type":"256"}
{"start":1576623367249,"end":1576623386513,"duration":19264,"downloading_duration":1108,"execution_duration":17500,"uploading_duration":656,"executable":"ellipsoids-openmp","args":["3.dat","34.log","34.xoutput"],"id":145,"resource":"256","request_start":1576623367134,"request_end":1576623386539,"request_duration":19405,"type":"256"}
{"start":1576623367738,"end":1576623386526,"duration":18788,"downloading_duration":1146,"execution_duration":17040,"uploading_duration":602,"executable":"ellipsoids-openmp","args":["1.dat","128.log","128.xoutput"],"id":79,"resource":"256","request_start":1576623367037,"request_end":1576623386549,"request_duration":19512,"type":"256"}
{"start":1576623367500,"end":1576623386541,"duration":19041,"downloading_duration":1124,"execution_duration":17320,"uploading_duration":597,"executable":"ellipsoids-openmp","args":["1.dat","18.log","18.xoutput"],"id":59,"resource":"256","request_start":1576623367016,"request_end":1576623386563,"request_duration":19547,"type":"256"}
{"start":1576623367689,"end":1576623386563,"duration":18874,"downloading_duration":1059,"execution_duration":17179,"uploading_duration":636,"executable":"ellipsoids-openmp","args":["1.dat","127.log","127.xoutput"],"id":78,"resource":"256","request_start":1576623367036,"request_end":1576623386588,"request_duration":19552,"type":"256"}
{"start":1576623367626,"end":1576623386581,"duration":18955,"downloading_duration":1113,"execution_duration":17200,"uploading_duration":642,"executable":"ellipsoids-openmp","args":["1.dat","121.log","121.xoutput"],"id":72,"resource":"256","request_start":1576623367031,"request_end":1576623386603,"request_duration":19572,"type":"256"}
{"start":1576623367687,"end":1576623386626,"duration":18939,"downloading_duration":1139,"execution_duration":17181,"uploading_duration":619,"executable":"ellipsoids-openmp","args":["1.dat","125.log","125.xoutput"],"id":76,"resource":"256","request_start":1576623367035,"request_end":1576623386651,"request_duration":19616,"type":"256"}
{"start":1576623367793,"end":1576623386639,"duration":18846,"downloading_duration":1085,"execution_duration":17000,"uploading_duration":761,"executable":"ellipsoids-openmp","args":["1.dat","143.log","143.xoutput"],"id":94,"resource":"256","request_start":1576623367057,"request_end":1576623386663,"request_duration":19606,"type":"256"}
{"start":1576623367690,"end":1576623386654,"duration":18964,"downloading_duration":1098,"execution_duration":17242,"uploading_duration":624,"executable":"ellipsoids-openmp","args":["1.dat","123.log","123.xoutput"],"id":74,"resource":"256","request_start":1576623367033,"request_end":1576623386679,"request_duration":19646,"type":"256"}
{"start":1576623367488,"end":1576623386657,"duration":19169,"downloading_duration":1068,"execution_duration":17460,"uploading_duration":641,"executable":"ellipsoids-openmp","args":["1.dat","14.log","14.xoutput"],"id":55,"resource":"256","request_start":1576623367010,"request_end":1576623386681,"request_duration":19671,"type":"256"}
{"start":1576623367482,"end":1576623386687,"duration":19205,"downloading_duration":1086,"execution_duration":17480,"uploading_duration":639,"executable":"ellipsoids-openmp","args":["1.dat","10.log","10.xoutput"],"id":51,"resource":"256","request_start":1576623367003,"request_end":1576623386711,"request_duration":19708,"type":"256"}
{"start":1576623367507,"end":1576623386702,"duration":19195,"downloading_duration":1111,"execution_duration":17460,"uploading_duration":624,"executable":"ellipsoids-openmp","args":["1.dat","117.log","117.xoutput"],"id":68,"resource":"256","request_start":1576623367027,"request_end":1576623386724,"request_duration":19697,"type":"256"}
{"start":1576623367501,"end":1576623386710,"duration":19209,"downloading_duration":1180,"execution_duration":17381,"uploading_duration":648,"executable":"ellipsoids-openmp","args":["1.dat","113.log","113.xoutput"],"id":64,"resource":"256","request_start":1576623367023,"request_end":1576623386733,"request_duration":19710,"type":"256"}
{"start":1576623367687,"end":1576623386719,"duration":19032,"downloading_duration":1085,"execution_duration":17299,"uploading_duration":648,"executable":"ellipsoids-openmp","args":["1.dat","122.log","122.xoutput"],"id":73,"resource":"256","request_start":1576623367032,"request_end":1576623386741,"request_duration":19709,"type":"256"}
{"start":1576623367513,"end":1576623386725,"duration":19212,"downloading_duration":1107,"execution_duration":17521,"uploading_duration":584,"executable":"ellipsoids-openmp","args":["1.dat","115.log","115.xoutput"],"id":66,"resource":"256","request_start":1576623367025,"request_end":1576623386748,"request_duration":19723,"type":"256"}
{"start":1576623367688,"end":1576623386781,"duration":19093,"downloading_duration":1131,"execution_duration":17360,"uploading_duration":602,"executable":"ellipsoids-openmp","args":["1.dat","126.log","126.xoutput"],"id":77,"resource":"256","request_start":1576623367035,"request_end":1576623386809,"request_duration":19774,"type":"256"}
{"start":1576623367500,"end":1576623386794,"duration":19294,"downloading_duration":1195,"execution_duration":17440,"uploading_duration":659,"executable":"ellipsoids-openmp","args":["1.dat","111.log","111.xoutput"],"id":62,"resource":"256","request_start":1576623367020,"request_end":1576623386887,"request_duration":19867,"type":"256"}
{"start":1576623367490,"end":1576623386801,"duration":19311,"downloading_duration":1068,"execution_duration":17621,"uploading_duration":622,"executable":"ellipsoids-openmp","args":["1.dat","13.log","13.xoutput"],"id":54,"resource":"256","request_start":1576623367009,"request_end":1576623386891,"request_duration":19882,"type":"256"}
{"start":1576623367489,"end":1576623386802,"duration":19313,"downloading_duration":1116,"execution_duration":17501,"uploading_duration":696,"executable":"ellipsoids-openmp","args":["1.dat","12.log","12.xoutput"],"id":53,"resource":"256","request_start":1576623367007,"request_end":1576623386894,"request_duration":19887,"type":"256"}
{"start":1576623367493,"end":1576623386819,"duration":19326,"downloading_duration":1143,"execution_duration":17560,"uploading_duration":623,"executable":"ellipsoids-openmp","args":["1.dat","19.log","19.xoutput"],"id":60,"resource":"256","request_start":1576623367018,"request_end":1576623386896,"request_duration":19878,"type":"256"}
{"start":1576623367764,"end":1576623386840,"duration":19076,"downloading_duration":1152,"execution_duration":17321,"uploading_duration":603,"executable":"ellipsoids-openmp","args":["1.dat","137.log","137.xoutput"],"id":88,"resource":"256","request_start":1576623367051,"request_end":1576623386899,"request_duration":19848,"type":"256"}
{"start":1576623367780,"end":1576623386893,"duration":19113,"downloading_duration":1147,"execution_duration":17302,"uploading_duration":664,"executable":"ellipsoids-openmp","args":["1.dat","142.log","142.xoutput"],"id":93,"resource":"256","request_start":1576623367056,"request_end":1576623386917,"request_duration":19861,"type":"256"}
{"start":1576623367507,"end":1576623386894,"duration":19387,"downloading_duration":1140,"execution_duration":17641,"uploading_duration":606,"executable":"ellipsoids-openmp","args":["1.dat","119.log","119.xoutput"],"id":70,"resource":"256","request_start":1576623367029,"request_end":1576623386918,"request_duration":19889,"type":"256"}
{"start":1576623367764,"end":1576623386895,"duration":19131,"downloading_duration":1119,"execution_duration":17340,"uploading_duration":672,"executable":"ellipsoids-openmp","args":["1.dat","134.log","134.xoutput"],"id":85,"resource":"256","request_start":1576623367047,"request_end":1576623386920,"request_duration":19873,"type":"256"}
{"start":1576623367689,"end":1576623386907,"duration":19218,"downloading_duration":1157,"execution_duration":17440,"uploading_duration":621,"executable":"ellipsoids-openmp","args":["1.dat","133.log","133.xoutput"],"id":84,"resource":"256","request_start":1576623367046,"request_end":1576623386932,"request_duration":19886,"type":"256"}
{"start":1576623367791,"end":1576623386921,"duration":19130,"downloading_duration":1119,"execution_duration":17400,"uploading_duration":611,"executable":"ellipsoids-openmp","args":["3.dat","30.log","30.xoutput"],"id":141,"resource":"256","request_start":1576623367131,"request_end":1576623386958,"request_duration":19827,"type":"256"}
{"start":1576623367794,"end":1576623386937,"duration":19143,"downloading_duration":1169,"execution_duration":17240,"uploading_duration":734,"executable":"ellipsoids-openmp","args":["3.dat","33.log","33.xoutput"],"id":144,"resource":"256","request_start":1576623367133,"request_end":1576623386969,"request_duration":19836,"type":"256"}
{"start":1576623367686,"end":1576623386948,"duration":19262,"downloading_duration":1273,"execution_duration":17380,"uploading_duration":609,"executable":"ellipsoids-openmp","args":["1.dat","124.log","124.xoutput"],"id":75,"resource":"256","request_start":1576623367034,"request_end":1576623386983,"request_duration":19949,"type":"256"}
{"start":1576623367488,"end":1576623386946,"duration":19458,"downloading_duration":1079,"execution_duration":17380,"uploading_duration":999,"executable":"ellipsoids-openmp","args":["1.dat","11.log","11.xoutput"],"id":52,"resource":"256","request_start":1576623367005,"request_end":1576623386987,"request_duration":19982,"type":"256"}
{"start":1576623367791,"end":1576623386957,"duration":19166,"downloading_duration":1271,"execution_duration":17220,"uploading_duration":675,"executable":"ellipsoids-openmp","args":["1.dat","144.log","144.xoutput"],"id":95,"resource":"256","request_start":1576623367057,"request_end":1576623386988,"request_duration":19931,"type":"256"}
{"start":1576623367690,"end":1576623386990,"duration":19300,"downloading_duration":1185,"execution_duration":17420,"uploading_duration":695,"executable":"ellipsoids-openmp","args":["1.dat","130.log","130.xoutput"],"id":81,"resource":"256","request_start":1576623367040,"request_end":1576623387020,"request_duration":19980,"type":"256"}
{"start":1576623367767,"end":1576623387007,"duration":19240,"downloading_duration":1164,"execution_duration":17441,"uploading_duration":635,"executable":"ellipsoids-openmp","args":["1.dat","139.log","139.xoutput"],"id":90,"resource":"256","request_start":1576623367053,"request_end":1576623387040,"request_duration":19987,"type":"256"}
{"start":1576623367502,"end":1576623387020,"duration":19518,"downloading_duration":1137,"execution_duration":17759,"uploading_duration":622,"executable":"ellipsoids-openmp","args":["1.dat","118.log","118.xoutput"],"id":69,"resource":"256","request_start":1576623367028,"request_end":1576623387049,"request_duration":20021,"type":"256"}
{"start":1576623367796,"end":1576623387048,"duration":19252,"downloading_duration":1123,"execution_duration":17520,"uploading_duration":609,"executable":"ellipsoids-openmp","args":["3.dat","31.log","31.xoutput"],"id":142,"resource":"256","request_start":1576623367132,"request_end":1576623387074,"request_duration":19942,"type":"256"}
{"start":1576623367505,"end":1576623387075,"duration":19570,"downloading_duration":1474,"execution_duration":17501,"uploading_duration":595,"executable":"ellipsoids-openmp","args":["1.dat","116.log","116.xoutput"],"id":67,"resource":"256","request_start":1576623367026,"request_end":1576623387099,"request_duration":20073,"type":"256"}
{"start":1576623367736,"end":1576623387134,"duration":19398,"downloading_duration":1239,"execution_duration":17520,"uploading_duration":639,"executable":"ellipsoids-openmp","args":["1.dat","136.log","136.xoutput"],"id":87,"resource":"256","request_start":1576623367050,"request_end":1576623387159,"request_duration":20109,"type":"256"}
{"start":1576623367502,"end":1576623387181,"duration":19679,"downloading_duration":1251,"execution_duration":17300,"uploading_duration":1128,"executable":"ellipsoids-openmp","args":["1.dat","114.log","114.xoutput"],"id":65,"resource":"256","request_start":1576623367024,"request_end":1576623387205,"request_duration":20181,"type":"256"}
{"start":1576623367793,"end":1576623387189,"duration":19396,"downloading_duration":1096,"execution_duration":17580,"uploading_duration":720,"executable":"ellipsoids-openmp","args":["3.dat","32.log","32.xoutput"],"id":143,"resource":"256","request_start":1576623367133,"request_end":1576623387213,"request_duration":20080,"type":"256"}
{"start":1576623367769,"end":1576623387270,"duration":19501,"downloading_duration":1279,"execution_duration":17500,"uploading_duration":722,"executable":"ellipsoids-openmp","args":["1.dat","140.log","140.xoutput"],"id":91,"resource":"256","request_start":1576623367054,"request_end":1576623387294,"request_duration":20240,"type":"256"}
{"start":1576623367772,"end":1576623387286,"duration":19514,"downloading_duration":1150,"execution_duration":17621,"uploading_duration":743,"executable":"ellipsoids-openmp","args":["1.dat","141.log","141.xoutput"],"id":92,"resource":"256","request_start":1576623367055,"request_end":1576623387309,"request_duration":20254,"type":"256"}
{"start":1576623367500,"end":1576623387295,"duration":19795,"downloading_duration":1164,"execution_duration":18021,"uploading_duration":610,"executable":"ellipsoids-openmp","args":["1.dat","110.log","110.xoutput"],"id":61,"resource":"256","request_start":1576623367019,"request_end":1576623387322,"request_duration":20303,"type":"256"}
{"start":1576623367690,"end":1576623387298,"duration":19608,"downloading_duration":1230,"execution_duration":17680,"uploading_duration":698,"executable":"ellipsoids-openmp","args":["1.dat","129.log","129.xoutput"],"id":80,"resource":"256","request_start":1576623367038,"request_end":1576623387324,"request_duration":20286,"type":"256"}
{"start":1576623367743,"end":1576623387373,"duration":19630,"downloading_duration":1419,"execution_duration":17561,"uploading_duration":650,"executable":"ellipsoids-openmp","args":["1.dat","135.log","135.xoutput"],"id":86,"resource":"256","request_start":1576623367049,"request_end":1576623387399,"request_duration":20350,"type":"256"}
{"start":1576623367692,"end":1576623387432,"duration":19740,"downloading_duration":1302,"execution_duration":17819,"uploading_duration":619,"executable":"ellipsoids-openmp","args":["1.dat","131.log","131.xoutput"],"id":82,"resource":"256","request_start":1576623367044,"request_end":1576623387459,"request_duration":20415,"type":"256"}
{"start":1576623367770,"end":1576623387597,"duration":19827,"downloading_duration":1087,"execution_duration":17960,"uploading_duration":780,"executable":"ellipsoids-openmp","args":["1.dat","138.log","138.xoutput"],"id":89,"resource":"256","request_start":1576623367052,"request_end":1576623387619,"request_duration":20567,"type":"256"}
{"start":1576623385457,"end":1576623401360,"duration":15903,"downloading_duration":1065,"execution_duration":14240,"uploading_duration":598,"executable":"ellipsoids-openmp","args":["3.dat","35.log","35.xoutput"],"id":146,"resource":"256","request_start":1576623367135,"request_end":1576623401386,"request_duration":34251,"type":"256"}
{"start":1576623385947,"end":1576623404796,"duration":18849,"downloading_duration":1069,"execution_duration":17181,"uploading_duration":599,"executable":"ellipsoids-openmp","args":["3.dat","36.log","36.xoutput"],"id":147,"resource":"256","request_start":1576623367135,"request_end":1576623404823,"request_duration":37688,"type":"256"}
{"start":1576623386248,"end":1576623405371,"duration":19123,"downloading_duration":1104,"execution_duration":17422,"uploading_duration":597,"executable":"ellipsoids-openmp","args":["3.dat","37.log","37.xoutput"],"id":148,"resource":"256","request_start":1576623367136,"request_end":1576623405405,"request_duration":38269,"type":"256"}
{"start":1576623386480,"end":1576623405473,"duration":18993,"downloading_duration":1207,"execution_duration":17180,"uploading_duration":606,"executable":"ellipsoids-openmp","args":["3.dat","310.log","310.xoutput"],"id":151,"resource":"256","request_start":1576623367138,"request_end":1576623405547,"request_duration":38409,"type":"256"}
{"start":1576623386591,"end":1576623405760,"duration":19169,"downloading_duration":1388,"execution_duration":17160,"uploading_duration":621,"executable":"ellipsoids-openmp","args":["3.dat","313.log","313.xoutput"],"id":154,"resource":"256","request_start":1576623367139,"request_end":1576623405787,"request_duration":38648,"type":"256"}
{"start":1576623386828,"end":1576623405908,"duration":19080,"downloading_duration":1176,"execution_duration":17254,"uploading_duration":650,"executable":"ellipsoids-openmp","args":["3.dat","325.log","325.xoutput"],"id":166,"resource":"256","request_start":1576623367146,"request_end":1576623405932,"request_duration":38786,"type":"256"}
{"start":1576623386571,"end":1576623405909,"duration":19338,"downloading_duration":1136,"execution_duration":17581,"uploading_duration":621,"executable":"ellipsoids-openmp","args":["3.dat","312.log","312.xoutput"],"id":153,"resource":"256","request_start":1576623367139,"request_end":1576623405934,"request_duration":38795,"type":"256"}
{"start":1576623386268,"end":1576623405914,"duration":19646,"downloading_duration":1150,"execution_duration":17820,"uploading_duration":676,"executable":"ellipsoids-openmp","args":["3.dat","38.log","38.xoutput"],"id":149,"resource":"256","request_start":1576623367136,"request_end":1576623405937,"request_duration":38801,"type":"256"}
{"start":1576623386958,"end":1576623405933,"duration":18975,"downloading_duration":1259,"execution_duration":17100,"uploading_duration":616,"executable":"ellipsoids-openmp","args":["3.dat","334.log","334.xoutput"],"id":175,"resource":"256","request_start":1576623367152,"request_end":1576623405957,"request_duration":38805,"type":"256"}
{"start":1576623386998,"end":1576623405957,"duration":18959,"downloading_duration":1097,"execution_duration":17220,"uploading_duration":642,"executable":"ellipsoids-openmp","args":["3.dat","336.log","336.xoutput"],"id":177,"resource":"256","request_start":1576623367153,"request_end":1576623405982,"request_duration":38829,"type":"256"}
{"start":1576623386561,"end":1576623405976,"duration":19415,"downloading_duration":1103,"execution_duration":17700,"uploading_duration":612,"executable":"ellipsoids-openmp","args":["3.dat","311.log","311.xoutput"],"id":152,"resource":"256","request_start":1576623367138,"request_end":1576623405999,"request_duration":38861,"type":"256"}
{"start":1576623386360,"end":1576623406008,"duration":19648,"downloading_duration":1273,"execution_duration":17742,"uploading_duration":633,"executable":"ellipsoids-openmp","args":["3.dat","39.log","39.xoutput"],"id":150,"resource":"256","request_start":1576623367137,"request_end":1576623406034,"request_duration":38897,"type":"256"}
{"start":1576623386920,"end":1576623406100,"duration":19180,"downloading_duration":1126,"execution_duration":17379,"uploading_duration":675,"executable":"ellipsoids-openmp","args":["3.dat","326.log","326.xoutput"],"id":167,"resource":"256","request_start":1576623367147,"request_end":1576623406124,"request_duration":38977,"type":"256"}
{"start":1576623386769,"end":1576623406118,"duration":19349,"downloading_duration":1138,"execution_duration":17580,"uploading_duration":631,"executable":"ellipsoids-openmp","args":["3.dat","324.log","324.xoutput"],"id":165,"resource":"256","request_start":1576623367145,"request_end":1576623406141,"request_duration":38996,"type":"256"}
{"start":1576623386611,"end":1576623406166,"duration":19555,"downloading_duration":1173,"execution_duration":17720,"uploading_duration":662,"executable":"ellipsoids-openmp","args":["3.dat","314.log","314.xoutput"],"id":155,"resource":"256","request_start":1576623367140,"request_end":1576623406192,"request_duration":39052,"type":"256"}
{"start":1576623386626,"end":1576623406179,"duration":19553,"downloading_duration":1111,"execution_duration":17840,"uploading_duration":602,"executable":"ellipsoids-openmp","args":["3.dat","315.log","315.xoutput"],"id":156,"resource":"256","request_start":1576623367140,"request_end":1576623406202,"request_duration":39062,"type":"256"}
{"start":1576623386926,"end":1576623406226,"duration":19300,"downloading_duration":1122,"execution_duration":17540,"uploading_duration":638,"executable":"ellipsoids-openmp","args":["3.dat","330.log","330.xoutput"],"id":171,"resource":"256","request_start":1576623367149,"request_end":1576623406251,"request_duration":39102,"type":"256"}
{"start":1576623386687,"end":1576623406236,"duration":19549,"downloading_duration":1102,"execution_duration":17840,"uploading_duration":607,"executable":"ellipsoids-openmp","args":["3.dat","317.log","317.xoutput"],"id":158,"resource":"256","request_start":1576623367142,"request_end":1576623406261,"request_duration":39119,"type":"256"}
{"start":1576623386951,"end":1576623406238,"duration":19287,"downloading_duration":1216,"execution_duration":17481,"uploading_duration":590,"executable":"ellipsoids-openmp","args":["3.dat","333.log","333.xoutput"],"id":174,"resource":"256","request_start":1576623367151,"request_end":1576623406263,"request_duration":39112,"type":"256"}
{"start":1576623386672,"end":1576623406250,"duration":19578,"downloading_duration":1124,"execution_duration":17841,"uploading_duration":613,"executable":"ellipsoids-openmp","args":["3.dat","316.log","316.xoutput"],"id":157,"resource":"256","request_start":1576623367141,"request_end":1576623406275,"request_duration":39134,"type":"256"}
{"start":1576623387119,"end":1576623406258,"duration":19139,"downloading_duration":1259,"execution_duration":17282,"uploading_duration":598,"executable":"ellipsoids-openmp","args":["3.dat","344.log","344.xoutput"],"id":185,"resource":"256","request_start":1576623367157,"request_end":1576623406283,"request_duration":39126,"type":"256"}
{"start":1576623386708,"end":1576623406273,"duration":19565,"downloading_duration":1250,"execution_duration":17681,"uploading_duration":634,"executable":"ellipsoids-openmp","args":["3.dat","319.log","319.xoutput"],"id":160,"resource":"256","request_start":1576623367143,"request_end":1576623406297,"request_duration":39154,"type":"256"}
{"start":1576623386754,"end":1576623406313,"duration":19559,"downloading_duration":1167,"execution_duration":17722,"uploading_duration":670,"executable":"ellipsoids-openmp","args":["3.dat","322.log","322.xoutput"],"id":163,"resource":"256","request_start":1576623367144,"request_end":1576623406342,"request_duration":39198,"type":"256"}
{"start":1576623387099,"end":1576623406357,"duration":19258,"downloading_duration":1220,"execution_duration":17400,"uploading_duration":638,"executable":"ellipsoids-openmp","args":["3.dat","343.log","343.xoutput"],"id":184,"resource":"256","request_start":1576623367156,"request_end":1576623406382,"request_duration":39226,"type":"256"}
{"start":1576623386747,"end":1576623406374,"duration":19627,"downloading_duration":1104,"execution_duration":17900,"uploading_duration":623,"executable":"ellipsoids-openmp","args":["3.dat","321.log","321.xoutput"],"id":162,"resource":"256","request_start":1576623367144,"request_end":1576623406398,"request_duration":39254,"type":"256"}
{"start":1576623386978,"end":1576623406401,"duration":19423,"downloading_duration":1124,"execution_duration":17682,"uploading_duration":617,"executable":"ellipsoids-openmp","args":["3.dat","335.log","335.xoutput"],"id":176,"resource":"256","request_start":1576623367152,"request_end":1576623406424,"request_duration":39272,"type":"256"}
{"start":1576623386954,"end":1576623406455,"duration":19501,"downloading_duration":1105,"execution_duration":17781,"uploading_duration":615,"executable":"ellipsoids-openmp","args":["3.dat","332.log","332.xoutput"],"id":173,"resource":"256","request_start":1576623367150,"request_end":1576623406479,"request_duration":39329,"type":"256"}
{"start":1576623386928,"end":1576623406497,"duration":19569,"downloading_duration":1159,"execution_duration":17740,"uploading_duration":670,"executable":"ellipsoids-openmp","args":["3.dat","328.log","328.xoutput"],"id":169,"resource":"256","request_start":1576623367148,"request_end":1576623406522,"request_duration":39374,"type":"256"}
{"start":1576623386943,"end":1576623406516,"duration":19573,"downloading_duration":1160,"execution_duration":17781,"uploading_duration":632,"executable":"ellipsoids-openmp","args":["3.dat","331.log","331.xoutput"],"id":172,"resource":"256","request_start":1576623367150,"request_end":1576623406539,"request_duration":39389,"type":"256"}
{"start":1576623387013,"end":1576623406560,"duration":19547,"downloading_duration":1142,"execution_duration":17780,"uploading_duration":625,"executable":"ellipsoids-openmp","args":["3.dat","339.log","339.xoutput"],"id":180,"resource":"256","request_start":1576623367154,"request_end":1576623406584,"request_duration":39430,"type":"256"}
{"start":1576623386927,"end":1576623406585,"duration":19658,"downloading_duration":1062,"execution_duration":18001,"uploading_duration":595,"executable":"ellipsoids-openmp","args":["3.dat","329.log","329.xoutput"],"id":170,"resource":"256","request_start":1576623367149,"request_end":1576623406609,"request_duration":39460,"type":"256"}
{"start":1576623387042,"end":1576623406592,"duration":19550,"downloading_duration":1195,"execution_duration":17721,"uploading_duration":634,"executable":"ellipsoids-openmp","args":["3.dat","340.log","340.xoutput"],"id":181,"resource":"256","request_start":1576623367155,"request_end":1576623406618,"request_duration":39463,"type":"256"}
{"start":1576623386923,"end":1576623406642,"duration":19719,"downloading_duration":1240,"execution_duration":17861,"uploading_duration":618,"executable":"ellipsoids-openmp","args":["3.dat","327.log","327.xoutput"],"id":168,"resource":"256","request_start":1576623367147,"request_end":1576623406669,"request_duration":39522,"type":"256"}
{"start":1576623387235,"end":1576623406678,"duration":19443,"downloading_duration":1118,"execution_duration":17701,"uploading_duration":624,"executable":"ellipsoids-openmp","args":["2.dat","26.log","26.xoutput"],"id":102,"resource":"256","request_start":1576623367159,"request_end":1576623406701,"request_duration":39542,"type":"256"}
{"start":1576623387006,"end":1576623406688,"duration":19682,"downloading_duration":1100,"execution_duration":17961,"uploading_duration":621,"executable":"ellipsoids-openmp","args":["3.dat","337.log","337.xoutput"],"id":178,"resource":"256","request_start":1576623367153,"request_end":1576623406712,"request_duration":39559,"type":"256"}
{"start":1576623386735,"end":1576623406705,"duration":19970,"downloading_duration":1145,"execution_duration":18181,"uploading_duration":644,"executable":"ellipsoids-openmp","args":["3.dat","320.log","320.xoutput"],"id":161,"resource":"256","request_start":1576623367143,"request_end":1576623406732,"request_duration":39589,"type":"256"}
{"start":1576623386762,"end":1576623406787,"duration":20025,"downloading_duration":1096,"execution_duration":18000,"uploading_duration":929,"executable":"ellipsoids-openmp","args":["3.dat","323.log","323.xoutput"],"id":164,"resource":"256","request_start":1576623367145,"request_end":1576623406812,"request_duration":39667,"type":"256"}
{"start":1576623387072,"end":1576623406810,"duration":19738,"downloading_duration":1120,"execution_duration":18001,"uploading_duration":617,"executable":"ellipsoids-openmp","args":["3.dat","342.log","342.xoutput"],"id":183,"resource":"256","request_start":1576623367156,"request_end":1576623406838,"request_duration":39682,"type":"256"}
{"start":1576623387013,"end":1576623406838,"duration":19825,"downloading_duration":1125,"execution_duration":18102,"uploading_duration":598,"executable":"ellipsoids-openmp","args":["3.dat","338.log","338.xoutput"],"id":179,"resource":"256","request_start":1576623367154,"request_end":1576623406862,"request_duration":39708,"type":"256"}
{"start":1576623387061,"end":1576623406852,"duration":19791,"downloading_duration":1118,"execution_duration":18020,"uploading_duration":653,"executable":"ellipsoids-openmp","args":["3.dat","341.log","341.xoutput"],"id":182,"resource":"256","request_start":1576623367155,"request_end":1576623406880,"request_duration":39725,"type":"256"}
{"start":1576623386700,"end":1576623406961,"duration":20261,"downloading_duration":1568,"execution_duration":18080,"uploading_duration":613,"executable":"ellipsoids-openmp","args":["3.dat","318.log","318.xoutput"],"id":159,"resource":"256","request_start":1576623367142,"request_end":1576623406984,"request_duration":39842,"type":"256"}
{"start":1576623387331,"end":1576623407170,"duration":19839,"downloading_duration":1134,"execution_duration":18041,"uploading_duration":664,"executable":"ellipsoids-openmp","args":["2.dat","28.log","28.xoutput"],"id":104,"resource":"256","request_start":1576623367160,"request_end":1576623407195,"request_duration":40035,"type":"256"}
{"start":1576623387182,"end":1576623407265,"duration":20083,"downloading_duration":1293,"execution_duration":18102,"uploading_duration":688,"executable":"ellipsoids-openmp","args":["2.dat","24.log","24.xoutput"],"id":100,"resource":"256","request_start":1576623367157,"request_end":1576623407288,"request_duration":40131,"type":"256"}
{"start":1576623387229,"end":1576623407312,"duration":20083,"downloading_duration":1198,"execution_duration":18260,"uploading_duration":625,"executable":"ellipsoids-openmp","args":["2.dat","25.log","25.xoutput"],"id":101,"resource":"256","request_start":1576623367158,"request_end":1576623407339,"request_duration":40181,"type":"256"}
{"start":1576623387346,"end":1576623407364,"duration":20018,"downloading_duration":1161,"execution_duration":18221,"uploading_duration":636,"executable":"ellipsoids-openmp","args":["2.dat","210.log","210.xoutput"],"id":106,"resource":"256","request_start":1576623367161,"request_end":1576623407479,"request_duration":40318,"type":"256"}
{"start":1576623387343,"end":1576623407413,"duration":20070,"downloading_duration":1180,"execution_duration":18240,"uploading_duration":650,"executable":"ellipsoids-openmp","args":["2.dat","29.log","29.xoutput"],"id":105,"resource":"256","request_start":1576623367160,"request_end":1576623407481,"request_duration":40321,"type":"256"}
{"start":1576623387324,"end":1576623407425,"duration":20101,"downloading_duration":1156,"execution_duration":18320,"uploading_duration":625,"executable":"ellipsoids-openmp","args":["2.dat","27.log","27.xoutput"],"id":103,"resource":"256","request_start":1576623367159,"request_end":1576623407485,"request_duration":40326,"type":"256"}
{"start":1576623387480,"end":1576623407454,"duration":19974,"downloading_duration":1152,"execution_duration":18201,"uploading_duration":621,"executable":"ellipsoids-openmp","args":["2.dat","212.log","212.xoutput"],"id":108,"resource":"256","request_start":1576623367162,"request_end":1576623407488,"request_duration":40326,"type":"256"}
{"start":1576623387647,"end":1576623407611,"duration":19964,"downloading_duration":1091,"execution_duration":18259,"uploading_duration":614,"executable":"ellipsoids-openmp","args":["2.dat","213.log","213.xoutput"],"id":109,"resource":"256","request_start":1576623367164,"request_end":1576623407635,"request_duration":40471,"type":"256"}
{"start":1576623387424,"end":1576623407992,"duration":20568,"downloading_duration":1118,"execution_duration":18801,"uploading_duration":649,"executable":"ellipsoids-openmp","args":["2.dat","211.log","211.xoutput"],"id":107,"resource":"256","request_start":1576623367162,"request_end":1576623408014,"request_duration":40852,"type":"256"}
{"start":1576623401417,"end":1576623417840,"duration":16423,"downloading_duration":1105,"execution_duration":14700,"uploading_duration":618,"executable":"ellipsoids-openmp","args":["2.dat","214.log","214.xoutput"],"id":110,"resource":"256","request_start":1576623367165,"request_end":1576623417864,"request_duration":50699,"type":"256"}
{"start":1576623404846,"end":1576623425371,"duration":20525,"downloading_duration":1111,"execution_duration":18820,"uploading_duration":594,"executable":"ellipsoids-openmp","args":["2.dat","215.log","215.xoutput"],"id":111,"resource":"256","request_start":1576623367165,"request_end":1576623425397,"request_duration":58232,"type":"256"}
{"start":1576623405955,"end":1576623425657,"duration":19702,"downloading_duration":1122,"execution_duration":17980,"uploading_duration":600,"executable":"ellipsoids-openmp","args":["2.dat","219.log","219.xoutput"],"id":115,"resource":"256","request_start":1576623367172,"request_end":1576623425687,"request_duration":58515,"type":"256"}
{"start":1576623406004,"end":1576623425661,"duration":19657,"downloading_duration":1100,"execution_duration":17960,"uploading_duration":597,"executable":"ellipsoids-openmp","args":["2.dat","223.log","223.xoutput"],"id":119,"resource":"256","request_start":1576623367174,"request_end":1576623425688,"request_duration":58514,"type":"256"}
{"start":1576623405960,"end":1576623425707,"duration":19747,"downloading_duration":1118,"execution_duration":18000,"uploading_duration":629,"executable":"ellipsoids-openmp","args":["2.dat","220.log","220.xoutput"],"id":116,"resource":"256","request_start":1576623367172,"request_end":1576623425732,"request_duration":58560,"type":"256"}
{"start":1576623406021,"end":1576623425901,"duration":19880,"downloading_duration":1112,"execution_duration":18101,"uploading_duration":667,"executable":"ellipsoids-openmp","args":["2.dat","224.log","224.xoutput"],"id":120,"resource":"256","request_start":1576623367174,"request_end":1576623425929,"request_duration":58755,"type":"256"}
{"start":1576623406240,"end":1576623425941,"duration":19701,"downloading_duration":1088,"execution_duration":17980,"uploading_duration":633,"executable":"ellipsoids-openmp","args":["2.dat","229.log","229.xoutput"],"id":125,"resource":"256","request_start":1576623367177,"request_end":1576623425964,"request_duration":58787,"type":"256"}
{"start":1576623405989,"end":1576623426001,"duration":20012,"downloading_duration":1246,"execution_duration":17983,"uploading_duration":783,"executable":"ellipsoids-openmp","args":["2.dat","222.log","222.xoutput"],"id":118,"resource":"256","request_start":1576623367173,"request_end":1576623426024,"request_duration":58851,"type":"256"}
{"start":1576623406056,"end":1576623426021,"duration":19965,"downloading_duration":1120,"execution_duration":18200,"uploading_duration":645,"executable":"ellipsoids-openmp","args":["2.dat","225.log","225.xoutput"],"id":121,"resource":"256","request_start":1576623367175,"request_end":1576623426044,"request_duration":58869,"type":"256"}
{"start":1576623406323,"end":1576623426054,"duration":19731,"downloading_duration":1138,"execution_duration":17961,"uploading_duration":632,"executable":"ellipsoids-openmp","args":["2.dat","235.log","235.xoutput"],"id":131,"resource":"256","request_start":1576623367180,"request_end":1576623426079,"request_duration":58899,"type":"256"}
{"start":1576623406427,"end":1576623426081,"duration":19654,"downloading_duration":1175,"execution_duration":17820,"uploading_duration":659,"executable":"ellipsoids-openmp","args":["2.dat","238.log","238.xoutput"],"id":134,"resource":"256","request_start":1576623367181,"request_end":1576623426109,"request_duration":58928,"type":"256"}
{"start":1576623406296,"end":1576623426170,"duration":19874,"downloading_duration":1120,"execution_duration":18141,"uploading_duration":613,"executable":"ellipsoids-openmp","args":["2.dat","232.log","232.xoutput"],"id":128,"resource":"256","request_start":1576623367178,"request_end":1576623426193,"request_duration":59015,"type":"256"}
{"start":1576623406305,"end":1576623426175,"duration":19870,"downloading_duration":1104,"execution_duration":18120,"uploading_duration":646,"executable":"ellipsoids-openmp","args":["2.dat","234.log","234.xoutput"],"id":130,"resource":"256","request_start":1576623367179,"request_end":1576623426198,"request_duration":59019,"type":"256"}
{"start":1576623405959,"end":1576623426192,"duration":20233,"downloading_duration":1169,"execution_duration":18420,"uploading_duration":644,"executable":"ellipsoids-openmp","args":["2.dat","221.log","221.xoutput"],"id":117,"resource":"256","request_start":1576623367173,"request_end":1576623426219,"request_duration":59046,"type":"256"}
{"start":1576623406231,"end":1576623426223,"duration":19992,"downloading_duration":1226,"execution_duration":18142,"uploading_duration":624,"executable":"ellipsoids-openmp","args":["2.dat","228.log","228.xoutput"],"id":124,"resource":"256","request_start":1576623367176,"request_end":1576623426247,"request_duration":59071,"type":"256"}
{"start":1576623406164,"end":1576623426232,"duration":20068,"downloading_duration":1301,"execution_duration":18160,"uploading_duration":607,"executable":"ellipsoids-openmp","args":["2.dat","227.log","227.xoutput"],"id":123,"resource":"256","request_start":1576623367176,"request_end":1576623426254,"request_duration":59078,"type":"256"}
{"start":1576623406501,"end":1576623426266,"duration":19765,"downloading_duration":1118,"execution_duration":18000,"uploading_duration":647,"executable":"ellipsoids-openmp","args":["2.dat","240.log","240.xoutput"],"id":136,"resource":"256","request_start":1576623367182,"request_end":1576623426289,"request_duration":59107,"type":"256"}
{"start":1576623406149,"end":1576623426287,"duration":20138,"downloading_duration":1098,"execution_duration":18441,"uploading_duration":599,"executable":"ellipsoids-openmp","args":["2.dat","226.log","226.xoutput"],"id":122,"resource":"256","request_start":1576623367175,"request_end":1576623426310,"request_duration":59135,"type":"256"}
{"start":1576623406368,"end":1576623426294,"duration":19926,"downloading_duration":1171,"execution_duration":18120,"uploading_duration":635,"executable":"ellipsoids-openmp","args":["2.dat","236.log","236.xoutput"],"id":132,"resource":"256","request_start":1576623367180,"request_end":1576623426319,"request_duration":59139,"type":"256"}
{"start":1576623406546,"end":1576623426352,"duration":19806,"downloading_duration":1097,"execution_duration":18041,"uploading_duration":668,"executable":"ellipsoids-openmp","args":["2.dat","241.log","241.xoutput"],"id":137,"resource":"256","request_start":1576623367183,"request_end":1576623426376,"request_duration":59193,"type":"256"}
{"start":1576623405572,"end":1576623426354,"duration":20782,"downloading_duration":1134,"execution_duration":19001,"uploading_duration":647,"executable":"ellipsoids-openmp","args":["2.dat","217.log","217.xoutput"],"id":113,"resource":"256","request_start":1576623367170,"request_end":1576623426377,"request_duration":59207,"type":"256"}
{"start":1576623406565,"end":1576623426448,"duration":19883,"downloading_duration":1130,"execution_duration":18040,"uploading_duration":713,"executable":"ellipsoids-openmp","args":["2.dat","242.log","242.xoutput"],"id":138,"resource":"256","request_start":1576623367183,"request_end":1576623426471,"request_duration":59288,"type":"256"}
{"start":1576623406302,"end":1576623426473,"duration":20171,"downloading_duration":1226,"execution_duration":18161,"uploading_duration":784,"executable":"ellipsoids-openmp","args":["2.dat","233.log","233.xoutput"],"id":129,"resource":"256","request_start":1576623367179,"request_end":1576623426498,"request_duration":59319,"type":"256"}
{"start":1576623406282,"end":1576623426486,"duration":20204,"downloading_duration":1138,"execution_duration":18082,"uploading_duration":984,"executable":"ellipsoids-openmp","args":["2.dat","231.log","231.xoutput"],"id":127,"resource":"256","request_start":1576623367178,"request_end":1576623426511,"request_duration":59333,"type":"256"}
{"start":1576623406755,"end":1576623426505,"duration":19750,"downloading_duration":1152,"execution_duration":17960,"uploading_duration":638,"executable":"ellipsoids-openmp","args":["0.dat","04.log","04.xoutput"],"id":10,"resource":"256","request_start":1576623367233,"request_end":1576623426529,"request_duration":59296,"type":"256"}
{"start":1576623406648,"end":1576623426512,"duration":19864,"downloading_duration":1155,"execution_duration":18060,"uploading_duration":649,"executable":"ellipsoids-openmp","args":["2.dat","20.log","20.xoutput"],"id":96,"resource":"256","request_start":1576623367185,"request_end":1576623426538,"request_duration":59353,"type":"256"}
{"start":1576623406603,"end":1576623426539,"duration":19936,"downloading_duration":1155,"execution_duration":18160,"uploading_duration":621,"executable":"ellipsoids-openmp","args":["2.dat","243.log","243.xoutput"],"id":139,"resource":"256","request_start":1576623367184,"request_end":1576623426568,"request_duration":59384,"type":"256"}
{"start":1576623406725,"end":1576623426605,"duration":19880,"downloading_duration":1015,"execution_duration":18261,"uploading_duration":604,"executable":"ellipsoids-openmp","args":["2.dat","22.log","22.xoutput"],"id":98,"resource":"256","request_start":1576623367186,"request_end":1576623426631,"request_duration":59445,"type":"256"}
{"start":1576623405427,"end":1576623426647,"duration":21220,"downloading_duration":1265,"execution_duration":19283,"uploading_duration":672,"executable":"ellipsoids-openmp","args":["2.dat","216.log","216.xoutput"],"id":112,"resource":"256","request_start":1576623367166,"request_end":1576623426670,"request_duration":59504,"type":"256"}
{"start":1576623406279,"end":1576623426653,"duration":20374,"downloading_duration":1159,"execution_duration":18560,"uploading_duration":655,"executable":"ellipsoids-openmp","args":["2.dat","230.log","230.xoutput"],"id":126,"resource":"256","request_start":1576623367177,"request_end":1576623426678,"request_duration":59501,"type":"256"}
{"start":1576623406403,"end":1576623426691,"duration":20288,"downloading_duration":1108,"execution_duration":18561,"uploading_duration":619,"executable":"ellipsoids-openmp","args":["2.dat","237.log","237.xoutput"],"id":133,"resource":"256","request_start":1576623367181,"request_end":1576623426713,"request_duration":59532,"type":"256"}
{"start":1576623406835,"end":1576623426857,"duration":20022,"downloading_duration":1156,"execution_duration":18221,"uploading_duration":645,"executable":"ellipsoids-openmp","args":["0.dat","05.log","05.xoutput"],"id":11,"resource":"256","request_start":1576623367234,"request_end":1576623426892,"request_duration":59658,"type":"256"}
{"start":1576623406886,"end":1576623426925,"duration":20039,"downloading_duration":1033,"execution_duration":18340,"uploading_duration":666,"executable":"ellipsoids-openmp","args":["0.dat","07.log","07.xoutput"],"id":13,"resource":"256","request_start":1576623367235,"request_end":1576623426950,"request_duration":59715,"type":"256"}
{"start":1576623406690,"end":1576623427062,"duration":20372,"downloading_duration":1143,"execution_duration":18561,"uploading_duration":668,"executable":"ellipsoids-openmp","args":["2.dat","21.log","21.xoutput"],"id":97,"resource":"256","request_start":1576623367185,"request_end":1576623427088,"request_duration":59903,"type":"256"}
{"start":1576623406734,"end":1576623427155,"duration":20421,"downloading_duration":1152,"execution_duration":18600,"uploading_duration":669,"executable":"ellipsoids-openmp","args":["2.dat","23.log","23.xoutput"],"id":99,"resource":"256","request_start":1576623367186,"request_end":1576623427182,"request_duration":59996,"type":"256"}
{"start":1576623406634,"end":1576623427182,"duration":20548,"downloading_duration":1075,"execution_duration":18821,"uploading_duration":652,"executable":"ellipsoids-openmp","args":["2.dat","244.log","244.xoutput"],"id":140,"resource":"256","request_start":1576623367184,"request_end":1576623427243,"request_duration":60059,"type":"256"}
{"start":1576623407003,"end":1576623427813,"duration":20810,"downloading_duration":1085,"execution_duration":19080,"uploading_duration":645,"executable":"ellipsoids-openmp","args":["0.dat","09.log","09.xoutput"],"id":15,"resource":"256","request_start":1576623367236,"request_end":1576623427840,"request_duration":60604,"type":"256"}
{"start":1576623406860,"end":1576623427840,"duration":20980,"downloading_duration":1140,"execution_duration":19259,"uploading_duration":581,"executable":"ellipsoids-openmp","args":["0.dat","06.log","06.xoutput"],"id":12,"resource":"256","request_start":1576623367234,"request_end":1576623427864,"request_duration":60630,"type":"256"}
{"start":1576623408039,"end":1576623427842,"duration":19803,"downloading_duration":1104,"execution_duration":18100,"uploading_duration":599,"executable":"ellipsoids-openmp","args":["0.dat","018.log","018.xoutput"],"id":24,"resource":"256","request_start":1576623367241,"request_end":1576623427870,"request_duration":60629,"type":"256"}
{"start":1576623406904,"end":1576623427862,"duration":20958,"downloading_duration":1154,"execution_duration":19201,"uploading_duration":603,"executable":"ellipsoids-openmp","args":["0.dat","08.log","08.xoutput"],"id":14,"resource":"256","request_start":1576623367235,"request_end":1576623427885,"request_duration":60650,"type":"256"}
{"start":1576623405810,"end":1576623428083,"duration":22273,"downloading_duration":1091,"execution_duration":19459,"uploading_duration":1723,"executable":"ellipsoids-openmp","args":["2.dat","218.log","218.xoutput"],"id":114,"resource":"256","request_start":1576623367171,"request_end":1576623428108,"request_duration":60937,"type":"256"}
{"start":1576623407513,"end":1576623428371,"duration":20858,"downloading_duration":1235,"execution_duration":18980,"uploading_duration":643,"executable":"ellipsoids-openmp","args":["0.dat","015.log","015.xoutput"],"id":21,"resource":"256","request_start":1576623367239,"request_end":1576623428394,"request_duration":61155,"type":"256"}
{"start":1576623407512,"end":1576623428394,"duration":20882,"downloading_duration":1111,"execution_duration":19140,"uploading_duration":631,"executable":"ellipsoids-openmp","args":["0.dat","014.log","014.xoutput"],"id":20,"resource":"256","request_start":1576623367238,"request_end":1576623428418,"request_duration":61180,"type":"256"}
{"start":1576623407312,"end":1576623428429,"duration":21117,"downloading_duration":1203,"execution_duration":19260,"uploading_duration":654,"executable":"ellipsoids-openmp","args":["0.dat","011.log","011.xoutput"],"id":17,"resource":"256","request_start":1576623367237,"request_end":1576623428473,"request_duration":61236,"type":"256"}
{"start":1576623407363,"end":1576623428470,"duration":21107,"downloading_duration":1124,"execution_duration":19301,"uploading_duration":682,"executable":"ellipsoids-openmp","args":["0.dat","012.log","012.xoutput"],"id":18,"resource":"256","request_start":1576623367237,"request_end":1576623428494,"request_duration":61257,"type":"256"}
{"start":1576623407504,"end":1576623428550,"duration":21046,"downloading_duration":1169,"execution_duration":19261,"uploading_duration":616,"executable":"ellipsoids-openmp","args":["0.dat","013.log","013.xoutput"],"id":19,"resource":"256","request_start":1576623367238,"request_end":1576623428572,"request_duration":61334,"type":"256"}
{"start":1576623407218,"end":1576623428599,"duration":21381,"downloading_duration":1126,"execution_duration":19640,"uploading_duration":615,"executable":"ellipsoids-openmp","args":["0.dat","010.log","010.xoutput"],"id":16,"resource":"256","request_start":1576623367236,"request_end":1576623428623,"request_duration":61387,"type":"256"}
{"start":1576623407655,"end":1576623428624,"duration":20969,"downloading_duration":1101,"execution_duration":19241,"uploading_duration":627,"executable":"ellipsoids-openmp","args":["0.dat","017.log","017.xoutput"],"id":23,"resource":"256","request_start":1576623367240,"request_end":1576623428648,"request_duration":61408,"type":"256"}
{"start":1576623407518,"end":1576623428731,"duration":21213,"downloading_duration":1142,"execution_duration":19401,"uploading_duration":670,"executable":"ellipsoids-openmp","args":["0.dat","016.log","016.xoutput"],"id":22,"resource":"256","request_start":1576623367240,"request_end":1576623428754,"request_duration":61514,"type":"256"}
{"start":1576623426740,"end":1576623429526,"duration":2786,"downloading_duration":2273,"execution_duration":22,"uploading_duration":491,"executable":"mean-pack-ell","args":["10.xoutput","11.xoutput","12.xoutput","13.xoutput","14.xoutput","15.xoutput","16.xoutput","17.xoutput","18.xoutput","19.xoutput","110.xoutput","111.xoutput","112.xoutput","113.xoutput","114.xoutput","115.xoutput","116.xoutput","117.xoutput","118.xoutput","119.xoutput","120.xoutput","121.xoutput","122.xoutput","123.xoutput","124.xoutput","125.xoutput","126.xoutput","127.xoutput","128.xoutput","129.xoutput","130.xoutput","131.xoutput","132.xoutput","133.xoutput","134.xoutput","135.xoutput","136.xoutput","137.xoutput","138.xoutput","139.xoutput","140.xoutput","141.xoutput","142.xoutput","143.xoutput","144.xoutput","average_1.txt"],"id":187,"resource":"256","request_start":1576623387635,"request_end":1576623429552,"request_duration":41917,"type":"256"}
{"start":1576623426920,"end":1576623429874,"duration":2954,"downloading_duration":2352,"execution_duration":40,"uploading_duration":562,"executable":"mean-pack-ell","args":["30.xoutput","31.xoutput","32.xoutput","33.xoutput","34.xoutput","35.xoutput","36.xoutput","37.xoutput","38.xoutput","39.xoutput","310.xoutput","311.xoutput","312.xoutput","313.xoutput","314.xoutput","315.xoutput","316.xoutput","317.xoutput","318.xoutput","319.xoutput","320.xoutput","321.xoutput","322.xoutput","323.xoutput","324.xoutput","325.xoutput","326.xoutput","327.xoutput","328.xoutput","329.xoutput","330.xoutput","331.xoutput","332.xoutput","333.xoutput","334.xoutput","335.xoutput","336.xoutput","337.xoutput","338.xoutput","339.xoutput","340.xoutput","341.xoutput","342.xoutput","343.xoutput","344.xoutput","average_3.txt"],"id":189,"resource":"256","request_start":1576623407000,"request_end":1576623429899,"request_duration":22899,"type":"256"}
{"start":1576623406447,"end":1576623431989,"duration":25542,"downloading_duration":7657,"execution_duration":17280,"uploading_duration":605,"executable":"ellipsoids-openmp","args":["2.dat","239.log","239.xoutput"],"id":135,"resource":"256","request_start":1576623367182,"request_end":1576623432014,"request_duration":64832,"type":"256"}
{"start":1576623417887,"end":1576623433101,"duration":15214,"downloading_duration":1115,"execution_duration":13501,"uploading_duration":598,"executable":"ellipsoids-openmp","args":["0.dat","019.log","019.xoutput"],"id":25,"resource":"256","request_start":1576623367241,"request_end":1576623433124,"request_duration":65883,"type":"256"}
{"start":1576623432237,"end":1576623435149,"duration":2912,"downloading_duration":2488,"execution_duration":39,"uploading_duration":385,"executable":"mean-pack-ell","args":["20.xoutput","21.xoutput","22.xoutput","23.xoutput","24.xoutput","25.xoutput","26.xoutput","27.xoutput","28.xoutput","29.xoutput","210.xoutput","211.xoutput","212.xoutput","213.xoutput","214.xoutput","215.xoutput","216.xoutput","217.xoutput","218.xoutput","219.xoutput","220.xoutput","221.xoutput","222.xoutput","223.xoutput","224.xoutput","225.xoutput","226.xoutput","227.xoutput","228.xoutput","229.xoutput","230.xoutput","231.xoutput","232.xoutput","233.xoutput","234.xoutput","235.xoutput","236.xoutput","237.xoutput","238.xoutput","239.xoutput","240.xoutput","241.xoutput","242.xoutput","243.xoutput","244.xoutput","average_2.txt"],"id":188,"resource":"256","request_start":1576623432031,"request_end":1576623435176,"request_duration":3145,"type":"256"}
{"start":1576623426064,"end":1576623445640,"duration":19576,"downloading_duration":1058,"execution_duration":17899,"uploading_duration":619,"executable":"ellipsoids-openmp","args":["0.dat","027.log","027.xoutput"],"id":33,"resource":"256","request_start":1576623367245,"request_end":1576623445665,"request_duration":78420,"type":"256"}
{"start":1576623426562,"end":1576623445768,"duration":19206,"downloading_duration":1065,"execution_duration":17522,"uploading_duration":619,"executable":"ellipsoids-openmp","args":["0.dat","044.log","044.xoutput"],"id":50,"resource":"256","request_start":1576623367255,"request_end":1576623445792,"request_duration":78537,"type":"256"}
{"start":1576623426271,"end":1576623445804,"duration":19533,"downloading_duration":1178,"execution_duration":17760,"uploading_duration":595,"executable":"ellipsoids-openmp","args":["0.dat","033.log","033.xoutput"],"id":39,"resource":"256","request_start":1576623367249,"request_end":1576623445829,"request_duration":78580,"type":"256"}
{"start":1576623426224,"end":1576623445856,"duration":19632,"downloading_duration":1144,"execution_duration":17840,"uploading_duration":648,"executable":"ellipsoids-openmp","args":["0.dat","030.log","030.xoutput"],"id":36,"resource":"256","request_start":1576623367247,"request_end":1576623445879,"request_duration":78632,"type":"256"}
{"start":1576623426332,"end":1576623445865,"duration":19533,"downloading_duration":1195,"execution_duration":17720,"uploading_duration":618,"executable":"ellipsoids-openmp","args":["0.dat","036.log","036.xoutput"],"id":42,"resource":"256","request_start":1576623367250,"request_end":1576623445889,"request_duration":78639,"type":"256"}
{"start":1576623425953,"end":1576623445867,"duration":19914,"downloading_duration":1155,"execution_duration":17900,"uploading_duration":859,"executable":"ellipsoids-openmp","args":["0.dat","024.log","024.xoutput"],"id":30,"resource":"256","request_start":1576623367244,"request_end":1576623445894,"request_duration":78650,"type":"256"}
{"start":1576623426276,"end":1576623445884,"duration":19608,"downloading_duration":1123,"execution_duration":17900,"uploading_duration":585,"executable":"ellipsoids-openmp","args":["0.dat","034.log","034.xoutput"],"id":40,"resource":"256","request_start":1576623367249,"request_end":1576623445909,"request_duration":78660,"type":"256"}
{"start":1576623426049,"end":1576623445909,"duration":19860,"downloading_duration":1147,"execution_duration":18082,"uploading_duration":631,"executable":"ellipsoids-openmp","args":["0.dat","026.log","026.xoutput"],"id":32,"resource":"256","request_start":1576623367245,"request_end":1576623445933,"request_duration":78688,"type":"256"}
{"start":1576623426242,"end":1576623445949,"duration":19707,"downloading_duration":1103,"execution_duration":18000,"uploading_duration":604,"executable":"ellipsoids-openmp","args":["0.dat","032.log","032.xoutput"],"id":38,"resource":"256","request_start":1576623367248,"request_end":1576623445973,"request_duration":78725,"type":"256"}
{"start":1576623426402,"end":1576623446007,"duration":19605,"downloading_duration":1101,"execution_duration":17860,"uploading_duration":644,"executable":"ellipsoids-openmp","args":["0.dat","039.log","039.xoutput"],"id":45,"resource":"256","request_start":1576623367252,"request_end":1576623446031,"request_duration":78779,"type":"256"}
{"start":1576623425983,"end":1576623446008,"duration":20025,"downloading_duration":1071,"execution_duration":18360,"uploading_duration":594,"executable":"ellipsoids-openmp","args":["0.dat","025.log","025.xoutput"],"id":31,"resource":"256","request_start":1576623367244,"request_end":1576623446034,"request_duration":78790,"type":"256"}
{"start":1576623426131,"end":1576623446057,"duration":19926,"downloading_duration":1024,"execution_duration":18141,"uploading_duration":761,"executable":"ellipsoids-openmp","args":["0.dat","029.log","029.xoutput"],"id":35,"resource":"256","request_start":1576623367246,"request_end":1576623446081,"request_duration":78835,"type":"256"}
{"start":1576623426343,"end":1576623446074,"duration":19731,"downloading_duration":1113,"execution_duration":17902,"uploading_duration":716,"executable":"ellipsoids-openmp","args":["0.dat","037.log","037.xoutput"],"id":43,"resource":"256","request_start":1576623367251,"request_end":1576623446099,"request_duration":78848,"type":"256"}
{"start":1576623425429,"end":1576623446134,"duration":20705,"downloading_duration":1127,"execution_duration":18921,"uploading_duration":657,"executable":"ellipsoids-openmp","args":["0.dat","020.log","020.xoutput"],"id":26,"resource":"256","request_start":1576623367242,"request_end":1576623446156,"request_duration":78914,"type":"256"}
{"start":1576623426101,"end":1576623446154,"duration":20053,"downloading_duration":1082,"execution_duration":18319,"uploading_duration":652,"executable":"ellipsoids-openmp","args":["0.dat","028.log","028.xoutput"],"id":34,"resource":"256","request_start":1576623367246,"request_end":1576623446178,"request_duration":78932,"type":"256"}
{"start":1576623426229,"end":1576623446160,"duration":19931,"downloading_duration":1088,"execution_duration":18240,"uploading_duration":603,"executable":"ellipsoids-openmp","args":["0.dat","031.log","031.xoutput"],"id":37,"resource":"256","request_start":1576623367247,"request_end":1576623446187,"request_duration":78940,"type":"256"}
{"start":1576623426534,"end":1576623446170,"duration":19636,"downloading_duration":1113,"execution_duration":17920,"uploading_duration":603,"executable":"ellipsoids-openmp","args":["0.dat","042.log","042.xoutput"],"id":48,"resource":"256","request_start":1576623367254,"request_end":1576623446193,"request_duration":78939,"type":"256"}
{"start":1576623426311,"end":1576623446223,"duration":19912,"downloading_duration":1128,"execution_duration":18101,"uploading_duration":683,"executable":"ellipsoids-openmp","args":["0.dat","035.log","035.xoutput"],"id":41,"resource":"256","request_start":1576623367250,"request_end":1576623446248,"request_duration":78998,"type":"256"}
{"start":1576623426492,"end":1576623446230,"duration":19738,"downloading_duration":1208,"execution_duration":17940,"uploading_duration":590,"executable":"ellipsoids-openmp","args":["0.dat","040.log","040.xoutput"],"id":46,"resource":"256","request_start":1576623367252,"request_end":1576623446255,"request_duration":79003,"type":"256"}
{"start":1576623426591,"end":1576623446238,"duration":19647,"downloading_duration":1124,"execution_duration":17881,"uploading_duration":642,"executable":"ellipsoids-openmp","args":["0.dat","00.log","00.xoutput"],"id":6,"resource":"256","request_start":1576623367255,"request_end":1576623446265,"request_duration":79010,"type":"256"}
{"start":1576623426702,"end":1576623446257,"duration":19555,"downloading_duration":1109,"execution_duration":17841,"uploading_duration":605,"executable":"ellipsoids-openmp","args":["0.dat","03.log","03.xoutput"],"id":9,"resource":"256","request_start":1576623367267,"request_end":1576623446280,"request_duration":79013,"type":"256"}
{"start":1576623425715,"end":1576623446413,"duration":20698,"downloading_duration":1109,"execution_duration":18922,"uploading_duration":667,"executable":"ellipsoids-openmp","args":["0.dat","022.log","022.xoutput"],"id":28,"resource":"256","request_start":1576623367243,"request_end":1576623446438,"request_duration":79195,"type":"256"}
{"start":1576623425714,"end":1576623446558,"duration":20844,"downloading_duration":1224,"execution_duration":19000,"uploading_duration":620,"executable":"ellipsoids-openmp","args":["0.dat","021.log","021.xoutput"],"id":27,"resource":"256","request_start":1576623367242,"request_end":1576623446581,"request_duration":79339,"type":"256"}
{"start":1576623425755,"end":1576623446606,"duration":20851,"downloading_duration":1161,"execution_duration":18901,"uploading_duration":789,"executable":"ellipsoids-openmp","args":["0.dat","023.log","023.xoutput"],"id":29,"resource":"256","request_start":1576623367243,"request_end":1576623446631,"request_duration":79388,"type":"256"}
{"start":1576623426396,"end":1576623446657,"duration":20261,"downloading_duration":1171,"execution_duration":18420,"uploading_duration":670,"executable":"ellipsoids-openmp","args":["0.dat","038.log","038.xoutput"],"id":44,"resource":"256","request_start":1576623367251,"request_end":1576623446681,"request_duration":79430,"type":"256"}
{"start":1576623426694,"end":1576623446726,"duration":20032,"downloading_duration":1124,"execution_duration":18121,"uploading_duration":787,"executable":"ellipsoids-openmp","args":["0.dat","02.log","02.xoutput"],"id":8,"resource":"256","request_start":1576623367261,"request_end":1576623446748,"request_duration":79487,"type":"256"}
{"start":1576623426522,"end":1576623446753,"duration":20231,"downloading_duration":1081,"execution_duration":18522,"uploading_duration":628,"executable":"ellipsoids-openmp","args":["0.dat","041.log","041.xoutput"],"id":47,"resource":"256","request_start":1576623367253,"request_end":1576623446778,"request_duration":79525,"type":"256"}
{"start":1576623426554,"end":1576623446848,"duration":20294,"downloading_duration":1144,"execution_duration":18500,"uploading_duration":650,"executable":"ellipsoids-openmp","args":["0.dat","043.log","043.xoutput"],"id":49,"resource":"256","request_start":1576623367254,"request_end":1576623446874,"request_duration":79620,"type":"256"}
{"start":1576623426650,"end":1576623447199,"duration":20549,"downloading_duration":1150,"execution_duration":18721,"uploading_duration":678,"executable":"ellipsoids-openmp","args":["0.dat","01.log","01.xoutput"],"id":7,"resource":"256","request_start":1576623367257,"request_end":1576623447223,"request_duration":79966,"type":"256"}
{"start":1576623447402,"end":1576623450196,"duration":2794,"downloading_duration":2379,"execution_duration":21,"uploading_duration":394,"executable":"mean-pack-ell","args":["00.xoutput","01.xoutput","02.xoutput","03.xoutput","04.xoutput","05.xoutput","06.xoutput","07.xoutput","08.xoutput","09.xoutput","010.xoutput","011.xoutput","012.xoutput","013.xoutput","014.xoutput","015.xoutput","016.xoutput","017.xoutput","018.xoutput","019.xoutput","020.xoutput","021.xoutput","022.xoutput","023.xoutput","024.xoutput","025.xoutput","026.xoutput","027.xoutput","028.xoutput","029.xoutput","030.xoutput","031.xoutput","032.xoutput","033.xoutput","034.xoutput","035.xoutput","036.xoutput","037.xoutput","038.xoutput","039.xoutput","040.xoutput","041.xoutput","042.xoutput","043.xoutput","044.xoutput","average_0.txt"],"id":186,"resource":"256","request_start":1576623447225,"request_end":1576623450220,"request_duration":2995,"type":"256"}
{"start":1576623450335,"end":1576623451822,"duration":1487,"downloading_duration":539,"execution_duration":528,"uploading_duration":420,"executable":"summary.js","args":[],"id":190,"resource":"256","request_start":1576623450221,"request_end":1576623451850,"request_duration":1629,"type":"256"}
