{"start":1576623540189,"end":1576623541530,"duration":1341,"downloading_duration":388,"execution_duration":509,"uploading_duration":444,"executable":"generateData.js","args":[],"id":1,"resource":"256","request_start":1576623540012,"request_end":1576623541581,"request_duration":1569,"type":"256"}
{"start":1576623541699,"end":1576623543043,"duration":1344,"downloading_duration":372,"execution_duration":494,"uploading_duration":478,"executable":"createDat.js","args":["0.dat"],"id":2,"resource":"256","request_start":1576623541596,"request_end":1576623543071,"request_duration":1475,"type":"256"}
{"start":1576623541712,"end":1576623543162,"duration":1450,"downloading_duration":512,"execution_duration":497,"uploading_duration":441,"executable":"createDat.js","args":["2.dat"],"id":4,"resource":"256","request_start":1576623541604,"request_end":1576623543205,"request_duration":1601,"type":"256"}
{"start":1576623541720,"end":1576623543195,"duration":1475,"downloading_duration":504,"execution_duration":542,"uploading_duration":429,"executable":"createDat.js","args":["1.dat"],"id":3,"resource":"256","request_start":1576623541600,"request_end":1576623543308,"request_duration":1708,"type":"256"}
{"start":1576623541712,"end":1576623543694,"duration":1982,"downloading_duration":546,"execution_duration":507,"uploading_duration":929,"executable":"createDat.js","args":["3.dat"],"id":5,"resource":"256","request_start":1576623541607,"request_end":1576623543719,"request_duration":2112,"type":"256"}
{"start":1576623543504,"end":1576623559838,"duration":16334,"downloading_duration":1159,"execution_duration":14561,"uploading_duration":614,"executable":"ellipsoids-openmp","args":["0.dat","038.log","038.xoutput"],"id":44,"resource":"256","request_start":1576623543155,"request_end":1576623559865,"request_duration":16710,"type":"256"}
{"start":1576623543534,"end":1576623563159,"duration":19625,"downloading_duration":1155,"execution_duration":17840,"uploading_duration":630,"executable":"ellipsoids-openmp","args":["0.dat","041.log","041.xoutput"],"id":47,"resource":"256","request_start":1576623543159,"request_end":1576623563183,"request_duration":20024,"type":"256"}
{"start":1576623543418,"end":1576623563162,"duration":19744,"downloading_duration":1058,"execution_duration":18000,"uploading_duration":686,"executable":"ellipsoids-openmp","args":["0.dat","014.log","014.xoutput"],"id":20,"resource":"256","request_start":1576623543128,"request_end":1576623563186,"request_duration":20058,"type":"256"}
{"start":1576623543502,"end":1576623563253,"duration":19751,"downloading_duration":1136,"execution_duration":17940,"uploading_duration":675,"executable":"ellipsoids-openmp","args":["0.dat","025.log","025.xoutput"],"id":31,"resource":"256","request_start":1576623543140,"request_end":1576623563280,"request_duration":20140,"type":"256"}
{"start":1576623543489,"end":1576623563258,"duration":19769,"downloading_duration":1096,"execution_duration":17980,"uploading_duration":693,"executable":"ellipsoids-openmp","args":["0.dat","020.log","020.xoutput"],"id":26,"resource":"256","request_start":1576623543135,"request_end":1576623563286,"request_duration":20151,"type":"256"}
{"start":1576623543504,"end":1576623563274,"duration":19770,"downloading_duration":1135,"execution_duration":18002,"uploading_duration":633,"executable":"ellipsoids-openmp","args":["0.dat","027.log","027.xoutput"],"id":33,"resource":"256","request_start":1576623543142,"request_end":1576623563299,"request_duration":20157,"type":"256"}
{"start":1576623543507,"end":1576623563347,"duration":19840,"downloading_duration":1210,"execution_duration":17939,"uploading_duration":691,"executable":"ellipsoids-openmp","args":["0.dat","033.log","033.xoutput"],"id":39,"resource":"256","request_start":1576623543147,"request_end":1576623563535,"request_duration":20388,"type":"256"}
{"start":1576623543562,"end":1576623563387,"duration":19825,"downloading_duration":1150,"execution_duration":17981,"uploading_duration":694,"executable":"ellipsoids-openmp","args":["0.dat","02.log","02.xoutput"],"id":8,"resource":"256","request_start":1576623543165,"request_end":1576623563539,"request_duration":20374,"type":"256"}
{"start":1576623543556,"end":1576623563444,"duration":19888,"downloading_duration":1153,"execution_duration":18139,"uploading_duration":596,"executable":"ellipsoids-openmp","args":["0.dat","01.log","01.xoutput"],"id":7,"resource":"256","request_start":1576623543164,"request_end":1576623563545,"request_duration":20381,"type":"256"}
{"start":1576623543537,"end":1576623563525,"duration":19988,"downloading_duration":1143,"execution_duration":18220,"uploading_duration":625,"executable":"ellipsoids-openmp","args":["0.dat","035.log","035.xoutput"],"id":41,"resource":"256","request_start":1576623543153,"request_end":1576623563561,"request_duration":20408,"type":"256"}
{"start":1576623543417,"end":1576623563531,"duration":20114,"downloading_duration":1062,"execution_duration":18400,"uploading_duration":652,"executable":"ellipsoids-openmp","args":["0.dat","05.log","05.xoutput"],"id":11,"resource":"256","request_start":1576623543115,"request_end":1576623563565,"request_duration":20450,"type":"256"}
{"start":1576623543554,"end":1576623563612,"duration":20058,"downloading_duration":1062,"execution_duration":18321,"uploading_duration":675,"executable":"ellipsoids-openmp","args":["0.dat","044.log","044.xoutput"],"id":50,"resource":"256","request_start":1576623543162,"request_end":1576623563639,"request_duration":20477,"type":"256"}
{"start":1576623543346,"end":1576623563645,"duration":20299,"downloading_duration":1078,"execution_duration":18563,"uploading_duration":658,"executable":"ellipsoids-openmp","args":["2.dat","27.log","27.xoutput"],"id":103,"resource":"256","request_start":1576623543246,"request_end":1576623563671,"request_duration":20425,"type":"256"}
{"start":1576623543505,"end":1576623563701,"duration":20196,"downloading_duration":1069,"execution_duration":18460,"uploading_duration":667,"executable":"ellipsoids-openmp","args":["0.dat","032.log","032.xoutput"],"id":38,"resource":"256","request_start":1576623543146,"request_end":1576623563730,"request_duration":20584,"type":"256"}
{"start":1576623543418,"end":1576623563715,"duration":20297,"downloading_duration":1105,"execution_duration":18540,"uploading_duration":652,"executable":"ellipsoids-openmp","args":["0.dat","08.log","08.xoutput"],"id":14,"resource":"256","request_start":1576623543120,"request_end":1576623563739,"request_duration":20619,"type":"256"}
{"start":1576623543417,"end":1576623563720,"duration":20303,"downloading_duration":1070,"execution_duration":18600,"uploading_duration":633,"executable":"ellipsoids-openmp","args":["0.dat","07.log","07.xoutput"],"id":13,"resource":"256","request_start":1576623543119,"request_end":1576623563744,"request_duration":20625,"type":"256"}
{"start":1576623543420,"end":1576623563744,"duration":20324,"downloading_duration":1087,"execution_duration":18643,"uploading_duration":594,"executable":"ellipsoids-openmp","args":["0.dat","010.log","010.xoutput"],"id":16,"resource":"256","request_start":1576623543123,"request_end":1576623563770,"request_duration":20647,"type":"256"}
{"start":1576623543498,"end":1576623563761,"duration":20263,"downloading_duration":1181,"execution_duration":18480,"uploading_duration":602,"executable":"ellipsoids-openmp","args":["0.dat","024.log","024.xoutput"],"id":30,"resource":"256","request_start":1576623543139,"request_end":1576623563787,"request_duration":20648,"type":"256"}
{"start":1576623543419,"end":1576623563783,"duration":20364,"downloading_duration":1347,"execution_duration":18362,"uploading_duration":655,"executable":"ellipsoids-openmp","args":["0.dat","013.log","013.xoutput"],"id":19,"resource":"256","request_start":1576623543127,"request_end":1576623563807,"request_duration":20680,"type":"256"}
{"start":1576623543501,"end":1576623563806,"duration":20305,"downloading_duration":1087,"execution_duration":18601,"uploading_duration":617,"executable":"ellipsoids-openmp","args":["0.dat","021.log","021.xoutput"],"id":27,"resource":"256","request_start":1576623543136,"request_end":1576623563829,"request_duration":20693,"type":"256"}
{"start":1576623543418,"end":1576623563825,"duration":20407,"downloading_duration":1131,"execution_duration":18662,"uploading_duration":614,"executable":"ellipsoids-openmp","args":["0.dat","09.log","09.xoutput"],"id":15,"resource":"256","request_start":1576623543122,"request_end":1576623563850,"request_duration":20728,"type":"256"}
{"start":1576623543501,"end":1576623563846,"duration":20345,"downloading_duration":1121,"execution_duration":18441,"uploading_duration":783,"executable":"ellipsoids-openmp","args":["0.dat","017.log","017.xoutput"],"id":23,"resource":"256","request_start":1576623543132,"request_end":1576623563871,"request_duration":20739,"type":"256"}
{"start":1576623543528,"end":1576623563857,"duration":20329,"downloading_duration":1126,"execution_duration":18602,"uploading_duration":601,"executable":"ellipsoids-openmp","args":["0.dat","034.log","034.xoutput"],"id":40,"resource":"256","request_start":1576623543152,"request_end":1576623563881,"request_duration":20729,"type":"256"}
{"start":1576623543421,"end":1576623563874,"duration":20453,"downloading_duration":1134,"execution_duration":18701,"uploading_duration":618,"executable":"ellipsoids-openmp","args":["0.dat","019.log","019.xoutput"],"id":25,"resource":"256","request_start":1576623543134,"request_end":1576623563897,"request_duration":20763,"type":"256"}
{"start":1576623543504,"end":1576623563923,"duration":20419,"downloading_duration":1120,"execution_duration":18660,"uploading_duration":639,"executable":"ellipsoids-openmp","args":["0.dat","030.log","030.xoutput"],"id":36,"resource":"256","request_start":1576623543144,"request_end":1576623563947,"request_duration":20803,"type":"256"}
{"start":1576623543560,"end":1576623563926,"duration":20366,"downloading_duration":1183,"execution_duration":18502,"uploading_duration":681,"executable":"ellipsoids-openmp","args":["0.dat","00.log","00.xoutput"],"id":6,"resource":"256","request_start":1576623543163,"request_end":1576623563949,"request_duration":20786,"type":"256"}
{"start":1576623543504,"end":1576623563926,"duration":20422,"downloading_duration":1145,"execution_duration":18681,"uploading_duration":596,"executable":"ellipsoids-openmp","args":["0.dat","028.log","028.xoutput"],"id":34,"resource":"256","request_start":1576623543143,"request_end":1576623563953,"request_duration":20810,"type":"256"}
{"start":1576623543418,"end":1576623563966,"duration":20548,"downloading_duration":1118,"execution_duration":18620,"uploading_duration":810,"executable":"ellipsoids-openmp","args":["0.dat","04.log","04.xoutput"],"id":10,"resource":"256","request_start":1576623543113,"request_end":1576623563992,"request_duration":20879,"type":"256"}
{"start":1576623543500,"end":1576623563980,"duration":20480,"downloading_duration":1222,"execution_duration":18641,"uploading_duration":617,"executable":"ellipsoids-openmp","args":["0.dat","022.log","022.xoutput"],"id":28,"resource":"256","request_start":1576623543137,"request_end":1576623564009,"request_duration":20872,"type":"256"}
{"start":1576623543566,"end":1576623563991,"duration":20425,"downloading_duration":1127,"execution_duration":18702,"uploading_duration":596,"executable":"ellipsoids-openmp","args":["2.dat","25.log","25.xoutput"],"id":101,"resource":"256","request_start":1576623543244,"request_end":1576623564019,"request_duration":20775,"type":"256"}
{"start":1576623543505,"end":1576623564006,"duration":20501,"downloading_duration":1219,"execution_duration":18500,"uploading_duration":782,"executable":"ellipsoids-openmp","args":["0.dat","026.log","026.xoutput"],"id":32,"resource":"256","request_start":1576623543141,"request_end":1576623564031,"request_duration":20890,"type":"256"}
{"start":1576623543422,"end":1576623564012,"duration":20590,"downloading_duration":1096,"execution_duration":18820,"uploading_duration":674,"executable":"ellipsoids-openmp","args":["0.dat","016.log","016.xoutput"],"id":22,"resource":"256","request_start":1576623543131,"request_end":1576623564037,"request_duration":20906,"type":"256"}
{"start":1576623543418,"end":1576623564026,"duration":20608,"downloading_duration":1060,"execution_duration":18940,"uploading_duration":608,"executable":"ellipsoids-openmp","args":["0.dat","012.log","012.xoutput"],"id":18,"resource":"256","request_start":1576623543126,"request_end":1576623564049,"request_duration":20923,"type":"256"}
{"start":1576623543418,"end":1576623564036,"duration":20618,"downloading_duration":1103,"execution_duration":18921,"uploading_duration":594,"executable":"ellipsoids-openmp","args":["0.dat","011.log","011.xoutput"],"id":17,"resource":"256","request_start":1576623543125,"request_end":1576623564060,"request_duration":20935,"type":"256"}
{"start":1576623543569,"end":1576623564037,"duration":20468,"downloading_duration":1115,"execution_duration":18621,"uploading_duration":732,"executable":"ellipsoids-openmp","args":["2.dat","24.log","24.xoutput"],"id":100,"resource":"256","request_start":1576623543242,"request_end":1576623564065,"request_duration":20823,"type":"256"}
{"start":1576623543417,"end":1576623564062,"duration":20645,"downloading_duration":1106,"execution_duration":18920,"uploading_duration":619,"executable":"ellipsoids-openmp","args":["0.dat","06.log","06.xoutput"],"id":12,"resource":"256","request_start":1576623543117,"request_end":1576623564091,"request_duration":20974,"type":"256"}
{"start":1576623543535,"end":1576623564103,"duration":20568,"downloading_duration":1181,"execution_duration":18800,"uploading_duration":587,"executable":"ellipsoids-openmp","args":["0.dat","039.log","039.xoutput"],"id":45,"resource":"256","request_start":1576623543157,"request_end":1576623564127,"request_duration":20970,"type":"256"}
{"start":1576623543418,"end":1576623564127,"duration":20709,"downloading_duration":1143,"execution_duration":18738,"uploading_duration":828,"executable":"ellipsoids-openmp","args":["0.dat","018.log","018.xoutput"],"id":24,"resource":"256","request_start":1576623543133,"request_end":1576623564151,"request_duration":21018,"type":"256"}
{"start":1576623543535,"end":1576623564130,"duration":20595,"downloading_duration":1146,"execution_duration":18839,"uploading_duration":610,"executable":"ellipsoids-openmp","args":["0.dat","043.log","043.xoutput"],"id":49,"resource":"256","request_start":1576623543161,"request_end":1576623564153,"request_duration":20992,"type":"256"}
{"start":1576623543506,"end":1576623564200,"duration":20694,"downloading_duration":1328,"execution_duration":18781,"uploading_duration":585,"executable":"ellipsoids-openmp","args":["0.dat","036.log","036.xoutput"],"id":42,"resource":"256","request_start":1576623543154,"request_end":1576623564224,"request_duration":21070,"type":"256"}
{"start":1576623543549,"end":1576623564216,"duration":20667,"downloading_duration":1164,"execution_duration":18860,"uploading_duration":643,"executable":"ellipsoids-openmp","args":["0.dat","040.log","040.xoutput"],"id":46,"resource":"256","request_start":1576623543158,"request_end":1576623564239,"request_duration":21081,"type":"256"}
{"start":1576623543420,"end":1576623564230,"duration":20810,"downloading_duration":1148,"execution_duration":18941,"uploading_duration":721,"executable":"ellipsoids-openmp","args":["0.dat","015.log","015.xoutput"],"id":21,"resource":"256","request_start":1576623543129,"request_end":1576623564254,"request_duration":21125,"type":"256"}
{"start":1576623543533,"end":1576623564306,"duration":20773,"downloading_duration":1063,"execution_duration":18921,"uploading_duration":789,"executable":"ellipsoids-openmp","args":["0.dat","042.log","042.xoutput"],"id":48,"resource":"256","request_start":1576623543160,"request_end":1576623564328,"request_duration":21168,"type":"256"}
{"start":1576623543739,"end":1576623564316,"duration":20577,"downloading_duration":1144,"execution_duration":18820,"uploading_duration":613,"executable":"ellipsoids-openmp","args":["2.dat","28.log","28.xoutput"],"id":104,"resource":"256","request_start":1576623543247,"request_end":1576623564338,"request_duration":21091,"type":"256"}
{"start":1576623543555,"end":1576623564316,"duration":20761,"downloading_duration":1214,"execution_duration":18780,"uploading_duration":767,"executable":"ellipsoids-openmp","args":["0.dat","03.log","03.xoutput"],"id":9,"resource":"256","request_start":1576623543165,"request_end":1576623564341,"request_duration":21176,"type":"256"}
{"start":1576623543561,"end":1576623564346,"duration":20785,"downloading_duration":1108,"execution_duration":18980,"uploading_duration":697,"executable":"ellipsoids-openmp","args":["2.dat","26.log","26.xoutput"],"id":102,"resource":"256","request_start":1576623543245,"request_end":1576623564369,"request_duration":21124,"type":"256"}
{"start":1576623544007,"end":1576623564396,"duration":20389,"downloading_duration":1149,"execution_duration":18600,"uploading_duration":640,"executable":"ellipsoids-openmp","args":["0.dat","037.log","037.xoutput"],"id":43,"resource":"256","request_start":1576623543154,"request_end":1576623564421,"request_duration":21267,"type":"256"}
{"start":1576623543502,"end":1576623564397,"duration":20895,"downloading_duration":1208,"execution_duration":18859,"uploading_duration":828,"executable":"ellipsoids-openmp","args":["0.dat","023.log","023.xoutput"],"id":29,"resource":"256","request_start":1576623543138,"request_end":1576623564423,"request_duration":21285,"type":"256"}
{"start":1576623543513,"end":1576623564565,"duration":21052,"downloading_duration":1147,"execution_duration":19300,"uploading_duration":605,"executable":"ellipsoids-openmp","args":["0.dat","031.log","031.xoutput"],"id":37,"resource":"256","request_start":1576623543145,"request_end":1576623564592,"request_duration":21447,"type":"256"}
{"start":1576623543511,"end":1576623564705,"duration":21194,"downloading_duration":1108,"execution_duration":18640,"uploading_duration":1446,"executable":"ellipsoids-openmp","args":["0.dat","029.log","029.xoutput"],"id":35,"resource":"256","request_start":1576623543143,"request_end":1576623564729,"request_duration":21586,"type":"256"}
{"start":1576623559890,"end":1576623577047,"duration":17157,"downloading_duration":1134,"execution_duration":15380,"uploading_duration":643,"executable":"ellipsoids-openmp","args":["2.dat","29.log","29.xoutput"],"id":105,"resource":"256","request_start":1576623543247,"request_end":1576623577071,"request_duration":33824,"type":"256"}
{"start":1576623564389,"end":1576623582905,"duration":18516,"downloading_duration":1047,"execution_duration":16882,"uploading_duration":587,"executable":"ellipsoids-openmp","args":["1.dat","15.log","15.xoutput"],"id":56,"resource":"256","request_start":1576623543351,"request_end":1576623582930,"request_duration":39579,"type":"256"}
{"start":1576623564370,"end":1576623583137,"duration":18767,"downloading_duration":1159,"execution_duration":17022,"uploading_duration":586,"executable":"ellipsoids-openmp","args":["1.dat","14.log","14.xoutput"],"id":55,"resource":"256","request_start":1576623543350,"request_end":1576623583162,"request_duration":39812,"type":"256"}
{"start":1576623563306,"end":1576623583143,"duration":19837,"downloading_duration":1079,"execution_duration":18100,"uploading_duration":658,"executable":"ellipsoids-openmp","args":["2.dat","213.log","213.xoutput"],"id":109,"resource":"256","request_start":1576623543250,"request_end":1576623583170,"request_duration":39920,"type":"256"}
{"start":1576623563824,"end":1576623583275,"duration":19451,"downloading_duration":1185,"execution_duration":17640,"uploading_duration":626,"executable":"ellipsoids-openmp","args":["2.dat","226.log","226.xoutput"],"id":122,"resource":"256","request_start":1576623543258,"request_end":1576623583299,"request_duration":40041,"type":"256"}
{"start":1576623564364,"end":1576623583278,"duration":18914,"downloading_duration":1084,"execution_duration":17241,"uploading_duration":589,"executable":"ellipsoids-openmp","args":["1.dat","13.log","13.xoutput"],"id":54,"resource":"256","request_start":1576623543350,"request_end":1576623583302,"request_duration":39952,"type":"256"}
{"start":1576623563220,"end":1576623583305,"duration":20085,"downloading_duration":1128,"execution_duration":18398,"uploading_duration":559,"executable":"ellipsoids-openmp","args":["2.dat","211.log","211.xoutput"],"id":107,"resource":"256","request_start":1576623543248,"request_end":1576623583329,"request_duration":40081,"type":"256"}
{"start":1576623564260,"end":1576623583373,"duration":19113,"downloading_duration":1073,"execution_duration":17440,"uploading_duration":600,"executable":"ellipsoids-openmp","args":["1.dat","10.log","10.xoutput"],"id":51,"resource":"256","request_start":1576623543348,"request_end":1576623583402,"request_duration":40054,"type":"256"}
{"start":1576623563213,"end":1576623583452,"duration":20239,"downloading_duration":1123,"execution_duration":18461,"uploading_duration":655,"executable":"ellipsoids-openmp","args":["2.dat","210.log","210.xoutput"],"id":106,"resource":"256","request_start":1576623543248,"request_end":1576623583479,"request_duration":40231,"type":"256"}
{"start":1576623564440,"end":1576623583532,"duration":19092,"downloading_duration":1236,"execution_duration":17240,"uploading_duration":616,"executable":"ellipsoids-openmp","args":["1.dat","16.log","16.xoutput"],"id":57,"resource":"256","request_start":1576623543352,"request_end":1576623583557,"request_duration":40205,"type":"256"}
{"start":1576623563763,"end":1576623583551,"duration":19788,"downloading_duration":1105,"execution_duration":18079,"uploading_duration":604,"executable":"ellipsoids-openmp","args":["2.dat","223.log","223.xoutput"],"id":119,"resource":"256","request_start":1576623543256,"request_end":1576623583579,"request_duration":40323,"type":"256"}
{"start":1576623564278,"end":1576623583573,"duration":19295,"downloading_duration":1196,"execution_duration":17461,"uploading_duration":638,"executable":"ellipsoids-openmp","args":["1.dat","11.log","11.xoutput"],"id":52,"resource":"256","request_start":1576623543349,"request_end":1576623583596,"request_duration":40247,"type":"256"}
{"start":1576623563920,"end":1576623583593,"duration":19673,"downloading_duration":1114,"execution_duration":17961,"uploading_duration":598,"executable":"ellipsoids-openmp","args":["2.dat","232.log","232.xoutput"],"id":128,"resource":"256","request_start":1576623543262,"request_end":1576623583616,"request_duration":40354,"type":"256"}
{"start":1576623564350,"end":1576623583606,"duration":19256,"downloading_duration":1113,"execution_duration":17442,"uploading_duration":701,"executable":"ellipsoids-openmp","args":["1.dat","12.log","12.xoutput"],"id":53,"resource":"256","request_start":1576623543349,"request_end":1576623583629,"request_duration":40280,"type":"256"}
{"start":1576623563850,"end":1576623583668,"duration":19818,"downloading_duration":1373,"execution_duration":17800,"uploading_duration":645,"executable":"ellipsoids-openmp","args":["2.dat","228.log","228.xoutput"],"id":124,"resource":"256","request_start":1576623543259,"request_end":1576623583692,"request_duration":40433,"type":"256"}
{"start":1576623563981,"end":1576623583675,"duration":19694,"downloading_duration":1030,"execution_duration":18019,"uploading_duration":645,"executable":"ellipsoids-openmp","args":["2.dat","235.log","235.xoutput"],"id":131,"resource":"256","request_start":1576623543263,"request_end":1576623583698,"request_duration":40435,"type":"256"}
{"start":1576623564015,"end":1576623583686,"duration":19671,"downloading_duration":1168,"execution_duration":17901,"uploading_duration":602,"executable":"ellipsoids-openmp","args":["2.dat","236.log","236.xoutput"],"id":132,"resource":"256","request_start":1576623543264,"request_end":1576623583709,"request_duration":40445,"type":"256"}
{"start":1576623564448,"end":1576623583716,"duration":19268,"downloading_duration":1081,"execution_duration":17520,"uploading_duration":667,"executable":"ellipsoids-openmp","args":["1.dat","17.log","17.xoutput"],"id":58,"resource":"256","request_start":1576623543352,"request_end":1576623583740,"request_duration":40388,"type":"256"}
{"start":1576623563976,"end":1576623583729,"duration":19753,"downloading_duration":1120,"execution_duration":18001,"uploading_duration":632,"executable":"ellipsoids-openmp","args":["2.dat","233.log","233.xoutput"],"id":129,"resource":"256","request_start":1576623543262,"request_end":1576623583755,"request_duration":40493,"type":"256"}
{"start":1576623564616,"end":1576623583813,"duration":19197,"downloading_duration":1084,"execution_duration":17480,"uploading_duration":633,"executable":"ellipsoids-openmp","args":["1.dat","18.log","18.xoutput"],"id":59,"resource":"256","request_start":1576623543353,"request_end":1576623583838,"request_duration":40485,"type":"256"}
{"start":1576623563700,"end":1576623583871,"duration":20171,"downloading_duration":1217,"execution_duration":18341,"uploading_duration":613,"executable":"ellipsoids-openmp","args":["2.dat","221.log","221.xoutput"],"id":117,"resource":"256","request_start":1576623543255,"request_end":1576623583921,"request_duration":40666,"type":"256"}
{"start":1576623564056,"end":1576623583907,"duration":19851,"downloading_duration":1086,"execution_duration":18140,"uploading_duration":625,"executable":"ellipsoids-openmp","args":["2.dat","240.log","240.xoutput"],"id":136,"resource":"256","request_start":1576623543266,"request_end":1576623584001,"request_duration":40735,"type":"256"}
{"start":1576623563572,"end":1576623583912,"duration":20340,"downloading_duration":1108,"execution_duration":18640,"uploading_duration":592,"executable":"ellipsoids-openmp","args":["2.dat","216.log","216.xoutput"],"id":112,"resource":"256","request_start":1576623543252,"request_end":1576623584005,"request_duration":40753,"type":"256"}
{"start":1576623563792,"end":1576623583928,"duration":20136,"downloading_duration":1095,"execution_duration":18440,"uploading_duration":601,"executable":"ellipsoids-openmp","args":["2.dat","225.log","225.xoutput"],"id":121,"resource":"256","request_start":1576623543257,"request_end":1576623584007,"request_duration":40750,"type":"256"}
{"start":1576623563660,"end":1576623583942,"duration":20282,"downloading_duration":1110,"execution_duration":18554,"uploading_duration":618,"executable":"ellipsoids-openmp","args":["2.dat","220.log","220.xoutput"],"id":116,"resource":"256","request_start":1576623543254,"request_end":1576623584008,"request_duration":40754,"type":"256"}
{"start":1576623564031,"end":1576623583957,"duration":19926,"downloading_duration":1127,"execution_duration":18220,"uploading_duration":579,"executable":"ellipsoids-openmp","args":["2.dat","237.log","237.xoutput"],"id":133,"resource":"256","request_start":1576623543264,"request_end":1576623584011,"request_duration":40747,"type":"256"}
{"start":1576623564089,"end":1576623583966,"duration":19877,"downloading_duration":1335,"execution_duration":17860,"uploading_duration":682,"executable":"ellipsoids-openmp","args":["2.dat","243.log","243.xoutput"],"id":139,"resource":"256","request_start":1576623543268,"request_end":1576623584012,"request_duration":40744,"type":"256"}
{"start":1576623564116,"end":1576623583969,"duration":19853,"downloading_duration":1080,"execution_duration":18140,"uploading_duration":633,"executable":"ellipsoids-openmp","args":["2.dat","244.log","244.xoutput"],"id":140,"resource":"256","request_start":1576623543268,"request_end":1576623584012,"request_duration":40744,"type":"256"}
{"start":1576623564039,"end":1576623583973,"duration":19934,"downloading_duration":1139,"execution_duration":18180,"uploading_duration":615,"executable":"ellipsoids-openmp","args":["2.dat","238.log","238.xoutput"],"id":134,"resource":"256","request_start":1576623543265,"request_end":1576623584013,"request_duration":40748,"type":"256"}
{"start":1576623563588,"end":1576623583997,"duration":20409,"downloading_duration":1128,"execution_duration":18540,"uploading_duration":741,"executable":"ellipsoids-openmp","args":["2.dat","218.log","218.xoutput"],"id":114,"resource":"256","request_start":1576623543253,"request_end":1576623584045,"request_duration":40792,"type":"256"}
{"start":1576623564049,"end":1576623584025,"duration":19976,"downloading_duration":1295,"execution_duration":18081,"uploading_duration":600,"executable":"ellipsoids-openmp","args":["2.dat","239.log","239.xoutput"],"id":135,"resource":"256","request_start":1576623543266,"request_end":1576623584051,"request_duration":40785,"type":"256"}
{"start":1576623564187,"end":1576623584031,"duration":19844,"downloading_duration":1117,"execution_duration":18100,"uploading_duration":627,"executable":"ellipsoids-openmp","args":["2.dat","22.log","22.xoutput"],"id":98,"resource":"256","request_start":1576623543270,"request_end":1576623584061,"request_duration":40791,"type":"256"}
{"start":1576623563765,"end":1576623584036,"duration":20271,"downloading_duration":1194,"execution_duration":18480,"uploading_duration":597,"executable":"ellipsoids-openmp","args":["2.dat","224.log","224.xoutput"],"id":120,"resource":"256","request_start":1576623543257,"request_end":1576623584064,"request_duration":40807,"type":"256"}
{"start":1576623564247,"end":1576623584037,"duration":19790,"downloading_duration":1041,"execution_duration":18141,"uploading_duration":608,"executable":"ellipsoids-openmp","args":["2.dat","23.log","23.xoutput"],"id":99,"resource":"256","request_start":1576623543271,"request_end":1576623584068,"request_duration":40797,"type":"256"}
{"start":1576623564755,"end":1576623584129,"duration":19374,"downloading_duration":1264,"execution_duration":17440,"uploading_duration":670,"executable":"ellipsoids-openmp","args":["1.dat","19.log","19.xoutput"],"id":60,"resource":"256","request_start":1576623543353,"request_end":1576623584152,"request_duration":40799,"type":"256"}
{"start":1576623564074,"end":1576623584138,"duration":20064,"downloading_duration":1149,"execution_duration":18220,"uploading_duration":695,"executable":"ellipsoids-openmp","args":["2.dat","241.log","241.xoutput"],"id":137,"resource":"256","request_start":1576623543267,"request_end":1576623584161,"request_duration":40894,"type":"256"}
{"start":1576623564083,"end":1576623584141,"duration":20058,"downloading_duration":1090,"execution_duration":18320,"uploading_duration":648,"executable":"ellipsoids-openmp","args":["2.dat","242.log","242.xoutput"],"id":138,"resource":"256","request_start":1576623543267,"request_end":1576623584166,"request_duration":40899,"type":"256"}
{"start":1576623563900,"end":1576623584150,"duration":20250,"downloading_duration":1115,"execution_duration":18521,"uploading_duration":614,"executable":"ellipsoids-openmp","args":["2.dat","230.log","230.xoutput"],"id":126,"resource":"256","request_start":1576623543260,"request_end":1576623584175,"request_duration":40915,"type":"256"}
{"start":1576623563301,"end":1576623584169,"duration":20868,"downloading_duration":1118,"execution_duration":19101,"uploading_duration":649,"executable":"ellipsoids-openmp","args":["2.dat","212.log","212.xoutput"],"id":108,"resource":"256","request_start":1576623543249,"request_end":1576623584195,"request_duration":40946,"type":"256"}
{"start":1576623563874,"end":1576623584181,"duration":20307,"downloading_duration":1120,"execution_duration":18560,"uploading_duration":627,"executable":"ellipsoids-openmp","args":["2.dat","229.log","229.xoutput"],"id":125,"resource":"256","request_start":1576623543260,"request_end":1576623584206,"request_duration":40946,"type":"256"}
{"start":1576623563317,"end":1576623584250,"duration":20933,"downloading_duration":1121,"execution_duration":19182,"uploading_duration":630,"executable":"ellipsoids-openmp","args":["2.dat","214.log","214.xoutput"],"id":110,"resource":"256","request_start":1576623543250,"request_end":1576623584277,"request_duration":41027,"type":"256"}
{"start":1576623563566,"end":1576623584343,"duration":20777,"downloading_duration":1133,"execution_duration":18980,"uploading_duration":664,"executable":"ellipsoids-openmp","args":["2.dat","215.log","215.xoutput"],"id":111,"resource":"256","request_start":1576623543251,"request_end":1576623584369,"request_duration":41118,"type":"256"}
{"start":1576623563985,"end":1576623584417,"duration":20432,"downloading_duration":1158,"execution_duration":18619,"uploading_duration":655,"executable":"ellipsoids-openmp","args":["2.dat","234.log","234.xoutput"],"id":130,"resource":"256","request_start":1576623543263,"request_end":1576623584440,"request_duration":41177,"type":"256"}
{"start":1576623563570,"end":1576623584445,"duration":20875,"downloading_duration":1058,"execution_duration":19201,"uploading_duration":616,"executable":"ellipsoids-openmp","args":["2.dat","217.log","217.xoutput"],"id":113,"resource":"256","request_start":1576623543252,"request_end":1576623584471,"request_duration":41219,"type":"256"}
{"start":1576623563912,"end":1576623584638,"duration":20726,"downloading_duration":1070,"execution_duration":19021,"uploading_duration":635,"executable":"ellipsoids-openmp","args":["2.dat","231.log","231.xoutput"],"id":127,"resource":"256","request_start":1576623543261,"request_end":1576623584664,"request_duration":41403,"type":"256"}
{"start":1576623563585,"end":1576623584655,"duration":21070,"downloading_duration":1227,"execution_duration":19260,"uploading_duration":583,"executable":"ellipsoids-openmp","args":["2.dat","219.log","219.xoutput"],"id":115,"resource":"256","request_start":1576623543253,"request_end":1576623584679,"request_duration":41426,"type":"256"}
{"start":1576623563837,"end":1576623584746,"duration":20909,"downloading_duration":1112,"execution_duration":19140,"uploading_duration":657,"executable":"ellipsoids-openmp","args":["2.dat","227.log","227.xoutput"],"id":123,"resource":"256","request_start":1576623543258,"request_end":1576623584772,"request_duration":41514,"type":"256"}
{"start":1576623563753,"end":1576623584807,"duration":21054,"downloading_duration":1155,"execution_duration":19280,"uploading_duration":619,"executable":"ellipsoids-openmp","args":["2.dat","222.log","222.xoutput"],"id":118,"resource":"256","request_start":1576623543256,"request_end":1576623584830,"request_duration":41574,"type":"256"}
{"start":1576623564157,"end":1576623584891,"duration":20734,"downloading_duration":1163,"execution_duration":18860,"uploading_duration":711,"executable":"ellipsoids-openmp","args":["2.dat","20.log","20.xoutput"],"id":96,"resource":"256","request_start":1576623543269,"request_end":1576623584914,"request_duration":41645,"type":"256"}
{"start":1576623564180,"end":1576623584921,"duration":20741,"downloading_duration":1099,"execution_duration":19041,"uploading_duration":601,"executable":"ellipsoids-openmp","args":["2.dat","21.log","21.xoutput"],"id":97,"resource":"256","request_start":1576623543269,"request_end":1576623584944,"request_duration":41675,"type":"256"}
{"start":1576623577094,"end":1576623595611,"duration":18517,"downloading_duration":1109,"execution_duration":16661,"uploading_duration":747,"executable":"ellipsoids-openmp","args":["1.dat","110.log","110.xoutput"],"id":61,"resource":"256","request_start":1576623543354,"request_end":1576623595662,"request_duration":52308,"type":"256"}
{"start":1576623584074,"end":1576623602618,"duration":18544,"downloading_duration":1092,"execution_duration":16540,"uploading_duration":912,"executable":"ellipsoids-openmp","args":["1.dat","140.log","140.xoutput"],"id":91,"resource":"256","request_start":1576623543370,"request_end":1576623602642,"request_duration":59272,"type":"256"}
{"start":1576623583950,"end":1576623602619,"duration":18669,"downloading_duration":1134,"execution_duration":16741,"uploading_duration":794,"executable":"ellipsoids-openmp","args":["1.dat","130.log","130.xoutput"],"id":81,"resource":"256","request_start":1576623543365,"request_end":1576623602646,"request_duration":59281,"type":"256"}
{"start":1576623584045,"end":1576623602626,"duration":18581,"downloading_duration":1079,"execution_duration":16840,"uploading_duration":662,"executable":"ellipsoids-openmp","args":["1.dat","136.log","136.xoutput"],"id":87,"resource":"256","request_start":1576623543368,"request_end":1576623602652,"request_duration":59284,"type":"256"}
{"start":1576623583350,"end":1576623602739,"duration":19389,"downloading_duration":1139,"execution_duration":17540,"uploading_duration":710,"executable":"ellipsoids-openmp","args":["1.dat","116.log","116.xoutput"],"id":67,"resource":"256","request_start":1576623543357,"request_end":1576623602764,"request_duration":59407,"type":"256"}
{"start":1576623584231,"end":1576623602756,"duration":18525,"downloading_duration":1129,"execution_duration":16779,"uploading_duration":617,"executable":"ellipsoids-openmp","args":["3.dat","34.log","34.xoutput"],"id":145,"resource":"256","request_start":1576623543758,"request_end":1576623602778,"request_duration":59020,"type":"256"}
{"start":1576623584084,"end":1576623602799,"duration":18715,"downloading_duration":1196,"execution_duration":16900,"uploading_duration":619,"executable":"ellipsoids-openmp","args":["1.dat","141.log","141.xoutput"],"id":92,"resource":"256","request_start":1576623543371,"request_end":1576623602823,"request_duration":59452,"type":"256"}
{"start":1576623583182,"end":1576623602804,"duration":19622,"downloading_duration":1103,"execution_duration":17840,"uploading_duration":679,"executable":"ellipsoids-openmp","args":["1.dat","112.log","112.xoutput"],"id":63,"resource":"256","request_start":1576623543355,"request_end":1576623602829,"request_duration":59474,"type":"256"}
{"start":1576623583329,"end":1576623602806,"duration":19477,"downloading_duration":1140,"execution_duration":17661,"uploading_duration":676,"executable":"ellipsoids-openmp","args":["1.dat","115.log","115.xoutput"],"id":66,"resource":"256","request_start":1576623543357,"request_end":1576623602831,"request_duration":59474,"type":"256"}
{"start":1576623583320,"end":1576623602881,"duration":19561,"downloading_duration":1109,"execution_duration":17720,"uploading_duration":732,"executable":"ellipsoids-openmp","args":["1.dat","114.log","114.xoutput"],"id":65,"resource":"256","request_start":1576623543356,"request_end":1576623602903,"request_duration":59547,"type":"256"}
{"start":1576623582952,"end":1576623602883,"duration":19931,"downloading_duration":1204,"execution_duration":18040,"uploading_duration":687,"executable":"ellipsoids-openmp","args":["1.dat","111.log","111.xoutput"],"id":62,"resource":"256","request_start":1576623543354,"request_end":1576623602909,"request_duration":59555,"type":"256"}
{"start":1576623583502,"end":1576623602944,"duration":19442,"downloading_duration":1053,"execution_duration":17781,"uploading_duration":608,"executable":"ellipsoids-openmp","args":["1.dat","118.log","118.xoutput"],"id":69,"resource":"256","request_start":1576623543358,"request_end":1576623602968,"request_duration":59610,"type":"256"}
{"start":1576623583777,"end":1576623602971,"duration":19194,"downloading_duration":1146,"execution_duration":17420,"uploading_duration":628,"executable":"ellipsoids-openmp","args":["1.dat","128.log","128.xoutput"],"id":79,"resource":"256","request_start":1576623543364,"request_end":1576623602993,"request_duration":59629,"type":"256"}
{"start":1576623584192,"end":1576623602973,"duration":18781,"downloading_duration":1164,"execution_duration":16961,"uploading_duration":656,"executable":"ellipsoids-openmp","args":["3.dat","31.log","31.xoutput"],"id":142,"resource":"256","request_start":1576623543754,"request_end":1576623602999,"request_duration":59245,"type":"256"}
{"start":1576623584089,"end":1576623603045,"duration":18956,"downloading_duration":1128,"execution_duration":17240,"uploading_duration":588,"executable":"ellipsoids-openmp","args":["1.dat","143.log","143.xoutput"],"id":94,"resource":"256","request_start":1576623543372,"request_end":1576623603068,"request_duration":59696,"type":"256"}
{"start":1576623584215,"end":1576623603114,"duration":18899,"downloading_duration":1128,"execution_duration":17160,"uploading_duration":611,"executable":"ellipsoids-openmp","args":["3.dat","33.log","33.xoutput"],"id":144,"resource":"256","request_start":1576623543757,"request_end":1576623603138,"request_duration":59381,"type":"256"}
{"start":1576623584043,"end":1576623603144,"duration":19101,"downloading_duration":1176,"execution_duration":17320,"uploading_duration":605,"executable":"ellipsoids-openmp","args":["1.dat","137.log","137.xoutput"],"id":88,"resource":"256","request_start":1576623543368,"request_end":1576623603168,"request_duration":59800,"type":"256"}
{"start":1576623584175,"end":1576623603158,"duration":18983,"downloading_duration":1085,"execution_duration":17280,"uploading_duration":618,"executable":"ellipsoids-openmp","args":["1.dat","144.log","144.xoutput"],"id":95,"resource":"256","request_start":1576623543372,"request_end":1576623603183,"request_duration":59811,"type":"256"}
{"start":1576623583604,"end":1576623603181,"duration":19577,"downloading_duration":1091,"execution_duration":17860,"uploading_duration":626,"executable":"ellipsoids-openmp","args":["1.dat","120.log","120.xoutput"],"id":71,"resource":"256","request_start":1576623543359,"request_end":1576623603208,"request_duration":59849,"type":"256"}
{"start":1576623583716,"end":1576623603195,"duration":19479,"downloading_duration":1108,"execution_duration":17720,"uploading_duration":651,"executable":"ellipsoids-openmp","args":["1.dat","124.log","124.xoutput"],"id":75,"resource":"256","request_start":1576623543361,"request_end":1576623603218,"request_duration":59857,"type":"256"}
{"start":1576623584039,"end":1576623603204,"duration":19165,"downloading_duration":1105,"execution_duration":17440,"uploading_duration":620,"executable":"ellipsoids-openmp","args":["1.dat","134.log","134.xoutput"],"id":85,"resource":"256","request_start":1576623543367,"request_end":1576623603230,"request_duration":59863,"type":"256"}
{"start":1576623584032,"end":1576623603271,"duration":19239,"downloading_duration":1112,"execution_duration":17541,"uploading_duration":586,"executable":"ellipsoids-openmp","args":["1.dat","131.log","131.xoutput"],"id":82,"resource":"256","request_start":1576623543365,"request_end":1576623603298,"request_duration":59933,"type":"256"}
{"start":1576623584705,"end":1576623603298,"duration":18593,"downloading_duration":1097,"execution_duration":16781,"uploading_duration":715,"executable":"ellipsoids-openmp","args":["3.dat","310.log","310.xoutput"],"id":151,"resource":"256","request_start":1576623543765,"request_end":1576623603326,"request_duration":59561,"type":"256"}
{"start":1576623583721,"end":1576623603311,"duration":19590,"downloading_duration":1088,"execution_duration":17881,"uploading_duration":621,"executable":"ellipsoids-openmp","args":["1.dat","125.log","125.xoutput"],"id":76,"resource":"256","request_start":1576623543362,"request_end":1576623603362,"request_duration":60000,"type":"256"}
{"start":1576623584041,"end":1576623603319,"duration":19278,"downloading_duration":1135,"execution_duration":17502,"uploading_duration":641,"executable":"ellipsoids-openmp","args":["1.dat","132.log","132.xoutput"],"id":83,"resource":"256","request_start":1576623543366,"request_end":1576623603366,"request_duration":60000,"type":"256"}
{"start":1576623584463,"end":1576623603311,"duration":18848,"downloading_duration":1145,"execution_duration":17080,"uploading_duration":623,"executable":"ellipsoids-openmp","args":["3.dat","37.log","37.xoutput"],"id":148,"resource":"256","request_start":1576623543762,"request_end":1576623603375,"request_duration":59613,"type":"256"}
{"start":1576623584087,"end":1576623603346,"duration":19259,"downloading_duration":1115,"execution_duration":17520,"uploading_duration":624,"executable":"ellipsoids-openmp","args":["1.dat","142.log","142.xoutput"],"id":93,"resource":"256","request_start":1576623543371,"request_end":1576623603377,"request_duration":60006,"type":"256"}
{"start":1576623584039,"end":1576623603358,"duration":19319,"downloading_duration":1257,"execution_duration":17321,"uploading_duration":741,"executable":"ellipsoids-openmp","args":["1.dat","135.log","135.xoutput"],"id":86,"resource":"256","request_start":1576623543367,"request_end":1576623603398,"request_duration":60031,"type":"256"}
{"start":1576623584853,"end":1576623603368,"duration":18515,"downloading_duration":1055,"execution_duration":16800,"uploading_duration":660,"executable":"ellipsoids-openmp","args":["3.dat","312.log","312.xoutput"],"id":153,"resource":"256","request_start":1576623543767,"request_end":1576623603401,"request_duration":59634,"type":"256"}
{"start":1576623584187,"end":1576623603381,"duration":19194,"downloading_duration":1088,"execution_duration":17419,"uploading_duration":687,"executable":"ellipsoids-openmp","args":["3.dat","30.log","30.xoutput"],"id":141,"resource":"256","request_start":1576623543752,"request_end":1576623603559,"request_duration":59807,"type":"256"}
{"start":1576623584042,"end":1576623603393,"duration":19351,"downloading_duration":1207,"execution_duration":17481,"uploading_duration":663,"executable":"ellipsoids-openmp","args":["1.dat","138.log","138.xoutput"],"id":89,"resource":"256","request_start":1576623543369,"request_end":1576623603564,"request_duration":60195,"type":"256"}
{"start":1576623583427,"end":1576623603401,"duration":19974,"downloading_duration":1126,"execution_duration":18100,"uploading_duration":748,"executable":"ellipsoids-openmp","args":["1.dat","117.log","117.xoutput"],"id":68,"resource":"256","request_start":1576623543358,"request_end":1576623603566,"request_duration":60208,"type":"256"}
{"start":1576623583618,"end":1576623603455,"duration":19837,"downloading_duration":1105,"execution_duration":18101,"uploading_duration":631,"executable":"ellipsoids-openmp","args":["1.dat","121.log","121.xoutput"],"id":72,"resource":"256","request_start":1576623543360,"request_end":1576623603576,"request_duration":60216,"type":"256"}
{"start":1576623583579,"end":1576623603502,"duration":19923,"downloading_duration":1155,"execution_duration":18082,"uploading_duration":686,"executable":"ellipsoids-openmp","args":["1.dat","119.log","119.xoutput"],"id":70,"resource":"256","request_start":1576623543359,"request_end":1576623603581,"request_duration":60222,"type":"256"}
{"start":1576623584296,"end":1576623603506,"duration":19210,"downloading_duration":1122,"execution_duration":17341,"uploading_duration":747,"executable":"ellipsoids-openmp","args":["3.dat","35.log","35.xoutput"],"id":146,"resource":"256","request_start":1576623543759,"request_end":1576623603602,"request_duration":59843,"type":"256"}
{"start":1576623584069,"end":1576623603512,"duration":19443,"downloading_duration":1231,"execution_duration":17518,"uploading_duration":694,"executable":"ellipsoids-openmp","args":["1.dat","139.log","139.xoutput"],"id":90,"resource":"256","request_start":1576623543369,"request_end":1576623603603,"request_duration":60234,"type":"256"}
{"start":1576623583190,"end":1576623603562,"duration":20372,"downloading_duration":1139,"execution_duration":18581,"uploading_duration":652,"executable":"ellipsoids-openmp","args":["1.dat","113.log","113.xoutput"],"id":64,"resource":"256","request_start":1576623543356,"request_end":1576623603641,"request_duration":60285,"type":"256"}
{"start":1576623583862,"end":1576623603566,"duration":19704,"downloading_duration":1138,"execution_duration":17901,"uploading_duration":665,"executable":"ellipsoids-openmp","args":["1.dat","129.log","129.xoutput"],"id":80,"resource":"256","request_start":1576623543364,"request_end":1576623603642,"request_duration":60278,"type":"256"}
{"start":1576623584040,"end":1576623603570,"duration":19530,"downloading_duration":1098,"execution_duration":17620,"uploading_duration":812,"executable":"ellipsoids-openmp","args":["1.dat","133.log","133.xoutput"],"id":84,"resource":"256","request_start":1576623543366,"request_end":1576623603644,"request_duration":60278,"type":"256"}
{"start":1576623584199,"end":1576623603588,"duration":19389,"downloading_duration":1157,"execution_duration":17557,"uploading_duration":675,"executable":"ellipsoids-openmp","args":["3.dat","32.log","32.xoutput"],"id":143,"resource":"256","request_start":1576623543755,"request_end":1576623603661,"request_duration":59906,"type":"256"}
{"start":1576623584392,"end":1576623603663,"duration":19271,"downloading_duration":1227,"execution_duration":17281,"uploading_duration":763,"executable":"ellipsoids-openmp","args":["3.dat","36.log","36.xoutput"],"id":147,"resource":"256","request_start":1576623543761,"request_end":1576623603689,"request_duration":59928,"type":"256"}
{"start":1576623583760,"end":1576623603691,"duration":19931,"downloading_duration":1082,"execution_duration":18215,"uploading_duration":634,"executable":"ellipsoids-openmp","args":["1.dat","127.log","127.xoutput"],"id":78,"resource":"256","request_start":1576623543363,"request_end":1576623603713,"request_duration":60350,"type":"256"}
{"start":1576623584494,"end":1576623603764,"duration":19270,"downloading_duration":1108,"execution_duration":17480,"uploading_duration":682,"executable":"ellipsoids-openmp","args":["3.dat","38.log","38.xoutput"],"id":149,"resource":"256","request_start":1576623543763,"request_end":1576623603787,"request_duration":60024,"type":"256"}
{"start":1576623583636,"end":1576623603786,"duration":20150,"downloading_duration":1171,"execution_duration":18360,"uploading_duration":619,"executable":"ellipsoids-openmp","args":["1.dat","122.log","122.xoutput"],"id":73,"resource":"256","request_start":1576623543360,"request_end":1576623603809,"request_duration":60449,"type":"256"}
{"start":1576623584687,"end":1576623603868,"duration":19181,"downloading_duration":1145,"execution_duration":17420,"uploading_duration":616,"executable":"ellipsoids-openmp","args":["3.dat","39.log","39.xoutput"],"id":150,"resource":"256","request_start":1576623543764,"request_end":1576623603893,"request_duration":60129,"type":"256"}
{"start":1576623584792,"end":1576623603881,"duration":19089,"downloading_duration":1137,"execution_duration":17300,"uploading_duration":652,"executable":"ellipsoids-openmp","args":["3.dat","311.log","311.xoutput"],"id":152,"resource":"256","request_start":1576623543766,"request_end":1576623603909,"request_duration":60143,"type":"256"}
{"start":1576623583656,"end":1576623603930,"duration":20274,"downloading_duration":1220,"execution_duration":18301,"uploading_duration":753,"executable":"ellipsoids-openmp","args":["1.dat","123.log","123.xoutput"],"id":74,"resource":"256","request_start":1576623543361,"request_end":1576623603959,"request_duration":60598,"type":"256"}
{"start":1576623583732,"end":1576623604158,"duration":20426,"downloading_duration":1076,"execution_duration":18700,"uploading_duration":650,"executable":"ellipsoids-openmp","args":["1.dat","126.log","126.xoutput"],"id":77,"resource":"256","request_start":1576623543363,"request_end":1576623604181,"request_duration":60818,"type":"256"}
{"start":1576623584938,"end":1576623604772,"duration":19834,"downloading_duration":1181,"execution_duration":18041,"uploading_duration":612,"executable":"ellipsoids-openmp","args":["3.dat","313.log","313.xoutput"],"id":154,"resource":"256","request_start":1576623543768,"request_end":1576623604796,"request_duration":61028,"type":"256"}
{"start":1576623584971,"end":1576623604854,"duration":19883,"downloading_duration":1109,"execution_duration":17701,"uploading_duration":1073,"executable":"ellipsoids-openmp","args":["3.dat","314.log","314.xoutput"],"id":155,"resource":"256","request_start":1576623543769,"request_end":1576623604883,"request_duration":61114,"type":"256"}
{"start":1576623603608,"end":1576623606303,"duration":2695,"downloading_duration":2250,"execution_duration":21,"uploading_duration":424,"executable":"mean-pack-ell","args":["00.xoutput","01.xoutput","02.xoutput","03.xoutput","04.xoutput","05.xoutput","06.xoutput","07.xoutput","08.xoutput","09.xoutput","010.xoutput","011.xoutput","012.xoutput","013.xoutput","014.xoutput","015.xoutput","016.xoutput","017.xoutput","018.xoutput","019.xoutput","020.xoutput","021.xoutput","022.xoutput","023.xoutput","024.xoutput","025.xoutput","026.xoutput","027.xoutput","028.xoutput","029.xoutput","030.xoutput","031.xoutput","032.xoutput","033.xoutput","034.xoutput","035.xoutput","036.xoutput","037.xoutput","038.xoutput","039.xoutput","040.xoutput","041.xoutput","042.xoutput","043.xoutput","044.xoutput","average_0.txt"],"id":186,"resource":"256","request_start":1576623564756,"request_end":1576623606328,"request_duration":41572,"type":"256"}
{"start":1576623603613,"end":1576623606444,"duration":2831,"downloading_duration":2387,"execution_duration":21,"uploading_duration":423,"executable":"mean-pack-ell","args":["20.xoutput","21.xoutput","22.xoutput","23.xoutput","24.xoutput","25.xoutput","26.xoutput","27.xoutput","28.xoutput","29.xoutput","210.xoutput","211.xoutput","212.xoutput","213.xoutput","214.xoutput","215.xoutput","216.xoutput","217.xoutput","218.xoutput","219.xoutput","220.xoutput","221.xoutput","222.xoutput","223.xoutput","224.xoutput","225.xoutput","226.xoutput","227.xoutput","228.xoutput","229.xoutput","230.xoutput","231.xoutput","232.xoutput","233.xoutput","234.xoutput","235.xoutput","236.xoutput","237.xoutput","238.xoutput","239.xoutput","240.xoutput","241.xoutput","242.xoutput","243.xoutput","244.xoutput","average_2.txt"],"id":188,"resource":"256","request_start":1576623584947,"request_end":1576623606469,"request_duration":21522,"type":"256"}
{"start":1576623604400,"end":1576623607338,"duration":2938,"downloading_duration":2428,"execution_duration":41,"uploading_duration":469,"executable":"mean-pack-ell","args":["10.xoutput","11.xoutput","12.xoutput","13.xoutput","14.xoutput","15.xoutput","16.xoutput","17.xoutput","18.xoutput","19.xoutput","110.xoutput","111.xoutput","112.xoutput","113.xoutput","114.xoutput","115.xoutput","116.xoutput","117.xoutput","118.xoutput","119.xoutput","120.xoutput","121.xoutput","122.xoutput","123.xoutput","124.xoutput","125.xoutput","126.xoutput","127.xoutput","128.xoutput","129.xoutput","130.xoutput","131.xoutput","132.xoutput","133.xoutput","134.xoutput","135.xoutput","136.xoutput","137.xoutput","138.xoutput","139.xoutput","140.xoutput","141.xoutput","142.xoutput","143.xoutput","144.xoutput","average_1.txt"],"id":187,"resource":"256","request_start":1576623604193,"request_end":1576623607362,"request_duration":3169,"type":"256"}
{"start":1576623595688,"end":1576623611830,"duration":16142,"downloading_duration":1135,"execution_duration":14281,"uploading_duration":726,"executable":"ellipsoids-openmp","args":["3.dat","315.log","315.xoutput"],"id":156,"resource":"256","request_start":1576623543770,"request_end":1576623611854,"request_duration":68084,"type":"256"}
{"start":1576623602863,"end":1576623621642,"duration":18779,"downloading_duration":1137,"execution_duration":16921,"uploading_duration":721,"executable":"ellipsoids-openmp","args":["3.dat","323.log","323.xoutput"],"id":164,"resource":"256","request_start":1576623543777,"request_end":1576623621668,"request_duration":77891,"type":"256"}
{"start":1576623602845,"end":1576623621892,"duration":19047,"downloading_duration":1064,"execution_duration":17360,"uploading_duration":623,"executable":"ellipsoids-openmp","args":["3.dat","321.log","321.xoutput"],"id":162,"resource":"256","request_start":1576623543775,"request_end":1576623621919,"request_duration":78144,"type":"256"}
{"start":1576623602686,"end":1576623621893,"duration":19207,"downloading_duration":1260,"execution_duration":17340,"uploading_duration":607,"executable":"ellipsoids-openmp","args":["3.dat","318.log","318.xoutput"],"id":159,"resource":"256","request_start":1576623543773,"request_end":1576623621931,"request_duration":78158,"type":"256"}
{"start":1576623602931,"end":1576623622194,"duration":19263,"downloading_duration":1118,"execution_duration":17480,"uploading_duration":665,"executable":"ellipsoids-openmp","args":["3.dat","325.log","325.xoutput"],"id":166,"resource":"256","request_start":1576623543778,"request_end":1576623622220,"request_duration":78442,"type":"256"}
{"start":1576623603206,"end":1576623622235,"duration":19029,"downloading_duration":1038,"execution_duration":17360,"uploading_duration":631,"executable":"ellipsoids-openmp","args":["3.dat","332.log","332.xoutput"],"id":173,"resource":"256","request_start":1576623543783,"request_end":1576623622261,"request_duration":78478,"type":"256"}
{"start":1576623603020,"end":1576623622245,"duration":19225,"downloading_duration":1083,"execution_duration":17502,"uploading_duration":640,"executable":"ellipsoids-openmp","args":["3.dat","327.log","327.xoutput"],"id":168,"resource":"256","request_start":1576623543779,"request_end":1576623622270,"request_duration":78491,"type":"256"}
{"start":1576623603025,"end":1576623622253,"duration":19228,"downloading_duration":1151,"execution_duration":17461,"uploading_duration":616,"executable":"ellipsoids-openmp","args":["3.dat","328.log","328.xoutput"],"id":169,"resource":"256","request_start":1576623543780,"request_end":1576623622278,"request_duration":78498,"type":"256"}
{"start":1576623602857,"end":1576623622255,"duration":19398,"downloading_duration":1108,"execution_duration":17660,"uploading_duration":630,"executable":"ellipsoids-openmp","args":["3.dat","322.log","322.xoutput"],"id":163,"resource":"256","request_start":1576623543776,"request_end":1576623622283,"request_duration":78507,"type":"256"}
{"start":1576623603161,"end":1576623622265,"duration":19104,"downloading_duration":1258,"execution_duration":17160,"uploading_duration":686,"executable":"ellipsoids-openmp","args":["3.dat","330.log","330.xoutput"],"id":171,"resource":"256","request_start":1576623543781,"request_end":1576623622289,"request_duration":78508,"type":"256"}
{"start":1576623602666,"end":1576623622392,"duration":19726,"downloading_duration":1138,"execution_duration":17900,"uploading_duration":688,"executable":"ellipsoids-openmp","args":["3.dat","316.log","316.xoutput"],"id":157,"resource":"256","request_start":1576623543771,"request_end":1576623622420,"request_duration":78649,"type":"256"}
{"start":1576623602675,"end":1576623622399,"duration":19724,"downloading_duration":1069,"execution_duration":18062,"uploading_duration":593,"executable":"ellipsoids-openmp","args":["3.dat","317.log","317.xoutput"],"id":158,"resource":"256","request_start":1576623543772,"request_end":1576623622424,"request_duration":78652,"type":"256"}
{"start":1576623603394,"end":1576623622574,"duration":19180,"downloading_duration":1094,"execution_duration":17442,"uploading_duration":644,"executable":"ellipsoids-openmp","args":["3.dat","339.log","339.xoutput"],"id":180,"resource":"256","request_start":1576623543788,"request_end":1576623622599,"request_duration":78811,"type":"256"}
{"start":1576623603228,"end":1576623622597,"duration":19369,"downloading_duration":1216,"execution_duration":17501,"uploading_duration":652,"executable":"ellipsoids-openmp","args":["3.dat","333.log","333.xoutput"],"id":174,"resource":"256","request_start":1576623543783,"request_end":1576623622621,"request_duration":78838,"type":"256"}
{"start":1576623602788,"end":1576623622821,"duration":20033,"downloading_duration":1132,"execution_duration":18099,"uploading_duration":802,"executable":"ellipsoids-openmp","args":["3.dat","319.log","319.xoutput"],"id":160,"resource":"256","request_start":1576623543774,"request_end":1576623622843,"request_duration":79069,"type":"256"}
{"start":1576623603431,"end":1576623622837,"duration":19406,"downloading_duration":1306,"execution_duration":17479,"uploading_duration":621,"executable":"ellipsoids-openmp","args":["3.dat","342.log","342.xoutput"],"id":183,"resource":"256","request_start":1576623543790,"request_end":1576623622860,"request_duration":79070,"type":"256"}
{"start":1576623603088,"end":1576623622855,"duration":19767,"downloading_duration":1151,"execution_duration":17939,"uploading_duration":677,"executable":"ellipsoids-openmp","args":["3.dat","329.log","329.xoutput"],"id":170,"resource":"256","request_start":1576623543781,"request_end":1576623622887,"request_duration":79106,"type":"256"}
{"start":1576623602991,"end":1576623622906,"duration":19915,"downloading_duration":1105,"execution_duration":18040,"uploading_duration":770,"executable":"ellipsoids-openmp","args":["3.dat","326.log","326.xoutput"],"id":167,"resource":"256","request_start":1576623543779,"request_end":1576623622935,"request_duration":79156,"type":"256"}
{"start":1576623602927,"end":1576623622977,"duration":20050,"downloading_duration":1109,"execution_duration":18260,"uploading_duration":681,"executable":"ellipsoids-openmp","args":["3.dat","324.log","324.xoutput"],"id":165,"resource":"256","request_start":1576623543777,"request_end":1576623623001,"request_duration":79224,"type":"256"}
{"start":1576623603354,"end":1576623623105,"duration":19751,"downloading_duration":1108,"execution_duration":18062,"uploading_duration":581,"executable":"ellipsoids-openmp","args":["3.dat","337.log","337.xoutput"],"id":178,"resource":"256","request_start":1576623543786,"request_end":1576623623128,"request_duration":79342,"type":"256"}
{"start":1576623602798,"end":1576623623154,"duration":20356,"downloading_duration":1211,"execution_duration":18500,"uploading_duration":645,"executable":"ellipsoids-openmp","args":["3.dat","320.log","320.xoutput"],"id":161,"resource":"256","request_start":1576623543774,"request_end":1576623623178,"request_duration":79404,"type":"256"}
{"start":1576623603402,"end":1576623623201,"duration":19799,"downloading_duration":1167,"execution_duration":18040,"uploading_duration":592,"executable":"ellipsoids-openmp","args":["3.dat","341.log","341.xoutput"],"id":182,"resource":"256","request_start":1576623543789,"request_end":1576623623225,"request_duration":79436,"type":"256"}
{"start":1576623603321,"end":1576623623234,"duration":19913,"downloading_duration":1047,"execution_duration":18222,"uploading_duration":644,"executable":"ellipsoids-openmp","args":["3.dat","336.log","336.xoutput"],"id":177,"resource":"256","request_start":1576623543785,"request_end":1576623623258,"request_duration":79473,"type":"256"}
{"start":1576623603243,"end":1576623623272,"duration":20029,"downloading_duration":1117,"execution_duration":18080,"uploading_duration":832,"executable":"ellipsoids-openmp","args":["3.dat","334.log","334.xoutput"],"id":175,"resource":"256","request_start":1576623543784,"request_end":1576623623300,"request_duration":79516,"type":"256"}
{"start":1576623603430,"end":1576623623311,"duration":19881,"downloading_duration":1063,"execution_duration":18201,"uploading_duration":617,"executable":"ellipsoids-openmp","args":["3.dat","343.log","343.xoutput"],"id":184,"resource":"256","request_start":1576623543791,"request_end":1576623623334,"request_duration":79543,"type":"256"}
{"start":1576623603388,"end":1576623623317,"duration":19929,"downloading_duration":1207,"execution_duration":18079,"uploading_duration":643,"executable":"ellipsoids-openmp","args":["3.dat","338.log","338.xoutput"],"id":179,"resource":"256","request_start":1576623543786,"request_end":1576623623343,"request_duration":79557,"type":"256"}
{"start":1576623603188,"end":1576623623482,"duration":20294,"downloading_duration":1147,"execution_duration":18502,"uploading_duration":645,"executable":"ellipsoids-openmp","args":["3.dat","331.log","331.xoutput"],"id":172,"resource":"256","request_start":1576623543782,"request_end":1576623623506,"request_duration":79724,"type":"256"}
{"start":1576623603261,"end":1576623623642,"duration":20381,"downloading_duration":1082,"execution_duration":18642,"uploading_duration":657,"executable":"ellipsoids-openmp","args":["3.dat","335.log","335.xoutput"],"id":176,"resource":"256","request_start":1576623543784,"request_end":1576623623665,"request_duration":79881,"type":"256"}
{"start":1576623603601,"end":1576623623642,"duration":20041,"downloading_duration":1112,"execution_duration":18321,"uploading_duration":608,"executable":"ellipsoids-openmp","args":["3.dat","344.log","344.xoutput"],"id":185,"resource":"256","request_start":1576623543791,"request_end":1576623623667,"request_duration":79876,"type":"256"}
{"start":1576623603396,"end":1576623623654,"duration":20258,"downloading_duration":1140,"execution_duration":18521,"uploading_duration":597,"executable":"ellipsoids-openmp","args":["3.dat","340.log","340.xoutput"],"id":181,"resource":"256","request_start":1576623543789,"request_end":1576623623678,"request_duration":79889,"type":"256"}
{"start":1576623623835,"end":1576623626533,"duration":2698,"downloading_duration":2261,"execution_duration":41,"uploading_duration":396,"executable":"mean-pack-ell","args":["30.xoutput","31.xoutput","32.xoutput","33.xoutput","34.xoutput","35.xoutput","36.xoutput","37.xoutput","38.xoutput","39.xoutput","310.xoutput","311.xoutput","312.xoutput","313.xoutput","314.xoutput","315.xoutput","316.xoutput","317.xoutput","318.xoutput","319.xoutput","320.xoutput","321.xoutput","322.xoutput","323.xoutput","324.xoutput","325.xoutput","326.xoutput","327.xoutput","328.xoutput","329.xoutput","330.xoutput","331.xoutput","332.xoutput","333.xoutput","334.xoutput","335.xoutput","336.xoutput","337.xoutput","338.xoutput","339.xoutput","340.xoutput","341.xoutput","342.xoutput","343.xoutput","344.xoutput","average_3.txt"],"id":189,"resource":"256","request_start":1576623623688,"request_end":1576623626559,"request_duration":2871,"type":"256"}
{"start":1576623626677,"end":1576623628256,"duration":1579,"downloading_duration":619,"execution_duration":562,"uploading_duration":398,"executable":"summary.js","args":[],"id":190,"resource":"256","request_start":1576623626564,"request_end":1576623628279,"request_duration":1715,"type":"256"}
