{"start":1576623275234,"end":1576623276547,"duration":1313,"downloading_duration":387,"execution_duration":488,"uploading_duration":438,"executable":"generateData.js","args":[],"id":1,"resource":"256","request_start":1576623275076,"request_end":1576623276584,"request_duration":1508,"type":"256"}
{"start":1576623276856,"end":1576623278172,"duration":1316,"downloading_duration":384,"execution_duration":509,"uploading_duration":423,"executable":"createDat.js","args":["1.dat"],"id":3,"resource":"256","request_start":1576623276607,"request_end":1576623278199,"request_duration":1592,"type":"256"}
{"start":1576623276857,"end":1576623278191,"duration":1334,"downloading_duration":389,"execution_duration":522,"uploading_duration":423,"executable":"createDat.js","args":["2.dat"],"id":4,"resource":"256","request_start":1576623276611,"request_end":1576623278287,"request_duration":1676,"type":"256"}
{"start":1576623276850,"end":1576623278199,"duration":1349,"downloading_duration":417,"execution_duration":500,"uploading_duration":432,"executable":"createDat.js","args":["0.dat"],"id":2,"resource":"256","request_start":1576623276601,"request_end":1576623278288,"request_duration":1687,"type":"256"}
{"start":1576623276854,"end":1576623278254,"duration":1400,"downloading_duration":434,"execution_duration":512,"uploading_duration":454,"executable":"createDat.js","args":["3.dat"],"id":5,"resource":"256","request_start":1576623276614,"request_end":1576623278288,"request_duration":1674,"type":"256"}
{"start":1576623278803,"end":1576623295706,"duration":16903,"downloading_duration":1199,"execution_duration":15019,"uploading_duration":685,"executable":"ellipsoids-openmp","args":["1.dat","137.log","137.xoutput"],"id":88,"resource":"256","request_start":1576623278255,"request_end":1576623295732,"request_duration":17477,"type":"256"}
{"start":1576623278587,"end":1576623296242,"duration":17655,"downloading_duration":1192,"execution_duration":15822,"uploading_duration":641,"executable":"ellipsoids-openmp","args":["1.dat","119.log","119.xoutput"],"id":70,"resource":"256","request_start":1576623278230,"request_end":1576623296266,"request_duration":18036,"type":"256"}
{"start":1576623278567,"end":1576623296362,"duration":17795,"downloading_duration":1139,"execution_duration":16043,"uploading_duration":613,"executable":"ellipsoids-openmp","args":["1.dat","16.log","16.xoutput"],"id":57,"resource":"256","request_start":1576623278216,"request_end":1576623296390,"request_duration":18174,"type":"256"}
{"start":1576623278559,"end":1576623296509,"duration":17950,"downloading_duration":1127,"execution_duration":16220,"uploading_duration":603,"executable":"ellipsoids-openmp","args":["1.dat","14.log","14.xoutput"],"id":55,"resource":"256","request_start":1576623278214,"request_end":1576623296534,"request_duration":18320,"type":"256"}
{"start":1576623278589,"end":1576623296592,"duration":18003,"downloading_duration":1188,"execution_duration":16200,"uploading_duration":615,"executable":"ellipsoids-openmp","args":["1.dat","124.log","124.xoutput"],"id":75,"resource":"256","request_start":1576623278235,"request_end":1576623296619,"request_duration":18384,"type":"256"}
{"start":1576623278548,"end":1576623296714,"duration":18166,"downloading_duration":1130,"execution_duration":16342,"uploading_duration":694,"executable":"ellipsoids-openmp","args":["1.dat","11.log","11.xoutput"],"id":52,"resource":"256","request_start":1576623278211,"request_end":1576623296740,"request_duration":18529,"type":"256"}
{"start":1576623278560,"end":1576623296757,"duration":18197,"downloading_duration":1203,"execution_duration":16400,"uploading_duration":594,"executable":"ellipsoids-openmp","args":["1.dat","15.log","15.xoutput"],"id":56,"resource":"256","request_start":1576623278215,"request_end":1576623296783,"request_duration":18568,"type":"256"}
{"start":1576623278562,"end":1576623296766,"duration":18204,"downloading_duration":1282,"execution_duration":16340,"uploading_duration":582,"executable":"ellipsoids-openmp","args":["1.dat","111.log","111.xoutput"],"id":62,"resource":"256","request_start":1576623278222,"request_end":1576623296790,"request_duration":18568,"type":"256"}
{"start":1576623278574,"end":1576623296801,"duration":18227,"downloading_duration":1305,"execution_duration":16300,"uploading_duration":622,"executable":"ellipsoids-openmp","args":["1.dat","110.log","110.xoutput"],"id":61,"resource":"256","request_start":1576623278220,"request_end":1576623296824,"request_duration":18604,"type":"256"}
{"start":1576623278765,"end":1576623296808,"duration":18043,"downloading_duration":1202,"execution_duration":16160,"uploading_duration":681,"executable":"ellipsoids-openmp","args":["1.dat","126.log","126.xoutput"],"id":77,"resource":"256","request_start":1576623278237,"request_end":1576623296831,"request_duration":18594,"type":"256"}
{"start":1576623278563,"end":1576623296867,"duration":18304,"downloading_duration":1225,"execution_duration":16379,"uploading_duration":700,"executable":"ellipsoids-openmp","args":["1.dat","17.log","17.xoutput"],"id":58,"resource":"256","request_start":1576623278217,"request_end":1576623296891,"request_duration":18674,"type":"256"}
{"start":1576623278812,"end":1576623296927,"duration":18115,"downloading_duration":1148,"execution_duration":16380,"uploading_duration":587,"executable":"ellipsoids-openmp","args":["1.dat","140.log","140.xoutput"],"id":91,"resource":"256","request_start":1576623278259,"request_end":1576623296953,"request_duration":18694,"type":"256"}
{"start":1576623278559,"end":1576623296948,"duration":18389,"downloading_duration":1377,"execution_duration":16303,"uploading_duration":709,"executable":"ellipsoids-openmp","args":["1.dat","10.log","10.xoutput"],"id":51,"resource":"256","request_start":1576623278210,"request_end":1576623296975,"request_duration":18765,"type":"256"}
{"start":1576623278583,"end":1576623296954,"duration":18371,"downloading_duration":1216,"execution_duration":16541,"uploading_duration":614,"executable":"ellipsoids-openmp","args":["1.dat","121.log","121.xoutput"],"id":72,"resource":"256","request_start":1576623278232,"request_end":1576623296979,"request_duration":18747,"type":"256"}
{"start":1576623278808,"end":1576623297051,"duration":18243,"downloading_duration":1188,"execution_duration":16420,"uploading_duration":635,"executable":"ellipsoids-openmp","args":["1.dat","141.log","141.xoutput"],"id":92,"resource":"256","request_start":1576623278261,"request_end":1576623297080,"request_duration":18819,"type":"256"}
{"start":1576623278809,"end":1576623297157,"duration":18348,"downloading_duration":1149,"execution_duration":16420,"uploading_duration":779,"executable":"ellipsoids-openmp","args":["1.dat","139.log","139.xoutput"],"id":90,"resource":"256","request_start":1576623278258,"request_end":1576623297203,"request_duration":18945,"type":"256"}
{"start":1576623278759,"end":1576623297170,"duration":18411,"downloading_duration":1218,"execution_duration":16380,"uploading_duration":813,"executable":"ellipsoids-openmp","args":["1.dat","120.log","120.xoutput"],"id":71,"resource":"256","request_start":1576623278231,"request_end":1576623297207,"request_duration":18976,"type":"256"}
{"start":1576623278807,"end":1576623297229,"duration":18422,"downloading_duration":1192,"execution_duration":16621,"uploading_duration":609,"executable":"ellipsoids-openmp","args":["1.dat","132.log","132.xoutput"],"id":83,"resource":"256","request_start":1576623278248,"request_end":1576623297254,"request_duration":19006,"type":"256"}
{"start":1576623278560,"end":1576623297230,"duration":18670,"downloading_duration":1122,"execution_duration":16940,"uploading_duration":608,"executable":"ellipsoids-openmp","args":["1.dat","12.log","12.xoutput"],"id":53,"resource":"256","request_start":1576623278212,"request_end":1576623297267,"request_duration":19055,"type":"256"}
{"start":1576623278569,"end":1576623297245,"duration":18676,"downloading_duration":1202,"execution_duration":16860,"uploading_duration":614,"executable":"ellipsoids-openmp","args":["1.dat","114.log","114.xoutput"],"id":65,"resource":"256","request_start":1576623278225,"request_end":1576623297272,"request_duration":19047,"type":"256"}
{"start":1576623278572,"end":1576623297251,"duration":18679,"downloading_duration":1318,"execution_duration":16742,"uploading_duration":619,"executable":"ellipsoids-openmp","args":["1.dat","113.log","113.xoutput"],"id":64,"resource":"256","request_start":1576623278224,"request_end":1576623297279,"request_duration":19055,"type":"256"}
{"start":1576623278588,"end":1576623297259,"duration":18671,"downloading_duration":1126,"execution_duration":16920,"uploading_duration":625,"executable":"ellipsoids-openmp","args":["1.dat","118.log","118.xoutput"],"id":69,"resource":"256","request_start":1576623278229,"request_end":1576623297287,"request_duration":19058,"type":"256"}
{"start":1576623278579,"end":1576623297292,"duration":18713,"downloading_duration":1258,"execution_duration":16801,"uploading_duration":654,"executable":"ellipsoids-openmp","args":["1.dat","115.log","115.xoutput"],"id":66,"resource":"256","request_start":1576623278226,"request_end":1576623297337,"request_duration":19111,"type":"256"}
{"start":1576623278555,"end":1576623297326,"duration":18771,"downloading_duration":1231,"execution_duration":16901,"uploading_duration":639,"executable":"ellipsoids-openmp","args":["1.dat","13.log","13.xoutput"],"id":54,"resource":"256","request_start":1576623278213,"request_end":1576623297349,"request_duration":19136,"type":"256"}
{"start":1576623278565,"end":1576623297353,"duration":18788,"downloading_duration":1231,"execution_duration":16882,"uploading_duration":675,"executable":"ellipsoids-openmp","args":["1.dat","18.log","18.xoutput"],"id":59,"resource":"256","request_start":1576623278218,"request_end":1576623297377,"request_duration":19159,"type":"256"}
{"start":1576623278560,"end":1576623297419,"duration":18859,"downloading_duration":1187,"execution_duration":17040,"uploading_duration":632,"executable":"ellipsoids-openmp","args":["1.dat","19.log","19.xoutput"],"id":60,"resource":"256","request_start":1576623278220,"request_end":1576623297442,"request_duration":19222,"type":"256"}
{"start":1576623278579,"end":1576623297479,"duration":18900,"downloading_duration":1213,"execution_duration":16878,"uploading_duration":809,"executable":"ellipsoids-openmp","args":["1.dat","117.log","117.xoutput"],"id":68,"resource":"256","request_start":1576623278228,"request_end":1576623297505,"request_duration":19277,"type":"256"}
{"start":1576623278801,"end":1576623297633,"duration":18832,"downloading_duration":1176,"execution_duration":17060,"uploading_duration":596,"executable":"ellipsoids-openmp","args":["1.dat","136.log","136.xoutput"],"id":87,"resource":"256","request_start":1576623278254,"request_end":1576623297657,"request_duration":19403,"type":"256"}
{"start":1576623278578,"end":1576623297647,"duration":19069,"downloading_duration":1314,"execution_duration":17103,"uploading_duration":652,"executable":"ellipsoids-openmp","args":["1.dat","116.log","116.xoutput"],"id":67,"resource":"256","request_start":1576623278227,"request_end":1576623297673,"request_duration":19446,"type":"256"}
{"start":1576623278811,"end":1576623297680,"duration":18869,"downloading_duration":1151,"execution_duration":17101,"uploading_duration":617,"executable":"ellipsoids-openmp","args":["1.dat","144.log","144.xoutput"],"id":95,"resource":"256","request_start":1576623278263,"request_end":1576623297703,"request_duration":19440,"type":"256"}
{"start":1576623278804,"end":1576623297718,"duration":18914,"downloading_duration":1095,"execution_duration":17222,"uploading_duration":597,"executable":"ellipsoids-openmp","args":["1.dat","134.log","134.xoutput"],"id":85,"resource":"256","request_start":1576623278250,"request_end":1576623297742,"request_duration":19492,"type":"256"}
{"start":1576623278798,"end":1576623297766,"duration":18968,"downloading_duration":1169,"execution_duration":17040,"uploading_duration":759,"executable":"ellipsoids-openmp","args":["1.dat","135.log","135.xoutput"],"id":86,"resource":"256","request_start":1576623278252,"request_end":1576623297789,"request_duration":19537,"type":"256"}
{"start":1576623278802,"end":1576623297840,"duration":19038,"downloading_duration":1114,"execution_duration":17322,"uploading_duration":602,"executable":"ellipsoids-openmp","args":["1.dat","131.log","131.xoutput"],"id":82,"resource":"256","request_start":1576623278247,"request_end":1576623297864,"request_duration":19617,"type":"256"}
{"start":1576623278812,"end":1576623298050,"duration":19238,"downloading_duration":1235,"execution_duration":17341,"uploading_duration":662,"executable":"ellipsoids-openmp","args":["1.dat","143.log","143.xoutput"],"id":94,"resource":"256","request_start":1576623278262,"request_end":1576623298076,"request_duration":19814,"type":"256"}
{"start":1576623278815,"end":1576623298258,"duration":19443,"downloading_duration":1310,"execution_duration":17502,"uploading_duration":631,"executable":"ellipsoids-openmp","args":["2.dat","25.log","25.xoutput"],"id":101,"resource":"256","request_start":1576623278330,"request_end":1576623298281,"request_duration":19951,"type":"256"}
{"start":1576623278796,"end":1576623298292,"duration":19496,"downloading_duration":1214,"execution_duration":17679,"uploading_duration":603,"executable":"ellipsoids-openmp","args":["1.dat","133.log","133.xoutput"],"id":84,"resource":"256","request_start":1576623278249,"request_end":1576623298314,"request_duration":20065,"type":"256"}
{"start":1576623278766,"end":1576623298321,"duration":19555,"downloading_duration":1276,"execution_duration":17680,"uploading_duration":599,"executable":"ellipsoids-openmp","args":["1.dat","122.log","122.xoutput"],"id":73,"resource":"256","request_start":1576623278233,"request_end":1576623298346,"request_duration":20113,"type":"256"}
{"start":1576623278801,"end":1576623298327,"duration":19526,"downloading_duration":1211,"execution_duration":17681,"uploading_duration":634,"executable":"ellipsoids-openmp","args":["1.dat","138.log","138.xoutput"],"id":89,"resource":"256","request_start":1576623278257,"request_end":1576623298354,"request_duration":20097,"type":"256"}
{"start":1576623278939,"end":1576623298479,"duration":19540,"downloading_duration":1269,"execution_duration":17641,"uploading_duration":630,"executable":"ellipsoids-openmp","args":["1.dat","128.log","128.xoutput"],"id":79,"resource":"256","request_start":1576623278238,"request_end":1576623298504,"request_duration":20266,"type":"256"}
{"start":1576623278938,"end":1576623298482,"duration":19544,"downloading_duration":1185,"execution_duration":17721,"uploading_duration":638,"executable":"ellipsoids-openmp","args":["1.dat","123.log","123.xoutput"],"id":74,"resource":"256","request_start":1576623278234,"request_end":1576623298509,"request_duration":20275,"type":"256"}
{"start":1576623278571,"end":1576623298536,"duration":19965,"downloading_duration":1473,"execution_duration":17780,"uploading_duration":712,"executable":"ellipsoids-openmp","args":["1.dat","112.log","112.xoutput"],"id":63,"resource":"256","request_start":1576623278223,"request_end":1576623298559,"request_duration":20336,"type":"256"}
{"start":1576623278809,"end":1576623298606,"duration":19797,"downloading_duration":1223,"execution_duration":17921,"uploading_duration":653,"executable":"ellipsoids-openmp","args":["1.dat","142.log","142.xoutput"],"id":93,"resource":"256","request_start":1576623278261,"request_end":1576623298633,"request_duration":20372,"type":"256"}
{"start":1576623278931,"end":1576623298648,"duration":19717,"downloading_duration":1171,"execution_duration":17902,"uploading_duration":644,"executable":"ellipsoids-openmp","args":["1.dat","127.log","127.xoutput"],"id":78,"resource":"256","request_start":1576623278237,"request_end":1576623298687,"request_duration":20450,"type":"256"}
{"start":1576623278940,"end":1576623298704,"duration":19764,"downloading_duration":1199,"execution_duration":17980,"uploading_duration":585,"executable":"ellipsoids-openmp","args":["1.dat","129.log","129.xoutput"],"id":80,"resource":"256","request_start":1576623278240,"request_end":1576623298726,"request_duration":20486,"type":"256"}
{"start":1576623278815,"end":1576623298786,"duration":19971,"downloading_duration":1195,"execution_duration":18160,"uploading_duration":616,"executable":"ellipsoids-openmp","args":["2.dat","26.log","26.xoutput"],"id":102,"resource":"256","request_start":1576623278331,"request_end":1576623298812,"request_duration":20481,"type":"256"}
{"start":1576623278942,"end":1576623298825,"duration":19883,"downloading_duration":1186,"execution_duration":18041,"uploading_duration":656,"executable":"ellipsoids-openmp","args":["1.dat","130.log","130.xoutput"],"id":81,"resource":"256","request_start":1576623278245,"request_end":1576623298849,"request_duration":20604,"type":"256"}
{"start":1576623278816,"end":1576623298936,"duration":20120,"downloading_duration":1221,"execution_duration":18300,"uploading_duration":599,"executable":"ellipsoids-openmp","args":["2.dat","24.log","24.xoutput"],"id":100,"resource":"256","request_start":1576623278329,"request_end":1576623298959,"request_duration":20630,"type":"256"}
{"start":1576623278818,"end":1576623299035,"duration":20217,"downloading_duration":1157,"execution_duration":18460,"uploading_duration":600,"executable":"ellipsoids-openmp","args":["2.dat","28.log","28.xoutput"],"id":104,"resource":"256","request_start":1576623278333,"request_end":1576623299135,"request_duration":20802,"type":"256"}
{"start":1576623278941,"end":1576623299070,"duration":20129,"downloading_duration":1155,"execution_duration":18260,"uploading_duration":714,"executable":"ellipsoids-openmp","args":["1.dat","125.log","125.xoutput"],"id":76,"resource":"256","request_start":1576623278236,"request_end":1576623299142,"request_duration":20906,"type":"256"}
{"start":1576623278814,"end":1576623299343,"duration":20529,"downloading_duration":1161,"execution_duration":18760,"uploading_duration":608,"executable":"ellipsoids-openmp","args":["2.dat","27.log","27.xoutput"],"id":103,"resource":"256","request_start":1576623278332,"request_end":1576623299366,"request_duration":21034,"type":"256"}
{"start":1576623295757,"end":1576623312922,"duration":17165,"downloading_duration":1224,"execution_duration":15301,"uploading_duration":640,"executable":"ellipsoids-openmp","args":["2.dat","29.log","29.xoutput"],"id":105,"resource":"256","request_start":1576623278334,"request_end":1576623312945,"request_duration":34611,"type":"256"}
{"start":1576623296413,"end":1576623315899,"duration":19486,"downloading_duration":1134,"execution_duration":17700,"uploading_duration":652,"executable":"ellipsoids-openmp","args":["2.dat","211.log","211.xoutput"],"id":107,"resource":"256","request_start":1576623278335,"request_end":1576623315924,"request_duration":37589,"type":"256"}
{"start":1576623296558,"end":1576623316148,"duration":19590,"downloading_duration":1288,"execution_duration":17700,"uploading_duration":602,"executable":"ellipsoids-openmp","args":["2.dat","212.log","212.xoutput"],"id":108,"resource":"256","request_start":1576623278336,"request_end":1576623316172,"request_duration":37836,"type":"256"}
{"start":1576623296913,"end":1576623316165,"duration":19252,"downloading_duration":1154,"execution_duration":17420,"uploading_duration":678,"executable":"ellipsoids-openmp","args":["2.dat","219.log","219.xoutput"],"id":115,"resource":"256","request_start":1576623278340,"request_end":1576623316188,"request_duration":37848,"type":"256"}
{"start":1576623296640,"end":1576623316436,"duration":19796,"downloading_duration":1097,"execution_duration":18060,"uploading_duration":639,"executable":"ellipsoids-openmp","args":["2.dat","213.log","213.xoutput"],"id":109,"resource":"256","request_start":1576623278336,"request_end":1576623316462,"request_duration":38126,"type":"256"}
{"start":1576623296291,"end":1576623316529,"duration":20238,"downloading_duration":1188,"execution_duration":18420,"uploading_duration":630,"executable":"ellipsoids-openmp","args":["2.dat","210.log","210.xoutput"],"id":106,"resource":"256","request_start":1576623278334,"request_end":1576623316553,"request_duration":38219,"type":"256"}
{"start":1576623296984,"end":1576623316861,"duration":19877,"downloading_duration":1095,"execution_duration":18141,"uploading_duration":641,"executable":"ellipsoids-openmp","args":["2.dat","220.log","220.xoutput"],"id":116,"resource":"256","request_start":1576623278341,"request_end":1576623316884,"request_duration":38543,"type":"256"}
{"start":1576623297293,"end":1576623316933,"duration":19640,"downloading_duration":1138,"execution_duration":17900,"uploading_duration":602,"executable":"ellipsoids-openmp","args":["2.dat","228.log","228.xoutput"],"id":124,"resource":"256","request_start":1576623278345,"request_end":1576623316959,"request_duration":38614,"type":"256"}
{"start":1576623296813,"end":1576623317061,"duration":20248,"downloading_duration":1126,"execution_duration":18460,"uploading_duration":662,"executable":"ellipsoids-openmp","args":["2.dat","216.log","216.xoutput"],"id":112,"resource":"256","request_start":1576623278338,"request_end":1576623317090,"request_duration":38752,"type":"256"}
{"start":1576623297362,"end":1576623317108,"duration":19746,"downloading_duration":1154,"execution_duration":17901,"uploading_duration":691,"executable":"ellipsoids-openmp","args":["2.dat","231.log","231.xoutput"],"id":127,"resource":"256","request_start":1576623278347,"request_end":1576623317133,"request_duration":38786,"type":"256"}
{"start":1576623296861,"end":1576623317161,"duration":20300,"downloading_duration":1142,"execution_duration":18561,"uploading_duration":597,"executable":"ellipsoids-openmp","args":["2.dat","218.log","218.xoutput"],"id":114,"resource":"256","request_start":1576623278339,"request_end":1576623317189,"request_duration":38850,"type":"256"}
{"start":1576623296761,"end":1576623317207,"duration":20446,"downloading_duration":1218,"execution_duration":18620,"uploading_duration":608,"executable":"ellipsoids-openmp","args":["2.dat","214.log","214.xoutput"],"id":110,"resource":"256","request_start":1576623278337,"request_end":1576623317235,"request_duration":38898,"type":"256"}
{"start":1576623297009,"end":1576623317391,"duration":20382,"downloading_duration":1231,"execution_duration":18501,"uploading_duration":650,"executable":"ellipsoids-openmp","args":["2.dat","222.log","222.xoutput"],"id":118,"resource":"256","request_start":1576623278342,"request_end":1576623317414,"request_duration":39072,"type":"256"}
{"start":1576623297102,"end":1576623317614,"duration":20512,"downloading_duration":1154,"execution_duration":18722,"uploading_duration":636,"executable":"ellipsoids-openmp","args":["2.dat","223.log","223.xoutput"],"id":119,"resource":"256","request_start":1576623278342,"request_end":1576623317640,"request_duration":39298,"type":"256"}
{"start":1576623296804,"end":1576623317633,"duration":20829,"downloading_duration":1240,"execution_duration":18920,"uploading_duration":669,"executable":"ellipsoids-openmp","args":["2.dat","215.log","215.xoutput"],"id":111,"resource":"256","request_start":1576623278337,"request_end":1576623317659,"request_duration":39322,"type":"256"}
{"start":1576623296854,"end":1576623317750,"duration":20896,"downloading_duration":1153,"execution_duration":19100,"uploading_duration":643,"executable":"ellipsoids-openmp","args":["2.dat","217.log","217.xoutput"],"id":113,"resource":"256","request_start":1576623278338,"request_end":1576623317774,"request_duration":39436,"type":"256"}
{"start":1576623297279,"end":1576623317761,"duration":20482,"downloading_duration":1095,"execution_duration":18581,"uploading_duration":806,"executable":"ellipsoids-openmp","args":["2.dat","226.log","226.xoutput"],"id":122,"resource":"256","request_start":1576623278344,"request_end":1576623317784,"request_duration":39440,"type":"256"}
{"start":1576623297402,"end":1576623317774,"duration":20372,"downloading_duration":1116,"execution_duration":18621,"uploading_duration":635,"executable":"ellipsoids-openmp","args":["2.dat","233.log","233.xoutput"],"id":129,"resource":"256","request_start":1576623278348,"request_end":1576623317800,"request_duration":39452,"type":"256"}
{"start":1576623297299,"end":1576623317889,"duration":20590,"downloading_duration":1120,"execution_duration":18738,"uploading_duration":732,"executable":"ellipsoids-openmp","args":["2.dat","229.log","229.xoutput"],"id":125,"resource":"256","request_start":1576623278346,"request_end":1576623317914,"request_duration":39568,"type":"256"}
{"start":1576623297000,"end":1576623317924,"duration":20924,"downloading_duration":1157,"execution_duration":19122,"uploading_duration":645,"executable":"ellipsoids-openmp","args":["2.dat","221.log","221.xoutput"],"id":117,"resource":"256","request_start":1576623278341,"request_end":1576623317952,"request_duration":39611,"type":"256"}
{"start":1576623297228,"end":1576623318022,"duration":20794,"downloading_duration":1109,"execution_duration":19060,"uploading_duration":625,"executable":"ellipsoids-openmp","args":["2.dat","224.log","224.xoutput"],"id":120,"resource":"256","request_start":1576623278343,"request_end":1576623318048,"request_duration":39705,"type":"256"}
{"start":1576623297293,"end":1576623318059,"duration":20766,"downloading_duration":1138,"execution_duration":19021,"uploading_duration":607,"executable":"ellipsoids-openmp","args":["2.dat","227.log","227.xoutput"],"id":123,"resource":"256","request_start":1576623278345,"request_end":1576623318083,"request_duration":39738,"type":"256"}
{"start":1576623297373,"end":1576623318072,"duration":20699,"downloading_duration":1113,"execution_duration":18961,"uploading_duration":625,"executable":"ellipsoids-openmp","args":["2.dat","232.log","232.xoutput"],"id":128,"resource":"256","request_start":1576623278348,"request_end":1576623318095,"request_duration":39747,"type":"256"}
{"start":1576623297817,"end":1576623318255,"duration":20438,"downloading_duration":1090,"execution_duration":18701,"uploading_duration":647,"executable":"ellipsoids-openmp","args":["2.dat","240.log","240.xoutput"],"id":136,"resource":"256","request_start":1576623278352,"request_end":1576623318279,"request_duration":39927,"type":"256"}
{"start":1576623297310,"end":1576623318371,"duration":21061,"downloading_duration":1192,"execution_duration":19241,"uploading_duration":628,"executable":"ellipsoids-openmp","args":["2.dat","230.log","230.xoutput"],"id":126,"resource":"256","request_start":1576623278346,"request_end":1576623318393,"request_duration":40047,"type":"256"}
{"start":1576623297887,"end":1576623318374,"duration":20487,"downloading_duration":1089,"execution_duration":18801,"uploading_duration":597,"executable":"ellipsoids-openmp","args":["2.dat","241.log","241.xoutput"],"id":137,"resource":"256","request_start":1576623278353,"request_end":1576623318398,"request_duration":40045,"type":"256"}
{"start":1576623298304,"end":1576623318488,"duration":20184,"downloading_duration":1084,"execution_duration":18481,"uploading_duration":619,"executable":"ellipsoids-openmp","args":["2.dat","243.log","243.xoutput"],"id":139,"resource":"256","request_start":1576623278354,"request_end":1576623318512,"request_duration":40158,"type":"256"}
{"start":1576623298335,"end":1576623318531,"duration":20196,"downloading_duration":1137,"execution_duration":18442,"uploading_duration":617,"executable":"ellipsoids-openmp","args":["2.dat","244.log","244.xoutput"],"id":140,"resource":"256","request_start":1576623278354,"request_end":1576623318559,"request_duration":40205,"type":"256"}
{"start":1576623297525,"end":1576623318549,"duration":21024,"downloading_duration":1225,"execution_duration":19141,"uploading_duration":658,"executable":"ellipsoids-openmp","args":["2.dat","235.log","235.xoutput"],"id":131,"resource":"256","request_start":1576623278349,"request_end":1576623318772,"request_duration":40423,"type":"256"}
{"start":1576623297465,"end":1576623318570,"duration":21105,"downloading_duration":1082,"execution_duration":19402,"uploading_duration":621,"executable":"ellipsoids-openmp","args":["2.dat","234.log","234.xoutput"],"id":130,"resource":"256","request_start":1576623278349,"request_end":1576623318776,"request_duration":40427,"type":"256"}
{"start":1576623297235,"end":1576623318597,"duration":21362,"downloading_duration":1226,"execution_duration":19519,"uploading_duration":617,"executable":"ellipsoids-openmp","args":["2.dat","225.log","225.xoutput"],"id":121,"resource":"256","request_start":1576623278344,"request_end":1576623318779,"request_duration":40435,"type":"256"}
{"start":1576623297694,"end":1576623318644,"duration":20950,"downloading_duration":1928,"execution_duration":18401,"uploading_duration":621,"executable":"ellipsoids-openmp","args":["2.dat","237.log","237.xoutput"],"id":133,"resource":"256","request_start":1576623278350,"request_end":1576623318785,"request_duration":40435,"type":"256"}
{"start":1576623297768,"end":1576623318688,"duration":20920,"downloading_duration":1189,"execution_duration":18100,"uploading_duration":1631,"executable":"ellipsoids-openmp","args":["2.dat","239.log","239.xoutput"],"id":135,"resource":"256","request_start":1576623278352,"request_end":1576623318788,"request_duration":40436,"type":"256"}
{"start":1576623298366,"end":1576623318770,"duration":20404,"downloading_duration":1276,"execution_duration":18527,"uploading_duration":601,"executable":"ellipsoids-openmp","args":["2.dat","20.log","20.xoutput"],"id":96,"resource":"256","request_start":1576623278355,"request_end":1576623318801,"request_duration":40446,"type":"256"}
{"start":1576623298582,"end":1576623318777,"duration":20195,"downloading_duration":1122,"execution_duration":18500,"uploading_duration":573,"executable":"ellipsoids-openmp","args":["0.dat","04.log","04.xoutput"],"id":10,"resource":"256","request_start":1576623278360,"request_end":1576623318802,"request_duration":40442,"type":"256"}
{"start":1576623298107,"end":1576623318800,"duration":20693,"downloading_duration":1260,"execution_duration":18801,"uploading_duration":632,"executable":"ellipsoids-openmp","args":["2.dat","242.log","242.xoutput"],"id":138,"resource":"256","request_start":1576623278353,"request_end":1576623318823,"request_duration":40470,"type":"256"}
{"start":1576623297679,"end":1576623318824,"duration":21145,"downloading_duration":1093,"execution_duration":19361,"uploading_duration":691,"executable":"ellipsoids-openmp","args":["2.dat","236.log","236.xoutput"],"id":132,"resource":"256","request_start":1576623278350,"request_end":1576623318848,"request_duration":40498,"type":"256"}
{"start":1576623297726,"end":1576623319006,"duration":21280,"downloading_duration":1212,"execution_duration":19341,"uploading_duration":727,"executable":"ellipsoids-openmp","args":["2.dat","238.log","238.xoutput"],"id":134,"resource":"256","request_start":1576623278351,"request_end":1576623319029,"request_duration":40678,"type":"256"}
{"start":1576623298667,"end":1576623319203,"duration":20536,"downloading_duration":1185,"execution_duration":18682,"uploading_duration":669,"executable":"ellipsoids-openmp","args":["0.dat","05.log","05.xoutput"],"id":11,"resource":"256","request_start":1576623278361,"request_end":1576623319229,"request_duration":40868,"type":"256"}
{"start":1576623298376,"end":1576623319262,"duration":20886,"downloading_duration":1129,"execution_duration":19161,"uploading_duration":596,"executable":"ellipsoids-openmp","args":["2.dat","21.log","21.xoutput"],"id":97,"resource":"256","request_start":1576623278358,"request_end":1576623319286,"request_duration":40928,"type":"256"}
{"start":1576623298834,"end":1576623319272,"duration":20438,"downloading_duration":1154,"execution_duration":18640,"uploading_duration":644,"executable":"ellipsoids-openmp","args":["0.dat","08.log","08.xoutput"],"id":14,"resource":"256","request_start":1576623278362,"request_end":1576623319297,"request_duration":40935,"type":"256"}
{"start":1576623298522,"end":1576623319299,"duration":20777,"downloading_duration":1161,"execution_duration":19000,"uploading_duration":616,"executable":"ellipsoids-openmp","args":["2.dat","22.log","22.xoutput"],"id":98,"resource":"256","request_start":1576623278359,"request_end":1576623319324,"request_duration":40965,"type":"256"}
{"start":1576623298747,"end":1576623319383,"duration":20636,"downloading_duration":1232,"execution_duration":18740,"uploading_duration":664,"executable":"ellipsoids-openmp","args":["0.dat","07.log","07.xoutput"],"id":13,"resource":"256","request_start":1576623278362,"request_end":1576623319409,"request_duration":41047,"type":"256"}
{"start":1576623298537,"end":1576623319462,"duration":20925,"downloading_duration":1230,"execution_duration":19121,"uploading_duration":574,"executable":"ellipsoids-openmp","args":["2.dat","23.log","23.xoutput"],"id":99,"resource":"256","request_start":1576623278360,"request_end":1576623319487,"request_duration":41127,"type":"256"}
{"start":1576623298873,"end":1576623319933,"duration":21060,"downloading_duration":1157,"execution_duration":19240,"uploading_duration":663,"executable":"ellipsoids-openmp","args":["0.dat","09.log","09.xoutput"],"id":15,"resource":"256","request_start":1576623278363,"request_end":1576623319959,"request_duration":41596,"type":"256"}
{"start":1576623299167,"end":1576623319976,"duration":20809,"downloading_duration":1229,"execution_duration":18962,"uploading_duration":618,"executable":"ellipsoids-openmp","args":["0.dat","011.log","011.xoutput"],"id":17,"resource":"256","request_start":1576623278364,"request_end":1576623320002,"request_duration":41638,"type":"256"}
{"start":1576623298981,"end":1576623320118,"duration":21137,"downloading_duration":1216,"execution_duration":19300,"uploading_duration":621,"executable":"ellipsoids-openmp","args":["0.dat","010.log","010.xoutput"],"id":16,"resource":"256","request_start":1576623278363,"request_end":1576623320144,"request_duration":41781,"type":"256"}
{"start":1576623298707,"end":1576623320121,"duration":21414,"downloading_duration":1296,"execution_duration":19439,"uploading_duration":679,"executable":"ellipsoids-openmp","args":["0.dat","06.log","06.xoutput"],"id":12,"resource":"256","request_start":1576623278361,"request_end":1576623320146,"request_duration":41785,"type":"256"}
{"start":1576623299388,"end":1576623320603,"duration":21215,"downloading_duration":1247,"execution_duration":19302,"uploading_duration":666,"executable":"ellipsoids-openmp","args":["0.dat","013.log","013.xoutput"],"id":19,"resource":"256","request_start":1576623278365,"request_end":1576623320630,"request_duration":42265,"type":"256"}
{"start":1576623299168,"end":1576623323192,"duration":24024,"downloading_duration":1247,"execution_duration":19000,"uploading_duration":3777,"executable":"ellipsoids-openmp","args":["0.dat","012.log","012.xoutput"],"id":18,"resource":"256","request_start":1576623278364,"request_end":1576623323219,"request_duration":44855,"type":"256"}
{"start":1576623312965,"end":1576623329566,"duration":16601,"downloading_duration":1957,"execution_duration":14022,"uploading_duration":622,"executable":"ellipsoids-openmp","args":["0.dat","014.log","014.xoutput"],"id":20,"resource":"256","request_start":1576623278366,"request_end":1576623329593,"request_duration":51227,"type":"256"}
{"start":1576623316209,"end":1576623335536,"duration":19327,"downloading_duration":1157,"execution_duration":17281,"uploading_duration":889,"executable":"ellipsoids-openmp","args":["0.dat","017.log","017.xoutput"],"id":23,"resource":"256","request_start":1576623278367,"request_end":1576623335560,"request_duration":57193,"type":"256"}
{"start":1576623315947,"end":1576623335793,"duration":19846,"downloading_duration":1240,"execution_duration":17980,"uploading_duration":626,"executable":"ellipsoids-openmp","args":["0.dat","015.log","015.xoutput"],"id":21,"resource":"256","request_start":1576623278366,"request_end":1576623335820,"request_duration":57454,"type":"256"}
{"start":1576623316198,"end":1576623336032,"duration":19834,"downloading_duration":1229,"execution_duration":17942,"uploading_duration":663,"executable":"ellipsoids-openmp","args":["0.dat","016.log","016.xoutput"],"id":22,"resource":"256","request_start":1576623278367,"request_end":1576623336054,"request_duration":57687,"type":"256"}
{"start":1576623316484,"end":1576623336118,"duration":19634,"downloading_duration":1154,"execution_duration":17839,"uploading_duration":641,"executable":"ellipsoids-openmp","args":["0.dat","018.log","018.xoutput"],"id":24,"resource":"256","request_start":1576623278368,"request_end":1576623336141,"request_duration":57773,"type":"256"}
{"start":1576623316578,"end":1576623336983,"duration":20405,"downloading_duration":1161,"execution_duration":18601,"uploading_duration":643,"executable":"ellipsoids-openmp","args":["0.dat","019.log","019.xoutput"],"id":25,"resource":"256","request_start":1576623278368,"request_end":1576623337009,"request_duration":58641,"type":"256"}
{"start":1576623316988,"end":1576623337011,"duration":20023,"downloading_duration":1224,"execution_duration":18019,"uploading_duration":780,"executable":"ellipsoids-openmp","args":["0.dat","021.log","021.xoutput"],"id":27,"resource":"256","request_start":1576623278369,"request_end":1576623337034,"request_duration":58665,"type":"256"}
{"start":1576623317113,"end":1576623337285,"duration":20172,"downloading_duration":1146,"execution_duration":18380,"uploading_duration":646,"executable":"ellipsoids-openmp","args":["0.dat","022.log","022.xoutput"],"id":28,"resource":"256","request_start":1576623278370,"request_end":1576623337308,"request_duration":58938,"type":"256"}
{"start":1576623317802,"end":1576623337531,"duration":19729,"downloading_duration":1056,"execution_duration":18080,"uploading_duration":593,"executable":"ellipsoids-openmp","args":["0.dat","029.log","029.xoutput"],"id":35,"resource":"256","request_start":1576623278373,"request_end":1576623337554,"request_duration":59181,"type":"256"}
{"start":1576623317827,"end":1576623337651,"duration":19824,"downloading_duration":1242,"execution_duration":17839,"uploading_duration":743,"executable":"ellipsoids-openmp","args":["0.dat","031.log","031.xoutput"],"id":37,"resource":"256","request_start":1576623278374,"request_end":1576623337673,"request_duration":59299,"type":"256"}
{"start":1576623317156,"end":1576623337663,"duration":20507,"downloading_duration":1160,"execution_duration":18503,"uploading_duration":844,"executable":"ellipsoids-openmp","args":["0.dat","023.log","023.xoutput"],"id":29,"resource":"256","request_start":1576623278370,"request_end":1576623337689,"request_duration":59319,"type":"256"}
{"start":1576623316906,"end":1576623337680,"duration":20774,"downloading_duration":1214,"execution_duration":18800,"uploading_duration":760,"executable":"ellipsoids-openmp","args":["0.dat","020.log","020.xoutput"],"id":26,"resource":"256","request_start":1576623278369,"request_end":1576623337704,"request_duration":59335,"type":"256"}
{"start":1576623317439,"end":1576623337885,"duration":20446,"downloading_duration":1181,"execution_duration":18642,"uploading_duration":623,"executable":"ellipsoids-openmp","args":["0.dat","026.log","026.xoutput"],"id":32,"resource":"256","request_start":1576623278372,"request_end":1576623337910,"request_duration":59538,"type":"256"}
{"start":1576623318871,"end":1576623337938,"duration":19067,"downloading_duration":1241,"execution_duration":17143,"uploading_duration":683,"executable":"ellipsoids-openmp","args":["3.dat","31.log","31.xoutput"],"id":142,"resource":"256","request_start":1576623278384,"request_end":1576623337962,"request_duration":59578,"type":"256"}
{"start":1576623317262,"end":1576623338031,"duration":20769,"downloading_duration":1236,"execution_duration":18881,"uploading_duration":652,"executable":"ellipsoids-openmp","args":["0.dat","025.log","025.xoutput"],"id":31,"resource":"256","request_start":1576623278371,"request_end":1576623338055,"request_duration":59684,"type":"256"}
{"start":1576623317211,"end":1576623338038,"duration":20827,"downloading_duration":1132,"execution_duration":19100,"uploading_duration":595,"executable":"ellipsoids-openmp","args":["0.dat","024.log","024.xoutput"],"id":30,"resource":"256","request_start":1576623278371,"request_end":1576623338063,"request_duration":59692,"type":"256"}
{"start":1576623317664,"end":1576623338106,"duration":20442,"downloading_duration":1220,"execution_duration":18500,"uploading_duration":722,"executable":"ellipsoids-openmp","args":["0.dat","027.log","027.xoutput"],"id":33,"resource":"256","request_start":1576623278372,"request_end":1576623338129,"request_duration":59757,"type":"256"}
{"start":1576623317805,"end":1576623338147,"duration":20342,"downloading_duration":1169,"execution_duration":18541,"uploading_duration":632,"executable":"ellipsoids-openmp","args":["0.dat","030.log","030.xoutput"],"id":36,"resource":"256","request_start":1576623278374,"request_end":1576623338173,"request_duration":59799,"type":"256"}
{"start":1576623317934,"end":1576623338220,"duration":20286,"downloading_duration":1123,"execution_duration":18480,"uploading_duration":683,"executable":"ellipsoids-openmp","args":["0.dat","032.log","032.xoutput"],"id":38,"resource":"256","request_start":1576623278375,"request_end":1576623338246,"request_duration":59871,"type":"256"}
{"start":1576623318107,"end":1576623338226,"duration":20119,"downloading_duration":1159,"execution_duration":18361,"uploading_duration":599,"executable":"ellipsoids-openmp","args":["0.dat","035.log","035.xoutput"],"id":41,"resource":"256","request_start":1576623278376,"request_end":1576623338251,"request_duration":59875,"type":"256"}
{"start":1576623317687,"end":1576623338352,"duration":20665,"downloading_duration":1149,"execution_duration":18740,"uploading_duration":776,"executable":"ellipsoids-openmp","args":["0.dat","028.log","028.xoutput"],"id":34,"resource":"256","request_start":1576623278373,"request_end":1576623338378,"request_duration":60005,"type":"256"}
{"start":1576623317970,"end":1576623338386,"duration":20416,"downloading_duration":1127,"execution_duration":18620,"uploading_duration":669,"executable":"ellipsoids-openmp","args":["0.dat","033.log","033.xoutput"],"id":39,"resource":"256","request_start":1576623278375,"request_end":1576623338411,"request_duration":60036,"type":"256"}
{"start":1576623319051,"end":1576623338394,"duration":19343,"downloading_duration":1267,"execution_duration":17401,"uploading_duration":675,"executable":"ellipsoids-openmp","args":["3.dat","32.log","32.xoutput"],"id":143,"resource":"256","request_start":1576623278385,"request_end":1576623338419,"request_duration":60034,"type":"256"}
{"start":1576623318071,"end":1576623338440,"duration":20369,"downloading_duration":1140,"execution_duration":18581,"uploading_duration":648,"executable":"ellipsoids-openmp","args":["0.dat","034.log","034.xoutput"],"id":40,"resource":"256","request_start":1576623278376,"request_end":1576623338464,"request_duration":60088,"type":"256"}
{"start":1576623319346,"end":1576623338458,"duration":19112,"downloading_duration":1140,"execution_duration":17360,"uploading_duration":612,"executable":"ellipsoids-openmp","args":["3.dat","36.log","36.xoutput"],"id":147,"resource":"256","request_start":1576623278387,"request_end":1576623338482,"request_duration":60095,"type":"256"}
{"start":1576623319330,"end":1576623338498,"duration":19168,"downloading_duration":1137,"execution_duration":17403,"uploading_duration":628,"executable":"ellipsoids-openmp","args":["3.dat","35.log","35.xoutput"],"id":146,"resource":"256","request_start":1576623278387,"request_end":1576623338522,"request_duration":60135,"type":"256"}
{"start":1576623319252,"end":1576623338547,"duration":19295,"downloading_duration":1180,"execution_duration":17480,"uploading_duration":635,"executable":"ellipsoids-openmp","args":["3.dat","33.log","33.xoutput"],"id":144,"resource":"256","request_start":1576623278386,"request_end":1576623338569,"request_duration":60183,"type":"256"}
{"start":1576623320023,"end":1576623338594,"duration":18571,"downloading_duration":1193,"execution_duration":16760,"uploading_duration":618,"executable":"ellipsoids-openmp","args":["3.dat","310.log","310.xoutput"],"id":151,"resource":"256","request_start":1576623278389,"request_end":1576623338618,"request_duration":60229,"type":"256"}
{"start":1576623318299,"end":1576623338666,"duration":20367,"downloading_duration":1108,"execution_duration":18680,"uploading_duration":579,"executable":"ellipsoids-openmp","args":["0.dat","037.log","037.xoutput"],"id":43,"resource":"256","request_start":1576623278377,"request_end":1576623338689,"request_duration":60312,"type":"256"}
{"start":1576623320175,"end":1576623338724,"duration":18549,"downloading_duration":1062,"execution_duration":16862,"uploading_duration":625,"executable":"ellipsoids-openmp","args":["3.dat","312.log","312.xoutput"],"id":153,"resource":"256","request_start":1576623278390,"request_end":1576623338747,"request_duration":60357,"type":"256"}
{"start":1576623319427,"end":1576623338768,"duration":19341,"downloading_duration":1172,"execution_duration":17320,"uploading_duration":849,"executable":"ellipsoids-openmp","args":["3.dat","37.log","37.xoutput"],"id":148,"resource":"256","request_start":1576623278388,"request_end":1576623338792,"request_duration":60404,"type":"256"}
{"start":1576623318534,"end":1576623338807,"duration":20273,"downloading_duration":1134,"execution_duration":18541,"uploading_duration":598,"executable":"ellipsoids-openmp","args":["0.dat","040.log","040.xoutput"],"id":46,"resource":"256","request_start":1576623278379,"request_end":1576623338831,"request_duration":60452,"type":"256"}
{"start":1576623318852,"end":1576623338840,"duration":19988,"downloading_duration":1160,"execution_duration":18122,"uploading_duration":706,"executable":"ellipsoids-openmp","args":["3.dat","30.log","30.xoutput"],"id":141,"resource":"256","request_start":1576623278384,"request_end":1576623338864,"request_duration":60480,"type":"256"}
{"start":1576623319306,"end":1576623338882,"duration":19576,"downloading_duration":1217,"execution_duration":17760,"uploading_duration":599,"executable":"ellipsoids-openmp","args":["3.dat","34.log","34.xoutput"],"id":145,"resource":"256","request_start":1576623278386,"request_end":1576623338904,"request_duration":60518,"type":"256"}
{"start":1576623318417,"end":1576623338963,"duration":20546,"downloading_duration":1160,"execution_duration":18740,"uploading_duration":646,"executable":"ellipsoids-openmp","args":["0.dat","038.log","038.xoutput"],"id":44,"resource":"256","request_start":1576623278378,"request_end":1576623338988,"request_duration":60610,"type":"256"}
{"start":1576623318580,"end":1576623339007,"duration":20427,"downloading_duration":1127,"execution_duration":18661,"uploading_duration":639,"executable":"ellipsoids-openmp","args":["0.dat","041.log","041.xoutput"],"id":47,"resource":"256","request_start":1576623278380,"request_end":1576623339105,"request_duration":60725,"type":"256"}
{"start":1576623319980,"end":1576623339129,"duration":19149,"downloading_duration":1090,"execution_duration":17300,"uploading_duration":759,"executable":"ellipsoids-openmp","args":["3.dat","39.log","39.xoutput"],"id":150,"resource":"256","request_start":1576623278389,"request_end":1576623339155,"request_duration":60766,"type":"256"}
{"start":1576623318819,"end":1576623339139,"duration":20320,"downloading_duration":1163,"execution_duration":18540,"uploading_duration":617,"executable":"ellipsoids-openmp","args":["0.dat","01.log","01.xoutput"],"id":7,"resource":"256","request_start":1576623278382,"request_end":1576623339164,"request_duration":60782,"type":"256"}
{"start":1576623319513,"end":1576623339203,"duration":19690,"downloading_duration":1154,"execution_duration":17781,"uploading_duration":755,"executable":"ellipsoids-openmp","args":["3.dat","38.log","38.xoutput"],"id":149,"resource":"256","request_start":1576623278388,"request_end":1576623339270,"request_duration":60882,"type":"256"}
{"start":1576623318820,"end":1576623339208,"duration":20388,"downloading_duration":1162,"execution_duration":18601,"uploading_duration":625,"executable":"ellipsoids-openmp","args":["0.dat","043.log","043.xoutput"],"id":49,"resource":"256","request_start":1576623278381,"request_end":1576623339271,"request_duration":60890,"type":"256"}
{"start":1576623318819,"end":1576623339223,"duration":20404,"downloading_duration":1098,"execution_duration":18680,"uploading_duration":626,"executable":"ellipsoids-openmp","args":["0.dat","044.log","044.xoutput"],"id":50,"resource":"256","request_start":1576623278381,"request_end":1576623339274,"request_duration":60893,"type":"256"}
{"start":1576623318810,"end":1576623339225,"duration":20415,"downloading_duration":1117,"execution_duration":18620,"uploading_duration":678,"executable":"ellipsoids-openmp","args":["0.dat","042.log","042.xoutput"],"id":48,"resource":"256","request_start":1576623278380,"request_end":1576623339275,"request_duration":60895,"type":"256"}
{"start":1576623318824,"end":1576623339232,"duration":20408,"downloading_duration":1127,"execution_duration":18620,"uploading_duration":661,"executable":"ellipsoids-openmp","args":["0.dat","02.log","02.xoutput"],"id":8,"resource":"256","request_start":1576623278383,"request_end":1576623339278,"request_duration":60895,"type":"256"}
{"start":1576623320168,"end":1576623339261,"duration":19093,"downloading_duration":1314,"execution_duration":17141,"uploading_duration":638,"executable":"ellipsoids-openmp","args":["3.dat","311.log","311.xoutput"],"id":152,"resource":"256","request_start":1576623278390,"request_end":1576623339293,"request_duration":60903,"type":"256"}
{"start":1576623318117,"end":1576623339291,"duration":21174,"downloading_duration":1140,"execution_duration":19440,"uploading_duration":594,"executable":"ellipsoids-openmp","args":["0.dat","036.log","036.xoutput"],"id":42,"resource":"256","request_start":1576623278377,"request_end":1576623339314,"request_duration":60937,"type":"256"}
{"start":1576623318425,"end":1576623339413,"duration":20988,"downloading_duration":1117,"execution_duration":19221,"uploading_duration":650,"executable":"ellipsoids-openmp","args":["0.dat","039.log","039.xoutput"],"id":45,"resource":"256","request_start":1576623278379,"request_end":1576623339438,"request_duration":61059,"type":"256"}
{"start":1576623318818,"end":1576623339477,"duration":20659,"downloading_duration":1146,"execution_duration":18840,"uploading_duration":673,"executable":"ellipsoids-openmp","args":["0.dat","00.log","00.xoutput"],"id":6,"resource":"256","request_start":1576623278382,"request_end":1576623339502,"request_duration":61120,"type":"256"}
{"start":1576623318825,"end":1576623339530,"duration":20705,"downloading_duration":1214,"execution_duration":18801,"uploading_duration":690,"executable":"ellipsoids-openmp","args":["0.dat","03.log","03.xoutput"],"id":9,"resource":"256","request_start":1576623278383,"request_end":1576623339553,"request_duration":61170,"type":"256"}
{"start":1576623320655,"end":1576623341176,"duration":20521,"downloading_duration":1380,"execution_duration":18500,"uploading_duration":641,"executable":"ellipsoids-openmp","args":["3.dat","313.log","313.xoutput"],"id":154,"resource":"256","request_start":1576623278391,"request_end":1576623341202,"request_duration":62811,"type":"256"}
{"start":1576623338864,"end":1576623341621,"duration":2757,"downloading_duration":2308,"execution_duration":21,"uploading_duration":428,"executable":"mean-pack-ell","args":["20.xoutput","21.xoutput","22.xoutput","23.xoutput","24.xoutput","25.xoutput","26.xoutput","27.xoutput","28.xoutput","29.xoutput","210.xoutput","211.xoutput","212.xoutput","213.xoutput","214.xoutput","215.xoutput","216.xoutput","217.xoutput","218.xoutput","219.xoutput","220.xoutput","221.xoutput","222.xoutput","223.xoutput","224.xoutput","225.xoutput","226.xoutput","227.xoutput","228.xoutput","229.xoutput","230.xoutput","231.xoutput","232.xoutput","233.xoutput","234.xoutput","235.xoutput","236.xoutput","237.xoutput","238.xoutput","239.xoutput","240.xoutput","241.xoutput","242.xoutput","243.xoutput","244.xoutput","average_2.txt"],"id":188,"resource":"256","request_start":1576623319498,"request_end":1576623341643,"request_duration":22145,"type":"256"}
{"start":1576623338822,"end":1576623341634,"duration":2812,"downloading_duration":2386,"execution_duration":21,"uploading_duration":405,"executable":"mean-pack-ell","args":["10.xoutput","11.xoutput","12.xoutput","13.xoutput","14.xoutput","15.xoutput","16.xoutput","17.xoutput","18.xoutput","19.xoutput","110.xoutput","111.xoutput","112.xoutput","113.xoutput","114.xoutput","115.xoutput","116.xoutput","117.xoutput","118.xoutput","119.xoutput","120.xoutput","121.xoutput","122.xoutput","123.xoutput","124.xoutput","125.xoutput","126.xoutput","127.xoutput","128.xoutput","129.xoutput","130.xoutput","131.xoutput","132.xoutput","133.xoutput","134.xoutput","135.xoutput","136.xoutput","137.xoutput","138.xoutput","139.xoutput","140.xoutput","141.xoutput","142.xoutput","143.xoutput","144.xoutput","average_1.txt"],"id":187,"resource":"256","request_start":1576623299166,"request_end":1576623341661,"request_duration":42495,"type":"256"}
{"start":1576623339750,"end":1576623342435,"duration":2685,"downloading_duration":2250,"execution_duration":20,"uploading_duration":415,"executable":"mean-pack-ell","args":["00.xoutput","01.xoutput","02.xoutput","03.xoutput","04.xoutput","05.xoutput","06.xoutput","07.xoutput","08.xoutput","09.xoutput","010.xoutput","011.xoutput","012.xoutput","013.xoutput","014.xoutput","015.xoutput","016.xoutput","017.xoutput","018.xoutput","019.xoutput","020.xoutput","021.xoutput","022.xoutput","023.xoutput","024.xoutput","025.xoutput","026.xoutput","027.xoutput","028.xoutput","029.xoutput","030.xoutput","031.xoutput","032.xoutput","033.xoutput","034.xoutput","035.xoutput","036.xoutput","037.xoutput","038.xoutput","039.xoutput","040.xoutput","041.xoutput","042.xoutput","043.xoutput","044.xoutput","average_0.txt"],"id":186,"resource":"256","request_start":1576623339558,"request_end":1576623342460,"request_duration":2902,"type":"256"}
{"start":1576623323247,"end":1576623342567,"duration":19320,"downloading_duration":1268,"execution_duration":17400,"uploading_duration":652,"executable":"ellipsoids-openmp","args":["3.dat","314.log","314.xoutput"],"id":155,"resource":"256","request_start":1576623278391,"request_end":1576623342593,"request_duration":64202,"type":"256"}
{"start":1576623329624,"end":1576623345958,"duration":16334,"downloading_duration":1198,"execution_duration":14460,"uploading_duration":676,"executable":"ellipsoids-openmp","args":["3.dat","315.log","315.xoutput"],"id":156,"resource":"256","request_start":1576623278392,"request_end":1576623345983,"request_duration":67591,"type":"256"}
{"start":1576623335841,"end":1576623354283,"duration":18442,"downloading_duration":1226,"execution_duration":16640,"uploading_duration":576,"executable":"ellipsoids-openmp","args":["3.dat","317.log","317.xoutput"],"id":158,"resource":"256","request_start":1576623278393,"request_end":1576623354309,"request_duration":75916,"type":"256"}
{"start":1576623335589,"end":1576623355092,"duration":19503,"downloading_duration":1097,"execution_duration":17701,"uploading_duration":705,"executable":"ellipsoids-openmp","args":["3.dat","316.log","316.xoutput"],"id":157,"resource":"256","request_start":1576623278392,"request_end":1576623355118,"request_duration":76726,"type":"256"}
{"start":1576623336164,"end":1576623355270,"duration":19106,"downloading_duration":1173,"execution_duration":17302,"uploading_duration":631,"executable":"ellipsoids-openmp","args":["3.dat","319.log","319.xoutput"],"id":160,"resource":"256","request_start":1576623278394,"request_end":1576623355293,"request_duration":76899,"type":"256"}
{"start":1576623336081,"end":1576623355398,"duration":19317,"downloading_duration":1405,"execution_duration":17261,"uploading_duration":651,"executable":"ellipsoids-openmp","args":["3.dat","318.log","318.xoutput"],"id":159,"resource":"256","request_start":1576623278394,"request_end":1576623355423,"request_duration":77029,"type":"256"}
{"start":1576623337043,"end":1576623356065,"duration":19022,"downloading_duration":1148,"execution_duration":17280,"uploading_duration":594,"executable":"ellipsoids-openmp","args":["3.dat","320.log","320.xoutput"],"id":161,"resource":"256","request_start":1576623278395,"request_end":1576623356088,"request_duration":77693,"type":"256"}
{"start":1576623337057,"end":1576623356274,"duration":19217,"downloading_duration":1222,"execution_duration":17302,"uploading_duration":693,"executable":"ellipsoids-openmp","args":["3.dat","321.log","321.xoutput"],"id":162,"resource":"256","request_start":1576623278395,"request_end":1576623356298,"request_duration":77903,"type":"256"}
{"start":1576623337333,"end":1576623356317,"duration":18984,"downloading_duration":1266,"execution_duration":17121,"uploading_duration":597,"executable":"ellipsoids-openmp","args":["3.dat","322.log","322.xoutput"],"id":163,"resource":"256","request_start":1576623278396,"request_end":1576623356341,"request_duration":77945,"type":"256"}
{"start":1576623337712,"end":1576623356599,"duration":18887,"downloading_duration":1104,"execution_duration":17161,"uploading_duration":622,"executable":"ellipsoids-openmp","args":["3.dat","325.log","325.xoutput"],"id":166,"resource":"256","request_start":1576623278398,"request_end":1576623356714,"request_duration":78316,"type":"256"}
{"start":1576623337724,"end":1576623356608,"duration":18884,"downloading_duration":1103,"execution_duration":17181,"uploading_duration":600,"executable":"ellipsoids-openmp","args":["3.dat","326.log","326.xoutput"],"id":167,"resource":"256","request_start":1576623278398,"request_end":1576623356716,"request_duration":78318,"type":"256"}
{"start":1576623337578,"end":1576623356637,"duration":19059,"downloading_duration":1140,"execution_duration":17300,"uploading_duration":619,"executable":"ellipsoids-openmp","args":["3.dat","323.log","323.xoutput"],"id":164,"resource":"256","request_start":1576623278396,"request_end":1576623356721,"request_duration":78325,"type":"256"}
{"start":1576623337703,"end":1576623356927,"duration":19224,"downloading_duration":1097,"execution_duration":17502,"uploading_duration":625,"executable":"ellipsoids-openmp","args":["3.dat","324.log","324.xoutput"],"id":165,"resource":"256","request_start":1576623278397,"request_end":1576623356953,"request_duration":78556,"type":"256"}
{"start":1576623338276,"end":1576623357265,"duration":18989,"downloading_duration":1121,"execution_duration":17261,"uploading_duration":607,"executable":"ellipsoids-openmp","args":["3.dat","334.log","334.xoutput"],"id":175,"resource":"256","request_start":1576623278402,"request_end":1576623357292,"request_duration":78890,"type":"256"}
{"start":1576623338084,"end":1576623357326,"duration":19242,"downloading_duration":1135,"execution_duration":17360,"uploading_duration":747,"executable":"ellipsoids-openmp","args":["3.dat","330.log","330.xoutput"],"id":171,"resource":"256","request_start":1576623278400,"request_end":1576623357349,"request_duration":78949,"type":"256"}
{"start":1576623337999,"end":1576623357429,"duration":19430,"downloading_duration":1314,"execution_duration":17520,"uploading_duration":596,"executable":"ellipsoids-openmp","args":["3.dat","328.log","328.xoutput"],"id":169,"resource":"256","request_start":1576623278399,"request_end":1576623357453,"request_duration":79054,"type":"256"}
{"start":1576623338270,"end":1576623357489,"duration":19219,"downloading_duration":1276,"execution_duration":17341,"uploading_duration":602,"executable":"ellipsoids-openmp","args":["3.dat","333.log","333.xoutput"],"id":174,"resource":"256","request_start":1576623278402,"request_end":1576623357512,"request_duration":79110,"type":"256"}
{"start":1576623338077,"end":1576623357542,"duration":19465,"downloading_duration":1326,"execution_duration":17501,"uploading_duration":638,"executable":"ellipsoids-openmp","args":["3.dat","329.log","329.xoutput"],"id":170,"resource":"256","request_start":1576623278400,"request_end":1576623357581,"request_duration":79181,"type":"256"}
{"start":1576623337937,"end":1576623357591,"duration":19654,"downloading_duration":1143,"execution_duration":17841,"uploading_duration":670,"executable":"ellipsoids-openmp","args":["3.dat","327.log","327.xoutput"],"id":168,"resource":"256","request_start":1576623278399,"request_end":1576623357614,"request_duration":79215,"type":"256"}
{"start":1576623338201,"end":1576623357727,"duration":19526,"downloading_duration":1123,"execution_duration":17761,"uploading_duration":642,"executable":"ellipsoids-openmp","args":["3.dat","332.log","332.xoutput"],"id":173,"resource":"256","request_start":1576623278401,"request_end":1576623357759,"request_duration":79358,"type":"256"}
{"start":1576623338152,"end":1576623357833,"duration":19681,"downloading_duration":1142,"execution_duration":17882,"uploading_duration":657,"executable":"ellipsoids-openmp","args":["3.dat","331.log","331.xoutput"],"id":172,"resource":"256","request_start":1576623278401,"request_end":1576623357856,"request_duration":79455,"type":"256"}
{"start":1576623338598,"end":1576623357952,"duration":19354,"downloading_duration":1175,"execution_duration":17460,"uploading_duration":719,"executable":"ellipsoids-openmp","args":["3.dat","341.log","341.xoutput"],"id":182,"resource":"256","request_start":1576623278406,"request_end":1576623357977,"request_duration":79571,"type":"256"}
{"start":1576623338540,"end":1576623358059,"duration":19519,"downloading_duration":1111,"execution_duration":17702,"uploading_duration":706,"executable":"ellipsoids-openmp","args":["3.dat","340.log","340.xoutput"],"id":181,"resource":"256","request_start":1576623278405,"request_end":1576623358084,"request_duration":79679,"type":"256"}
{"start":1576623338442,"end":1576623358165,"duration":19723,"downloading_duration":1114,"execution_duration":17980,"uploading_duration":629,"executable":"ellipsoids-openmp","args":["3.dat","337.log","337.xoutput"],"id":178,"resource":"256","request_start":1576623278404,"request_end":1576623358188,"request_duration":79784,"type":"256"}
{"start":1576623338397,"end":1576623358174,"duration":19777,"downloading_duration":1241,"execution_duration":17820,"uploading_duration":716,"executable":"ellipsoids-openmp","args":["3.dat","335.log","335.xoutput"],"id":176,"resource":"256","request_start":1576623278403,"request_end":1576623358198,"request_duration":79795,"type":"256"}
{"start":1576623338433,"end":1576623358380,"duration":19947,"downloading_duration":1085,"execution_duration":18241,"uploading_duration":621,"executable":"ellipsoids-openmp","args":["3.dat","336.log","336.xoutput"],"id":177,"resource":"256","request_start":1576623278403,"request_end":1576623358409,"request_duration":80006,"type":"256"}
{"start":1576623338642,"end":1576623358404,"duration":19762,"downloading_duration":1174,"execution_duration":17780,"uploading_duration":808,"executable":"ellipsoids-openmp","args":["3.dat","342.log","342.xoutput"],"id":183,"resource":"256","request_start":1576623278406,"request_end":1576623358427,"request_duration":80021,"type":"256"}
{"start":1576623338520,"end":1576623358457,"duration":19937,"downloading_duration":1088,"execution_duration":18182,"uploading_duration":667,"executable":"ellipsoids-openmp","args":["3.dat","339.log","339.xoutput"],"id":180,"resource":"256","request_start":1576623278405,"request_end":1576623358482,"request_duration":80077,"type":"256"}
{"start":1576623338710,"end":1576623358558,"duration":19848,"downloading_duration":1117,"execution_duration":18100,"uploading_duration":631,"executable":"ellipsoids-openmp","args":["3.dat","343.log","343.xoutput"],"id":184,"resource":"256","request_start":1576623278407,"request_end":1576623358581,"request_duration":80174,"type":"256"}
{"start":1576623338768,"end":1576623358604,"duration":19836,"downloading_duration":1289,"execution_duration":17940,"uploading_duration":607,"executable":"ellipsoids-openmp","args":["3.dat","344.log","344.xoutput"],"id":185,"resource":"256","request_start":1576623278408,"request_end":1576623358627,"request_duration":80219,"type":"256"}
{"start":1576623338484,"end":1576623358954,"duration":20470,"downloading_duration":2883,"execution_duration":16839,"uploading_duration":748,"executable":"ellipsoids-openmp","args":["3.dat","338.log","338.xoutput"],"id":179,"resource":"256","request_start":1576623278404,"request_end":1576623358978,"request_duration":80574,"type":"256"}
{"start":1576623359144,"end":1576623361814,"duration":2670,"downloading_duration":2241,"execution_duration":41,"uploading_duration":388,"executable":"mean-pack-ell","args":["30.xoutput","31.xoutput","32.xoutput","33.xoutput","34.xoutput","35.xoutput","36.xoutput","37.xoutput","38.xoutput","39.xoutput","310.xoutput","311.xoutput","312.xoutput","313.xoutput","314.xoutput","315.xoutput","316.xoutput","317.xoutput","318.xoutput","319.xoutput","320.xoutput","321.xoutput","322.xoutput","323.xoutput","324.xoutput","325.xoutput","326.xoutput","327.xoutput","328.xoutput","329.xoutput","330.xoutput","331.xoutput","332.xoutput","333.xoutput","334.xoutput","335.xoutput","336.xoutput","337.xoutput","338.xoutput","339.xoutput","340.xoutput","341.xoutput","342.xoutput","343.xoutput","344.xoutput","average_3.txt"],"id":189,"resource":"256","request_start":1576623358994,"request_end":1576623361839,"request_duration":2845,"type":"256"}
{"start":1576623361957,"end":1576623363345,"duration":1388,"downloading_duration":499,"execution_duration":491,"uploading_duration":398,"executable":"summary.js","args":[],"id":190,"resource":"256","request_start":1576623361845,"request_end":1576623363371,"request_duration":1526,"type":"256"}
