{"start":1576546177662,"end":1576546178557,"duration":895,"downloading_duration":377,"execution_duration":101,"uploading_duration":417,"executable":"generateData.js","args":[],"id":1,"resource":"1024","request_start":1576546177501,"request_end":1576546178580,"request_duration":1079,"type":"1024"}
{"start":1576546178719,"end":1576546179603,"duration":884,"downloading_duration":359,"execution_duration":103,"uploading_duration":422,"executable":"createDat.js","args":["0.dat"],"id":2,"resource":"1024","request_start":1576546178582,"request_end":1576546179621,"request_duration":1039,"type":"1024"}
{"start":1576546178735,"end":1576546179618,"duration":883,"downloading_duration":378,"execution_duration":105,"uploading_duration":400,"executable":"createDat.js","args":["2.dat"],"id":4,"resource":"1024","request_start":1576546178585,"request_end":1576546179684,"request_duration":1099,"type":"1024"}
{"start":1576546178726,"end":1576546179621,"duration":895,"downloading_duration":377,"execution_duration":99,"uploading_duration":419,"executable":"createDat.js","args":["1.dat"],"id":3,"resource":"1024","request_start":1576546178584,"request_end":1576546179686,"request_duration":1102,"type":"1024"}
{"start":1576546178725,"end":1576546179644,"duration":919,"downloading_duration":391,"execution_duration":146,"uploading_duration":382,"executable":"createDat.js","args":["3.dat"],"id":5,"resource":"1024","request_start":1576546178586,"request_end":1576546179705,"request_duration":1119,"type":"1024"}
{"start":1576546180073,"end":1576546185043,"duration":4970,"downloading_duration":999,"execution_duration":3400,"uploading_duration":571,"executable":"ellipsoids-openmp","args":["2.dat","28.log","28.xoutput"],"id":54,"resource":"1024","request_start":1576546179742,"request_end":1576546185064,"request_duration":5322,"type":"1024"}
{"start":1576546180076,"end":1576546185060,"duration":4984,"downloading_duration":1068,"execution_duration":3350,"uploading_duration":566,"executable":"ellipsoids-openmp","args":["2.dat","26.log","26.xoutput"],"id":52,"resource":"1024","request_start":1576546179740,"request_end":1576546185083,"request_duration":5343,"type":"1024"}
{"start":1576546180074,"end":1576546185130,"duration":5056,"downloading_duration":1009,"execution_duration":3430,"uploading_duration":617,"executable":"ellipsoids-openmp","args":["2.dat","29.log","29.xoutput"],"id":55,"resource":"1024","request_start":1576546179743,"request_end":1576546185151,"request_duration":5408,"type":"1024"}
{"start":1576546179847,"end":1576546185902,"duration":6055,"downloading_duration":987,"execution_duration":4475,"uploading_duration":593,"executable":"ellipsoids-openmp","args":["0.dat","09.log","09.xoutput"],"id":15,"resource":"1024","request_start":1576546179637,"request_end":1576546185924,"request_duration":6287,"type":"1024"}
{"start":1576546180096,"end":1576546185945,"duration":5849,"downloading_duration":1015,"execution_duration":4240,"uploading_duration":594,"executable":"ellipsoids-openmp","args":["1.dat","10.log","10.xoutput"],"id":26,"resource":"1024","request_start":1576546179753,"request_end":1576546185969,"request_duration":6216,"type":"1024"}
{"start":1576546179849,"end":1576546185954,"duration":6105,"downloading_duration":989,"execution_duration":4490,"uploading_duration":626,"executable":"ellipsoids-openmp","args":["0.dat","015.log","015.xoutput"],"id":21,"resource":"1024","request_start":1576546179643,"request_end":1576546185972,"request_duration":6329,"type":"1024"}
{"start":1576546179846,"end":1576546185972,"duration":6126,"downloading_duration":998,"execution_duration":4522,"uploading_duration":606,"executable":"ellipsoids-openmp","args":["0.dat","08.log","08.xoutput"],"id":14,"resource":"1024","request_start":1576546179636,"request_end":1576546185993,"request_duration":6357,"type":"1024"}
{"start":1576546179849,"end":1576546185986,"duration":6137,"downloading_duration":995,"execution_duration":4571,"uploading_duration":571,"executable":"ellipsoids-openmp","args":["0.dat","013.log","013.xoutput"],"id":19,"resource":"1024","request_start":1576546179641,"request_end":1576546186006,"request_duration":6365,"type":"1024"}
{"start":1576546180193,"end":1576546185995,"duration":5802,"downloading_duration":983,"execution_duration":4185,"uploading_duration":634,"executable":"ellipsoids-openmp","args":["1.dat","18.log","18.xoutput"],"id":34,"resource":"1024","request_start":1576546179761,"request_end":1576546186015,"request_duration":6254,"type":"1024"}
{"start":1576546180120,"end":1576546185998,"duration":5878,"downloading_duration":1009,"execution_duration":4285,"uploading_duration":584,"executable":"ellipsoids-openmp","args":["1.dat","16.log","16.xoutput"],"id":32,"resource":"1024","request_start":1576546179760,"request_end":1576546186018,"request_duration":6258,"type":"1024"}
{"start":1576546180187,"end":1576546186001,"duration":5814,"downloading_duration":1000,"execution_duration":4206,"uploading_duration":608,"executable":"ellipsoids-openmp","args":["1.dat","19.log","19.xoutput"],"id":35,"resource":"1024","request_start":1576546179762,"request_end":1576546186024,"request_duration":6262,"type":"1024"}
{"start":1576546180056,"end":1576546186008,"duration":5952,"downloading_duration":1033,"execution_duration":4351,"uploading_duration":568,"executable":"ellipsoids-openmp","args":["2.dat","22.log","22.xoutput"],"id":48,"resource":"1024","request_start":1576546179736,"request_end":1576546186027,"request_duration":6291,"type":"1024"}
{"start":1576546180126,"end":1576546186030,"duration":5904,"downloading_duration":1002,"execution_duration":4310,"uploading_duration":592,"executable":"ellipsoids-openmp","args":["1.dat","14.log","14.xoutput"],"id":30,"resource":"1024","request_start":1576546179758,"request_end":1576546186052,"request_duration":6294,"type":"1024"}
{"start":1576546180127,"end":1576546186032,"duration":5905,"downloading_duration":1035,"execution_duration":4254,"uploading_duration":616,"executable":"ellipsoids-openmp","args":["1.dat","15.log","15.xoutput"],"id":31,"resource":"1024","request_start":1576546179759,"request_end":1576546186052,"request_duration":6293,"type":"1024"}
{"start":1576546179998,"end":1576546186054,"duration":6056,"downloading_duration":1114,"execution_duration":4352,"uploading_duration":590,"executable":"ellipsoids-openmp","args":["0.dat","02.log","02.xoutput"],"id":8,"resource":"1024","request_start":1576546179649,"request_end":1576546186071,"request_duration":6422,"type":"1024"}
{"start":1576546179999,"end":1576546186054,"duration":6055,"downloading_duration":1024,"execution_duration":4428,"uploading_duration":603,"executable":"ellipsoids-openmp","args":["0.dat","03.log","03.xoutput"],"id":9,"resource":"1024","request_start":1576546179649,"request_end":1576546186073,"request_duration":6424,"type":"1024"}
{"start":1576546180111,"end":1576546186057,"duration":5946,"downloading_duration":1085,"execution_duration":4291,"uploading_duration":570,"executable":"ellipsoids-openmp","args":["1.dat","13.log","13.xoutput"],"id":29,"resource":"1024","request_start":1576546179757,"request_end":1576546186079,"request_duration":6322,"type":"1024"}
{"start":1576546180058,"end":1576546186059,"duration":6001,"downloading_duration":1082,"execution_duration":4320,"uploading_duration":599,"executable":"ellipsoids-openmp","args":["2.dat","20.log","20.xoutput"],"id":46,"resource":"1024","request_start":1576546179734,"request_end":1576546186081,"request_duration":6347,"type":"1024"}
{"start":1576546179850,"end":1576546186060,"duration":6210,"downloading_duration":1060,"execution_duration":4549,"uploading_duration":601,"executable":"ellipsoids-openmp","args":["0.dat","012.log","012.xoutput"],"id":18,"resource":"1024","request_start":1576546179640,"request_end":1576546186083,"request_duration":6443,"type":"1024"}
{"start":1576546179853,"end":1576546186065,"duration":6212,"downloading_duration":998,"execution_duration":4631,"uploading_duration":583,"executable":"ellipsoids-openmp","args":["0.dat","018.log","018.xoutput"],"id":24,"resource":"1024","request_start":1576546179645,"request_end":1576546186092,"request_duration":6447,"type":"1024"}
{"start":1576546180058,"end":1576546186077,"duration":6019,"downloading_duration":1035,"execution_duration":4400,"uploading_duration":584,"executable":"ellipsoids-openmp","args":["2.dat","25.log","25.xoutput"],"id":51,"resource":"1024","request_start":1576546179739,"request_end":1576546186110,"request_duration":6371,"type":"1024"}
{"start":1576546179846,"end":1576546186079,"duration":6233,"downloading_duration":1030,"execution_duration":4631,"uploading_duration":572,"executable":"ellipsoids-openmp","args":["0.dat","014.log","014.xoutput"],"id":20,"resource":"1024","request_start":1576546179642,"request_end":1576546186112,"request_duration":6470,"type":"1024"}
{"start":1576546179843,"end":1576546186087,"duration":6244,"downloading_duration":994,"execution_duration":4598,"uploading_duration":652,"executable":"ellipsoids-openmp","args":["0.dat","07.log","07.xoutput"],"id":13,"resource":"1024","request_start":1576546179635,"request_end":1576546186116,"request_duration":6481,"type":"1024"}
{"start":1576546180125,"end":1576546186088,"duration":5963,"downloading_duration":989,"execution_duration":4316,"uploading_duration":658,"executable":"ellipsoids-openmp","args":["1.dat","12.log","12.xoutput"],"id":28,"resource":"1024","request_start":1576546179755,"request_end":1576546186118,"request_duration":6363,"type":"1024"}
{"start":1576546180095,"end":1576546186090,"duration":5995,"downloading_duration":1076,"execution_duration":4287,"uploading_duration":632,"executable":"ellipsoids-openmp","args":["1.dat","11.log","11.xoutput"],"id":27,"resource":"1024","request_start":1576546179754,"request_end":1576546186120,"request_duration":6366,"type":"1024"}
{"start":1576546179847,"end":1576546186101,"duration":6254,"downloading_duration":1220,"execution_duration":4426,"uploading_duration":608,"executable":"ellipsoids-openmp","args":["0.dat","011.log","011.xoutput"],"id":17,"resource":"1024","request_start":1576546179639,"request_end":1576546186124,"request_duration":6485,"type":"1024"}
{"start":1576546179851,"end":1576546186104,"duration":6253,"downloading_duration":1007,"execution_duration":4644,"uploading_duration":602,"executable":"ellipsoids-openmp","args":["0.dat","016.log","016.xoutput"],"id":22,"resource":"1024","request_start":1576546179643,"request_end":1576546186127,"request_duration":6484,"type":"1024"}
{"start":1576546180008,"end":1576546186106,"duration":6098,"downloading_duration":1093,"execution_duration":4414,"uploading_duration":591,"executable":"ellipsoids-openmp","args":["0.dat","00.log","00.xoutput"],"id":6,"resource":"1024","request_start":1576546179647,"request_end":1576546186138,"request_duration":6491,"type":"1024"}
{"start":1576546180086,"end":1576546186116,"duration":6030,"downloading_duration":987,"execution_duration":4442,"uploading_duration":601,"executable":"ellipsoids-openmp","args":["2.dat","218.log","218.xoutput"],"id":64,"resource":"1024","request_start":1576546179752,"request_end":1576546186140,"request_duration":6388,"type":"1024"}
{"start":1576546179848,"end":1576546186133,"duration":6285,"downloading_duration":1225,"execution_duration":4476,"uploading_duration":584,"executable":"ellipsoids-openmp","args":["0.dat","05.log","05.xoutput"],"id":11,"resource":"1024","request_start":1576546179633,"request_end":1576546186152,"request_duration":6519,"type":"1024"}
{"start":1576546180066,"end":1576546186137,"duration":6071,"downloading_duration":1066,"execution_duration":4443,"uploading_duration":562,"executable":"ellipsoids-openmp","args":["2.dat","24.log","24.xoutput"],"id":50,"resource":"1024","request_start":1576546179738,"request_end":1576546186156,"request_duration":6418,"type":"1024"}
{"start":1576546179850,"end":1576546186143,"duration":6293,"downloading_duration":1025,"execution_duration":4612,"uploading_duration":656,"executable":"ellipsoids-openmp","args":["0.dat","019.log","019.xoutput"],"id":25,"resource":"1024","request_start":1576546179646,"request_end":1576546186168,"request_duration":6522,"type":"1024"}
{"start":1576546180076,"end":1576546186163,"duration":6087,"downloading_duration":1077,"execution_duration":4442,"uploading_duration":568,"executable":"ellipsoids-openmp","args":["2.dat","23.log","23.xoutput"],"id":49,"resource":"1024","request_start":1576546179737,"request_end":1576546186185,"request_duration":6448,"type":"1024"}
{"start":1576546180086,"end":1576546186176,"duration":6090,"downloading_duration":1087,"execution_duration":4446,"uploading_duration":557,"executable":"ellipsoids-openmp","args":["2.dat","213.log","213.xoutput"],"id":59,"resource":"1024","request_start":1576546179746,"request_end":1576546186194,"request_duration":6448,"type":"1024"}
{"start":1576546180081,"end":1576546186204,"duration":6123,"downloading_duration":986,"execution_duration":4536,"uploading_duration":601,"executable":"ellipsoids-openmp","args":["2.dat","214.log","214.xoutput"],"id":60,"resource":"1024","request_start":1576546179747,"request_end":1576546186224,"request_duration":6477,"type":"1024"}
{"start":1576546180076,"end":1576546186205,"duration":6129,"downloading_duration":1006,"execution_duration":4502,"uploading_duration":621,"executable":"ellipsoids-openmp","args":["2.dat","212.log","212.xoutput"],"id":58,"resource":"1024","request_start":1576546179745,"request_end":1576546186227,"request_duration":6482,"type":"1024"}
{"start":1576546179844,"end":1576546186206,"duration":6362,"downloading_duration":981,"execution_duration":4709,"uploading_duration":672,"executable":"ellipsoids-openmp","args":["0.dat","010.log","010.xoutput"],"id":16,"resource":"1024","request_start":1576546179638,"request_end":1576546186229,"request_duration":6591,"type":"1024"}
{"start":1576546179843,"end":1576546186211,"duration":6368,"downloading_duration":1035,"execution_duration":4764,"uploading_duration":569,"executable":"ellipsoids-openmp","args":["0.dat","06.log","06.xoutput"],"id":12,"resource":"1024","request_start":1576546179634,"request_end":1576546186237,"request_duration":6603,"type":"1024"}
{"start":1576546180083,"end":1576546186229,"duration":6146,"downloading_duration":1155,"execution_duration":4400,"uploading_duration":591,"executable":"ellipsoids-openmp","args":["2.dat","211.log","211.xoutput"],"id":57,"resource":"1024","request_start":1576546179744,"request_end":1576546186248,"request_duration":6504,"type":"1024"}
{"start":1576546180075,"end":1576546186265,"duration":6190,"downloading_duration":1039,"execution_duration":4592,"uploading_duration":559,"executable":"ellipsoids-openmp","args":["2.dat","27.log","27.xoutput"],"id":53,"resource":"1024","request_start":1576546179741,"request_end":1576546186282,"request_duration":6541,"type":"1024"}
{"start":1576546179841,"end":1576546186300,"duration":6459,"downloading_duration":1038,"execution_duration":4782,"uploading_duration":639,"executable":"ellipsoids-openmp","args":["0.dat","04.log","04.xoutput"],"id":10,"resource":"1024","request_start":1576546179632,"request_end":1576546186318,"request_duration":6686,"type":"1024"}
{"start":1576546180195,"end":1576546186301,"duration":6106,"downloading_duration":1080,"execution_duration":4224,"uploading_duration":802,"executable":"ellipsoids-openmp","args":["1.dat","17.log","17.xoutput"],"id":33,"resource":"1024","request_start":1576546179760,"request_end":1576546186325,"request_duration":6565,"type":"1024"}
{"start":1576546179850,"end":1576546186300,"duration":6450,"downloading_duration":1034,"execution_duration":4829,"uploading_duration":587,"executable":"ellipsoids-openmp","args":["0.dat","017.log","017.xoutput"],"id":23,"resource":"1024","request_start":1576546179644,"request_end":1576546186327,"request_duration":6683,"type":"1024"}
{"start":1576546180078,"end":1576546186302,"duration":6224,"downloading_duration":994,"execution_duration":4584,"uploading_duration":646,"executable":"ellipsoids-openmp","args":["2.dat","215.log","215.xoutput"],"id":61,"resource":"1024","request_start":1576546179749,"request_end":1576546186330,"request_duration":6581,"type":"1024"}
{"start":1576546179999,"end":1576546186320,"duration":6321,"downloading_duration":1000,"execution_duration":4756,"uploading_duration":565,"executable":"ellipsoids-openmp","args":["0.dat","01.log","01.xoutput"],"id":7,"resource":"1024","request_start":1576546179648,"request_end":1576546186340,"request_duration":6692,"type":"1024"}
{"start":1576546180074,"end":1576546186323,"duration":6249,"downloading_duration":1052,"execution_duration":4506,"uploading_duration":691,"executable":"ellipsoids-openmp","args":["2.dat","210.log","210.xoutput"],"id":56,"resource":"1024","request_start":1576546179744,"request_end":1576546186342,"request_duration":6598,"type":"1024"}
{"start":1576546180094,"end":1576546186331,"duration":6237,"downloading_duration":1163,"execution_duration":4445,"uploading_duration":629,"executable":"ellipsoids-openmp","args":["2.dat","217.log","217.xoutput"],"id":63,"resource":"1024","request_start":1576546179751,"request_end":1576546186351,"request_duration":6600,"type":"1024"}
{"start":1576546180090,"end":1576546186332,"duration":6242,"downloading_duration":986,"execution_duration":4646,"uploading_duration":610,"executable":"ellipsoids-openmp","args":["2.dat","216.log","216.xoutput"],"id":62,"resource":"1024","request_start":1576546179750,"request_end":1576546186354,"request_duration":6604,"type":"1024"}
{"start":1576546180098,"end":1576546186407,"duration":6309,"downloading_duration":1106,"execution_duration":4602,"uploading_duration":601,"executable":"ellipsoids-openmp","args":["2.dat","219.log","219.xoutput"],"id":65,"resource":"1024","request_start":1576546179753,"request_end":1576546186427,"request_duration":6674,"type":"1024"}
{"start":1576546180056,"end":1576546187865,"duration":7809,"downloading_duration":2863,"execution_duration":4305,"uploading_duration":641,"executable":"ellipsoids-openmp","args":["2.dat","21.log","21.xoutput"],"id":47,"resource":"1024","request_start":1576546179735,"request_end":1576546187888,"request_duration":8153,"type":"1024"}
{"start":1576546186462,"end":1576546187990,"duration":1528,"downloading_duration":1128,"execution_duration":2,"uploading_duration":398,"executable":"mean-pack-ell","args":["00.xoutput","01.xoutput","02.xoutput","03.xoutput","04.xoutput","05.xoutput","06.xoutput","07.xoutput","08.xoutput","09.xoutput","010.xoutput","011.xoutput","012.xoutput","013.xoutput","014.xoutput","015.xoutput","016.xoutput","017.xoutput","018.xoutput","019.xoutput","average_0.txt"],"id":86,"resource":"1024","request_start":1576546186359,"request_end":1576546188009,"request_duration":1650,"type":"1024"}
{"start":1576546188000,"end":1576546189445,"duration":1445,"downloading_duration":1047,"execution_duration":3,"uploading_duration":395,"executable":"mean-pack-ell","args":["20.xoutput","21.xoutput","22.xoutput","23.xoutput","24.xoutput","25.xoutput","26.xoutput","27.xoutput","28.xoutput","29.xoutput","210.xoutput","211.xoutput","212.xoutput","213.xoutput","214.xoutput","215.xoutput","216.xoutput","217.xoutput","218.xoutput","219.xoutput","average_2.txt"],"id":88,"resource":"1024","request_start":1576546187894,"request_end":1576546189469,"request_duration":1575,"type":"1024"}
{"start":1576546185096,"end":1576546190211,"duration":5115,"downloading_duration":1032,"execution_duration":3523,"uploading_duration":560,"executable":"ellipsoids-openmp","args":["1.dat","110.log","110.xoutput"],"id":36,"resource":"1024","request_start":1576546179763,"request_end":1576546190233,"request_duration":10470,"type":"1024"}
{"start":1576546185112,"end":1576546190307,"duration":5195,"downloading_duration":1026,"execution_duration":3559,"uploading_duration":610,"executable":"ellipsoids-openmp","args":["1.dat","111.log","111.xoutput"],"id":37,"resource":"1024","request_start":1576546179764,"request_end":1576546190328,"request_duration":10564,"type":"1024"}
{"start":1576546185180,"end":1576546190365,"duration":5185,"downloading_duration":1073,"execution_duration":3525,"uploading_duration":587,"executable":"ellipsoids-openmp","args":["1.dat","112.log","112.xoutput"],"id":38,"resource":"1024","request_start":1576546179764,"request_end":1576546190385,"request_duration":10621,"type":"1024"}
{"start":1576546185998,"end":1576546191843,"duration":5845,"downloading_duration":999,"execution_duration":4242,"uploading_duration":604,"executable":"ellipsoids-openmp","args":["1.dat","114.log","114.xoutput"],"id":40,"resource":"1024","request_start":1576546179765,"request_end":1576546191871,"request_duration":12106,"type":"1024"}
{"start":1576546185957,"end":1576546191854,"duration":5897,"downloading_duration":1072,"execution_duration":4221,"uploading_duration":604,"executable":"ellipsoids-openmp","args":["1.dat","113.log","113.xoutput"],"id":39,"resource":"1024","request_start":1576546179765,"request_end":1576546191876,"request_duration":12111,"type":"1024"}
{"start":1576546186043,"end":1576546191864,"duration":5821,"downloading_duration":1042,"execution_duration":4190,"uploading_duration":589,"executable":"ellipsoids-openmp","args":["1.dat","118.log","118.xoutput"],"id":44,"resource":"1024","request_start":1576546179768,"request_end":1576546191882,"request_duration":12114,"type":"1024"}
{"start":1576546186081,"end":1576546191932,"duration":5851,"downloading_duration":984,"execution_duration":4192,"uploading_duration":675,"executable":"ellipsoids-openmp","args":["3.dat","33.log","33.xoutput"],"id":69,"resource":"1024","request_start":1576546179774,"request_end":1576546191950,"request_duration":12176,"type":"1024"}
{"start":1576546186096,"end":1576546191955,"duration":5859,"downloading_duration":997,"execution_duration":4221,"uploading_duration":641,"executable":"ellipsoids-openmp","args":["3.dat","34.log","34.xoutput"],"id":70,"resource":"1024","request_start":1576546179778,"request_end":1576546191974,"request_duration":12196,"type":"1024"}
{"start":1576546186051,"end":1576546191984,"duration":5933,"downloading_duration":1125,"execution_duration":4257,"uploading_duration":551,"executable":"ellipsoids-openmp","args":["3.dat","30.log","30.xoutput"],"id":66,"resource":"1024","request_start":1576546179773,"request_end":1576546192008,"request_duration":12235,"type":"1024"}
{"start":1576546186111,"end":1576546191998,"duration":5887,"downloading_duration":1069,"execution_duration":4235,"uploading_duration":583,"executable":"ellipsoids-openmp","args":["3.dat","38.log","38.xoutput"],"id":74,"resource":"1024","request_start":1576546179780,"request_end":1576546192017,"request_duration":12237,"type":"1024"}
{"start":1576546186109,"end":1576546192001,"duration":5892,"downloading_duration":1144,"execution_duration":4186,"uploading_duration":562,"executable":"ellipsoids-openmp","args":["3.dat","36.log","36.xoutput"],"id":72,"resource":"1024","request_start":1576546179779,"request_end":1576546192021,"request_duration":12242,"type":"1024"}
{"start":1576546186022,"end":1576546192019,"duration":5997,"downloading_duration":1085,"execution_duration":4313,"uploading_duration":599,"executable":"ellipsoids-openmp","args":["1.dat","116.log","116.xoutput"],"id":42,"resource":"1024","request_start":1576546179766,"request_end":1576546192037,"request_duration":12271,"type":"1024"}
{"start":1576546186122,"end":1576546192027,"duration":5905,"downloading_duration":1010,"execution_duration":4309,"uploading_duration":586,"executable":"ellipsoids-openmp","args":["3.dat","39.log","39.xoutput"],"id":75,"resource":"1024","request_start":1576546179781,"request_end":1576546192048,"request_duration":12267,"type":"1024"}
{"start":1576546186095,"end":1576546192039,"duration":5944,"downloading_duration":1079,"execution_duration":4298,"uploading_duration":567,"executable":"ellipsoids-openmp","args":["3.dat","35.log","35.xoutput"],"id":71,"resource":"1024","request_start":1576546179778,"request_end":1576546192057,"request_duration":12279,"type":"1024"}
{"start":1576546186165,"end":1576546192049,"duration":5884,"downloading_duration":978,"execution_duration":4302,"uploading_duration":604,"executable":"ellipsoids-openmp","args":["3.dat","318.log","318.xoutput"],"id":84,"resource":"1024","request_start":1576546179786,"request_end":1576546192068,"request_duration":12282,"type":"1024"}
{"start":1576546186050,"end":1576546192059,"duration":6009,"downloading_duration":1079,"execution_duration":4321,"uploading_duration":609,"executable":"ellipsoids-openmp","args":["1.dat","119.log","119.xoutput"],"id":45,"resource":"1024","request_start":1576546179768,"request_end":1576546192077,"request_duration":12309,"type":"1024"}
{"start":1576546186084,"end":1576546192062,"duration":5978,"downloading_duration":1043,"execution_duration":4320,"uploading_duration":615,"executable":"ellipsoids-openmp","args":["3.dat","32.log","32.xoutput"],"id":68,"resource":"1024","request_start":1576546179774,"request_end":1576546192079,"request_duration":12305,"type":"1024"}
{"start":1576546186109,"end":1576546192066,"duration":5957,"downloading_duration":1079,"execution_duration":4221,"uploading_duration":657,"executable":"ellipsoids-openmp","args":["3.dat","37.log","37.xoutput"],"id":73,"resource":"1024","request_start":1576546179779,"request_end":1576546192088,"request_duration":12309,"type":"1024"}
{"start":1576546186154,"end":1576546192096,"duration":5942,"downloading_duration":1038,"execution_duration":4297,"uploading_duration":607,"executable":"ellipsoids-openmp","args":["3.dat","313.log","313.xoutput"],"id":79,"resource":"1024","request_start":1576546179783,"request_end":1576546192117,"request_duration":12334,"type":"1024"}
{"start":1576546186057,"end":1576546192098,"duration":6041,"downloading_duration":1095,"execution_duration":4354,"uploading_duration":592,"executable":"ellipsoids-openmp","args":["3.dat","31.log","31.xoutput"],"id":67,"resource":"1024","request_start":1576546179773,"request_end":1576546192120,"request_duration":12347,"type":"1024"}
{"start":1576546186156,"end":1576546192122,"duration":5966,"downloading_duration":978,"execution_duration":4399,"uploading_duration":589,"executable":"ellipsoids-openmp","args":["3.dat","312.log","312.xoutput"],"id":78,"resource":"1024","request_start":1576546179782,"request_end":1576546192141,"request_duration":12359,"type":"1024"}
{"start":1576546186163,"end":1576546192129,"duration":5966,"downloading_duration":1077,"execution_duration":4268,"uploading_duration":621,"executable":"ellipsoids-openmp","args":["3.dat","315.log","315.xoutput"],"id":81,"resource":"1024","request_start":1576546179784,"request_end":1576546192150,"request_duration":12366,"type":"1024"}
{"start":1576546186146,"end":1576546192144,"duration":5998,"downloading_duration":1000,"execution_duration":4286,"uploading_duration":712,"executable":"ellipsoids-openmp","args":["3.dat","310.log","310.xoutput"],"id":76,"resource":"1024","request_start":1576546179781,"request_end":1576546192167,"request_duration":12386,"type":"1024"}
{"start":1576546186167,"end":1576546192153,"duration":5986,"downloading_duration":981,"execution_duration":4266,"uploading_duration":739,"executable":"ellipsoids-openmp","args":["3.dat","317.log","317.xoutput"],"id":83,"resource":"1024","request_start":1576546179785,"request_end":1576546192174,"request_duration":12389,"type":"1024"}
{"start":1576546186009,"end":1576546192160,"duration":6151,"downloading_duration":1076,"execution_duration":4324,"uploading_duration":751,"executable":"ellipsoids-openmp","args":["1.dat","115.log","115.xoutput"],"id":41,"resource":"1024","request_start":1576546179766,"request_end":1576546192180,"request_duration":12414,"type":"1024"}
{"start":1576546186158,"end":1576546192204,"duration":6046,"downloading_duration":1078,"execution_duration":4296,"uploading_duration":672,"executable":"ellipsoids-openmp","args":["3.dat","316.log","316.xoutput"],"id":82,"resource":"1024","request_start":1576546179785,"request_end":1576546192223,"request_duration":12438,"type":"1024"}
{"start":1576546186185,"end":1576546192239,"duration":6054,"downloading_duration":1009,"execution_duration":4425,"uploading_duration":620,"executable":"ellipsoids-openmp","args":["3.dat","319.log","319.xoutput"],"id":85,"resource":"1024","request_start":1576546179787,"request_end":1576546192257,"request_duration":12470,"type":"1024"}
{"start":1576546186161,"end":1576546192277,"duration":6116,"downloading_duration":1007,"execution_duration":4385,"uploading_duration":724,"executable":"ellipsoids-openmp","args":["3.dat","314.log","314.xoutput"],"id":80,"resource":"1024","request_start":1576546179784,"request_end":1576546192297,"request_duration":12513,"type":"1024"}
{"start":1576546186037,"end":1576546192293,"duration":6256,"downloading_duration":1045,"execution_duration":4587,"uploading_duration":624,"executable":"ellipsoids-openmp","args":["1.dat","117.log","117.xoutput"],"id":43,"resource":"1024","request_start":1576546179767,"request_end":1576546192312,"request_duration":12545,"type":"1024"}
{"start":1576546186153,"end":1576546192318,"duration":6165,"downloading_duration":1188,"execution_duration":4406,"uploading_duration":571,"executable":"ellipsoids-openmp","args":["3.dat","311.log","311.xoutput"],"id":77,"resource":"1024","request_start":1576546179782,"request_end":1576546192336,"request_duration":12554,"type":"1024"}
{"start":1576546192465,"end":1576546193932,"duration":1467,"downloading_duration":1083,"execution_duration":3,"uploading_duration":381,"executable":"mean-pack-ell","args":["30.xoutput","31.xoutput","32.xoutput","33.xoutput","34.xoutput","35.xoutput","36.xoutput","37.xoutput","38.xoutput","39.xoutput","310.xoutput","311.xoutput","312.xoutput","313.xoutput","314.xoutput","315.xoutput","316.xoutput","317.xoutput","318.xoutput","319.xoutput","average_3.txt"],"id":89,"resource":"1024","request_start":1576546192346,"request_end":1576546193952,"request_duration":1606,"type":"1024"}
{"start":1576546192437,"end":1576546193936,"duration":1499,"downloading_duration":1057,"execution_duration":2,"uploading_duration":440,"executable":"mean-pack-ell","args":["10.xoutput","11.xoutput","12.xoutput","13.xoutput","14.xoutput","15.xoutput","16.xoutput","17.xoutput","18.xoutput","19.xoutput","110.xoutput","111.xoutput","112.xoutput","113.xoutput","114.xoutput","115.xoutput","116.xoutput","117.xoutput","118.xoutput","119.xoutput","average_1.txt"],"id":87,"resource":"1024","request_start":1576546192323,"request_end":1576546193956,"request_duration":1633,"type":"1024"}
{"start":1576546194074,"end":1576546195002,"duration":928,"downloading_duration":429,"execution_duration":109,"uploading_duration":390,"executable":"summary.js","args":[],"id":90,"resource":"1024","request_start":1576546193964,"request_end":1576546195020,"request_duration":1056,"type":"1024"}
