{"start":1576546120609,"end":1576546121497,"duration":888,"downloading_duration":364,"execution_duration":103,"uploading_duration":421,"executable":"generateData.js","args":[],"id":1,"resource":"1024","request_start":1576546120448,"request_end":1576546121521,"request_duration":1073,"type":"1024"}
{"start":1576546121634,"end":1576546122518,"duration":884,"downloading_duration":375,"execution_duration":109,"uploading_duration":400,"executable":"createDat.js","args":["0.dat"],"id":2,"resource":"1024","request_start":1576546121523,"request_end":1576546122537,"request_duration":1014,"type":"1024"}
{"start":1576546121643,"end":1576546122524,"duration":881,"downloading_duration":378,"execution_duration":111,"uploading_duration":392,"executable":"createDat.js","args":["2.dat"],"id":4,"resource":"1024","request_start":1576546121526,"request_end":1576546122545,"request_duration":1019,"type":"1024"}
{"start":1576546121652,"end":1576546122535,"duration":883,"downloading_duration":375,"execution_duration":114,"uploading_duration":394,"executable":"createDat.js","args":["3.dat"],"id":5,"resource":"1024","request_start":1576546121527,"request_end":1576546122594,"request_duration":1067,"type":"1024"}
{"start":1576546121651,"end":1576546122604,"duration":953,"downloading_duration":382,"execution_duration":127,"uploading_duration":444,"executable":"createDat.js","args":["1.dat"],"id":3,"resource":"1024","request_start":1576546121525,"request_end":1576546122623,"request_duration":1098,"type":"1024"}
{"start":1576546123083,"end":1576546128288,"duration":5205,"downloading_duration":1031,"execution_duration":3575,"uploading_duration":599,"executable":"ellipsoids-openmp","args":["2.dat","211.log","211.xoutput"],"id":57,"resource":"1024","request_start":1576546122606,"request_end":1576546128310,"request_duration":5704,"type":"1024"}
{"start":1576546123081,"end":1576546128313,"duration":5232,"downloading_duration":1086,"execution_duration":3540,"uploading_duration":606,"executable":"ellipsoids-openmp","args":["2.dat","210.log","210.xoutput"],"id":56,"resource":"1024","request_start":1576546122604,"request_end":1576546128333,"request_duration":5729,"type":"1024"}
{"start":1576546123116,"end":1576546128386,"duration":5270,"downloading_duration":1002,"execution_duration":3561,"uploading_duration":707,"executable":"ellipsoids-openmp","args":["2.dat","27.log","27.xoutput"],"id":53,"resource":"1024","request_start":1576546122601,"request_end":1576546128406,"request_duration":5805,"type":"1024"}
{"start":1576546122735,"end":1576546128770,"duration":6035,"downloading_duration":994,"execution_duration":4449,"uploading_duration":592,"executable":"ellipsoids-openmp","args":["0.dat","05.log","05.xoutput"],"id":11,"resource":"1024","request_start":1576546122552,"request_end":1576546128806,"request_duration":6254,"type":"1024"}
{"start":1576546123172,"end":1576546128907,"duration":5735,"downloading_duration":1020,"execution_duration":4119,"uploading_duration":596,"executable":"ellipsoids-openmp","args":["3.dat","36.log","36.xoutput"],"id":72,"resource":"1024","request_start":1576546122634,"request_end":1576546128928,"request_duration":6294,"type":"1024"}
{"start":1576546122902,"end":1576546128955,"duration":6053,"downloading_duration":1054,"execution_duration":4385,"uploading_duration":614,"executable":"ellipsoids-openmp","args":["0.dat","018.log","018.xoutput"],"id":24,"resource":"1024","request_start":1576546122564,"request_end":1576546128981,"request_duration":6417,"type":"1024"}
{"start":1576546122898,"end":1576546128993,"duration":6095,"downloading_duration":1025,"execution_duration":4472,"uploading_duration":598,"executable":"ellipsoids-openmp","args":["0.dat","019.log","019.xoutput"],"id":25,"resource":"1024","request_start":1576546122565,"request_end":1576546129022,"request_duration":6457,"type":"1024"}
{"start":1576546122787,"end":1576546129008,"duration":6221,"downloading_duration":1174,"execution_duration":4462,"uploading_duration":585,"executable":"ellipsoids-openmp","args":["0.dat","06.log","06.xoutput"],"id":12,"resource":"1024","request_start":1576546122553,"request_end":1576546129028,"request_duration":6475,"type":"1024"}
{"start":1576546122858,"end":1576546129016,"duration":6158,"downloading_duration":1028,"execution_duration":4530,"uploading_duration":600,"executable":"ellipsoids-openmp","args":["0.dat","010.log","010.xoutput"],"id":16,"resource":"1024","request_start":1576546122557,"request_end":1576546129035,"request_duration":6478,"type":"1024"}
{"start":1576546122910,"end":1576546129020,"duration":6110,"downloading_duration":1018,"execution_duration":4500,"uploading_duration":592,"executable":"ellipsoids-openmp","args":["2.dat","22.log","22.xoutput"],"id":48,"resource":"1024","request_start":1576546122596,"request_end":1576546129040,"request_duration":6444,"type":"1024"}
{"start":1576546123166,"end":1576546129026,"duration":5860,"downloading_duration":1072,"execution_duration":4202,"uploading_duration":586,"executable":"ellipsoids-openmp","args":["3.dat","32.log","32.xoutput"],"id":68,"resource":"1024","request_start":1576546122631,"request_end":1576546129045,"request_duration":6414,"type":"1024"}
{"start":1576546123159,"end":1576546129048,"duration":5889,"downloading_duration":996,"execution_duration":4236,"uploading_duration":657,"executable":"ellipsoids-openmp","args":["3.dat","30.log","30.xoutput"],"id":66,"resource":"1024","request_start":1576546122629,"request_end":1576546129067,"request_duration":6438,"type":"1024"}
{"start":1576546122792,"end":1576546129051,"duration":6259,"downloading_duration":1004,"execution_duration":4678,"uploading_duration":577,"executable":"ellipsoids-openmp","args":["0.dat","04.log","04.xoutput"],"id":10,"resource":"1024","request_start":1576546122551,"request_end":1576546129070,"request_duration":6519,"type":"1024"}
{"start":1576546122854,"end":1576546129084,"duration":6230,"downloading_duration":1081,"execution_duration":4579,"uploading_duration":570,"executable":"ellipsoids-openmp","args":["0.dat","011.log","011.xoutput"],"id":17,"resource":"1024","request_start":1576546122558,"request_end":1576546129101,"request_duration":6543,"type":"1024"}
{"start":1576546123177,"end":1576546129093,"duration":5916,"downloading_duration":1077,"execution_duration":4262,"uploading_duration":577,"executable":"ellipsoids-openmp","args":["3.dat","38.log","38.xoutput"],"id":74,"resource":"1024","request_start":1576546122636,"request_end":1576546129111,"request_duration":6475,"type":"1024"}
{"start":1576546122904,"end":1576546129106,"duration":6202,"downloading_duration":1037,"execution_duration":4575,"uploading_duration":590,"executable":"ellipsoids-openmp","args":["2.dat","21.log","21.xoutput"],"id":47,"resource":"1024","request_start":1576546122596,"request_end":1576546129125,"request_duration":6529,"type":"1024"}
{"start":1576546122902,"end":1576546129107,"duration":6205,"downloading_duration":1051,"execution_duration":4519,"uploading_duration":635,"executable":"ellipsoids-openmp","args":["0.dat","01.log","01.xoutput"],"id":7,"resource":"1024","request_start":1576546122567,"request_end":1576546129126,"request_duration":6559,"type":"1024"}
{"start":1576546123167,"end":1576546129112,"duration":5945,"downloading_duration":1082,"execution_duration":4206,"uploading_duration":657,"executable":"ellipsoids-openmp","args":["3.dat","39.log","39.xoutput"],"id":75,"resource":"1024","request_start":1576546122637,"request_end":1576546129134,"request_duration":6497,"type":"1024"}
{"start":1576546122854,"end":1576546129114,"duration":6260,"downloading_duration":1014,"execution_duration":4678,"uploading_duration":568,"executable":"ellipsoids-openmp","args":["0.dat","013.log","013.xoutput"],"id":19,"resource":"1024","request_start":1576546122560,"request_end":1576546129135,"request_duration":6575,"type":"1024"}
{"start":1576546122897,"end":1576546129134,"duration":6237,"downloading_duration":1036,"execution_duration":4611,"uploading_duration":590,"executable":"ellipsoids-openmp","args":["0.dat","015.log","015.xoutput"],"id":21,"resource":"1024","request_start":1576546122562,"request_end":1576546129151,"request_duration":6589,"type":"1024"}
{"start":1576546123162,"end":1576546129146,"duration":5984,"downloading_duration":1204,"execution_duration":4193,"uploading_duration":587,"executable":"ellipsoids-openmp","args":["3.dat","33.log","33.xoutput"],"id":69,"resource":"1024","request_start":1576546122632,"request_end":1576546129164,"request_duration":6532,"type":"1024"}
{"start":1576546122859,"end":1576546129163,"duration":6304,"downloading_duration":1149,"execution_duration":4550,"uploading_duration":605,"executable":"ellipsoids-openmp","args":["0.dat","08.log","08.xoutput"],"id":14,"resource":"1024","request_start":1576546122555,"request_end":1576546129181,"request_duration":6626,"type":"1024"}
{"start":1576546123157,"end":1576546129183,"duration":6026,"downloading_duration":1098,"execution_duration":4306,"uploading_duration":622,"executable":"ellipsoids-openmp","args":["3.dat","35.log","35.xoutput"],"id":71,"resource":"1024","request_start":1576546122633,"request_end":1576546129201,"request_duration":6568,"type":"1024"}
{"start":1576546122795,"end":1576546129187,"duration":6392,"downloading_duration":1077,"execution_duration":4701,"uploading_duration":614,"executable":"ellipsoids-openmp","args":["0.dat","07.log","07.xoutput"],"id":13,"resource":"1024","request_start":1576546122554,"request_end":1576546129208,"request_duration":6654,"type":"1024"}
{"start":1576546123157,"end":1576546129200,"duration":6043,"downloading_duration":1111,"execution_duration":4316,"uploading_duration":616,"executable":"ellipsoids-openmp","args":["3.dat","31.log","31.xoutput"],"id":67,"resource":"1024","request_start":1576546122630,"request_end":1576546129220,"request_duration":6590,"type":"1024"}
{"start":1576546122897,"end":1576546129203,"duration":6306,"downloading_duration":1054,"execution_duration":4638,"uploading_duration":614,"executable":"ellipsoids-openmp","args":["0.dat","016.log","016.xoutput"],"id":22,"resource":"1024","request_start":1576546122562,"request_end":1576546129223,"request_duration":6661,"type":"1024"}
{"start":1576546122943,"end":1576546129208,"duration":6265,"downloading_duration":1005,"execution_duration":4675,"uploading_duration":585,"executable":"ellipsoids-openmp","args":["2.dat","20.log","20.xoutput"],"id":46,"resource":"1024","request_start":1576546122595,"request_end":1576546129226,"request_duration":6631,"type":"1024"}
{"start":1576546122853,"end":1576546129235,"duration":6382,"downloading_duration":1149,"execution_duration":4658,"uploading_duration":575,"executable":"ellipsoids-openmp","args":["0.dat","012.log","012.xoutput"],"id":18,"resource":"1024","request_start":1576546122559,"request_end":1576546129254,"request_duration":6695,"type":"1024"}
{"start":1576546123091,"end":1576546129266,"duration":6175,"downloading_duration":1009,"execution_duration":4578,"uploading_duration":588,"executable":"ellipsoids-openmp","args":["2.dat","217.log","217.xoutput"],"id":63,"resource":"1024","request_start":1576546122614,"request_end":1576546129286,"request_duration":6672,"type":"1024"}
{"start":1576546122898,"end":1576546129270,"duration":6372,"downloading_duration":1113,"execution_duration":4582,"uploading_duration":677,"executable":"ellipsoids-openmp","args":["0.dat","00.log","00.xoutput"],"id":6,"resource":"1024","request_start":1576546122566,"request_end":1576546129294,"request_duration":6728,"type":"1024"}
{"start":1576546122906,"end":1576546129290,"duration":6384,"downloading_duration":998,"execution_duration":4764,"uploading_duration":622,"executable":"ellipsoids-openmp","args":["0.dat","03.log","03.xoutput"],"id":9,"resource":"1024","request_start":1576546122569,"request_end":1576546129306,"request_duration":6737,"type":"1024"}
{"start":1576546122910,"end":1576546129294,"duration":6384,"downloading_duration":1155,"execution_duration":4664,"uploading_duration":565,"executable":"ellipsoids-openmp","args":["2.dat","23.log","23.xoutput"],"id":49,"resource":"1024","request_start":1576546122597,"request_end":1576546129313,"request_duration":6716,"type":"1024"}
{"start":1576546122897,"end":1576546129308,"duration":6411,"downloading_duration":1159,"execution_duration":4660,"uploading_duration":592,"executable":"ellipsoids-openmp","args":["0.dat","014.log","014.xoutput"],"id":20,"resource":"1024","request_start":1576546122561,"request_end":1576546129325,"request_duration":6764,"type":"1024"}
{"start":1576546123082,"end":1576546129308,"duration":6226,"downloading_duration":994,"execution_duration":4580,"uploading_duration":652,"executable":"ellipsoids-openmp","args":["2.dat","24.log","24.xoutput"],"id":50,"resource":"1024","request_start":1576546122598,"request_end":1576546129330,"request_duration":6732,"type":"1024"}
{"start":1576546123162,"end":1576546129311,"duration":6149,"downloading_duration":1011,"execution_duration":4241,"uploading_duration":897,"executable":"ellipsoids-openmp","args":["3.dat","34.log","34.xoutput"],"id":70,"resource":"1024","request_start":1576546122633,"request_end":1576546129332,"request_duration":6699,"type":"1024"}
{"start":1576546123095,"end":1576546129346,"duration":6251,"downloading_duration":1014,"execution_duration":4643,"uploading_duration":594,"executable":"ellipsoids-openmp","args":["2.dat","216.log","216.xoutput"],"id":62,"resource":"1024","request_start":1576546122613,"request_end":1576546129364,"request_duration":6751,"type":"1024"}
{"start":1576546123096,"end":1576546129345,"duration":6249,"downloading_duration":989,"execution_duration":4635,"uploading_duration":625,"executable":"ellipsoids-openmp","args":["2.dat","219.log","219.xoutput"],"id":65,"resource":"1024","request_start":1576546122616,"request_end":1576546129367,"request_duration":6751,"type":"1024"}
{"start":1576546122846,"end":1576546129367,"duration":6521,"downloading_duration":1142,"execution_duration":4765,"uploading_duration":614,"executable":"ellipsoids-openmp","args":["0.dat","09.log","09.xoutput"],"id":15,"resource":"1024","request_start":1576546122556,"request_end":1576546129387,"request_duration":6831,"type":"1024"}
{"start":1576546123082,"end":1576546129372,"duration":6290,"downloading_duration":1032,"execution_duration":4663,"uploading_duration":595,"executable":"ellipsoids-openmp","args":["2.dat","29.log","29.xoutput"],"id":55,"resource":"1024","request_start":1576546122602,"request_end":1576546129393,"request_duration":6791,"type":"1024"}
{"start":1576546123081,"end":1576546129377,"duration":6296,"downloading_duration":999,"execution_duration":4710,"uploading_duration":587,"executable":"ellipsoids-openmp","args":["2.dat","26.log","26.xoutput"],"id":52,"resource":"1024","request_start":1576546122600,"request_end":1576546129400,"request_duration":6800,"type":"1024"}
{"start":1576546123122,"end":1576546129376,"duration":6254,"downloading_duration":1080,"execution_duration":4592,"uploading_duration":582,"executable":"ellipsoids-openmp","args":["2.dat","25.log","25.xoutput"],"id":51,"resource":"1024","request_start":1576546122599,"request_end":1576546129403,"request_duration":6804,"type":"1024"}
{"start":1576546122909,"end":1576546129379,"duration":6470,"downloading_duration":1161,"execution_duration":4719,"uploading_duration":590,"executable":"ellipsoids-openmp","args":["0.dat","02.log","02.xoutput"],"id":8,"resource":"1024","request_start":1576546122568,"request_end":1576546129407,"request_duration":6839,"type":"1024"}
{"start":1576546122922,"end":1576546129388,"duration":6466,"downloading_duration":1014,"execution_duration":4881,"uploading_duration":571,"executable":"ellipsoids-openmp","args":["0.dat","017.log","017.xoutput"],"id":23,"resource":"1024","request_start":1576546122563,"request_end":1576546129415,"request_duration":6852,"type":"1024"}
{"start":1576546123127,"end":1576546129425,"duration":6298,"downloading_duration":1103,"execution_duration":4617,"uploading_duration":578,"executable":"ellipsoids-openmp","args":["2.dat","212.log","212.xoutput"],"id":58,"resource":"1024","request_start":1576546122607,"request_end":1576546129444,"request_duration":6837,"type":"1024"}
{"start":1576546123093,"end":1576546129440,"duration":6347,"downloading_duration":1011,"execution_duration":4738,"uploading_duration":598,"executable":"ellipsoids-openmp","args":["2.dat","215.log","215.xoutput"],"id":61,"resource":"1024","request_start":1576546122612,"request_end":1576546129459,"request_duration":6847,"type":"1024"}
{"start":1576546123116,"end":1576546129452,"duration":6336,"downloading_duration":1043,"execution_duration":4665,"uploading_duration":628,"executable":"ellipsoids-openmp","args":["2.dat","28.log","28.xoutput"],"id":54,"resource":"1024","request_start":1576546122601,"request_end":1576546129477,"request_duration":6876,"type":"1024"}
{"start":1576546123087,"end":1576546129469,"duration":6382,"downloading_duration":1021,"execution_duration":4721,"uploading_duration":640,"executable":"ellipsoids-openmp","args":["2.dat","214.log","214.xoutput"],"id":60,"resource":"1024","request_start":1576546122609,"request_end":1576546129487,"request_duration":6878,"type":"1024"}
{"start":1576546123088,"end":1576546129508,"duration":6420,"downloading_duration":1027,"execution_duration":4779,"uploading_duration":614,"executable":"ellipsoids-openmp","args":["2.dat","213.log","213.xoutput"],"id":59,"resource":"1024","request_start":1576546122608,"request_end":1576546129530,"request_duration":6922,"type":"1024"}
{"start":1576546123106,"end":1576546129624,"duration":6518,"downloading_duration":1176,"execution_duration":4762,"uploading_duration":580,"executable":"ellipsoids-openmp","args":["2.dat","218.log","218.xoutput"],"id":64,"resource":"1024","request_start":1576546122615,"request_end":1576546129642,"request_duration":7027,"type":"1024"}
{"start":1576546123172,"end":1576546129857,"duration":6685,"downloading_duration":1905,"execution_duration":4218,"uploading_duration":562,"executable":"ellipsoids-openmp","args":["3.dat","37.log","37.xoutput"],"id":73,"resource":"1024","request_start":1576546122635,"request_end":1576546129878,"request_duration":7243,"type":"1024"}
{"start":1576546129530,"end":1576546131069,"duration":1539,"downloading_duration":1157,"execution_duration":2,"uploading_duration":380,"executable":"mean-pack-ell","args":["00.xoutput","01.xoutput","02.xoutput","03.xoutput","04.xoutput","05.xoutput","06.xoutput","07.xoutput","08.xoutput","09.xoutput","010.xoutput","011.xoutput","012.xoutput","013.xoutput","014.xoutput","015.xoutput","016.xoutput","017.xoutput","018.xoutput","019.xoutput","average_0.txt"],"id":86,"resource":"1024","request_start":1576546129427,"request_end":1576546131091,"request_duration":1664,"type":"1024"}
{"start":1576546129766,"end":1576546131250,"duration":1484,"downloading_duration":1110,"execution_duration":3,"uploading_duration":371,"executable":"mean-pack-ell","args":["20.xoutput","21.xoutput","22.xoutput","23.xoutput","24.xoutput","25.xoutput","26.xoutput","27.xoutput","28.xoutput","29.xoutput","210.xoutput","211.xoutput","212.xoutput","213.xoutput","214.xoutput","215.xoutput","216.xoutput","217.xoutput","218.xoutput","219.xoutput","average_2.txt"],"id":88,"resource":"1024","request_start":1576546129656,"request_end":1576546131270,"request_duration":1614,"type":"1024"}
{"start":1576546128342,"end":1576546133513,"duration":5171,"downloading_duration":1005,"execution_duration":3549,"uploading_duration":617,"executable":"ellipsoids-openmp","args":["3.dat","310.log","310.xoutput"],"id":76,"resource":"1024","request_start":1576546122637,"request_end":1576546133536,"request_duration":10899,"type":"1024"}
{"start":1576546128363,"end":1576546133587,"duration":5224,"downloading_duration":987,"execution_duration":3627,"uploading_duration":610,"executable":"ellipsoids-openmp","args":["3.dat","311.log","311.xoutput"],"id":77,"resource":"1024","request_start":1576546122638,"request_end":1576546133608,"request_duration":10970,"type":"1024"}
{"start":1576546128441,"end":1576546133601,"duration":5160,"downloading_duration":1017,"execution_duration":3560,"uploading_duration":583,"executable":"ellipsoids-openmp","args":["3.dat","312.log","312.xoutput"],"id":78,"resource":"1024","request_start":1576546122639,"request_end":1576546133620,"request_duration":10981,"type":"1024"}
{"start":1576546129063,"end":1576546134673,"duration":5610,"downloading_duration":999,"execution_duration":4018,"uploading_duration":593,"executable":"ellipsoids-openmp","args":["3.dat","317.log","317.xoutput"],"id":83,"resource":"1024","request_start":1576546122641,"request_end":1576546134782,"request_duration":12141,"type":"1024"}
{"start":1576546129157,"end":1576546134741,"duration":5584,"downloading_duration":1033,"execution_duration":3979,"uploading_duration":572,"executable":"ellipsoids-openmp","args":["1.dat","16.log","16.xoutput"],"id":32,"resource":"1024","request_start":1576546122686,"request_end":1576546134790,"request_duration":12104,"type":"1024"}
{"start":1576546129073,"end":1576546134732,"duration":5659,"downloading_duration":994,"execution_duration":4046,"uploading_duration":619,"executable":"ellipsoids-openmp","args":["1.dat","10.log","10.xoutput"],"id":26,"resource":"1024","request_start":1576546122682,"request_end":1576546134793,"request_duration":12111,"type":"1024"}
{"start":1576546128953,"end":1576546134774,"duration":5821,"downloading_duration":1114,"execution_duration":4101,"uploading_duration":606,"executable":"ellipsoids-openmp","args":["3.dat","314.log","314.xoutput"],"id":80,"resource":"1024","request_start":1576546122640,"request_end":1576546134802,"request_duration":12162,"type":"1024"}
{"start":1576546129062,"end":1576546134807,"duration":5745,"downloading_duration":1065,"execution_duration":4047,"uploading_duration":633,"executable":"ellipsoids-openmp","args":["3.dat","318.log","318.xoutput"],"id":84,"resource":"1024","request_start":1576546122642,"request_end":1576546134827,"request_duration":12185,"type":"1024"}
{"start":1576546129049,"end":1576546134835,"duration":5786,"downloading_duration":1093,"execution_duration":4079,"uploading_duration":614,"executable":"ellipsoids-openmp","args":["3.dat","316.log","316.xoutput"],"id":82,"resource":"1024","request_start":1576546122641,"request_end":1576546134855,"request_duration":12214,"type":"1024"}
{"start":1576546129094,"end":1576546134878,"duration":5784,"downloading_duration":1018,"execution_duration":4123,"uploading_duration":643,"executable":"ellipsoids-openmp","args":["1.dat","11.log","11.xoutput"],"id":27,"resource":"1024","request_start":1576546122683,"request_end":1576546134899,"request_duration":12216,"type":"1024"}
{"start":1576546128840,"end":1576546134887,"duration":6047,"downloading_duration":996,"execution_duration":4460,"uploading_duration":591,"executable":"ellipsoids-openmp","args":["3.dat","313.log","313.xoutput"],"id":79,"resource":"1024","request_start":1576546122639,"request_end":1576546134907,"request_duration":12268,"type":"1024"}
{"start":1576546129071,"end":1576546134891,"duration":5820,"downloading_duration":1027,"execution_duration":4194,"uploading_duration":599,"executable":"ellipsoids-openmp","args":["3.dat","319.log","319.xoutput"],"id":85,"resource":"1024","request_start":1576546122645,"request_end":1576546134910,"request_duration":12265,"type":"1024"}
{"start":1576546129279,"end":1576546134913,"duration":5634,"downloading_duration":1024,"execution_duration":4030,"uploading_duration":580,"executable":"ellipsoids-openmp","args":["1.dat","117.log","117.xoutput"],"id":43,"resource":"1024","request_start":1576546122693,"request_end":1576546134934,"request_duration":12241,"type":"1024"}
{"start":1576546129234,"end":1576546134941,"duration":5707,"downloading_duration":1062,"execution_duration":4042,"uploading_duration":603,"executable":"ellipsoids-openmp","args":["1.dat","113.log","113.xoutput"],"id":39,"resource":"1024","request_start":1576546122691,"request_end":1576546134959,"request_duration":12268,"type":"1024"}
{"start":1576546129154,"end":1576546134943,"duration":5789,"downloading_duration":1087,"execution_duration":4080,"uploading_duration":622,"executable":"ellipsoids-openmp","args":["1.dat","15.log","15.xoutput"],"id":31,"resource":"1024","request_start":1576546122685,"request_end":1576546134963,"request_duration":12278,"type":"1024"}
{"start":1576546129178,"end":1576546134945,"duration":5767,"downloading_duration":1098,"execution_duration":4054,"uploading_duration":615,"executable":"ellipsoids-openmp","args":["1.dat","19.log","19.xoutput"],"id":35,"resource":"1024","request_start":1576546122687,"request_end":1576546134966,"request_duration":12279,"type":"1024"}
{"start":1576546129008,"end":1576546134954,"duration":5946,"downloading_duration":984,"execution_duration":4381,"uploading_duration":581,"executable":"ellipsoids-openmp","args":["3.dat","315.log","315.xoutput"],"id":81,"resource":"1024","request_start":1576546122640,"request_end":1576546134974,"request_duration":12334,"type":"1024"}
{"start":1576546129128,"end":1576546134958,"duration":5830,"downloading_duration":1018,"execution_duration":4203,"uploading_duration":609,"executable":"ellipsoids-openmp","args":["1.dat","13.log","13.xoutput"],"id":29,"resource":"1024","request_start":1576546122684,"request_end":1576546134984,"request_duration":12300,"type":"1024"}
{"start":1576546129211,"end":1576546134960,"duration":5749,"downloading_duration":1001,"execution_duration":4182,"uploading_duration":566,"executable":"ellipsoids-openmp","args":["1.dat","111.log","111.xoutput"],"id":37,"resource":"1024","request_start":1576546122688,"request_end":1576546134985,"request_duration":12297,"type":"1024"}
{"start":1576546129254,"end":1576546134999,"duration":5745,"downloading_duration":1081,"execution_duration":4068,"uploading_duration":596,"executable":"ellipsoids-openmp","args":["1.dat","115.log","115.xoutput"],"id":41,"resource":"1024","request_start":1576546122692,"request_end":1576546135017,"request_duration":12325,"type":"1024"}
{"start":1576546129103,"end":1576546135022,"duration":5919,"downloading_duration":1086,"execution_duration":4185,"uploading_duration":648,"executable":"ellipsoids-openmp","args":["1.dat","12.log","12.xoutput"],"id":28,"resource":"1024","request_start":1576546122684,"request_end":1576546135043,"request_duration":12359,"type":"1024"}
{"start":1576546129191,"end":1576546135033,"duration":5842,"downloading_duration":1114,"execution_duration":4052,"uploading_duration":676,"executable":"ellipsoids-openmp","args":["1.dat","110.log","110.xoutput"],"id":36,"resource":"1024","request_start":1576546122688,"request_end":1576546135054,"request_duration":12366,"type":"1024"}
{"start":1576546129247,"end":1576546135056,"duration":5809,"downloading_duration":1012,"execution_duration":4201,"uploading_duration":596,"executable":"ellipsoids-openmp","args":["1.dat","114.log","114.xoutput"],"id":40,"resource":"1024","request_start":1576546122691,"request_end":1576546135076,"request_duration":12385,"type":"1024"}
{"start":1576546129324,"end":1576546135064,"duration":5740,"downloading_duration":1069,"execution_duration":4018,"uploading_duration":653,"executable":"ellipsoids-openmp","args":["1.dat","118.log","118.xoutput"],"id":44,"resource":"1024","request_start":1576546122693,"request_end":1576546135083,"request_duration":12390,"type":"1024"}
{"start":1576546129167,"end":1576546135111,"duration":5944,"downloading_duration":1120,"execution_duration":4213,"uploading_duration":611,"executable":"ellipsoids-openmp","args":["1.dat","18.log","18.xoutput"],"id":34,"resource":"1024","request_start":1576546122687,"request_end":1576546135130,"request_duration":12443,"type":"1024"}
{"start":1576546129161,"end":1576546135118,"duration":5957,"downloading_duration":988,"execution_duration":4286,"uploading_duration":683,"executable":"ellipsoids-openmp","args":["1.dat","17.log","17.xoutput"],"id":33,"resource":"1024","request_start":1576546122686,"request_end":1576546135139,"request_duration":12453,"type":"1024"}
{"start":1576546129252,"end":1576546135176,"duration":5924,"downloading_duration":1074,"execution_duration":4251,"uploading_duration":599,"executable":"ellipsoids-openmp","args":["1.dat","116.log","116.xoutput"],"id":42,"resource":"1024","request_start":1576546122692,"request_end":1576546135194,"request_duration":12502,"type":"1024"}
{"start":1576546129232,"end":1576546135190,"duration":5958,"downloading_duration":1164,"execution_duration":4202,"uploading_duration":592,"executable":"ellipsoids-openmp","args":["1.dat","112.log","112.xoutput"],"id":38,"resource":"1024","request_start":1576546122690,"request_end":1576546135209,"request_duration":12519,"type":"1024"}
{"start":1576546129140,"end":1576546135231,"duration":6091,"downloading_duration":1065,"execution_duration":4324,"uploading_duration":702,"executable":"ellipsoids-openmp","args":["1.dat","14.log","14.xoutput"],"id":30,"resource":"1024","request_start":1576546122685,"request_end":1576546135251,"request_duration":12566,"type":"1024"}
{"start":1576546129324,"end":1576546135403,"duration":6079,"downloading_duration":1171,"execution_duration":4225,"uploading_duration":683,"executable":"ellipsoids-openmp","args":["1.dat","119.log","119.xoutput"],"id":45,"resource":"1024","request_start":1576546122694,"request_end":1576546135423,"request_duration":12729,"type":"1024"}
{"start":1576546135119,"end":1576546136657,"duration":1538,"downloading_duration":1115,"execution_duration":41,"uploading_duration":382,"executable":"mean-pack-ell","args":["30.xoutput","31.xoutput","32.xoutput","33.xoutput","34.xoutput","35.xoutput","36.xoutput","37.xoutput","38.xoutput","39.xoutput","310.xoutput","311.xoutput","312.xoutput","313.xoutput","314.xoutput","315.xoutput","316.xoutput","317.xoutput","318.xoutput","319.xoutput","average_3.txt"],"id":89,"resource":"1024","request_start":1576546134991,"request_end":1576546136678,"request_duration":1687,"type":"1024"}
{"start":1576546135546,"end":1576546137010,"duration":1464,"downloading_duration":947,"execution_duration":27,"uploading_duration":490,"executable":"mean-pack-ell","args":["10.xoutput","11.xoutput","12.xoutput","13.xoutput","14.xoutput","15.xoutput","16.xoutput","17.xoutput","18.xoutput","19.xoutput","110.xoutput","111.xoutput","112.xoutput","113.xoutput","114.xoutput","115.xoutput","116.xoutput","117.xoutput","118.xoutput","119.xoutput","average_1.txt"],"id":87,"resource":"1024","request_start":1576546135439,"request_end":1576546137030,"request_duration":1591,"type":"1024"}
{"start":1576546137142,"end":1576546138105,"duration":963,"downloading_duration":463,"execution_duration":110,"uploading_duration":390,"executable":"summary.js","args":[],"id":90,"resource":"1024","request_start":1576546137037,"request_end":1576546138123,"request_duration":1086,"type":"1024"}
