{"start":1576627947673,"end":1576627949117,"duration":1444,"downloading_duration":647,"execution_duration":263,"uploading_duration":534,"executable":"generateData.js","args":[],"id":1,"resource":"512","request_start":1576627946883,"request_end":1576627949150,"request_duration":2267,"type":"512"}
{"start":1576627949279,"end":1576627950288,"duration":1009,"downloading_duration":381,"execution_duration":239,"uploading_duration":389,"executable":"createDat.js","args":["1.dat"],"id":3,"resource":"512","request_start":1576627949172,"request_end":1576627950306,"request_duration":1134,"type":"512"}
{"start":1576627949863,"end":1576627951320,"duration":1457,"downloading_duration":691,"execution_duration":266,"uploading_duration":500,"executable":"createDat.js","args":["0.dat"],"id":2,"resource":"512","request_start":1576627949165,"request_end":1576627951344,"request_duration":2179,"type":"512"}
{"start":1576627950054,"end":1576627951483,"duration":1429,"downloading_duration":663,"execution_duration":264,"uploading_duration":502,"executable":"createDat.js","args":["3.dat"],"id":5,"resource":"512","request_start":1576627949180,"request_end":1576627951515,"request_duration":2335,"type":"512"}
{"start":1576627949861,"end":1576627951675,"duration":1814,"downloading_duration":1058,"execution_duration":254,"uploading_duration":502,"executable":"createDat.js","args":["2.dat"],"id":4,"resource":"512","request_start":1576627949176,"request_end":1576627951696,"request_duration":2520,"type":"512"}
{"start":1576627951475,"end":1576627960820,"duration":9345,"downloading_duration":1324,"execution_duration":7402,"uploading_duration":619,"executable":"ellipsoids-openmp","args":["1.dat","13.log","13.xoutput"],"id":59,"resource":"512","request_start":1576627950364,"request_end":1576627960843,"request_duration":10479,"type":"512"}
{"start":1576627951549,"end":1576627960936,"duration":9387,"downloading_duration":1447,"execution_duration":7220,"uploading_duration":720,"executable":"ellipsoids-openmp","args":["1.dat","119.log","119.xoutput"],"id":75,"resource":"512","request_start":1576627950383,"request_end":1576627960956,"request_duration":10573,"type":"512"}
{"start":1576627951529,"end":1576627961398,"duration":9869,"downloading_duration":1422,"execution_duration":7442,"uploading_duration":1005,"executable":"ellipsoids-openmp","args":["1.dat","112.log","112.xoutput"],"id":68,"resource":"512","request_start":1576627950376,"request_end":1576627961419,"request_duration":11043,"type":"512"}
{"start":1576627951483,"end":1576627961904,"duration":10421,"downloading_duration":1344,"execution_duration":8502,"uploading_duration":575,"executable":"ellipsoids-openmp","args":["1.dat","18.log","18.xoutput"],"id":64,"resource":"512","request_start":1576627950373,"request_end":1576627961926,"request_duration":11553,"type":"512"}
{"start":1576627951472,"end":1576627961962,"duration":10490,"downloading_duration":1408,"execution_duration":8481,"uploading_duration":601,"executable":"ellipsoids-openmp","args":["1.dat","111.log","111.xoutput"],"id":67,"resource":"512","request_start":1576627950376,"request_end":1576627961983,"request_duration":11607,"type":"512"}
{"start":1576627951376,"end":1576627962064,"duration":10688,"downloading_duration":1162,"execution_duration":8922,"uploading_duration":604,"executable":"ellipsoids-openmp","args":["1.dat","141.log","141.xoutput"],"id":97,"resource":"512","request_start":1576627950403,"request_end":1576627962123,"request_duration":11720,"type":"512"}
{"start":1576627951464,"end":1576627962133,"duration":10669,"downloading_duration":1346,"execution_duration":8699,"uploading_duration":624,"executable":"ellipsoids-openmp","args":["1.dat","149.log","149.xoutput"],"id":105,"resource":"512","request_start":1576627950359,"request_end":1576627962153,"request_duration":11794,"type":"512"}
{"start":1576627951300,"end":1576627962209,"duration":10909,"downloading_duration":1473,"execution_duration":8841,"uploading_duration":595,"executable":"ellipsoids-openmp","args":["1.dat","128.log","128.xoutput"],"id":84,"resource":"512","request_start":1576627950390,"request_end":1576627962238,"request_duration":11848,"type":"512"}
{"start":1576627951287,"end":1576627962236,"duration":10949,"downloading_duration":1352,"execution_duration":8980,"uploading_duration":617,"executable":"ellipsoids-openmp","args":["1.dat","127.log","127.xoutput"],"id":83,"resource":"512","request_start":1576627950389,"request_end":1576627962258,"request_duration":11869,"type":"512"}
{"start":1576627951269,"end":1576627962266,"duration":10997,"downloading_duration":1406,"execution_duration":8943,"uploading_duration":648,"executable":"ellipsoids-openmp","args":["1.dat","131.log","131.xoutput"],"id":87,"resource":"512","request_start":1576627950394,"request_end":1576627962287,"request_duration":11893,"type":"512"}
{"start":1576627951542,"end":1576627962282,"duration":10740,"downloading_duration":1478,"execution_duration":8659,"uploading_duration":603,"executable":"ellipsoids-openmp","args":["1.dat","118.log","118.xoutput"],"id":74,"resource":"512","request_start":1576627950382,"request_end":1576627962303,"request_duration":11921,"type":"512"}
{"start":1576627951550,"end":1576627962292,"duration":10742,"downloading_duration":1047,"execution_duration":9021,"uploading_duration":674,"executable":"ellipsoids-openmp","args":["1.dat","142.log","142.xoutput"],"id":98,"resource":"512","request_start":1576627950403,"request_end":1576627962313,"request_duration":11910,"type":"512"}
{"start":1576627951443,"end":1576627962326,"duration":10883,"downloading_duration":1423,"execution_duration":8801,"uploading_duration":659,"executable":"ellipsoids-openmp","args":["1.dat","144.log","144.xoutput"],"id":100,"resource":"512","request_start":1576627950351,"request_end":1576627962346,"request_duration":11995,"type":"512"}
{"start":1576627951571,"end":1576627962346,"duration":10775,"downloading_duration":1388,"execution_duration":8743,"uploading_duration":644,"executable":"ellipsoids-openmp","args":["1.dat","116.log","116.xoutput"],"id":72,"resource":"512","request_start":1576627950380,"request_end":1576627962367,"request_duration":11987,"type":"512"}
{"start":1576627951449,"end":1576627962348,"duration":10899,"downloading_duration":1325,"execution_duration":8959,"uploading_duration":615,"executable":"ellipsoids-openmp","args":["1.dat","12.log","12.xoutput"],"id":58,"resource":"512","request_start":1576627950363,"request_end":1576627962373,"request_duration":12010,"type":"512"}
{"start":1576627951286,"end":1576627962365,"duration":11079,"downloading_duration":1416,"execution_duration":8903,"uploading_duration":760,"executable":"ellipsoids-openmp","args":["1.dat","130.log","130.xoutput"],"id":86,"resource":"512","request_start":1576627950393,"request_end":1576627962386,"request_duration":11993,"type":"512"}
{"start":1576627951471,"end":1576627962368,"duration":10897,"downloading_duration":1329,"execution_duration":8881,"uploading_duration":687,"executable":"ellipsoids-openmp","args":["1.dat","146.log","146.xoutput"],"id":102,"resource":"512","request_start":1576627950355,"request_end":1576627962388,"request_duration":12033,"type":"512"}
{"start":1576627951559,"end":1576627962385,"duration":10826,"downloading_duration":1535,"execution_duration":8701,"uploading_duration":590,"executable":"ellipsoids-openmp","args":["1.dat","117.log","117.xoutput"],"id":73,"resource":"512","request_start":1576627950381,"request_end":1576627962406,"request_duration":12025,"type":"512"}
{"start":1576627951560,"end":1576627962406,"duration":10846,"downloading_duration":1466,"execution_duration":8797,"uploading_duration":583,"executable":"ellipsoids-openmp","args":["1.dat","120.log","120.xoutput"],"id":76,"resource":"512","request_start":1576627950384,"request_end":1576627962425,"request_duration":12041,"type":"512"}
{"start":1576627951502,"end":1576627962409,"duration":10907,"downloading_duration":1366,"execution_duration":8920,"uploading_duration":621,"executable":"ellipsoids-openmp","args":["1.dat","10.log","10.xoutput"],"id":56,"resource":"512","request_start":1576627950361,"request_end":1576627962433,"request_duration":12072,"type":"512"}
{"start":1576627951467,"end":1576627962459,"duration":10992,"downloading_duration":1339,"execution_duration":8978,"uploading_duration":675,"executable":"ellipsoids-openmp","args":["1.dat","14.log","14.xoutput"],"id":60,"resource":"512","request_start":1576627950366,"request_end":1576627962478,"request_duration":12112,"type":"512"}
{"start":1576627951658,"end":1576627962464,"duration":10806,"downloading_duration":1381,"execution_duration":8781,"uploading_duration":644,"executable":"ellipsoids-openmp","args":["1.dat","110.log","110.xoutput"],"id":66,"resource":"512","request_start":1576627950375,"request_end":1576627962486,"request_duration":12111,"type":"512"}
{"start":1576627951456,"end":1576627962472,"duration":11016,"downloading_duration":1357,"execution_duration":9078,"uploading_duration":581,"executable":"ellipsoids-openmp","args":["1.dat","147.log","147.xoutput"],"id":103,"resource":"512","request_start":1576627950357,"request_end":1576627962493,"request_duration":12136,"type":"512"}
{"start":1576627951505,"end":1576627962575,"duration":11070,"downloading_duration":1364,"execution_duration":9022,"uploading_duration":684,"executable":"ellipsoids-openmp","args":["1.dat","16.log","16.xoutput"],"id":62,"resource":"512","request_start":1576627950368,"request_end":1576627962600,"request_duration":12232,"type":"512"}
{"start":1576627951519,"end":1576627962582,"duration":11063,"downloading_duration":1307,"execution_duration":8943,"uploading_duration":813,"executable":"ellipsoids-openmp","args":["1.dat","115.log","115.xoutput"],"id":71,"resource":"512","request_start":1576627950379,"request_end":1576627962603,"request_duration":12224,"type":"512"}
{"start":1576627950812,"end":1576627962684,"duration":11872,"downloading_duration":1212,"execution_duration":9378,"uploading_duration":1282,"executable":"ellipsoids-openmp","args":["1.dat","126.log","126.xoutput"],"id":82,"resource":"512","request_start":1576627950389,"request_end":1576627962703,"request_duration":12314,"type":"512"}
{"start":1576627951529,"end":1576627962684,"duration":11155,"downloading_duration":1372,"execution_duration":9182,"uploading_duration":601,"executable":"ellipsoids-openmp","args":["1.dat","122.log","122.xoutput"],"id":78,"resource":"512","request_start":1576627950385,"request_end":1576627962706,"request_duration":12321,"type":"512"}
{"start":1576627951485,"end":1576627962714,"duration":11229,"downloading_duration":1426,"execution_duration":9165,"uploading_duration":638,"executable":"ellipsoids-openmp","args":["1.dat","145.log","145.xoutput"],"id":101,"resource":"512","request_start":1576627950353,"request_end":1576627962733,"request_duration":12380,"type":"512"}
{"start":1576627951479,"end":1576627962752,"duration":11273,"downloading_duration":1437,"execution_duration":9257,"uploading_duration":579,"executable":"ellipsoids-openmp","args":["1.dat","17.log","17.xoutput"],"id":63,"resource":"512","request_start":1576627950369,"request_end":1576627962773,"request_duration":12404,"type":"512"}
{"start":1576627952039,"end":1576627962803,"duration":10764,"downloading_duration":1411,"execution_duration":8718,"uploading_duration":635,"executable":"ellipsoids-openmp","args":["1.dat","136.log","136.xoutput"],"id":92,"resource":"512","request_start":1576627950399,"request_end":1576627962823,"request_duration":12424,"type":"512"}
{"start":1576627952018,"end":1576627962806,"duration":10788,"downloading_duration":1480,"execution_duration":8662,"uploading_duration":646,"executable":"ellipsoids-openmp","args":["1.dat","140.log","140.xoutput"],"id":96,"resource":"512","request_start":1576627950402,"request_end":1576627962826,"request_duration":12424,"type":"512"}
{"start":1576627952037,"end":1576627962815,"duration":10778,"downloading_duration":1388,"execution_duration":8765,"uploading_duration":625,"executable":"ellipsoids-openmp","args":["1.dat","137.log","137.xoutput"],"id":93,"resource":"512","request_start":1576627950399,"request_end":1576627962836,"request_duration":12437,"type":"512"}
{"start":1576627952077,"end":1576627962823,"duration":10746,"downloading_duration":1415,"execution_duration":8660,"uploading_duration":671,"executable":"ellipsoids-openmp","args":["1.dat","134.log","134.xoutput"],"id":90,"resource":"512","request_start":1576627950397,"request_end":1576627962845,"request_duration":12448,"type":"512"}
{"start":1576627951553,"end":1576627962953,"duration":11400,"downloading_duration":1462,"execution_duration":9082,"uploading_duration":856,"executable":"ellipsoids-openmp","args":["1.dat","123.log","123.xoutput"],"id":79,"resource":"512","request_start":1576627950386,"request_end":1576627962973,"request_duration":12587,"type":"512"}
{"start":1576627952055,"end":1576627962965,"duration":10910,"downloading_duration":1390,"execution_duration":8901,"uploading_duration":619,"executable":"ellipsoids-openmp","args":["1.dat","135.log","135.xoutput"],"id":91,"resource":"512","request_start":1576627950398,"request_end":1576627962987,"request_duration":12589,"type":"512"}
{"start":1576627952023,"end":1576627962987,"duration":10964,"downloading_duration":1422,"execution_duration":8942,"uploading_duration":600,"executable":"ellipsoids-openmp","args":["1.dat","138.log","138.xoutput"],"id":94,"resource":"512","request_start":1576627950400,"request_end":1576627963013,"request_duration":12613,"type":"512"}
{"start":1576627951485,"end":1576627963069,"duration":11584,"downloading_duration":1355,"execution_duration":9623,"uploading_duration":606,"executable":"ellipsoids-openmp","args":["1.dat","15.log","15.xoutput"],"id":61,"resource":"512","request_start":1576627950367,"request_end":1576627963093,"request_duration":12726,"type":"512"}
{"start":1576627951462,"end":1576627963079,"duration":11617,"downloading_duration":1395,"execution_duration":9560,"uploading_duration":662,"executable":"ellipsoids-openmp","args":["1.dat","11.log","11.xoutput"],"id":57,"resource":"512","request_start":1576627950362,"request_end":1576627963103,"request_duration":12741,"type":"512"}
{"start":1576627951282,"end":1576627963104,"duration":11822,"downloading_duration":1508,"execution_duration":9678,"uploading_duration":636,"executable":"ellipsoids-openmp","args":["1.dat","132.log","132.xoutput"],"id":88,"resource":"512","request_start":1576627950395,"request_end":1576627963125,"request_duration":12730,"type":"512"}
{"start":1576627952009,"end":1576627963132,"duration":11123,"downloading_duration":1536,"execution_duration":8985,"uploading_duration":602,"executable":"ellipsoids-openmp","args":["1.dat","139.log","139.xoutput"],"id":95,"resource":"512","request_start":1576627950401,"request_end":1576627963153,"request_duration":12752,"type":"512"}
{"start":1576627951516,"end":1576627963134,"duration":11618,"downloading_duration":1402,"execution_duration":9643,"uploading_duration":573,"executable":"ellipsoids-openmp","args":["1.dat","19.log","19.xoutput"],"id":65,"resource":"512","request_start":1576627950374,"request_end":1576627963156,"request_duration":12782,"type":"512"}
{"start":1576627951723,"end":1576627963197,"duration":11474,"downloading_duration":1245,"execution_duration":9642,"uploading_duration":587,"executable":"ellipsoids-openmp","args":["1.dat","143.log","143.xoutput"],"id":99,"resource":"512","request_start":1576627950437,"request_end":1576627963216,"request_duration":12779,"type":"512"}
{"start":1576627952379,"end":1576627963251,"duration":10872,"downloading_duration":1414,"execution_duration":8823,"uploading_duration":635,"executable":"ellipsoids-openmp","args":["1.dat","113.log","113.xoutput"],"id":69,"resource":"512","request_start":1576627950377,"request_end":1576627963277,"request_duration":12900,"type":"512"}
{"start":1576627951472,"end":1576627963284,"duration":11812,"downloading_duration":1403,"execution_duration":8980,"uploading_duration":1429,"executable":"ellipsoids-openmp","args":["1.dat","148.log","148.xoutput"],"id":104,"resource":"512","request_start":1576627950358,"request_end":1576627963304,"request_duration":12946,"type":"512"}
{"start":1576627951553,"end":1576627963328,"duration":11775,"downloading_duration":1426,"execution_duration":9699,"uploading_duration":650,"executable":"ellipsoids-openmp","args":["1.dat","114.log","114.xoutput"],"id":70,"resource":"512","request_start":1576627950378,"request_end":1576627963347,"request_duration":12969,"type":"512"}
{"start":1576627951284,"end":1576627963576,"duration":12292,"downloading_duration":1385,"execution_duration":10300,"uploading_duration":607,"executable":"ellipsoids-openmp","args":["1.dat","125.log","125.xoutput"],"id":81,"resource":"512","request_start":1576627950388,"request_end":1576627963597,"request_duration":13209,"type":"512"}
{"start":1576627951280,"end":1576627963631,"duration":12351,"downloading_duration":1347,"execution_duration":9880,"uploading_duration":1124,"executable":"ellipsoids-openmp","args":["1.dat","129.log","129.xoutput"],"id":85,"resource":"512","request_start":1576627950392,"request_end":1576627963653,"request_duration":13261,"type":"512"}
{"start":1576627951552,"end":1576627963779,"duration":12227,"downloading_duration":3186,"execution_duration":8383,"uploading_duration":658,"executable":"ellipsoids-openmp","args":["1.dat","124.log","124.xoutput"],"id":80,"resource":"512","request_start":1576627950387,"request_end":1576627963802,"request_duration":13415,"type":"512"}
{"start":1576627951586,"end":1576627963863,"duration":12277,"downloading_duration":1394,"execution_duration":10282,"uploading_duration":601,"executable":"ellipsoids-openmp","args":["1.dat","121.log","121.xoutput"],"id":77,"resource":"512","request_start":1576627950384,"request_end":1576627963885,"request_duration":13501,"type":"512"}
{"start":1576627951303,"end":1576627963986,"duration":12683,"downloading_duration":1481,"execution_duration":10600,"uploading_duration":602,"executable":"ellipsoids-openmp","args":["1.dat","133.log","133.xoutput"],"id":89,"resource":"512","request_start":1576627950396,"request_end":1576627964013,"request_duration":13617,"type":"512"}
{"start":1576627960986,"end":1576627969827,"duration":8841,"downloading_duration":1049,"execution_duration":7100,"uploading_duration":692,"executable":"ellipsoids-openmp","args":["0.dat","05.log","05.xoutput"],"id":11,"resource":"512","request_start":1576627951392,"request_end":1576627969855,"request_duration":18463,"type":"512"}
{"start":1576627960874,"end":1576627969915,"duration":9041,"downloading_duration":1084,"execution_duration":7323,"uploading_duration":634,"executable":"ellipsoids-openmp","args":["0.dat","04.log","04.xoutput"],"id":10,"resource":"512","request_start":1576627951391,"request_end":1576627969937,"request_duration":18546,"type":"512"}
{"start":1576627961447,"end":1576627970549,"duration":9102,"downloading_duration":1083,"execution_duration":7343,"uploading_duration":676,"executable":"ellipsoids-openmp","args":["0.dat","06.log","06.xoutput"],"id":12,"resource":"512","request_start":1576627951393,"request_end":1576627970570,"request_duration":19177,"type":"512"}
{"start":1576627961954,"end":1576627972692,"duration":10738,"downloading_duration":1012,"execution_duration":9140,"uploading_duration":586,"executable":"ellipsoids-openmp","args":["0.dat","07.log","07.xoutput"],"id":13,"resource":"512","request_start":1576627951394,"request_end":1576627972712,"request_duration":21318,"type":"512"}
{"start":1576627962012,"end":1576627972925,"duration":10913,"downloading_duration":1087,"execution_duration":9201,"uploading_duration":625,"executable":"ellipsoids-openmp","args":["0.dat","08.log","08.xoutput"],"id":14,"resource":"512","request_start":1576627951395,"request_end":1576627972944,"request_duration":21549,"type":"512"}
{"start":1576627962178,"end":1576627972981,"duration":10803,"downloading_duration":1039,"execution_duration":9181,"uploading_duration":583,"executable":"ellipsoids-openmp","args":["0.dat","010.log","010.xoutput"],"id":16,"resource":"512","request_start":1576627951397,"request_end":1576627973003,"request_duration":21606,"type":"512"}
{"start":1576627962433,"end":1576627973000,"duration":10567,"downloading_duration":1002,"execution_duration":8938,"uploading_duration":627,"executable":"ellipsoids-openmp","args":["0.dat","021.log","021.xoutput"],"id":27,"resource":"512","request_start":1576627951405,"request_end":1576627973022,"request_duration":21617,"type":"512"}
{"start":1576627962151,"end":1576627973147,"duration":10996,"downloading_duration":1036,"execution_duration":9243,"uploading_duration":717,"executable":"ellipsoids-openmp","args":["0.dat","09.log","09.xoutput"],"id":15,"resource":"512","request_start":1576627951396,"request_end":1576627973166,"request_duration":21770,"type":"512"}
{"start":1576627962328,"end":1576627973233,"duration":10905,"downloading_duration":1030,"execution_duration":9161,"uploading_duration":714,"executable":"ellipsoids-openmp","args":["0.dat","014.log","014.xoutput"],"id":20,"resource":"512","request_start":1576627951400,"request_end":1576627973253,"request_duration":21853,"type":"512"}
{"start":1576627962282,"end":1576627973261,"duration":10979,"downloading_duration":1091,"execution_duration":9279,"uploading_duration":609,"executable":"ellipsoids-openmp","args":["0.dat","012.log","012.xoutput"],"id":18,"resource":"512","request_start":1576627951399,"request_end":1576627973282,"request_duration":21883,"type":"512"}
{"start":1576627962523,"end":1576627973262,"duration":10739,"downloading_duration":998,"execution_duration":9081,"uploading_duration":660,"executable":"ellipsoids-openmp","args":["0.dat","026.log","026.xoutput"],"id":32,"resource":"512","request_start":1576627951409,"request_end":1576627973284,"request_duration":21875,"type":"512"}
{"start":1576627962394,"end":1576627973297,"duration":10903,"downloading_duration":1063,"execution_duration":9198,"uploading_duration":642,"executable":"ellipsoids-openmp","args":["0.dat","017.log","017.xoutput"],"id":23,"resource":"512","request_start":1576627951403,"request_end":1576627973318,"request_duration":21915,"type":"512"}
{"start":1576627962263,"end":1576627973320,"duration":11057,"downloading_duration":1134,"execution_duration":9281,"uploading_duration":642,"executable":"ellipsoids-openmp","args":["0.dat","011.log","011.xoutput"],"id":17,"resource":"512","request_start":1576627951398,"request_end":1576627973346,"request_duration":21948,"type":"512"}
{"start":1576627962378,"end":1576627973325,"duration":10947,"downloading_duration":1025,"execution_duration":9239,"uploading_duration":683,"executable":"ellipsoids-openmp","args":["0.dat","016.log","016.xoutput"],"id":22,"resource":"512","request_start":1576627951402,"request_end":1576627973349,"request_duration":21947,"type":"512"}
{"start":1576627962412,"end":1576627973377,"duration":10965,"downloading_duration":1109,"execution_duration":9202,"uploading_duration":654,"executable":"ellipsoids-openmp","args":["0.dat","019.log","019.xoutput"],"id":25,"resource":"512","request_start":1576627951404,"request_end":1576627973395,"request_duration":21991,"type":"512"}
{"start":1576627962504,"end":1576627973377,"duration":10873,"downloading_duration":1146,"execution_duration":9062,"uploading_duration":665,"executable":"ellipsoids-openmp","args":["0.dat","024.log","024.xoutput"],"id":30,"resource":"512","request_start":1576627951408,"request_end":1576627973398,"request_duration":21990,"type":"512"}
{"start":1576627962401,"end":1576627973389,"duration":10988,"downloading_duration":1096,"execution_duration":9262,"uploading_duration":630,"executable":"ellipsoids-openmp","args":["0.dat","018.log","018.xoutput"],"id":24,"resource":"512","request_start":1576627951403,"request_end":1576627973408,"request_duration":22005,"type":"512"}
{"start":1576627962869,"end":1576627973436,"duration":10567,"downloading_duration":1018,"execution_duration":8921,"uploading_duration":628,"executable":"ellipsoids-openmp","args":["0.dat","036.log","036.xoutput"],"id":42,"resource":"512","request_start":1576627951415,"request_end":1576627973457,"request_duration":22042,"type":"512"}
{"start":1576627962627,"end":1576627973479,"duration":10852,"downloading_duration":1019,"execution_duration":9223,"uploading_duration":610,"executable":"ellipsoids-openmp","args":["0.dat","027.log","027.xoutput"],"id":33,"resource":"512","request_start":1576627951410,"request_end":1576627973501,"request_duration":22091,"type":"512"}
{"start":1576627962866,"end":1576627973498,"duration":10632,"downloading_duration":1031,"execution_duration":8963,"uploading_duration":638,"executable":"ellipsoids-openmp","args":["0.dat","034.log","034.xoutput"],"id":40,"resource":"512","request_start":1576627951414,"request_end":1576627973517,"request_duration":22103,"type":"512"}
{"start":1576627962736,"end":1576627973499,"duration":10763,"downloading_duration":1127,"execution_duration":9000,"uploading_duration":636,"executable":"ellipsoids-openmp","args":["0.dat","030.log","030.xoutput"],"id":36,"resource":"512","request_start":1576627951411,"request_end":1576627973520,"request_duration":22109,"type":"512"}
{"start":1576627962311,"end":1576627973509,"duration":11198,"downloading_duration":1088,"execution_duration":9519,"uploading_duration":591,"executable":"ellipsoids-openmp","args":["0.dat","013.log","013.xoutput"],"id":19,"resource":"512","request_start":1576627951400,"request_end":1576627973533,"request_duration":22133,"type":"512"}
{"start":1576627962418,"end":1576627973545,"duration":11127,"downloading_duration":1108,"execution_duration":9403,"uploading_duration":616,"executable":"ellipsoids-openmp","args":["0.dat","020.log","020.xoutput"],"id":26,"resource":"512","request_start":1576627951405,"request_end":1576627973566,"request_duration":22161,"type":"512"}
{"start":1576627963000,"end":1576627973575,"duration":10575,"downloading_duration":1026,"execution_duration":8941,"uploading_duration":608,"executable":"ellipsoids-openmp","args":["0.dat","037.log","037.xoutput"],"id":43,"resource":"512","request_start":1576627951415,"request_end":1576627973594,"request_duration":22179,"type":"512"}
{"start":1576627962635,"end":1576627973599,"duration":10964,"downloading_duration":1054,"execution_duration":9320,"uploading_duration":590,"executable":"ellipsoids-openmp","args":["0.dat","028.log","028.xoutput"],"id":34,"resource":"512","request_start":1576627951410,"request_end":1576627973618,"request_duration":22208,"type":"512"}
{"start":1576627962759,"end":1576627973700,"duration":10941,"downloading_duration":1036,"execution_duration":9318,"uploading_duration":587,"executable":"ellipsoids-openmp","args":["0.dat","031.log","031.xoutput"],"id":37,"resource":"512","request_start":1576627951412,"request_end":1576627973723,"request_duration":22311,"type":"512"}
{"start":1576627962852,"end":1576627973754,"duration":10902,"downloading_duration":1018,"execution_duration":9285,"uploading_duration":599,"executable":"ellipsoids-openmp","args":["0.dat","033.log","033.xoutput"],"id":39,"resource":"512","request_start":1576627951413,"request_end":1576627973773,"request_duration":22360,"type":"512"}
{"start":1576627963120,"end":1576627973769,"duration":10649,"downloading_duration":1089,"execution_duration":8977,"uploading_duration":583,"executable":"ellipsoids-openmp","args":["0.dat","040.log","040.xoutput"],"id":46,"resource":"512","request_start":1576627951417,"request_end":1576627973788,"request_duration":22371,"type":"512"}
{"start":1576627962461,"end":1576627973783,"duration":11322,"downloading_duration":1071,"execution_duration":9482,"uploading_duration":769,"executable":"ellipsoids-openmp","args":["0.dat","023.log","023.xoutput"],"id":29,"resource":"512","request_start":1576627951407,"request_end":1576627973803,"request_duration":22396,"type":"512"}
{"start":1576627962339,"end":1576627973805,"duration":11466,"downloading_duration":1227,"execution_duration":9241,"uploading_duration":998,"executable":"ellipsoids-openmp","args":["0.dat","015.log","015.xoutput"],"id":21,"resource":"512","request_start":1576627951401,"request_end":1576627973826,"request_duration":22425,"type":"512"}
{"start":1576627963185,"end":1576627973881,"duration":10696,"downloading_duration":1017,"execution_duration":9080,"uploading_duration":599,"executable":"ellipsoids-openmp","args":["0.dat","044.log","044.xoutput"],"id":50,"resource":"512","request_start":1576627951422,"request_end":1576627973903,"request_duration":22481,"type":"512"}
{"start":1576627962732,"end":1576627973923,"duration":11191,"downloading_duration":1100,"execution_duration":9479,"uploading_duration":612,"executable":"ellipsoids-openmp","args":["0.dat","029.log","029.xoutput"],"id":35,"resource":"512","request_start":1576627951411,"request_end":1576627973943,"request_duration":22532,"type":"512"}
{"start":1576627963375,"end":1576627973935,"duration":10560,"downloading_duration":1018,"execution_duration":8960,"uploading_duration":582,"executable":"ellipsoids-openmp","args":["0.dat","048.log","048.xoutput"],"id":54,"resource":"512","request_start":1576627951424,"request_end":1576627973955,"request_duration":22531,"type":"512"}
{"start":1576627962517,"end":1576627973948,"duration":11431,"downloading_duration":1102,"execution_duration":9582,"uploading_duration":747,"executable":"ellipsoids-openmp","args":["0.dat","025.log","025.xoutput"],"id":31,"resource":"512","request_start":1576627951408,"request_end":1576627973968,"request_duration":22560,"type":"512"}
{"start":1576627962803,"end":1576627974018,"duration":11215,"downloading_duration":1118,"execution_duration":9381,"uploading_duration":716,"executable":"ellipsoids-openmp","args":["0.dat","032.log","032.xoutput"],"id":38,"resource":"512","request_start":1576627951412,"request_end":1576627974038,"request_duration":22626,"type":"512"}
{"start":1576627962863,"end":1576627974044,"duration":11181,"downloading_duration":1166,"execution_duration":9399,"uploading_duration":616,"executable":"ellipsoids-openmp","args":["0.dat","035.log","035.xoutput"],"id":41,"resource":"512","request_start":1576627951414,"request_end":1576627974066,"request_duration":22652,"type":"512"}
{"start":1576627963181,"end":1576627974130,"duration":10949,"downloading_duration":1163,"execution_duration":8961,"uploading_duration":825,"executable":"ellipsoids-openmp","args":["0.dat","043.log","043.xoutput"],"id":49,"resource":"512","request_start":1576627951419,"request_end":1576627974166,"request_duration":22747,"type":"512"}
{"start":1576627963014,"end":1576627974162,"duration":11148,"downloading_duration":1050,"execution_duration":9423,"uploading_duration":675,"executable":"ellipsoids-openmp","args":["0.dat","038.log","038.xoutput"],"id":44,"resource":"512","request_start":1576627951416,"request_end":1576627974180,"request_duration":22764,"type":"512"}
{"start":1576627963130,"end":1576627974230,"duration":11100,"downloading_duration":1045,"execution_duration":9362,"uploading_duration":693,"executable":"ellipsoids-openmp","args":["0.dat","041.log","041.xoutput"],"id":47,"resource":"512","request_start":1576627951418,"request_end":1576627974253,"request_duration":22835,"type":"512"}
{"start":1576627963305,"end":1576627974283,"duration":10978,"downloading_duration":1250,"execution_duration":9140,"uploading_duration":588,"executable":"ellipsoids-openmp","args":["0.dat","046.log","046.xoutput"],"id":52,"resource":"512","request_start":1576627951423,"request_end":1576627974303,"request_duration":22880,"type":"512"}
{"start":1576627963334,"end":1576627974340,"duration":11006,"downloading_duration":1067,"execution_duration":9335,"uploading_duration":604,"executable":"ellipsoids-openmp","args":["0.dat","047.log","047.xoutput"],"id":53,"resource":"512","request_start":1576627951424,"request_end":1576627974363,"request_duration":22939,"type":"512"}
{"start":1576627963152,"end":1576627974346,"duration":11194,"downloading_duration":1047,"execution_duration":9479,"uploading_duration":668,"executable":"ellipsoids-openmp","args":["0.dat","042.log","042.xoutput"],"id":48,"resource":"512","request_start":1576627951418,"request_end":1576627974368,"request_duration":22950,"type":"512"}
{"start":1576627963045,"end":1576627974351,"duration":11306,"downloading_duration":1032,"execution_duration":9662,"uploading_duration":612,"executable":"ellipsoids-openmp","args":["0.dat","039.log","039.xoutput"],"id":45,"resource":"512","request_start":1576627951416,"request_end":1576627974373,"request_duration":22957,"type":"512"}
{"start":1576627963628,"end":1576627974704,"duration":11076,"downloading_duration":1360,"execution_duration":9059,"uploading_duration":657,"executable":"ellipsoids-openmp","args":["0.dat","049.log","049.xoutput"],"id":55,"resource":"512","request_start":1576627951425,"request_end":1576627974744,"request_duration":23319,"type":"512"}
{"start":1576627963912,"end":1576627974767,"duration":10855,"downloading_duration":1108,"execution_duration":9122,"uploading_duration":625,"executable":"ellipsoids-openmp","args":["0.dat","02.log","02.xoutput"],"id":8,"resource":"512","request_start":1576627951426,"request_end":1576627974819,"request_duration":23393,"type":"512"}
{"start":1576627963679,"end":1576627974848,"duration":11169,"downloading_duration":1390,"execution_duration":9138,"uploading_duration":641,"executable":"ellipsoids-openmp","args":["0.dat","00.log","00.xoutput"],"id":6,"resource":"512","request_start":1576627951425,"request_end":1576627974895,"request_duration":23470,"type":"512"}
{"start":1576627963828,"end":1576627974932,"duration":11104,"downloading_duration":1227,"execution_duration":9261,"uploading_duration":616,"executable":"ellipsoids-openmp","args":["0.dat","01.log","01.xoutput"],"id":7,"resource":"512","request_start":1576627951426,"request_end":1576627974952,"request_duration":23526,"type":"512"}
{"start":1576627964048,"end":1576627974947,"duration":10899,"downloading_duration":1056,"execution_duration":9201,"uploading_duration":642,"executable":"ellipsoids-openmp","args":["0.dat","03.log","03.xoutput"],"id":9,"resource":"512","request_start":1576627951427,"request_end":1576627974968,"request_duration":23541,"type":"512"}
{"start":1576627963243,"end":1576627975090,"duration":11847,"downloading_duration":1125,"execution_duration":10064,"uploading_duration":658,"executable":"ellipsoids-openmp","args":["0.dat","045.log","045.xoutput"],"id":51,"resource":"512","request_start":1576627951423,"request_end":1576627975114,"request_duration":23691,"type":"512"}
{"start":1576627969887,"end":1576627978780,"duration":8893,"downloading_duration":1090,"execution_duration":7198,"uploading_duration":605,"executable":"ellipsoids-openmp","args":["3.dat","30.log","30.xoutput"],"id":156,"resource":"512","request_start":1576627951558,"request_end":1576627978807,"request_duration":27249,"type":"512"}
{"start":1576627969963,"end":1576627978812,"duration":8849,"downloading_duration":1037,"execution_duration":6979,"uploading_duration":833,"executable":"ellipsoids-openmp","args":["3.dat","31.log","31.xoutput"],"id":157,"resource":"512","request_start":1576627951559,"request_end":1576627978832,"request_duration":27273,"type":"512"}
{"start":1576627970597,"end":1576627979896,"duration":9299,"downloading_duration":1116,"execution_duration":7580,"uploading_duration":603,"executable":"ellipsoids-openmp","args":["3.dat","32.log","32.xoutput"],"id":158,"resource":"512","request_start":1576627951560,"request_end":1576627979916,"request_duration":28356,"type":"512"}
{"start":1576627962450,"end":1576627982894,"duration":20444,"downloading_duration":10649,"execution_duration":9180,"uploading_duration":615,"executable":"ellipsoids-openmp","args":["0.dat","022.log","022.xoutput"],"id":28,"resource":"512","request_start":1576627951406,"request_end":1576627982914,"request_duration":31508,"type":"512"}
{"start":1576627972740,"end":1576627983027,"duration":10287,"downloading_duration":1037,"execution_duration":8610,"uploading_duration":640,"executable":"ellipsoids-openmp","args":["3.dat","33.log","33.xoutput"],"id":159,"resource":"512","request_start":1576627951561,"request_end":1576627983048,"request_duration":31487,"type":"512"}
{"start":1576627972977,"end":1576627983195,"duration":10218,"downloading_duration":1101,"execution_duration":8483,"uploading_duration":634,"executable":"ellipsoids-openmp","args":["3.dat","34.log","34.xoutput"],"id":160,"resource":"512","request_start":1576627951561,"request_end":1576627983215,"request_duration":31654,"type":"512"}
{"start":1576627973315,"end":1576627983205,"duration":9890,"downloading_duration":1017,"execution_duration":8285,"uploading_duration":588,"executable":"ellipsoids-openmp","args":["3.dat","310.log","310.xoutput"],"id":166,"resource":"512","request_start":1576627951566,"request_end":1576627983226,"request_duration":31660,"type":"512"}
{"start":1576627973281,"end":1576627983289,"duration":10008,"downloading_duration":1041,"execution_duration":8380,"uploading_duration":587,"executable":"ellipsoids-openmp","args":["3.dat","38.log","38.xoutput"],"id":164,"resource":"512","request_start":1576627951565,"request_end":1576627983310,"request_duration":31745,"type":"512"}
{"start":1576627973031,"end":1576627983302,"duration":10271,"downloading_duration":1083,"execution_duration":8598,"uploading_duration":590,"executable":"ellipsoids-openmp","args":["3.dat","35.log","35.xoutput"],"id":161,"resource":"512","request_start":1576627951562,"request_end":1576627983322,"request_duration":31760,"type":"512"}
{"start":1576627973433,"end":1576627983423,"duration":9990,"downloading_duration":1043,"execution_duration":8363,"uploading_duration":584,"executable":"ellipsoids-openmp","args":["3.dat","316.log","316.xoutput"],"id":172,"resource":"512","request_start":1576627951570,"request_end":1576627983443,"request_duration":31873,"type":"512"}
{"start":1576627973543,"end":1576627983436,"duration":9893,"downloading_duration":1038,"execution_duration":8240,"uploading_duration":615,"executable":"ellipsoids-openmp","args":["3.dat","319.log","319.xoutput"],"id":175,"resource":"512","request_start":1576627951572,"request_end":1576627983456,"request_duration":31884,"type":"512"}
{"start":1576627973193,"end":1576627983554,"duration":10361,"downloading_duration":1055,"execution_duration":8681,"uploading_duration":625,"executable":"ellipsoids-openmp","args":["3.dat","37.log","37.xoutput"],"id":163,"resource":"512","request_start":1576627951564,"request_end":1576627983575,"request_duration":32011,"type":"512"}
{"start":1576627973374,"end":1576627983579,"duration":10205,"downloading_duration":1044,"execution_duration":8580,"uploading_duration":581,"executable":"ellipsoids-openmp","args":["3.dat","312.log","312.xoutput"],"id":168,"resource":"512","request_start":1576627951567,"request_end":1576627983598,"request_duration":32031,"type":"512"}
{"start":1576627973306,"end":1576627983585,"duration":10279,"downloading_duration":1028,"execution_duration":8681,"uploading_duration":570,"executable":"ellipsoids-openmp","args":["3.dat","39.log","39.xoutput"],"id":165,"resource":"512","request_start":1576627951565,"request_end":1576627983606,"request_duration":32041,"type":"512"}
{"start":1576627973343,"end":1576627983610,"duration":10267,"downloading_duration":1037,"execution_duration":8642,"uploading_duration":588,"executable":"ellipsoids-openmp","args":["3.dat","311.log","311.xoutput"],"id":167,"resource":"512","request_start":1576627951567,"request_end":1576627983633,"request_duration":32066,"type":"512"}
{"start":1576627973489,"end":1576627983690,"duration":10201,"downloading_duration":1079,"execution_duration":8522,"uploading_duration":600,"executable":"ellipsoids-openmp","args":["3.dat","317.log","317.xoutput"],"id":173,"resource":"512","request_start":1576627951571,"request_end":1576627983710,"request_duration":32139,"type":"512"}
{"start":1576627973750,"end":1576627983741,"duration":9991,"downloading_duration":1022,"execution_duration":8384,"uploading_duration":585,"executable":"ellipsoids-openmp","args":["3.dat","325.log","325.xoutput"],"id":181,"resource":"512","request_start":1576627951576,"request_end":1576627983761,"request_duration":32185,"type":"512"}
{"start":1576627973559,"end":1576627983748,"duration":10189,"downloading_duration":1080,"execution_duration":8499,"uploading_duration":610,"executable":"ellipsoids-openmp","args":["3.dat","321.log","321.xoutput"],"id":177,"resource":"512","request_start":1576627951573,"request_end":1576627983773,"request_duration":32200,"type":"512"}
{"start":1576627973051,"end":1576627983802,"duration":10751,"downloading_duration":1026,"execution_duration":8762,"uploading_duration":963,"executable":"ellipsoids-openmp","args":["3.dat","36.log","36.xoutput"],"id":162,"resource":"512","request_start":1576627951563,"request_end":1576627983823,"request_duration":32260,"type":"512"}
{"start":1576627973645,"end":1576627983805,"duration":10160,"downloading_duration":1042,"execution_duration":8480,"uploading_duration":638,"executable":"ellipsoids-openmp","args":["3.dat","324.log","324.xoutput"],"id":180,"resource":"512","request_start":1576627951575,"request_end":1576627983826,"request_duration":32251,"type":"512"}
{"start":1576627973526,"end":1576627983806,"duration":10280,"downloading_duration":992,"execution_duration":8701,"uploading_duration":587,"executable":"ellipsoids-openmp","args":["3.dat","318.log","318.xoutput"],"id":174,"resource":"512","request_start":1576627951571,"request_end":1576627983831,"request_duration":32260,"type":"512"}
{"start":1576627973381,"end":1576627983813,"duration":10432,"downloading_duration":1085,"execution_duration":8718,"uploading_duration":629,"executable":"ellipsoids-openmp","args":["3.dat","313.log","313.xoutput"],"id":169,"resource":"512","request_start":1576627951568,"request_end":1576627983833,"request_duration":32265,"type":"512"}
{"start":1576627973423,"end":1576627983837,"duration":10414,"downloading_duration":1136,"execution_duration":8699,"uploading_duration":579,"executable":"ellipsoids-openmp","args":["3.dat","314.log","314.xoutput"],"id":170,"resource":"512","request_start":1576627951569,"request_end":1576627983856,"request_duration":32287,"type":"512"}
{"start":1576627973827,"end":1576627983870,"duration":10043,"downloading_duration":1059,"execution_duration":8283,"uploading_duration":701,"executable":"ellipsoids-openmp","args":["3.dat","328.log","328.xoutput"],"id":184,"resource":"512","request_start":1576627951577,"request_end":1576627983891,"request_duration":32314,"type":"512"}
{"start":1576627973595,"end":1576627983942,"duration":10347,"downloading_duration":1162,"execution_duration":8550,"uploading_duration":635,"executable":"ellipsoids-openmp","args":["3.dat","322.log","322.xoutput"],"id":178,"resource":"512","request_start":1576627951574,"request_end":1576627983963,"request_duration":32389,"type":"512"}
{"start":1576627973621,"end":1576627983954,"duration":10333,"downloading_duration":1027,"execution_duration":8723,"uploading_duration":583,"executable":"ellipsoids-openmp","args":["3.dat","323.log","323.xoutput"],"id":179,"resource":"512","request_start":1576627951575,"request_end":1576627983975,"request_duration":32400,"type":"512"}
{"start":1576627973551,"end":1576627983990,"duration":10439,"downloading_duration":1035,"execution_duration":8745,"uploading_duration":659,"executable":"ellipsoids-openmp","args":["3.dat","320.log","320.xoutput"],"id":176,"resource":"512","request_start":1576627951573,"request_end":1576627984012,"request_duration":32439,"type":"512"}
{"start":1576627973966,"end":1576627984124,"duration":10158,"downloading_duration":1013,"execution_duration":8540,"uploading_duration":605,"executable":"ellipsoids-openmp","args":["3.dat","331.log","331.xoutput"],"id":187,"resource":"512","request_start":1576627951579,"request_end":1576627984142,"request_duration":32563,"type":"512"}
{"start":1576627973854,"end":1576627984181,"duration":10327,"downloading_duration":1076,"execution_duration":8620,"uploading_duration":631,"executable":"ellipsoids-openmp","args":["3.dat","329.log","329.xoutput"],"id":185,"resource":"512","request_start":1576627951578,"request_end":1576627984200,"request_duration":32622,"type":"512"}
{"start":1576627973428,"end":1576627984214,"duration":10786,"downloading_duration":1164,"execution_duration":8978,"uploading_duration":644,"executable":"ellipsoids-openmp","args":["3.dat","315.log","315.xoutput"],"id":171,"resource":"512","request_start":1576627951570,"request_end":1576627984235,"request_duration":32665,"type":"512"}
{"start":1576627973799,"end":1576627984231,"duration":10432,"downloading_duration":1073,"execution_duration":8742,"uploading_duration":617,"executable":"ellipsoids-openmp","args":["3.dat","326.log","326.xoutput"],"id":182,"resource":"512","request_start":1576627951576,"request_end":1576627984253,"request_duration":32677,"type":"512"}
{"start":1576627973930,"end":1576627984316,"duration":10386,"downloading_duration":1160,"execution_duration":8583,"uploading_duration":643,"executable":"ellipsoids-openmp","args":["3.dat","330.log","330.xoutput"],"id":186,"resource":"512","request_start":1576627951579,"request_end":1576627984335,"request_duration":32756,"type":"512"}
{"start":1576627973812,"end":1576627984469,"duration":10657,"downloading_duration":1036,"execution_duration":8540,"uploading_duration":1081,"executable":"ellipsoids-openmp","args":["3.dat","327.log","327.xoutput"],"id":183,"resource":"512","request_start":1576627951577,"request_end":1576627984553,"request_duration":32976,"type":"512"}
{"start":1576627973992,"end":1576627984502,"duration":10510,"downloading_duration":1048,"execution_duration":8861,"uploading_duration":601,"executable":"ellipsoids-openmp","args":["3.dat","333.log","333.xoutput"],"id":189,"resource":"512","request_start":1576627951580,"request_end":1576627984555,"request_duration":32975,"type":"512"}
{"start":1576627974064,"end":1576627984542,"duration":10478,"downloading_duration":1023,"execution_duration":8758,"uploading_duration":697,"executable":"ellipsoids-openmp","args":["3.dat","334.log","334.xoutput"],"id":190,"resource":"512","request_start":1576627951581,"request_end":1576627984565,"request_duration":32984,"type":"512"}
{"start":1576627974093,"end":1576627984640,"duration":10547,"downloading_duration":1107,"execution_duration":8862,"uploading_duration":578,"executable":"ellipsoids-openmp","args":["3.dat","335.log","335.xoutput"],"id":191,"resource":"512","request_start":1576627951581,"request_end":1576627984659,"request_duration":33078,"type":"512"}
{"start":1576627973985,"end":1576627984715,"duration":10730,"downloading_duration":1052,"execution_duration":9057,"uploading_duration":621,"executable":"ellipsoids-openmp","args":["3.dat","332.log","332.xoutput"],"id":188,"resource":"512","request_start":1576627951580,"request_end":1576627984734,"request_duration":33154,"type":"512"}
{"start":1576627974208,"end":1576627984774,"duration":10566,"downloading_duration":1076,"execution_duration":8861,"uploading_duration":629,"executable":"ellipsoids-openmp","args":["3.dat","337.log","337.xoutput"],"id":193,"resource":"512","request_start":1576627951582,"request_end":1576627984803,"request_duration":33221,"type":"512"}
{"start":1576627974327,"end":1576627984872,"duration":10545,"downloading_duration":1048,"execution_duration":8901,"uploading_duration":596,"executable":"ellipsoids-openmp","args":["3.dat","339.log","339.xoutput"],"id":195,"resource":"512","request_start":1576627951583,"request_end":1576627984892,"request_duration":33309,"type":"512"}
{"start":1576627974395,"end":1576627984876,"duration":10481,"downloading_duration":1043,"execution_duration":8745,"uploading_duration":693,"executable":"ellipsoids-openmp","args":["3.dat","341.log","341.xoutput"],"id":197,"resource":"512","request_start":1576627951584,"request_end":1576627984898,"request_duration":33314,"type":"512"}
{"start":1576627974278,"end":1576627984900,"duration":10622,"downloading_duration":1017,"execution_duration":8981,"uploading_duration":624,"executable":"ellipsoids-openmp","args":["3.dat","338.log","338.xoutput"],"id":194,"resource":"512","request_start":1576627951583,"request_end":1576627984924,"request_duration":33341,"type":"512"}
{"start":1576627974193,"end":1576627984940,"duration":10747,"downloading_duration":1076,"execution_duration":9077,"uploading_duration":594,"executable":"ellipsoids-openmp","args":["3.dat","336.log","336.xoutput"],"id":192,"resource":"512","request_start":1576627951582,"request_end":1576627984959,"request_duration":33377,"type":"512"}
{"start":1576627974399,"end":1576627984999,"duration":10600,"downloading_duration":1039,"execution_duration":8999,"uploading_duration":562,"executable":"ellipsoids-openmp","args":["3.dat","342.log","342.xoutput"],"id":198,"resource":"512","request_start":1576627951585,"request_end":1576627985019,"request_duration":33434,"type":"512"}
{"start":1576627974390,"end":1576627985022,"duration":10632,"downloading_duration":1025,"execution_duration":9022,"uploading_duration":585,"executable":"ellipsoids-openmp","args":["3.dat","340.log","340.xoutput"],"id":196,"resource":"512","request_start":1576627951584,"request_end":1576627985040,"request_duration":33456,"type":"512"}
{"start":1576627974847,"end":1576627985336,"duration":10489,"downloading_duration":1115,"execution_duration":8741,"uploading_duration":633,"executable":"ellipsoids-openmp","args":["3.dat","344.log","344.xoutput"],"id":200,"resource":"512","request_start":1576627951586,"request_end":1576627985355,"request_duration":33769,"type":"512"}
{"start":1576627974923,"end":1576627985427,"duration":10504,"downloading_duration":1023,"execution_duration":8901,"uploading_duration":580,"executable":"ellipsoids-openmp","args":["3.dat","345.log","345.xoutput"],"id":201,"resource":"512","request_start":1576627951586,"request_end":1576627985446,"request_duration":33860,"type":"512"}
{"start":1576627974771,"end":1576627985557,"duration":10786,"downloading_duration":1095,"execution_duration":9001,"uploading_duration":690,"executable":"ellipsoids-openmp","args":["3.dat","343.log","343.xoutput"],"id":199,"resource":"512","request_start":1576627951585,"request_end":1576627985575,"request_duration":33990,"type":"512"}
{"start":1576627974995,"end":1576627985583,"duration":10588,"downloading_duration":1102,"execution_duration":8862,"uploading_duration":624,"executable":"ellipsoids-openmp","args":["3.dat","347.log","347.xoutput"],"id":203,"resource":"512","request_start":1576627951587,"request_end":1576627985605,"request_duration":34018,"type":"512"}
{"start":1576627974979,"end":1576627985634,"duration":10655,"downloading_duration":1046,"execution_duration":9001,"uploading_duration":608,"executable":"ellipsoids-openmp","args":["3.dat","346.log","346.xoutput"],"id":202,"resource":"512","request_start":1576627951587,"request_end":1576627985653,"request_duration":34066,"type":"512"}
{"start":1576627975141,"end":1576627985872,"duration":10731,"downloading_duration":1047,"execution_duration":9060,"uploading_duration":624,"executable":"ellipsoids-openmp","args":["3.dat","348.log","348.xoutput"],"id":204,"resource":"512","request_start":1576627951588,"request_end":1576627985893,"request_duration":34305,"type":"512"}
{"start":1576627978857,"end":1576627987474,"duration":8617,"downloading_duration":1063,"execution_duration":6937,"uploading_duration":617,"executable":"ellipsoids-openmp","args":["2.dat","20.log","20.xoutput"],"id":106,"resource":"512","request_start":1576627951731,"request_end":1576627987495,"request_duration":35764,"type":"512"}
{"start":1576627978839,"end":1576627987583,"duration":8744,"downloading_duration":1120,"execution_duration":6962,"uploading_duration":662,"executable":"ellipsoids-openmp","args":["3.dat","349.log","349.xoutput"],"id":205,"resource":"512","request_start":1576627951588,"request_end":1576627987603,"request_duration":36015,"type":"512"}
{"start":1576627979939,"end":1576627988715,"duration":8776,"downloading_duration":1033,"execution_duration":7122,"uploading_duration":621,"executable":"ellipsoids-openmp","args":["2.dat","21.log","21.xoutput"],"id":107,"resource":"512","request_start":1576627951733,"request_end":1576627988736,"request_duration":37003,"type":"512"}
{"start":1576627987638,"end":1576627989737,"duration":2099,"downloading_duration":1661,"execution_duration":3,"uploading_duration":435,"executable":"mean-pack-ell","args":["10.xoutput","11.xoutput","12.xoutput","13.xoutput","14.xoutput","15.xoutput","16.xoutput","17.xoutput","18.xoutput","19.xoutput","110.xoutput","111.xoutput","112.xoutput","113.xoutput","114.xoutput","115.xoutput","116.xoutput","117.xoutput","118.xoutput","119.xoutput","120.xoutput","121.xoutput","122.xoutput","123.xoutput","124.xoutput","125.xoutput","126.xoutput","127.xoutput","128.xoutput","129.xoutput","130.xoutput","131.xoutput","132.xoutput","133.xoutput","134.xoutput","135.xoutput","136.xoutput","137.xoutput","138.xoutput","139.xoutput","140.xoutput","141.xoutput","142.xoutput","143.xoutput","144.xoutput","145.xoutput","146.xoutput","147.xoutput","148.xoutput","149.xoutput","average_1.txt"],"id":207,"resource":"512","request_start":1576627964030,"request_end":1576627989758,"request_duration":25728,"type":"512"}
{"start":1576627988769,"end":1576627990567,"duration":1798,"downloading_duration":1405,"execution_duration":17,"uploading_duration":376,"executable":"mean-pack-ell","args":["00.xoutput","01.xoutput","02.xoutput","03.xoutput","04.xoutput","05.xoutput","06.xoutput","07.xoutput","08.xoutput","09.xoutput","010.xoutput","011.xoutput","012.xoutput","013.xoutput","014.xoutput","015.xoutput","016.xoutput","017.xoutput","018.xoutput","019.xoutput","020.xoutput","021.xoutput","022.xoutput","023.xoutput","024.xoutput","025.xoutput","026.xoutput","027.xoutput","028.xoutput","029.xoutput","030.xoutput","031.xoutput","032.xoutput","033.xoutput","034.xoutput","035.xoutput","036.xoutput","037.xoutput","038.xoutput","039.xoutput","040.xoutput","041.xoutput","042.xoutput","043.xoutput","044.xoutput","045.xoutput","046.xoutput","047.xoutput","048.xoutput","049.xoutput","average_0.txt"],"id":206,"resource":"512","request_start":1576627982937,"request_end":1576627990588,"request_duration":7651,"type":"512"}
{"start":1576627989791,"end":1576627991785,"duration":1994,"downloading_duration":1608,"execution_duration":20,"uploading_duration":366,"executable":"mean-pack-ell","args":["30.xoutput","31.xoutput","32.xoutput","33.xoutput","34.xoutput","35.xoutput","36.xoutput","37.xoutput","38.xoutput","39.xoutput","310.xoutput","311.xoutput","312.xoutput","313.xoutput","314.xoutput","315.xoutput","316.xoutput","317.xoutput","318.xoutput","319.xoutput","320.xoutput","321.xoutput","322.xoutput","323.xoutput","324.xoutput","325.xoutput","326.xoutput","327.xoutput","328.xoutput","329.xoutput","330.xoutput","331.xoutput","332.xoutput","333.xoutput","334.xoutput","335.xoutput","336.xoutput","337.xoutput","338.xoutput","339.xoutput","340.xoutput","341.xoutput","342.xoutput","343.xoutput","344.xoutput","345.xoutput","346.xoutput","347.xoutput","348.xoutput","349.xoutput","average_3.txt"],"id":209,"resource":"512","request_start":1576627987617,"request_end":1576627991806,"request_duration":4189,"type":"512"}
{"start":1576627983339,"end":1576627993859,"duration":10520,"downloading_duration":1093,"execution_duration":8841,"uploading_duration":586,"executable":"ellipsoids-openmp","args":["2.dat","26.log","26.xoutput"],"id":112,"resource":"512","request_start":1576627951739,"request_end":1576627993879,"request_duration":42140,"type":"512"}
{"start":1576627983353,"end":1576627993969,"duration":10616,"downloading_duration":1049,"execution_duration":8981,"uploading_duration":586,"executable":"ellipsoids-openmp","args":["2.dat","27.log","27.xoutput"],"id":113,"resource":"512","request_start":1576627951740,"request_end":1576627993988,"request_duration":42248,"type":"512"}
{"start":1576627982944,"end":1576627993994,"duration":11050,"downloading_duration":1036,"execution_duration":9399,"uploading_duration":615,"executable":"ellipsoids-openmp","args":["2.dat","22.log","22.xoutput"],"id":108,"resource":"512","request_start":1576627951735,"request_end":1576627994013,"request_duration":42278,"type":"512"}
{"start":1576627983078,"end":1576627993997,"duration":10919,"downloading_duration":1169,"execution_duration":9143,"uploading_duration":607,"executable":"ellipsoids-openmp","args":["2.dat","23.log","23.xoutput"],"id":109,"resource":"512","request_start":1576627951736,"request_end":1576627994016,"request_duration":42280,"type":"512"}
{"start":1576627983252,"end":1576627994161,"duration":10909,"downloading_duration":1127,"execution_duration":9142,"uploading_duration":640,"executable":"ellipsoids-openmp","args":["2.dat","25.log","25.xoutput"],"id":111,"resource":"512","request_start":1576627951738,"request_end":1576627994208,"request_duration":42470,"type":"512"}
{"start":1576627983482,"end":1576627994196,"duration":10714,"downloading_duration":1094,"execution_duration":9041,"uploading_duration":579,"executable":"ellipsoids-openmp","args":["2.dat","29.log","29.xoutput"],"id":115,"resource":"512","request_start":1576627951742,"request_end":1576627994224,"request_duration":42482,"type":"512"}
{"start":1576627983245,"end":1576627994228,"duration":10983,"downloading_duration":1167,"execution_duration":9181,"uploading_duration":635,"executable":"ellipsoids-openmp","args":["2.dat","24.log","24.xoutput"],"id":110,"resource":"512","request_start":1576627951737,"request_end":1576627994338,"request_duration":42601,"type":"512"}
{"start":1576627983739,"end":1576627994247,"duration":10508,"downloading_duration":1048,"execution_duration":8841,"uploading_duration":619,"executable":"ellipsoids-openmp","args":["2.dat","214.log","214.xoutput"],"id":120,"resource":"512","request_start":1576627951746,"request_end":1576627994344,"request_duration":42598,"type":"512"}
{"start":1576627983477,"end":1576627994269,"duration":10792,"downloading_duration":1264,"execution_duration":8920,"uploading_duration":608,"executable":"ellipsoids-openmp","args":["2.dat","28.log","28.xoutput"],"id":114,"resource":"512","request_start":1576627951741,"request_end":1576627994347,"request_duration":42606,"type":"512"}
{"start":1576627983639,"end":1576627994308,"duration":10669,"downloading_duration":1138,"execution_duration":8941,"uploading_duration":590,"executable":"ellipsoids-openmp","args":["2.dat","212.log","212.xoutput"],"id":118,"resource":"512","request_start":1576627951745,"request_end":1576627994357,"request_duration":42612,"type":"512"}
{"start":1576627983857,"end":1576627994351,"duration":10494,"downloading_duration":1050,"execution_duration":8820,"uploading_duration":624,"executable":"ellipsoids-openmp","args":["2.dat","219.log","219.xoutput"],"id":125,"resource":"512","request_start":1576627951753,"request_end":1576627994373,"request_duration":42620,"type":"512"}
{"start":1576627983857,"end":1576627994503,"duration":10646,"downloading_duration":1020,"execution_duration":9021,"uploading_duration":605,"executable":"ellipsoids-openmp","args":["2.dat","220.log","220.xoutput"],"id":126,"resource":"512","request_start":1576627951754,"request_end":1576627994523,"request_duration":42769,"type":"512"}
{"start":1576627983631,"end":1576627994550,"duration":10919,"downloading_duration":1011,"execution_duration":9319,"uploading_duration":589,"executable":"ellipsoids-openmp","args":["2.dat","211.log","211.xoutput"],"id":117,"resource":"512","request_start":1576627951744,"request_end":1576627994572,"request_duration":42828,"type":"512"}
{"start":1576627983601,"end":1576627994564,"duration":10963,"downloading_duration":1052,"execution_duration":9303,"uploading_duration":608,"executable":"ellipsoids-openmp","args":["2.dat","210.log","210.xoutput"],"id":116,"resource":"512","request_start":1576627951743,"request_end":1576627994584,"request_duration":42841,"type":"512"}
{"start":1576627984008,"end":1576627994585,"duration":10577,"downloading_duration":1040,"execution_duration":8899,"uploading_duration":638,"executable":"ellipsoids-openmp","args":["2.dat","224.log","224.xoutput"],"id":130,"resource":"512","request_start":1576627951756,"request_end":1576627994607,"request_duration":42851,"type":"512"}
{"start":1576627984038,"end":1576627994647,"duration":10609,"downloading_duration":1089,"execution_duration":8899,"uploading_duration":621,"executable":"ellipsoids-openmp","args":["2.dat","225.log","225.xoutput"],"id":131,"resource":"512","request_start":1576627951757,"request_end":1576627994665,"request_duration":42908,"type":"512"}
{"start":1576627983920,"end":1576627994663,"duration":10743,"downloading_duration":1137,"execution_duration":9040,"uploading_duration":566,"executable":"ellipsoids-openmp","args":["2.dat","222.log","222.xoutput"],"id":128,"resource":"512","request_start":1576627951755,"request_end":1576627994682,"request_duration":42927,"type":"512"}
{"start":1576627983803,"end":1576627994748,"duration":10945,"downloading_duration":1074,"execution_duration":9259,"uploading_duration":612,"executable":"ellipsoids-openmp","args":["2.dat","216.log","216.xoutput"],"id":122,"resource":"512","request_start":1576627951751,"request_end":1576627994767,"request_duration":43016,"type":"512"}
{"start":1576627983790,"end":1576627994773,"duration":10983,"downloading_duration":1087,"execution_duration":9205,"uploading_duration":691,"executable":"ellipsoids-openmp","args":["2.dat","215.log","215.xoutput"],"id":121,"resource":"512","request_start":1576627951750,"request_end":1576627994792,"request_duration":43042,"type":"512"}
{"start":1576627983852,"end":1576627994786,"duration":10934,"downloading_duration":1086,"execution_duration":9240,"uploading_duration":608,"executable":"ellipsoids-openmp","args":["2.dat","218.log","218.xoutput"],"id":124,"resource":"512","request_start":1576627951752,"request_end":1576627994808,"request_duration":43056,"type":"512"}
{"start":1576627983854,"end":1576627994901,"duration":11047,"downloading_duration":1050,"execution_duration":9279,"uploading_duration":718,"executable":"ellipsoids-openmp","args":["2.dat","217.log","217.xoutput"],"id":123,"resource":"512","request_start":1576627951751,"request_end":1576627994920,"request_duration":43169,"type":"512"}
{"start":1576627984366,"end":1576627994943,"duration":10577,"downloading_duration":1006,"execution_duration":8983,"uploading_duration":588,"executable":"ellipsoids-openmp","args":["2.dat","230.log","230.xoutput"],"id":136,"resource":"512","request_start":1576627951761,"request_end":1576627994962,"request_duration":43201,"type":"512"}
{"start":1576627984181,"end":1576627994963,"duration":10782,"downloading_duration":1078,"execution_duration":9062,"uploading_duration":642,"executable":"ellipsoids-openmp","args":["2.dat","226.log","226.xoutput"],"id":132,"resource":"512","request_start":1576627951758,"request_end":1576627994985,"request_duration":43227,"type":"512"}
{"start":1576627983992,"end":1576627995055,"duration":11063,"downloading_duration":1097,"execution_duration":9340,"uploading_duration":626,"executable":"ellipsoids-openmp","args":["2.dat","223.log","223.xoutput"],"id":129,"resource":"512","request_start":1576627951756,"request_end":1576627995075,"request_duration":43319,"type":"512"}
{"start":1576627984833,"end":1576627995138,"duration":10305,"downloading_duration":1091,"execution_duration":8581,"uploading_duration":633,"executable":"ellipsoids-openmp","args":["2.dat","236.log","236.xoutput"],"id":142,"resource":"512","request_start":1576627951764,"request_end":1576627995157,"request_duration":43393,"type":"512"}
{"start":1576627984595,"end":1576627995204,"duration":10609,"downloading_duration":1071,"execution_duration":8900,"uploading_duration":638,"executable":"ellipsoids-openmp","args":["2.dat","233.log","233.xoutput"],"id":139,"resource":"512","request_start":1576627951762,"request_end":1576627995224,"request_duration":43462,"type":"512"}
{"start":1576627984583,"end":1576627995207,"duration":10624,"downloading_duration":1041,"execution_duration":8844,"uploading_duration":739,"executable":"ellipsoids-openmp","args":["2.dat","232.log","232.xoutput"],"id":138,"resource":"512","request_start":1576627951762,"request_end":1576627995228,"request_duration":43466,"type":"512"}
{"start":1576627984585,"end":1576627995226,"duration":10641,"downloading_duration":1015,"execution_duration":9020,"uploading_duration":606,"executable":"ellipsoids-openmp","args":["2.dat","231.log","231.xoutput"],"id":137,"resource":"512","request_start":1576627951761,"request_end":1576627995247,"request_duration":43486,"type":"512"}
{"start":1576627984687,"end":1576627995234,"duration":10547,"downloading_duration":1034,"execution_duration":8882,"uploading_duration":631,"executable":"ellipsoids-openmp","args":["2.dat","234.log","234.xoutput"],"id":140,"resource":"512","request_start":1576627951763,"request_end":1576627995255,"request_duration":43492,"type":"512"}
{"start":1576627984262,"end":1576627995299,"duration":11037,"downloading_duration":1071,"execution_duration":9300,"uploading_duration":666,"executable":"ellipsoids-openmp","args":["2.dat","228.log","228.xoutput"],"id":134,"resource":"512","request_start":1576627951759,"request_end":1576627995317,"request_duration":43558,"type":"512"}
{"start":1576627984285,"end":1576627995326,"duration":11041,"downloading_duration":1105,"execution_duration":9320,"uploading_duration":616,"executable":"ellipsoids-openmp","args":["2.dat","229.log","229.xoutput"],"id":135,"resource":"512","request_start":1576627951760,"request_end":1576627995345,"request_duration":43585,"type":"512"}
{"start":1576627984228,"end":1576627995352,"duration":11124,"downloading_duration":1082,"execution_duration":9440,"uploading_duration":602,"executable":"ellipsoids-openmp","args":["2.dat","227.log","227.xoutput"],"id":133,"resource":"512","request_start":1576627951758,"request_end":1576627995372,"request_duration":43614,"type":"512"}
{"start":1576627983659,"end":1576627995553,"duration":11894,"downloading_duration":2129,"execution_duration":9140,"uploading_duration":625,"executable":"ellipsoids-openmp","args":["2.dat","213.log","213.xoutput"],"id":119,"resource":"512","request_start":1576627951745,"request_end":1576627995574,"request_duration":43829,"type":"512"}
{"start":1576627984760,"end":1576627995727,"duration":10967,"downloading_duration":1013,"execution_duration":9323,"uploading_duration":631,"executable":"ellipsoids-openmp","args":["2.dat","235.log","235.xoutput"],"id":141,"resource":"512","request_start":1576627951764,"request_end":1576627995746,"request_duration":43982,"type":"512"}
{"start":1576627984958,"end":1576627995753,"duration":10795,"downloading_duration":1067,"execution_duration":9100,"uploading_duration":628,"executable":"ellipsoids-openmp","args":["2.dat","239.log","239.xoutput"],"id":145,"resource":"512","request_start":1576627951766,"request_end":1576627995772,"request_duration":44006,"type":"512"}
{"start":1576627985069,"end":1576627995783,"duration":10714,"downloading_duration":1127,"execution_duration":9002,"uploading_duration":585,"executable":"ellipsoids-openmp","args":["2.dat","242.log","242.xoutput"],"id":148,"resource":"512","request_start":1576627951767,"request_end":1576627995801,"request_duration":44034,"type":"512"}
{"start":1576627985048,"end":1576627995846,"duration":10798,"downloading_duration":1047,"execution_duration":9122,"uploading_duration":629,"executable":"ellipsoids-openmp","args":["2.dat","241.log","241.xoutput"],"id":147,"resource":"512","request_start":1576627951767,"request_end":1576627995865,"request_duration":44098,"type":"512"}
{"start":1576627984985,"end":1576627995891,"duration":10906,"downloading_duration":1031,"execution_duration":9281,"uploading_duration":594,"executable":"ellipsoids-openmp","args":["2.dat","240.log","240.xoutput"],"id":146,"resource":"512","request_start":1576627951766,"request_end":1576627995912,"request_duration":44146,"type":"512"}
{"start":1576627984922,"end":1576627995962,"duration":11040,"downloading_duration":1093,"execution_duration":9360,"uploading_duration":587,"executable":"ellipsoids-openmp","args":["2.dat","237.log","237.xoutput"],"id":143,"resource":"512","request_start":1576627951765,"request_end":1576627995982,"request_duration":44217,"type":"512"}
{"start":1576627985379,"end":1576627996186,"duration":10807,"downloading_duration":1123,"execution_duration":9058,"uploading_duration":626,"executable":"ellipsoids-openmp","args":["2.dat","243.log","243.xoutput"],"id":149,"resource":"512","request_start":1576627951768,"request_end":1576627996213,"request_duration":44445,"type":"512"}
{"start":1576627984925,"end":1576627996187,"duration":11262,"downloading_duration":1555,"execution_duration":9079,"uploading_duration":628,"executable":"ellipsoids-openmp","args":["2.dat","238.log","238.xoutput"],"id":144,"resource":"512","request_start":1576627951765,"request_end":1576627996214,"request_duration":44449,"type":"512"}
{"start":1576627985601,"end":1576627996256,"duration":10655,"downloading_duration":1058,"execution_duration":9002,"uploading_duration":595,"executable":"ellipsoids-openmp","args":["2.dat","245.log","245.xoutput"],"id":151,"resource":"512","request_start":1576627951794,"request_end":1576627996359,"request_duration":44565,"type":"512"}
{"start":1576627985636,"end":1576627996295,"duration":10659,"downloading_duration":1011,"execution_duration":9060,"uploading_duration":588,"executable":"ellipsoids-openmp","args":["2.dat","246.log","246.xoutput"],"id":152,"resource":"512","request_start":1576627951795,"request_end":1576627996366,"request_duration":44571,"type":"512"}
{"start":1576627985676,"end":1576627996468,"duration":10792,"downloading_duration":1089,"execution_duration":9100,"uploading_duration":603,"executable":"ellipsoids-openmp","args":["2.dat","247.log","247.xoutput"],"id":153,"resource":"512","request_start":1576627951796,"request_end":1576627996487,"request_duration":44691,"type":"512"}
{"start":1576627985474,"end":1576627996485,"duration":11011,"downloading_duration":1094,"execution_duration":9198,"uploading_duration":719,"executable":"ellipsoids-openmp","args":["2.dat","244.log","244.xoutput"],"id":150,"resource":"512","request_start":1576627951768,"request_end":1576627996502,"request_duration":44734,"type":"512"}
{"start":1576627985919,"end":1576627996799,"duration":10880,"downloading_duration":1110,"execution_duration":9160,"uploading_duration":610,"executable":"ellipsoids-openmp","args":["2.dat","248.log","248.xoutput"],"id":154,"resource":"512","request_start":1576627951796,"request_end":1576627996818,"request_duration":45022,"type":"512"}
{"start":1576627987524,"end":1576627997346,"duration":9822,"downloading_duration":1852,"execution_duration":7079,"uploading_duration":891,"executable":"ellipsoids-openmp","args":["2.dat","249.log","249.xoutput"],"id":155,"resource":"512","request_start":1576627951798,"request_end":1576627997366,"request_duration":45568,"type":"512"}
{"start":1576627983888,"end":1576628005014,"duration":21126,"downloading_duration":11397,"execution_duration":9042,"uploading_duration":687,"executable":"ellipsoids-openmp","args":["2.dat","221.log","221.xoutput"],"id":127,"resource":"512","request_start":1576627951755,"request_end":1576628005033,"request_duration":53278,"type":"512"}
{"start":1576628005247,"end":1576628007357,"duration":2110,"downloading_duration":1718,"execution_duration":21,"uploading_duration":371,"executable":"mean-pack-ell","args":["20.xoutput","21.xoutput","22.xoutput","23.xoutput","24.xoutput","25.xoutput","26.xoutput","27.xoutput","28.xoutput","29.xoutput","210.xoutput","211.xoutput","212.xoutput","213.xoutput","214.xoutput","215.xoutput","216.xoutput","217.xoutput","218.xoutput","219.xoutput","220.xoutput","221.xoutput","222.xoutput","223.xoutput","224.xoutput","225.xoutput","226.xoutput","227.xoutput","228.xoutput","229.xoutput","230.xoutput","231.xoutput","232.xoutput","233.xoutput","234.xoutput","235.xoutput","236.xoutput","237.xoutput","238.xoutput","239.xoutput","240.xoutput","241.xoutput","242.xoutput","243.xoutput","244.xoutput","245.xoutput","246.xoutput","247.xoutput","248.xoutput","249.xoutput","average_2.txt"],"id":208,"resource":"512","request_start":1576628005048,"request_end":1576628007379,"request_duration":2331,"type":"512"}
{"start":1576628007551,"end":1576628008660,"duration":1109,"downloading_duration":442,"execution_duration":254,"uploading_duration":413,"executable":"summary.js","args":[],"id":210,"resource":"512","request_start":1576628007386,"request_end":1576628008676,"request_duration":1290,"type":"512"}
