{"start":1576628165120,"end":1576628166197,"duration":1077,"downloading_duration":450,"execution_duration":233,"uploading_duration":394,"executable":"generateData.js","args":[],"id":1,"resource":"512","request_start":1576628164727,"request_end":1576628166230,"request_duration":1503,"type":"512"}
{"start":1576628166363,"end":1576628167401,"duration":1038,"downloading_duration":379,"execution_duration":238,"uploading_duration":421,"executable":"createDat.js","args":["1.dat"],"id":3,"resource":"512","request_start":1576628166250,"request_end":1576628167420,"request_duration":1170,"type":"512"}
{"start":1576628166359,"end":1576628167422,"duration":1063,"downloading_duration":383,"execution_duration":238,"uploading_duration":442,"executable":"createDat.js","args":["0.dat"],"id":2,"resource":"512","request_start":1576628166245,"request_end":1576628167447,"request_duration":1202,"type":"512"}
{"start":1576628166376,"end":1576628167475,"duration":1099,"downloading_duration":371,"execution_duration":232,"uploading_duration":496,"executable":"createDat.js","args":["2.dat"],"id":4,"resource":"512","request_start":1576628166254,"request_end":1576628167557,"request_duration":1303,"type":"512"}
{"start":1576628166372,"end":1576628167831,"duration":1459,"downloading_duration":394,"execution_duration":228,"uploading_duration":837,"executable":"createDat.js","args":["3.dat"],"id":5,"resource":"512","request_start":1576628166258,"request_end":1576628167902,"request_duration":1644,"type":"512"}
{"start":1576628167969,"end":1576628176988,"duration":9019,"downloading_duration":1003,"execution_duration":7440,"uploading_duration":576,"executable":"ellipsoids-openmp","args":["1.dat","140.log","140.xoutput"],"id":96,"resource":"512","request_start":1576628167519,"request_end":1576628177010,"request_duration":9491,"type":"512"}
{"start":1576628167967,"end":1576628177044,"duration":9077,"downloading_duration":1038,"execution_duration":7416,"uploading_duration":623,"executable":"ellipsoids-openmp","args":["1.dat","138.log","138.xoutput"],"id":94,"resource":"512","request_start":1576628167518,"request_end":1576628177068,"request_duration":9550,"type":"512"}
{"start":1576628167971,"end":1576628177642,"duration":9671,"downloading_duration":2045,"execution_duration":7000,"uploading_duration":626,"executable":"ellipsoids-openmp","args":["1.dat","143.log","143.xoutput"],"id":99,"resource":"512","request_start":1576628167521,"request_end":1576628177663,"request_duration":10142,"type":"512"}
{"start":1576628167771,"end":1576628178023,"duration":10252,"downloading_duration":1003,"execution_duration":8579,"uploading_duration":670,"executable":"ellipsoids-openmp","args":["1.dat","145.log","145.xoutput"],"id":101,"resource":"512","request_start":1576628167473,"request_end":1576628178043,"request_duration":10570,"type":"512"}
{"start":1576628167765,"end":1576628178108,"duration":10343,"downloading_duration":1034,"execution_duration":8683,"uploading_duration":626,"executable":"ellipsoids-openmp","args":["1.dat","147.log","147.xoutput"],"id":103,"resource":"512","request_start":1576628167476,"request_end":1576628178128,"request_duration":10652,"type":"512"}
{"start":1576628167941,"end":1576628178114,"duration":10173,"downloading_duration":1022,"execution_duration":8561,"uploading_duration":590,"executable":"ellipsoids-openmp","args":["1.dat","124.log","124.xoutput"],"id":80,"resource":"512","request_start":1576628167505,"request_end":1576628178137,"request_duration":10632,"type":"512"}
{"start":1576628167915,"end":1576628178133,"duration":10218,"downloading_duration":1034,"execution_duration":8579,"uploading_duration":605,"executable":"ellipsoids-openmp","args":["1.dat","17.log","17.xoutput"],"id":63,"resource":"512","request_start":1576628167490,"request_end":1576628178153,"request_duration":10663,"type":"512"}
{"start":1576628167941,"end":1576628178150,"duration":10209,"downloading_duration":1027,"execution_duration":8602,"uploading_duration":580,"executable":"ellipsoids-openmp","args":["1.dat","123.log","123.xoutput"],"id":79,"resource":"512","request_start":1576628167504,"request_end":1576628178173,"request_duration":10669,"type":"512"}
{"start":1576628167933,"end":1576628178153,"duration":10220,"downloading_duration":1014,"execution_duration":8560,"uploading_duration":646,"executable":"ellipsoids-openmp","args":["1.dat","120.log","120.xoutput"],"id":76,"resource":"512","request_start":1576628167502,"request_end":1576628178175,"request_duration":10673,"type":"512"}
{"start":1576628167772,"end":1576628178158,"duration":10386,"downloading_duration":1061,"execution_duration":8723,"uploading_duration":602,"executable":"ellipsoids-openmp","args":["1.dat","10.log","10.xoutput"],"id":56,"resource":"512","request_start":1576628167480,"request_end":1576628178178,"request_duration":10698,"type":"512"}
{"start":1576628167779,"end":1576628178180,"duration":10401,"downloading_duration":1036,"execution_duration":8762,"uploading_duration":603,"executable":"ellipsoids-openmp","args":["1.dat","13.log","13.xoutput"],"id":59,"resource":"512","request_start":1576628167483,"request_end":1576628178203,"request_duration":10720,"type":"512"}
{"start":1576628167924,"end":1576628178182,"duration":10258,"downloading_duration":1066,"execution_duration":8636,"uploading_duration":556,"executable":"ellipsoids-openmp","args":["1.dat","114.log","114.xoutput"],"id":70,"resource":"512","request_start":1576628167497,"request_end":1576628178205,"request_duration":10708,"type":"512"}
{"start":1576628167924,"end":1576628178185,"duration":10261,"downloading_duration":981,"execution_duration":8697,"uploading_duration":583,"executable":"ellipsoids-openmp","args":["1.dat","113.log","113.xoutput"],"id":69,"resource":"512","request_start":1576628167495,"request_end":1576628178207,"request_duration":10712,"type":"512"}
{"start":1576628167959,"end":1576628178194,"duration":10235,"downloading_duration":1001,"execution_duration":8640,"uploading_duration":594,"executable":"ellipsoids-openmp","args":["1.dat","127.log","127.xoutput"],"id":83,"resource":"512","request_start":1576628167507,"request_end":1576628178216,"request_duration":10709,"type":"512"}
{"start":1576628167915,"end":1576628178198,"duration":10283,"downloading_duration":1013,"execution_duration":8709,"uploading_duration":561,"executable":"ellipsoids-openmp","args":["1.dat","110.log","110.xoutput"],"id":66,"resource":"512","request_start":1576628167493,"request_end":1576628178221,"request_duration":10728,"type":"512"}
{"start":1576628167937,"end":1576628178223,"duration":10286,"downloading_duration":1013,"execution_duration":8681,"uploading_duration":592,"executable":"ellipsoids-openmp","args":["1.dat","122.log","122.xoutput"],"id":78,"resource":"512","request_start":1576628167503,"request_end":1576628178242,"request_duration":10739,"type":"512"}
{"start":1576628167909,"end":1576628178234,"duration":10325,"downloading_duration":1136,"execution_duration":8565,"uploading_duration":624,"executable":"ellipsoids-openmp","args":["1.dat","16.log","16.xoutput"],"id":62,"resource":"512","request_start":1576628167486,"request_end":1576628178254,"request_duration":10768,"type":"512"}
{"start":1576628167833,"end":1576628178242,"duration":10409,"downloading_duration":1001,"execution_duration":8741,"uploading_duration":667,"executable":"ellipsoids-openmp","args":["1.dat","142.log","142.xoutput"],"id":98,"resource":"512","request_start":1576628167521,"request_end":1576628178265,"request_duration":10744,"type":"512"}
{"start":1576628167943,"end":1576628178246,"duration":10303,"downloading_duration":995,"execution_duration":8680,"uploading_duration":628,"executable":"ellipsoids-openmp","args":["1.dat","128.log","128.xoutput"],"id":84,"resource":"512","request_start":1576628167508,"request_end":1576628178269,"request_duration":10761,"type":"512"}
{"start":1576628167893,"end":1576628178250,"duration":10357,"downloading_duration":1093,"execution_duration":8620,"uploading_duration":644,"executable":"ellipsoids-openmp","args":["1.dat","15.log","15.xoutput"],"id":61,"resource":"512","request_start":1576628167485,"request_end":1576628178272,"request_duration":10787,"type":"512"}
{"start":1576628167775,"end":1576628178253,"duration":10478,"downloading_duration":1085,"execution_duration":8760,"uploading_duration":633,"executable":"ellipsoids-openmp","args":["1.dat","148.log","148.xoutput"],"id":104,"resource":"512","request_start":1576628167477,"request_end":1576628178276,"request_duration":10799,"type":"512"}
{"start":1576628167918,"end":1576628178255,"duration":10337,"downloading_duration":1011,"execution_duration":8741,"uploading_duration":585,"executable":"ellipsoids-openmp","args":["1.dat","19.log","19.xoutput"],"id":65,"resource":"512","request_start":1576628167492,"request_end":1576628178279,"request_duration":10787,"type":"512"}
{"start":1576628167907,"end":1576628178256,"duration":10349,"downloading_duration":1002,"execution_duration":8678,"uploading_duration":669,"executable":"ellipsoids-openmp","args":["1.dat","14.log","14.xoutput"],"id":60,"resource":"512","request_start":1576628167484,"request_end":1576628178282,"request_duration":10798,"type":"512"}
{"start":1576628167829,"end":1576628178258,"duration":10429,"downloading_duration":1027,"execution_duration":8780,"uploading_duration":622,"executable":"ellipsoids-openmp","args":["1.dat","12.log","12.xoutput"],"id":58,"resource":"512","request_start":1576628167482,"request_end":1576628178284,"request_duration":10802,"type":"512"}
{"start":1576628167936,"end":1576628178262,"duration":10326,"downloading_duration":988,"execution_duration":8737,"uploading_duration":601,"executable":"ellipsoids-openmp","args":["1.dat","117.log","117.xoutput"],"id":73,"resource":"512","request_start":1576628167499,"request_end":1576628178286,"request_duration":10787,"type":"512"}
{"start":1576628167967,"end":1576628178285,"duration":10318,"downloading_duration":1197,"execution_duration":8381,"uploading_duration":740,"executable":"ellipsoids-openmp","args":["1.dat","141.log","141.xoutput"],"id":97,"resource":"512","request_start":1576628167520,"request_end":1576628178304,"request_duration":10784,"type":"512"}
{"start":1576628167923,"end":1576628178286,"duration":10363,"downloading_duration":1035,"execution_duration":8705,"uploading_duration":623,"executable":"ellipsoids-openmp","args":["1.dat","111.log","111.xoutput"],"id":67,"resource":"512","request_start":1576628167494,"request_end":1576628178310,"request_duration":10816,"type":"512"}
{"start":1576628167950,"end":1576628178288,"duration":10338,"downloading_duration":1004,"execution_duration":8701,"uploading_duration":633,"executable":"ellipsoids-openmp","args":["1.dat","129.log","129.xoutput"],"id":85,"resource":"512","request_start":1576628167510,"request_end":1576628178312,"request_duration":10802,"type":"512"}
{"start":1576628167935,"end":1576628178309,"duration":10374,"downloading_duration":1053,"execution_duration":8720,"uploading_duration":601,"executable":"ellipsoids-openmp","args":["1.dat","126.log","126.xoutput"],"id":82,"resource":"512","request_start":1576628167507,"request_end":1576628178330,"request_duration":10823,"type":"512"}
{"start":1576628167766,"end":1576628178320,"duration":10554,"downloading_duration":993,"execution_duration":8939,"uploading_duration":622,"executable":"ellipsoids-openmp","args":["1.dat","144.log","144.xoutput"],"id":100,"resource":"512","request_start":1576628167471,"request_end":1576628178339,"request_duration":10868,"type":"512"}
{"start":1576628167940,"end":1576628178350,"duration":10410,"downloading_duration":1056,"execution_duration":8623,"uploading_duration":731,"executable":"ellipsoids-openmp","args":["1.dat","131.log","131.xoutput"],"id":87,"resource":"512","request_start":1576628167512,"request_end":1576628178370,"request_duration":10858,"type":"512"}
{"start":1576628167953,"end":1576628178352,"duration":10399,"downloading_duration":1006,"execution_duration":8622,"uploading_duration":771,"executable":"ellipsoids-openmp","args":["1.dat","137.log","137.xoutput"],"id":93,"resource":"512","request_start":1576628167517,"request_end":1576628178372,"request_duration":10855,"type":"512"}
{"start":1576628167948,"end":1576628178375,"duration":10427,"downloading_duration":1018,"execution_duration":8739,"uploading_duration":670,"executable":"ellipsoids-openmp","args":["1.dat","130.log","130.xoutput"],"id":86,"resource":"512","request_start":1576628167511,"request_end":1576628178393,"request_duration":10882,"type":"512"}
{"start":1576628167934,"end":1576628178376,"duration":10442,"downloading_duration":1069,"execution_duration":8799,"uploading_duration":574,"executable":"ellipsoids-openmp","args":["1.dat","121.log","121.xoutput"],"id":77,"resource":"512","request_start":1576628167502,"request_end":1576628178396,"request_duration":10894,"type":"512"}
{"start":1576628167966,"end":1576628178383,"duration":10417,"downloading_duration":1091,"execution_duration":8641,"uploading_duration":685,"executable":"ellipsoids-openmp","args":["1.dat","132.log","132.xoutput"],"id":88,"resource":"512","request_start":1576628167513,"request_end":1576628178404,"request_duration":10891,"type":"512"}
{"start":1576628167955,"end":1576628178387,"duration":10432,"downloading_duration":1080,"execution_duration":8771,"uploading_duration":581,"executable":"ellipsoids-openmp","args":["1.dat","136.log","136.xoutput"],"id":92,"resource":"512","request_start":1576628167516,"request_end":1576628178406,"request_duration":10890,"type":"512"}
{"start":1576628167935,"end":1576628178392,"duration":10457,"downloading_duration":1029,"execution_duration":8839,"uploading_duration":589,"executable":"ellipsoids-openmp","args":["1.dat","118.log","118.xoutput"],"id":74,"resource":"512","request_start":1576628167500,"request_end":1576628178414,"request_duration":10914,"type":"512"}
{"start":1576628167966,"end":1576628178395,"duration":10429,"downloading_duration":1203,"execution_duration":8530,"uploading_duration":696,"executable":"ellipsoids-openmp","args":["1.dat","133.log","133.xoutput"],"id":89,"resource":"512","request_start":1576628167513,"request_end":1576628178416,"request_duration":10903,"type":"512"}
{"start":1576628167968,"end":1576628178400,"duration":10432,"downloading_duration":1072,"execution_duration":8786,"uploading_duration":574,"executable":"ellipsoids-openmp","args":["1.dat","139.log","139.xoutput"],"id":95,"resource":"512","request_start":1576628167519,"request_end":1576628178423,"request_duration":10904,"type":"512"}
{"start":1576628167769,"end":1576628178400,"duration":10631,"downloading_duration":1030,"execution_duration":8979,"uploading_duration":622,"executable":"ellipsoids-openmp","args":["1.dat","149.log","149.xoutput"],"id":105,"resource":"512","request_start":1576628167478,"request_end":1576628178425,"request_duration":10947,"type":"512"}
{"start":1576628167935,"end":1576628178409,"duration":10474,"downloading_duration":1132,"execution_duration":8761,"uploading_duration":581,"executable":"ellipsoids-openmp","args":["1.dat","119.log","119.xoutput"],"id":75,"resource":"512","request_start":1576628167501,"request_end":1576628178431,"request_duration":10930,"type":"512"}
{"start":1576628167925,"end":1576628178462,"duration":10537,"downloading_duration":1111,"execution_duration":8738,"uploading_duration":688,"executable":"ellipsoids-openmp","args":["1.dat","112.log","112.xoutput"],"id":68,"resource":"512","request_start":1576628167495,"request_end":1576628178483,"request_duration":10988,"type":"512"}
{"start":1576628167773,"end":1576628178488,"duration":10715,"downloading_duration":1161,"execution_duration":8920,"uploading_duration":634,"executable":"ellipsoids-openmp","args":["1.dat","146.log","146.xoutput"],"id":102,"resource":"512","request_start":1576628167474,"request_end":1576628178640,"request_duration":11166,"type":"512"}
{"start":1576628167923,"end":1576628178522,"duration":10599,"downloading_duration":1028,"execution_duration":8978,"uploading_duration":593,"executable":"ellipsoids-openmp","args":["1.dat","115.log","115.xoutput"],"id":71,"resource":"512","request_start":1576628167497,"request_end":1576628178643,"request_duration":11146,"type":"512"}
{"start":1576628167942,"end":1576628178542,"duration":10600,"downloading_duration":1034,"execution_duration":8922,"uploading_duration":644,"executable":"ellipsoids-openmp","args":["1.dat","125.log","125.xoutput"],"id":81,"resource":"512","request_start":1576628167506,"request_end":1576628178646,"request_duration":11140,"type":"512"}
{"start":1576628167861,"end":1576628178556,"duration":10695,"downloading_duration":1050,"execution_duration":9022,"uploading_duration":623,"executable":"ellipsoids-openmp","args":["1.dat","11.log","11.xoutput"],"id":57,"resource":"512","request_start":1576628167481,"request_end":1576628178650,"request_duration":11169,"type":"512"}
{"start":1576628167915,"end":1576628178588,"duration":10673,"downloading_duration":1086,"execution_duration":8964,"uploading_duration":623,"executable":"ellipsoids-openmp","args":["1.dat","18.log","18.xoutput"],"id":64,"resource":"512","request_start":1576628167491,"request_end":1576628178656,"request_duration":11165,"type":"512"}
{"start":1576628167929,"end":1576628178629,"duration":10700,"downloading_duration":1002,"execution_duration":9077,"uploading_duration":621,"executable":"ellipsoids-openmp","args":["1.dat","116.log","116.xoutput"],"id":72,"resource":"512","request_start":1576628167498,"request_end":1576628178672,"request_duration":11174,"type":"512"}
{"start":1576628167964,"end":1576628178697,"duration":10733,"downloading_duration":1112,"execution_duration":8881,"uploading_duration":740,"executable":"ellipsoids-openmp","args":["1.dat","135.log","135.xoutput"],"id":91,"resource":"512","request_start":1576628167515,"request_end":1576628178726,"request_duration":11211,"type":"512"}
{"start":1576628167956,"end":1576628178969,"duration":11013,"downloading_duration":1307,"execution_duration":8820,"uploading_duration":886,"executable":"ellipsoids-openmp","args":["1.dat","134.log","134.xoutput"],"id":90,"resource":"512","request_start":1576628167514,"request_end":1576628178987,"request_duration":11473,"type":"512"}
{"start":1576628177046,"end":1576628185777,"duration":8731,"downloading_duration":1127,"execution_duration":6980,"uploading_duration":624,"executable":"ellipsoids-openmp","args":["0.dat","04.log","04.xoutput"],"id":10,"resource":"512","request_start":1576628167577,"request_end":1576628185797,"request_duration":18220,"type":"512"}
{"start":1576628177103,"end":1576628185917,"duration":8814,"downloading_duration":1059,"execution_duration":7102,"uploading_duration":653,"executable":"ellipsoids-openmp","args":["0.dat","05.log","05.xoutput"],"id":11,"resource":"512","request_start":1576628167578,"request_end":1576628185939,"request_duration":18361,"type":"512"}
{"start":1576628177695,"end":1576628186426,"duration":8731,"downloading_duration":1165,"execution_duration":6977,"uploading_duration":589,"executable":"ellipsoids-openmp","args":["0.dat","06.log","06.xoutput"],"id":12,"resource":"512","request_start":1576628167579,"request_end":1576628186447,"request_duration":18868,"type":"512"}
{"start":1576628178313,"end":1576628188970,"duration":10657,"downloading_duration":1095,"execution_duration":8921,"uploading_duration":641,"executable":"ellipsoids-openmp","args":["0.dat","026.log","026.xoutput"],"id":32,"resource":"512","request_start":1576628167590,"request_end":1576628188990,"request_duration":21400,"type":"512"}
{"start":1576628178159,"end":1576628188973,"duration":10814,"downloading_duration":1030,"execution_duration":9178,"uploading_duration":606,"executable":"ellipsoids-openmp","args":["0.dat","08.log","08.xoutput"],"id":14,"resource":"512","request_start":1576628167580,"request_end":1576628188993,"request_duration":21413,"type":"512"}
{"start":1576628178206,"end":1576628189056,"duration":10850,"downloading_duration":1014,"execution_duration":9203,"uploading_duration":633,"executable":"ellipsoids-openmp","args":["0.dat","013.log","013.xoutput"],"id":19,"resource":"512","request_start":1576628167583,"request_end":1576628189075,"request_duration":21492,"type":"512"}
{"start":1576628178073,"end":1576628189095,"duration":11022,"downloading_duration":1123,"execution_duration":9237,"uploading_duration":662,"executable":"ellipsoids-openmp","args":["0.dat","07.log","07.xoutput"],"id":13,"resource":"512","request_start":1576628167579,"request_end":1576628189115,"request_duration":21536,"type":"512"}
{"start":1576628178309,"end":1576628189194,"duration":10885,"downloading_duration":998,"execution_duration":9221,"uploading_duration":666,"executable":"ellipsoids-openmp","args":["0.dat","025.log","025.xoutput"],"id":31,"resource":"512","request_start":1576628167590,"request_end":1576628189215,"request_duration":21625,"type":"512"}
{"start":1576628178284,"end":1576628189200,"duration":10916,"downloading_duration":1092,"execution_duration":9220,"uploading_duration":604,"executable":"ellipsoids-openmp","args":["0.dat","020.log","020.xoutput"],"id":26,"resource":"512","request_start":1576628167587,"request_end":1576628189222,"request_duration":21635,"type":"512"}
{"start":1576628178357,"end":1576628189221,"duration":10864,"downloading_duration":1082,"execution_duration":9201,"uploading_duration":581,"executable":"ellipsoids-openmp","args":["0.dat","032.log","032.xoutput"],"id":38,"resource":"512","request_start":1576628167593,"request_end":1576628189366,"request_duration":21773,"type":"512"}
{"start":1576628178246,"end":1576628189251,"duration":11005,"downloading_duration":1022,"execution_duration":9383,"uploading_duration":600,"executable":"ellipsoids-openmp","args":["0.dat","017.log","017.xoutput"],"id":23,"resource":"512","request_start":1576628167585,"request_end":1576628189372,"request_duration":21787,"type":"512"}
{"start":1576628178446,"end":1576628189303,"duration":10857,"downloading_duration":1074,"execution_duration":9140,"uploading_duration":643,"executable":"ellipsoids-openmp","args":["0.dat","041.log","041.xoutput"],"id":47,"resource":"512","request_start":1576628167601,"request_end":1576628189377,"request_duration":21776,"type":"512"}
{"start":1576628178248,"end":1576628189310,"duration":11062,"downloading_duration":1038,"execution_duration":9440,"uploading_duration":584,"executable":"ellipsoids-openmp","args":["0.dat","016.log","016.xoutput"],"id":22,"resource":"512","request_start":1576628167585,"request_end":1576628189379,"request_duration":21794,"type":"512"}
{"start":1576628178307,"end":1576628189312,"duration":11005,"downloading_duration":1096,"execution_duration":9301,"uploading_duration":608,"executable":"ellipsoids-openmp","args":["0.dat","023.log","023.xoutput"],"id":29,"resource":"512","request_start":1576628167588,"request_end":1576628189380,"request_duration":21792,"type":"512"}
{"start":1576628178253,"end":1576628189360,"duration":11107,"downloading_duration":1006,"execution_duration":9498,"uploading_duration":603,"executable":"ellipsoids-openmp","args":["0.dat","018.log","018.xoutput"],"id":24,"resource":"512","request_start":1576628167586,"request_end":1576628189395,"request_duration":21809,"type":"512"}
{"start":1576628178433,"end":1576628189361,"duration":10928,"downloading_duration":1034,"execution_duration":9259,"uploading_duration":635,"executable":"ellipsoids-openmp","args":["0.dat","038.log","038.xoutput"],"id":44,"resource":"512","request_start":1576628167597,"request_end":1576628189398,"request_duration":21801,"type":"512"}
{"start":1576628178367,"end":1576628189362,"duration":10995,"downloading_duration":1049,"execution_duration":9324,"uploading_duration":622,"executable":"ellipsoids-openmp","args":["0.dat","033.log","033.xoutput"],"id":39,"resource":"512","request_start":1576628167594,"request_end":1576628189400,"request_duration":21806,"type":"512"}
{"start":1576628178201,"end":1576628189384,"duration":11183,"downloading_duration":1038,"execution_duration":9499,"uploading_duration":646,"executable":"ellipsoids-openmp","args":["0.dat","011.log","011.xoutput"],"id":17,"resource":"512","request_start":1576628167581,"request_end":1576628189407,"request_duration":21826,"type":"512"}
{"start":1576628178399,"end":1576628189414,"duration":11015,"downloading_duration":1004,"execution_duration":9399,"uploading_duration":612,"executable":"ellipsoids-openmp","args":["0.dat","034.log","034.xoutput"],"id":40,"resource":"512","request_start":1576628167595,"request_end":1576628189465,"request_duration":21870,"type":"512"}
{"start":1576628178428,"end":1576628189438,"duration":11010,"downloading_duration":1099,"execution_duration":9285,"uploading_duration":626,"executable":"ellipsoids-openmp","args":["0.dat","036.log","036.xoutput"],"id":42,"resource":"512","request_start":1576628167596,"request_end":1576628189474,"request_duration":21878,"type":"512"}
{"start":1576628178314,"end":1576628189441,"duration":11127,"downloading_duration":1012,"execution_duration":9462,"uploading_duration":653,"executable":"ellipsoids-openmp","args":["0.dat","028.log","028.xoutput"],"id":34,"resource":"512","request_start":1576628167591,"request_end":1576628189477,"request_duration":21886,"type":"512"}
{"start":1576628178437,"end":1576628189443,"duration":11006,"downloading_duration":1068,"execution_duration":9321,"uploading_duration":617,"executable":"ellipsoids-openmp","args":["0.dat","039.log","039.xoutput"],"id":45,"resource":"512","request_start":1576628167597,"request_end":1576628189479,"request_duration":21882,"type":"512"}
{"start":1576628178330,"end":1576628189454,"duration":11124,"downloading_duration":1026,"execution_duration":9463,"uploading_duration":635,"executable":"ellipsoids-openmp","args":["0.dat","029.log","029.xoutput"],"id":35,"resource":"512","request_start":1576628167592,"request_end":1576628189493,"request_duration":21901,"type":"512"}
{"start":1576628178204,"end":1576628189458,"duration":11254,"downloading_duration":1011,"execution_duration":9602,"uploading_duration":641,"executable":"ellipsoids-openmp","args":["0.dat","012.log","012.xoutput"],"id":18,"resource":"512","request_start":1576628167582,"request_end":1576628189496,"request_duration":21914,"type":"512"}
{"start":1576628178185,"end":1576628189459,"duration":11274,"downloading_duration":1011,"execution_duration":9640,"uploading_duration":623,"executable":"ellipsoids-openmp","args":["0.dat","010.log","010.xoutput"],"id":16,"resource":"512","request_start":1576628167581,"request_end":1576628189498,"request_duration":21917,"type":"512"}
{"start":1576628178403,"end":1576628189460,"duration":11057,"downloading_duration":1056,"execution_duration":9340,"uploading_duration":661,"executable":"ellipsoids-openmp","args":["0.dat","035.log","035.xoutput"],"id":41,"resource":"512","request_start":1576628167595,"request_end":1576628189500,"request_duration":21905,"type":"512"}
{"start":1576628178248,"end":1576628189476,"duration":11228,"downloading_duration":1046,"execution_duration":9519,"uploading_duration":663,"executable":"ellipsoids-openmp","args":["0.dat","015.log","015.xoutput"],"id":21,"resource":"512","request_start":1576628167584,"request_end":1576628189509,"request_duration":21925,"type":"512"}
{"start":1576628179018,"end":1576628189488,"duration":10470,"downloading_duration":1026,"execution_duration":8839,"uploading_duration":605,"executable":"ellipsoids-openmp","args":["0.dat","03.log","03.xoutput"],"id":9,"resource":"512","request_start":1576628167607,"request_end":1576628189511,"request_duration":21904,"type":"512"}
{"start":1576628178344,"end":1576628189497,"duration":11153,"downloading_duration":1004,"execution_duration":9560,"uploading_duration":589,"executable":"ellipsoids-openmp","args":["0.dat","030.log","030.xoutput"],"id":36,"resource":"512","request_start":1576628167592,"request_end":1576628189522,"request_duration":21930,"type":"512"}
{"start":1576628178304,"end":1576628189508,"duration":11204,"downloading_duration":1029,"execution_duration":9562,"uploading_duration":613,"executable":"ellipsoids-openmp","args":["0.dat","022.log","022.xoutput"],"id":28,"resource":"512","request_start":1576628167588,"request_end":1576628189526,"request_duration":21938,"type":"512"}
{"start":1576628178443,"end":1576628189550,"duration":11107,"downloading_duration":1015,"execution_duration":9481,"uploading_duration":611,"executable":"ellipsoids-openmp","args":["0.dat","040.log","040.xoutput"],"id":46,"resource":"512","request_start":1576628167601,"request_end":1576628189569,"request_duration":21968,"type":"512"}
{"start":1576628178171,"end":1576628189558,"duration":11387,"downloading_duration":1004,"execution_duration":9819,"uploading_duration":564,"executable":"ellipsoids-openmp","args":["0.dat","09.log","09.xoutput"],"id":15,"resource":"512","request_start":1576628167580,"request_end":1576628189577,"request_duration":21997,"type":"512"}
{"start":1576628178683,"end":1576628189567,"duration":10884,"downloading_duration":1001,"execution_duration":9279,"uploading_duration":604,"executable":"ellipsoids-openmp","args":["0.dat","046.log","046.xoutput"],"id":52,"resource":"512","request_start":1576628167604,"request_end":1576628189587,"request_duration":21983,"type":"512"}
{"start":1576628178275,"end":1576628189568,"duration":11293,"downloading_duration":1085,"execution_duration":9580,"uploading_duration":628,"executable":"ellipsoids-openmp","args":["0.dat","019.log","019.xoutput"],"id":25,"resource":"512","request_start":1576628167586,"request_end":1576628189589,"request_duration":22003,"type":"512"}
{"start":1576628178247,"end":1576628189581,"duration":11334,"downloading_duration":1081,"execution_duration":9601,"uploading_duration":652,"executable":"ellipsoids-openmp","args":["0.dat","014.log","014.xoutput"],"id":20,"resource":"512","request_start":1576628167583,"request_end":1576628189602,"request_duration":22019,"type":"512"}
{"start":1576628178689,"end":1576628189597,"duration":10908,"downloading_duration":1005,"execution_duration":9315,"uploading_duration":588,"executable":"ellipsoids-openmp","args":["0.dat","00.log","00.xoutput"],"id":6,"resource":"512","request_start":1576628167606,"request_end":1576628189615,"request_duration":22009,"type":"512"}
{"start":1576628178458,"end":1576628189603,"duration":11145,"downloading_duration":1081,"execution_duration":9465,"uploading_duration":599,"executable":"ellipsoids-openmp","args":["0.dat","044.log","044.xoutput"],"id":50,"resource":"512","request_start":1576628167603,"request_end":1576628189624,"request_duration":22021,"type":"512"}
{"start":1576628178306,"end":1576628189609,"duration":11303,"downloading_duration":1073,"execution_duration":9580,"uploading_duration":650,"executable":"ellipsoids-openmp","args":["0.dat","021.log","021.xoutput"],"id":27,"resource":"512","request_start":1576628167587,"request_end":1576628189633,"request_duration":22046,"type":"512"}
{"start":1576628178426,"end":1576628189627,"duration":11201,"downloading_duration":1162,"execution_duration":9432,"uploading_duration":607,"executable":"ellipsoids-openmp","args":["0.dat","037.log","037.xoutput"],"id":43,"resource":"512","request_start":1576628167596,"request_end":1576628189647,"request_duration":22051,"type":"512"}
{"start":1576628178453,"end":1576628189628,"duration":11175,"downloading_duration":1109,"execution_duration":9461,"uploading_duration":605,"executable":"ellipsoids-openmp","args":["0.dat","043.log","043.xoutput"],"id":49,"resource":"512","request_start":1576628167602,"request_end":1576628189649,"request_duration":22047,"type":"512"}
{"start":1576628178307,"end":1576628189631,"duration":11324,"downloading_duration":1040,"execution_duration":9603,"uploading_duration":681,"executable":"ellipsoids-openmp","args":["0.dat","024.log","024.xoutput"],"id":30,"resource":"512","request_start":1576628167589,"request_end":1576628189652,"request_duration":22063,"type":"512"}
{"start":1576628178758,"end":1576628189639,"duration":10881,"downloading_duration":1077,"execution_duration":9201,"uploading_duration":603,"executable":"ellipsoids-openmp","args":["0.dat","02.log","02.xoutput"],"id":8,"resource":"512","request_start":1576628167607,"request_end":1576628189663,"request_duration":22056,"type":"512"}
{"start":1576628178449,"end":1576628189645,"duration":11196,"downloading_duration":1016,"execution_duration":9580,"uploading_duration":600,"executable":"ellipsoids-openmp","args":["0.dat","042.log","042.xoutput"],"id":48,"resource":"512","request_start":1576628167602,"request_end":1576628189669,"request_duration":22067,"type":"512"}
{"start":1576628178313,"end":1576628189646,"duration":11333,"downloading_duration":1010,"execution_duration":9697,"uploading_duration":626,"executable":"ellipsoids-openmp","args":["0.dat","027.log","027.xoutput"],"id":33,"resource":"512","request_start":1576628167591,"request_end":1576628189670,"request_duration":22079,"type":"512"}
{"start":1576628178688,"end":1576628189676,"duration":10988,"downloading_duration":1044,"execution_duration":9361,"uploading_duration":583,"executable":"ellipsoids-openmp","args":["0.dat","049.log","049.xoutput"],"id":55,"resource":"512","request_start":1576628167605,"request_end":1576628189694,"request_duration":22089,"type":"512"}
{"start":1576628178699,"end":1576628189711,"duration":11012,"downloading_duration":1015,"execution_duration":9362,"uploading_duration":635,"executable":"ellipsoids-openmp","args":["0.dat","01.log","01.xoutput"],"id":7,"resource":"512","request_start":1576628167606,"request_end":1576628189733,"request_duration":22127,"type":"512"}
{"start":1576628178512,"end":1576628189735,"duration":11223,"downloading_duration":1102,"execution_duration":9541,"uploading_duration":580,"executable":"ellipsoids-openmp","args":["0.dat","045.log","045.xoutput"],"id":51,"resource":"512","request_start":1576628167603,"request_end":1576628189755,"request_duration":22152,"type":"512"}
{"start":1576628178338,"end":1576628189737,"duration":11399,"downloading_duration":1247,"execution_duration":9582,"uploading_duration":570,"executable":"ellipsoids-openmp","args":["0.dat","031.log","031.xoutput"],"id":37,"resource":"512","request_start":1576628167593,"request_end":1576628189757,"request_duration":22164,"type":"512"}
{"start":1576628178688,"end":1576628189891,"duration":11203,"downloading_duration":1048,"execution_duration":9522,"uploading_duration":633,"executable":"ellipsoids-openmp","args":["0.dat","048.log","048.xoutput"],"id":54,"resource":"512","request_start":1576628167605,"request_end":1576628189910,"request_duration":22305,"type":"512"}
{"start":1576628178680,"end":1576628190039,"duration":11359,"downloading_duration":989,"execution_duration":9718,"uploading_duration":652,"executable":"ellipsoids-openmp","args":["0.dat","047.log","047.xoutput"],"id":53,"resource":"512","request_start":1576628167604,"request_end":1576628190057,"request_duration":22453,"type":"512"}
{"start":1576628185826,"end":1576628194541,"duration":8715,"downloading_duration":1006,"execution_duration":7103,"uploading_duration":606,"executable":"ellipsoids-openmp","args":["2.dat","20.log","20.xoutput"],"id":106,"resource":"512","request_start":1576628167692,"request_end":1576628194561,"request_duration":26869,"type":"512"}
{"start":1576628185969,"end":1576628194632,"duration":8663,"downloading_duration":1052,"execution_duration":6801,"uploading_duration":810,"executable":"ellipsoids-openmp","args":["2.dat","21.log","21.xoutput"],"id":107,"resource":"512","request_start":1576628167693,"request_end":1576628194653,"request_duration":26960,"type":"512"}
{"start":1576628186477,"end":1576628194892,"duration":8415,"downloading_duration":1020,"execution_duration":6783,"uploading_duration":612,"executable":"ellipsoids-openmp","args":["2.dat","22.log","22.xoutput"],"id":108,"resource":"512","request_start":1576628167693,"request_end":1576628194913,"request_duration":27220,"type":"512"}
{"start":1576628189022,"end":1576628200209,"duration":11187,"downloading_duration":1026,"execution_duration":9579,"uploading_duration":582,"executable":"ellipsoids-openmp","args":["2.dat","23.log","23.xoutput"],"id":109,"resource":"512","request_start":1576628167694,"request_end":1576628200231,"request_duration":32537,"type":"512"}
{"start":1576628189241,"end":1576628200262,"duration":11021,"downloading_duration":1079,"execution_duration":9280,"uploading_duration":662,"executable":"ellipsoids-openmp","args":["2.dat","27.log","27.xoutput"],"id":113,"resource":"512","request_start":1576628167697,"request_end":1576628200283,"request_duration":32586,"type":"512"}
{"start":1576628189026,"end":1576628200345,"duration":11319,"downloading_duration":1264,"execution_duration":9401,"uploading_duration":654,"executable":"ellipsoids-openmp","args":["2.dat","24.log","24.xoutput"],"id":110,"resource":"512","request_start":1576628167695,"request_end":1576628200364,"request_duration":32669,"type":"512"}
{"start":1576628189142,"end":1576628200377,"duration":11235,"downloading_duration":990,"execution_duration":9602,"uploading_duration":643,"executable":"ellipsoids-openmp","args":["2.dat","26.log","26.xoutput"],"id":112,"resource":"512","request_start":1576628167696,"request_end":1576628200397,"request_duration":32701,"type":"512"}
{"start":1576628189414,"end":1576628200405,"duration":10991,"downloading_duration":1035,"execution_duration":9354,"uploading_duration":602,"executable":"ellipsoids-openmp","args":["2.dat","213.log","213.xoutput"],"id":119,"resource":"512","request_start":1576628167700,"request_end":1576628200425,"request_duration":32725,"type":"512"}
{"start":1576628189409,"end":1576628200453,"duration":11044,"downloading_duration":1028,"execution_duration":9420,"uploading_duration":596,"executable":"ellipsoids-openmp","args":["2.dat","212.log","212.xoutput"],"id":118,"resource":"512","request_start":1576628167700,"request_end":1576628200475,"request_duration":32775,"type":"512"}
{"start":1576628189099,"end":1576628200486,"duration":11387,"downloading_duration":1041,"execution_duration":9681,"uploading_duration":665,"executable":"ellipsoids-openmp","args":["2.dat","25.log","25.xoutput"],"id":111,"resource":"512","request_start":1576628167695,"request_end":1576628200505,"request_duration":32810,"type":"512"}
{"start":1576628189425,"end":1576628200542,"duration":11117,"downloading_duration":1012,"execution_duration":9446,"uploading_duration":659,"executable":"ellipsoids-openmp","args":["2.dat","214.log","214.xoutput"],"id":120,"resource":"512","request_start":1576628167701,"request_end":1576628200564,"request_duration":32863,"type":"512"}
{"start":1576628190085,"end":1576628200568,"duration":10483,"downloading_duration":1062,"execution_duration":8760,"uploading_duration":661,"executable":"ellipsoids-openmp","args":["2.dat","249.log","249.xoutput"],"id":155,"resource":"512","request_start":1576628167719,"request_end":1576628200588,"request_duration":32869,"type":"512"}
{"start":1576628189408,"end":1576628200598,"duration":11190,"downloading_duration":1000,"execution_duration":9599,"uploading_duration":591,"executable":"ellipsoids-openmp","args":["2.dat","211.log","211.xoutput"],"id":117,"resource":"512","request_start":1576628167699,"request_end":1576628200619,"request_duration":32920,"type":"512"}
{"start":1576628189439,"end":1576628200598,"duration":11159,"downloading_duration":1029,"execution_duration":9441,"uploading_duration":689,"executable":"ellipsoids-openmp","args":["2.dat","217.log","217.xoutput"],"id":123,"resource":"512","request_start":1576628167702,"request_end":1576628200621,"request_duration":32919,"type":"512"}
{"start":1576628189508,"end":1576628200619,"duration":11111,"downloading_duration":1014,"execution_duration":9521,"uploading_duration":576,"executable":"ellipsoids-openmp","args":["2.dat","220.log","220.xoutput"],"id":126,"resource":"512","request_start":1576628167704,"request_end":1576628200639,"request_duration":32935,"type":"512"}
{"start":1576628189509,"end":1576628200686,"duration":11177,"downloading_duration":1028,"execution_duration":9444,"uploading_duration":705,"executable":"ellipsoids-openmp","args":["2.dat","221.log","221.xoutput"],"id":127,"resource":"512","request_start":1576628167705,"request_end":1576628200705,"request_duration":33000,"type":"512"}
{"start":1576628189538,"end":1576628200698,"duration":11160,"downloading_duration":1030,"execution_duration":9443,"uploading_duration":687,"executable":"ellipsoids-openmp","args":["2.dat","226.log","226.xoutput"],"id":132,"resource":"512","request_start":1576628167707,"request_end":1576628200717,"request_duration":33010,"type":"512"}
{"start":1576628189403,"end":1576628200752,"duration":11349,"downloading_duration":1095,"execution_duration":9566,"uploading_duration":688,"executable":"ellipsoids-openmp","args":["2.dat","29.log","29.xoutput"],"id":115,"resource":"512","request_start":1576628167698,"request_end":1576628200773,"request_duration":33075,"type":"512"}
{"start":1576628189551,"end":1576628200783,"duration":11232,"downloading_duration":1019,"execution_duration":9597,"uploading_duration":616,"executable":"ellipsoids-openmp","args":["2.dat","229.log","229.xoutput"],"id":135,"resource":"512","request_start":1576628167709,"request_end":1576628200802,"request_duration":33093,"type":"512"}
{"start":1576628189250,"end":1576628200788,"duration":11538,"downloading_duration":1050,"execution_duration":9796,"uploading_duration":692,"executable":"ellipsoids-openmp","args":["2.dat","28.log","28.xoutput"],"id":114,"resource":"512","request_start":1576628167697,"request_end":1576628200812,"request_duration":33115,"type":"512"}
{"start":1576628189546,"end":1576628200790,"duration":11244,"downloading_duration":1005,"execution_duration":9635,"uploading_duration":604,"executable":"ellipsoids-openmp","args":["2.dat","227.log","227.xoutput"],"id":133,"resource":"512","request_start":1576628167708,"request_end":1576628200814,"request_duration":33106,"type":"512"}
{"start":1576628189492,"end":1576628200800,"duration":11308,"downloading_duration":1081,"execution_duration":9643,"uploading_duration":584,"executable":"ellipsoids-openmp","args":["2.dat","218.log","218.xoutput"],"id":124,"resource":"512","request_start":1576628167703,"request_end":1576628200822,"request_duration":33119,"type":"512"}
{"start":1576628189503,"end":1576628200804,"duration":11301,"downloading_duration":1049,"execution_duration":9555,"uploading_duration":697,"executable":"ellipsoids-openmp","args":["2.dat","219.log","219.xoutput"],"id":125,"resource":"512","request_start":1576628167703,"request_end":1576628200824,"request_duration":33121,"type":"512"}
{"start":1576628189426,"end":1576628200810,"duration":11384,"downloading_duration":1080,"execution_duration":9563,"uploading_duration":741,"executable":"ellipsoids-openmp","args":["2.dat","215.log","215.xoutput"],"id":121,"resource":"512","request_start":1576628167701,"request_end":1576628200832,"request_duration":33131,"type":"512"}
{"start":1576628189526,"end":1576628200812,"duration":11286,"downloading_duration":1008,"execution_duration":9319,"uploading_duration":959,"executable":"ellipsoids-openmp","args":["2.dat","222.log","222.xoutput"],"id":128,"resource":"512","request_start":1576628167705,"request_end":1576628200834,"request_duration":33129,"type":"512"}
{"start":1576628189628,"end":1576628200823,"duration":11195,"downloading_duration":1013,"execution_duration":9559,"uploading_duration":623,"executable":"ellipsoids-openmp","args":["2.dat","234.log","234.xoutput"],"id":140,"resource":"512","request_start":1576628167711,"request_end":1576628200845,"request_duration":33134,"type":"512"}
{"start":1576628189429,"end":1576628200828,"duration":11399,"downloading_duration":1013,"execution_duration":9461,"uploading_duration":925,"executable":"ellipsoids-openmp","args":["2.dat","216.log","216.xoutput"],"id":122,"resource":"512","request_start":1576628167702,"request_end":1576628200848,"request_duration":33146,"type":"512"}
{"start":1576628189527,"end":1576628200832,"duration":11305,"downloading_duration":1031,"execution_duration":9620,"uploading_duration":654,"executable":"ellipsoids-openmp","args":["2.dat","225.log","225.xoutput"],"id":131,"resource":"512","request_start":1576628167707,"request_end":1576628200854,"request_duration":33147,"type":"512"}
{"start":1576628189408,"end":1576628200837,"duration":11429,"downloading_duration":1091,"execution_duration":9658,"uploading_duration":680,"executable":"ellipsoids-openmp","args":["2.dat","210.log","210.xoutput"],"id":116,"resource":"512","request_start":1576628167698,"request_end":1576628200860,"request_duration":33162,"type":"512"}
{"start":1576628189617,"end":1576628200861,"duration":11244,"downloading_duration":1003,"execution_duration":9621,"uploading_duration":620,"executable":"ellipsoids-openmp","args":["2.dat","231.log","231.xoutput"],"id":137,"resource":"512","request_start":1576628167710,"request_end":1576628200882,"request_duration":33172,"type":"512"}
{"start":1576628189551,"end":1576628200864,"duration":11313,"downloading_duration":1039,"execution_duration":9658,"uploading_duration":616,"executable":"ellipsoids-openmp","args":["2.dat","228.log","228.xoutput"],"id":134,"resource":"512","request_start":1576628167708,"request_end":1576628200884,"request_duration":33176,"type":"512"}
{"start":1576628189680,"end":1576628200887,"duration":11207,"downloading_duration":1004,"execution_duration":9539,"uploading_duration":664,"executable":"ellipsoids-openmp","args":["2.dat","238.log","238.xoutput"],"id":144,"resource":"512","request_start":1576628167713,"request_end":1576628200907,"request_duration":33194,"type":"512"}
{"start":1576628189528,"end":1576628200906,"duration":11378,"downloading_duration":1087,"execution_duration":9680,"uploading_duration":611,"executable":"ellipsoids-openmp","args":["2.dat","223.log","223.xoutput"],"id":129,"resource":"512","request_start":1576628167706,"request_end":1576628200927,"request_duration":33221,"type":"512"}
{"start":1576628189647,"end":1576628200915,"duration":11268,"downloading_duration":1088,"execution_duration":9582,"uploading_duration":598,"executable":"ellipsoids-openmp","args":["2.dat","235.log","235.xoutput"],"id":141,"resource":"512","request_start":1576628167712,"request_end":1576628200960,"request_duration":33248,"type":"512"}
{"start":1576628189659,"end":1576628200975,"duration":11316,"downloading_duration":1066,"execution_duration":9643,"uploading_duration":607,"executable":"ellipsoids-openmp","args":["2.dat","237.log","237.xoutput"],"id":143,"resource":"512","request_start":1576628167713,"request_end":1576628201107,"request_duration":33394,"type":"512"}
{"start":1576628189621,"end":1576628200982,"duration":11361,"downloading_duration":1068,"execution_duration":9623,"uploading_duration":670,"executable":"ellipsoids-openmp","args":["2.dat","232.log","232.xoutput"],"id":138,"resource":"512","request_start":1576628167710,"request_end":1576628201109,"request_duration":33399,"type":"512"}
{"start":1576628189679,"end":1576628201003,"duration":11324,"downloading_duration":1060,"execution_duration":9642,"uploading_duration":622,"executable":"ellipsoids-openmp","args":["2.dat","240.log","240.xoutput"],"id":146,"resource":"512","request_start":1576628167714,"request_end":1576628201112,"request_duration":33398,"type":"512"}
{"start":1576628189785,"end":1576628201025,"duration":11240,"downloading_duration":1046,"execution_duration":9541,"uploading_duration":653,"executable":"ellipsoids-openmp","args":["2.dat","246.log","246.xoutput"],"id":152,"resource":"512","request_start":1576628167717,"request_end":1576628201115,"request_duration":33398,"type":"512"}
{"start":1576628189617,"end":1576628201027,"duration":11410,"downloading_duration":1141,"execution_duration":9620,"uploading_duration":649,"executable":"ellipsoids-openmp","args":["2.dat","233.log","233.xoutput"],"id":139,"resource":"512","request_start":1576628167711,"request_end":1576628201117,"request_duration":33406,"type":"512"}
{"start":1576628189699,"end":1576628201040,"duration":11341,"downloading_duration":1015,"execution_duration":9641,"uploading_duration":685,"executable":"ellipsoids-openmp","args":["2.dat","242.log","242.xoutput"],"id":148,"resource":"512","request_start":1576628167715,"request_end":1576628201119,"request_duration":33404,"type":"512"}
{"start":1576628189687,"end":1576628201073,"duration":11386,"downloading_duration":999,"execution_duration":9683,"uploading_duration":704,"executable":"ellipsoids-openmp","args":["2.dat","239.log","239.xoutput"],"id":145,"resource":"512","request_start":1576628167714,"request_end":1576628201121,"request_duration":33407,"type":"512"}
{"start":1576628189697,"end":1576628201080,"duration":11383,"downloading_duration":1049,"execution_duration":9636,"uploading_duration":698,"executable":"ellipsoids-openmp","args":["2.dat","243.log","243.xoutput"],"id":149,"resource":"512","request_start":1576628167716,"request_end":1576628201122,"request_duration":33406,"type":"512"}
{"start":1576628189766,"end":1576628201092,"duration":11326,"downloading_duration":1046,"execution_duration":9673,"uploading_duration":607,"executable":"ellipsoids-openmp","args":["2.dat","245.log","245.xoutput"],"id":151,"resource":"512","request_start":1576628167717,"request_end":1576628201134,"request_duration":33417,"type":"512"}
{"start":1576628189532,"end":1576628201107,"duration":11575,"downloading_duration":1105,"execution_duration":9602,"uploading_duration":868,"executable":"ellipsoids-openmp","args":["2.dat","224.log","224.xoutput"],"id":130,"resource":"512","request_start":1576628167706,"request_end":1576628201154,"request_duration":33448,"type":"512"}
{"start":1576628189651,"end":1576628201170,"duration":11519,"downloading_duration":1171,"execution_duration":9699,"uploading_duration":649,"executable":"ellipsoids-openmp","args":["2.dat","236.log","236.xoutput"],"id":142,"resource":"512","request_start":1576628167712,"request_end":1576628201187,"request_duration":33475,"type":"512"}
{"start":1576628189723,"end":1576628201188,"duration":11465,"downloading_duration":1075,"execution_duration":9636,"uploading_duration":754,"executable":"ellipsoids-openmp","args":["2.dat","244.log","244.xoutput"],"id":150,"resource":"512","request_start":1576628167716,"request_end":1576628201207,"request_duration":33491,"type":"512"}
{"start":1576628189695,"end":1576628201198,"duration":11503,"downloading_duration":1099,"execution_duration":9778,"uploading_duration":626,"executable":"ellipsoids-openmp","args":["2.dat","241.log","241.xoutput"],"id":147,"resource":"512","request_start":1576628167715,"request_end":1576628201219,"request_duration":33504,"type":"512"}
{"start":1576628189944,"end":1576628201226,"duration":11282,"downloading_duration":1055,"execution_duration":9600,"uploading_duration":627,"executable":"ellipsoids-openmp","args":["2.dat","248.log","248.xoutput"],"id":154,"resource":"512","request_start":1576628167718,"request_end":1576628201248,"request_duration":33530,"type":"512"}
{"start":1576628189789,"end":1576628201242,"duration":11453,"downloading_duration":1030,"execution_duration":9838,"uploading_duration":585,"executable":"ellipsoids-openmp","args":["2.dat","247.log","247.xoutput"],"id":153,"resource":"512","request_start":1576628167718,"request_end":1576628201262,"request_duration":33544,"type":"512"}
{"start":1576628189596,"end":1576628201304,"duration":11708,"downloading_duration":1051,"execution_duration":9944,"uploading_duration":713,"executable":"ellipsoids-openmp","args":["2.dat","230.log","230.xoutput"],"id":136,"resource":"512","request_start":1576628167709,"request_end":1576628201324,"request_duration":33615,"type":"512"}
{"start":1576628194587,"end":1576628203749,"duration":9162,"downloading_duration":1005,"execution_duration":7481,"uploading_duration":676,"executable":"ellipsoids-openmp","args":["3.dat","30.log","30.xoutput"],"id":156,"resource":"512","request_start":1576628167934,"request_end":1576628203767,"request_duration":35833,"type":"512"}
{"start":1576628194679,"end":1576628204087,"duration":9408,"downloading_duration":1122,"execution_duration":7642,"uploading_duration":644,"executable":"ellipsoids-openmp","args":["3.dat","31.log","31.xoutput"],"id":157,"resource":"512","request_start":1576628167936,"request_end":1576628204107,"request_duration":36171,"type":"512"}
{"start":1576628194938,"end":1576628204214,"duration":9276,"downloading_duration":1001,"execution_duration":7678,"uploading_duration":597,"executable":"ellipsoids-openmp","args":["3.dat","32.log","32.xoutput"],"id":158,"resource":"512","request_start":1576628167938,"request_end":1576628204232,"request_duration":36294,"type":"512"}
{"start":1576628203798,"end":1576628205566,"duration":1768,"downloading_duration":1350,"execution_duration":5,"uploading_duration":413,"executable":"mean-pack-ell","args":["10.xoutput","11.xoutput","12.xoutput","13.xoutput","14.xoutput","15.xoutput","16.xoutput","17.xoutput","18.xoutput","19.xoutput","110.xoutput","111.xoutput","112.xoutput","113.xoutput","114.xoutput","115.xoutput","116.xoutput","117.xoutput","118.xoutput","119.xoutput","120.xoutput","121.xoutput","122.xoutput","123.xoutput","124.xoutput","125.xoutput","126.xoutput","127.xoutput","128.xoutput","129.xoutput","130.xoutput","131.xoutput","132.xoutput","133.xoutput","134.xoutput","135.xoutput","136.xoutput","137.xoutput","138.xoutput","139.xoutput","140.xoutput","141.xoutput","142.xoutput","143.xoutput","144.xoutput","145.xoutput","146.xoutput","147.xoutput","148.xoutput","149.xoutput","average_1.txt"],"id":207,"resource":"512","request_start":1576628179015,"request_end":1576628205585,"request_duration":26570,"type":"512"}
{"start":1576628204137,"end":1576628206094,"duration":1957,"downloading_duration":1464,"execution_duration":65,"uploading_duration":428,"executable":"mean-pack-ell","args":["00.xoutput","01.xoutput","02.xoutput","03.xoutput","04.xoutput","05.xoutput","06.xoutput","07.xoutput","08.xoutput","09.xoutput","010.xoutput","011.xoutput","012.xoutput","013.xoutput","014.xoutput","015.xoutput","016.xoutput","017.xoutput","018.xoutput","019.xoutput","020.xoutput","021.xoutput","022.xoutput","023.xoutput","024.xoutput","025.xoutput","026.xoutput","027.xoutput","028.xoutput","029.xoutput","030.xoutput","031.xoutput","032.xoutput","033.xoutput","034.xoutput","035.xoutput","036.xoutput","037.xoutput","038.xoutput","039.xoutput","040.xoutput","041.xoutput","042.xoutput","043.xoutput","044.xoutput","045.xoutput","046.xoutput","047.xoutput","048.xoutput","049.xoutput","average_0.txt"],"id":206,"resource":"512","request_start":1576628190078,"request_end":1576628206113,"request_duration":16035,"type":"512"}
{"start":1576628204263,"end":1576628206226,"duration":1963,"downloading_duration":1582,"execution_duration":12,"uploading_duration":369,"executable":"mean-pack-ell","args":["20.xoutput","21.xoutput","22.xoutput","23.xoutput","24.xoutput","25.xoutput","26.xoutput","27.xoutput","28.xoutput","29.xoutput","210.xoutput","211.xoutput","212.xoutput","213.xoutput","214.xoutput","215.xoutput","216.xoutput","217.xoutput","218.xoutput","219.xoutput","220.xoutput","221.xoutput","222.xoutput","223.xoutput","224.xoutput","225.xoutput","226.xoutput","227.xoutput","228.xoutput","229.xoutput","230.xoutput","231.xoutput","232.xoutput","233.xoutput","234.xoutput","235.xoutput","236.xoutput","237.xoutput","238.xoutput","239.xoutput","240.xoutput","241.xoutput","242.xoutput","243.xoutput","244.xoutput","245.xoutput","246.xoutput","247.xoutput","248.xoutput","249.xoutput","average_2.txt"],"id":208,"resource":"512","request_start":1576628201337,"request_end":1576628206287,"request_duration":4950,"type":"512"}
{"start":1576628200312,"end":1576628210232,"duration":9920,"downloading_duration":1027,"execution_duration":8282,"uploading_duration":611,"executable":"ellipsoids-openmp","args":["3.dat","34.log","34.xoutput"],"id":160,"resource":"512","request_start":1576628167941,"request_end":1576628210252,"request_duration":42311,"type":"512"}
{"start":1576628200430,"end":1576628210321,"duration":9891,"downloading_duration":1113,"execution_duration":8180,"uploading_duration":598,"executable":"ellipsoids-openmp","args":["3.dat","36.log","36.xoutput"],"id":162,"resource":"512","request_start":1576628167943,"request_end":1576628210342,"request_duration":42399,"type":"512"}
{"start":1576628200259,"end":1576628210337,"duration":10078,"downloading_duration":1116,"execution_duration":8372,"uploading_duration":590,"executable":"ellipsoids-openmp","args":["3.dat","33.log","33.xoutput"],"id":159,"resource":"512","request_start":1576628167939,"request_end":1576628210357,"request_duration":42418,"type":"512"}
{"start":1576628200499,"end":1576628210470,"duration":9971,"downloading_duration":1042,"execution_duration":8339,"uploading_duration":590,"executable":"ellipsoids-openmp","args":["3.dat","38.log","38.xoutput"],"id":164,"resource":"512","request_start":1576628167945,"request_end":1576628210491,"request_duration":42546,"type":"512"}
{"start":1576628200543,"end":1576628210490,"duration":9947,"downloading_duration":997,"execution_duration":8380,"uploading_duration":570,"executable":"ellipsoids-openmp","args":["3.dat","39.log","39.xoutput"],"id":165,"resource":"512","request_start":1576628167946,"request_end":1576628210510,"request_duration":42564,"type":"512"}
{"start":1576628200612,"end":1576628210576,"duration":9964,"downloading_duration":1096,"execution_duration":8281,"uploading_duration":587,"executable":"ellipsoids-openmp","args":["3.dat","311.log","311.xoutput"],"id":167,"resource":"512","request_start":1576628167948,"request_end":1576628210595,"request_duration":42647,"type":"512"}
{"start":1576628200732,"end":1576628210609,"duration":9877,"downloading_duration":1015,"execution_duration":8264,"uploading_duration":598,"executable":"ellipsoids-openmp","args":["3.dat","315.log","315.xoutput"],"id":171,"resource":"512","request_start":1576628167951,"request_end":1576628210626,"request_duration":42675,"type":"512"}
{"start":1576628200393,"end":1576628210680,"duration":10287,"downloading_duration":1101,"execution_duration":8579,"uploading_duration":607,"executable":"ellipsoids-openmp","args":["3.dat","35.log","35.xoutput"],"id":161,"resource":"512","request_start":1576628167942,"request_end":1576628210703,"request_duration":42761,"type":"512"}
{"start":1576628200645,"end":1576628210687,"duration":10042,"downloading_duration":1019,"execution_duration":8243,"uploading_duration":780,"executable":"ellipsoids-openmp","args":["3.dat","312.log","312.xoutput"],"id":168,"resource":"512","request_start":1576628167949,"request_end":1576628210722,"request_duration":42773,"type":"512"}
{"start":1576628200854,"end":1576628210689,"duration":9835,"downloading_duration":1010,"execution_duration":8240,"uploading_duration":585,"executable":"ellipsoids-openmp","args":["3.dat","322.log","322.xoutput"],"id":178,"resource":"512","request_start":1576628167960,"request_end":1576628210725,"request_duration":42765,"type":"512"}
{"start":1576628200456,"end":1576628210716,"duration":10260,"downloading_duration":1012,"execution_duration":8603,"uploading_duration":645,"executable":"ellipsoids-openmp","args":["3.dat","37.log","37.xoutput"],"id":163,"resource":"512","request_start":1576628167944,"request_end":1576628210739,"request_duration":42795,"type":"512"}
{"start":1576628200798,"end":1576628210769,"duration":9971,"downloading_duration":1008,"execution_duration":8320,"uploading_duration":643,"executable":"ellipsoids-openmp","args":["3.dat","317.log","317.xoutput"],"id":173,"resource":"512","request_start":1576628167956,"request_end":1576628210787,"request_duration":42831,"type":"512"}
{"start":1576628200741,"end":1576628210798,"duration":10057,"downloading_duration":1100,"execution_duration":8278,"uploading_duration":679,"executable":"ellipsoids-openmp","args":["3.dat","316.log","316.xoutput"],"id":172,"resource":"512","request_start":1576628167956,"request_end":1576628210820,"request_duration":42864,"type":"512"}
{"start":1576628200884,"end":1576628210817,"duration":9933,"downloading_duration":1029,"execution_duration":8320,"uploading_duration":584,"executable":"ellipsoids-openmp","args":["3.dat","327.log","327.xoutput"],"id":183,"resource":"512","request_start":1576628167963,"request_end":1576628210846,"request_duration":42883,"type":"512"}
{"start":1576628200890,"end":1576628210829,"duration":9939,"downloading_duration":1006,"execution_duration":8360,"uploading_duration":573,"executable":"ellipsoids-openmp","args":["3.dat","328.log","328.xoutput"],"id":184,"resource":"512","request_start":1576628167963,"request_end":1576628210926,"request_duration":42963,"type":"512"}
{"start":1576628200860,"end":1576628210843,"duration":9983,"downloading_duration":1026,"execution_duration":8303,"uploading_duration":654,"executable":"ellipsoids-openmp","args":["3.dat","323.log","323.xoutput"],"id":179,"resource":"512","request_start":1576628167960,"request_end":1576628210928,"request_duration":42968,"type":"512"}
{"start":1576628200828,"end":1576628210854,"duration":10026,"downloading_duration":1007,"execution_duration":8400,"uploading_duration":619,"executable":"ellipsoids-openmp","args":["3.dat","318.log","318.xoutput"],"id":174,"resource":"512","request_start":1576628167957,"request_end":1576628210931,"request_duration":42974,"type":"512"}
{"start":1576628200838,"end":1576628210877,"duration":10039,"downloading_duration":1018,"execution_duration":8440,"uploading_duration":581,"executable":"ellipsoids-openmp","args":["3.dat","319.log","319.xoutput"],"id":175,"resource":"512","request_start":1576628167958,"request_end":1576628210938,"request_duration":42980,"type":"512"}
{"start":1576628200878,"end":1576628210900,"duration":10022,"downloading_duration":1022,"execution_duration":8439,"uploading_duration":561,"executable":"ellipsoids-openmp","args":["3.dat","326.log","326.xoutput"],"id":182,"resource":"512","request_start":1576628167962,"request_end":1576628210940,"request_duration":42978,"type":"512"}
{"start":1576628200651,"end":1576628210906,"duration":10255,"downloading_duration":994,"execution_duration":8666,"uploading_duration":595,"executable":"ellipsoids-openmp","args":["3.dat","313.log","313.xoutput"],"id":169,"resource":"512","request_start":1576628167950,"request_end":1576628210942,"request_duration":42992,"type":"512"}
{"start":1576628200855,"end":1576628210921,"duration":10066,"downloading_duration":1080,"execution_duration":8349,"uploading_duration":637,"executable":"ellipsoids-openmp","args":["3.dat","321.log","321.xoutput"],"id":177,"resource":"512","request_start":1576628167959,"request_end":1576628210956,"request_duration":42997,"type":"512"}
{"start":1576628200866,"end":1576628210925,"duration":10059,"downloading_duration":1002,"execution_duration":8439,"uploading_duration":618,"executable":"ellipsoids-openmp","args":["3.dat","324.log","324.xoutput"],"id":180,"resource":"512","request_start":1576628167961,"request_end":1576628210959,"request_duration":42998,"type":"512"}
{"start":1576628200921,"end":1576628210962,"duration":10041,"downloading_duration":1034,"execution_duration":8422,"uploading_duration":585,"executable":"ellipsoids-openmp","args":["3.dat","330.log","330.xoutput"],"id":186,"resource":"512","request_start":1576628167965,"request_end":1576628210981,"request_duration":43016,"type":"512"}
{"start":1576628200953,"end":1576628210972,"duration":10019,"downloading_duration":1034,"execution_duration":8380,"uploading_duration":605,"executable":"ellipsoids-openmp","args":["3.dat","332.log","332.xoutput"],"id":188,"resource":"512","request_start":1576628167966,"request_end":1576628211002,"request_duration":43036,"type":"512"}
{"start":1576628200589,"end":1576628210985,"duration":10396,"downloading_duration":1018,"execution_duration":8760,"uploading_duration":618,"executable":"ellipsoids-openmp","args":["3.dat","310.log","310.xoutput"],"id":166,"resource":"512","request_start":1576628167947,"request_end":1576628211005,"request_duration":43058,"type":"512"}
{"start":1576628200847,"end":1576628210990,"duration":10143,"downloading_duration":1014,"execution_duration":8517,"uploading_duration":612,"executable":"ellipsoids-openmp","args":["3.dat","320.log","320.xoutput"],"id":176,"resource":"512","request_start":1576628167958,"request_end":1576628211014,"request_duration":43056,"type":"512"}
{"start":1576628200916,"end":1576628211037,"duration":10121,"downloading_duration":1050,"execution_duration":8450,"uploading_duration":621,"executable":"ellipsoids-openmp","args":["3.dat","329.log","329.xoutput"],"id":185,"resource":"512","request_start":1576628167964,"request_end":1576628211060,"request_duration":43096,"type":"512"}
{"start":1576628200666,"end":1576628211076,"duration":10410,"downloading_duration":1097,"execution_duration":8700,"uploading_duration":613,"executable":"ellipsoids-openmp","args":["3.dat","314.log","314.xoutput"],"id":170,"resource":"512","request_start":1576628167951,"request_end":1576628211094,"request_duration":43143,"type":"512"}
{"start":1576628200933,"end":1576628211112,"duration":10179,"downloading_duration":989,"execution_duration":8261,"uploading_duration":929,"executable":"ellipsoids-openmp","args":["3.dat","331.log","331.xoutput"],"id":187,"resource":"512","request_start":1576628167965,"request_end":1576628211132,"request_duration":43167,"type":"512"}
{"start":1576628200991,"end":1576628211173,"duration":10182,"downloading_duration":1021,"execution_duration":8579,"uploading_duration":582,"executable":"ellipsoids-openmp","args":["3.dat","333.log","333.xoutput"],"id":189,"resource":"512","request_start":1576628167966,"request_end":1576628211192,"request_duration":43226,"type":"512"}
{"start":1576628201286,"end":1576628211190,"duration":9904,"downloading_duration":1013,"execution_duration":8279,"uploading_duration":612,"executable":"ellipsoids-openmp","args":["3.dat","348.log","348.xoutput"],"id":204,"resource":"512","request_start":1576628168012,"request_end":1576628211211,"request_duration":43199,"type":"512"}
{"start":1576628200870,"end":1576628211294,"duration":10424,"downloading_duration":1083,"execution_duration":8756,"uploading_duration":585,"executable":"ellipsoids-openmp","args":["3.dat","325.log","325.xoutput"],"id":181,"resource":"512","request_start":1576628167962,"request_end":1576628211311,"request_duration":43349,"type":"512"}
{"start":1576628201147,"end":1576628211517,"duration":10370,"downloading_duration":1098,"execution_duration":8665,"uploading_duration":607,"executable":"ellipsoids-openmp","args":["3.dat","335.log","335.xoutput"],"id":191,"resource":"512","request_start":1576628167968,"request_end":1576628211536,"request_duration":43568,"type":"512"}
{"start":1576628201144,"end":1576628211541,"duration":10397,"downloading_duration":993,"execution_duration":8805,"uploading_duration":599,"executable":"ellipsoids-openmp","args":["3.dat","334.log","334.xoutput"],"id":190,"resource":"512","request_start":1576628167967,"request_end":1576628211562,"request_duration":43595,"type":"512"}
{"start":1576628201352,"end":1576628211622,"duration":10270,"downloading_duration":997,"execution_duration":8678,"uploading_duration":595,"executable":"ellipsoids-openmp","args":["3.dat","349.log","349.xoutput"],"id":205,"resource":"512","request_start":1576628168014,"request_end":1576628211641,"request_duration":43627,"type":"512"}
{"start":1576628201150,"end":1576628211628,"duration":10478,"downloading_duration":1004,"execution_duration":8861,"uploading_duration":613,"executable":"ellipsoids-openmp","args":["3.dat","336.log","336.xoutput"],"id":192,"resource":"512","request_start":1576628167969,"request_end":1576628211647,"request_duration":43678,"type":"512"}
{"start":1576628201152,"end":1576628211635,"duration":10483,"downloading_duration":1006,"execution_duration":8901,"uploading_duration":576,"executable":"ellipsoids-openmp","args":["3.dat","339.log","339.xoutput"],"id":195,"resource":"512","request_start":1576628168007,"request_end":1576628211654,"request_duration":43647,"type":"512"}
{"start":1576628201150,"end":1576628211703,"duration":10553,"downloading_duration":1091,"execution_duration":8862,"uploading_duration":600,"executable":"ellipsoids-openmp","args":["3.dat","337.log","337.xoutput"],"id":193,"resource":"512","request_start":1576628167969,"request_end":1576628211729,"request_duration":43760,"type":"512"}
{"start":1576628201149,"end":1576628211719,"duration":10570,"downloading_duration":1037,"execution_duration":8882,"uploading_duration":651,"executable":"ellipsoids-openmp","args":["3.dat","338.log","338.xoutput"],"id":194,"resource":"512","request_start":1576628168006,"request_end":1576628211738,"request_duration":43732,"type":"512"}
{"start":1576628201157,"end":1576628211740,"duration":10583,"downloading_duration":1180,"execution_duration":8815,"uploading_duration":588,"executable":"ellipsoids-openmp","args":["3.dat","340.log","340.xoutput"],"id":196,"resource":"512","request_start":1576628168007,"request_end":1576628211762,"request_duration":43755,"type":"512"}
{"start":1576628201256,"end":1576628211764,"duration":10508,"downloading_duration":1021,"execution_duration":8802,"uploading_duration":685,"executable":"ellipsoids-openmp","args":["3.dat","346.log","346.xoutput"],"id":202,"resource":"512","request_start":1576628168011,"request_end":1576628211785,"request_duration":43774,"type":"512"}
{"start":1576628201213,"end":1576628211769,"duration":10556,"downloading_duration":1119,"execution_duration":8740,"uploading_duration":697,"executable":"ellipsoids-openmp","args":["3.dat","344.log","344.xoutput"],"id":200,"resource":"512","request_start":1576628168009,"request_end":1576628211792,"request_duration":43783,"type":"512"}
{"start":1576628201165,"end":1576628211797,"duration":10632,"downloading_duration":1120,"execution_duration":8940,"uploading_duration":572,"executable":"ellipsoids-openmp","args":["3.dat","342.log","342.xoutput"],"id":198,"resource":"512","request_start":1576628168008,"request_end":1576628211818,"request_duration":43810,"type":"512"}
{"start":1576628201182,"end":1576628211855,"duration":10673,"downloading_duration":1141,"execution_duration":8917,"uploading_duration":615,"executable":"ellipsoids-openmp","args":["3.dat","343.log","343.xoutput"],"id":199,"resource":"512","request_start":1576628168009,"request_end":1576628211874,"request_duration":43865,"type":"512"}
{"start":1576628201274,"end":1576628211941,"duration":10667,"downloading_duration":1081,"execution_duration":8984,"uploading_duration":602,"executable":"ellipsoids-openmp","args":["3.dat","347.log","347.xoutput"],"id":203,"resource":"512","request_start":1576628168012,"request_end":1576628211962,"request_duration":43950,"type":"512"}
{"start":1576628201231,"end":1576628211999,"duration":10768,"downloading_duration":1006,"execution_duration":9159,"uploading_duration":603,"executable":"ellipsoids-openmp","args":["3.dat","345.log","345.xoutput"],"id":201,"resource":"512","request_start":1576628168010,"request_end":1576628212017,"request_duration":44007,"type":"512"}
{"start":1576628201155,"end":1576628212728,"duration":11573,"downloading_duration":2232,"execution_duration":8715,"uploading_duration":626,"executable":"ellipsoids-openmp","args":["3.dat","341.log","341.xoutput"],"id":197,"resource":"512","request_start":1576628168008,"request_end":1576628212752,"request_duration":44744,"type":"512"}
{"start":1576628212983,"end":1576628215157,"duration":2174,"downloading_duration":1776,"execution_duration":20,"uploading_duration":378,"executable":"mean-pack-ell","args":["30.xoutput","31.xoutput","32.xoutput","33.xoutput","34.xoutput","35.xoutput","36.xoutput","37.xoutput","38.xoutput","39.xoutput","310.xoutput","311.xoutput","312.xoutput","313.xoutput","314.xoutput","315.xoutput","316.xoutput","317.xoutput","318.xoutput","319.xoutput","320.xoutput","321.xoutput","322.xoutput","323.xoutput","324.xoutput","325.xoutput","326.xoutput","327.xoutput","328.xoutput","329.xoutput","330.xoutput","331.xoutput","332.xoutput","333.xoutput","334.xoutput","335.xoutput","336.xoutput","337.xoutput","338.xoutput","339.xoutput","340.xoutput","341.xoutput","342.xoutput","343.xoutput","344.xoutput","345.xoutput","346.xoutput","347.xoutput","348.xoutput","349.xoutput","average_3.txt"],"id":209,"resource":"512","request_start":1576628212766,"request_end":1576628215179,"request_duration":2413,"type":"512"}
{"start":1576628215337,"end":1576628216493,"duration":1156,"downloading_duration":519,"execution_duration":244,"uploading_duration":393,"executable":"summary.js","args":[],"id":210,"resource":"512","request_start":1576628215187,"request_end":1576628216513,"request_duration":1326,"type":"512"}
