{"start":1576628060858,"end":1576628061858,"duration":1000,"downloading_duration":366,"execution_duration":221,"uploading_duration":413,"executable":"generateData.js","args":[],"id":1,"resource":"512","request_start":1576628060701,"request_end":1576628061888,"request_duration":1187,"type":"512"}
{"start":1576628062024,"end":1576628063031,"duration":1007,"downloading_duration":383,"execution_duration":229,"uploading_duration":395,"executable":"createDat.js","args":["1.dat"],"id":3,"resource":"512","request_start":1576628061908,"request_end":1576628063050,"request_duration":1142,"type":"512"}
{"start":1576628062011,"end":1576628063093,"duration":1082,"downloading_duration":385,"execution_duration":209,"uploading_duration":488,"executable":"createDat.js","args":["0.dat"],"id":2,"resource":"512","request_start":1576628061903,"request_end":1576628063192,"request_duration":1289,"type":"512"}
{"start":1576628062018,"end":1576628063098,"duration":1080,"downloading_duration":396,"execution_duration":227,"uploading_duration":457,"executable":"createDat.js","args":["2.dat"],"id":4,"resource":"512","request_start":1576628061912,"request_end":1576628063192,"request_duration":1280,"type":"512"}
{"start":1576628062024,"end":1576628063120,"duration":1096,"downloading_duration":383,"execution_duration":235,"uploading_duration":478,"executable":"createDat.js","args":["3.dat"],"id":5,"resource":"512","request_start":1576628061915,"request_end":1576628063193,"request_duration":1278,"type":"512"}
{"start":1576628063912,"end":1576628072616,"duration":8704,"downloading_duration":1064,"execution_duration":7016,"uploading_duration":624,"executable":"ellipsoids-openmp","args":["1.dat","130.log","130.xoutput"],"id":86,"resource":"512","request_start":1576628063138,"request_end":1576628072643,"request_duration":9505,"type":"512"}
{"start":1576628063911,"end":1576628072805,"duration":8894,"downloading_duration":1045,"execution_duration":7240,"uploading_duration":609,"executable":"ellipsoids-openmp","args":["1.dat","132.log","132.xoutput"],"id":88,"resource":"512","request_start":1576628063140,"request_end":1576628072827,"request_duration":9687,"type":"512"}
{"start":1576628063911,"end":1576628072838,"duration":8927,"downloading_duration":1088,"execution_duration":7241,"uploading_duration":598,"executable":"ellipsoids-openmp","args":["1.dat","131.log","131.xoutput"],"id":87,"resource":"512","request_start":1576628063139,"request_end":1576628072858,"request_duration":9719,"type":"512"}
{"start":1576628063514,"end":1576628073480,"duration":9966,"downloading_duration":1009,"execution_duration":8381,"uploading_duration":576,"executable":"ellipsoids-openmp","args":["1.dat","118.log","118.xoutput"],"id":74,"resource":"512","request_start":1576628063125,"request_end":1576628073504,"request_duration":10379,"type":"512"}
{"start":1576628063512,"end":1576628073505,"duration":9993,"downloading_duration":1056,"execution_duration":8281,"uploading_duration":656,"executable":"ellipsoids-openmp","args":["1.dat","121.log","121.xoutput"],"id":77,"resource":"512","request_start":1576628063128,"request_end":1576628073525,"request_duration":10397,"type":"512"}
{"start":1576628063490,"end":1576628073523,"duration":10033,"downloading_duration":1008,"execution_duration":8439,"uploading_duration":586,"executable":"ellipsoids-openmp","args":["1.dat","110.log","110.xoutput"],"id":66,"resource":"512","request_start":1576628063118,"request_end":1576628073542,"request_duration":10424,"type":"512"}
{"start":1576628063487,"end":1576628073536,"duration":10049,"downloading_duration":1151,"execution_duration":8341,"uploading_duration":557,"executable":"ellipsoids-openmp","args":["1.dat","18.log","18.xoutput"],"id":64,"resource":"512","request_start":1576628063116,"request_end":1576628073556,"request_duration":10440,"type":"512"}
{"start":1576628063488,"end":1576628073570,"duration":10082,"downloading_duration":1028,"execution_duration":8401,"uploading_duration":653,"executable":"ellipsoids-openmp","args":["1.dat","14.log","14.xoutput"],"id":60,"resource":"512","request_start":1576628063109,"request_end":1576628073590,"request_duration":10481,"type":"512"}
{"start":1576628063497,"end":1576628073573,"duration":10076,"downloading_duration":1001,"execution_duration":8463,"uploading_duration":612,"executable":"ellipsoids-openmp","args":["1.dat","111.log","111.xoutput"],"id":67,"resource":"512","request_start":1576628063119,"request_end":1576628073593,"request_duration":10474,"type":"512"}
{"start":1576628063493,"end":1576628073616,"duration":10123,"downloading_duration":1030,"execution_duration":8499,"uploading_duration":594,"executable":"ellipsoids-openmp","args":["1.dat","114.log","114.xoutput"],"id":70,"resource":"512","request_start":1576628063122,"request_end":1576628073634,"request_duration":10512,"type":"512"}
{"start":1576628063897,"end":1576628073621,"duration":9724,"downloading_duration":1032,"execution_duration":8120,"uploading_duration":572,"executable":"ellipsoids-openmp","args":["1.dat","136.log","136.xoutput"],"id":92,"resource":"512","request_start":1576628063143,"request_end":1576628073643,"request_duration":10500,"type":"512"}
{"start":1576628063538,"end":1576628073627,"duration":10089,"downloading_duration":1090,"execution_duration":8419,"uploading_duration":580,"executable":"ellipsoids-openmp","args":["1.dat","139.log","139.xoutput"],"id":95,"resource":"512","request_start":1576628063146,"request_end":1576628073652,"request_duration":10506,"type":"512"}
{"start":1576628063497,"end":1576628073636,"duration":10139,"downloading_duration":1055,"execution_duration":8442,"uploading_duration":642,"executable":"ellipsoids-openmp","args":["1.dat","112.log","112.xoutput"],"id":68,"resource":"512","request_start":1576628063120,"request_end":1576628073657,"request_duration":10537,"type":"512"}
{"start":1576628063477,"end":1576628073648,"duration":10171,"downloading_duration":1044,"execution_duration":8501,"uploading_duration":626,"executable":"ellipsoids-openmp","args":["1.dat","10.log","10.xoutput"],"id":56,"resource":"512","request_start":1576628063104,"request_end":1576628073675,"request_duration":10571,"type":"512"}
{"start":1576628063488,"end":1576628073650,"duration":10162,"downloading_duration":1113,"execution_duration":8415,"uploading_duration":634,"executable":"ellipsoids-openmp","args":["1.dat","148.log","148.xoutput"],"id":104,"resource":"512","request_start":1576628063102,"request_end":1576628073678,"request_duration":10576,"type":"512"}
{"start":1576628063509,"end":1576628073660,"duration":10151,"downloading_duration":1108,"execution_duration":8363,"uploading_duration":680,"executable":"ellipsoids-openmp","args":["1.dat","116.log","116.xoutput"],"id":72,"resource":"512","request_start":1576628063124,"request_end":1576628073684,"request_duration":10560,"type":"512"}
{"start":1576628063483,"end":1576628073667,"duration":10184,"downloading_duration":1051,"execution_duration":8481,"uploading_duration":652,"executable":"ellipsoids-openmp","args":["1.dat","147.log","147.xoutput"],"id":103,"resource":"512","request_start":1576628063100,"request_end":1576628073690,"request_duration":10590,"type":"512"}
{"start":1576628063511,"end":1576628073689,"duration":10178,"downloading_duration":1042,"execution_duration":8524,"uploading_duration":612,"executable":"ellipsoids-openmp","args":["1.dat","123.log","123.xoutput"],"id":79,"resource":"512","request_start":1576628063130,"request_end":1576628073708,"request_duration":10578,"type":"512"}
{"start":1576628063487,"end":1576628073701,"duration":10214,"downloading_duration":1083,"execution_duration":8520,"uploading_duration":611,"executable":"ellipsoids-openmp","args":["1.dat","15.log","15.xoutput"],"id":61,"resource":"512","request_start":1576628063110,"request_end":1576628073721,"request_duration":10611,"type":"512"}
{"start":1576628063514,"end":1576628073703,"duration":10189,"downloading_duration":1068,"execution_duration":8538,"uploading_duration":583,"executable":"ellipsoids-openmp","args":["1.dat","128.log","128.xoutput"],"id":84,"resource":"512","request_start":1576628063135,"request_end":1576628073722,"request_duration":10587,"type":"512"}
{"start":1576628063510,"end":1576628073710,"duration":10200,"downloading_duration":1088,"execution_duration":8479,"uploading_duration":633,"executable":"ellipsoids-openmp","args":["1.dat","120.log","120.xoutput"],"id":76,"resource":"512","request_start":1576628063127,"request_end":1576628073729,"request_duration":10602,"type":"512"}
{"start":1576628063480,"end":1576628073721,"duration":10241,"downloading_duration":1046,"execution_duration":8600,"uploading_duration":595,"executable":"ellipsoids-openmp","args":["1.dat","149.log","149.xoutput"],"id":105,"resource":"512","request_start":1576628063103,"request_end":1576628073741,"request_duration":10638,"type":"512"}
{"start":1576628063507,"end":1576628073760,"duration":10253,"downloading_duration":1010,"execution_duration":8578,"uploading_duration":665,"executable":"ellipsoids-openmp","args":["1.dat","125.log","125.xoutput"],"id":81,"resource":"512","request_start":1576628063132,"request_end":1576628073780,"request_duration":10648,"type":"512"}
{"start":1576628063486,"end":1576628073765,"duration":10279,"downloading_duration":1031,"execution_duration":8644,"uploading_duration":604,"executable":"ellipsoids-openmp","args":["1.dat","13.log","13.xoutput"],"id":59,"resource":"512","request_start":1576628063108,"request_end":1576628073784,"request_duration":10676,"type":"512"}
{"start":1576628063483,"end":1576628073776,"duration":10293,"downloading_duration":1038,"execution_duration":8583,"uploading_duration":672,"executable":"ellipsoids-openmp","args":["1.dat","146.log","146.xoutput"],"id":102,"resource":"512","request_start":1576628063099,"request_end":1576628073795,"request_duration":10696,"type":"512"}
{"start":1576628063531,"end":1576628073785,"duration":10254,"downloading_duration":999,"execution_duration":8597,"uploading_duration":658,"executable":"ellipsoids-openmp","args":["1.dat","140.log","140.xoutput"],"id":96,"resource":"512","request_start":1576628063147,"request_end":1576628073804,"request_duration":10657,"type":"512"}
{"start":1576628063467,"end":1576628073787,"duration":10320,"downloading_duration":1018,"execution_duration":8657,"uploading_duration":645,"executable":"ellipsoids-openmp","args":["1.dat","143.log","143.xoutput"],"id":99,"resource":"512","request_start":1576628063149,"request_end":1576628073808,"request_duration":10659,"type":"512"}
{"start":1576628063910,"end":1576628073791,"duration":9881,"downloading_duration":1072,"execution_duration":8203,"uploading_duration":606,"executable":"ellipsoids-openmp","args":["1.dat","133.log","133.xoutput"],"id":89,"resource":"512","request_start":1576628063141,"request_end":1576628073814,"request_duration":10673,"type":"512"}
{"start":1576628063499,"end":1576628073796,"duration":10297,"downloading_duration":1114,"execution_duration":8602,"uploading_duration":581,"executable":"ellipsoids-openmp","args":["1.dat","115.log","115.xoutput"],"id":71,"resource":"512","request_start":1576628063123,"request_end":1576628073819,"request_duration":10696,"type":"512"}
{"start":1576628063516,"end":1576628073807,"duration":10291,"downloading_duration":1032,"execution_duration":8678,"uploading_duration":581,"executable":"ellipsoids-openmp","args":["1.dat","127.log","127.xoutput"],"id":83,"resource":"512","request_start":1576628063134,"request_end":1576628073825,"request_duration":10691,"type":"512"}
{"start":1576628063468,"end":1576628073806,"duration":10338,"downloading_duration":1024,"execution_duration":8722,"uploading_duration":592,"executable":"ellipsoids-openmp","args":["1.dat","144.log","144.xoutput"],"id":100,"resource":"512","request_start":1576628063095,"request_end":1576628073827,"request_duration":10732,"type":"512"}
{"start":1576628063509,"end":1576628073817,"duration":10308,"downloading_duration":1026,"execution_duration":8660,"uploading_duration":622,"executable":"ellipsoids-openmp","args":["1.dat","122.log","122.xoutput"],"id":78,"resource":"512","request_start":1576628063129,"request_end":1576628073835,"request_duration":10706,"type":"512"}
{"start":1576628063483,"end":1576628073830,"duration":10347,"downloading_duration":1108,"execution_duration":8599,"uploading_duration":640,"executable":"ellipsoids-openmp","args":["1.dat","11.log","11.xoutput"],"id":57,"resource":"512","request_start":1576628063106,"request_end":1576628073850,"request_duration":10744,"type":"512"}
{"start":1576628063467,"end":1576628073850,"duration":10383,"downloading_duration":1089,"execution_duration":8703,"uploading_duration":591,"executable":"ellipsoids-openmp","args":["1.dat","142.log","142.xoutput"],"id":98,"resource":"512","request_start":1576628063148,"request_end":1576628073868,"request_duration":10720,"type":"512"}
{"start":1576628063496,"end":1576628073854,"duration":10358,"downloading_duration":1064,"execution_duration":8620,"uploading_duration":674,"executable":"ellipsoids-openmp","args":["1.dat","113.log","113.xoutput"],"id":69,"resource":"512","request_start":1576628063121,"request_end":1576628073875,"request_duration":10754,"type":"512"}
{"start":1576628063481,"end":1576628073866,"duration":10385,"downloading_duration":1054,"execution_duration":8720,"uploading_duration":611,"executable":"ellipsoids-openmp","args":["1.dat","145.log","145.xoutput"],"id":101,"resource":"512","request_start":1576628063097,"request_end":1576628073885,"request_duration":10788,"type":"512"}
{"start":1576628063521,"end":1576628073867,"duration":10346,"downloading_duration":1011,"execution_duration":8682,"uploading_duration":653,"executable":"ellipsoids-openmp","args":["1.dat","129.log","129.xoutput"],"id":85,"resource":"512","request_start":1576628063137,"request_end":1576628073889,"request_duration":10752,"type":"512"}
{"start":1576628063493,"end":1576628073871,"duration":10378,"downloading_duration":1299,"execution_duration":8478,"uploading_duration":601,"executable":"ellipsoids-openmp","args":["1.dat","17.log","17.xoutput"],"id":63,"resource":"512","request_start":1576628063115,"request_end":1576628073892,"request_duration":10777,"type":"512"}
{"start":1576628063487,"end":1576628073868,"duration":10381,"downloading_duration":1020,"execution_duration":8742,"uploading_duration":619,"executable":"ellipsoids-openmp","args":["1.dat","19.log","19.xoutput"],"id":65,"resource":"512","request_start":1576628063117,"request_end":1576628073895,"request_duration":10778,"type":"512"}
{"start":1576628063459,"end":1576628073876,"duration":10417,"downloading_duration":1030,"execution_duration":8772,"uploading_duration":615,"executable":"ellipsoids-openmp","args":["1.dat","141.log","141.xoutput"],"id":97,"resource":"512","request_start":1576628063148,"request_end":1576628073899,"request_duration":10751,"type":"512"}
{"start":1576628063898,"end":1576628073876,"duration":9978,"downloading_duration":989,"execution_duration":8400,"uploading_duration":589,"executable":"ellipsoids-openmp","args":["1.dat","138.log","138.xoutput"],"id":94,"resource":"512","request_start":1576628063145,"request_end":1576628073904,"request_duration":10759,"type":"512"}
{"start":1576628063509,"end":1576628073891,"duration":10382,"downloading_duration":1018,"execution_duration":8763,"uploading_duration":601,"executable":"ellipsoids-openmp","args":["1.dat","124.log","124.xoutput"],"id":80,"resource":"512","request_start":1576628063131,"request_end":1576628073911,"request_duration":10780,"type":"512"}
{"start":1576628063889,"end":1576628073973,"duration":10084,"downloading_duration":1028,"execution_duration":8442,"uploading_duration":614,"executable":"ellipsoids-openmp","args":["1.dat","135.log","135.xoutput"],"id":91,"resource":"512","request_start":1576628063142,"request_end":1576628073993,"request_duration":10851,"type":"512"}
{"start":1576628063507,"end":1576628074018,"duration":10511,"downloading_duration":1038,"execution_duration":8840,"uploading_duration":633,"executable":"ellipsoids-openmp","args":["1.dat","119.log","119.xoutput"],"id":75,"resource":"512","request_start":1576628063126,"request_end":1576628074037,"request_duration":10911,"type":"512"}
{"start":1576628063485,"end":1576628074071,"duration":10586,"downloading_duration":1200,"execution_duration":8782,"uploading_duration":604,"executable":"ellipsoids-openmp","args":["1.dat","16.log","16.xoutput"],"id":62,"resource":"512","request_start":1576628063111,"request_end":1576628074091,"request_duration":10980,"type":"512"}
{"start":1576628063909,"end":1576628074083,"duration":10174,"downloading_duration":1010,"execution_duration":8584,"uploading_duration":580,"executable":"ellipsoids-openmp","args":["1.dat","134.log","134.xoutput"],"id":90,"resource":"512","request_start":1576628063141,"request_end":1576628074102,"request_duration":10961,"type":"512"}
{"start":1576628063521,"end":1576628074091,"duration":10570,"downloading_duration":1095,"execution_duration":8880,"uploading_duration":595,"executable":"ellipsoids-openmp","args":["1.dat","126.log","126.xoutput"],"id":82,"resource":"512","request_start":1576628063133,"request_end":1576628074112,"request_duration":10979,"type":"512"}
{"start":1576628063504,"end":1576628074123,"duration":10619,"downloading_duration":995,"execution_duration":9002,"uploading_duration":622,"executable":"ellipsoids-openmp","args":["1.dat","117.log","117.xoutput"],"id":73,"resource":"512","request_start":1576628063125,"request_end":1576628074141,"request_duration":11016,"type":"512"}
{"start":1576628063488,"end":1576628074428,"duration":10940,"downloading_duration":1720,"execution_duration":8618,"uploading_duration":602,"executable":"ellipsoids-openmp","args":["1.dat","12.log","12.xoutput"],"id":58,"resource":"512","request_start":1576628063107,"request_end":1576628074447,"request_duration":11340,"type":"512"}
{"start":1576628063899,"end":1576628074663,"duration":10764,"downloading_duration":1146,"execution_duration":9041,"uploading_duration":577,"executable":"ellipsoids-openmp","args":["1.dat","137.log","137.xoutput"],"id":93,"resource":"512","request_start":1576628063144,"request_end":1576628074685,"request_duration":11541,"type":"512"}
{"start":1576628072675,"end":1576628081113,"duration":8438,"downloading_duration":997,"execution_duration":6860,"uploading_duration":581,"executable":"ellipsoids-openmp","args":["0.dat","04.log","04.xoutput"],"id":10,"resource":"512","request_start":1576628063230,"request_end":1576628081135,"request_duration":17905,"type":"512"}
{"start":1576628072890,"end":1576628081517,"duration":8627,"downloading_duration":1026,"execution_duration":7020,"uploading_duration":581,"executable":"ellipsoids-openmp","args":["0.dat","06.log","06.xoutput"],"id":12,"resource":"512","request_start":1576628063231,"request_end":1576628081539,"request_duration":18308,"type":"512"}
{"start":1576628072852,"end":1576628081587,"duration":8735,"downloading_duration":1008,"execution_duration":7120,"uploading_duration":607,"executable":"ellipsoids-openmp","args":["0.dat","05.log","05.xoutput"],"id":11,"resource":"512","request_start":1576628063230,"request_end":1576628081610,"request_duration":18380,"type":"512"}
{"start":1576628073941,"end":1576628084016,"duration":10075,"downloading_duration":1006,"execution_duration":8439,"uploading_duration":630,"executable":"ellipsoids-openmp","args":["0.dat","045.log","045.xoutput"],"id":51,"resource":"512","request_start":1576628063257,"request_end":1576628084037,"request_duration":20780,"type":"512"}
{"start":1576628073718,"end":1576628084131,"duration":10413,"downloading_duration":1042,"execution_duration":8781,"uploading_duration":590,"executable":"ellipsoids-openmp","args":["0.dat","020.log","020.xoutput"],"id":26,"resource":"512","request_start":1576628063241,"request_end":1576628084153,"request_duration":20912,"type":"512"}
{"start":1576628073551,"end":1576628084180,"duration":10629,"downloading_duration":1028,"execution_duration":9020,"uploading_duration":581,"executable":"ellipsoids-openmp","args":["0.dat","08.log","08.xoutput"],"id":14,"resource":"512","request_start":1576628063232,"request_end":1576628084203,"request_duration":20971,"type":"512"}
{"start":1576628073707,"end":1576628084245,"duration":10538,"downloading_duration":1005,"execution_duration":8817,"uploading_duration":716,"executable":"ellipsoids-openmp","args":["0.dat","018.log","018.xoutput"],"id":24,"resource":"512","request_start":1576628063240,"request_end":1576628084265,"request_duration":21025,"type":"512"}
{"start":1576628073571,"end":1576628084330,"duration":10759,"downloading_duration":1023,"execution_duration":9075,"uploading_duration":661,"executable":"ellipsoids-openmp","args":["0.dat","09.log","09.xoutput"],"id":15,"resource":"512","request_start":1576628063232,"request_end":1576628084351,"request_duration":21119,"type":"512"}
{"start":1576628073622,"end":1576628084354,"duration":10732,"downloading_duration":1018,"execution_duration":9080,"uploading_duration":634,"executable":"ellipsoids-openmp","args":["0.dat","011.log","011.xoutput"],"id":17,"resource":"512","request_start":1576628063236,"request_end":1576628084378,"request_duration":21142,"type":"512"}
{"start":1576628073808,"end":1576628084395,"duration":10587,"downloading_duration":1005,"execution_duration":8941,"uploading_duration":641,"executable":"ellipsoids-openmp","args":["0.dat","026.log","026.xoutput"],"id":32,"resource":"512","request_start":1576628063244,"request_end":1576628084416,"request_duration":21172,"type":"512"}
{"start":1576628073863,"end":1576628084397,"duration":10534,"downloading_duration":1045,"execution_duration":8912,"uploading_duration":577,"executable":"ellipsoids-openmp","args":["0.dat","034.log","034.xoutput"],"id":40,"resource":"512","request_start":1576628063249,"request_end":1576628084418,"request_duration":21169,"type":"512"}
{"start":1576628073749,"end":1576628084400,"duration":10651,"downloading_duration":1062,"execution_duration":9002,"uploading_duration":587,"executable":"ellipsoids-openmp","args":["0.dat","022.log","022.xoutput"],"id":28,"resource":"512","request_start":1576628063242,"request_end":1576628084421,"request_duration":21179,"type":"512"}
{"start":1576628073534,"end":1576628084405,"duration":10871,"downloading_duration":1001,"execution_duration":9300,"uploading_duration":570,"executable":"ellipsoids-openmp","args":["0.dat","07.log","07.xoutput"],"id":13,"resource":"512","request_start":1576628063231,"request_end":1576628084432,"request_duration":21201,"type":"512"}
{"start":1576628073678,"end":1576628084438,"duration":10760,"downloading_duration":1020,"execution_duration":9161,"uploading_duration":579,"executable":"ellipsoids-openmp","args":["0.dat","015.log","015.xoutput"],"id":21,"resource":"512","request_start":1576628063238,"request_end":1576628084458,"request_duration":21220,"type":"512"}
{"start":1576628073732,"end":1576628084445,"duration":10713,"downloading_duration":996,"execution_duration":9122,"uploading_duration":595,"executable":"ellipsoids-openmp","args":["0.dat","021.log","021.xoutput"],"id":27,"resource":"512","request_start":1576628063241,"request_end":1576628084466,"request_duration":21225,"type":"512"}
{"start":1576628073629,"end":1576628084474,"duration":10845,"downloading_duration":1022,"execution_duration":9197,"uploading_duration":626,"executable":"ellipsoids-openmp","args":["0.dat","012.log","012.xoutput"],"id":18,"resource":"512","request_start":1576628063237,"request_end":1576628084492,"request_duration":21255,"type":"512"}
{"start":1576628073920,"end":1576628084506,"duration":10586,"downloading_duration":1012,"execution_duration":8979,"uploading_duration":595,"executable":"ellipsoids-openmp","args":["0.dat","040.log","040.xoutput"],"id":46,"resource":"512","request_start":1576628063253,"request_end":1576628084525,"request_duration":21272,"type":"512"}
{"start":1576628073660,"end":1576628084543,"duration":10883,"downloading_duration":1082,"execution_duration":9196,"uploading_duration":605,"executable":"ellipsoids-openmp","args":["0.dat","013.log","013.xoutput"],"id":19,"resource":"512","request_start":1576628063237,"request_end":1576628084562,"request_duration":21325,"type":"512"}
{"start":1576628073895,"end":1576628084635,"duration":10740,"downloading_duration":1024,"execution_duration":9127,"uploading_duration":589,"executable":"ellipsoids-openmp","args":["0.dat","037.log","037.xoutput"],"id":43,"resource":"512","request_start":1576628063251,"request_end":1576628084655,"request_duration":21404,"type":"512"}
{"start":1576628073704,"end":1576628084642,"duration":10938,"downloading_duration":1048,"execution_duration":9241,"uploading_duration":649,"executable":"ellipsoids-openmp","args":["0.dat","017.log","017.xoutput"],"id":23,"resource":"512","request_start":1576628063239,"request_end":1576628084661,"request_duration":21422,"type":"512"}
{"start":1576628073599,"end":1576628084643,"duration":11044,"downloading_duration":1159,"execution_duration":9303,"uploading_duration":582,"executable":"ellipsoids-openmp","args":["0.dat","010.log","010.xoutput"],"id":16,"resource":"512","request_start":1576628063233,"request_end":1576628084663,"request_duration":21430,"type":"512"}
{"start":1576628073919,"end":1576628084644,"duration":10725,"downloading_duration":1070,"execution_duration":9083,"uploading_duration":572,"executable":"ellipsoids-openmp","args":["0.dat","041.log","041.xoutput"],"id":47,"resource":"512","request_start":1576628063254,"request_end":1576628084666,"request_duration":21412,"type":"512"}
{"start":1576628073718,"end":1576628084653,"duration":10935,"downloading_duration":1058,"execution_duration":9262,"uploading_duration":615,"executable":"ellipsoids-openmp","args":["0.dat","019.log","019.xoutput"],"id":25,"resource":"512","request_start":1576628063240,"request_end":1576628084672,"request_duration":21432,"type":"512"}
{"start":1576628074022,"end":1576628084669,"duration":10647,"downloading_duration":1096,"execution_duration":8961,"uploading_duration":590,"executable":"ellipsoids-openmp","args":["0.dat","046.log","046.xoutput"],"id":52,"resource":"512","request_start":1576628063257,"request_end":1576628084689,"request_duration":21432,"type":"512"}
{"start":1576628074122,"end":1576628084676,"duration":10554,"downloading_duration":1057,"execution_duration":8901,"uploading_duration":596,"executable":"ellipsoids-openmp","args":["0.dat","048.log","048.xoutput"],"id":54,"resource":"512","request_start":1576628063258,"request_end":1576628084697,"request_duration":21439,"type":"512"}
{"start":1576628073686,"end":1576628084687,"duration":11001,"downloading_duration":1035,"execution_duration":9381,"uploading_duration":585,"executable":"ellipsoids-openmp","args":["0.dat","016.log","016.xoutput"],"id":22,"resource":"512","request_start":1576628063239,"request_end":1576628084707,"request_duration":21468,"type":"512"}
{"start":1576628074476,"end":1576628084703,"duration":10227,"downloading_duration":1014,"execution_duration":8617,"uploading_duration":596,"executable":"ellipsoids-openmp","args":["0.dat","02.log","02.xoutput"],"id":8,"resource":"512","request_start":1576628063260,"request_end":1576628084727,"request_duration":21467,"type":"512"}
{"start":1576628073766,"end":1576628084708,"duration":10942,"downloading_duration":1007,"execution_duration":9341,"uploading_duration":594,"executable":"ellipsoids-openmp","args":["0.dat","025.log","025.xoutput"],"id":31,"resource":"512","request_start":1576628063244,"request_end":1576628084731,"request_duration":21487,"type":"512"}
{"start":1576628073929,"end":1576628084717,"duration":10788,"downloading_duration":1032,"execution_duration":9082,"uploading_duration":674,"executable":"ellipsoids-openmp","args":["0.dat","043.log","043.xoutput"],"id":49,"resource":"512","request_start":1576628063256,"request_end":1576628084742,"request_duration":21486,"type":"512"}
{"start":1576628073851,"end":1576628084726,"duration":10875,"downloading_duration":1035,"execution_duration":9200,"uploading_duration":640,"executable":"ellipsoids-openmp","args":["0.dat","033.log","033.xoutput"],"id":39,"resource":"512","request_start":1576628063248,"request_end":1576628084745,"request_duration":21497,"type":"512"}
{"start":1576628073870,"end":1576628084737,"duration":10867,"downloading_duration":1087,"execution_duration":9020,"uploading_duration":760,"executable":"ellipsoids-openmp","args":["0.dat","035.log","035.xoutput"],"id":41,"resource":"512","request_start":1576628063250,"request_end":1576628084755,"request_duration":21505,"type":"512"}
{"start":1576628073830,"end":1576628084756,"duration":10926,"downloading_duration":1145,"execution_duration":9201,"uploading_duration":580,"executable":"ellipsoids-openmp","args":["0.dat","029.log","029.xoutput"],"id":35,"resource":"512","request_start":1576628063246,"request_end":1576628084775,"request_duration":21529,"type":"512"}
{"start":1576628073673,"end":1576628084761,"duration":11088,"downloading_duration":1081,"execution_duration":9401,"uploading_duration":606,"executable":"ellipsoids-openmp","args":["0.dat","014.log","014.xoutput"],"id":20,"resource":"512","request_start":1576628063238,"request_end":1576628084781,"request_duration":21543,"type":"512"}
{"start":1576628074129,"end":1576628084779,"duration":10650,"downloading_duration":1092,"execution_duration":8980,"uploading_duration":578,"executable":"ellipsoids-openmp","args":["0.dat","049.log","049.xoutput"],"id":55,"resource":"512","request_start":1576628063259,"request_end":1576628084798,"request_duration":21539,"type":"512"}
{"start":1576628073844,"end":1576628084789,"duration":10945,"downloading_duration":1057,"execution_duration":9284,"uploading_duration":604,"executable":"ellipsoids-openmp","args":["0.dat","031.log","031.xoutput"],"id":37,"resource":"512","request_start":1576628063247,"request_end":1576628084812,"request_duration":21565,"type":"512"}
{"start":1576628073764,"end":1576628084821,"duration":11057,"downloading_duration":1084,"execution_duration":9341,"uploading_duration":632,"executable":"ellipsoids-openmp","args":["0.dat","023.log","023.xoutput"],"id":29,"resource":"512","request_start":1576628063243,"request_end":1576628084842,"request_duration":21599,"type":"512"}
{"start":1576628073930,"end":1576628084827,"duration":10897,"downloading_duration":1068,"execution_duration":9100,"uploading_duration":729,"executable":"ellipsoids-openmp","args":["0.dat","044.log","044.xoutput"],"id":50,"resource":"512","request_start":1576628063256,"request_end":1576628084852,"request_duration":21596,"type":"512"}
{"start":1576628073891,"end":1576628084873,"duration":10982,"downloading_duration":1015,"execution_duration":9342,"uploading_duration":625,"executable":"ellipsoids-openmp","args":["0.dat","036.log","036.xoutput"],"id":42,"resource":"512","request_start":1576628063251,"request_end":1576628085032,"request_duration":21781,"type":"512"}
{"start":1576628073914,"end":1576628084881,"duration":10967,"downloading_duration":1013,"execution_duration":9340,"uploading_duration":614,"executable":"ellipsoids-openmp","args":["0.dat","038.log","038.xoutput"],"id":44,"resource":"512","request_start":1576628063252,"request_end":1576628085038,"request_duration":21786,"type":"512"}
{"start":1576628073823,"end":1576628084889,"duration":11066,"downloading_duration":1104,"execution_duration":9239,"uploading_duration":723,"executable":"ellipsoids-openmp","args":["0.dat","028.log","028.xoutput"],"id":34,"resource":"512","request_start":1576628063245,"request_end":1576628085040,"request_duration":21795,"type":"512"}
{"start":1576628073914,"end":1576628084892,"duration":10978,"downloading_duration":1045,"execution_duration":9301,"uploading_duration":632,"executable":"ellipsoids-openmp","args":["0.dat","039.log","039.xoutput"],"id":45,"resource":"512","request_start":1576628063253,"request_end":1576628085041,"request_duration":21788,"type":"512"}
{"start":1576628073840,"end":1576628084901,"duration":11061,"downloading_duration":1068,"execution_duration":9381,"uploading_duration":612,"executable":"ellipsoids-openmp","args":["0.dat","030.log","030.xoutput"],"id":36,"resource":"512","request_start":1576628063246,"request_end":1576628085043,"request_duration":21797,"type":"512"}
{"start":1576628073926,"end":1576628084931,"duration":11005,"downloading_duration":1032,"execution_duration":9301,"uploading_duration":672,"executable":"ellipsoids-openmp","args":["0.dat","042.log","042.xoutput"],"id":48,"resource":"512","request_start":1576628063255,"request_end":1576628085049,"request_duration":21794,"type":"512"}
{"start":1576628073843,"end":1576628084935,"duration":11092,"downloading_duration":1002,"execution_duration":9117,"uploading_duration":973,"executable":"ellipsoids-openmp","args":["0.dat","032.log","032.xoutput"],"id":38,"resource":"512","request_start":1576628063247,"request_end":1576628085051,"request_duration":21804,"type":"512"}
{"start":1576628073815,"end":1576628084946,"duration":11131,"downloading_duration":1177,"execution_duration":9340,"uploading_duration":614,"executable":"ellipsoids-openmp","args":["0.dat","027.log","027.xoutput"],"id":33,"resource":"512","request_start":1576628063245,"request_end":1576628085053,"request_duration":21808,"type":"512"}
{"start":1576628074065,"end":1576628084953,"duration":10888,"downloading_duration":1000,"execution_duration":9300,"uploading_duration":588,"executable":"ellipsoids-openmp","args":["0.dat","047.log","047.xoutput"],"id":53,"resource":"512","request_start":1576628063258,"request_end":1576628085058,"request_duration":21800,"type":"512"}
{"start":1576628074139,"end":1576628085008,"duration":10869,"downloading_duration":1104,"execution_duration":9158,"uploading_duration":607,"executable":"ellipsoids-openmp","args":["0.dat","00.log","00.xoutput"],"id":6,"resource":"512","request_start":1576628063259,"request_end":1576628085067,"request_duration":21808,"type":"512"}
{"start":1576628074169,"end":1576628085066,"duration":10897,"downloading_duration":1016,"execution_duration":9262,"uploading_duration":619,"executable":"ellipsoids-openmp","args":["0.dat","01.log","01.xoutput"],"id":7,"resource":"512","request_start":1576628063260,"request_end":1576628085101,"request_duration":21841,"type":"512"}
{"start":1576628074719,"end":1576628085495,"duration":10776,"downloading_duration":1026,"execution_duration":9125,"uploading_duration":625,"executable":"ellipsoids-openmp","args":["0.dat","03.log","03.xoutput"],"id":9,"resource":"512","request_start":1576628063261,"request_end":1576628085516,"request_duration":22255,"type":"512"}
{"start":1576628073768,"end":1576628085962,"duration":12194,"downloading_duration":2848,"execution_duration":8702,"uploading_duration":644,"executable":"ellipsoids-openmp","args":["0.dat","024.log","024.xoutput"],"id":30,"resource":"512","request_start":1576628063243,"request_end":1576628085980,"request_duration":22737,"type":"512"}
{"start":1576628081161,"end":1576628090136,"duration":8975,"downloading_duration":1091,"execution_duration":7300,"uploading_duration":584,"executable":"ellipsoids-openmp","args":["2.dat","20.log","20.xoutput"],"id":106,"resource":"512","request_start":1576628063261,"request_end":1576628090157,"request_duration":26896,"type":"512"}
{"start":1576628081563,"end":1576628090569,"duration":9006,"downloading_duration":1093,"execution_duration":7280,"uploading_duration":633,"executable":"ellipsoids-openmp","args":["2.dat","21.log","21.xoutput"],"id":107,"resource":"512","request_start":1576628063262,"request_end":1576628090593,"request_duration":27331,"type":"512"}
{"start":1576628081633,"end":1576628090615,"duration":8982,"downloading_duration":1006,"execution_duration":7342,"uploading_duration":634,"executable":"ellipsoids-openmp","args":["2.dat","22.log","22.xoutput"],"id":108,"resource":"512","request_start":1576628063262,"request_end":1576628090636,"request_duration":27374,"type":"512"}
{"start":1576628084067,"end":1576628094746,"duration":10679,"downloading_duration":1037,"execution_duration":9041,"uploading_duration":601,"executable":"ellipsoids-openmp","args":["2.dat","23.log","23.xoutput"],"id":109,"resource":"512","request_start":1576628063263,"request_end":1576628094812,"request_duration":31549,"type":"512"}
{"start":1576628084292,"end":1576628094937,"duration":10645,"downloading_duration":1015,"execution_duration":9060,"uploading_duration":570,"executable":"ellipsoids-openmp","args":["2.dat","26.log","26.xoutput"],"id":112,"resource":"512","request_start":1576628063264,"request_end":1576628094959,"request_duration":31695,"type":"512"}
{"start":1576628084452,"end":1576628095036,"duration":10584,"downloading_duration":1014,"execution_duration":8880,"uploading_duration":690,"executable":"ellipsoids-openmp","args":["2.dat","211.log","211.xoutput"],"id":117,"resource":"512","request_start":1576628063267,"request_end":1576628095056,"request_duration":31789,"type":"512"}
{"start":1576628084725,"end":1576628095131,"duration":10406,"downloading_duration":1018,"execution_duration":8799,"uploading_duration":589,"executable":"ellipsoids-openmp","args":["2.dat","224.log","224.xoutput"],"id":130,"resource":"512","request_start":1576628063273,"request_end":1576628095152,"request_duration":31879,"type":"512"}
{"start":1576628084681,"end":1576628095149,"duration":10468,"downloading_duration":1059,"execution_duration":8739,"uploading_duration":670,"executable":"ellipsoids-openmp","args":["2.dat","218.log","218.xoutput"],"id":124,"resource":"512","request_start":1576628063270,"request_end":1576628095167,"request_duration":31897,"type":"512"}
{"start":1576628084228,"end":1576628095200,"duration":10972,"downloading_duration":1110,"execution_duration":9280,"uploading_duration":582,"executable":"ellipsoids-openmp","args":["2.dat","25.log","25.xoutput"],"id":111,"resource":"512","request_start":1576628063264,"request_end":1576628095223,"request_duration":31959,"type":"512"}
{"start":1576628084470,"end":1576628095235,"duration":10765,"downloading_duration":1072,"execution_duration":9119,"uploading_duration":574,"executable":"ellipsoids-openmp","args":["2.dat","212.log","212.xoutput"],"id":118,"resource":"512","request_start":1576628063267,"request_end":1576628095255,"request_duration":31988,"type":"512"}
{"start":1576628084444,"end":1576628095280,"duration":10836,"downloading_duration":1093,"execution_duration":9102,"uploading_duration":641,"executable":"ellipsoids-openmp","args":["2.dat","210.log","210.xoutput"],"id":116,"resource":"512","request_start":1576628063266,"request_end":1576628095297,"request_duration":32031,"type":"512"}
{"start":1576628084486,"end":1576628095314,"duration":10828,"downloading_duration":1084,"execution_duration":9159,"uploading_duration":585,"executable":"ellipsoids-openmp","args":["2.dat","213.log","213.xoutput"],"id":119,"resource":"512","request_start":1576628063268,"request_end":1576628095333,"request_duration":32065,"type":"512"}
{"start":1576628084438,"end":1576628095334,"duration":10896,"downloading_duration":1037,"execution_duration":9260,"uploading_duration":599,"executable":"ellipsoids-openmp","args":["2.dat","29.log","29.xoutput"],"id":115,"resource":"512","request_start":1576628063266,"request_end":1576628095354,"request_duration":32088,"type":"512"}
{"start":1576628084492,"end":1576628095424,"duration":10932,"downloading_duration":1101,"execution_duration":9201,"uploading_duration":630,"executable":"ellipsoids-openmp","args":["2.dat","214.log","214.xoutput"],"id":120,"resource":"512","request_start":1576628063268,"request_end":1576628095442,"request_duration":32174,"type":"512"}
{"start":1576628084549,"end":1576628095438,"duration":10889,"downloading_duration":1127,"execution_duration":9182,"uploading_duration":580,"executable":"ellipsoids-openmp","args":["2.dat","216.log","216.xoutput"],"id":122,"resource":"512","request_start":1576628063269,"request_end":1576628095460,"request_duration":32191,"type":"512"}
{"start":1576628084697,"end":1576628095444,"duration":10747,"downloading_duration":1164,"execution_duration":8984,"uploading_duration":599,"executable":"ellipsoids-openmp","args":["2.dat","220.log","220.xoutput"],"id":126,"resource":"512","request_start":1576628063271,"request_end":1576628095463,"request_duration":32192,"type":"512"}
{"start":1576628084687,"end":1576628095456,"duration":10769,"downloading_duration":990,"execution_duration":9181,"uploading_duration":598,"executable":"ellipsoids-openmp","args":["2.dat","219.log","219.xoutput"],"id":125,"resource":"512","request_start":1576628063271,"request_end":1576628095474,"request_duration":32203,"type":"512"}
{"start":1576628084409,"end":1576628095499,"duration":11090,"downloading_duration":1102,"execution_duration":9401,"uploading_duration":587,"executable":"ellipsoids-openmp","args":["2.dat","28.log","28.xoutput"],"id":114,"resource":"512","request_start":1576628063265,"request_end":1576628095522,"request_duration":32257,"type":"512"}
{"start":1576628084520,"end":1576628095522,"duration":11002,"downloading_duration":1092,"execution_duration":9263,"uploading_duration":647,"executable":"ellipsoids-openmp","args":["2.dat","215.log","215.xoutput"],"id":121,"resource":"512","request_start":1576628063269,"request_end":1576628095545,"request_duration":32276,"type":"512"}
{"start":1576628084841,"end":1576628095585,"duration":10744,"downloading_duration":1016,"execution_duration":9124,"uploading_duration":604,"executable":"ellipsoids-openmp","args":["2.dat","234.log","234.xoutput"],"id":140,"resource":"512","request_start":1576628063278,"request_end":1576628095605,"request_duration":32327,"type":"512"}
{"start":1576628084703,"end":1576628095588,"duration":10885,"downloading_duration":1066,"execution_duration":9219,"uploading_duration":600,"executable":"ellipsoids-openmp","args":["2.dat","221.log","221.xoutput"],"id":127,"resource":"512","request_start":1576628063272,"request_end":1576628095608,"request_duration":32336,"type":"512"}
{"start":1576628084762,"end":1576628095613,"duration":10851,"downloading_duration":1030,"execution_duration":9183,"uploading_duration":638,"executable":"ellipsoids-openmp","args":["2.dat","227.log","227.xoutput"],"id":133,"resource":"512","request_start":1576628063275,"request_end":1576628095632,"request_duration":32357,"type":"512"}
{"start":1576628084717,"end":1576628095621,"duration":10904,"downloading_duration":1157,"execution_duration":9039,"uploading_duration":708,"executable":"ellipsoids-openmp","args":["2.dat","223.log","223.xoutput"],"id":129,"resource":"512","request_start":1576628063273,"request_end":1576628095641,"request_duration":32368,"type":"512"}
{"start":1576628084867,"end":1576628095626,"duration":10759,"downloading_duration":1027,"execution_duration":9119,"uploading_duration":613,"executable":"ellipsoids-openmp","args":["2.dat","235.log","235.xoutput"],"id":141,"resource":"512","request_start":1576628063279,"request_end":1576628095648,"request_duration":32369,"type":"512"}
{"start":1576628084771,"end":1576628095641,"duration":10870,"downloading_duration":1017,"execution_duration":9221,"uploading_duration":632,"executable":"ellipsoids-openmp","args":["2.dat","229.log","229.xoutput"],"id":135,"resource":"512","request_start":1576628063276,"request_end":1576628095659,"request_duration":32383,"type":"512"}
{"start":1576628084738,"end":1576628095644,"duration":10906,"downloading_duration":1028,"execution_duration":9263,"uploading_duration":615,"executable":"ellipsoids-openmp","args":["2.dat","225.log","225.xoutput"],"id":131,"resource":"512","request_start":1576628063274,"request_end":1576628095665,"request_duration":32391,"type":"512"}
{"start":1576628084882,"end":1576628095714,"duration":10832,"downloading_duration":1007,"execution_duration":9218,"uploading_duration":607,"executable":"ellipsoids-openmp","args":["2.dat","236.log","236.xoutput"],"id":142,"resource":"512","request_start":1576628063279,"request_end":1576628095734,"request_duration":32455,"type":"512"}
{"start":1576628084755,"end":1576628095726,"duration":10971,"downloading_duration":1041,"execution_duration":9282,"uploading_duration":648,"executable":"ellipsoids-openmp","args":["2.dat","226.log","226.xoutput"],"id":132,"resource":"512","request_start":1576628063274,"request_end":1576628095745,"request_duration":32471,"type":"512"}
{"start":1576628084784,"end":1576628095727,"duration":10943,"downloading_duration":1094,"execution_duration":9221,"uploading_duration":628,"executable":"ellipsoids-openmp","args":["2.dat","230.log","230.xoutput"],"id":136,"resource":"512","request_start":1576628063276,"request_end":1576628095747,"request_duration":32471,"type":"512"}
{"start":1576628084801,"end":1576628095733,"duration":10932,"downloading_duration":1082,"execution_duration":9239,"uploading_duration":611,"executable":"ellipsoids-openmp","args":["2.dat","231.log","231.xoutput"],"id":137,"resource":"512","request_start":1576628063277,"request_end":1576628095754,"request_duration":32477,"type":"512"}
{"start":1576628084771,"end":1576628095740,"duration":10969,"downloading_duration":1004,"execution_duration":9360,"uploading_duration":605,"executable":"ellipsoids-openmp","args":["2.dat","228.log","228.xoutput"],"id":134,"resource":"512","request_start":1576628063275,"request_end":1576628095761,"request_duration":32486,"type":"512"}
{"start":1576628085079,"end":1576628095787,"duration":10708,"downloading_duration":1023,"execution_duration":9100,"uploading_duration":585,"executable":"ellipsoids-openmp","args":["2.dat","238.log","238.xoutput"],"id":144,"resource":"512","request_start":1576628063280,"request_end":1576628095807,"request_duration":32527,"type":"512"}
{"start":1576628084828,"end":1576628095793,"duration":10965,"downloading_duration":1100,"execution_duration":9259,"uploading_duration":606,"executable":"ellipsoids-openmp","args":["2.dat","233.log","233.xoutput"],"id":139,"resource":"512","request_start":1576628063278,"request_end":1576628095813,"request_duration":32535,"type":"512"}
{"start":1576628084589,"end":1576628095887,"duration":11298,"downloading_duration":1279,"execution_duration":9400,"uploading_duration":619,"executable":"ellipsoids-openmp","args":["2.dat","217.log","217.xoutput"],"id":123,"resource":"512","request_start":1576628063270,"request_end":1576628095905,"request_duration":32635,"type":"512"}
{"start":1576628084703,"end":1576628095907,"duration":11204,"downloading_duration":1115,"execution_duration":9442,"uploading_duration":647,"executable":"ellipsoids-openmp","args":["2.dat","222.log","222.xoutput"],"id":128,"resource":"512","request_start":1576628063272,"request_end":1576628095925,"request_duration":32653,"type":"512"}
{"start":1576628084809,"end":1576628096007,"duration":11198,"downloading_duration":1073,"execution_duration":9518,"uploading_duration":607,"executable":"ellipsoids-openmp","args":["2.dat","232.log","232.xoutput"],"id":138,"resource":"512","request_start":1576628063277,"request_end":1576628096027,"request_duration":32750,"type":"512"}
{"start":1576628085077,"end":1576628096245,"duration":11168,"downloading_duration":1042,"execution_duration":9482,"uploading_duration":644,"executable":"ellipsoids-openmp","args":["2.dat","239.log","239.xoutput"],"id":145,"resource":"512","request_start":1576628063281,"request_end":1576628096264,"request_duration":32983,"type":"512"}
{"start":1576628085089,"end":1576628096246,"duration":11157,"downloading_duration":1118,"execution_duration":9439,"uploading_duration":600,"executable":"ellipsoids-openmp","args":["2.dat","244.log","244.xoutput"],"id":150,"resource":"512","request_start":1576628063283,"request_end":1576628096268,"request_duration":32985,"type":"512"}
{"start":1576628085131,"end":1576628096247,"duration":11116,"downloading_duration":1077,"execution_duration":9458,"uploading_duration":581,"executable":"ellipsoids-openmp","args":["2.dat","247.log","247.xoutput"],"id":153,"resource":"512","request_start":1576628063285,"request_end":1576628096270,"request_duration":32985,"type":"512"}
{"start":1576628085101,"end":1576628096249,"duration":11148,"downloading_duration":1008,"execution_duration":9559,"uploading_duration":581,"executable":"ellipsoids-openmp","args":["2.dat","246.log","246.xoutput"],"id":152,"resource":"512","request_start":1576628063284,"request_end":1576628096274,"request_duration":32990,"type":"512"}
{"start":1576628085079,"end":1576628096316,"duration":11237,"downloading_duration":1026,"execution_duration":9622,"uploading_duration":589,"executable":"ellipsoids-openmp","args":["2.dat","240.log","240.xoutput"],"id":146,"resource":"512","request_start":1576628063281,"request_end":1576628096335,"request_duration":33054,"type":"512"}
{"start":1576628085077,"end":1576628096360,"duration":11283,"downloading_duration":1055,"execution_duration":9601,"uploading_duration":627,"executable":"ellipsoids-openmp","args":["2.dat","242.log","242.xoutput"],"id":148,"resource":"512","request_start":1576628063282,"request_end":1576628096383,"request_duration":33101,"type":"512"}
{"start":1576628085084,"end":1576628096416,"duration":11332,"downloading_duration":1090,"execution_duration":9595,"uploading_duration":647,"executable":"ellipsoids-openmp","args":["2.dat","243.log","243.xoutput"],"id":149,"resource":"512","request_start":1576628063283,"request_end":1576628096435,"request_duration":33152,"type":"512"}
{"start":1576628085087,"end":1576628096568,"duration":11481,"downloading_duration":1054,"execution_duration":9819,"uploading_duration":608,"executable":"ellipsoids-openmp","args":["2.dat","245.log","245.xoutput"],"id":151,"resource":"512","request_start":1576628063284,"request_end":1576628096624,"request_duration":33340,"type":"512"}
{"start":1576628085544,"end":1576628096593,"duration":11049,"downloading_duration":1104,"execution_duration":9357,"uploading_duration":588,"executable":"ellipsoids-openmp","args":["2.dat","248.log","248.xoutput"],"id":154,"resource":"512","request_start":1576628063285,"request_end":1576628096627,"request_duration":33342,"type":"512"}
{"start":1576628085073,"end":1576628096595,"duration":11522,"downloading_duration":1175,"execution_duration":9619,"uploading_duration":728,"executable":"ellipsoids-openmp","args":["2.dat","237.log","237.xoutput"],"id":143,"resource":"512","request_start":1576628063280,"request_end":1576628096629,"request_duration":33349,"type":"512"}
{"start":1576628085082,"end":1576628096652,"duration":11570,"downloading_duration":1053,"execution_duration":9903,"uploading_duration":614,"executable":"ellipsoids-openmp","args":["2.dat","241.log","241.xoutput"],"id":147,"resource":"512","request_start":1576628063282,"request_end":1576628096692,"request_duration":33410,"type":"512"}
{"start":1576628086008,"end":1576628097063,"duration":11055,"downloading_duration":1088,"execution_duration":9280,"uploading_duration":687,"executable":"ellipsoids-openmp","args":["2.dat","249.log","249.xoutput"],"id":155,"resource":"512","request_start":1576628063286,"request_end":1576628097083,"request_duration":33797,"type":"512"}
{"start":1576628084375,"end":1576628098169,"duration":13794,"downloading_duration":4066,"execution_duration":9142,"uploading_duration":586,"executable":"ellipsoids-openmp","args":["2.dat","27.log","27.xoutput"],"id":113,"resource":"512","request_start":1576628063265,"request_end":1576628098188,"request_duration":34923,"type":"512"}
{"start":1576628090186,"end":1576628099368,"duration":9182,"downloading_duration":1028,"execution_duration":7559,"uploading_duration":595,"executable":"ellipsoids-openmp","args":["3.dat","30.log","30.xoutput"],"id":156,"resource":"512","request_start":1576628063286,"request_end":1576628099390,"request_duration":36104,"type":"512"}
{"start":1576628090665,"end":1576628099933,"duration":9268,"downloading_duration":1091,"execution_duration":7540,"uploading_duration":637,"executable":"ellipsoids-openmp","args":["3.dat","32.log","32.xoutput"],"id":158,"resource":"512","request_start":1576628063288,"request_end":1576628099953,"request_duration":36665,"type":"512"}
{"start":1576628090628,"end":1576628100061,"duration":9433,"downloading_duration":1052,"execution_duration":7621,"uploading_duration":760,"executable":"ellipsoids-openmp","args":["3.dat","31.log","31.xoutput"],"id":157,"resource":"512","request_start":1576628063287,"request_end":1576628100083,"request_duration":36796,"type":"512"}
{"start":1576628099985,"end":1576628101858,"duration":1873,"downloading_duration":1413,"execution_duration":18,"uploading_duration":442,"executable":"mean-pack-ell","args":["10.xoutput","11.xoutput","12.xoutput","13.xoutput","14.xoutput","15.xoutput","16.xoutput","17.xoutput","18.xoutput","19.xoutput","110.xoutput","111.xoutput","112.xoutput","113.xoutput","114.xoutput","115.xoutput","116.xoutput","117.xoutput","118.xoutput","119.xoutput","120.xoutput","121.xoutput","122.xoutput","123.xoutput","124.xoutput","125.xoutput","126.xoutput","127.xoutput","128.xoutput","129.xoutput","130.xoutput","131.xoutput","132.xoutput","133.xoutput","134.xoutput","135.xoutput","136.xoutput","137.xoutput","138.xoutput","139.xoutput","140.xoutput","141.xoutput","142.xoutput","143.xoutput","144.xoutput","145.xoutput","146.xoutput","147.xoutput","148.xoutput","149.xoutput","average_1.txt"],"id":207,"resource":"512","request_start":1576628074706,"request_end":1576628101879,"request_duration":27173,"type":"512"}
{"start":1576628100115,"end":1576628102117,"duration":2002,"downloading_duration":1605,"execution_duration":4,"uploading_duration":393,"executable":"mean-pack-ell","args":["00.xoutput","01.xoutput","02.xoutput","03.xoutput","04.xoutput","05.xoutput","06.xoutput","07.xoutput","08.xoutput","09.xoutput","010.xoutput","011.xoutput","012.xoutput","013.xoutput","014.xoutput","015.xoutput","016.xoutput","017.xoutput","018.xoutput","019.xoutput","020.xoutput","021.xoutput","022.xoutput","023.xoutput","024.xoutput","025.xoutput","026.xoutput","027.xoutput","028.xoutput","029.xoutput","030.xoutput","031.xoutput","032.xoutput","033.xoutput","034.xoutput","035.xoutput","036.xoutput","037.xoutput","038.xoutput","039.xoutput","040.xoutput","041.xoutput","042.xoutput","043.xoutput","044.xoutput","045.xoutput","046.xoutput","047.xoutput","048.xoutput","049.xoutput","average_0.txt"],"id":206,"resource":"512","request_start":1576628086011,"request_end":1576628102137,"request_duration":16126,"type":"512"}
{"start":1576628094988,"end":1576628104946,"duration":9958,"downloading_duration":1019,"execution_duration":8302,"uploading_duration":637,"executable":"ellipsoids-openmp","args":["3.dat","34.log","34.xoutput"],"id":160,"resource":"512","request_start":1576628063289,"request_end":1576628104966,"request_duration":41677,"type":"512"}
{"start":1576628095180,"end":1576628105079,"duration":9899,"downloading_duration":1097,"execution_duration":8224,"uploading_duration":578,"executable":"ellipsoids-openmp","args":["3.dat","36.log","36.xoutput"],"id":162,"resource":"512","request_start":1576628063290,"request_end":1576628105098,"request_duration":41808,"type":"512"}
{"start":1576628095086,"end":1576628105194,"duration":10108,"downloading_duration":1141,"execution_duration":8359,"uploading_duration":608,"executable":"ellipsoids-openmp","args":["3.dat","35.log","35.xoutput"],"id":161,"resource":"512","request_start":1576628063289,"request_end":1576628105215,"request_duration":41926,"type":"512"}
{"start":1576628095280,"end":1576628105221,"duration":9941,"downloading_duration":1139,"execution_duration":8201,"uploading_duration":601,"executable":"ellipsoids-openmp","args":["3.dat","39.log","39.xoutput"],"id":165,"resource":"512","request_start":1576628063291,"request_end":1576628105242,"request_duration":41951,"type":"512"}
{"start":1576628095203,"end":1576628105279,"duration":10076,"downloading_duration":1141,"execution_duration":8338,"uploading_duration":597,"executable":"ellipsoids-openmp","args":["3.dat","37.log","37.xoutput"],"id":163,"resource":"512","request_start":1576628063290,"request_end":1576628105297,"request_duration":42007,"type":"512"}
{"start":1576628095680,"end":1576628105397,"duration":9717,"downloading_duration":1015,"execution_duration":8119,"uploading_duration":583,"executable":"ellipsoids-openmp","args":["3.dat","323.log","323.xoutput"],"id":179,"resource":"512","request_start":1576628063298,"request_end":1576628105417,"request_duration":42119,"type":"512"}
{"start":1576628095248,"end":1576628105400,"duration":10152,"downloading_duration":1092,"execution_duration":8361,"uploading_duration":699,"executable":"ellipsoids-openmp","args":["3.dat","38.log","38.xoutput"],"id":164,"resource":"512","request_start":1576628063291,"request_end":1576628105420,"request_duration":42129,"type":"512"}
{"start":1576628094842,"end":1576628105405,"duration":10563,"downloading_duration":1041,"execution_duration":8881,"uploading_duration":641,"executable":"ellipsoids-openmp","args":["3.dat","33.log","33.xoutput"],"id":159,"resource":"512","request_start":1576628063288,"request_end":1576628105426,"request_duration":42138,"type":"512"}
{"start":1576628095380,"end":1576628105454,"duration":10074,"downloading_duration":1082,"execution_duration":8378,"uploading_duration":614,"executable":"ellipsoids-openmp","args":["3.dat","312.log","312.xoutput"],"id":168,"resource":"512","request_start":1576628063293,"request_end":1576628105472,"request_duration":42179,"type":"512"}
{"start":1576628095362,"end":1576628105527,"duration":10165,"downloading_duration":1075,"execution_duration":8420,"uploading_duration":670,"executable":"ellipsoids-openmp","args":["3.dat","311.log","311.xoutput"],"id":167,"resource":"512","request_start":1576628063292,"request_end":1576628105547,"request_duration":42255,"type":"512"}
{"start":1576628095467,"end":1576628105534,"duration":10067,"downloading_duration":1033,"execution_duration":8437,"uploading_duration":597,"executable":"ellipsoids-openmp","args":["3.dat","313.log","313.xoutput"],"id":169,"resource":"512","request_start":1576628063293,"request_end":1576628105556,"request_duration":42263,"type":"512"}
{"start":1576628095494,"end":1576628105585,"duration":10091,"downloading_duration":1044,"execution_duration":8399,"uploading_duration":648,"executable":"ellipsoids-openmp","args":["3.dat","315.log","315.xoutput"],"id":171,"resource":"512","request_start":1576628063294,"request_end":1576628105605,"request_duration":42311,"type":"512"}
{"start":1576628095501,"end":1576628105586,"duration":10085,"downloading_duration":1037,"execution_duration":8417,"uploading_duration":631,"executable":"ellipsoids-openmp","args":["3.dat","316.log","316.xoutput"],"id":172,"resource":"512","request_start":1576628063295,"request_end":1576628105607,"request_duration":42312,"type":"512"}
{"start":1576628095556,"end":1576628105645,"duration":10089,"downloading_duration":1096,"execution_duration":8380,"uploading_duration":613,"executable":"ellipsoids-openmp","args":["3.dat","317.log","317.xoutput"],"id":173,"resource":"512","request_start":1576628063295,"request_end":1576628105662,"request_duration":42367,"type":"512"}
{"start":1576628095664,"end":1576628105744,"duration":10080,"downloading_duration":1006,"execution_duration":8378,"uploading_duration":696,"executable":"ellipsoids-openmp","args":["3.dat","321.log","321.xoutput"],"id":177,"resource":"512","request_start":1576628063297,"request_end":1576628105767,"request_duration":42470,"type":"512"}
{"start":1576628095695,"end":1576628105794,"duration":10099,"downloading_duration":1053,"execution_duration":8469,"uploading_duration":577,"executable":"ellipsoids-openmp","args":["3.dat","325.log","325.xoutput"],"id":181,"resource":"512","request_start":1576628063299,"request_end":1576628105815,"request_duration":42516,"type":"512"}
{"start":1576628095793,"end":1576628105796,"duration":10003,"downloading_duration":1049,"execution_duration":8220,"uploading_duration":734,"executable":"ellipsoids-openmp","args":["3.dat","330.log","330.xoutput"],"id":186,"resource":"512","request_start":1576628063302,"request_end":1576628105819,"request_duration":42517,"type":"512"}
{"start":1576628095781,"end":1576628105848,"duration":10067,"downloading_duration":1077,"execution_duration":8404,"uploading_duration":586,"executable":"ellipsoids-openmp","args":["3.dat","328.log","328.xoutput"],"id":184,"resource":"512","request_start":1576628063301,"request_end":1576628105872,"request_duration":42571,"type":"512"}
{"start":1576628095330,"end":1576628105861,"duration":10531,"downloading_duration":1038,"execution_duration":8421,"uploading_duration":1072,"executable":"ellipsoids-openmp","args":["3.dat","310.log","310.xoutput"],"id":166,"resource":"512","request_start":1576628063292,"request_end":1576628105878,"request_duration":42586,"type":"512"}
{"start":1576628095772,"end":1576628105878,"duration":10106,"downloading_duration":1029,"execution_duration":8502,"uploading_duration":575,"executable":"ellipsoids-openmp","args":["3.dat","327.log","327.xoutput"],"id":183,"resource":"512","request_start":1576628063300,"request_end":1576628105897,"request_duration":42597,"type":"512"}
{"start":1576628095579,"end":1576628105919,"duration":10340,"downloading_duration":1094,"execution_duration":8602,"uploading_duration":644,"executable":"ellipsoids-openmp","args":["3.dat","318.log","318.xoutput"],"id":174,"resource":"512","request_start":1576628063296,"request_end":1576628105944,"request_duration":42648,"type":"512"}
{"start":1576628095932,"end":1576628105927,"duration":9995,"downloading_duration":1044,"execution_duration":8361,"uploading_duration":590,"executable":"ellipsoids-openmp","args":["3.dat","333.log","333.xoutput"],"id":189,"resource":"512","request_start":1576628063305,"request_end":1576628105947,"request_duration":42642,"type":"512"}
{"start":1576628095669,"end":1576628105940,"duration":10271,"downloading_duration":1197,"execution_duration":8421,"uploading_duration":653,"executable":"ellipsoids-openmp","args":["3.dat","322.log","322.xoutput"],"id":178,"resource":"512","request_start":1576628063298,"request_end":1576628105960,"request_duration":42662,"type":"512"}
{"start":1576628095492,"end":1576628105943,"duration":10451,"downloading_duration":1049,"execution_duration":8481,"uploading_duration":921,"executable":"ellipsoids-openmp","args":["3.dat","314.log","314.xoutput"],"id":170,"resource":"512","request_start":1576628063294,"request_end":1576628105963,"request_duration":42669,"type":"512"}
{"start":1576628095766,"end":1576628105970,"duration":10204,"downloading_duration":1108,"execution_duration":8440,"uploading_duration":656,"executable":"ellipsoids-openmp","args":["3.dat","326.log","326.xoutput"],"id":182,"resource":"512","request_start":1576628063300,"request_end":1576628105991,"request_duration":42691,"type":"512"}
{"start":1576628095632,"end":1576628105988,"duration":10356,"downloading_duration":1081,"execution_duration":8461,"uploading_duration":814,"executable":"ellipsoids-openmp","args":["3.dat","319.log","319.xoutput"],"id":175,"resource":"512","request_start":1576628063296,"request_end":1576628106007,"request_duration":42711,"type":"512"}
{"start":1576628095845,"end":1576628105989,"duration":10144,"downloading_duration":1043,"execution_duration":8518,"uploading_duration":583,"executable":"ellipsoids-openmp","args":["3.dat","332.log","332.xoutput"],"id":188,"resource":"512","request_start":1576628063304,"request_end":1576628106009,"request_duration":42705,"type":"512"}
{"start":1576628095687,"end":1576628106108,"duration":10421,"downloading_duration":1101,"execution_duration":8700,"uploading_duration":620,"executable":"ellipsoids-openmp","args":["3.dat","324.log","324.xoutput"],"id":180,"resource":"512","request_start":1576628063299,"request_end":1576628106128,"request_duration":42829,"type":"512"}
{"start":1576628095833,"end":1576628106166,"duration":10333,"downloading_duration":1033,"execution_duration":8683,"uploading_duration":617,"executable":"ellipsoids-openmp","args":["3.dat","331.log","331.xoutput"],"id":187,"resource":"512","request_start":1576628063303,"request_end":1576628106185,"request_duration":42882,"type":"512"}
{"start":1576628095633,"end":1576628106284,"duration":10651,"downloading_duration":1080,"execution_duration":8679,"uploading_duration":892,"executable":"ellipsoids-openmp","args":["3.dat","320.log","320.xoutput"],"id":176,"resource":"512","request_start":1576628063297,"request_end":1576628106302,"request_duration":43005,"type":"512"}
{"start":1576628096059,"end":1576628107032,"duration":10973,"downloading_duration":1041,"execution_duration":9339,"uploading_duration":593,"executable":"ellipsoids-openmp","args":["3.dat","335.log","335.xoutput"],"id":191,"resource":"512","request_start":1576628063306,"request_end":1576628107053,"request_duration":43747,"type":"512"}
{"start":1576628095948,"end":1576628107168,"duration":11220,"downloading_duration":1080,"execution_duration":9560,"uploading_duration":580,"executable":"ellipsoids-openmp","args":["3.dat","334.log","334.xoutput"],"id":190,"resource":"512","request_start":1576628063305,"request_end":1576628107191,"request_duration":43886,"type":"512"}
{"start":1576628096301,"end":1576628107172,"duration":10871,"downloading_duration":1019,"execution_duration":9281,"uploading_duration":571,"executable":"ellipsoids-openmp","args":["3.dat","339.log","339.xoutput"],"id":195,"resource":"512","request_start":1576628063308,"request_end":1576628107193,"request_duration":43885,"type":"512"}
{"start":1576628096295,"end":1576628107350,"duration":11055,"downloading_duration":1031,"execution_duration":9442,"uploading_duration":582,"executable":"ellipsoids-openmp","args":["3.dat","338.log","338.xoutput"],"id":194,"resource":"512","request_start":1576628063307,"request_end":1576628107372,"request_duration":44065,"type":"512"}
{"start":1576628097112,"end":1576628107496,"duration":10384,"downloading_duration":1107,"execution_duration":8698,"uploading_duration":579,"executable":"ellipsoids-openmp","args":["3.dat","347.log","347.xoutput"],"id":203,"resource":"512","request_start":1576628063312,"request_end":1576628107515,"request_duration":44203,"type":"512"}
{"start":1576628096461,"end":1576628107527,"duration":11066,"downloading_duration":1047,"execution_duration":9405,"uploading_duration":614,"executable":"ellipsoids-openmp","args":["3.dat","342.log","342.xoutput"],"id":198,"resource":"512","request_start":1576628063309,"request_end":1576628107545,"request_duration":44236,"type":"512"}
{"start":1576628096655,"end":1576628107586,"duration":10931,"downloading_duration":1044,"execution_duration":9320,"uploading_duration":567,"executable":"ellipsoids-openmp","args":["3.dat","344.log","344.xoutput"],"id":200,"resource":"512","request_start":1576628063310,"request_end":1576628107606,"request_duration":44296,"type":"512"}
{"start":1576628096292,"end":1576628107631,"duration":11339,"downloading_duration":1075,"execution_duration":9680,"uploading_duration":584,"executable":"ellipsoids-openmp","args":["3.dat","336.log","336.xoutput"],"id":192,"resource":"512","request_start":1576628063306,"request_end":1576628107652,"request_duration":44346,"type":"512"}
{"start":1576628096651,"end":1576628107685,"duration":11034,"downloading_duration":1054,"execution_duration":9383,"uploading_duration":597,"executable":"ellipsoids-openmp","args":["3.dat","343.log","343.xoutput"],"id":199,"resource":"512","request_start":1576628063310,"request_end":1576628107704,"request_duration":44394,"type":"512"}
{"start":1576628096365,"end":1576628107699,"duration":11334,"downloading_duration":1042,"execution_duration":9685,"uploading_duration":607,"executable":"ellipsoids-openmp","args":["3.dat","340.log","340.xoutput"],"id":196,"resource":"512","request_start":1576628063308,"request_end":1576628107717,"request_duration":44409,"type":"512"}
{"start":1576628096406,"end":1576628107707,"duration":11301,"downloading_duration":1086,"execution_duration":9644,"uploading_duration":571,"executable":"ellipsoids-openmp","args":["3.dat","341.log","341.xoutput"],"id":197,"resource":"512","request_start":1576628063309,"request_end":1576628107725,"request_duration":44416,"type":"512"}
{"start":1576628096656,"end":1576628107733,"duration":11077,"downloading_duration":1070,"execution_duration":9382,"uploading_duration":625,"executable":"ellipsoids-openmp","args":["3.dat","345.log","345.xoutput"],"id":201,"resource":"512","request_start":1576628063311,"request_end":1576628107753,"request_duration":44442,"type":"512"}
{"start":1576628096298,"end":1576628107758,"duration":11460,"downloading_duration":1148,"execution_duration":9680,"uploading_duration":632,"executable":"ellipsoids-openmp","args":["3.dat","337.log","337.xoutput"],"id":193,"resource":"512","request_start":1576628063307,"request_end":1576628107775,"request_duration":44468,"type":"512"}
{"start":1576628096720,"end":1576628107793,"duration":11073,"downloading_duration":1055,"execution_duration":9421,"uploading_duration":597,"executable":"ellipsoids-openmp","args":["3.dat","346.log","346.xoutput"],"id":202,"resource":"512","request_start":1576628063311,"request_end":1576628107812,"request_duration":44501,"type":"512"}
{"start":1576628098222,"end":1576628108008,"duration":9786,"downloading_duration":999,"execution_duration":8182,"uploading_duration":605,"executable":"ellipsoids-openmp","args":["3.dat","348.log","348.xoutput"],"id":204,"resource":"512","request_start":1576628063312,"request_end":1576628108029,"request_duration":44717,"type":"512"}
{"start":1576628095784,"end":1576628108022,"duration":12238,"downloading_duration":2035,"execution_duration":9579,"uploading_duration":624,"executable":"ellipsoids-openmp","args":["3.dat","329.log","329.xoutput"],"id":185,"resource":"512","request_start":1576628063302,"request_end":1576628108043,"request_duration":44741,"type":"512"}
{"start":1576628084179,"end":1576628108320,"duration":24141,"downloading_duration":13896,"execution_duration":9667,"uploading_duration":578,"executable":"ellipsoids-openmp","args":["2.dat","24.log","24.xoutput"],"id":110,"resource":"512","request_start":1576628063263,"request_end":1576628108410,"request_duration":45147,"type":"512"}
{"start":1576628099425,"end":1576628108513,"duration":9088,"downloading_duration":1008,"execution_duration":7446,"uploading_duration":634,"executable":"ellipsoids-openmp","args":["3.dat","349.log","349.xoutput"],"id":205,"resource":"512","request_start":1576628063313,"request_end":1576628108532,"request_duration":45219,"type":"512"}
{"start":1576628108682,"end":1576628110653,"duration":1971,"downloading_duration":1551,"execution_duration":20,"uploading_duration":400,"executable":"mean-pack-ell","args":["20.xoutput","21.xoutput","22.xoutput","23.xoutput","24.xoutput","25.xoutput","26.xoutput","27.xoutput","28.xoutput","29.xoutput","210.xoutput","211.xoutput","212.xoutput","213.xoutput","214.xoutput","215.xoutput","216.xoutput","217.xoutput","218.xoutput","219.xoutput","220.xoutput","221.xoutput","222.xoutput","223.xoutput","224.xoutput","225.xoutput","226.xoutput","227.xoutput","228.xoutput","229.xoutput","230.xoutput","231.xoutput","232.xoutput","233.xoutput","234.xoutput","235.xoutput","236.xoutput","237.xoutput","238.xoutput","239.xoutput","240.xoutput","241.xoutput","242.xoutput","243.xoutput","244.xoutput","245.xoutput","246.xoutput","247.xoutput","248.xoutput","249.xoutput","average_2.txt"],"id":208,"resource":"512","request_start":1576628108424,"request_end":1576628110675,"request_duration":2251,"type":"512"}
{"start":1576628108693,"end":1576628111823,"duration":3130,"downloading_duration":2733,"execution_duration":4,"uploading_duration":393,"executable":"mean-pack-ell","args":["30.xoutput","31.xoutput","32.xoutput","33.xoutput","34.xoutput","35.xoutput","36.xoutput","37.xoutput","38.xoutput","39.xoutput","310.xoutput","311.xoutput","312.xoutput","313.xoutput","314.xoutput","315.xoutput","316.xoutput","317.xoutput","318.xoutput","319.xoutput","320.xoutput","321.xoutput","322.xoutput","323.xoutput","324.xoutput","325.xoutput","326.xoutput","327.xoutput","328.xoutput","329.xoutput","330.xoutput","331.xoutput","332.xoutput","333.xoutput","334.xoutput","335.xoutput","336.xoutput","337.xoutput","338.xoutput","339.xoutput","340.xoutput","341.xoutput","342.xoutput","343.xoutput","344.xoutput","345.xoutput","346.xoutput","347.xoutput","348.xoutput","349.xoutput","average_3.txt"],"id":209,"resource":"512","request_start":1576628108555,"request_end":1576628111843,"request_duration":3288,"type":"512"}
{"start":1576628111966,"end":1576628113375,"duration":1409,"downloading_duration":788,"execution_duration":230,"uploading_duration":391,"executable":"summary.js","args":[],"id":210,"resource":"512","request_start":1576628111850,"request_end":1576628113395,"request_duration":1545,"type":"512"}
