{"start":1576628114060,"end":1576628115095,"duration":1035,"downloading_duration":409,"execution_duration":216,"uploading_duration":410,"executable":"generateData.js","args":[],"id":1,"resource":"512","request_start":1576628113906,"request_end":1576628115125,"request_duration":1219,"type":"512"}
{"start":1576628115250,"end":1576628116286,"duration":1036,"downloading_duration":423,"execution_duration":228,"uploading_duration":385,"executable":"createDat.js","args":["0.dat"],"id":2,"resource":"512","request_start":1576628115138,"request_end":1576628116304,"request_duration":1166,"type":"512"}
{"start":1576628115269,"end":1576628116321,"duration":1052,"downloading_duration":396,"execution_duration":227,"uploading_duration":429,"executable":"createDat.js","args":["2.dat"],"id":4,"resource":"512","request_start":1576628115147,"request_end":1576628116346,"request_duration":1199,"type":"512"}
{"start":1576628115278,"end":1576628116328,"duration":1050,"downloading_duration":380,"execution_duration":245,"uploading_duration":425,"executable":"createDat.js","args":["3.dat"],"id":5,"resource":"512","request_start":1576628115150,"request_end":1576628116435,"request_duration":1285,"type":"512"}
{"start":1576628115272,"end":1576628116348,"duration":1076,"downloading_duration":377,"execution_duration":228,"uploading_duration":471,"executable":"createDat.js","args":["1.dat"],"id":3,"resource":"512","request_start":1576628115143,"request_end":1576628116437,"request_duration":1294,"type":"512"}
{"start":1576628116803,"end":1576628125356,"duration":8553,"downloading_duration":1017,"execution_duration":6941,"uploading_duration":595,"executable":"ellipsoids-openmp","args":["0.dat","048.log","048.xoutput"],"id":54,"resource":"512","request_start":1576628116396,"request_end":1576628125378,"request_duration":8982,"type":"512"}
{"start":1576628116699,"end":1576628125430,"duration":8731,"downloading_duration":997,"execution_duration":7156,"uploading_duration":578,"executable":"ellipsoids-openmp","args":["0.dat","06.log","06.xoutput"],"id":12,"resource":"512","request_start":1576628116351,"request_end":1576628125452,"request_duration":9101,"type":"512"}
{"start":1576628116806,"end":1576628125546,"duration":8740,"downloading_duration":1010,"execution_duration":7120,"uploading_duration":610,"executable":"ellipsoids-openmp","args":["0.dat","01.log","01.xoutput"],"id":7,"resource":"512","request_start":1576628116399,"request_end":1576628125567,"request_duration":9168,"type":"512"}
{"start":1576628116752,"end":1576628127019,"duration":10267,"downloading_duration":1078,"execution_duration":8559,"uploading_duration":630,"executable":"ellipsoids-openmp","args":["0.dat","035.log","035.xoutput"],"id":41,"resource":"512","request_start":1576628116384,"request_end":1576628127044,"request_duration":10660,"type":"512"}
{"start":1576628116760,"end":1576628127064,"duration":10304,"downloading_duration":1023,"execution_duration":8661,"uploading_duration":620,"executable":"ellipsoids-openmp","args":["0.dat","043.log","043.xoutput"],"id":49,"resource":"512","request_start":1576628116392,"request_end":1576628127086,"request_duration":10694,"type":"512"}
{"start":1576628116760,"end":1576628127227,"duration":10467,"downloading_duration":1000,"execution_duration":8862,"uploading_duration":605,"executable":"ellipsoids-openmp","args":["0.dat","040.log","040.xoutput"],"id":46,"resource":"512","request_start":1576628116389,"request_end":1576628127246,"request_duration":10857,"type":"512"}
{"start":1576628116759,"end":1576628127241,"duration":10482,"downloading_duration":1002,"execution_duration":8878,"uploading_duration":602,"executable":"ellipsoids-openmp","args":["0.dat","042.log","042.xoutput"],"id":48,"resource":"512","request_start":1576628116391,"request_end":1576628127263,"request_duration":10872,"type":"512"}
{"start":1576628116713,"end":1576628127247,"duration":10534,"downloading_duration":1036,"execution_duration":8899,"uploading_duration":599,"executable":"ellipsoids-openmp","args":["0.dat","017.log","017.xoutput"],"id":23,"resource":"512","request_start":1576628116366,"request_end":1576628127268,"request_duration":10902,"type":"512"}
{"start":1576628116748,"end":1576628127308,"duration":10560,"downloading_duration":1049,"execution_duration":8880,"uploading_duration":631,"executable":"ellipsoids-openmp","args":["0.dat","031.log","031.xoutput"],"id":37,"resource":"512","request_start":1576628116381,"request_end":1576628127328,"request_duration":10947,"type":"512"}
{"start":1576628116751,"end":1576628127312,"duration":10561,"downloading_duration":1010,"execution_duration":8936,"uploading_duration":615,"executable":"ellipsoids-openmp","args":["0.dat","037.log","037.xoutput"],"id":43,"resource":"512","request_start":1576628116386,"request_end":1576628127332,"request_duration":10946,"type":"512"}
{"start":1576628116464,"end":1576628127314,"duration":10850,"downloading_duration":1012,"execution_duration":9225,"uploading_duration":613,"executable":"ellipsoids-openmp","args":["0.dat","02.log","02.xoutput"],"id":8,"resource":"512","request_start":1576628116399,"request_end":1576628127334,"request_duration":10935,"type":"512"}
{"start":1576628116783,"end":1576628127319,"duration":10536,"downloading_duration":1043,"execution_duration":8880,"uploading_duration":613,"executable":"ellipsoids-openmp","args":["0.dat","049.log","049.xoutput"],"id":55,"resource":"512","request_start":1576628116397,"request_end":1576628127343,"request_duration":10946,"type":"512"}
{"start":1576628116754,"end":1576628127325,"duration":10571,"downloading_duration":1022,"execution_duration":8919,"uploading_duration":630,"executable":"ellipsoids-openmp","args":["0.dat","041.log","041.xoutput"],"id":47,"resource":"512","request_start":1576628116390,"request_end":1576628127346,"request_duration":10956,"type":"512"}
{"start":1576628116780,"end":1576628127389,"duration":10609,"downloading_duration":1040,"execution_duration":8938,"uploading_duration":631,"executable":"ellipsoids-openmp","args":["0.dat","045.log","045.xoutput"],"id":51,"resource":"512","request_start":1576628116394,"request_end":1576628127412,"request_duration":11018,"type":"512"}
{"start":1576628116705,"end":1576628127396,"duration":10691,"downloading_duration":1014,"execution_duration":9018,"uploading_duration":659,"executable":"ellipsoids-openmp","args":["0.dat","08.log","08.xoutput"],"id":14,"resource":"512","request_start":1576628116354,"request_end":1576628127415,"request_duration":11061,"type":"512"}
{"start":1576628116784,"end":1576628127407,"duration":10623,"downloading_duration":1173,"execution_duration":8864,"uploading_duration":586,"executable":"ellipsoids-openmp","args":["0.dat","047.log","047.xoutput"],"id":53,"resource":"512","request_start":1576628116395,"request_end":1576628127425,"request_duration":11030,"type":"512"}
{"start":1576628116755,"end":1576628127440,"duration":10685,"downloading_duration":1004,"execution_duration":8997,"uploading_duration":684,"executable":"ellipsoids-openmp","args":["0.dat","034.log","034.xoutput"],"id":40,"resource":"512","request_start":1576628116383,"request_end":1576628127462,"request_duration":11079,"type":"512"}
{"start":1576628116775,"end":1576628127452,"duration":10677,"downloading_duration":1009,"execution_duration":8960,"uploading_duration":708,"executable":"ellipsoids-openmp","args":["0.dat","046.log","046.xoutput"],"id":52,"resource":"512","request_start":1576628116394,"request_end":1576628127472,"request_duration":11078,"type":"512"}
{"start":1576628116750,"end":1576628127463,"duration":10713,"downloading_duration":1032,"execution_duration":9103,"uploading_duration":578,"executable":"ellipsoids-openmp","args":["0.dat","038.log","038.xoutput"],"id":44,"resource":"512","request_start":1576628116387,"request_end":1576628127484,"request_duration":11097,"type":"512"}
{"start":1576628116704,"end":1576628127466,"duration":10762,"downloading_duration":1056,"execution_duration":9121,"uploading_duration":585,"executable":"ellipsoids-openmp","args":["0.dat","07.log","07.xoutput"],"id":13,"resource":"512","request_start":1576628116353,"request_end":1576628127488,"request_duration":11135,"type":"512"}
{"start":1576628116706,"end":1576628127467,"duration":10761,"downloading_duration":1081,"execution_duration":9040,"uploading_duration":640,"executable":"ellipsoids-openmp","args":["0.dat","010.log","010.xoutput"],"id":16,"resource":"512","request_start":1576628116357,"request_end":1576628127497,"request_duration":11140,"type":"512"}
{"start":1576628116755,"end":1576628127481,"duration":10726,"downloading_duration":1040,"execution_duration":9022,"uploading_duration":664,"executable":"ellipsoids-openmp","args":["0.dat","039.log","039.xoutput"],"id":45,"resource":"512","request_start":1576628116388,"request_end":1576628127502,"request_duration":11114,"type":"512"}
{"start":1576628116784,"end":1576628127521,"duration":10737,"downloading_duration":1104,"execution_duration":9020,"uploading_duration":613,"executable":"ellipsoids-openmp","args":["0.dat","00.log","00.xoutput"],"id":6,"resource":"512","request_start":1576628116398,"request_end":1576628127544,"request_duration":11146,"type":"512"}
{"start":1576628116749,"end":1576628127522,"duration":10773,"downloading_duration":1063,"execution_duration":9080,"uploading_duration":630,"executable":"ellipsoids-openmp","args":["0.dat","030.log","030.xoutput"],"id":36,"resource":"512","request_start":1576628116380,"request_end":1576628127548,"request_duration":11168,"type":"512"}
{"start":1576628116705,"end":1576628127564,"duration":10859,"downloading_duration":1029,"execution_duration":9199,"uploading_duration":631,"executable":"ellipsoids-openmp","args":["0.dat","09.log","09.xoutput"],"id":15,"resource":"512","request_start":1576628116356,"request_end":1576628127584,"request_duration":11228,"type":"512"}
{"start":1576628116746,"end":1576628127571,"duration":10825,"downloading_duration":1022,"execution_duration":9183,"uploading_duration":620,"executable":"ellipsoids-openmp","args":["0.dat","029.log","029.xoutput"],"id":35,"resource":"512","request_start":1576628116379,"request_end":1576628127598,"request_duration":11219,"type":"512"}
{"start":1576628116711,"end":1576628127582,"duration":10871,"downloading_duration":1108,"execution_duration":9123,"uploading_duration":640,"executable":"ellipsoids-openmp","args":["0.dat","020.log","020.xoutput"],"id":26,"resource":"512","request_start":1576628116371,"request_end":1576628127603,"request_duration":11232,"type":"512"}
{"start":1576628116752,"end":1576628127588,"duration":10836,"downloading_duration":1037,"execution_duration":9122,"uploading_duration":677,"executable":"ellipsoids-openmp","args":["0.dat","027.log","027.xoutput"],"id":33,"resource":"512","request_start":1576628116377,"request_end":1576628127606,"request_duration":11229,"type":"512"}
{"start":1576628116714,"end":1576628127588,"duration":10874,"downloading_duration":1038,"execution_duration":9222,"uploading_duration":614,"executable":"ellipsoids-openmp","args":["0.dat","025.log","025.xoutput"],"id":31,"resource":"512","request_start":1576628116376,"request_end":1576628127624,"request_duration":11248,"type":"512"}
{"start":1576628116706,"end":1576628127589,"duration":10883,"downloading_duration":1004,"execution_duration":9198,"uploading_duration":681,"executable":"ellipsoids-openmp","args":["0.dat","05.log","05.xoutput"],"id":11,"resource":"512","request_start":1576628116349,"request_end":1576628127628,"request_duration":11279,"type":"512"}
{"start":1576628116754,"end":1576628127593,"duration":10839,"downloading_duration":1037,"execution_duration":9220,"uploading_duration":582,"executable":"ellipsoids-openmp","args":["0.dat","033.log","033.xoutput"],"id":39,"resource":"512","request_start":1576628116382,"request_end":1576628127631,"request_duration":11249,"type":"512"}
{"start":1576628116709,"end":1576628127600,"duration":10891,"downloading_duration":1090,"execution_duration":9200,"uploading_duration":601,"executable":"ellipsoids-openmp","args":["0.dat","019.log","019.xoutput"],"id":25,"resource":"512","request_start":1576628116370,"request_end":1576628127632,"request_duration":11262,"type":"512"}
{"start":1576628116750,"end":1576628127603,"duration":10853,"downloading_duration":1031,"execution_duration":9222,"uploading_duration":600,"executable":"ellipsoids-openmp","args":["0.dat","028.log","028.xoutput"],"id":34,"resource":"512","request_start":1576628116378,"request_end":1576628127634,"request_duration":11256,"type":"512"}
{"start":1576628116694,"end":1576628127606,"duration":10912,"downloading_duration":1006,"execution_duration":9302,"uploading_duration":604,"executable":"ellipsoids-openmp","args":["0.dat","04.log","04.xoutput"],"id":10,"resource":"512","request_start":1576628116347,"request_end":1576628127636,"request_duration":11289,"type":"512"}
{"start":1576628116713,"end":1576628127614,"duration":10901,"downloading_duration":1095,"execution_duration":9161,"uploading_duration":645,"executable":"ellipsoids-openmp","args":["0.dat","012.log","012.xoutput"],"id":18,"resource":"512","request_start":1576628116360,"request_end":1576628127645,"request_duration":11285,"type":"512"}
{"start":1576628116707,"end":1576628127616,"duration":10909,"downloading_duration":1023,"execution_duration":9279,"uploading_duration":607,"executable":"ellipsoids-openmp","args":["0.dat","014.log","014.xoutput"],"id":20,"resource":"512","request_start":1576628116362,"request_end":1576628127647,"request_duration":11285,"type":"512"}
{"start":1576628116710,"end":1576628127642,"duration":10932,"downloading_duration":1099,"execution_duration":9257,"uploading_duration":576,"executable":"ellipsoids-openmp","args":["0.dat","016.log","016.xoutput"],"id":22,"resource":"512","request_start":1576628116364,"request_end":1576628127660,"request_duration":11296,"type":"512"}
{"start":1576628116706,"end":1576628127646,"duration":10940,"downloading_duration":981,"execution_duration":9360,"uploading_duration":599,"executable":"ellipsoids-openmp","args":["0.dat","015.log","015.xoutput"],"id":21,"resource":"512","request_start":1576628116363,"request_end":1576628127669,"request_duration":11306,"type":"512"}
{"start":1576628116754,"end":1576628127668,"duration":10914,"downloading_duration":1022,"execution_duration":9261,"uploading_duration":631,"executable":"ellipsoids-openmp","args":["0.dat","036.log","036.xoutput"],"id":42,"resource":"512","request_start":1576628116385,"request_end":1576628127686,"request_duration":11301,"type":"512"}
{"start":1576628116714,"end":1576628127669,"duration":10955,"downloading_duration":1074,"execution_duration":9261,"uploading_duration":620,"executable":"ellipsoids-openmp","args":["0.dat","023.log","023.xoutput"],"id":29,"resource":"512","request_start":1576628116374,"request_end":1576628127691,"request_duration":11317,"type":"512"}
{"start":1576628116711,"end":1576628127694,"duration":10983,"downloading_duration":1082,"execution_duration":9263,"uploading_duration":638,"executable":"ellipsoids-openmp","args":["0.dat","018.log","018.xoutput"],"id":24,"resource":"512","request_start":1576628116369,"request_end":1576628127713,"request_duration":11344,"type":"512"}
{"start":1576628116712,"end":1576628127701,"duration":10989,"downloading_duration":1010,"execution_duration":9360,"uploading_duration":619,"executable":"ellipsoids-openmp","args":["0.dat","03.log","03.xoutput"],"id":9,"resource":"512","request_start":1576628116400,"request_end":1576628127723,"request_duration":11323,"type":"512"}
{"start":1576628116716,"end":1576628127721,"duration":11005,"downloading_duration":1097,"execution_duration":9041,"uploading_duration":867,"executable":"ellipsoids-openmp","args":["0.dat","022.log","022.xoutput"],"id":28,"resource":"512","request_start":1576628116373,"request_end":1576628127743,"request_duration":11370,"type":"512"}
{"start":1576628116715,"end":1576628127723,"duration":11008,"downloading_duration":1111,"execution_duration":9303,"uploading_duration":594,"executable":"ellipsoids-openmp","args":["0.dat","021.log","021.xoutput"],"id":27,"resource":"512","request_start":1576628116372,"request_end":1576628127745,"request_duration":11373,"type":"512"}
{"start":1576628116744,"end":1576628127763,"duration":11019,"downloading_duration":1137,"execution_duration":9261,"uploading_duration":621,"executable":"ellipsoids-openmp","args":["0.dat","026.log","026.xoutput"],"id":32,"resource":"512","request_start":1576628116377,"request_end":1576628127782,"request_duration":11405,"type":"512"}
{"start":1576628116716,"end":1576628127768,"duration":11052,"downloading_duration":1119,"execution_duration":9300,"uploading_duration":633,"executable":"ellipsoids-openmp","args":["0.dat","024.log","024.xoutput"],"id":30,"resource":"512","request_start":1576628116375,"request_end":1576628127793,"request_duration":11418,"type":"512"}
{"start":1576628116707,"end":1576628127769,"duration":11062,"downloading_duration":1121,"execution_duration":9319,"uploading_duration":622,"executable":"ellipsoids-openmp","args":["0.dat","011.log","011.xoutput"],"id":17,"resource":"512","request_start":1576628116358,"request_end":1576628127795,"request_duration":11437,"type":"512"}
{"start":1576628116710,"end":1576628127816,"duration":11106,"downloading_duration":1061,"execution_duration":9279,"uploading_duration":766,"executable":"ellipsoids-openmp","args":["0.dat","013.log","013.xoutput"],"id":19,"resource":"512","request_start":1576628116361,"request_end":1576628127837,"request_duration":11476,"type":"512"}
{"start":1576628116750,"end":1576628127820,"duration":11070,"downloading_duration":1012,"execution_duration":9317,"uploading_duration":741,"executable":"ellipsoids-openmp","args":["0.dat","032.log","032.xoutput"],"id":38,"resource":"512","request_start":1576628116382,"request_end":1576628127842,"request_duration":11460,"type":"512"}
{"start":1576628116761,"end":1576628128274,"duration":11513,"downloading_duration":1595,"execution_duration":9157,"uploading_duration":761,"executable":"ellipsoids-openmp","args":["0.dat","044.log","044.xoutput"],"id":50,"resource":"512","request_start":1576628116393,"request_end":1576628128295,"request_duration":11902,"type":"512"}
{"start":1576628125480,"end":1576628134514,"duration":9034,"downloading_duration":1013,"execution_duration":7380,"uploading_duration":641,"executable":"ellipsoids-openmp","args":["2.dat","21.log","21.xoutput"],"id":107,"resource":"512","request_start":1576628116469,"request_end":1576628134537,"request_duration":18068,"type":"512"}
{"start":1576628125598,"end":1576628134626,"duration":9028,"downloading_duration":1039,"execution_duration":7379,"uploading_duration":610,"executable":"ellipsoids-openmp","args":["2.dat","22.log","22.xoutput"],"id":108,"resource":"512","request_start":1576628116469,"request_end":1576628134763,"request_duration":18294,"type":"512"}
{"start":1576628125404,"end":1576628134768,"duration":9364,"downloading_duration":1078,"execution_duration":7619,"uploading_duration":667,"executable":"ellipsoids-openmp","args":["2.dat","20.log","20.xoutput"],"id":106,"resource":"512","request_start":1576628116468,"request_end":1576628134829,"request_duration":18361,"type":"512"}
{"start":1576628127074,"end":1576628137498,"duration":10424,"downloading_duration":1129,"execution_duration":8701,"uploading_duration":594,"executable":"ellipsoids-openmp","args":["2.dat","23.log","23.xoutput"],"id":109,"resource":"512","request_start":1576628116470,"request_end":1576628137517,"request_duration":21047,"type":"512"}
{"start":1576628127113,"end":1576628137593,"duration":10480,"downloading_duration":1076,"execution_duration":8797,"uploading_duration":607,"executable":"ellipsoids-openmp","args":["2.dat","24.log","24.xoutput"],"id":110,"resource":"512","request_start":1576628116470,"request_end":1576628137613,"request_duration":21143,"type":"512"}
{"start":1576628127297,"end":1576628137803,"duration":10506,"downloading_duration":1024,"execution_duration":8881,"uploading_duration":601,"executable":"ellipsoids-openmp","args":["2.dat","27.log","27.xoutput"],"id":113,"resource":"512","request_start":1576628116472,"request_end":1576628137825,"request_duration":21353,"type":"512"}
{"start":1576628127438,"end":1576628137825,"duration":10387,"downloading_duration":1041,"execution_duration":8739,"uploading_duration":607,"executable":"ellipsoids-openmp","args":["2.dat","213.log","213.xoutput"],"id":119,"resource":"512","request_start":1576628116478,"request_end":1576628137849,"request_duration":21371,"type":"512"}
{"start":1576628127370,"end":1576628137874,"duration":10504,"downloading_duration":1030,"execution_duration":8819,"uploading_duration":655,"executable":"ellipsoids-openmp","args":["2.dat","211.log","211.xoutput"],"id":117,"resource":"512","request_start":1576628116474,"request_end":1576628137893,"request_duration":21419,"type":"512"}
{"start":1576628127277,"end":1576628137902,"duration":10625,"downloading_duration":1130,"execution_duration":8881,"uploading_duration":614,"executable":"ellipsoids-openmp","args":["2.dat","25.log","25.xoutput"],"id":111,"resource":"512","request_start":1576628116471,"request_end":1576628137923,"request_duration":21452,"type":"512"}
{"start":1576628127362,"end":1576628137916,"duration":10554,"downloading_duration":1104,"execution_duration":8840,"uploading_duration":610,"executable":"ellipsoids-openmp","args":["2.dat","29.log","29.xoutput"],"id":115,"resource":"512","request_start":1576628116473,"request_end":1576628137935,"request_duration":21462,"type":"512"}
{"start":1576628127355,"end":1576628137935,"duration":10580,"downloading_duration":1020,"execution_duration":8961,"uploading_duration":599,"executable":"ellipsoids-openmp","args":["2.dat","28.log","28.xoutput"],"id":114,"resource":"512","request_start":1576628116472,"request_end":1576628137952,"request_duration":21480,"type":"512"}
{"start":1576628127504,"end":1576628137965,"duration":10461,"downloading_duration":1021,"execution_duration":8801,"uploading_duration":639,"executable":"ellipsoids-openmp","args":["2.dat","217.log","217.xoutput"],"id":123,"resource":"512","request_start":1576628116480,"request_end":1576628137985,"request_duration":21505,"type":"512"}
{"start":1576628127385,"end":1576628137979,"duration":10594,"downloading_duration":1052,"execution_duration":8862,"uploading_duration":680,"executable":"ellipsoids-openmp","args":["2.dat","212.log","212.xoutput"],"id":118,"resource":"512","request_start":1576628116475,"request_end":1576628137998,"request_duration":21523,"type":"512"}
{"start":1576628127362,"end":1576628138029,"duration":10667,"downloading_duration":1097,"execution_duration":8958,"uploading_duration":612,"executable":"ellipsoids-openmp","args":["2.dat","210.log","210.xoutput"],"id":116,"resource":"512","request_start":1576628116473,"request_end":1576628138048,"request_duration":21575,"type":"512"}
{"start":1576628127291,"end":1576628138059,"duration":10768,"downloading_duration":1266,"execution_duration":8884,"uploading_duration":618,"executable":"ellipsoids-openmp","args":["2.dat","26.log","26.xoutput"],"id":112,"resource":"512","request_start":1576628116471,"request_end":1576628138083,"request_duration":21612,"type":"512"}
{"start":1576628127577,"end":1576628138093,"duration":10516,"downloading_duration":1031,"execution_duration":8880,"uploading_duration":605,"executable":"ellipsoids-openmp","args":["2.dat","223.log","223.xoutput"],"id":129,"resource":"512","request_start":1576628116484,"request_end":1576628138112,"request_duration":21628,"type":"512"}
{"start":1576628127487,"end":1576628138107,"duration":10620,"downloading_duration":1008,"execution_duration":9003,"uploading_duration":609,"executable":"ellipsoids-openmp","args":["2.dat","216.log","216.xoutput"],"id":122,"resource":"512","request_start":1576628116480,"request_end":1576628138127,"request_duration":21647,"type":"512"}
{"start":1576628127677,"end":1576628138168,"duration":10491,"downloading_duration":1011,"execution_duration":8920,"uploading_duration":560,"executable":"ellipsoids-openmp","args":["2.dat","235.log","235.xoutput"],"id":141,"resource":"512","request_start":1576628116490,"request_end":1576628138187,"request_duration":21697,"type":"512"}
{"start":1576628127524,"end":1576628138176,"duration":10652,"downloading_duration":1017,"execution_duration":9021,"uploading_duration":614,"executable":"ellipsoids-openmp","args":["2.dat","220.log","220.xoutput"],"id":126,"resource":"512","request_start":1576628116482,"request_end":1576628138195,"request_duration":21713,"type":"512"}
{"start":1576628127629,"end":1576628138179,"duration":10550,"downloading_duration":1039,"execution_duration":8901,"uploading_duration":610,"executable":"ellipsoids-openmp","args":["2.dat","226.log","226.xoutput"],"id":132,"resource":"512","request_start":1576628116485,"request_end":1576628138200,"request_duration":21715,"type":"512"}
{"start":1576628127697,"end":1576628138193,"duration":10496,"downloading_duration":1084,"execution_duration":8823,"uploading_duration":589,"executable":"ellipsoids-openmp","args":["2.dat","237.log","237.xoutput"],"id":143,"resource":"512","request_start":1576628116491,"request_end":1576628138212,"request_duration":21721,"type":"512"}
{"start":1576628127660,"end":1576628138206,"duration":10546,"downloading_duration":1026,"execution_duration":8920,"uploading_duration":600,"executable":"ellipsoids-openmp","args":["2.dat","229.log","229.xoutput"],"id":135,"resource":"512","request_start":1576628116487,"request_end":1576628138225,"request_duration":21738,"type":"512"}
{"start":1576628127521,"end":1576628138237,"duration":10716,"downloading_duration":1125,"execution_duration":9018,"uploading_duration":573,"executable":"ellipsoids-openmp","args":["2.dat","219.log","219.xoutput"],"id":125,"resource":"512","request_start":1576628116481,"request_end":1576628138259,"request_duration":21778,"type":"512"}
{"start":1576628127513,"end":1576628138243,"duration":10730,"downloading_duration":1007,"execution_duration":9105,"uploading_duration":618,"executable":"ellipsoids-openmp","args":["2.dat","218.log","218.xoutput"],"id":124,"resource":"512","request_start":1576628116481,"request_end":1576628138262,"request_duration":21781,"type":"512"}
{"start":1576628127443,"end":1576628138295,"duration":10852,"downloading_duration":995,"execution_duration":9238,"uploading_duration":619,"executable":"ellipsoids-openmp","args":["2.dat","214.log","214.xoutput"],"id":120,"resource":"512","request_start":1576628116479,"request_end":1576628138315,"request_duration":21836,"type":"512"}
{"start":1576628127449,"end":1576628138313,"duration":10864,"downloading_duration":1028,"execution_duration":9241,"uploading_duration":595,"executable":"ellipsoids-openmp","args":["2.dat","215.log","215.xoutput"],"id":121,"resource":"512","request_start":1576628116479,"request_end":1576628138332,"request_duration":21853,"type":"512"}
{"start":1576628127746,"end":1576628138322,"duration":10576,"downloading_duration":1009,"execution_duration":8978,"uploading_duration":589,"executable":"ellipsoids-openmp","args":["2.dat","241.log","241.xoutput"],"id":147,"resource":"512","request_start":1576628116493,"request_end":1576628138342,"request_duration":21849,"type":"512"}
{"start":1576628127611,"end":1576628138333,"duration":10722,"downloading_duration":1049,"execution_duration":9004,"uploading_duration":669,"executable":"ellipsoids-openmp","args":["2.dat","224.log","224.xoutput"],"id":130,"resource":"512","request_start":1576628116484,"request_end":1576628138352,"request_duration":21868,"type":"512"}
{"start":1576628127653,"end":1576628138342,"duration":10689,"downloading_duration":1094,"execution_duration":9018,"uploading_duration":577,"executable":"ellipsoids-openmp","args":["2.dat","228.log","228.xoutput"],"id":134,"resource":"512","request_start":1576628116486,"request_end":1576628138364,"request_duration":21878,"type":"512"}
{"start":1576628127819,"end":1576628138376,"duration":10557,"downloading_duration":1047,"execution_duration":8901,"uploading_duration":609,"executable":"ellipsoids-openmp","args":["2.dat","245.log","245.xoutput"],"id":151,"resource":"512","request_start":1576628116495,"request_end":1576628138395,"request_duration":21900,"type":"512"}
{"start":1576628127828,"end":1576628138411,"duration":10583,"downloading_duration":1030,"execution_duration":8980,"uploading_duration":573,"executable":"ellipsoids-openmp","args":["2.dat","246.log","246.xoutput"],"id":152,"resource":"512","request_start":1576628116495,"request_end":1576628138430,"request_duration":21935,"type":"512"}
{"start":1576628127720,"end":1576628138414,"duration":10694,"downloading_duration":1096,"execution_duration":9000,"uploading_duration":598,"executable":"ellipsoids-openmp","args":["2.dat","239.log","239.xoutput"],"id":145,"resource":"512","request_start":1576628116492,"request_end":1576628138433,"request_duration":21941,"type":"512"}
{"start":1576628127531,"end":1576628138417,"duration":10886,"downloading_duration":1200,"execution_duration":9061,"uploading_duration":625,"executable":"ellipsoids-openmp","args":["2.dat","221.log","221.xoutput"],"id":127,"resource":"512","request_start":1576628116483,"request_end":1576628138441,"request_duration":21958,"type":"512"}
{"start":1576628127624,"end":1576628138420,"duration":10796,"downloading_duration":1185,"execution_duration":8999,"uploading_duration":612,"executable":"ellipsoids-openmp","args":["2.dat","225.log","225.xoutput"],"id":131,"resource":"512","request_start":1576628116485,"request_end":1576628138446,"request_duration":21961,"type":"512"}
{"start":1576628127775,"end":1576628138455,"duration":10680,"downloading_duration":1092,"execution_duration":8999,"uploading_duration":589,"executable":"ellipsoids-openmp","args":["2.dat","243.log","243.xoutput"],"id":149,"resource":"512","request_start":1576628116494,"request_end":1576628138475,"request_duration":21981,"type":"512"}
{"start":1576628127663,"end":1576628138465,"duration":10802,"downloading_duration":1056,"execution_duration":9161,"uploading_duration":585,"executable":"ellipsoids-openmp","args":["2.dat","232.log","232.xoutput"],"id":138,"resource":"512","request_start":1576628116488,"request_end":1576628138485,"request_duration":21997,"type":"512"}
{"start":1576628127673,"end":1576628138490,"duration":10817,"downloading_duration":1057,"execution_duration":9098,"uploading_duration":662,"executable":"ellipsoids-openmp","args":["2.dat","234.log","234.xoutput"],"id":140,"resource":"512","request_start":1576628116489,"request_end":1576628138508,"request_duration":22019,"type":"512"}
{"start":1576628127771,"end":1576628138493,"duration":10722,"downloading_duration":1111,"execution_duration":9004,"uploading_duration":607,"executable":"ellipsoids-openmp","args":["2.dat","242.log","242.xoutput"],"id":148,"resource":"512","request_start":1576628116493,"request_end":1576628138513,"request_duration":22020,"type":"512"}
{"start":1576628127665,"end":1576628138507,"duration":10842,"downloading_duration":1028,"execution_duration":9200,"uploading_duration":614,"executable":"ellipsoids-openmp","args":["2.dat","231.log","231.xoutput"],"id":137,"resource":"512","request_start":1576628116488,"request_end":1576628138683,"request_duration":22195,"type":"512"}
{"start":1576628127665,"end":1576628138564,"duration":10899,"downloading_duration":1003,"execution_duration":9278,"uploading_duration":618,"executable":"ellipsoids-openmp","args":["2.dat","233.log","233.xoutput"],"id":139,"resource":"512","request_start":1576628116489,"request_end":1576628138692,"request_duration":22203,"type":"512"}
{"start":1576628127866,"end":1576628138583,"duration":10717,"downloading_duration":1146,"execution_duration":8997,"uploading_duration":574,"executable":"ellipsoids-openmp","args":["2.dat","247.log","247.xoutput"],"id":153,"resource":"512","request_start":1576628116496,"request_end":1576628138697,"request_duration":22201,"type":"512"}
{"start":1576628127638,"end":1576628138637,"duration":10999,"downloading_duration":1124,"execution_duration":9241,"uploading_duration":634,"executable":"ellipsoids-openmp","args":["2.dat","227.log","227.xoutput"],"id":133,"resource":"512","request_start":1576628116486,"request_end":1576628138709,"request_duration":22223,"type":"512"}
{"start":1576628127568,"end":1576628138663,"duration":11095,"downloading_duration":1046,"execution_duration":9239,"uploading_duration":810,"executable":"ellipsoids-openmp","args":["2.dat","222.log","222.xoutput"],"id":128,"resource":"512","request_start":1576628116483,"request_end":1576628138713,"request_duration":22230,"type":"512"}
{"start":1576628127738,"end":1576628138680,"duration":10942,"downloading_duration":1089,"execution_duration":9283,"uploading_duration":570,"executable":"ellipsoids-openmp","args":["2.dat","240.log","240.xoutput"],"id":146,"resource":"512","request_start":1576628116492,"request_end":1576628138724,"request_duration":22232,"type":"512"}
{"start":1576628127664,"end":1576628138682,"duration":11018,"downloading_duration":1067,"execution_duration":9201,"uploading_duration":750,"executable":"ellipsoids-openmp","args":["2.dat","230.log","230.xoutput"],"id":136,"resource":"512","request_start":1576628116487,"request_end":1576628138726,"request_duration":22239,"type":"512"}
{"start":1576628127684,"end":1576628138755,"duration":11071,"downloading_duration":1093,"execution_duration":8862,"uploading_duration":1116,"executable":"ellipsoids-openmp","args":["2.dat","236.log","236.xoutput"],"id":142,"resource":"512","request_start":1576628116490,"request_end":1576628138775,"request_duration":22285,"type":"512"}
{"start":1576628128319,"end":1576628138891,"duration":10572,"downloading_duration":1054,"execution_duration":8902,"uploading_duration":616,"executable":"ellipsoids-openmp","args":["2.dat","249.log","249.xoutput"],"id":155,"resource":"512","request_start":1576628116497,"request_end":1576628138912,"request_duration":22415,"type":"512"}
{"start":1576628127805,"end":1576628138914,"duration":11109,"downloading_duration":1072,"execution_duration":9321,"uploading_duration":716,"executable":"ellipsoids-openmp","args":["2.dat","244.log","244.xoutput"],"id":150,"resource":"512","request_start":1576628116494,"request_end":1576628138936,"request_duration":22442,"type":"512"}
{"start":1576628127868,"end":1576628139107,"duration":11239,"downloading_duration":1032,"execution_duration":9499,"uploading_duration":708,"executable":"ellipsoids-openmp","args":["2.dat","248.log","248.xoutput"],"id":154,"resource":"512","request_start":1576628116497,"request_end":1576628139131,"request_duration":22634,"type":"512"}
{"start":1576628127713,"end":1576628139260,"duration":11547,"downloading_duration":1766,"execution_duration":9141,"uploading_duration":640,"executable":"ellipsoids-openmp","args":["2.dat","238.log","238.xoutput"],"id":144,"resource":"512","request_start":1576628116491,"request_end":1576628139282,"request_duration":22791,"type":"512"}
{"start":1576628134567,"end":1576628143536,"duration":8969,"downloading_duration":989,"execution_duration":7316,"uploading_duration":664,"executable":"ellipsoids-openmp","args":["3.dat","30.log","30.xoutput"],"id":156,"resource":"512","request_start":1576628116523,"request_end":1576628143558,"request_duration":27035,"type":"512"}
{"start":1576628134797,"end":1576628143845,"duration":9048,"downloading_duration":1105,"execution_duration":7341,"uploading_duration":602,"executable":"ellipsoids-openmp","args":["3.dat","31.log","31.xoutput"],"id":157,"resource":"512","request_start":1576628116524,"request_end":1576628143866,"request_duration":27342,"type":"512"}
{"start":1576628134858,"end":1576628144004,"duration":9146,"downloading_duration":1100,"execution_duration":7419,"uploading_duration":627,"executable":"ellipsoids-openmp","args":["3.dat","32.log","32.xoutput"],"id":158,"resource":"512","request_start":1576628116524,"request_end":1576628144023,"request_duration":27499,"type":"512"}
{"start":1576628138015,"end":1576628147694,"duration":9679,"downloading_duration":1022,"execution_duration":8040,"uploading_duration":617,"executable":"ellipsoids-openmp","args":["3.dat","311.log","311.xoutput"],"id":167,"resource":"512","request_start":1576628116529,"request_end":1576628147716,"request_duration":31187,"type":"512"}
{"start":1576628138212,"end":1576628147936,"duration":9724,"downloading_duration":1083,"execution_duration":8032,"uploading_duration":609,"executable":"ellipsoids-openmp","args":["3.dat","317.log","317.xoutput"],"id":173,"resource":"512","request_start":1576628116532,"request_end":1576628147955,"request_duration":31423,"type":"512"}
{"start":1576628138025,"end":1576628147982,"duration":9957,"downloading_duration":1015,"execution_duration":8317,"uploading_duration":625,"executable":"ellipsoids-openmp","args":["3.dat","312.log","312.xoutput"],"id":168,"resource":"512","request_start":1576628116529,"request_end":1576628148002,"request_duration":31473,"type":"512"}
{"start":1576628138153,"end":1576628148024,"duration":9871,"downloading_duration":1086,"execution_duration":8161,"uploading_duration":624,"executable":"ellipsoids-openmp","args":["3.dat","316.log","316.xoutput"],"id":172,"resource":"512","request_start":1576628116531,"request_end":1576628148047,"request_duration":31516,"type":"512"}
{"start":1576628138075,"end":1576628148073,"duration":9998,"downloading_duration":1023,"execution_duration":8380,"uploading_duration":595,"executable":"ellipsoids-openmp","args":["3.dat","313.log","313.xoutput"],"id":169,"resource":"512","request_start":1576628116530,"request_end":1576628148092,"request_duration":31562,"type":"512"}
{"start":1576628137948,"end":1576628148081,"duration":10133,"downloading_duration":1109,"execution_duration":8456,"uploading_duration":568,"executable":"ellipsoids-openmp","args":["3.dat","38.log","38.xoutput"],"id":164,"resource":"512","request_start":1576628116527,"request_end":1576628148102,"request_duration":31575,"type":"512"}
{"start":1576628138107,"end":1576628148092,"duration":9985,"downloading_duration":1101,"execution_duration":8244,"uploading_duration":640,"executable":"ellipsoids-openmp","args":["3.dat","314.log","314.xoutput"],"id":170,"resource":"512","request_start":1576628116530,"request_end":1576628148112,"request_duration":31582,"type":"512"}
{"start":1576628137542,"end":1576628148110,"duration":10568,"downloading_duration":1081,"execution_duration":8903,"uploading_duration":584,"executable":"ellipsoids-openmp","args":["3.dat","33.log","33.xoutput"],"id":159,"resource":"512","request_start":1576628116525,"request_end":1576628148128,"request_duration":31603,"type":"512"}
{"start":1576628137980,"end":1576628148114,"duration":10134,"downloading_duration":1106,"execution_duration":8381,"uploading_duration":647,"executable":"ellipsoids-openmp","args":["3.dat","310.log","310.xoutput"],"id":166,"resource":"512","request_start":1576628116528,"request_end":1576628148135,"request_duration":31607,"type":"512"}
{"start":1576628138141,"end":1576628148122,"duration":9981,"downloading_duration":994,"execution_duration":8201,"uploading_duration":786,"executable":"ellipsoids-openmp","args":["3.dat","315.log","315.xoutput"],"id":171,"resource":"512","request_start":1576628116531,"request_end":1576628148146,"request_duration":31615,"type":"512"}
{"start":1576628138241,"end":1576628148166,"duration":9925,"downloading_duration":1000,"execution_duration":8301,"uploading_duration":624,"executable":"ellipsoids-openmp","args":["3.dat","320.log","320.xoutput"],"id":176,"resource":"512","request_start":1576628116533,"request_end":1576628148192,"request_duration":31659,"type":"512"}
{"start":1576628137854,"end":1576628148214,"duration":10360,"downloading_duration":1027,"execution_duration":8738,"uploading_duration":595,"executable":"ellipsoids-openmp","args":["3.dat","35.log","35.xoutput"],"id":161,"resource":"512","request_start":1576628116526,"request_end":1576628148235,"request_duration":31709,"type":"512"}
{"start":1576628138224,"end":1576628148239,"duration":10015,"downloading_duration":1077,"execution_duration":8340,"uploading_duration":598,"executable":"ellipsoids-openmp","args":["3.dat","318.log","318.xoutput"],"id":174,"resource":"512","request_start":1576628116532,"request_end":1576628148262,"request_duration":31730,"type":"512"}
{"start":1576628138458,"end":1576628148311,"duration":9853,"downloading_duration":1098,"execution_duration":8162,"uploading_duration":593,"executable":"ellipsoids-openmp","args":["3.dat","330.log","330.xoutput"],"id":186,"resource":"512","request_start":1576628116539,"request_end":1576628148338,"request_duration":31799,"type":"512"}
{"start":1576628138290,"end":1576628148324,"duration":10034,"downloading_duration":1076,"execution_duration":8236,"uploading_duration":722,"executable":"ellipsoids-openmp","args":["3.dat","323.log","323.xoutput"],"id":179,"resource":"512","request_start":1576628116535,"request_end":1576628148363,"request_duration":31828,"type":"512"}
{"start":1576628138228,"end":1576628148335,"duration":10107,"downloading_duration":1020,"execution_duration":8422,"uploading_duration":665,"executable":"ellipsoids-openmp","args":["3.dat","319.log","319.xoutput"],"id":175,"resource":"512","request_start":1576628116533,"request_end":1576628148371,"request_duration":31838,"type":"512"}
{"start":1576628137644,"end":1576628148416,"duration":10772,"downloading_duration":1024,"execution_duration":9079,"uploading_duration":669,"executable":"ellipsoids-openmp","args":["3.dat","34.log","34.xoutput"],"id":160,"resource":"512","request_start":1576628116525,"request_end":1576628148440,"request_duration":31915,"type":"512"}
{"start":1576628138390,"end":1576628148439,"duration":10049,"downloading_duration":1016,"execution_duration":8382,"uploading_duration":651,"executable":"ellipsoids-openmp","args":["3.dat","328.log","328.xoutput"],"id":184,"resource":"512","request_start":1576628116538,"request_end":1576628148462,"request_duration":31924,"type":"512"}
{"start":1576628138457,"end":1576628148475,"duration":10018,"downloading_duration":1150,"execution_duration":8240,"uploading_duration":628,"executable":"ellipsoids-openmp","args":["3.dat","331.log","331.xoutput"],"id":187,"resource":"512","request_start":1576628116539,"request_end":1576628148495,"request_duration":31956,"type":"512"}
{"start":1576628137876,"end":1576628148500,"duration":10624,"downloading_duration":1024,"execution_duration":8942,"uploading_duration":658,"executable":"ellipsoids-openmp","args":["3.dat","36.log","36.xoutput"],"id":162,"resource":"512","request_start":1576628116526,"request_end":1576628148522,"request_duration":31996,"type":"512"}
{"start":1576628138293,"end":1576628148523,"duration":10230,"downloading_duration":1095,"execution_duration":8442,"uploading_duration":693,"executable":"ellipsoids-openmp","args":["3.dat","322.log","322.xoutput"],"id":178,"resource":"512","request_start":1576628116534,"request_end":1576628148545,"request_duration":32011,"type":"512"}
{"start":1576628138501,"end":1576628148540,"duration":10039,"downloading_duration":1003,"execution_duration":8421,"uploading_duration":615,"executable":"ellipsoids-openmp","args":["3.dat","334.log","334.xoutput"],"id":190,"resource":"512","request_start":1576628116541,"request_end":1576628148559,"request_duration":32018,"type":"512"}
{"start":1576628138475,"end":1576628148542,"duration":10067,"downloading_duration":1044,"execution_duration":8462,"uploading_duration":561,"executable":"ellipsoids-openmp","args":["3.dat","333.log","333.xoutput"],"id":189,"resource":"512","request_start":1576628116540,"request_end":1576628148562,"request_duration":32022,"type":"512"}
{"start":1576628138378,"end":1576628148545,"duration":10167,"downloading_duration":1100,"execution_duration":8418,"uploading_duration":649,"executable":"ellipsoids-openmp","args":["3.dat","327.log","327.xoutput"],"id":183,"resource":"512","request_start":1576628116537,"request_end":1576628148569,"request_duration":32032,"type":"512"}
{"start":1576628138724,"end":1576628148571,"duration":9847,"downloading_duration":1082,"execution_duration":8163,"uploading_duration":602,"executable":"ellipsoids-openmp","args":["3.dat","339.log","339.xoutput"],"id":195,"resource":"512","request_start":1576628116544,"request_end":1576628148592,"request_duration":32048,"type":"512"}
{"start":1576628137921,"end":1576628148586,"duration":10665,"downloading_duration":1025,"execution_duration":9024,"uploading_duration":616,"executable":"ellipsoids-openmp","args":["3.dat","37.log","37.xoutput"],"id":163,"resource":"512","request_start":1576628116527,"request_end":1576628148638,"request_duration":32111,"type":"512"}
{"start":1576628138475,"end":1576628148596,"duration":10121,"downloading_duration":1050,"execution_duration":8443,"uploading_duration":628,"executable":"ellipsoids-openmp","args":["3.dat","332.log","332.xoutput"],"id":188,"resource":"512","request_start":1576628116540,"request_end":1576628148640,"request_duration":32100,"type":"512"}
{"start":1576628138356,"end":1576628148643,"duration":10287,"downloading_duration":1189,"execution_duration":8482,"uploading_duration":616,"executable":"ellipsoids-openmp","args":["3.dat","325.log","325.xoutput"],"id":181,"resource":"512","request_start":1576628116536,"request_end":1576628148662,"request_duration":32126,"type":"512"}
{"start":1576628138966,"end":1576628148735,"duration":9769,"downloading_duration":1089,"execution_duration":8058,"uploading_duration":622,"executable":"ellipsoids-openmp","args":["3.dat","347.log","347.xoutput"],"id":203,"resource":"512","request_start":1576628116548,"request_end":1576628148752,"request_duration":32204,"type":"512"}
{"start":1576628138252,"end":1576628148740,"duration":10488,"downloading_duration":1008,"execution_duration":8901,"uploading_duration":579,"executable":"ellipsoids-openmp","args":["3.dat","321.log","321.xoutput"],"id":177,"resource":"512","request_start":1576628116534,"request_end":1576628148762,"request_duration":32228,"type":"512"}
{"start":1576628138745,"end":1576628148756,"duration":10011,"downloading_duration":1164,"execution_duration":8182,"uploading_duration":665,"executable":"ellipsoids-openmp","args":["3.dat","342.log","342.xoutput"],"id":198,"resource":"512","request_start":1576628116545,"request_end":1576628148775,"request_duration":32230,"type":"512"}
{"start":1576628138539,"end":1576628148781,"duration":10242,"downloading_duration":1001,"execution_duration":8500,"uploading_duration":741,"executable":"ellipsoids-openmp","args":["3.dat","337.log","337.xoutput"],"id":193,"resource":"512","request_start":1576628116543,"request_end":1576628148801,"request_duration":32258,"type":"512"}
{"start":1576628138947,"end":1576628148804,"duration":9857,"downloading_duration":1008,"execution_duration":8221,"uploading_duration":628,"executable":"ellipsoids-openmp","args":["3.dat","346.log","346.xoutput"],"id":202,"resource":"512","request_start":1576628116547,"request_end":1576628148823,"request_duration":32276,"type":"512"}
{"start":1576628138803,"end":1576628148808,"duration":10005,"downloading_duration":1032,"execution_duration":8182,"uploading_duration":791,"executable":"ellipsoids-openmp","args":["3.dat","345.log","345.xoutput"],"id":201,"resource":"512","request_start":1576628116547,"request_end":1576628148828,"request_duration":32281,"type":"512"}
{"start":1576628138371,"end":1576628148814,"duration":10443,"downloading_duration":1082,"execution_duration":8723,"uploading_duration":638,"executable":"ellipsoids-openmp","args":["3.dat","326.log","326.xoutput"],"id":182,"resource":"512","request_start":1576628116537,"request_end":1576628148835,"request_duration":32298,"type":"512"}
{"start":1576628138738,"end":1576628148832,"duration":10094,"downloading_duration":1024,"execution_duration":8439,"uploading_duration":631,"executable":"ellipsoids-openmp","args":["3.dat","341.log","341.xoutput"],"id":197,"resource":"512","request_start":1576628116545,"request_end":1576628148852,"request_duration":32307,"type":"512"}
{"start":1576628137962,"end":1576628148908,"duration":10946,"downloading_duration":2025,"execution_duration":8302,"uploading_duration":619,"executable":"ellipsoids-openmp","args":["3.dat","39.log","39.xoutput"],"id":165,"resource":"512","request_start":1576628116528,"request_end":1576628148928,"request_duration":32400,"type":"512"}
{"start":1576628138725,"end":1576628148921,"duration":10196,"downloading_duration":1087,"execution_duration":8502,"uploading_duration":607,"executable":"ellipsoids-openmp","args":["3.dat","340.log","340.xoutput"],"id":196,"resource":"512","request_start":1576628116544,"request_end":1576628148942,"request_duration":32398,"type":"512"}
{"start":1576628138761,"end":1576628148974,"duration":10213,"downloading_duration":1106,"execution_duration":8460,"uploading_duration":647,"executable":"ellipsoids-openmp","args":["3.dat","343.log","343.xoutput"],"id":199,"resource":"512","request_start":1576628116546,"request_end":1576628148996,"request_duration":32450,"type":"512"}
{"start":1576628138537,"end":1576628148977,"duration":10440,"downloading_duration":1050,"execution_duration":8802,"uploading_duration":588,"executable":"ellipsoids-openmp","args":["3.dat","336.log","336.xoutput"],"id":192,"resource":"512","request_start":1576628116542,"request_end":1576628148999,"request_duration":32457,"type":"512"}
{"start":1576628138342,"end":1576628148991,"duration":10649,"downloading_duration":1061,"execution_duration":8497,"uploading_duration":1091,"executable":"ellipsoids-openmp","args":["3.dat","324.log","324.xoutput"],"id":180,"resource":"512","request_start":1576628116535,"request_end":1576628149009,"request_duration":32474,"type":"512"}
{"start":1576628138720,"end":1576628149123,"duration":10403,"downloading_duration":1095,"execution_duration":8699,"uploading_duration":609,"executable":"ellipsoids-openmp","args":["3.dat","338.log","338.xoutput"],"id":194,"resource":"512","request_start":1576628116543,"request_end":1576628149142,"request_duration":32599,"type":"512"}
{"start":1576628139157,"end":1576628149352,"duration":10195,"downloading_duration":1104,"execution_duration":8439,"uploading_duration":652,"executable":"ellipsoids-openmp","args":["3.dat","348.log","348.xoutput"],"id":204,"resource":"512","request_start":1576628116548,"request_end":1576628149374,"request_duration":32826,"type":"512"}
{"start":1576628138423,"end":1576628149427,"duration":11004,"downloading_duration":1910,"execution_duration":8520,"uploading_duration":574,"executable":"ellipsoids-openmp","args":["3.dat","329.log","329.xoutput"],"id":185,"resource":"512","request_start":1576628116538,"request_end":1576628149447,"request_duration":32909,"type":"512"}
{"start":1576628138759,"end":1576628149777,"duration":11018,"downloading_duration":2017,"execution_duration":8342,"uploading_duration":659,"executable":"ellipsoids-openmp","args":["3.dat","344.log","344.xoutput"],"id":200,"resource":"512","request_start":1576628116546,"request_end":1576628149798,"request_duration":33252,"type":"512"}
{"start":1576628139306,"end":1576628150033,"duration":10727,"downloading_duration":1093,"execution_duration":9002,"uploading_duration":632,"executable":"ellipsoids-openmp","args":["3.dat","349.log","349.xoutput"],"id":205,"resource":"512","request_start":1576628116549,"request_end":1576628150052,"request_duration":33503,"type":"512"}
{"start":1576628138514,"end":1576628150046,"duration":11532,"downloading_duration":999,"execution_duration":9940,"uploading_duration":593,"executable":"ellipsoids-openmp","args":["3.dat","335.log","335.xoutput"],"id":191,"resource":"512","request_start":1576628116541,"request_end":1576628150065,"request_duration":33524,"type":"512"}
{"start":1576628144049,"end":1576628152780,"duration":8731,"downloading_duration":1008,"execution_duration":7143,"uploading_duration":580,"executable":"ellipsoids-openmp","args":["1.dat","146.log","146.xoutput"],"id":102,"resource":"512","request_start":1576628116556,"request_end":1576628152800,"request_duration":36244,"type":"512"}
{"start":1576628143584,"end":1576628152912,"duration":9328,"downloading_duration":992,"execution_duration":7196,"uploading_duration":1140,"executable":"ellipsoids-openmp","args":["1.dat","144.log","144.xoutput"],"id":100,"resource":"512","request_start":1576628116555,"request_end":1576628152932,"request_duration":36377,"type":"512"}
{"start":1576628143892,"end":1576628152936,"duration":9044,"downloading_duration":1012,"execution_duration":7442,"uploading_duration":590,"executable":"ellipsoids-openmp","args":["1.dat","145.log","145.xoutput"],"id":101,"resource":"512","request_start":1576628116555,"request_end":1576628152955,"request_duration":36400,"type":"512"}
{"start":1576628152836,"end":1576628154819,"duration":1983,"downloading_duration":1599,"execution_duration":3,"uploading_duration":381,"executable":"mean-pack-ell","args":["00.xoutput","01.xoutput","02.xoutput","03.xoutput","04.xoutput","05.xoutput","06.xoutput","07.xoutput","08.xoutput","09.xoutput","010.xoutput","011.xoutput","012.xoutput","013.xoutput","014.xoutput","015.xoutput","016.xoutput","017.xoutput","018.xoutput","019.xoutput","020.xoutput","021.xoutput","022.xoutput","023.xoutput","024.xoutput","025.xoutput","026.xoutput","027.xoutput","028.xoutput","029.xoutput","030.xoutput","031.xoutput","032.xoutput","033.xoutput","034.xoutput","035.xoutput","036.xoutput","037.xoutput","038.xoutput","039.xoutput","040.xoutput","041.xoutput","042.xoutput","043.xoutput","044.xoutput","045.xoutput","046.xoutput","047.xoutput","048.xoutput","049.xoutput","average_0.txt"],"id":206,"resource":"512","request_start":1576628128314,"request_end":1576628154840,"request_duration":26526,"type":"512"}
{"start":1576628152987,"end":1576628154967,"duration":1980,"downloading_duration":1525,"execution_duration":20,"uploading_duration":435,"executable":"mean-pack-ell","args":["30.xoutput","31.xoutput","32.xoutput","33.xoutput","34.xoutput","35.xoutput","36.xoutput","37.xoutput","38.xoutput","39.xoutput","310.xoutput","311.xoutput","312.xoutput","313.xoutput","314.xoutput","315.xoutput","316.xoutput","317.xoutput","318.xoutput","319.xoutput","320.xoutput","321.xoutput","322.xoutput","323.xoutput","324.xoutput","325.xoutput","326.xoutput","327.xoutput","328.xoutput","329.xoutput","330.xoutput","331.xoutput","332.xoutput","333.xoutput","334.xoutput","335.xoutput","336.xoutput","337.xoutput","338.xoutput","339.xoutput","340.xoutput","341.xoutput","342.xoutput","343.xoutput","344.xoutput","345.xoutput","346.xoutput","347.xoutput","348.xoutput","349.xoutput","average_3.txt"],"id":209,"resource":"512","request_start":1576628150077,"request_end":1576628154987,"request_duration":4910,"type":"512"}
{"start":1576628152968,"end":1576628154977,"duration":2009,"downloading_duration":1594,"execution_duration":20,"uploading_duration":395,"executable":"mean-pack-ell","args":["20.xoutput","21.xoutput","22.xoutput","23.xoutput","24.xoutput","25.xoutput","26.xoutput","27.xoutput","28.xoutput","29.xoutput","210.xoutput","211.xoutput","212.xoutput","213.xoutput","214.xoutput","215.xoutput","216.xoutput","217.xoutput","218.xoutput","219.xoutput","220.xoutput","221.xoutput","222.xoutput","223.xoutput","224.xoutput","225.xoutput","226.xoutput","227.xoutput","228.xoutput","229.xoutput","230.xoutput","231.xoutput","232.xoutput","233.xoutput","234.xoutput","235.xoutput","236.xoutput","237.xoutput","238.xoutput","239.xoutput","240.xoutput","241.xoutput","242.xoutput","243.xoutput","244.xoutput","245.xoutput","246.xoutput","247.xoutput","248.xoutput","249.xoutput","average_2.txt"],"id":208,"resource":"512","request_start":1576628139301,"request_end":1576628154998,"request_duration":15697,"type":"512"}
{"start":1576628147985,"end":1576628158069,"duration":10084,"downloading_duration":1081,"execution_duration":8362,"uploading_duration":641,"executable":"ellipsoids-openmp","args":["1.dat","148.log","148.xoutput"],"id":104,"resource":"512","request_start":1576628116557,"request_end":1576628158088,"request_duration":41531,"type":"512"}
{"start":1576628148119,"end":1576628158169,"duration":10050,"downloading_duration":1022,"execution_duration":8422,"uploading_duration":606,"executable":"ellipsoids-openmp","args":["1.dat","11.log","11.xoutput"],"id":57,"resource":"512","request_start":1576628116559,"request_end":1576628158193,"request_duration":41634,"type":"512"}
{"start":1576628147742,"end":1576628158211,"duration":10469,"downloading_duration":1055,"execution_duration":8821,"uploading_duration":593,"executable":"ellipsoids-openmp","args":["1.dat","147.log","147.xoutput"],"id":103,"resource":"512","request_start":1576628116556,"request_end":1576628158231,"request_duration":41675,"type":"512"}
{"start":1576628148288,"end":1576628158378,"duration":10090,"downloading_duration":1089,"execution_duration":8221,"uploading_duration":780,"executable":"ellipsoids-openmp","args":["1.dat","19.log","19.xoutput"],"id":65,"resource":"512","request_start":1576628116563,"request_end":1576628158397,"request_duration":41834,"type":"512"}
{"start":1576628148128,"end":1576628158404,"duration":10276,"downloading_duration":1027,"execution_duration":8662,"uploading_duration":587,"executable":"ellipsoids-openmp","args":["1.dat","12.log","12.xoutput"],"id":58,"resource":"512","request_start":1576628116559,"request_end":1576628158422,"request_duration":41863,"type":"512"}
{"start":1576628148217,"end":1576628158459,"duration":10242,"downloading_duration":1021,"execution_duration":8600,"uploading_duration":621,"executable":"ellipsoids-openmp","args":["1.dat","17.log","17.xoutput"],"id":63,"resource":"512","request_start":1576628116562,"request_end":1576628158477,"request_duration":41915,"type":"512"}
{"start":1576628148399,"end":1576628158496,"duration":10097,"downloading_duration":1045,"execution_duration":8479,"uploading_duration":573,"executable":"ellipsoids-openmp","args":["1.dat","111.log","111.xoutput"],"id":67,"resource":"512","request_start":1576628116564,"request_end":1576628158522,"request_duration":41958,"type":"512"}
{"start":1576628148138,"end":1576628158506,"duration":10368,"downloading_duration":992,"execution_duration":8578,"uploading_duration":798,"executable":"ellipsoids-openmp","args":["1.dat","13.log","13.xoutput"],"id":59,"resource":"512","request_start":1576628116560,"request_end":1576628158532,"request_duration":41972,"type":"512"}
{"start":1576628148262,"end":1576628158524,"duration":10262,"downloading_duration":1057,"execution_duration":8621,"uploading_duration":584,"executable":"ellipsoids-openmp","args":["1.dat","18.log","18.xoutput"],"id":64,"resource":"512","request_start":1576628116562,"request_end":1576628158544,"request_duration":41982,"type":"512"}
{"start":1576628148164,"end":1576628158576,"duration":10412,"downloading_duration":1072,"execution_duration":8699,"uploading_duration":641,"executable":"ellipsoids-openmp","args":["1.dat","15.log","15.xoutput"],"id":61,"resource":"512","request_start":1576628116561,"request_end":1576628158595,"request_duration":42034,"type":"512"}
{"start":1576628148621,"end":1576628158623,"duration":10002,"downloading_duration":1084,"execution_duration":8320,"uploading_duration":598,"executable":"ellipsoids-openmp","args":["1.dat","121.log","121.xoutput"],"id":77,"resource":"512","request_start":1576628116569,"request_end":1576628158642,"request_duration":42073,"type":"512"}
{"start":1576628148073,"end":1576628158639,"duration":10566,"downloading_duration":1064,"execution_duration":8823,"uploading_duration":679,"executable":"ellipsoids-openmp","args":["1.dat","10.log","10.xoutput"],"id":56,"resource":"512","request_start":1576628116558,"request_end":1576628158662,"request_duration":42104,"type":"512"}
{"start":1576628148172,"end":1576628158665,"duration":10493,"downloading_duration":1030,"execution_duration":8840,"uploading_duration":623,"executable":"ellipsoids-openmp","args":["1.dat","16.log","16.xoutput"],"id":62,"resource":"512","request_start":1576628116561,"request_end":1576628158685,"request_duration":42124,"type":"512"}
{"start":1576628148366,"end":1576628158670,"duration":10304,"downloading_duration":1082,"execution_duration":8622,"uploading_duration":600,"executable":"ellipsoids-openmp","args":["1.dat","110.log","110.xoutput"],"id":66,"resource":"512","request_start":1576628116563,"request_end":1576628158691,"request_duration":42128,"type":"512"}
{"start":1576628148408,"end":1576628158717,"duration":10309,"downloading_duration":1048,"execution_duration":8662,"uploading_duration":599,"executable":"ellipsoids-openmp","args":["1.dat","112.log","112.xoutput"],"id":68,"resource":"512","request_start":1576628116564,"request_end":1576628158737,"request_duration":42173,"type":"512"}
{"start":1576628148032,"end":1576628158729,"duration":10697,"downloading_duration":1149,"execution_duration":8937,"uploading_duration":611,"executable":"ellipsoids-openmp","args":["1.dat","149.log","149.xoutput"],"id":105,"resource":"512","request_start":1576628116558,"request_end":1576628158753,"request_duration":42195,"type":"512"}
{"start":1576628148466,"end":1576628158860,"duration":10394,"downloading_duration":1100,"execution_duration":8623,"uploading_duration":671,"executable":"ellipsoids-openmp","args":["1.dat","113.log","113.xoutput"],"id":69,"resource":"512","request_start":1576628116565,"request_end":1576628158882,"request_duration":42317,"type":"512"}
{"start":1576628148548,"end":1576628158912,"duration":10364,"downloading_duration":1013,"execution_duration":8699,"uploading_duration":652,"executable":"ellipsoids-openmp","args":["1.dat","116.log","116.xoutput"],"id":72,"resource":"512","request_start":1576628116567,"request_end":1576628158934,"request_duration":42367,"type":"512"}
{"start":1576628148600,"end":1576628158932,"duration":10332,"downloading_duration":1061,"execution_duration":8702,"uploading_duration":569,"executable":"ellipsoids-openmp","args":["1.dat","120.log","120.xoutput"],"id":76,"resource":"512","request_start":1576628116569,"request_end":1576628158955,"request_duration":42386,"type":"512"}
{"start":1576628148670,"end":1576628158942,"duration":10272,"downloading_duration":999,"execution_duration":8659,"uploading_duration":614,"executable":"ellipsoids-openmp","args":["1.dat","123.log","123.xoutput"],"id":79,"resource":"512","request_start":1576628116570,"request_end":1576628158967,"request_duration":42397,"type":"512"}
{"start":1576628148867,"end":1576628158957,"duration":10090,"downloading_duration":1013,"execution_duration":8480,"uploading_duration":597,"executable":"ellipsoids-openmp","args":["1.dat","131.log","131.xoutput"],"id":87,"resource":"512","request_start":1576628116575,"request_end":1576628158986,"request_duration":42411,"type":"512"}
{"start":1576628148667,"end":1576628158975,"duration":10308,"downloading_duration":1018,"execution_duration":8681,"uploading_duration":609,"executable":"ellipsoids-openmp","args":["1.dat","122.log","122.xoutput"],"id":78,"resource":"512","request_start":1576628116570,"request_end":1576628159103,"request_duration":42533,"type":"512"}
{"start":1576628148700,"end":1576628159038,"duration":10338,"downloading_duration":1007,"execution_duration":8700,"uploading_duration":631,"executable":"ellipsoids-openmp","args":["1.dat","124.log","124.xoutput"],"id":80,"resource":"512","request_start":1576628116571,"request_end":1576628159118,"request_duration":42547,"type":"512"}
{"start":1576628148489,"end":1576628159067,"duration":10578,"downloading_duration":1018,"execution_duration":8962,"uploading_duration":598,"executable":"ellipsoids-openmp","args":["1.dat","114.log","114.xoutput"],"id":70,"resource":"512","request_start":1576628116566,"request_end":1576628159120,"request_duration":42554,"type":"512"}
{"start":1576628148830,"end":1576628159096,"duration":10266,"downloading_duration":983,"execution_duration":8681,"uploading_duration":602,"executable":"ellipsoids-openmp","args":["1.dat","128.log","128.xoutput"],"id":84,"resource":"512","request_start":1576628116573,"request_end":1576628159210,"request_duration":42637,"type":"512"}
{"start":1576628148522,"end":1576628159105,"duration":10583,"downloading_duration":1039,"execution_duration":8899,"uploading_duration":645,"executable":"ellipsoids-openmp","args":["1.dat","115.log","115.xoutput"],"id":71,"resource":"512","request_start":1576628116566,"request_end":1576628159212,"request_duration":42646,"type":"512"}
{"start":1576628148591,"end":1576628159112,"duration":10521,"downloading_duration":1017,"execution_duration":8879,"uploading_duration":625,"executable":"ellipsoids-openmp","args":["1.dat","119.log","119.xoutput"],"id":75,"resource":"512","request_start":1576628116568,"request_end":1576628159216,"request_duration":42648,"type":"512"}
{"start":1576628148791,"end":1576628159135,"duration":10344,"downloading_duration":1044,"execution_duration":8683,"uploading_duration":617,"executable":"ellipsoids-openmp","args":["1.dat","126.log","126.xoutput"],"id":82,"resource":"512","request_start":1576628116572,"request_end":1576628159223,"request_duration":42651,"type":"512"}
{"start":1576628148779,"end":1576628159144,"duration":10365,"downloading_duration":1090,"execution_duration":8640,"uploading_duration":635,"executable":"ellipsoids-openmp","args":["1.dat","125.log","125.xoutput"],"id":81,"resource":"512","request_start":1576628116571,"request_end":1576628159230,"request_duration":42659,"type":"512"}
{"start":1576628148811,"end":1576628159154,"duration":10343,"downloading_duration":1007,"execution_duration":8738,"uploading_duration":598,"executable":"ellipsoids-openmp","args":["1.dat","127.log","127.xoutput"],"id":83,"resource":"512","request_start":1576628116572,"request_end":1576628159243,"request_duration":42671,"type":"512"}
{"start":1576628148587,"end":1576628159166,"duration":10579,"downloading_duration":1021,"execution_duration":8959,"uploading_duration":599,"executable":"ellipsoids-openmp","args":["1.dat","118.log","118.xoutput"],"id":74,"resource":"512","request_start":1576628116568,"request_end":1576628159245,"request_duration":42677,"type":"512"}
{"start":1576628148853,"end":1576628159167,"duration":10314,"downloading_duration":1010,"execution_duration":8680,"uploading_duration":624,"executable":"ellipsoids-openmp","args":["1.dat","130.log","130.xoutput"],"id":86,"resource":"512","request_start":1576628116574,"request_end":1576628159250,"request_duration":42676,"type":"512"}
{"start":1576628149027,"end":1576628159277,"duration":10250,"downloading_duration":1020,"execution_duration":8620,"uploading_duration":610,"executable":"ellipsoids-openmp","args":["1.dat","136.log","136.xoutput"],"id":92,"resource":"512","request_start":1576628116577,"request_end":1576628159307,"request_duration":42730,"type":"512"}
{"start":1576628148155,"end":1576628159327,"duration":11172,"downloading_duration":2073,"execution_duration":8522,"uploading_duration":577,"executable":"ellipsoids-openmp","args":["1.dat","14.log","14.xoutput"],"id":60,"resource":"512","request_start":1576628116560,"request_end":1576628159347,"request_duration":42787,"type":"512"}
{"start":1576628148975,"end":1576628159333,"duration":10358,"downloading_duration":1092,"execution_duration":8622,"uploading_duration":644,"executable":"ellipsoids-openmp","args":["1.dat","134.log","134.xoutput"],"id":90,"resource":"512","request_start":1576628116576,"request_end":1576628159355,"request_duration":42779,"type":"512"}
{"start":1576628149038,"end":1576628159379,"duration":10341,"downloading_duration":1068,"execution_duration":8642,"uploading_duration":631,"executable":"ellipsoids-openmp","args":["1.dat","137.log","137.xoutput"],"id":93,"resource":"512","request_start":1576628116578,"request_end":1576628159404,"request_duration":42826,"type":"512"}
{"start":1576628148881,"end":1576628159381,"duration":10500,"downloading_duration":1089,"execution_duration":8824,"uploading_duration":587,"executable":"ellipsoids-openmp","args":["1.dat","132.log","132.xoutput"],"id":88,"resource":"512","request_start":1576628116575,"request_end":1576628159406,"request_duration":42831,"type":"512"}
{"start":1576628148575,"end":1576628159415,"duration":10840,"downloading_duration":1282,"execution_duration":8939,"uploading_duration":619,"executable":"ellipsoids-openmp","args":["1.dat","117.log","117.xoutput"],"id":73,"resource":"512","request_start":1576628116567,"request_end":1576628159436,"request_duration":42869,"type":"512"}
{"start":1576628148855,"end":1576628159453,"duration":10598,"downloading_duration":1240,"execution_duration":8702,"uploading_duration":656,"executable":"ellipsoids-openmp","args":["1.dat","129.log","129.xoutput"],"id":85,"resource":"512","request_start":1576628116574,"request_end":1576628159474,"request_duration":42900,"type":"512"}
{"start":1576628149022,"end":1576628159590,"duration":10568,"downloading_duration":1038,"execution_duration":8961,"uploading_duration":569,"executable":"ellipsoids-openmp","args":["1.dat","135.log","135.xoutput"],"id":91,"resource":"512","request_start":1576628116577,"request_end":1576628159612,"request_duration":43035,"type":"512"}
{"start":1576628148958,"end":1576628159591,"duration":10633,"downloading_duration":1037,"execution_duration":8921,"uploading_duration":675,"executable":"ellipsoids-openmp","args":["1.dat","133.log","133.xoutput"],"id":89,"resource":"512","request_start":1576628116576,"request_end":1576628159614,"request_duration":43038,"type":"512"}
{"start":1576628149169,"end":1576628159636,"duration":10467,"downloading_duration":1063,"execution_duration":8839,"uploading_duration":565,"executable":"ellipsoids-openmp","args":["1.dat","138.log","138.xoutput"],"id":94,"resource":"512","request_start":1576628116578,"request_end":1576628159656,"request_duration":43078,"type":"512"}
{"start":1576628150079,"end":1576628160084,"duration":10005,"downloading_duration":995,"execution_duration":8419,"uploading_duration":591,"executable":"ellipsoids-openmp","args":["1.dat","142.log","142.xoutput"],"id":98,"resource":"512","request_start":1576628116580,"request_end":1576628160104,"request_duration":43524,"type":"512"}
{"start":1576628149824,"end":1576628160173,"duration":10349,"downloading_duration":1157,"execution_duration":8617,"uploading_duration":575,"executable":"ellipsoids-openmp","args":["1.dat","141.log","141.xoutput"],"id":97,"resource":"512","request_start":1576628116580,"request_end":1576628160193,"request_duration":43613,"type":"512"}
{"start":1576628149476,"end":1576628160322,"duration":10846,"downloading_duration":1215,"execution_duration":9020,"uploading_duration":611,"executable":"ellipsoids-openmp","args":["1.dat","140.log","140.xoutput"],"id":96,"resource":"512","request_start":1576628116579,"request_end":1576628160342,"request_duration":43763,"type":"512"}
{"start":1576628149402,"end":1576628160564,"duration":11162,"downloading_duration":980,"execution_duration":8736,"uploading_duration":1446,"executable":"ellipsoids-openmp","args":["1.dat","139.log","139.xoutput"],"id":95,"resource":"512","request_start":1576628116579,"request_end":1576628160585,"request_duration":44006,"type":"512"}
{"start":1576628150093,"end":1576628160568,"duration":10475,"downloading_duration":1127,"execution_duration":8739,"uploading_duration":609,"executable":"ellipsoids-openmp","args":["1.dat","143.log","143.xoutput"],"id":99,"resource":"512","request_start":1576628116581,"request_end":1576628160590,"request_duration":44009,"type":"512"}
{"start":1576628160713,"end":1576628162992,"duration":2279,"downloading_duration":1806,"execution_duration":4,"uploading_duration":469,"executable":"mean-pack-ell","args":["10.xoutput","11.xoutput","12.xoutput","13.xoutput","14.xoutput","15.xoutput","16.xoutput","17.xoutput","18.xoutput","19.xoutput","110.xoutput","111.xoutput","112.xoutput","113.xoutput","114.xoutput","115.xoutput","116.xoutput","117.xoutput","118.xoutput","119.xoutput","120.xoutput","121.xoutput","122.xoutput","123.xoutput","124.xoutput","125.xoutput","126.xoutput","127.xoutput","128.xoutput","129.xoutput","130.xoutput","131.xoutput","132.xoutput","133.xoutput","134.xoutput","135.xoutput","136.xoutput","137.xoutput","138.xoutput","139.xoutput","140.xoutput","141.xoutput","142.xoutput","143.xoutput","144.xoutput","145.xoutput","146.xoutput","147.xoutput","148.xoutput","149.xoutput","average_1.txt"],"id":207,"resource":"512","request_start":1576628160604,"request_end":1576628163019,"request_duration":2415,"type":"512"}
{"start":1576628163130,"end":1576628164169,"duration":1039,"downloading_duration":399,"execution_duration":250,"uploading_duration":390,"executable":"summary.js","args":[],"id":210,"resource":"512","request_start":1576628163024,"request_end":1576628164185,"request_duration":1161,"type":"512"}
