{"start":1576624141434,"end":1576624142290,"duration":856,"downloading_duration":367,"execution_duration":71,"uploading_duration":418,"executable":"generateData.js","args":[],"id":1,"resource":"1536","request_start":1576624141276,"request_end":1576624142324,"request_duration":1048,"type":"1536"}
{"start":1576624142437,"end":1576624143263,"duration":826,"downloading_duration":374,"execution_duration":67,"uploading_duration":385,"executable":"createDat.js","args":["0.dat"],"id":2,"resource":"1536","request_start":1576624142331,"request_end":1576624143283,"request_duration":952,"type":"1536"}
{"start":1576624142448,"end":1576624143291,"duration":843,"downloading_duration":380,"execution_duration":72,"uploading_duration":391,"executable":"createDat.js","args":["1.dat"],"id":3,"resource":"1536","request_start":1576624142334,"request_end":1576624143319,"request_duration":985,"type":"1536"}
{"start":1576624142459,"end":1576624143333,"duration":874,"downloading_duration":386,"execution_duration":92,"uploading_duration":396,"executable":"createDat.js","args":["3.dat"],"id":5,"resource":"1536","request_start":1576624142339,"request_end":1576624143409,"request_duration":1070,"type":"1536"}
{"start":1576624142460,"end":1576624143403,"duration":943,"downloading_duration":461,"execution_duration":76,"uploading_duration":406,"executable":"createDat.js","args":["2.dat"],"id":4,"resource":"1536","request_start":1576624142337,"request_end":1576624143438,"request_duration":1101,"type":"1536"}
{"start":1576624143736,"end":1576624147713,"duration":3977,"downloading_duration":988,"execution_duration":2383,"uploading_duration":606,"executable":"ellipsoids-openmp","args":["0.dat","035.log","035.xoutput"],"id":41,"resource":"1536","request_start":1576624143359,"request_end":1576624147733,"request_duration":4374,"type":"1536"}
{"start":1576624143738,"end":1576624147726,"duration":3988,"downloading_duration":1027,"execution_duration":2363,"uploading_duration":598,"executable":"ellipsoids-openmp","args":["0.dat","036.log","036.xoutput"],"id":42,"resource":"1536","request_start":1576624143360,"request_end":1576624147746,"request_duration":4386,"type":"1536"}
{"start":1576624143799,"end":1576624148186,"duration":4387,"downloading_duration":991,"execution_duration":2832,"uploading_duration":564,"executable":"ellipsoids-openmp","args":["1.dat","14.log","14.xoutput"],"id":55,"resource":"1536","request_start":1576624143460,"request_end":1576624148207,"request_duration":4747,"type":"1536"}
{"start":1576624143726,"end":1576624148258,"duration":4532,"downloading_duration":995,"execution_duration":2954,"uploading_duration":583,"executable":"ellipsoids-openmp","args":["0.dat","024.log","024.xoutput"],"id":30,"resource":"1536","request_start":1576624143348,"request_end":1576624148280,"request_duration":4932,"type":"1536"}
{"start":1576624143649,"end":1576624148274,"duration":4625,"downloading_duration":994,"execution_duration":3057,"uploading_duration":574,"executable":"ellipsoids-openmp","args":["0.dat","015.log","015.xoutput"],"id":21,"resource":"1536","request_start":1576624143339,"request_end":1576624148296,"request_duration":4957,"type":"1536"}
{"start":1576624143797,"end":1576624148294,"duration":4497,"downloading_duration":1014,"execution_duration":2887,"uploading_duration":596,"executable":"ellipsoids-openmp","args":["1.dat","11.log","11.xoutput"],"id":52,"resource":"1536","request_start":1576624143457,"request_end":1576624148313,"request_duration":4856,"type":"1536"}
{"start":1576624143731,"end":1576624148302,"duration":4571,"downloading_duration":989,"execution_duration":3018,"uploading_duration":564,"executable":"ellipsoids-openmp","args":["0.dat","029.log","029.xoutput"],"id":35,"resource":"1536","request_start":1576624143353,"request_end":1576624148332,"request_duration":4979,"type":"1536"}
{"start":1576624143726,"end":1576624148310,"duration":4584,"downloading_duration":990,"execution_duration":2995,"uploading_duration":599,"executable":"ellipsoids-openmp","args":["0.dat","022.log","022.xoutput"],"id":28,"resource":"1536","request_start":1576624143346,"request_end":1576624148335,"request_duration":4989,"type":"1536"}
{"start":1576624143646,"end":1576624148317,"duration":4671,"downloading_duration":993,"execution_duration":3048,"uploading_duration":630,"executable":"ellipsoids-openmp","args":["0.dat","014.log","014.xoutput"],"id":20,"resource":"1536","request_start":1576624143338,"request_end":1576624148342,"request_duration":5004,"type":"1536"}
{"start":1576624143646,"end":1576624148319,"duration":4673,"downloading_duration":1098,"execution_duration":2993,"uploading_duration":582,"executable":"ellipsoids-openmp","args":["0.dat","08.log","08.xoutput"],"id":14,"resource":"1536","request_start":1576624143331,"request_end":1576624148344,"request_duration":5013,"type":"1536"}
{"start":1576624143695,"end":1576624148315,"duration":4620,"downloading_duration":1004,"execution_duration":3009,"uploading_duration":607,"executable":"ellipsoids-openmp","args":["0.dat","012.log","012.xoutput"],"id":18,"resource":"1536","request_start":1576624143336,"request_end":1576624148347,"request_duration":5011,"type":"1536"}
{"start":1576624143799,"end":1576624148324,"duration":4525,"downloading_duration":992,"execution_duration":2975,"uploading_duration":558,"executable":"ellipsoids-openmp","args":["1.dat","10.log","10.xoutput"],"id":51,"resource":"1536","request_start":1576624143456,"request_end":1576624148354,"request_duration":4898,"type":"1536"}
{"start":1576624143693,"end":1576624148332,"duration":4639,"downloading_duration":1049,"execution_duration":3015,"uploading_duration":575,"executable":"ellipsoids-openmp","args":["0.dat","016.log","016.xoutput"],"id":22,"resource":"1536","request_start":1576624143340,"request_end":1576624148362,"request_duration":5022,"type":"1536"}
{"start":1576624143645,"end":1576624148351,"duration":4706,"downloading_duration":1039,"execution_duration":3077,"uploading_duration":590,"executable":"ellipsoids-openmp","args":["0.dat","010.log","010.xoutput"],"id":16,"resource":"1536","request_start":1576624143334,"request_end":1576624148372,"request_duration":5038,"type":"1536"}
{"start":1576624143651,"end":1576624148354,"duration":4703,"downloading_duration":1075,"execution_duration":3026,"uploading_duration":602,"executable":"ellipsoids-openmp","args":["0.dat","011.log","011.xoutput"],"id":17,"resource":"1536","request_start":1576624143335,"request_end":1576624148377,"request_duration":5042,"type":"1536"}
{"start":1576624143732,"end":1576624148353,"duration":4621,"downloading_duration":1050,"execution_duration":2988,"uploading_duration":583,"executable":"ellipsoids-openmp","args":["0.dat","030.log","030.xoutput"],"id":36,"resource":"1536","request_start":1576624143353,"request_end":1576624148378,"request_duration":5025,"type":"1536"}
{"start":1576624143641,"end":1576624148354,"duration":4713,"downloading_duration":1076,"execution_duration":3052,"uploading_duration":585,"executable":"ellipsoids-openmp","args":["0.dat","05.log","05.xoutput"],"id":11,"resource":"1536","request_start":1576624143327,"request_end":1576624148379,"request_duration":5052,"type":"1536"}
{"start":1576624143804,"end":1576624148354,"duration":4550,"downloading_duration":1156,"execution_duration":2828,"uploading_duration":566,"executable":"ellipsoids-openmp","args":["1.dat","12.log","12.xoutput"],"id":53,"resource":"1536","request_start":1576624143458,"request_end":1576624148379,"request_duration":4921,"type":"1536"}
{"start":1576624143799,"end":1576624148354,"duration":4555,"downloading_duration":994,"execution_duration":2987,"uploading_duration":574,"executable":"ellipsoids-openmp","args":["0.dat","01.log","01.xoutput"],"id":7,"resource":"1536","request_start":1576624143373,"request_end":1576624148381,"request_duration":5008,"type":"1536"}
{"start":1576624143692,"end":1576624148355,"duration":4663,"downloading_duration":1017,"execution_duration":3038,"uploading_duration":608,"executable":"ellipsoids-openmp","args":["0.dat","017.log","017.xoutput"],"id":23,"resource":"1536","request_start":1576624143341,"request_end":1576624148382,"request_duration":5041,"type":"1536"}
{"start":1576624143736,"end":1576624148356,"duration":4620,"downloading_duration":980,"execution_duration":3054,"uploading_duration":586,"executable":"ellipsoids-openmp","args":["0.dat","031.log","031.xoutput"],"id":37,"resource":"1536","request_start":1576624143354,"request_end":1576624148383,"request_duration":5029,"type":"1536"}
{"start":1576624143727,"end":1576624148358,"duration":4631,"downloading_duration":992,"execution_duration":3077,"uploading_duration":562,"executable":"ellipsoids-openmp","args":["0.dat","026.log","026.xoutput"],"id":32,"resource":"1536","request_start":1576624143350,"request_end":1576624148396,"request_duration":5046,"type":"1536"}
{"start":1576624143803,"end":1576624148374,"duration":4571,"downloading_duration":1089,"execution_duration":2892,"uploading_duration":590,"executable":"ellipsoids-openmp","args":["1.dat","13.log","13.xoutput"],"id":54,"resource":"1536","request_start":1576624143459,"request_end":1576624148402,"request_duration":4943,"type":"1536"}
{"start":1576624143722,"end":1576624148376,"duration":4654,"downloading_duration":984,"execution_duration":3094,"uploading_duration":576,"executable":"ellipsoids-openmp","args":["0.dat","018.log","018.xoutput"],"id":24,"resource":"1536","request_start":1576624143342,"request_end":1576624148410,"request_duration":5068,"type":"1536"}
{"start":1576624143727,"end":1576624148381,"duration":4654,"downloading_duration":998,"execution_duration":3047,"uploading_duration":609,"executable":"ellipsoids-openmp","args":["0.dat","028.log","028.xoutput"],"id":34,"resource":"1536","request_start":1576624143352,"request_end":1576624148412,"request_duration":5060,"type":"1536"}
{"start":1576624143730,"end":1576624148382,"duration":4652,"downloading_duration":994,"execution_duration":3100,"uploading_duration":558,"executable":"ellipsoids-openmp","args":["0.dat","025.log","025.xoutput"],"id":31,"resource":"1536","request_start":1576624143349,"request_end":1576624148414,"request_duration":5065,"type":"1536"}
{"start":1576624143645,"end":1576624148385,"duration":4740,"downloading_duration":1082,"execution_duration":3073,"uploading_duration":585,"executable":"ellipsoids-openmp","args":["0.dat","09.log","09.xoutput"],"id":15,"resource":"1536","request_start":1576624143332,"request_end":1576624148415,"request_duration":5083,"type":"1536"}
{"start":1576624143691,"end":1576624148398,"duration":4707,"downloading_duration":988,"execution_duration":3119,"uploading_duration":600,"executable":"ellipsoids-openmp","args":["0.dat","020.log","020.xoutput"],"id":26,"resource":"1536","request_start":1576624143344,"request_end":1576624148423,"request_duration":5079,"type":"1536"}
{"start":1576624143797,"end":1576624148402,"duration":4605,"downloading_duration":992,"execution_duration":3053,"uploading_duration":560,"executable":"ellipsoids-openmp","args":["0.dat","03.log","03.xoutput"],"id":9,"resource":"1536","request_start":1576624143375,"request_end":1576624148431,"request_duration":5056,"type":"1536"}
{"start":1576624143725,"end":1576624148412,"duration":4687,"downloading_duration":1086,"execution_duration":3039,"uploading_duration":562,"executable":"ellipsoids-openmp","args":["0.dat","021.log","021.xoutput"],"id":27,"resource":"1536","request_start":1576624143345,"request_end":1576624148437,"request_duration":5092,"type":"1536"}
{"start":1576624143646,"end":1576624148416,"duration":4770,"downloading_duration":1167,"execution_duration":3045,"uploading_duration":558,"executable":"ellipsoids-openmp","args":["0.dat","07.log","07.xoutput"],"id":13,"resource":"1536","request_start":1576624143330,"request_end":1576624148442,"request_duration":5112,"type":"1536"}
{"start":1576624143726,"end":1576624148420,"duration":4694,"downloading_duration":1091,"execution_duration":3047,"uploading_duration":556,"executable":"ellipsoids-openmp","args":["0.dat","027.log","027.xoutput"],"id":33,"resource":"1536","request_start":1576624143351,"request_end":1576624148443,"request_duration":5092,"type":"1536"}
{"start":1576624143795,"end":1576624148423,"duration":4628,"downloading_duration":990,"execution_duration":3068,"uploading_duration":570,"executable":"ellipsoids-openmp","args":["0.dat","042.log","042.xoutput"],"id":48,"resource":"1536","request_start":1576624143370,"request_end":1576624148446,"request_duration":5076,"type":"1536"}
{"start":1576624143796,"end":1576624148423,"duration":4627,"downloading_duration":982,"execution_duration":3054,"uploading_duration":591,"executable":"ellipsoids-openmp","args":["0.dat","02.log","02.xoutput"],"id":8,"resource":"1536","request_start":1576624143374,"request_end":1576624148448,"request_duration":5074,"type":"1536"}
{"start":1576624143641,"end":1576624148431,"duration":4790,"downloading_duration":1047,"execution_duration":3146,"uploading_duration":597,"executable":"ellipsoids-openmp","args":["0.dat","06.log","06.xoutput"],"id":12,"resource":"1536","request_start":1576624143328,"request_end":1576624148460,"request_duration":5132,"type":"1536"}
{"start":1576624143790,"end":1576624148434,"duration":4644,"downloading_duration":1037,"execution_duration":3021,"uploading_duration":586,"executable":"ellipsoids-openmp","args":["0.dat","039.log","039.xoutput"],"id":45,"resource":"1536","request_start":1576624143367,"request_end":1576624148462,"request_duration":5095,"type":"1536"}
{"start":1576624143794,"end":1576624148434,"duration":4640,"downloading_duration":996,"execution_duration":3059,"uploading_duration":585,"executable":"ellipsoids-openmp","args":["0.dat","040.log","040.xoutput"],"id":46,"resource":"1536","request_start":1576624143368,"request_end":1576624148464,"request_duration":5096,"type":"1536"}
{"start":1576624143796,"end":1576624148434,"duration":4638,"downloading_duration":1085,"execution_duration":2972,"uploading_duration":581,"executable":"ellipsoids-openmp","args":["0.dat","044.log","044.xoutput"],"id":50,"resource":"1536","request_start":1576624143372,"request_end":1576624148465,"request_duration":5093,"type":"1536"}
{"start":1576624143784,"end":1576624148437,"duration":4653,"downloading_duration":989,"execution_duration":3047,"uploading_duration":617,"executable":"ellipsoids-openmp","args":["0.dat","033.log","033.xoutput"],"id":39,"resource":"1536","request_start":1576624143356,"request_end":1576624148475,"request_duration":5119,"type":"1536"}
{"start":1576624143730,"end":1576624148436,"duration":4706,"downloading_duration":1081,"execution_duration":3040,"uploading_duration":585,"executable":"ellipsoids-openmp","args":["0.dat","034.log","034.xoutput"],"id":40,"resource":"1536","request_start":1576624143358,"request_end":1576624148477,"request_duration":5119,"type":"1536"}
{"start":1576624143790,"end":1576624148451,"duration":4661,"downloading_duration":992,"execution_duration":3095,"uploading_duration":574,"executable":"ellipsoids-openmp","args":["0.dat","041.log","041.xoutput"],"id":47,"resource":"1536","request_start":1576624143369,"request_end":1576624148491,"request_duration":5122,"type":"1536"}
{"start":1576624143777,"end":1576624148472,"duration":4695,"downloading_duration":1018,"execution_duration":3038,"uploading_duration":639,"executable":"ellipsoids-openmp","args":["0.dat","037.log","037.xoutput"],"id":43,"resource":"1536","request_start":1576624143364,"request_end":1576624148500,"request_duration":5136,"type":"1536"}
{"start":1576624143717,"end":1576624148475,"duration":4758,"downloading_duration":1088,"execution_duration":3048,"uploading_duration":622,"executable":"ellipsoids-openmp","args":["0.dat","023.log","023.xoutput"],"id":29,"resource":"1536","request_start":1576624143347,"request_end":1576624148502,"request_duration":5155,"type":"1536"}
{"start":1576624143646,"end":1576624148478,"duration":4832,"downloading_duration":1006,"execution_duration":3127,"uploading_duration":699,"executable":"ellipsoids-openmp","args":["0.dat","04.log","04.xoutput"],"id":10,"resource":"1536","request_start":1576624143325,"request_end":1576624148504,"request_duration":5179,"type":"1536"}
{"start":1576624143788,"end":1576624148481,"duration":4693,"downloading_duration":1078,"execution_duration":3041,"uploading_duration":574,"executable":"ellipsoids-openmp","args":["0.dat","038.log","038.xoutput"],"id":44,"resource":"1536","request_start":1576624143365,"request_end":1576624148507,"request_duration":5142,"type":"1536"}
{"start":1576624143790,"end":1576624148504,"duration":4714,"downloading_duration":1001,"execution_duration":3097,"uploading_duration":616,"executable":"ellipsoids-openmp","args":["0.dat","043.log","043.xoutput"],"id":49,"resource":"1536","request_start":1576624143371,"request_end":1576624148523,"request_duration":5152,"type":"1536"}
{"start":1576624143722,"end":1576624148507,"duration":4785,"downloading_duration":1068,"execution_duration":3110,"uploading_duration":607,"executable":"ellipsoids-openmp","args":["0.dat","019.log","019.xoutput"],"id":25,"resource":"1536","request_start":1576624143343,"request_end":1576624148553,"request_duration":5210,"type":"1536"}
{"start":1576624143795,"end":1576624148576,"duration":4781,"downloading_duration":998,"execution_duration":3049,"uploading_duration":734,"executable":"ellipsoids-openmp","args":["0.dat","00.log","00.xoutput"],"id":6,"resource":"1536","request_start":1576624143372,"request_end":1576624148630,"request_duration":5258,"type":"1536"}
{"start":1576624143648,"end":1576624148604,"duration":4956,"downloading_duration":1276,"execution_duration":3090,"uploading_duration":590,"executable":"ellipsoids-openmp","args":["0.dat","013.log","013.xoutput"],"id":19,"resource":"1536","request_start":1576624143337,"request_end":1576624148632,"request_duration":5295,"type":"1536"}
{"start":1576624143734,"end":1576624148645,"duration":4911,"downloading_duration":1022,"execution_duration":3041,"uploading_duration":848,"executable":"ellipsoids-openmp","args":["0.dat","032.log","032.xoutput"],"id":38,"resource":"1536","request_start":1576624143355,"request_end":1576624148669,"request_duration":5314,"type":"1536"}
{"start":1576624147763,"end":1576624151615,"duration":3852,"downloading_duration":988,"execution_duration":2296,"uploading_duration":568,"executable":"ellipsoids-openmp","args":["1.dat","15.log","15.xoutput"],"id":56,"resource":"1536","request_start":1576624143461,"request_end":1576624151635,"request_duration":8174,"type":"1536"}
{"start":1576624147770,"end":1576624151715,"duration":3945,"downloading_duration":998,"execution_duration":2298,"uploading_duration":649,"executable":"ellipsoids-openmp","args":["1.dat","16.log","16.xoutput"],"id":57,"resource":"1536","request_start":1576624143462,"request_end":1576624151736,"request_duration":8274,"type":"1536"}
{"start":1576624148232,"end":1576624152642,"duration":4410,"downloading_duration":1033,"execution_duration":2833,"uploading_duration":544,"executable":"ellipsoids-openmp","args":["1.dat","17.log","17.xoutput"],"id":58,"resource":"1536","request_start":1576624143463,"request_end":1576624152665,"request_duration":9202,"type":"1536"}
{"start":1576624148371,"end":1576624152658,"duration":4287,"downloading_duration":988,"execution_duration":2741,"uploading_duration":558,"executable":"ellipsoids-openmp","args":["1.dat","114.log","114.xoutput"],"id":65,"resource":"1536","request_start":1576624143468,"request_end":1576624152680,"request_duration":9212,"type":"1536"}
{"start":1576624148307,"end":1576624152672,"duration":4365,"downloading_duration":988,"execution_duration":2813,"uploading_duration":564,"executable":"ellipsoids-openmp","args":["1.dat","18.log","18.xoutput"],"id":59,"resource":"1536","request_start":1576624143463,"request_end":1576624152694,"request_duration":9231,"type":"1536"}
{"start":1576624148415,"end":1576624152718,"duration":4303,"downloading_duration":988,"execution_duration":2726,"uploading_duration":589,"executable":"ellipsoids-openmp","args":["1.dat","125.log","125.xoutput"],"id":76,"resource":"1536","request_start":1576624143475,"request_end":1576624152739,"request_duration":9264,"type":"1536"}
{"start":1576624148393,"end":1576624152724,"duration":4331,"downloading_duration":986,"execution_duration":2772,"uploading_duration":573,"executable":"ellipsoids-openmp","args":["1.dat","117.log","117.xoutput"],"id":68,"resource":"1536","request_start":1576624143470,"request_end":1576624152746,"request_duration":9276,"type":"1536"}
{"start":1576624148373,"end":1576624152778,"duration":4405,"downloading_duration":994,"execution_duration":2830,"uploading_duration":581,"executable":"ellipsoids-openmp","args":["1.dat","115.log","115.xoutput"],"id":66,"resource":"1536","request_start":1576624143468,"request_end":1576624152798,"request_duration":9330,"type":"1536"}
{"start":1576624148347,"end":1576624152782,"duration":4435,"downloading_duration":994,"execution_duration":2857,"uploading_duration":584,"executable":"ellipsoids-openmp","args":["1.dat","110.log","110.xoutput"],"id":61,"resource":"1536","request_start":1576624143464,"request_end":1576624152803,"request_duration":9339,"type":"1536"}
{"start":1576624148320,"end":1576624152797,"duration":4477,"downloading_duration":1080,"execution_duration":2834,"uploading_duration":563,"executable":"ellipsoids-openmp","args":["1.dat","19.log","19.xoutput"],"id":60,"resource":"1536","request_start":1576624143464,"request_end":1576624152824,"request_duration":9360,"type":"1536"}
{"start":1576624148365,"end":1576624152813,"duration":4448,"downloading_duration":1005,"execution_duration":2855,"uploading_duration":588,"executable":"ellipsoids-openmp","args":["1.dat","113.log","113.xoutput"],"id":64,"resource":"1536","request_start":1576624143467,"request_end":1576624152834,"request_duration":9367,"type":"1536"}
{"start":1576624148381,"end":1576624152816,"duration":4435,"downloading_duration":1038,"execution_duration":2796,"uploading_duration":601,"executable":"ellipsoids-openmp","args":["1.dat","116.log","116.xoutput"],"id":67,"resource":"1536","request_start":1576624143469,"request_end":1576624152837,"request_duration":9368,"type":"1536"}
{"start":1576624148356,"end":1576624152821,"duration":4465,"downloading_duration":986,"execution_duration":2878,"uploading_duration":601,"executable":"ellipsoids-openmp","args":["1.dat","111.log","111.xoutput"],"id":62,"resource":"1536","request_start":1576624143466,"request_end":1576624152844,"request_duration":9378,"type":"1536"}
{"start":1576624148404,"end":1576624152822,"duration":4418,"downloading_duration":991,"execution_duration":2832,"uploading_duration":595,"executable":"ellipsoids-openmp","args":["1.dat","118.log","118.xoutput"],"id":69,"resource":"1536","request_start":1576624143471,"request_end":1576624152847,"request_duration":9376,"type":"1536"}
{"start":1576624148426,"end":1576624152839,"duration":4413,"downloading_duration":989,"execution_duration":2870,"uploading_duration":554,"executable":"ellipsoids-openmp","args":["1.dat","126.log","126.xoutput"],"id":77,"resource":"1536","request_start":1576624143476,"request_end":1576624152861,"request_duration":9385,"type":"1536"}
{"start":1576624148407,"end":1576624152844,"duration":4437,"downloading_duration":972,"execution_duration":2885,"uploading_duration":580,"executable":"ellipsoids-openmp","args":["1.dat","120.log","120.xoutput"],"id":71,"resource":"1536","request_start":1576624143472,"request_end":1576624152864,"request_duration":9392,"type":"1536"}
{"start":1576624148449,"end":1576624152844,"duration":4395,"downloading_duration":1014,"execution_duration":2802,"uploading_duration":579,"executable":"ellipsoids-openmp","args":["1.dat","132.log","132.xoutput"],"id":83,"resource":"1536","request_start":1576624143479,"request_end":1576624152868,"request_duration":9389,"type":"1536"}
{"start":1576624148361,"end":1576624152851,"duration":4490,"downloading_duration":1070,"execution_duration":2859,"uploading_duration":561,"executable":"ellipsoids-openmp","args":["1.dat","112.log","112.xoutput"],"id":63,"resource":"1536","request_start":1576624143466,"request_end":1576624152875,"request_duration":9409,"type":"1536"}
{"start":1576624148519,"end":1576624152854,"duration":4335,"downloading_duration":979,"execution_duration":2791,"uploading_duration":565,"executable":"ellipsoids-openmp","args":["3.dat","30.log","30.xoutput"],"id":141,"resource":"1536","request_start":1576624143519,"request_end":1576624152878,"request_duration":9359,"type":"1536"}
{"start":1576624148466,"end":1576624152867,"duration":4401,"downloading_duration":993,"execution_duration":2785,"uploading_duration":623,"executable":"ellipsoids-openmp","args":["1.dat","134.log","134.xoutput"],"id":85,"resource":"1536","request_start":1576624143480,"request_end":1576624152888,"request_duration":9408,"type":"1536"}
{"start":1576624148409,"end":1576624152874,"duration":4465,"downloading_duration":1029,"execution_duration":2832,"uploading_duration":604,"executable":"ellipsoids-openmp","args":["1.dat","119.log","119.xoutput"],"id":70,"resource":"1536","request_start":1576624143471,"request_end":1576624152895,"request_duration":9424,"type":"1536"}
{"start":1576624148476,"end":1576624152876,"duration":4400,"downloading_duration":1006,"execution_duration":2780,"uploading_duration":614,"executable":"ellipsoids-openmp","args":["1.dat","138.log","138.xoutput"],"id":89,"resource":"1536","request_start":1576624143482,"request_end":1576624152898,"request_duration":9416,"type":"1536"}
{"start":1576624148476,"end":1576624152877,"duration":4401,"downloading_duration":1002,"execution_duration":2791,"uploading_duration":608,"executable":"ellipsoids-openmp","args":["1.dat","135.log","135.xoutput"],"id":86,"resource":"1536","request_start":1576624143481,"request_end":1576624152899,"request_duration":9418,"type":"1536"}
{"start":1576624148476,"end":1576624152879,"duration":4403,"downloading_duration":1040,"execution_duration":2761,"uploading_duration":602,"executable":"ellipsoids-openmp","args":["1.dat","136.log","136.xoutput"],"id":87,"resource":"1536","request_start":1576624143481,"request_end":1576624152907,"request_duration":9426,"type":"1536"}
{"start":1576624148579,"end":1576624152893,"duration":4314,"downloading_duration":1010,"execution_duration":2696,"uploading_duration":608,"executable":"ellipsoids-openmp","args":["3.dat","36.log","36.xoutput"],"id":147,"resource":"1536","request_start":1576624143525,"request_end":1576624152916,"request_duration":9391,"type":"1536"}
{"start":1576624148416,"end":1576624152900,"duration":4484,"downloading_duration":993,"execution_duration":2806,"uploading_duration":685,"executable":"ellipsoids-openmp","args":["1.dat","124.log","124.xoutput"],"id":75,"resource":"1536","request_start":1576624143474,"request_end":1576624152925,"request_duration":9451,"type":"1536"}
{"start":1576624148458,"end":1576624152903,"duration":4445,"downloading_duration":1043,"execution_duration":2823,"uploading_duration":579,"executable":"ellipsoids-openmp","args":["1.dat","133.log","133.xoutput"],"id":84,"resource":"1536","request_start":1576624143480,"request_end":1576624152926,"request_duration":9446,"type":"1536"}
{"start":1576624148491,"end":1576624152895,"duration":4404,"downloading_duration":1049,"execution_duration":2741,"uploading_duration":614,"executable":"ellipsoids-openmp","args":["1.dat","139.log","139.xoutput"],"id":90,"resource":"1536","request_start":1576624143483,"request_end":1576624152937,"request_duration":9454,"type":"1536"}
{"start":1576624148410,"end":1576624152918,"duration":4508,"downloading_duration":1034,"execution_duration":2858,"uploading_duration":616,"executable":"ellipsoids-openmp","args":["1.dat","122.log","122.xoutput"],"id":73,"resource":"1536","request_start":1576624143473,"request_end":1576624152941,"request_duration":9468,"type":"1536"}
{"start":1576624148410,"end":1576624152918,"duration":4508,"downloading_duration":998,"execution_duration":2864,"uploading_duration":646,"executable":"ellipsoids-openmp","args":["1.dat","121.log","121.xoutput"],"id":72,"resource":"1536","request_start":1576624143473,"request_end":1576624152944,"request_duration":9471,"type":"1536"}
{"start":1576624148430,"end":1576624152930,"duration":4500,"downloading_duration":1069,"execution_duration":2805,"uploading_duration":626,"executable":"ellipsoids-openmp","args":["1.dat","127.log","127.xoutput"],"id":78,"resource":"1536","request_start":1576624143476,"request_end":1576624152955,"request_duration":9479,"type":"1536"}
{"start":1576624148529,"end":1576624152933,"duration":4404,"downloading_duration":998,"execution_duration":2824,"uploading_duration":582,"executable":"ellipsoids-openmp","args":["3.dat","32.log","32.xoutput"],"id":143,"resource":"1536","request_start":1576624143523,"request_end":1576624152957,"request_duration":9434,"type":"1536"}
{"start":1576624148441,"end":1576624152941,"duration":4500,"downloading_duration":1075,"execution_duration":2802,"uploading_duration":623,"executable":"ellipsoids-openmp","args":["1.dat","131.log","131.xoutput"],"id":82,"resource":"1536","request_start":1576624143479,"request_end":1576624152967,"request_duration":9488,"type":"1536"}
{"start":1576624148502,"end":1576624152951,"duration":4449,"downloading_duration":1081,"execution_duration":2792,"uploading_duration":576,"executable":"ellipsoids-openmp","args":["1.dat","143.log","143.xoutput"],"id":94,"resource":"1536","request_start":1576624143486,"request_end":1576624152973,"request_duration":9487,"type":"1536"}
{"start":1576624148498,"end":1576624152956,"duration":4458,"downloading_duration":982,"execution_duration":2877,"uploading_duration":599,"executable":"ellipsoids-openmp","args":["1.dat","141.log","141.xoutput"],"id":92,"resource":"1536","request_start":1576624143484,"request_end":1576624152980,"request_duration":9496,"type":"1536"}
{"start":1576624148443,"end":1576624152969,"duration":4526,"downloading_duration":1051,"execution_duration":2865,"uploading_duration":610,"executable":"ellipsoids-openmp","args":["1.dat","129.log","129.xoutput"],"id":80,"resource":"1536","request_start":1576624143477,"request_end":1576624152990,"request_duration":9513,"type":"1536"}
{"start":1576624148532,"end":1576624152969,"duration":4437,"downloading_duration":1080,"execution_duration":2767,"uploading_duration":590,"executable":"ellipsoids-openmp","args":["3.dat","34.log","34.xoutput"],"id":145,"resource":"1536","request_start":1576624143524,"request_end":1576624152993,"request_duration":9469,"type":"1536"}
{"start":1576624148478,"end":1576624152974,"duration":4496,"downloading_duration":1082,"execution_duration":2858,"uploading_duration":556,"executable":"ellipsoids-openmp","args":["1.dat","137.log","137.xoutput"],"id":88,"resource":"1536","request_start":1576624143482,"request_end":1576624152996,"request_duration":9514,"type":"1536"}
{"start":1576624148437,"end":1576624152978,"duration":4541,"downloading_duration":1011,"execution_duration":2870,"uploading_duration":660,"executable":"ellipsoids-openmp","args":["1.dat","128.log","128.xoutput"],"id":79,"resource":"1536","request_start":1576624143477,"request_end":1576624153004,"request_duration":9527,"type":"1536"}
{"start":1576624148551,"end":1576624152994,"duration":4443,"downloading_duration":1078,"execution_duration":2778,"uploading_duration":587,"executable":"ellipsoids-openmp","args":["3.dat","35.log","35.xoutput"],"id":146,"resource":"1536","request_start":1576624143525,"request_end":1576624153013,"request_duration":9488,"type":"1536"}
{"start":1576624148443,"end":1576624153003,"duration":4560,"downloading_duration":1015,"execution_duration":2835,"uploading_duration":710,"executable":"ellipsoids-openmp","args":["1.dat","130.log","130.xoutput"],"id":81,"resource":"1536","request_start":1576624143478,"request_end":1576624153023,"request_duration":9545,"type":"1536"}
{"start":1576624148416,"end":1576624153004,"duration":4588,"downloading_duration":1115,"execution_duration":2863,"uploading_duration":610,"executable":"ellipsoids-openmp","args":["1.dat","123.log","123.xoutput"],"id":74,"resource":"1536","request_start":1576624143474,"request_end":1576624153026,"request_duration":9552,"type":"1536"}
{"start":1576624148533,"end":1576624153015,"duration":4482,"downloading_duration":993,"execution_duration":2893,"uploading_duration":596,"executable":"ellipsoids-openmp","args":["3.dat","33.log","33.xoutput"],"id":144,"resource":"1536","request_start":1576624143524,"request_end":1576624153036,"request_duration":9512,"type":"1536"}
{"start":1576624148505,"end":1576624153022,"duration":4517,"downloading_duration":1101,"execution_duration":2774,"uploading_duration":642,"executable":"ellipsoids-openmp","args":["1.dat","144.log","144.xoutput"],"id":95,"resource":"1536","request_start":1576624143486,"request_end":1576624153043,"request_duration":9557,"type":"1536"}
{"start":1576624148497,"end":1576624153034,"duration":4537,"downloading_duration":1072,"execution_duration":2835,"uploading_duration":630,"executable":"ellipsoids-openmp","args":["1.dat","140.log","140.xoutput"],"id":91,"resource":"1536","request_start":1576624143484,"request_end":1576624153053,"request_duration":9569,"type":"1536"}
{"start":1576624148655,"end":1576624153041,"duration":4386,"downloading_duration":985,"execution_duration":2829,"uploading_duration":572,"executable":"ellipsoids-openmp","args":["3.dat","37.log","37.xoutput"],"id":148,"resource":"1536","request_start":1576624143526,"request_end":1576624153062,"request_duration":9536,"type":"1536"}
{"start":1576624148525,"end":1576624153097,"duration":4572,"downloading_duration":1079,"execution_duration":2894,"uploading_duration":599,"executable":"ellipsoids-openmp","args":["3.dat","31.log","31.xoutput"],"id":142,"resource":"1536","request_start":1576624143523,"request_end":1576624153118,"request_duration":9595,"type":"1536"}
{"start":1576624148696,"end":1576624153171,"duration":4475,"downloading_duration":995,"execution_duration":2863,"uploading_duration":617,"executable":"ellipsoids-openmp","args":["3.dat","39.log","39.xoutput"],"id":150,"resource":"1536","request_start":1576624143527,"request_end":1576624153191,"request_duration":9664,"type":"1536"}
{"start":1576624148660,"end":1576624153170,"duration":4510,"downloading_duration":1063,"execution_duration":2864,"uploading_duration":583,"executable":"ellipsoids-openmp","args":["3.dat","38.log","38.xoutput"],"id":149,"resource":"1536","request_start":1576624143527,"request_end":1576624153193,"request_duration":9666,"type":"1536"}
{"start":1576624148498,"end":1576624153182,"duration":4684,"downloading_duration":1083,"execution_duration":2862,"uploading_duration":739,"executable":"ellipsoids-openmp","args":["1.dat","142.log","142.xoutput"],"id":93,"resource":"1536","request_start":1576624143485,"request_end":1576624153204,"request_duration":9719,"type":"1536"}
{"start":1576624151656,"end":1576624155774,"duration":4118,"downloading_duration":1079,"execution_duration":2434,"uploading_duration":605,"executable":"ellipsoids-openmp","args":["3.dat","310.log","310.xoutput"],"id":151,"resource":"1536","request_start":1576624143528,"request_end":1576624155794,"request_duration":12266,"type":"1536"}
{"start":1576624151763,"end":1576624155776,"duration":4013,"downloading_duration":996,"execution_duration":2424,"uploading_duration":593,"executable":"ellipsoids-openmp","args":["3.dat","311.log","311.xoutput"],"id":152,"resource":"1536","request_start":1576624143528,"request_end":1576624155797,"request_duration":12269,"type":"1536"}
{"start":1576624152697,"end":1576624157196,"duration":4499,"downloading_duration":988,"execution_duration":2896,"uploading_duration":615,"executable":"ellipsoids-openmp","args":["3.dat","312.log","312.xoutput"],"id":153,"resource":"1536","request_start":1576624143529,"request_end":1576624157216,"request_duration":13687,"type":"1536"}
{"start":1576624152706,"end":1576624157241,"duration":4535,"downloading_duration":1071,"execution_duration":2856,"uploading_duration":608,"executable":"ellipsoids-openmp","args":["3.dat","313.log","313.xoutput"],"id":154,"resource":"1536","request_start":1576624143529,"request_end":1576624157263,"request_duration":13734,"type":"1536"}
{"start":1576624152721,"end":1576624157285,"duration":4564,"downloading_duration":1076,"execution_duration":2919,"uploading_duration":569,"executable":"ellipsoids-openmp","args":["3.dat","314.log","314.xoutput"],"id":155,"resource":"1536","request_start":1576624143530,"request_end":1576624157306,"request_duration":13776,"type":"1536"}
{"start":1576624153012,"end":1576624157345,"duration":4333,"downloading_duration":1010,"execution_duration":2745,"uploading_duration":578,"executable":"ellipsoids-openmp","args":["3.dat","343.log","343.xoutput"],"id":184,"resource":"1536","request_start":1576624143545,"request_end":1576624157365,"request_duration":13820,"type":"1536"}
{"start":1576624152833,"end":1576624157348,"duration":4515,"downloading_duration":1095,"execution_duration":2820,"uploading_duration":600,"executable":"ellipsoids-openmp","args":["3.dat","318.log","318.xoutput"],"id":159,"resource":"1536","request_start":1576624143532,"request_end":1576624157368,"request_duration":13836,"type":"1536"}
{"start":1576624152847,"end":1576624157353,"duration":4506,"downloading_duration":983,"execution_duration":2930,"uploading_duration":593,"executable":"ellipsoids-openmp","args":["3.dat","319.log","319.xoutput"],"id":160,"resource":"1536","request_start":1576624143532,"request_end":1576624157397,"request_duration":13865,"type":"1536"}
{"start":1576624152870,"end":1576624157382,"duration":4512,"downloading_duration":1016,"execution_duration":2914,"uploading_duration":582,"executable":"ellipsoids-openmp","args":["3.dat","323.log","323.xoutput"],"id":164,"resource":"1536","request_start":1576624143534,"request_end":1576624157403,"request_duration":13869,"type":"1536"}
{"start":1576624152763,"end":1576624157384,"duration":4621,"downloading_duration":1068,"execution_duration":2943,"uploading_duration":610,"executable":"ellipsoids-openmp","args":["3.dat","315.log","315.xoutput"],"id":156,"resource":"1536","request_start":1576624143530,"request_end":1576624157409,"request_duration":13879,"type":"1536"}
{"start":1576624152922,"end":1576624157390,"duration":4468,"downloading_duration":995,"execution_duration":2903,"uploading_duration":570,"executable":"ellipsoids-openmp","args":["3.dat","331.log","331.xoutput"],"id":172,"resource":"1536","request_start":1576624143539,"request_end":1576624157416,"request_duration":13877,"type":"1536"}
{"start":1576624152987,"end":1576624157395,"duration":4408,"downloading_duration":1040,"execution_duration":2785,"uploading_duration":583,"executable":"ellipsoids-openmp","args":["3.dat","340.log","340.xoutput"],"id":181,"resource":"1536","request_start":1576624143543,"request_end":1576624157419,"request_duration":13876,"type":"1536"}
{"start":1576624152948,"end":1576624157395,"duration":4447,"downloading_duration":1074,"execution_duration":2764,"uploading_duration":609,"executable":"ellipsoids-openmp","args":["3.dat","335.log","335.xoutput"],"id":176,"resource":"1536","request_start":1576624143541,"request_end":1576624157421,"request_duration":13880,"type":"1536"}
{"start":1576624152956,"end":1576624157397,"duration":4441,"downloading_duration":1066,"execution_duration":2771,"uploading_duration":604,"executable":"ellipsoids-openmp","args":["3.dat","336.log","336.xoutput"],"id":177,"resource":"1536","request_start":1576624143541,"request_end":1576624157425,"request_duration":13884,"type":"1536"}
{"start":1576624152964,"end":1576624157398,"duration":4434,"downloading_duration":987,"execution_duration":2863,"uploading_duration":584,"executable":"ellipsoids-openmp","args":["3.dat","337.log","337.xoutput"],"id":178,"resource":"1536","request_start":1576624143542,"request_end":1576624157427,"request_duration":13885,"type":"1536"}
{"start":1576624152826,"end":1576624157401,"duration":4575,"downloading_duration":1021,"execution_duration":2979,"uploading_duration":575,"executable":"ellipsoids-openmp","args":["3.dat","317.log","317.xoutput"],"id":158,"resource":"1536","request_start":1576624143531,"request_end":1576624157429,"request_duration":13898,"type":"1536"}
{"start":1576624152915,"end":1576624157407,"duration":4492,"downloading_duration":997,"execution_duration":2903,"uploading_duration":592,"executable":"ellipsoids-openmp","args":["3.dat","329.log","329.xoutput"],"id":170,"resource":"1536","request_start":1576624143538,"request_end":1576624157430,"request_duration":13892,"type":"1536"}
{"start":1576624152860,"end":1576624157413,"duration":4553,"downloading_duration":997,"execution_duration":2980,"uploading_duration":576,"executable":"ellipsoids-openmp","args":["3.dat","320.log","320.xoutput"],"id":161,"resource":"1536","request_start":1576624143533,"request_end":1576624157438,"request_duration":13905,"type":"1536"}
{"start":1576624152947,"end":1576624157431,"duration":4484,"downloading_duration":1122,"execution_duration":2757,"uploading_duration":605,"executable":"ellipsoids-openmp","args":["3.dat","334.log","334.xoutput"],"id":175,"resource":"1536","request_start":1576624143540,"request_end":1576624157451,"request_duration":13911,"type":"1536"}
{"start":1576624152774,"end":1576624157440,"duration":4666,"downloading_duration":1059,"execution_duration":3026,"uploading_duration":581,"executable":"ellipsoids-openmp","args":["3.dat","316.log","316.xoutput"],"id":157,"resource":"1536","request_start":1576624143531,"request_end":1576624157463,"request_duration":13932,"type":"1536"}
{"start":1576624152910,"end":1576624157447,"duration":4537,"downloading_duration":1168,"execution_duration":2805,"uploading_duration":564,"executable":"ellipsoids-openmp","args":["3.dat","328.log","328.xoutput"],"id":169,"resource":"1536","request_start":1576624143537,"request_end":1576624157473,"request_duration":13936,"type":"1536"}
{"start":1576624152922,"end":1576624157454,"duration":4532,"downloading_duration":994,"execution_duration":2951,"uploading_duration":587,"executable":"ellipsoids-openmp","args":["3.dat","330.log","330.xoutput"],"id":171,"resource":"1536","request_start":1576624143538,"request_end":1576624157475,"request_duration":13937,"type":"1536"}
{"start":1576624152989,"end":1576624157456,"duration":4467,"downloading_duration":1074,"execution_duration":2815,"uploading_duration":578,"executable":"ellipsoids-openmp","args":["3.dat","341.log","341.xoutput"],"id":182,"resource":"1536","request_start":1576624143544,"request_end":1576624157481,"request_duration":13937,"type":"1536"}
{"start":1576624152895,"end":1576624157472,"duration":4577,"downloading_duration":1083,"execution_duration":2928,"uploading_duration":566,"executable":"ellipsoids-openmp","args":["3.dat","325.log","325.xoutput"],"id":166,"resource":"1536","request_start":1576624143535,"request_end":1576624157494,"request_duration":13959,"type":"1536"}
{"start":1576624152867,"end":1576624157478,"duration":4611,"downloading_duration":991,"execution_duration":3032,"uploading_duration":588,"executable":"ellipsoids-openmp","args":["3.dat","321.log","321.xoutput"],"id":162,"resource":"1536","request_start":1576624143533,"request_end":1576624157498,"request_duration":13965,"type":"1536"}
{"start":1576624152890,"end":1576624157498,"duration":4608,"downloading_duration":997,"execution_duration":3000,"uploading_duration":611,"executable":"ellipsoids-openmp","args":["3.dat","324.log","324.xoutput"],"id":165,"resource":"1536","request_start":1576624143535,"request_end":1576624157518,"request_duration":13983,"type":"1536"}
{"start":1576624152899,"end":1576624157505,"duration":4606,"downloading_duration":1096,"execution_duration":2950,"uploading_duration":560,"executable":"ellipsoids-openmp","args":["3.dat","327.log","327.xoutput"],"id":168,"resource":"1536","request_start":1576624143537,"request_end":1576624157527,"request_duration":13990,"type":"1536"}
{"start":1576624152926,"end":1576624157521,"duration":4595,"downloading_duration":1028,"execution_duration":2980,"uploading_duration":587,"executable":"ellipsoids-openmp","args":["3.dat","332.log","332.xoutput"],"id":173,"resource":"1536","request_start":1576624143539,"request_end":1576624157540,"request_duration":14001,"type":"1536"}
{"start":1576624152871,"end":1576624157521,"duration":4650,"downloading_duration":1076,"execution_duration":2961,"uploading_duration":613,"executable":"ellipsoids-openmp","args":["3.dat","322.log","322.xoutput"],"id":163,"resource":"1536","request_start":1576624143534,"request_end":1576624157543,"request_duration":14009,"type":"1536"}
{"start":1576624153010,"end":1576624157526,"duration":4516,"downloading_duration":983,"execution_duration":2974,"uploading_duration":559,"executable":"ellipsoids-openmp","args":["3.dat","344.log","344.xoutput"],"id":185,"resource":"1536","request_start":1576624143545,"request_end":1576624157547,"request_duration":14002,"type":"1536"}
{"start":1576624152936,"end":1576624157533,"duration":4597,"downloading_duration":1029,"execution_duration":2945,"uploading_duration":623,"executable":"ellipsoids-openmp","args":["3.dat","333.log","333.xoutput"],"id":174,"resource":"1536","request_start":1576624143540,"request_end":1576624157557,"request_duration":14017,"type":"1536"}
{"start":1576624152969,"end":1576624157578,"duration":4609,"downloading_duration":1080,"execution_duration":2889,"uploading_duration":640,"executable":"ellipsoids-openmp","args":["3.dat","338.log","338.xoutput"],"id":179,"resource":"1536","request_start":1576624143542,"request_end":1576624157599,"request_duration":14057,"type":"1536"}
{"start":1576624152898,"end":1576624157591,"duration":4693,"downloading_duration":1115,"execution_duration":2900,"uploading_duration":678,"executable":"ellipsoids-openmp","args":["3.dat","326.log","326.xoutput"],"id":167,"resource":"1536","request_start":1576624143536,"request_end":1576624157610,"request_duration":14074,"type":"1536"}
{"start":1576624152970,"end":1576624157591,"duration":4621,"downloading_duration":1013,"execution_duration":3040,"uploading_duration":568,"executable":"ellipsoids-openmp","args":["3.dat","339.log","339.xoutput"],"id":180,"resource":"1536","request_start":1576624143543,"request_end":1576624157613,"request_duration":14070,"type":"1536"}
{"start":1576624152999,"end":1576624157613,"duration":4614,"downloading_duration":993,"execution_duration":3016,"uploading_duration":605,"executable":"ellipsoids-openmp","args":["3.dat","342.log","342.xoutput"],"id":183,"resource":"1536","request_start":1576624143544,"request_end":1576624157632,"request_duration":14088,"type":"1536"}
{"start":1576624153081,"end":1576624157637,"duration":4556,"downloading_duration":1006,"execution_duration":2983,"uploading_duration":567,"executable":"ellipsoids-openmp","args":["2.dat","213.log","213.xoutput"],"id":109,"resource":"1536","request_start":1576624143561,"request_end":1576624157657,"request_duration":14096,"type":"1536"}
{"start":1576624153070,"end":1576624157684,"duration":4614,"downloading_duration":979,"execution_duration":3070,"uploading_duration":565,"executable":"ellipsoids-openmp","args":["2.dat","212.log","212.xoutput"],"id":108,"resource":"1536","request_start":1576624143561,"request_end":1576624157706,"request_duration":14145,"type":"1536"}
{"start":1576624153018,"end":1576624157705,"duration":4687,"downloading_duration":997,"execution_duration":3117,"uploading_duration":573,"executable":"ellipsoids-openmp","args":["2.dat","24.log","24.xoutput"],"id":100,"resource":"1536","request_start":1576624143556,"request_end":1576624157725,"request_duration":14169,"type":"1536"}
{"start":1576624153022,"end":1576624157716,"duration":4694,"downloading_duration":1001,"execution_duration":3115,"uploading_duration":578,"executable":"ellipsoids-openmp","args":["2.dat","26.log","26.xoutput"],"id":102,"resource":"1536","request_start":1576624143557,"request_end":1576624157736,"request_duration":14179,"type":"1536"}
{"start":1576624153063,"end":1576624157750,"duration":4687,"downloading_duration":970,"execution_duration":3125,"uploading_duration":592,"executable":"ellipsoids-openmp","args":["2.dat","211.log","211.xoutput"],"id":107,"resource":"1536","request_start":1576624143560,"request_end":1576624157771,"request_duration":14211,"type":"1536"}
{"start":1576624153029,"end":1576624157762,"duration":4733,"downloading_duration":1027,"execution_duration":3115,"uploading_duration":591,"executable":"ellipsoids-openmp","args":["2.dat","27.log","27.xoutput"],"id":103,"resource":"1536","request_start":1576624143557,"request_end":1576624157783,"request_duration":14226,"type":"1536"}
{"start":1576624153019,"end":1576624157764,"duration":4745,"downloading_duration":1065,"execution_duration":3120,"uploading_duration":560,"executable":"ellipsoids-openmp","args":["2.dat","25.log","25.xoutput"],"id":101,"resource":"1536","request_start":1576624143556,"request_end":1576624157785,"request_duration":14229,"type":"1536"}
{"start":1576624153036,"end":1576624157770,"duration":4734,"downloading_duration":1048,"execution_duration":3122,"uploading_duration":564,"executable":"ellipsoids-openmp","args":["2.dat","28.log","28.xoutput"],"id":104,"resource":"1536","request_start":1576624143558,"request_end":1576624157789,"request_duration":14231,"type":"1536"}
{"start":1576624153087,"end":1576624157777,"duration":4690,"downloading_duration":984,"execution_duration":3085,"uploading_duration":621,"executable":"ellipsoids-openmp","args":["2.dat","214.log","214.xoutput"],"id":110,"resource":"1536","request_start":1576624143562,"request_end":1576624157796,"request_duration":14234,"type":"1536"}
{"start":1576624153055,"end":1576624157804,"duration":4749,"downloading_duration":1083,"execution_duration":3071,"uploading_duration":595,"executable":"ellipsoids-openmp","args":["2.dat","210.log","210.xoutput"],"id":106,"resource":"1536","request_start":1576624143559,"request_end":1576624157825,"request_duration":14266,"type":"1536"}
{"start":1576624153145,"end":1576624157886,"duration":4741,"downloading_duration":1038,"execution_duration":3134,"uploading_duration":569,"executable":"ellipsoids-openmp","args":["2.dat","215.log","215.xoutput"],"id":111,"resource":"1536","request_start":1576624143562,"request_end":1576624157907,"request_duration":14345,"type":"1536"}
{"start":1576624153051,"end":1576624157910,"duration":4859,"downloading_duration":1077,"execution_duration":3181,"uploading_duration":601,"executable":"ellipsoids-openmp","args":["2.dat","29.log","29.xoutput"],"id":105,"resource":"1536","request_start":1576624143559,"request_end":1576624157934,"request_duration":14375,"type":"1536"}
{"start":1576624153228,"end":1576624157999,"duration":4771,"downloading_duration":1020,"execution_duration":3195,"uploading_duration":556,"executable":"ellipsoids-openmp","args":["2.dat","217.log","217.xoutput"],"id":113,"resource":"1536","request_start":1576624143563,"request_end":1576624158021,"request_duration":14458,"type":"1536"}
{"start":1576624153228,"end":1576624158067,"duration":4839,"downloading_duration":998,"execution_duration":3138,"uploading_duration":703,"executable":"ellipsoids-openmp","args":["2.dat","218.log","218.xoutput"],"id":114,"resource":"1536","request_start":1576624143564,"request_end":1576624158087,"request_duration":14523,"type":"1536"}
{"start":1576624153223,"end":1576624158102,"duration":4879,"downloading_duration":1078,"execution_duration":3219,"uploading_duration":582,"executable":"ellipsoids-openmp","args":["2.dat","216.log","216.xoutput"],"id":112,"resource":"1536","request_start":1576624143563,"request_end":1576624158122,"request_duration":14559,"type":"1536"}
{"start":1576624157629,"end":1576624159106,"duration":1477,"downloading_duration":1055,"execution_duration":3,"uploading_duration":419,"executable":"mean-pack-ell","args":["10.xoutput","11.xoutput","12.xoutput","13.xoutput","14.xoutput","15.xoutput","16.xoutput","17.xoutput","18.xoutput","19.xoutput","110.xoutput","111.xoutput","112.xoutput","113.xoutput","114.xoutput","115.xoutput","116.xoutput","117.xoutput","118.xoutput","119.xoutput","120.xoutput","121.xoutput","122.xoutput","123.xoutput","124.xoutput","125.xoutput","126.xoutput","127.xoutput","128.xoutput","129.xoutput","130.xoutput","131.xoutput","132.xoutput","133.xoutput","134.xoutput","135.xoutput","136.xoutput","137.xoutput","138.xoutput","139.xoutput","140.xoutput","141.xoutput","142.xoutput","143.xoutput","144.xoutput","average_1.txt"],"id":187,"resource":"1536","request_start":1576624153220,"request_end":1576624159128,"request_duration":5908,"type":"1536"}
{"start":1576624157585,"end":1576624159151,"duration":1566,"downloading_duration":1188,"execution_duration":4,"uploading_duration":374,"executable":"mean-pack-ell","args":["00.xoutput","01.xoutput","02.xoutput","03.xoutput","04.xoutput","05.xoutput","06.xoutput","07.xoutput","08.xoutput","09.xoutput","010.xoutput","011.xoutput","012.xoutput","013.xoutput","014.xoutput","015.xoutput","016.xoutput","017.xoutput","018.xoutput","019.xoutput","020.xoutput","021.xoutput","022.xoutput","023.xoutput","024.xoutput","025.xoutput","026.xoutput","027.xoutput","028.xoutput","029.xoutput","030.xoutput","031.xoutput","032.xoutput","033.xoutput","034.xoutput","035.xoutput","036.xoutput","037.xoutput","038.xoutput","039.xoutput","040.xoutput","041.xoutput","042.xoutput","043.xoutput","044.xoutput","average_0.txt"],"id":186,"resource":"1536","request_start":1576624148680,"request_end":1576624159173,"request_duration":10493,"type":"1536"}
{"start":1576624157757,"end":1576624159193,"duration":1436,"downloading_duration":1056,"execution_duration":5,"uploading_duration":375,"executable":"mean-pack-ell","args":["30.xoutput","31.xoutput","32.xoutput","33.xoutput","34.xoutput","35.xoutput","36.xoutput","37.xoutput","38.xoutput","39.xoutput","310.xoutput","311.xoutput","312.xoutput","313.xoutput","314.xoutput","315.xoutput","316.xoutput","317.xoutput","318.xoutput","319.xoutput","320.xoutput","321.xoutput","322.xoutput","323.xoutput","324.xoutput","325.xoutput","326.xoutput","327.xoutput","328.xoutput","329.xoutput","330.xoutput","331.xoutput","332.xoutput","333.xoutput","334.xoutput","335.xoutput","336.xoutput","337.xoutput","338.xoutput","339.xoutput","340.xoutput","341.xoutput","342.xoutput","343.xoutput","344.xoutput","average_3.txt"],"id":189,"resource":"1536","request_start":1576624157645,"request_end":1576624159214,"request_duration":1569,"type":"1536"}
{"start":1576624155823,"end":1576624159764,"duration":3941,"downloading_duration":997,"execution_duration":2349,"uploading_duration":595,"executable":"ellipsoids-openmp","args":["2.dat","219.log","219.xoutput"],"id":115,"resource":"1536","request_start":1576624143564,"request_end":1576624159786,"request_duration":16222,"type":"1536"}
{"start":1576624155819,"end":1576624159766,"duration":3947,"downloading_duration":986,"execution_duration":2356,"uploading_duration":605,"executable":"ellipsoids-openmp","args":["2.dat","220.log","220.xoutput"],"id":116,"resource":"1536","request_start":1576624143565,"request_end":1576624159788,"request_duration":16223,"type":"1536"}
{"start":1576624157238,"end":1576624161822,"duration":4584,"downloading_duration":983,"execution_duration":3022,"uploading_duration":579,"executable":"ellipsoids-openmp","args":["2.dat","221.log","221.xoutput"],"id":117,"resource":"1536","request_start":1576624143566,"request_end":1576624161844,"request_duration":18278,"type":"1536"}
{"start":1576624157454,"end":1576624161957,"duration":4503,"downloading_duration":985,"execution_duration":2939,"uploading_duration":579,"executable":"ellipsoids-openmp","args":["2.dat","234.log","234.xoutput"],"id":130,"resource":"1536","request_start":1576624143573,"request_end":1576624161979,"request_duration":18406,"type":"1536"}
{"start":1576624157291,"end":1576624161962,"duration":4671,"downloading_duration":993,"execution_duration":3025,"uploading_duration":653,"executable":"ellipsoids-openmp","args":["2.dat","222.log","222.xoutput"],"id":118,"resource":"1536","request_start":1576624143567,"request_end":1576624161984,"request_duration":18417,"type":"1536"}
{"start":1576624157332,"end":1576624161989,"duration":4657,"downloading_duration":1033,"execution_duration":3062,"uploading_duration":562,"executable":"ellipsoids-openmp","args":["2.dat","223.log","223.xoutput"],"id":119,"resource":"1536","request_start":1576624143567,"request_end":1576624162014,"request_duration":18447,"type":"1536"}
{"start":1576624157456,"end":1576624162078,"duration":4622,"downloading_duration":991,"execution_duration":2986,"uploading_duration":645,"executable":"ellipsoids-openmp","args":["2.dat","232.log","232.xoutput"],"id":128,"resource":"1536","request_start":1576624143572,"request_end":1576624162098,"request_duration":18526,"type":"1536"}
{"start":1576624157397,"end":1576624162085,"duration":4688,"downloading_duration":1079,"execution_duration":3024,"uploading_duration":585,"executable":"ellipsoids-openmp","args":["2.dat","225.log","225.xoutput"],"id":121,"resource":"1536","request_start":1576624143568,"request_end":1576624162104,"request_duration":18536,"type":"1536"}
{"start":1576624157522,"end":1576624162112,"duration":4590,"downloading_duration":987,"execution_duration":3010,"uploading_duration":593,"executable":"ellipsoids-openmp","args":["2.dat","242.log","242.xoutput"],"id":138,"resource":"1536","request_start":1576624143577,"request_end":1576624162134,"request_duration":18557,"type":"1536"}
{"start":1576624157388,"end":1576624162126,"duration":4738,"downloading_duration":1027,"execution_duration":3135,"uploading_duration":576,"executable":"ellipsoids-openmp","args":["2.dat","224.log","224.xoutput"],"id":120,"resource":"1536","request_start":1576624143568,"request_end":1576624162148,"request_duration":18580,"type":"1536"}
{"start":1576624157439,"end":1576624162141,"duration":4702,"downloading_duration":1123,"execution_duration":2984,"uploading_duration":595,"executable":"ellipsoids-openmp","args":["2.dat","227.log","227.xoutput"],"id":123,"resource":"1536","request_start":1576624143569,"request_end":1576624162164,"request_duration":18595,"type":"1536"}
{"start":1576624157431,"end":1576624162163,"duration":4732,"downloading_duration":996,"execution_duration":3123,"uploading_duration":613,"executable":"ellipsoids-openmp","args":["2.dat","226.log","226.xoutput"],"id":122,"resource":"1536","request_start":1576624143569,"request_end":1576624162181,"request_duration":18612,"type":"1536"}
{"start":1576624157444,"end":1576624162170,"duration":4726,"downloading_duration":1084,"execution_duration":3028,"uploading_duration":614,"executable":"ellipsoids-openmp","args":["2.dat","229.log","229.xoutput"],"id":125,"resource":"1536","request_start":1576624143570,"request_end":1576624162259,"request_duration":18689,"type":"1536"}
{"start":1576624157449,"end":1576624162170,"duration":4721,"downloading_duration":1040,"execution_duration":3030,"uploading_duration":651,"executable":"ellipsoids-openmp","args":["2.dat","231.log","231.xoutput"],"id":127,"resource":"1536","request_start":1576624143571,"request_end":1576624162261,"request_duration":18690,"type":"1536"}
{"start":1576624157511,"end":1576624162186,"duration":4675,"downloading_duration":1034,"execution_duration":3037,"uploading_duration":604,"executable":"ellipsoids-openmp","args":["2.dat","241.log","241.xoutput"],"id":137,"resource":"1536","request_start":1576624143577,"request_end":1576624162266,"request_duration":18689,"type":"1536"}
{"start":1576624157446,"end":1576624162188,"duration":4742,"downloading_duration":1119,"execution_duration":3047,"uploading_duration":576,"executable":"ellipsoids-openmp","args":["2.dat","230.log","230.xoutput"],"id":126,"resource":"1536","request_start":1576624143571,"request_end":1576624162268,"request_duration":18697,"type":"1536"}
{"start":1576624157467,"end":1576624162189,"duration":4722,"downloading_duration":987,"execution_duration":3086,"uploading_duration":649,"executable":"ellipsoids-openmp","args":["2.dat","236.log","236.xoutput"],"id":132,"resource":"1536","request_start":1576624143574,"request_end":1576624162270,"request_duration":18696,"type":"1536"}
{"start":1576624157482,"end":1576624162206,"duration":4724,"downloading_duration":987,"execution_duration":3117,"uploading_duration":620,"executable":"ellipsoids-openmp","args":["2.dat","237.log","237.xoutput"],"id":133,"resource":"1536","request_start":1576624143574,"request_end":1576624162277,"request_duration":18703,"type":"1536"}
{"start":1576624157494,"end":1576624162211,"duration":4717,"downloading_duration":1091,"execution_duration":3056,"uploading_duration":570,"executable":"ellipsoids-openmp","args":["2.dat","238.log","238.xoutput"],"id":134,"resource":"1536","request_start":1576624143575,"request_end":1576624162279,"request_duration":18704,"type":"1536"}
{"start":1576624157570,"end":1576624162216,"duration":4646,"downloading_duration":985,"execution_duration":3074,"uploading_duration":587,"executable":"ellipsoids-openmp","args":["2.dat","22.log","22.xoutput"],"id":98,"resource":"1536","request_start":1576624143580,"request_end":1576624162280,"request_duration":18700,"type":"1536"}
{"start":1576624157445,"end":1576624162219,"duration":4774,"downloading_duration":1082,"execution_duration":2984,"uploading_duration":708,"executable":"ellipsoids-openmp","args":["2.dat","228.log","228.xoutput"],"id":124,"resource":"1536","request_start":1576624143570,"request_end":1576624162282,"request_duration":18712,"type":"1536"}
{"start":1576624157464,"end":1576624162221,"duration":4757,"downloading_duration":1084,"execution_duration":3074,"uploading_duration":599,"executable":"ellipsoids-openmp","args":["2.dat","235.log","235.xoutput"],"id":131,"resource":"1536","request_start":1576624143573,"request_end":1576624162283,"request_duration":18710,"type":"1536"}
{"start":1576624157499,"end":1576624162289,"duration":4790,"downloading_duration":1164,"execution_duration":3036,"uploading_duration":590,"executable":"ellipsoids-openmp","args":["2.dat","239.log","239.xoutput"],"id":135,"resource":"1536","request_start":1576624143576,"request_end":1576624162311,"request_duration":18735,"type":"1536"}
{"start":1576624157455,"end":1576624162308,"duration":4853,"downloading_duration":1189,"execution_duration":3091,"uploading_duration":573,"executable":"ellipsoids-openmp","args":["2.dat","233.log","233.xoutput"],"id":129,"resource":"1536","request_start":1576624143572,"request_end":1576624162347,"request_duration":18775,"type":"1536"}
{"start":1576624157506,"end":1576624162357,"duration":4851,"downloading_duration":1091,"execution_duration":3143,"uploading_duration":617,"executable":"ellipsoids-openmp","args":["2.dat","240.log","240.xoutput"],"id":136,"resource":"1536","request_start":1576624143576,"request_end":1576624162380,"request_duration":18804,"type":"1536"}
{"start":1576624157547,"end":1576624162359,"duration":4812,"downloading_duration":986,"execution_duration":3170,"uploading_duration":656,"executable":"ellipsoids-openmp","args":["2.dat","244.log","244.xoutput"],"id":140,"resource":"1536","request_start":1576624143578,"request_end":1576624162382,"request_duration":18804,"type":"1536"}
{"start":1576624157563,"end":1576624162359,"duration":4796,"downloading_duration":1044,"execution_duration":3134,"uploading_duration":618,"executable":"ellipsoids-openmp","args":["2.dat","21.log","21.xoutput"],"id":97,"resource":"1536","request_start":1576624143579,"request_end":1576624162384,"request_duration":18805,"type":"1536"}
{"start":1576624157551,"end":1576624162380,"duration":4829,"downloading_duration":1168,"execution_duration":3079,"uploading_duration":582,"executable":"ellipsoids-openmp","args":["2.dat","20.log","20.xoutput"],"id":96,"resource":"1536","request_start":1576624143579,"request_end":1576624162400,"request_duration":18821,"type":"1536"}
{"start":1576624157579,"end":1576624162444,"duration":4865,"downloading_duration":1082,"execution_duration":3106,"uploading_duration":677,"executable":"ellipsoids-openmp","args":["2.dat","23.log","23.xoutput"],"id":99,"resource":"1536","request_start":1576624143581,"request_end":1576624162468,"request_duration":18887,"type":"1536"}
{"start":1576624157525,"end":1576624162532,"duration":5007,"downloading_duration":1088,"execution_duration":3041,"uploading_duration":878,"executable":"ellipsoids-openmp","args":["2.dat","243.log","243.xoutput"],"id":139,"resource":"1536","request_start":1576624143578,"request_end":1576624162553,"request_duration":18975,"type":"1536"}
{"start":1576624162684,"end":1576624164208,"duration":1524,"downloading_duration":1136,"execution_duration":3,"uploading_duration":385,"executable":"mean-pack-ell","args":["20.xoutput","21.xoutput","22.xoutput","23.xoutput","24.xoutput","25.xoutput","26.xoutput","27.xoutput","28.xoutput","29.xoutput","210.xoutput","211.xoutput","212.xoutput","213.xoutput","214.xoutput","215.xoutput","216.xoutput","217.xoutput","218.xoutput","219.xoutput","220.xoutput","221.xoutput","222.xoutput","223.xoutput","224.xoutput","225.xoutput","226.xoutput","227.xoutput","228.xoutput","229.xoutput","230.xoutput","231.xoutput","232.xoutput","233.xoutput","234.xoutput","235.xoutput","236.xoutput","237.xoutput","238.xoutput","239.xoutput","240.xoutput","241.xoutput","242.xoutput","243.xoutput","244.xoutput","average_2.txt"],"id":188,"resource":"1536","request_start":1576624162571,"request_end":1576624164228,"request_duration":1657,"type":"1536"}
{"start":1576624164336,"end":1576624165254,"duration":918,"downloading_duration":433,"execution_duration":78,"uploading_duration":407,"executable":"summary.js","args":[],"id":190,"resource":"1536","request_start":1576624164232,"request_end":1576624165273,"request_duration":1041,"type":"1536"}
