{"start":1576624067502,"end":1576624068353,"duration":851,"downloading_duration":385,"execution_duration":74,"uploading_duration":392,"executable":"generateData.js","args":[],"id":1,"resource":"1536","request_start":1576624067303,"request_end":1576624068384,"request_duration":1081,"type":"1536"}
{"start":1576624068552,"end":1576624069390,"duration":838,"downloading_duration":383,"execution_duration":71,"uploading_duration":384,"executable":"createDat.js","args":["0.dat"],"id":2,"resource":"1536","request_start":1576624068397,"request_end":1576624069409,"request_duration":1012,"type":"1536"}
{"start":1576624068570,"end":1576624069432,"duration":862,"downloading_duration":390,"execution_duration":69,"uploading_duration":403,"executable":"createDat.js","args":["1.dat"],"id":3,"resource":"1536","request_start":1576624068402,"request_end":1576624069458,"request_duration":1056,"type":"1536"}
{"start":1576624068586,"end":1576624069459,"duration":873,"downloading_duration":377,"execution_duration":93,"uploading_duration":403,"executable":"createDat.js","args":["3.dat"],"id":5,"resource":"1536","request_start":1576624068409,"request_end":1576624069558,"request_duration":1149,"type":"1536"}
{"start":1576624068593,"end":1576624069648,"duration":1055,"downloading_duration":375,"execution_duration":72,"uploading_duration":608,"executable":"createDat.js","args":["2.dat"],"id":4,"resource":"1536","request_start":1576624068405,"request_end":1576624069698,"request_duration":1293,"type":"1536"}
{"start":1576624069941,"end":1576624073918,"duration":3977,"downloading_duration":1000,"execution_duration":2383,"uploading_duration":594,"executable":"ellipsoids-openmp","args":["0.dat","036.log","036.xoutput"],"id":42,"resource":"1536","request_start":1576624069497,"request_end":1576624073941,"request_duration":4444,"type":"1536"}
{"start":1576624069935,"end":1576624074021,"duration":4086,"downloading_duration":1109,"execution_duration":2398,"uploading_duration":579,"executable":"ellipsoids-openmp","args":["0.dat","033.log","033.xoutput"],"id":39,"resource":"1536","request_start":1576624069491,"request_end":1576624074045,"request_duration":4554,"type":"1536"}
{"start":1576624069731,"end":1576624074248,"duration":4517,"downloading_duration":1073,"execution_duration":2885,"uploading_duration":559,"executable":"ellipsoids-openmp","args":["1.dat","14.log","14.xoutput"],"id":55,"resource":"1536","request_start":1576624069604,"request_end":1576624074270,"request_duration":4666,"type":"1536"}
{"start":1576624069969,"end":1576624074441,"duration":4472,"downloading_duration":1090,"execution_duration":2772,"uploading_duration":610,"executable":"ellipsoids-openmp","args":["1.dat","13.log","13.xoutput"],"id":54,"resource":"1536","request_start":1576624069603,"request_end":1576624074464,"request_duration":4861,"type":"1536"}
{"start":1576624069960,"end":1576624074461,"duration":4501,"downloading_duration":995,"execution_duration":2874,"uploading_duration":632,"executable":"ellipsoids-openmp","args":["1.dat","10.log","10.xoutput"],"id":51,"resource":"1536","request_start":1576624069601,"request_end":1576624074484,"request_duration":4883,"type":"1536"}
{"start":1576624069968,"end":1576624074497,"duration":4529,"downloading_duration":999,"execution_duration":2912,"uploading_duration":618,"executable":"ellipsoids-openmp","args":["1.dat","11.log","11.xoutput"],"id":52,"resource":"1536","request_start":1576624069602,"request_end":1576624074518,"request_duration":4916,"type":"1536"}
{"start":1576624069769,"end":1576624074518,"duration":4749,"downloading_duration":1038,"execution_duration":3119,"uploading_duration":592,"executable":"ellipsoids-openmp","args":["0.dat","06.log","06.xoutput"],"id":12,"resource":"1536","request_start":1576624069463,"request_end":1576624074538,"request_duration":5075,"type":"1536"}
{"start":1576624069804,"end":1576624074523,"duration":4719,"downloading_duration":1002,"execution_duration":3097,"uploading_duration":620,"executable":"ellipsoids-openmp","args":["0.dat","09.log","09.xoutput"],"id":15,"resource":"1536","request_start":1576624069467,"request_end":1576624074543,"request_duration":5076,"type":"1536"}
{"start":1576624069963,"end":1576624074539,"duration":4576,"downloading_duration":1120,"execution_duration":2848,"uploading_duration":608,"executable":"ellipsoids-openmp","args":["1.dat","12.log","12.xoutput"],"id":53,"resource":"1536","request_start":1576624069603,"request_end":1576624074620,"request_duration":5017,"type":"1536"}
{"start":1576624069795,"end":1576624074548,"duration":4753,"downloading_duration":1042,"execution_duration":3132,"uploading_duration":579,"executable":"ellipsoids-openmp","args":["0.dat","07.log","07.xoutput"],"id":13,"resource":"1536","request_start":1576624069464,"request_end":1576624074623,"request_duration":5159,"type":"1536"}
{"start":1576624069853,"end":1576624074582,"duration":4729,"downloading_duration":1052,"execution_duration":3031,"uploading_duration":646,"executable":"ellipsoids-openmp","args":["0.dat","020.log","020.xoutput"],"id":26,"resource":"1536","request_start":1576624069480,"request_end":1576624074630,"request_duration":5150,"type":"1536"}
{"start":1576624069766,"end":1576624074605,"duration":4839,"downloading_duration":1079,"execution_duration":3188,"uploading_duration":572,"executable":"ellipsoids-openmp","args":["0.dat","04.log","04.xoutput"],"id":10,"resource":"1536","request_start":1576624069459,"request_end":1576624074642,"request_duration":5183,"type":"1536"}
{"start":1576624069952,"end":1576624074610,"duration":4658,"downloading_duration":998,"execution_duration":3091,"uploading_duration":569,"executable":"ellipsoids-openmp","args":["0.dat","042.log","042.xoutput"],"id":48,"resource":"1536","request_start":1576624069503,"request_end":1576624074643,"request_duration":5140,"type":"1536"}
{"start":1576624069863,"end":1576624074612,"duration":4749,"downloading_duration":1005,"execution_duration":3154,"uploading_duration":590,"executable":"ellipsoids-openmp","args":["0.dat","017.log","017.xoutput"],"id":23,"resource":"1536","request_start":1576624069477,"request_end":1576624074644,"request_duration":5167,"type":"1536"}
{"start":1576624069958,"end":1576624074614,"duration":4656,"downloading_duration":1029,"execution_duration":3062,"uploading_duration":565,"executable":"ellipsoids-openmp","args":["0.dat","041.log","041.xoutput"],"id":47,"resource":"1536","request_start":1576624069502,"request_end":1576624074646,"request_duration":5144,"type":"1536"}
{"start":1576624069768,"end":1576624074617,"duration":4849,"downloading_duration":1076,"execution_duration":3174,"uploading_duration":599,"executable":"ellipsoids-openmp","args":["0.dat","05.log","05.xoutput"],"id":11,"resource":"1536","request_start":1576624069461,"request_end":1576624074648,"request_duration":5187,"type":"1536"}
{"start":1576624069838,"end":1576624074617,"duration":4779,"downloading_duration":1026,"execution_duration":3188,"uploading_duration":565,"executable":"ellipsoids-openmp","args":["0.dat","016.log","016.xoutput"],"id":22,"resource":"1536","request_start":1576624069476,"request_end":1576624074649,"request_duration":5173,"type":"1536"}
{"start":1576624069916,"end":1576624074618,"duration":4702,"downloading_duration":1033,"execution_duration":3112,"uploading_duration":557,"executable":"ellipsoids-openmp","args":["0.dat","022.log","022.xoutput"],"id":28,"resource":"1536","request_start":1576624069481,"request_end":1576624074650,"request_duration":5169,"type":"1536"}
{"start":1576624069926,"end":1576624074640,"duration":4714,"downloading_duration":1044,"execution_duration":3100,"uploading_duration":570,"executable":"ellipsoids-openmp","args":["0.dat","029.log","029.xoutput"],"id":35,"resource":"1536","request_start":1576624069488,"request_end":1576624074664,"request_duration":5176,"type":"1536"}
{"start":1576624069791,"end":1576624074648,"duration":4857,"downloading_duration":1021,"execution_duration":3215,"uploading_duration":621,"executable":"ellipsoids-openmp","args":["0.dat","010.log","010.xoutput"],"id":16,"resource":"1536","request_start":1576624069468,"request_end":1576624074683,"request_duration":5215,"type":"1536"}
{"start":1576624069921,"end":1576624074655,"duration":4734,"downloading_duration":1112,"execution_duration":3054,"uploading_duration":568,"executable":"ellipsoids-openmp","args":["0.dat","026.log","026.xoutput"],"id":32,"resource":"1536","request_start":1576624069485,"request_end":1576624074685,"request_duration":5200,"type":"1536"}
{"start":1576624069937,"end":1576624074659,"duration":4722,"downloading_duration":1173,"execution_duration":2988,"uploading_duration":561,"executable":"ellipsoids-openmp","args":["0.dat","031.log","031.xoutput"],"id":37,"resource":"1536","request_start":1576624069490,"request_end":1576624074687,"request_duration":5197,"type":"1536"}
{"start":1576624069800,"end":1576624074659,"duration":4859,"downloading_duration":1041,"execution_duration":3156,"uploading_duration":662,"executable":"ellipsoids-openmp","args":["0.dat","014.log","014.xoutput"],"id":20,"resource":"1536","request_start":1576624069473,"request_end":1576624074688,"request_duration":5215,"type":"1536"}
{"start":1576624069864,"end":1576624074660,"duration":4796,"downloading_duration":1188,"execution_duration":3038,"uploading_duration":570,"executable":"ellipsoids-openmp","args":["0.dat","019.log","019.xoutput"],"id":25,"resource":"1536","request_start":1576624069478,"request_end":1576624074691,"request_duration":5213,"type":"1536"}
{"start":1576624069794,"end":1576624074663,"duration":4869,"downloading_duration":1001,"execution_duration":3155,"uploading_duration":713,"executable":"ellipsoids-openmp","args":["0.dat","08.log","08.xoutput"],"id":14,"resource":"1536","request_start":1576624069466,"request_end":1576624074693,"request_duration":5227,"type":"1536"}
{"start":1576624069954,"end":1576624074668,"duration":4714,"downloading_duration":1092,"execution_duration":3062,"uploading_duration":560,"executable":"ellipsoids-openmp","args":["0.dat","040.log","040.xoutput"],"id":46,"resource":"1536","request_start":1576624069501,"request_end":1576624074709,"request_duration":5208,"type":"1536"}
{"start":1576624069943,"end":1576624074674,"duration":4731,"downloading_duration":1042,"execution_duration":3128,"uploading_duration":561,"executable":"ellipsoids-openmp","args":["0.dat","032.log","032.xoutput"],"id":38,"resource":"1536","request_start":1576624069490,"request_end":1576624074712,"request_duration":5222,"type":"1536"}
{"start":1576624069920,"end":1576624074677,"duration":4757,"downloading_duration":1082,"execution_duration":3084,"uploading_duration":591,"executable":"ellipsoids-openmp","args":["0.dat","023.log","023.xoutput"],"id":29,"resource":"1536","request_start":1576624069482,"request_end":1576624074714,"request_duration":5232,"type":"1536"}
{"start":1576624069936,"end":1576624074680,"duration":4744,"downloading_duration":998,"execution_duration":3141,"uploading_duration":605,"executable":"ellipsoids-openmp","args":["0.dat","028.log","028.xoutput"],"id":34,"resource":"1536","request_start":1576624069487,"request_end":1576624074716,"request_duration":5229,"type":"1536"}
{"start":1576624069801,"end":1576624074691,"duration":4890,"downloading_duration":1037,"execution_duration":3258,"uploading_duration":595,"executable":"ellipsoids-openmp","args":["0.dat","011.log","011.xoutput"],"id":17,"resource":"1536","request_start":1576624069470,"request_end":1576624074725,"request_duration":5255,"type":"1536"}
{"start":1576624069910,"end":1576624074712,"duration":4802,"downloading_duration":1085,"execution_duration":3121,"uploading_duration":596,"executable":"ellipsoids-openmp","args":["0.dat","025.log","025.xoutput"],"id":31,"resource":"1536","request_start":1576624069484,"request_end":1576624074735,"request_duration":5251,"type":"1536"}
{"start":1576624069968,"end":1576624074720,"duration":4752,"downloading_duration":1126,"execution_duration":3041,"uploading_duration":585,"executable":"ellipsoids-openmp","args":["0.dat","02.log","02.xoutput"],"id":8,"resource":"1536","request_start":1576624069507,"request_end":1576624074744,"request_duration":5237,"type":"1536"}
{"start":1576624069908,"end":1576624074725,"duration":4817,"downloading_duration":1041,"execution_duration":3132,"uploading_duration":644,"executable":"ellipsoids-openmp","args":["0.dat","024.log","024.xoutput"],"id":30,"resource":"1536","request_start":1576624069483,"request_end":1576624074747,"request_duration":5264,"type":"1536"}
{"start":1576624069959,"end":1576624074726,"duration":4767,"downloading_duration":997,"execution_duration":3165,"uploading_duration":605,"executable":"ellipsoids-openmp","args":["0.dat","00.log","00.xoutput"],"id":6,"resource":"1536","request_start":1576624069505,"request_end":1576624074751,"request_duration":5246,"type":"1536"}
{"start":1576624069893,"end":1576624074733,"duration":4840,"downloading_duration":1146,"execution_duration":3051,"uploading_duration":643,"executable":"ellipsoids-openmp","args":["0.dat","021.log","021.xoutput"],"id":27,"resource":"1536","request_start":1576624069480,"request_end":1576624074761,"request_duration":5281,"type":"1536"}
{"start":1576624069954,"end":1576624074747,"duration":4793,"downloading_duration":1096,"execution_duration":3058,"uploading_duration":639,"executable":"ellipsoids-openmp","args":["0.dat","044.log","044.xoutput"],"id":50,"resource":"1536","request_start":1576624069505,"request_end":1576624074766,"request_duration":5261,"type":"1536"}
{"start":1576624069951,"end":1576624074748,"duration":4797,"downloading_duration":1094,"execution_duration":3086,"uploading_duration":617,"executable":"ellipsoids-openmp","args":["0.dat","038.log","038.xoutput"],"id":44,"resource":"1536","request_start":1576624069498,"request_end":1576624074769,"request_duration":5271,"type":"1536"}
{"start":1576624069929,"end":1576624074762,"duration":4833,"downloading_duration":1037,"execution_duration":3187,"uploading_duration":609,"executable":"ellipsoids-openmp","args":["0.dat","027.log","027.xoutput"],"id":33,"resource":"1536","request_start":1576624069486,"request_end":1576624074785,"request_duration":5299,"type":"1536"}
{"start":1576624069970,"end":1576624074778,"duration":4808,"downloading_duration":994,"execution_duration":3232,"uploading_duration":582,"executable":"ellipsoids-openmp","args":["0.dat","03.log","03.xoutput"],"id":9,"resource":"1536","request_start":1576624069508,"request_end":1576624074799,"request_duration":5291,"type":"1536"}
{"start":1576624069935,"end":1576624074793,"duration":4858,"downloading_duration":1051,"execution_duration":3246,"uploading_duration":561,"executable":"ellipsoids-openmp","args":["0.dat","030.log","030.xoutput"],"id":36,"resource":"1536","request_start":1576624069489,"request_end":1576624074813,"request_duration":5324,"type":"1536"}
{"start":1576624069800,"end":1576624074795,"duration":4995,"downloading_duration":1058,"execution_duration":3279,"uploading_duration":658,"executable":"ellipsoids-openmp","args":["0.dat","012.log","012.xoutput"],"id":18,"resource":"1536","request_start":1576624069471,"request_end":1576624074818,"request_duration":5347,"type":"1536"}
{"start":1576624069956,"end":1576624074795,"duration":4839,"downloading_duration":1039,"execution_duration":3128,"uploading_duration":672,"executable":"ellipsoids-openmp","args":["0.dat","01.log","01.xoutput"],"id":7,"resource":"1536","request_start":1576624069506,"request_end":1576624074819,"request_duration":5313,"type":"1536"}
{"start":1576624069933,"end":1576624074797,"duration":4864,"downloading_duration":1083,"execution_duration":3171,"uploading_duration":610,"executable":"ellipsoids-openmp","args":["0.dat","034.log","034.xoutput"],"id":40,"resource":"1536","request_start":1576624069495,"request_end":1576624074820,"request_duration":5325,"type":"1536"}
{"start":1576624069951,"end":1576624074800,"duration":4849,"downloading_duration":997,"execution_duration":3190,"uploading_duration":662,"executable":"ellipsoids-openmp","args":["0.dat","039.log","039.xoutput"],"id":45,"resource":"1536","request_start":1576624069500,"request_end":1576624074824,"request_duration":5324,"type":"1536"}
{"start":1576624069955,"end":1576624074811,"duration":4856,"downloading_duration":1036,"execution_duration":3212,"uploading_duration":608,"executable":"ellipsoids-openmp","args":["0.dat","037.log","037.xoutput"],"id":43,"resource":"1536","request_start":1576624069498,"request_end":1576624074834,"request_duration":5336,"type":"1536"}
{"start":1576624069955,"end":1576624074811,"duration":4856,"downloading_duration":995,"execution_duration":3189,"uploading_duration":672,"executable":"ellipsoids-openmp","args":["0.dat","043.log","043.xoutput"],"id":49,"resource":"1536","request_start":1576624069504,"request_end":1576624074835,"request_duration":5331,"type":"1536"}
{"start":1576624069807,"end":1576624074822,"duration":5015,"downloading_duration":992,"execution_duration":3241,"uploading_duration":782,"executable":"ellipsoids-openmp","args":["0.dat","013.log","013.xoutput"],"id":19,"resource":"1536","request_start":1576624069472,"request_end":1576624074848,"request_duration":5376,"type":"1536"}
{"start":1576624069847,"end":1576624074870,"duration":5023,"downloading_duration":1043,"execution_duration":3078,"uploading_duration":902,"executable":"ellipsoids-openmp","args":["0.dat","018.log","018.xoutput"],"id":24,"resource":"1536","request_start":1576624069477,"request_end":1576624074893,"request_duration":5416,"type":"1536"}
{"start":1576624069953,"end":1576624074881,"duration":4928,"downloading_duration":999,"execution_duration":3247,"uploading_duration":682,"executable":"ellipsoids-openmp","args":["0.dat","035.log","035.xoutput"],"id":41,"resource":"1536","request_start":1576624069496,"request_end":1576624074903,"request_duration":5407,"type":"1536"}
{"start":1576624069849,"end":1576624074941,"duration":5092,"downloading_duration":1444,"execution_duration":3034,"uploading_duration":614,"executable":"ellipsoids-openmp","args":["0.dat","015.log","015.xoutput"],"id":21,"resource":"1536","request_start":1576624069474,"request_end":1576624074965,"request_duration":5491,"type":"1536"}
{"start":1576624073966,"end":1576624078254,"duration":4288,"downloading_duration":1133,"execution_duration":2590,"uploading_duration":565,"executable":"ellipsoids-openmp","args":["1.dat","15.log","15.xoutput"],"id":56,"resource":"1536","request_start":1576624069605,"request_end":1576624078277,"request_duration":8672,"type":"1536"}
{"start":1576624074074,"end":1576624078345,"duration":4271,"downloading_duration":1027,"execution_duration":2555,"uploading_duration":689,"executable":"ellipsoids-openmp","args":["1.dat","16.log","16.xoutput"],"id":57,"resource":"1536","request_start":1576624069605,"request_end":1576624078377,"request_duration":8772,"type":"1536"}
{"start":1576624074292,"end":1576624079044,"duration":4752,"downloading_duration":998,"execution_duration":3199,"uploading_duration":555,"executable":"ellipsoids-openmp","args":["1.dat","17.log","17.xoutput"],"id":58,"resource":"1536","request_start":1576624069606,"request_end":1576624079065,"request_duration":9459,"type":"1536"}
{"start":1576624074511,"end":1576624079120,"duration":4609,"downloading_duration":991,"execution_duration":3032,"uploading_duration":586,"executable":"ellipsoids-openmp","args":["1.dat","19.log","19.xoutput"],"id":60,"resource":"1536","request_start":1576624069607,"request_end":1576624079141,"request_duration":9534,"type":"1536"}
{"start":1576624074654,"end":1576624079197,"duration":4543,"downloading_duration":994,"execution_duration":2989,"uploading_duration":560,"executable":"ellipsoids-openmp","args":["1.dat","113.log","113.xoutput"],"id":64,"resource":"1536","request_start":1576624069609,"request_end":1576624079220,"request_duration":9611,"type":"1536"}
{"start":1576624074543,"end":1576624079234,"duration":4691,"downloading_duration":1081,"execution_duration":3047,"uploading_duration":563,"executable":"ellipsoids-openmp","args":["1.dat","110.log","110.xoutput"],"id":61,"resource":"1536","request_start":1576624069607,"request_end":1576624079258,"request_duration":9651,"type":"1536"}
{"start":1576624074489,"end":1576624079243,"duration":4754,"downloading_duration":1080,"execution_duration":3090,"uploading_duration":584,"executable":"ellipsoids-openmp","args":["1.dat","18.log","18.xoutput"],"id":59,"resource":"1536","request_start":1576624069606,"request_end":1576624079264,"request_duration":9658,"type":"1536"}
{"start":1576624074566,"end":1576624079265,"duration":4699,"downloading_duration":1032,"execution_duration":3075,"uploading_duration":592,"executable":"ellipsoids-openmp","args":["1.dat","112.log","112.xoutput"],"id":63,"resource":"1536","request_start":1576624069608,"request_end":1576624079287,"request_duration":9679,"type":"1536"}
{"start":1576624074675,"end":1576624079270,"duration":4595,"downloading_duration":1073,"execution_duration":2959,"uploading_duration":563,"executable":"ellipsoids-openmp","args":["1.dat","118.log","118.xoutput"],"id":69,"resource":"1536","request_start":1576624069612,"request_end":1576624079290,"request_duration":9678,"type":"1536"}
{"start":1576624074663,"end":1576624079271,"duration":4608,"downloading_duration":998,"execution_duration":3003,"uploading_duration":607,"executable":"ellipsoids-openmp","args":["1.dat","114.log","114.xoutput"],"id":65,"resource":"1536","request_start":1576624069610,"request_end":1576624079293,"request_duration":9683,"type":"1536"}
{"start":1576624074680,"end":1576624079296,"duration":4616,"downloading_duration":991,"execution_duration":3015,"uploading_duration":610,"executable":"ellipsoids-openmp","args":["1.dat","121.log","121.xoutput"],"id":72,"resource":"1536","request_start":1576624069614,"request_end":1576624079317,"request_duration":9703,"type":"1536"}
{"start":1576624074669,"end":1576624079301,"duration":4632,"downloading_duration":988,"execution_duration":3039,"uploading_duration":605,"executable":"ellipsoids-openmp","args":["1.dat","116.log","116.xoutput"],"id":67,"resource":"1536","request_start":1576624069611,"request_end":1576624079322,"request_duration":9711,"type":"1536"}
{"start":1576624074675,"end":1576624079321,"duration":4646,"downloading_duration":1011,"execution_duration":3004,"uploading_duration":631,"executable":"ellipsoids-openmp","args":["1.dat","120.log","120.xoutput"],"id":71,"resource":"1536","request_start":1576624069613,"request_end":1576624079347,"request_duration":9734,"type":"1536"}
{"start":1576624074661,"end":1576624079328,"duration":4667,"downloading_duration":988,"execution_duration":3051,"uploading_duration":628,"executable":"ellipsoids-openmp","args":["1.dat","115.log","115.xoutput"],"id":66,"resource":"1536","request_start":1576624069611,"request_end":1576624079350,"request_duration":9739,"type":"1536"}
{"start":1576624074742,"end":1576624079340,"duration":4598,"downloading_duration":993,"execution_duration":3023,"uploading_duration":582,"executable":"ellipsoids-openmp","args":["1.dat","133.log","133.xoutput"],"id":84,"resource":"1536","request_start":1576624069621,"request_end":1576624079361,"request_duration":9740,"type":"1536"}
{"start":1576624074675,"end":1576624079349,"duration":4674,"downloading_duration":1032,"execution_duration":3042,"uploading_duration":600,"executable":"ellipsoids-openmp","args":["1.dat","119.log","119.xoutput"],"id":70,"resource":"1536","request_start":1576624069613,"request_end":1576624079369,"request_duration":9756,"type":"1536"}
{"start":1576624074680,"end":1576624079377,"duration":4697,"downloading_duration":991,"execution_duration":3069,"uploading_duration":637,"executable":"ellipsoids-openmp","args":["1.dat","122.log","122.xoutput"],"id":73,"resource":"1536","request_start":1576624069614,"request_end":1576624079404,"request_duration":9790,"type":"1536"}
{"start":1576624074674,"end":1576624079384,"duration":4710,"downloading_duration":1079,"execution_duration":3004,"uploading_duration":627,"executable":"ellipsoids-openmp","args":["1.dat","117.log","117.xoutput"],"id":68,"resource":"1536","request_start":1576624069612,"request_end":1576624079409,"request_duration":9797,"type":"1536"}
{"start":1576624074715,"end":1576624079385,"duration":4670,"downloading_duration":1071,"execution_duration":3037,"uploading_duration":562,"executable":"ellipsoids-openmp","args":["1.dat","125.log","125.xoutput"],"id":76,"resource":"1536","request_start":1576624069616,"request_end":1576624079411,"request_duration":9795,"type":"1536"}
{"start":1576624074564,"end":1576624079387,"duration":4823,"downloading_duration":1084,"execution_duration":3168,"uploading_duration":571,"executable":"ellipsoids-openmp","args":["1.dat","111.log","111.xoutput"],"id":62,"resource":"1536","request_start":1576624069608,"request_end":1576624079414,"request_duration":9806,"type":"1536"}
{"start":1576624074718,"end":1576624079399,"duration":4681,"downloading_duration":997,"execution_duration":3125,"uploading_duration":559,"executable":"ellipsoids-openmp","args":["1.dat","127.log","127.xoutput"],"id":78,"resource":"1536","request_start":1576624069617,"request_end":1576624079424,"request_duration":9807,"type":"1536"}
{"start":1576624074715,"end":1576624079416,"duration":4701,"downloading_duration":1048,"execution_duration":3052,"uploading_duration":601,"executable":"ellipsoids-openmp","args":["1.dat","124.log","124.xoutput"],"id":75,"resource":"1536","request_start":1576624069615,"request_end":1576624079437,"request_duration":9822,"type":"1536"}
{"start":1576624074781,"end":1576624079419,"duration":4638,"downloading_duration":1040,"execution_duration":3015,"uploading_duration":583,"executable":"ellipsoids-openmp","args":["1.dat","138.log","138.xoutput"],"id":89,"resource":"1536","request_start":1576624069623,"request_end":1576624079440,"request_duration":9817,"type":"1536"}
{"start":1576624074694,"end":1576624079418,"duration":4724,"downloading_duration":1030,"execution_duration":3062,"uploading_duration":632,"executable":"ellipsoids-openmp","args":["1.dat","123.log","123.xoutput"],"id":74,"resource":"1536","request_start":1576624069615,"request_end":1576624079441,"request_duration":9826,"type":"1536"}
{"start":1576624074723,"end":1576624079429,"duration":4706,"downloading_duration":1034,"execution_duration":3043,"uploading_duration":629,"executable":"ellipsoids-openmp","args":["1.dat","129.log","129.xoutput"],"id":80,"resource":"1536","request_start":1576624069619,"request_end":1576624079452,"request_duration":9833,"type":"1536"}
{"start":1576624074774,"end":1576624079432,"duration":4658,"downloading_duration":1045,"execution_duration":3048,"uploading_duration":565,"executable":"ellipsoids-openmp","args":["1.dat","137.log","137.xoutput"],"id":88,"resource":"1536","request_start":1576624069623,"request_end":1576624079455,"request_duration":9832,"type":"1536"}
{"start":1576624074718,"end":1576624079441,"duration":4723,"downloading_duration":1027,"execution_duration":3083,"uploading_duration":613,"executable":"ellipsoids-openmp","args":["1.dat","126.log","126.xoutput"],"id":77,"resource":"1536","request_start":1576624069617,"request_end":1576624079463,"request_duration":9846,"type":"1536"}
{"start":1576624074769,"end":1576624079442,"duration":4673,"downloading_duration":1024,"execution_duration":3072,"uploading_duration":577,"executable":"ellipsoids-openmp","args":["1.dat","136.log","136.xoutput"],"id":87,"resource":"1536","request_start":1576624069622,"request_end":1576624079465,"request_duration":9843,"type":"1536"}
{"start":1576624074738,"end":1576624079452,"duration":4714,"downloading_duration":1082,"execution_duration":3027,"uploading_duration":605,"executable":"ellipsoids-openmp","args":["1.dat","130.log","130.xoutput"],"id":81,"resource":"1536","request_start":1576624069619,"request_end":1576624079473,"request_duration":9854,"type":"1536"}
{"start":1576624074859,"end":1576624079461,"duration":4602,"downloading_duration":996,"execution_duration":2945,"uploading_duration":661,"executable":"ellipsoids-openmp","args":["3.dat","35.log","35.xoutput"],"id":146,"resource":"1536","request_start":1576624069668,"request_end":1576624079483,"request_duration":9815,"type":"1536"}
{"start":1576624074791,"end":1576624079467,"duration":4676,"downloading_duration":1028,"execution_duration":3027,"uploading_duration":621,"executable":"ellipsoids-openmp","args":["1.dat","140.log","140.xoutput"],"id":91,"resource":"1536","request_start":1576624069624,"request_end":1576624079489,"request_duration":9865,"type":"1536"}
{"start":1576624074740,"end":1576624079474,"duration":4734,"downloading_duration":1089,"execution_duration":3043,"uploading_duration":602,"executable":"ellipsoids-openmp","args":["1.dat","131.log","131.xoutput"],"id":82,"resource":"1536","request_start":1576624069620,"request_end":1576624079497,"request_duration":9877,"type":"1536"}
{"start":1576624074749,"end":1576624079497,"duration":4748,"downloading_duration":1081,"execution_duration":3024,"uploading_duration":643,"executable":"ellipsoids-openmp","args":["1.dat","134.log","134.xoutput"],"id":85,"resource":"1536","request_start":1576624069621,"request_end":1576624079517,"request_duration":9896,"type":"1536"}
{"start":1576624074855,"end":1576624079510,"duration":4655,"downloading_duration":1009,"execution_duration":3062,"uploading_duration":584,"executable":"ellipsoids-openmp","args":["3.dat","31.log","31.xoutput"],"id":142,"resource":"1536","request_start":1576624069666,"request_end":1576624079529,"request_duration":9863,"type":"1536"}
{"start":1576624074862,"end":1576624079521,"duration":4659,"downloading_duration":1068,"execution_duration":3020,"uploading_duration":571,"executable":"ellipsoids-openmp","args":["3.dat","34.log","34.xoutput"],"id":145,"resource":"1536","request_start":1576624069667,"request_end":1576624079544,"request_duration":9877,"type":"1536"}
{"start":1576624074842,"end":1576624079531,"duration":4689,"downloading_duration":1041,"execution_duration":3041,"uploading_duration":607,"executable":"ellipsoids-openmp","args":["3.dat","30.log","30.xoutput"],"id":141,"resource":"1536","request_start":1576624069665,"request_end":1576624079556,"request_duration":9891,"type":"1536"}
{"start":1576624074935,"end":1576624079533,"duration":4598,"downloading_duration":1090,"execution_duration":2940,"uploading_duration":568,"executable":"ellipsoids-openmp","args":["3.dat","38.log","38.xoutput"],"id":149,"resource":"1536","request_start":1576624069669,"request_end":1576624079558,"request_duration":9889,"type":"1536"}
{"start":1576624074742,"end":1576624079533,"duration":4791,"downloading_duration":1101,"execution_duration":3056,"uploading_duration":634,"executable":"ellipsoids-openmp","args":["1.dat","132.log","132.xoutput"],"id":83,"resource":"1536","request_start":1576624069620,"request_end":1576624079562,"request_duration":9942,"type":"1536"}
{"start":1576624074870,"end":1576624079544,"duration":4674,"downloading_duration":996,"execution_duration":3079,"uploading_duration":599,"executable":"ellipsoids-openmp","args":["3.dat","36.log","36.xoutput"],"id":147,"resource":"1536","request_start":1576624069668,"request_end":1576624079570,"request_duration":9902,"type":"1536"}
{"start":1576624074831,"end":1576624079574,"duration":4743,"downloading_duration":1160,"execution_duration":3026,"uploading_duration":557,"executable":"ellipsoids-openmp","args":["1.dat","143.log","143.xoutput"],"id":94,"resource":"1536","request_start":1576624069626,"request_end":1576624079596,"request_duration":9970,"type":"1536"}
{"start":1576624074800,"end":1576624079577,"duration":4777,"downloading_duration":1074,"execution_duration":3123,"uploading_duration":580,"executable":"ellipsoids-openmp","args":["1.dat","141.log","141.xoutput"],"id":92,"resource":"1536","request_start":1576624069625,"request_end":1576624079601,"request_duration":9976,"type":"1536"}
{"start":1576624074857,"end":1576624079595,"duration":4738,"downloading_duration":1087,"execution_duration":3080,"uploading_duration":571,"executable":"ellipsoids-openmp","args":["3.dat","32.log","32.xoutput"],"id":143,"resource":"1536","request_start":1576624069666,"request_end":1576624079616,"request_duration":9950,"type":"1536"}
{"start":1576624074857,"end":1576624079614,"duration":4757,"downloading_duration":1054,"execution_duration":3029,"uploading_duration":674,"executable":"ellipsoids-openmp","args":["3.dat","33.log","33.xoutput"],"id":144,"resource":"1536","request_start":1576624069667,"request_end":1576624079637,"request_duration":9970,"type":"1536"}
{"start":1576624074916,"end":1576624079667,"duration":4751,"downloading_duration":995,"execution_duration":3185,"uploading_duration":571,"executable":"ellipsoids-openmp","args":["3.dat","37.log","37.xoutput"],"id":148,"resource":"1536","request_start":1576624069669,"request_end":1576624079701,"request_duration":10032,"type":"1536"}
{"start":1576624074721,"end":1576624079674,"duration":4953,"downloading_duration":1219,"execution_duration":3125,"uploading_duration":609,"executable":"ellipsoids-openmp","args":["1.dat","128.log","128.xoutput"],"id":79,"resource":"1536","request_start":1576624069618,"request_end":1576624079704,"request_duration":10086,"type":"1536"}
{"start":1576624074992,"end":1576624079682,"duration":4690,"downloading_duration":1105,"execution_duration":2957,"uploading_duration":628,"executable":"ellipsoids-openmp","args":["3.dat","39.log","39.xoutput"],"id":150,"resource":"1536","request_start":1576624069670,"request_end":1576624079714,"request_duration":10044,"type":"1536"}
{"start":1576624074841,"end":1576624079765,"duration":4924,"downloading_duration":1111,"execution_duration":3166,"uploading_duration":647,"executable":"ellipsoids-openmp","args":["1.dat","144.log","144.xoutput"],"id":95,"resource":"1536","request_start":1576624069627,"request_end":1576624079787,"request_duration":10160,"type":"1536"}
{"start":1576624074786,"end":1576624079778,"duration":4992,"downloading_duration":1032,"execution_duration":3131,"uploading_duration":829,"executable":"ellipsoids-openmp","args":["1.dat","139.log","139.xoutput"],"id":90,"resource":"1536","request_start":1576624069624,"request_end":1576624079799,"request_duration":10175,"type":"1536"}
{"start":1576624074813,"end":1576624079804,"duration":4991,"downloading_duration":1020,"execution_duration":3158,"uploading_duration":813,"executable":"ellipsoids-openmp","args":["1.dat","142.log","142.xoutput"],"id":93,"resource":"1536","request_start":1576624069625,"request_end":1576624079825,"request_duration":10200,"type":"1536"}
{"start":1576624074758,"end":1576624079805,"duration":5047,"downloading_duration":1113,"execution_duration":3158,"uploading_duration":776,"executable":"ellipsoids-openmp","args":["1.dat","135.log","135.xoutput"],"id":86,"resource":"1536","request_start":1576624069622,"request_end":1576624079828,"request_duration":10206,"type":"1536"}
{"start":1576624078304,"end":1576624082280,"duration":3976,"downloading_duration":1027,"execution_duration":2331,"uploading_duration":618,"executable":"ellipsoids-openmp","args":["3.dat","310.log","310.xoutput"],"id":151,"resource":"1536","request_start":1576624069673,"request_end":1576624082367,"request_duration":12694,"type":"1536"}
{"start":1576624078401,"end":1576624082489,"duration":4088,"downloading_duration":1085,"execution_duration":2391,"uploading_duration":612,"executable":"ellipsoids-openmp","args":["3.dat","311.log","311.xoutput"],"id":152,"resource":"1536","request_start":1576624069674,"request_end":1576624082510,"request_duration":12836,"type":"1536"}
{"start":1576624079094,"end":1576624083597,"duration":4503,"downloading_duration":1019,"execution_duration":2923,"uploading_duration":561,"executable":"ellipsoids-openmp","args":["3.dat","312.log","312.xoutput"],"id":153,"resource":"1536","request_start":1576624069675,"request_end":1576624083620,"request_duration":13945,"type":"1536"}
{"start":1576624079171,"end":1576624083634,"duration":4463,"downloading_duration":995,"execution_duration":2861,"uploading_duration":607,"executable":"ellipsoids-openmp","args":["3.dat","313.log","313.xoutput"],"id":154,"resource":"1536","request_start":1576624069675,"request_end":1576624083655,"request_duration":13980,"type":"1536"}
{"start":1576624079287,"end":1576624083758,"duration":4471,"downloading_duration":991,"execution_duration":2849,"uploading_duration":631,"executable":"ellipsoids-openmp","args":["3.dat","316.log","316.xoutput"],"id":157,"resource":"1536","request_start":1576624069677,"request_end":1576624083779,"request_duration":14102,"type":"1536"}
{"start":1576624079243,"end":1576624083787,"duration":4544,"downloading_duration":989,"execution_duration":2919,"uploading_duration":636,"executable":"ellipsoids-openmp","args":["3.dat","314.log","314.xoutput"],"id":155,"resource":"1536","request_start":1576624069676,"request_end":1576624083806,"request_duration":14130,"type":"1536"}
{"start":1576624079324,"end":1576624083848,"duration":4524,"downloading_duration":1037,"execution_duration":2868,"uploading_duration":619,"executable":"ellipsoids-openmp","args":["3.dat","318.log","318.xoutput"],"id":159,"resource":"1536","request_start":1576624069678,"request_end":1576624083868,"request_duration":14190,"type":"1536"}
{"start":1576624079321,"end":1576624083869,"duration":4548,"downloading_duration":991,"execution_duration":2909,"uploading_duration":648,"executable":"ellipsoids-openmp","args":["3.dat","319.log","319.xoutput"],"id":160,"resource":"1536","request_start":1576624069678,"request_end":1576624083897,"request_duration":14219,"type":"1536"}
{"start":1576624079436,"end":1576624083889,"duration":4453,"downloading_duration":1008,"execution_duration":2888,"uploading_duration":557,"executable":"ellipsoids-openmp","args":["3.dat","328.log","328.xoutput"],"id":169,"resource":"1536","request_start":1576624069683,"request_end":1576624083912,"request_duration":14229,"type":"1536"}
{"start":1576624079346,"end":1576624083895,"duration":4549,"downloading_duration":989,"execution_duration":2935,"uploading_duration":625,"executable":"ellipsoids-openmp","args":["3.dat","321.log","321.xoutput"],"id":162,"resource":"1536","request_start":1576624069679,"request_end":1576624083918,"request_duration":14239,"type":"1536"}
{"start":1576624079290,"end":1576624083926,"duration":4636,"downloading_duration":1154,"execution_duration":2882,"uploading_duration":600,"executable":"ellipsoids-openmp","args":["3.dat","315.log","315.xoutput"],"id":156,"resource":"1536","request_start":1576624069676,"request_end":1576624083957,"request_duration":14281,"type":"1536"}
{"start":1576624079341,"end":1576624083927,"duration":4586,"downloading_duration":989,"execution_duration":3031,"uploading_duration":566,"executable":"ellipsoids-openmp","args":["3.dat","320.log","320.xoutput"],"id":161,"resource":"1536","request_start":1576624069679,"request_end":1576624083958,"request_duration":14279,"type":"1536"}
{"start":1576624079376,"end":1576624083945,"duration":4569,"downloading_duration":1039,"execution_duration":2924,"uploading_duration":606,"executable":"ellipsoids-openmp","args":["3.dat","323.log","323.xoutput"],"id":164,"resource":"1536","request_start":1576624069680,"request_end":1576624083966,"request_duration":14286,"type":"1536"}
{"start":1576624079395,"end":1576624083965,"duration":4570,"downloading_duration":1064,"execution_duration":2922,"uploading_duration":584,"executable":"ellipsoids-openmp","args":["3.dat","325.log","325.xoutput"],"id":166,"resource":"1536","request_start":1576624069681,"request_end":1576624083995,"request_duration":14314,"type":"1536"}
{"start":1576624079314,"end":1576624083967,"duration":4653,"downloading_duration":1138,"execution_duration":2937,"uploading_duration":578,"executable":"ellipsoids-openmp","args":["3.dat","317.log","317.xoutput"],"id":158,"resource":"1536","request_start":1576624069677,"request_end":1576624083996,"request_duration":14319,"type":"1536"}
{"start":1576624079444,"end":1576624083972,"duration":4528,"downloading_duration":1062,"execution_duration":2871,"uploading_duration":595,"executable":"ellipsoids-openmp","args":["3.dat","329.log","329.xoutput"],"id":170,"resource":"1536","request_start":1576624069683,"request_end":1576624084000,"request_duration":14317,"type":"1536"}
{"start":1576624079480,"end":1576624083981,"duration":4501,"downloading_duration":1020,"execution_duration":2915,"uploading_duration":566,"executable":"ellipsoids-openmp","args":["3.dat","334.log","334.xoutput"],"id":175,"resource":"1536","request_start":1576624069686,"request_end":1576624084008,"request_duration":14322,"type":"1536"}
{"start":1576624079481,"end":1576624083989,"duration":4508,"downloading_duration":1027,"execution_duration":2867,"uploading_duration":614,"executable":"ellipsoids-openmp","args":["3.dat","335.log","335.xoutput"],"id":176,"resource":"1536","request_start":1576624069687,"request_end":1576624084014,"request_duration":14327,"type":"1536"}
{"start":1576624079466,"end":1576624083997,"duration":4531,"downloading_duration":1052,"execution_duration":2873,"uploading_duration":606,"executable":"ellipsoids-openmp","args":["3.dat","332.log","332.xoutput"],"id":173,"resource":"1536","request_start":1576624069685,"request_end":1576624084017,"request_duration":14332,"type":"1536"}
{"start":1576624079431,"end":1576624084011,"duration":4580,"downloading_duration":1081,"execution_duration":2923,"uploading_duration":576,"executable":"ellipsoids-openmp","args":["3.dat","326.log","326.xoutput"],"id":167,"resource":"1536","request_start":1576624069682,"request_end":1576624084031,"request_duration":14349,"type":"1536"}
{"start":1576624079439,"end":1576624084021,"duration":4582,"downloading_duration":1017,"execution_duration":3003,"uploading_duration":562,"executable":"ellipsoids-openmp","args":["3.dat","327.log","327.xoutput"],"id":168,"resource":"1536","request_start":1576624069682,"request_end":1576624084040,"request_duration":14358,"type":"1536"}
{"start":1576624079507,"end":1576624084021,"duration":4514,"downloading_duration":1014,"execution_duration":2939,"uploading_duration":561,"executable":"ellipsoids-openmp","args":["3.dat","339.log","339.xoutput"],"id":180,"resource":"1536","request_start":1576624069689,"request_end":1576624084041,"request_duration":14352,"type":"1536"}
{"start":1576624079393,"end":1576624084025,"duration":4632,"downloading_duration":1078,"execution_duration":2907,"uploading_duration":647,"executable":"ellipsoids-openmp","args":["3.dat","324.log","324.xoutput"],"id":165,"resource":"1536","request_start":1576624069681,"request_end":1576624084048,"request_duration":14367,"type":"1536"}
{"start":1576624079519,"end":1576624084040,"duration":4521,"downloading_duration":982,"execution_duration":2943,"uploading_duration":596,"executable":"ellipsoids-openmp","args":["3.dat","340.log","340.xoutput"],"id":181,"resource":"1536","request_start":1576624069689,"request_end":1576624084061,"request_duration":14372,"type":"1536"}
{"start":1576624079373,"end":1576624084043,"duration":4670,"downloading_duration":1121,"execution_duration":2934,"uploading_duration":615,"executable":"ellipsoids-openmp","args":["3.dat","322.log","322.xoutput"],"id":163,"resource":"1536","request_start":1576624069680,"request_end":1576624084064,"request_duration":14384,"type":"1536"}
{"start":1576624079493,"end":1576624084049,"duration":4556,"downloading_duration":997,"execution_duration":2955,"uploading_duration":604,"executable":"ellipsoids-openmp","args":["3.dat","336.log","336.xoutput"],"id":177,"resource":"1536","request_start":1576624069687,"request_end":1576624084071,"request_duration":14384,"type":"1536"}
{"start":1576624079459,"end":1576624084054,"duration":4595,"downloading_duration":1038,"execution_duration":2919,"uploading_duration":638,"executable":"ellipsoids-openmp","args":["3.dat","331.log","331.xoutput"],"id":172,"resource":"1536","request_start":1576624069684,"request_end":1576624084078,"request_duration":14394,"type":"1536"}
{"start":1576624079446,"end":1576624084061,"duration":4615,"downloading_duration":1111,"execution_duration":2905,"uploading_duration":599,"executable":"ellipsoids-openmp","args":["3.dat","330.log","330.xoutput"],"id":171,"resource":"1536","request_start":1576624069684,"request_end":1576624084084,"request_duration":14400,"type":"1536"}
{"start":1576624079499,"end":1576624084062,"duration":4563,"downloading_duration":1066,"execution_duration":2923,"uploading_duration":574,"executable":"ellipsoids-openmp","args":["3.dat","338.log","338.xoutput"],"id":179,"resource":"1536","request_start":1576624069688,"request_end":1576624084085,"request_duration":14397,"type":"1536"}
{"start":1576624079555,"end":1576624084091,"duration":4536,"downloading_duration":1001,"execution_duration":2909,"uploading_duration":626,"executable":"ellipsoids-openmp","args":["3.dat","343.log","343.xoutput"],"id":184,"resource":"1536","request_start":1576624069691,"request_end":1576624084110,"request_duration":14419,"type":"1536"}
{"start":1576624079524,"end":1576624084091,"duration":4567,"downloading_duration":1027,"execution_duration":2953,"uploading_duration":587,"executable":"ellipsoids-openmp","args":["3.dat","341.log","341.xoutput"],"id":182,"resource":"1536","request_start":1576624069690,"request_end":1576624084113,"request_duration":14423,"type":"1536"}
{"start":1576624079543,"end":1576624084114,"duration":4571,"downloading_duration":1062,"execution_duration":2941,"uploading_duration":568,"executable":"ellipsoids-openmp","args":["3.dat","342.log","342.xoutput"],"id":183,"resource":"1536","request_start":1576624069690,"request_end":1576624084134,"request_duration":14444,"type":"1536"}
{"start":1576624079574,"end":1576624084176,"duration":4602,"downloading_duration":1073,"execution_duration":2896,"uploading_duration":633,"executable":"ellipsoids-openmp","args":["3.dat","344.log","344.xoutput"],"id":185,"resource":"1536","request_start":1576624069691,"request_end":1576624084275,"request_duration":14584,"type":"1536"}
{"start":1576624079731,"end":1576624084181,"duration":4450,"downloading_duration":1065,"execution_duration":2824,"uploading_duration":561,"executable":"ellipsoids-openmp","args":["2.dat","213.log","213.xoutput"],"id":109,"resource":"1536","request_start":1576624069716,"request_end":1576624084277,"request_duration":14561,"type":"1536"}
{"start":1576624079597,"end":1576624084205,"duration":4608,"downloading_duration":1089,"execution_duration":2924,"uploading_duration":595,"executable":"ellipsoids-openmp","args":["2.dat","27.log","27.xoutput"],"id":103,"resource":"1536","request_start":1576624069713,"request_end":1576624084281,"request_duration":14568,"type":"1536"}
{"start":1576624079501,"end":1576624084212,"duration":4711,"downloading_duration":1092,"execution_duration":2948,"uploading_duration":671,"executable":"ellipsoids-openmp","args":["3.dat","337.log","337.xoutput"],"id":178,"resource":"1536","request_start":1576624069688,"request_end":1576624084284,"request_duration":14596,"type":"1536"}
{"start":1576624079473,"end":1576624084227,"duration":4754,"downloading_duration":1030,"execution_duration":3022,"uploading_duration":702,"executable":"ellipsoids-openmp","args":["3.dat","333.log","333.xoutput"],"id":174,"resource":"1536","request_start":1576624069685,"request_end":1576624084288,"request_duration":14603,"type":"1536"}
{"start":1576624079622,"end":1576624084251,"duration":4629,"downloading_duration":1093,"execution_duration":2951,"uploading_duration":585,"executable":"ellipsoids-openmp","args":["2.dat","28.log","28.xoutput"],"id":104,"resource":"1536","request_start":1576624069713,"request_end":1576624084296,"request_duration":14583,"type":"1536"}
{"start":1576624079660,"end":1576624084264,"duration":4604,"downloading_duration":996,"execution_duration":3014,"uploading_duration":594,"executable":"ellipsoids-openmp","args":["2.dat","211.log","211.xoutput"],"id":107,"resource":"1536","request_start":1576624069715,"request_end":1576624084308,"request_duration":14593,"type":"1536"}
{"start":1576624079626,"end":1576624084271,"duration":4645,"downloading_duration":1007,"execution_duration":3059,"uploading_duration":579,"executable":"ellipsoids-openmp","args":["2.dat","29.log","29.xoutput"],"id":105,"resource":"1536","request_start":1576624069714,"request_end":1576624084308,"request_duration":14594,"type":"1536"}
{"start":1576624079581,"end":1576624084275,"duration":4694,"downloading_duration":1065,"execution_duration":3053,"uploading_duration":576,"executable":"ellipsoids-openmp","args":["2.dat","24.log","24.xoutput"],"id":100,"resource":"1536","request_start":1576624069711,"request_end":1576624084309,"request_duration":14598,"type":"1536"}
{"start":1576624079593,"end":1576624084318,"duration":4725,"downloading_duration":1166,"execution_duration":2961,"uploading_duration":598,"executable":"ellipsoids-openmp","args":["2.dat","26.log","26.xoutput"],"id":102,"resource":"1536","request_start":1576624069712,"request_end":1576624084419,"request_duration":14707,"type":"1536"}
{"start":1576624079586,"end":1576624084433,"duration":4847,"downloading_duration":1251,"execution_duration":3004,"uploading_duration":592,"executable":"ellipsoids-openmp","args":["2.dat","25.log","25.xoutput"],"id":101,"resource":"1536","request_start":1576624069712,"request_end":1576624084452,"request_duration":14740,"type":"1536"}
{"start":1576624079641,"end":1576624084451,"duration":4810,"downloading_duration":1073,"execution_duration":2990,"uploading_duration":747,"executable":"ellipsoids-openmp","args":["2.dat","210.log","210.xoutput"],"id":106,"resource":"1536","request_start":1576624069714,"request_end":1576624084474,"request_duration":14760,"type":"1536"}
{"start":1576624079738,"end":1576624084465,"duration":4727,"downloading_duration":1081,"execution_duration":3013,"uploading_duration":633,"executable":"ellipsoids-openmp","args":["2.dat","214.log","214.xoutput"],"id":110,"resource":"1536","request_start":1576624069717,"request_end":1576624084486,"request_duration":14769,"type":"1536"}
{"start":1576624079732,"end":1576624084498,"duration":4766,"downloading_duration":1096,"execution_duration":3039,"uploading_duration":631,"executable":"ellipsoids-openmp","args":["2.dat","212.log","212.xoutput"],"id":108,"resource":"1536","request_start":1576624069715,"request_end":1576624084521,"request_duration":14806,"type":"1536"}
{"start":1576624079851,"end":1576624084499,"duration":4648,"downloading_duration":1034,"execution_duration":3036,"uploading_duration":578,"executable":"ellipsoids-openmp","args":["2.dat","217.log","217.xoutput"],"id":113,"resource":"1536","request_start":1576624069718,"request_end":1576624084528,"request_duration":14810,"type":"1536"}
{"start":1576624079856,"end":1576624084516,"duration":4660,"downloading_duration":1005,"execution_duration":3092,"uploading_duration":563,"executable":"ellipsoids-openmp","args":["2.dat","218.log","218.xoutput"],"id":114,"resource":"1536","request_start":1576624069719,"request_end":1576624084538,"request_duration":14819,"type":"1536"}
{"start":1576624079825,"end":1576624084551,"duration":4726,"downloading_duration":1068,"execution_duration":3060,"uploading_duration":598,"executable":"ellipsoids-openmp","args":["2.dat","216.log","216.xoutput"],"id":112,"resource":"1536","request_start":1576624069718,"request_end":1576624084571,"request_duration":14853,"type":"1536"}
{"start":1576624079812,"end":1576624084828,"duration":5016,"downloading_duration":1113,"execution_duration":3061,"uploading_duration":842,"executable":"ellipsoids-openmp","args":["2.dat","215.log","215.xoutput"],"id":111,"resource":"1536","request_start":1576624069717,"request_end":1576624084849,"request_duration":15132,"type":"1536"}
{"start":1576624084149,"end":1576624085576,"duration":1427,"downloading_duration":1057,"execution_duration":4,"uploading_duration":366,"executable":"mean-pack-ell","args":["00.xoutput","01.xoutput","02.xoutput","03.xoutput","04.xoutput","05.xoutput","06.xoutput","07.xoutput","08.xoutput","09.xoutput","010.xoutput","011.xoutput","012.xoutput","013.xoutput","014.xoutput","015.xoutput","016.xoutput","017.xoutput","018.xoutput","019.xoutput","020.xoutput","021.xoutput","022.xoutput","023.xoutput","024.xoutput","025.xoutput","026.xoutput","027.xoutput","028.xoutput","029.xoutput","030.xoutput","031.xoutput","032.xoutput","033.xoutput","034.xoutput","035.xoutput","036.xoutput","037.xoutput","038.xoutput","039.xoutput","040.xoutput","041.xoutput","042.xoutput","043.xoutput","044.xoutput","average_0.txt"],"id":186,"resource":"1536","request_start":1576624074980,"request_end":1576624085597,"request_duration":10617,"type":"1536"}
{"start":1576624084166,"end":1576624085686,"duration":1520,"downloading_duration":1062,"execution_duration":3,"uploading_duration":455,"executable":"mean-pack-ell","args":["10.xoutput","11.xoutput","12.xoutput","13.xoutput","14.xoutput","15.xoutput","16.xoutput","17.xoutput","18.xoutput","19.xoutput","110.xoutput","111.xoutput","112.xoutput","113.xoutput","114.xoutput","115.xoutput","116.xoutput","117.xoutput","118.xoutput","119.xoutput","120.xoutput","121.xoutput","122.xoutput","123.xoutput","124.xoutput","125.xoutput","126.xoutput","127.xoutput","128.xoutput","129.xoutput","130.xoutput","131.xoutput","132.xoutput","133.xoutput","134.xoutput","135.xoutput","136.xoutput","137.xoutput","138.xoutput","139.xoutput","140.xoutput","141.xoutput","142.xoutput","143.xoutput","144.xoutput","average_1.txt"],"id":187,"resource":"1536","request_start":1576624079847,"request_end":1576624085709,"request_duration":5862,"type":"1536"}
{"start":1576624084491,"end":1576624086041,"duration":1550,"downloading_duration":1183,"execution_duration":3,"uploading_duration":364,"executable":"mean-pack-ell","args":["30.xoutput","31.xoutput","32.xoutput","33.xoutput","34.xoutput","35.xoutput","36.xoutput","37.xoutput","38.xoutput","39.xoutput","310.xoutput","311.xoutput","312.xoutput","313.xoutput","314.xoutput","315.xoutput","316.xoutput","317.xoutput","318.xoutput","319.xoutput","320.xoutput","321.xoutput","322.xoutput","323.xoutput","324.xoutput","325.xoutput","326.xoutput","327.xoutput","328.xoutput","329.xoutput","330.xoutput","331.xoutput","332.xoutput","333.xoutput","334.xoutput","335.xoutput","336.xoutput","337.xoutput","338.xoutput","339.xoutput","340.xoutput","341.xoutput","342.xoutput","343.xoutput","344.xoutput","average_3.txt"],"id":189,"resource":"1536","request_start":1576624084292,"request_end":1576624086065,"request_duration":1773,"type":"1536"}
{"start":1576624082391,"end":1576624086262,"duration":3871,"downloading_duration":993,"execution_duration":2299,"uploading_duration":579,"executable":"ellipsoids-openmp","args":["2.dat","219.log","219.xoutput"],"id":115,"resource":"1536","request_start":1576624069719,"request_end":1576624086334,"request_duration":16615,"type":"1536"}
{"start":1576624082535,"end":1576624087663,"duration":5128,"downloading_duration":2095,"execution_duration":2442,"uploading_duration":591,"executable":"ellipsoids-openmp","args":["2.dat","220.log","220.xoutput"],"id":116,"resource":"1536","request_start":1576624069720,"request_end":1576624087684,"request_duration":17964,"type":"1536"}
{"start":1576624083649,"end":1576624088352,"duration":4703,"downloading_duration":969,"execution_duration":3161,"uploading_duration":573,"executable":"ellipsoids-openmp","args":["2.dat","221.log","221.xoutput"],"id":117,"resource":"1536","request_start":1576624069720,"request_end":1576624088374,"request_duration":18654,"type":"1536"}
{"start":1576624083685,"end":1576624088441,"duration":4756,"downloading_duration":991,"execution_duration":3102,"uploading_duration":663,"executable":"ellipsoids-openmp","args":["2.dat","222.log","222.xoutput"],"id":118,"resource":"1536","request_start":1576624069721,"request_end":1576624088480,"request_duration":18759,"type":"1536"}
{"start":1576624083804,"end":1576624088507,"duration":4703,"downloading_duration":1067,"execution_duration":3066,"uploading_duration":570,"executable":"ellipsoids-openmp","args":["2.dat","223.log","223.xoutput"],"id":119,"resource":"1536","request_start":1576624069722,"request_end":1576624088527,"request_duration":18805,"type":"1536"}
{"start":1576624083982,"end":1576624088530,"duration":4548,"downloading_duration":988,"execution_duration":2989,"uploading_duration":571,"executable":"ellipsoids-openmp","args":["2.dat","229.log","229.xoutput"],"id":125,"resource":"1536","request_start":1576624069725,"request_end":1576624088550,"request_duration":18825,"type":"1536"}
{"start":1576624084073,"end":1576624088544,"duration":4471,"downloading_duration":1115,"execution_duration":2773,"uploading_duration":583,"executable":"ellipsoids-openmp","args":["2.dat","241.log","241.xoutput"],"id":137,"resource":"1536","request_start":1576624069732,"request_end":1576624088564,"request_duration":18832,"type":"1536"}
{"start":1576624084025,"end":1576624088572,"duration":4547,"downloading_duration":1082,"execution_duration":2851,"uploading_duration":614,"executable":"ellipsoids-openmp","args":["2.dat","233.log","233.xoutput"],"id":129,"resource":"1536","request_start":1576624069727,"request_end":1576624088593,"request_duration":18866,"type":"1536"}
{"start":1576624083988,"end":1576624088576,"duration":4588,"downloading_duration":1076,"execution_duration":2885,"uploading_duration":627,"executable":"ellipsoids-openmp","args":["2.dat","230.log","230.xoutput"],"id":126,"resource":"1536","request_start":1576624069726,"request_end":1576624088596,"request_duration":18870,"type":"1536"}
{"start":1576624084040,"end":1576624088583,"duration":4543,"downloading_duration":1110,"execution_duration":2869,"uploading_duration":564,"executable":"ellipsoids-openmp","args":["2.dat","236.log","236.xoutput"],"id":132,"resource":"1536","request_start":1576624069729,"request_end":1576624088610,"request_duration":18881,"type":"1536"}
{"start":1576624083893,"end":1576624088591,"duration":4698,"downloading_duration":1168,"execution_duration":2945,"uploading_duration":585,"executable":"ellipsoids-openmp","args":["2.dat","225.log","225.xoutput"],"id":121,"resource":"1536","request_start":1576624069723,"request_end":1576624088613,"request_duration":18890,"type":"1536"}
{"start":1576624083942,"end":1576624088597,"duration":4655,"downloading_duration":1020,"execution_duration":3047,"uploading_duration":588,"executable":"ellipsoids-openmp","args":["2.dat","227.log","227.xoutput"],"id":123,"resource":"1536","request_start":1576624069724,"request_end":1576624088624,"request_duration":18900,"type":"1536"}
{"start":1576624084040,"end":1576624088598,"duration":4558,"downloading_duration":1038,"execution_duration":2877,"uploading_duration":643,"executable":"ellipsoids-openmp","args":["2.dat","237.log","237.xoutput"],"id":133,"resource":"1536","request_start":1576624069729,"request_end":1576624088626,"request_duration":18897,"type":"1536"}
{"start":1576624084065,"end":1576624088629,"duration":4564,"downloading_duration":1016,"execution_duration":2949,"uploading_duration":599,"executable":"ellipsoids-openmp","args":["2.dat","239.log","239.xoutput"],"id":135,"resource":"1536","request_start":1576624069731,"request_end":1576624088653,"request_duration":18922,"type":"1536"}
{"start":1576624084096,"end":1576624088639,"duration":4543,"downloading_duration":994,"execution_duration":2966,"uploading_duration":583,"executable":"ellipsoids-openmp","args":["2.dat","244.log","244.xoutput"],"id":140,"resource":"1536","request_start":1576624069734,"request_end":1576624088659,"request_duration":18925,"type":"1536"}
{"start":1576624084035,"end":1576624088647,"duration":4612,"downloading_duration":999,"execution_duration":2956,"uploading_duration":657,"executable":"ellipsoids-openmp","args":["2.dat","234.log","234.xoutput"],"id":130,"resource":"1536","request_start":1576624069728,"request_end":1576624088669,"request_duration":18941,"type":"1536"}
{"start":1576624083926,"end":1576624088655,"duration":4729,"downloading_duration":980,"execution_duration":3164,"uploading_duration":585,"executable":"ellipsoids-openmp","args":["2.dat","226.log","226.xoutput"],"id":122,"resource":"1536","request_start":1576624069724,"request_end":1576624088676,"request_duration":18952,"type":"1536"}
{"start":1576624084092,"end":1576624088670,"duration":4578,"downloading_duration":1005,"execution_duration":2971,"uploading_duration":602,"executable":"ellipsoids-openmp","args":["2.dat","243.log","243.xoutput"],"id":139,"resource":"1536","request_start":1576624069733,"request_end":1576624088693,"request_duration":18960,"type":"1536"}
{"start":1576624084071,"end":1576624088671,"duration":4600,"downloading_duration":1003,"execution_duration":2968,"uploading_duration":629,"executable":"ellipsoids-openmp","args":["2.dat","240.log","240.xoutput"],"id":136,"resource":"1536","request_start":1576624069731,"request_end":1576624088694,"request_duration":18963,"type":"1536"}
{"start":1576624084061,"end":1576624088674,"duration":4613,"downloading_duration":990,"execution_duration":3057,"uploading_duration":566,"executable":"ellipsoids-openmp","args":["2.dat","238.log","238.xoutput"],"id":134,"resource":"1536","request_start":1576624069730,"request_end":1576624088703,"request_duration":18973,"type":"1536"}
{"start":1576624083943,"end":1576624088687,"duration":4744,"downloading_duration":1231,"execution_duration":2959,"uploading_duration":554,"executable":"ellipsoids-openmp","args":["2.dat","228.log","228.xoutput"],"id":124,"resource":"1536","request_start":1576624069725,"request_end":1576624088707,"request_duration":18982,"type":"1536"}
{"start":1576624084108,"end":1576624088701,"duration":4593,"downloading_duration":1076,"execution_duration":2944,"uploading_duration":573,"executable":"ellipsoids-openmp","args":["2.dat","21.log","21.xoutput"],"id":97,"resource":"1536","request_start":1576624069735,"request_end":1576624088723,"request_duration":18988,"type":"1536"}
{"start":1576624084037,"end":1576624088721,"duration":4684,"downloading_duration":1033,"execution_duration":2953,"uploading_duration":698,"executable":"ellipsoids-openmp","args":["2.dat","235.log","235.xoutput"],"id":131,"resource":"1536","request_start":1576624069728,"request_end":1576624088743,"request_duration":19015,"type":"1536"}
{"start":1576624083838,"end":1576624088724,"duration":4886,"downloading_duration":1152,"execution_duration":3130,"uploading_duration":604,"executable":"ellipsoids-openmp","args":["2.dat","224.log","224.xoutput"],"id":120,"resource":"1536","request_start":1576624069722,"request_end":1576624088751,"request_duration":19029,"type":"1536"}
{"start":1576624084104,"end":1576624088730,"duration":4626,"downloading_duration":1000,"execution_duration":3063,"uploading_duration":563,"executable":"ellipsoids-openmp","args":["2.dat","20.log","20.xoutput"],"id":96,"resource":"1536","request_start":1576624069734,"request_end":1576624088755,"request_duration":19021,"type":"1536"}
{"start":1576624084116,"end":1576624088739,"duration":4623,"downloading_duration":1081,"execution_duration":2929,"uploading_duration":613,"executable":"ellipsoids-openmp","args":["2.dat","22.log","22.xoutput"],"id":98,"resource":"1536","request_start":1576624069736,"request_end":1576624088767,"request_duration":19031,"type":"1536"}
{"start":1576624083992,"end":1576624088761,"duration":4769,"downloading_duration":987,"execution_duration":3157,"uploading_duration":625,"executable":"ellipsoids-openmp","args":["2.dat","231.log","231.xoutput"],"id":127,"resource":"1536","request_start":1576624069726,"request_end":1576624088781,"request_duration":19055,"type":"1536"}
{"start":1576624084027,"end":1576624088772,"duration":4745,"downloading_duration":1191,"execution_duration":2971,"uploading_duration":583,"executable":"ellipsoids-openmp","args":["2.dat","232.log","232.xoutput"],"id":128,"resource":"1536","request_start":1576624069727,"request_end":1576624088793,"request_duration":19066,"type":"1536"}
{"start":1576624084133,"end":1576624088806,"duration":4673,"downloading_duration":1140,"execution_duration":2973,"uploading_duration":560,"executable":"ellipsoids-openmp","args":["2.dat","23.log","23.xoutput"],"id":99,"resource":"1536","request_start":1576624069738,"request_end":1576624088826,"request_duration":19088,"type":"1536"}
{"start":1576624084085,"end":1576624088931,"duration":4846,"downloading_duration":1079,"execution_duration":3074,"uploading_duration":693,"executable":"ellipsoids-openmp","args":["2.dat","242.log","242.xoutput"],"id":138,"resource":"1536","request_start":1576624069732,"request_end":1576624088953,"request_duration":19221,"type":"1536"}
{"start":1576624089118,"end":1576624090658,"duration":1540,"downloading_duration":1154,"execution_duration":4,"uploading_duration":382,"executable":"mean-pack-ell","args":["20.xoutput","21.xoutput","22.xoutput","23.xoutput","24.xoutput","25.xoutput","26.xoutput","27.xoutput","28.xoutput","29.xoutput","210.xoutput","211.xoutput","212.xoutput","213.xoutput","214.xoutput","215.xoutput","216.xoutput","217.xoutput","218.xoutput","219.xoutput","220.xoutput","221.xoutput","222.xoutput","223.xoutput","224.xoutput","225.xoutput","226.xoutput","227.xoutput","228.xoutput","229.xoutput","230.xoutput","231.xoutput","232.xoutput","233.xoutput","234.xoutput","235.xoutput","236.xoutput","237.xoutput","238.xoutput","239.xoutput","240.xoutput","241.xoutput","242.xoutput","243.xoutput","244.xoutput","average_2.txt"],"id":188,"resource":"1536","request_start":1576624088957,"request_end":1576624090679,"request_duration":1722,"type":"1536"}
{"start":1576624090793,"end":1576624091713,"duration":920,"downloading_duration":457,"execution_duration":73,"uploading_duration":390,"executable":"summary.js","args":[],"id":190,"resource":"1536","request_start":1576624090680,"request_end":1576624091731,"request_duration":1051,"type":"1536"}
