{"start":1576624041941,"end":1576624042925,"duration":984,"downloading_duration":507,"execution_duration":79,"uploading_duration":398,"executable":"generateData.js","args":[],"id":1,"resource":"1536","request_start":1576624041258,"request_end":1576624042960,"request_duration":1702,"type":"1536"}
{"start":1576624043090,"end":1576624043929,"duration":839,"downloading_duration":380,"execution_duration":72,"uploading_duration":387,"executable":"createDat.js","args":["0.dat"],"id":2,"resource":"1536","request_start":1576624042975,"request_end":1576624043949,"request_duration":974,"type":"1536"}
{"start":1576624043579,"end":1576624044543,"duration":964,"downloading_duration":477,"execution_duration":84,"uploading_duration":403,"executable":"createDat.js","args":["2.dat"],"id":4,"resource":"1536","request_start":1576624042985,"request_end":1576624044676,"request_duration":1691,"type":"1536"}
{"start":1576624043585,"end":1576624044570,"duration":985,"downloading_duration":516,"execution_duration":78,"uploading_duration":391,"executable":"createDat.js","args":["1.dat"],"id":3,"resource":"1536","request_start":1576624042981,"request_end":1576624044689,"request_duration":1708,"type":"1536"}
{"start":1576624043605,"end":1576624044608,"duration":1003,"downloading_duration":505,"execution_duration":78,"uploading_duration":420,"executable":"createDat.js","args":["3.dat"],"id":5,"resource":"1536","request_start":1576624042988,"request_end":1576624044782,"request_duration":1794,"type":"1536"}
{"start":1576624044333,"end":1576624049057,"duration":4724,"downloading_duration":1042,"execution_duration":3071,"uploading_duration":611,"executable":"ellipsoids-openmp","args":["0.dat","05.log","05.xoutput"],"id":11,"resource":"1536","request_start":1576624043987,"request_end":1576624049078,"request_duration":5091,"type":"1536"}
{"start":1576624044991,"end":1576624049121,"duration":4130,"downloading_duration":1110,"execution_duration":2435,"uploading_duration":585,"executable":"ellipsoids-openmp","args":["0.dat","025.log","025.xoutput"],"id":31,"resource":"1536","request_start":1576624044012,"request_end":1576624049141,"request_duration":5129,"type":"1536"}
{"start":1576624044671,"end":1576624049351,"duration":4680,"downloading_duration":1040,"execution_duration":3043,"uploading_duration":597,"executable":"ellipsoids-openmp","args":["0.dat","035.log","035.xoutput"],"id":41,"resource":"1536","request_start":1576624044023,"request_end":1576624049375,"request_duration":5352,"type":"1536"}
{"start":1576624044551,"end":1576624049360,"duration":4809,"downloading_duration":1091,"execution_duration":3163,"uploading_duration":555,"executable":"ellipsoids-openmp","args":["0.dat","024.log","024.xoutput"],"id":30,"resource":"1536","request_start":1576624044011,"request_end":1576624049385,"request_duration":5374,"type":"1536"}
{"start":1576624044701,"end":1576624049376,"duration":4675,"downloading_duration":1078,"execution_duration":2948,"uploading_duration":649,"executable":"ellipsoids-openmp","args":["0.dat","040.log","040.xoutput"],"id":46,"resource":"1536","request_start":1576624044032,"request_end":1576624049398,"request_duration":5366,"type":"1536"}
{"start":1576624044794,"end":1576624049569,"duration":4775,"downloading_duration":1173,"execution_duration":3043,"uploading_duration":559,"executable":"ellipsoids-openmp","args":["0.dat","06.log","06.xoutput"],"id":12,"resource":"1536","request_start":1576624043989,"request_end":1576624049595,"request_duration":5606,"type":"1536"}
{"start":1576624044830,"end":1576624049621,"duration":4791,"downloading_duration":1123,"execution_duration":3082,"uploading_duration":586,"executable":"ellipsoids-openmp","args":["0.dat","014.log","014.xoutput"],"id":20,"resource":"1536","request_start":1576624044000,"request_end":1576624049642,"request_duration":5642,"type":"1536"}
{"start":1576624044787,"end":1576624049651,"duration":4864,"downloading_duration":1221,"execution_duration":3067,"uploading_duration":576,"executable":"ellipsoids-openmp","args":["0.dat","012.log","012.xoutput"],"id":18,"resource":"1536","request_start":1576624043998,"request_end":1576624049674,"request_duration":5676,"type":"1536"}
{"start":1576624044830,"end":1576624049665,"duration":4835,"downloading_duration":1188,"execution_duration":3040,"uploading_duration":607,"executable":"ellipsoids-openmp","args":["0.dat","07.log","07.xoutput"],"id":13,"resource":"1536","request_start":1576624043991,"request_end":1576624049685,"request_duration":5694,"type":"1536"}
{"start":1576624044815,"end":1576624049665,"duration":4850,"downloading_duration":1172,"execution_duration":3051,"uploading_duration":627,"executable":"ellipsoids-openmp","args":["0.dat","04.log","04.xoutput"],"id":10,"resource":"1536","request_start":1576624043985,"request_end":1576624049688,"request_duration":5703,"type":"1536"}
{"start":1576624044790,"end":1576624049679,"duration":4889,"downloading_duration":1243,"execution_duration":3051,"uploading_duration":595,"executable":"ellipsoids-openmp","args":["0.dat","010.log","010.xoutput"],"id":16,"resource":"1536","request_start":1576624043995,"request_end":1576624049699,"request_duration":5704,"type":"1536"}
{"start":1576624044999,"end":1576624049735,"duration":4736,"downloading_duration":1128,"execution_duration":3042,"uploading_duration":566,"executable":"ellipsoids-openmp","args":["0.dat","027.log","027.xoutput"],"id":33,"resource":"1536","request_start":1576624044014,"request_end":1576624049759,"request_duration":5745,"type":"1536"}
{"start":1576624045018,"end":1576624049756,"duration":4738,"downloading_duration":1123,"execution_duration":3051,"uploading_duration":564,"executable":"ellipsoids-openmp","args":["0.dat","034.log","034.xoutput"],"id":40,"resource":"1536","request_start":1576624044022,"request_end":1576624049777,"request_duration":5755,"type":"1536"}
{"start":1576624044995,"end":1576624049760,"duration":4765,"downloading_duration":1109,"execution_duration":3038,"uploading_duration":618,"executable":"ellipsoids-openmp","args":["0.dat","031.log","031.xoutput"],"id":37,"resource":"1536","request_start":1576624044018,"request_end":1576624049781,"request_duration":5763,"type":"1536"}
{"start":1576624045001,"end":1576624049791,"duration":4790,"downloading_duration":1324,"execution_duration":2902,"uploading_duration":564,"executable":"ellipsoids-openmp","args":["0.dat","030.log","030.xoutput"],"id":36,"resource":"1536","request_start":1576624044017,"request_end":1576624049813,"request_duration":5796,"type":"1536"}
{"start":1576624045011,"end":1576624049802,"duration":4791,"downloading_duration":1214,"execution_duration":3014,"uploading_duration":563,"executable":"ellipsoids-openmp","args":["0.dat","036.log","036.xoutput"],"id":42,"resource":"1536","request_start":1576624044027,"request_end":1576624049824,"request_duration":5797,"type":"1536"}
{"start":1576624044809,"end":1576624049805,"duration":4996,"downloading_duration":1252,"execution_duration":3141,"uploading_duration":603,"executable":"ellipsoids-openmp","args":["0.dat","08.log","08.xoutput"],"id":14,"resource":"1536","request_start":1576624043993,"request_end":1576624049826,"request_duration":5833,"type":"1536"}
{"start":1576624045021,"end":1576624049809,"duration":4788,"downloading_duration":1134,"execution_duration":3041,"uploading_duration":613,"executable":"ellipsoids-openmp","args":["0.dat","033.log","033.xoutput"],"id":39,"resource":"1536","request_start":1576624044020,"request_end":1576624049832,"request_duration":5812,"type":"1536"}
{"start":1576624044992,"end":1576624049833,"duration":4841,"downloading_duration":1258,"execution_duration":3018,"uploading_duration":565,"executable":"ellipsoids-openmp","args":["0.dat","017.log","017.xoutput"],"id":23,"resource":"1536","request_start":1576624044004,"request_end":1576624049852,"request_duration":5848,"type":"1536"}
{"start":1576624044994,"end":1576624049845,"duration":4851,"downloading_duration":1225,"execution_duration":3045,"uploading_duration":581,"executable":"ellipsoids-openmp","args":["0.dat","019.log","019.xoutput"],"id":25,"resource":"1536","request_start":1576624044006,"request_end":1576624049867,"request_duration":5861,"type":"1536"}
{"start":1576624045033,"end":1576624049864,"duration":4831,"downloading_duration":1121,"execution_duration":3105,"uploading_duration":605,"executable":"ellipsoids-openmp","args":["0.dat","037.log","037.xoutput"],"id":43,"resource":"1536","request_start":1576624044028,"request_end":1576624049886,"request_duration":5858,"type":"1536"}
{"start":1576624044810,"end":1576624049873,"duration":5063,"downloading_duration":1412,"execution_duration":2396,"uploading_duration":1255,"executable":"ellipsoids-openmp","args":["0.dat","011.log","011.xoutput"],"id":17,"resource":"1536","request_start":1576624043997,"request_end":1576624049894,"request_duration":5897,"type":"1536"}
{"start":1576624045004,"end":1576624049875,"duration":4871,"downloading_duration":1321,"execution_duration":2961,"uploading_duration":589,"executable":"ellipsoids-openmp","args":["0.dat","038.log","038.xoutput"],"id":44,"resource":"1536","request_start":1576624044029,"request_end":1576624049897,"request_duration":5868,"type":"1536"}
{"start":1576624044829,"end":1576624049882,"duration":5053,"downloading_duration":1337,"execution_duration":3062,"uploading_duration":654,"executable":"ellipsoids-openmp","args":["0.dat","09.log","09.xoutput"],"id":15,"resource":"1536","request_start":1576624043994,"request_end":1576624049904,"request_duration":5910,"type":"1536"}
{"start":1576624045005,"end":1576624049895,"duration":4890,"downloading_duration":1198,"execution_duration":3107,"uploading_duration":585,"executable":"ellipsoids-openmp","args":["0.dat","032.log","032.xoutput"],"id":38,"resource":"1536","request_start":1576624044019,"request_end":1576624049919,"request_duration":5900,"type":"1536"}
{"start":1576624045003,"end":1576624049895,"duration":4892,"downloading_duration":1182,"execution_duration":3072,"uploading_duration":638,"executable":"ellipsoids-openmp","args":["0.dat","020.log","020.xoutput"],"id":26,"resource":"1536","request_start":1576624044007,"request_end":1576624049921,"request_duration":5914,"type":"1536"}
{"start":1576624045011,"end":1576624049900,"duration":4889,"downloading_duration":1240,"execution_duration":3037,"uploading_duration":612,"executable":"ellipsoids-openmp","args":["0.dat","023.log","023.xoutput"],"id":29,"resource":"1536","request_start":1576624044010,"request_end":1576624049923,"request_duration":5913,"type":"1536"}
{"start":1576624044992,"end":1576624049906,"duration":4914,"downloading_duration":1169,"execution_duration":3159,"uploading_duration":586,"executable":"ellipsoids-openmp","args":["0.dat","016.log","016.xoutput"],"id":22,"resource":"1536","request_start":1576624044003,"request_end":1576624049931,"request_duration":5928,"type":"1536"}
{"start":1576624044968,"end":1576624049909,"duration":4941,"downloading_duration":1322,"execution_duration":3010,"uploading_duration":609,"executable":"ellipsoids-openmp","args":["0.dat","013.log","013.xoutput"],"id":19,"resource":"1536","request_start":1576624043999,"request_end":1576624049937,"request_duration":5938,"type":"1536"}
{"start":1576624045154,"end":1576624049917,"duration":4763,"downloading_duration":1093,"execution_duration":3039,"uploading_duration":631,"executable":"ellipsoids-openmp","args":["0.dat","01.log","01.xoutput"],"id":7,"resource":"1536","request_start":1576624044038,"request_end":1576624049942,"request_duration":5904,"type":"1536"}
{"start":1576624045173,"end":1576624049938,"duration":4765,"downloading_duration":1093,"execution_duration":3086,"uploading_duration":586,"executable":"ellipsoids-openmp","args":["0.dat","039.log","039.xoutput"],"id":45,"resource":"1536","request_start":1576624044031,"request_end":1576624049964,"request_duration":5933,"type":"1536"}
{"start":1576624045039,"end":1576624049971,"duration":4932,"downloading_duration":1214,"execution_duration":3157,"uploading_duration":561,"executable":"ellipsoids-openmp","args":["0.dat","022.log","022.xoutput"],"id":28,"resource":"1536","request_start":1576624044009,"request_end":1576624049995,"request_duration":5986,"type":"1536"}
{"start":1576624045009,"end":1576624049981,"duration":4972,"downloading_duration":1226,"execution_duration":3176,"uploading_duration":570,"executable":"ellipsoids-openmp","args":["0.dat","026.log","026.xoutput"],"id":32,"resource":"1536","request_start":1576624044013,"request_end":1576624050005,"request_duration":5992,"type":"1536"}
{"start":1576624044994,"end":1576624050000,"duration":5006,"downloading_duration":1249,"execution_duration":3168,"uploading_duration":589,"executable":"ellipsoids-openmp","args":["0.dat","015.log","015.xoutput"],"id":21,"resource":"1536","request_start":1576624044002,"request_end":1576624050022,"request_duration":6020,"type":"1536"}
{"start":1576624045157,"end":1576624050001,"duration":4844,"downloading_duration":1181,"execution_duration":3081,"uploading_duration":582,"executable":"ellipsoids-openmp","args":["0.dat","00.log","00.xoutput"],"id":6,"resource":"1536","request_start":1576624044037,"request_end":1576624050101,"request_duration":6064,"type":"1536"}
{"start":1576624044992,"end":1576624050005,"duration":5013,"downloading_duration":1222,"execution_duration":3184,"uploading_duration":607,"executable":"ellipsoids-openmp","args":["0.dat","018.log","018.xoutput"],"id":24,"resource":"1536","request_start":1576624044005,"request_end":1576624050103,"request_duration":6098,"type":"1536"}
{"start":1576624045013,"end":1576624050008,"duration":4995,"downloading_duration":1261,"execution_duration":3142,"uploading_duration":592,"executable":"ellipsoids-openmp","args":["0.dat","029.log","029.xoutput"],"id":35,"resource":"1536","request_start":1576624044016,"request_end":1576624050106,"request_duration":6090,"type":"1536"}
{"start":1576624045008,"end":1576624050023,"duration":5015,"downloading_duration":1330,"execution_duration":3070,"uploading_duration":615,"executable":"ellipsoids-openmp","args":["0.dat","028.log","028.xoutput"],"id":34,"resource":"1536","request_start":1576624044015,"request_end":1576624050108,"request_duration":6093,"type":"1536"}
{"start":1576624045217,"end":1576624050039,"duration":4822,"downloading_duration":1149,"execution_duration":3110,"uploading_duration":563,"executable":"ellipsoids-openmp","args":["0.dat","044.log","044.xoutput"],"id":50,"resource":"1536","request_start":1576624044036,"request_end":1576624050111,"request_duration":6075,"type":"1536"}
{"start":1576624045169,"end":1576624050073,"duration":4904,"downloading_duration":1228,"execution_duration":3017,"uploading_duration":659,"executable":"ellipsoids-openmp","args":["0.dat","042.log","042.xoutput"],"id":48,"resource":"1536","request_start":1576624044034,"request_end":1576624050114,"request_duration":6080,"type":"1536"}
{"start":1576624045293,"end":1576624050082,"duration":4789,"downloading_duration":1136,"execution_duration":3022,"uploading_duration":631,"executable":"ellipsoids-openmp","args":["2.dat","28.log","28.xoutput"],"id":104,"resource":"1536","request_start":1576624044719,"request_end":1576624050126,"request_duration":5407,"type":"1536"}
{"start":1576624045168,"end":1576624050090,"duration":4922,"downloading_duration":1238,"execution_duration":3076,"uploading_duration":608,"executable":"ellipsoids-openmp","args":["0.dat","041.log","041.xoutput"],"id":47,"resource":"1536","request_start":1576624044033,"request_end":1576624050129,"request_duration":6096,"type":"1536"}
{"start":1576624044998,"end":1576624050092,"duration":5094,"downloading_duration":1342,"execution_duration":3130,"uploading_duration":622,"executable":"ellipsoids-openmp","args":["0.dat","021.log","021.xoutput"],"id":27,"resource":"1536","request_start":1576624044008,"request_end":1576624050130,"request_duration":6122,"type":"1536"}
{"start":1576624045203,"end":1576624050121,"duration":4918,"downloading_duration":1198,"execution_duration":3148,"uploading_duration":572,"executable":"ellipsoids-openmp","args":["0.dat","02.log","02.xoutput"],"id":8,"resource":"1536","request_start":1576624044039,"request_end":1576624050150,"request_duration":6111,"type":"1536"}
{"start":1576624045200,"end":1576624050126,"duration":4926,"downloading_duration":1275,"execution_duration":3077,"uploading_duration":574,"executable":"ellipsoids-openmp","args":["0.dat","043.log","043.xoutput"],"id":49,"resource":"1536","request_start":1576624044035,"request_end":1576624050153,"request_duration":6118,"type":"1536"}
{"start":1576624045365,"end":1576624050229,"duration":4864,"downloading_duration":1241,"execution_duration":3013,"uploading_duration":610,"executable":"ellipsoids-openmp","args":["2.dat","25.log","25.xoutput"],"id":101,"resource":"1536","request_start":1576624044716,"request_end":1576624050280,"request_duration":5564,"type":"1536"}
{"start":1576624045374,"end":1576624050247,"duration":4873,"downloading_duration":1185,"execution_duration":3081,"uploading_duration":607,"executable":"ellipsoids-openmp","args":["2.dat","24.log","24.xoutput"],"id":100,"resource":"1536","request_start":1576624044714,"request_end":1576624050288,"request_duration":5574,"type":"1536"}
{"start":1576624045387,"end":1576624050257,"duration":4870,"downloading_duration":1252,"execution_duration":3020,"uploading_duration":598,"executable":"ellipsoids-openmp","args":["2.dat","26.log","26.xoutput"],"id":102,"resource":"1536","request_start":1576624044717,"request_end":1576624050291,"request_duration":5574,"type":"1536"}
{"start":1576624045232,"end":1576624050280,"duration":5048,"downloading_duration":1286,"execution_duration":3175,"uploading_duration":587,"executable":"ellipsoids-openmp","args":["0.dat","03.log","03.xoutput"],"id":9,"resource":"1536","request_start":1576624044040,"request_end":1576624050301,"request_duration":6261,"type":"1536"}
{"start":1576624045385,"end":1576624050388,"duration":5003,"downloading_duration":1170,"execution_duration":3185,"uploading_duration":648,"executable":"ellipsoids-openmp","args":["2.dat","27.log","27.xoutput"],"id":103,"resource":"1536","request_start":1576624044718,"request_end":1576624050409,"request_duration":5691,"type":"1536"}
{"start":1576624049166,"end":1576624053157,"duration":3991,"downloading_duration":1120,"execution_duration":2304,"uploading_duration":567,"executable":"ellipsoids-openmp","args":["2.dat","210.log","210.xoutput"],"id":106,"resource":"1536","request_start":1576624044720,"request_end":1576624053181,"request_duration":8461,"type":"1536"}
{"start":1576624049105,"end":1576624053893,"duration":4788,"downloading_duration":1113,"execution_duration":3046,"uploading_duration":629,"executable":"ellipsoids-openmp","args":["2.dat","29.log","29.xoutput"],"id":105,"resource":"1536","request_start":1576624044719,"request_end":1576624053915,"request_duration":9196,"type":"1536"}
{"start":1576624049407,"end":1576624053980,"duration":4573,"downloading_duration":1163,"execution_duration":2825,"uploading_duration":585,"executable":"ellipsoids-openmp","args":["2.dat","211.log","211.xoutput"],"id":107,"resource":"1536","request_start":1576624044720,"request_end":1576624054005,"request_duration":9285,"type":"1536"}
{"start":1576624049960,"end":1576624054053,"duration":4093,"downloading_duration":1087,"execution_duration":2451,"uploading_duration":555,"executable":"ellipsoids-openmp","args":["2.dat","237.log","237.xoutput"],"id":133,"resource":"1536","request_start":1576624044737,"request_end":1576624054074,"request_duration":9337,"type":"1536"}
{"start":1576624049425,"end":1576624054073,"duration":4648,"downloading_duration":1179,"execution_duration":2900,"uploading_duration":569,"executable":"ellipsoids-openmp","args":["2.dat","213.log","213.xoutput"],"id":109,"resource":"1536","request_start":1576624044722,"request_end":1576624054094,"request_duration":9372,"type":"1536"}
{"start":1576624049624,"end":1576624054181,"duration":4557,"downloading_duration":1037,"execution_duration":2925,"uploading_duration":595,"executable":"ellipsoids-openmp","args":["2.dat","214.log","214.xoutput"],"id":110,"resource":"1536","request_start":1576624044722,"request_end":1576624054204,"request_duration":9482,"type":"1536"}
{"start":1576624049410,"end":1576624054212,"duration":4802,"downloading_duration":1096,"execution_duration":3058,"uploading_duration":648,"executable":"ellipsoids-openmp","args":["2.dat","212.log","212.xoutput"],"id":108,"resource":"1536","request_start":1576624044721,"request_end":1576624054233,"request_duration":9512,"type":"1536"}
{"start":1576624049786,"end":1576624054295,"duration":4509,"downloading_duration":997,"execution_duration":2951,"uploading_duration":561,"executable":"ellipsoids-openmp","args":["2.dat","220.log","220.xoutput"],"id":116,"resource":"1536","request_start":1576624044726,"request_end":1576624054315,"request_duration":9589,"type":"1536"}
{"start":1576624049701,"end":1576624054296,"duration":4595,"downloading_duration":1022,"execution_duration":2952,"uploading_duration":621,"executable":"ellipsoids-openmp","args":["2.dat","216.log","216.xoutput"],"id":112,"resource":"1536","request_start":1576624044723,"request_end":1576624054317,"request_duration":9594,"type":"1536"}
{"start":1576624049716,"end":1576624054325,"duration":4609,"downloading_duration":1079,"execution_duration":2916,"uploading_duration":614,"executable":"ellipsoids-openmp","args":["2.dat","218.log","218.xoutput"],"id":114,"resource":"1536","request_start":1576624044724,"request_end":1576624054345,"request_duration":9621,"type":"1536"}
{"start":1576624049669,"end":1576624054325,"duration":4656,"downloading_duration":1101,"execution_duration":2952,"uploading_duration":603,"executable":"ellipsoids-openmp","args":["2.dat","215.log","215.xoutput"],"id":111,"resource":"1536","request_start":1576624044723,"request_end":1576624054347,"request_duration":9624,"type":"1536"}
{"start":1576624049722,"end":1576624054405,"duration":4683,"downloading_duration":1037,"execution_duration":3079,"uploading_duration":567,"executable":"ellipsoids-openmp","args":["2.dat","219.log","219.xoutput"],"id":115,"resource":"1536","request_start":1576624044725,"request_end":1576624054424,"request_duration":9699,"type":"1536"}
{"start":1576624049928,"end":1576624054412,"duration":4484,"downloading_duration":1029,"execution_duration":2900,"uploading_duration":555,"executable":"ellipsoids-openmp","args":["2.dat","232.log","232.xoutput"],"id":128,"resource":"1536","request_start":1576624044734,"request_end":1576624054433,"request_duration":9699,"type":"1536"}
{"start":1576624049911,"end":1576624054459,"duration":4548,"downloading_duration":999,"execution_duration":2956,"uploading_duration":593,"executable":"ellipsoids-openmp","args":["2.dat","229.log","229.xoutput"],"id":125,"resource":"1536","request_start":1576624044732,"request_end":1576624054480,"request_duration":9748,"type":"1536"}
{"start":1576624049808,"end":1576624054460,"duration":4652,"downloading_duration":1054,"execution_duration":3027,"uploading_duration":571,"executable":"ellipsoids-openmp","args":["2.dat","222.log","222.xoutput"],"id":118,"resource":"1536","request_start":1576624044727,"request_end":1576624054485,"request_duration":9758,"type":"1536"}
{"start":1576624049852,"end":1576624054476,"duration":4624,"downloading_duration":1079,"execution_duration":2979,"uploading_duration":566,"executable":"ellipsoids-openmp","args":["2.dat","224.log","224.xoutput"],"id":120,"resource":"1536","request_start":1576624044729,"request_end":1576624054498,"request_duration":9769,"type":"1536"}
{"start":1576624049803,"end":1576624054482,"duration":4679,"downloading_duration":1190,"execution_duration":2893,"uploading_duration":596,"executable":"ellipsoids-openmp","args":["2.dat","221.log","221.xoutput"],"id":117,"resource":"1536","request_start":1576624044726,"request_end":1576624054504,"request_duration":9778,"type":"1536"}
{"start":1576624049837,"end":1576624054483,"duration":4646,"downloading_duration":985,"execution_duration":3046,"uploading_duration":615,"executable":"ellipsoids-openmp","args":["2.dat","223.log","223.xoutput"],"id":119,"resource":"1536","request_start":1576624044727,"request_end":1576624054507,"request_duration":9780,"type":"1536"}
{"start":1576624049713,"end":1576624054485,"duration":4772,"downloading_duration":1076,"execution_duration":3051,"uploading_duration":645,"executable":"ellipsoids-openmp","args":["2.dat","217.log","217.xoutput"],"id":113,"resource":"1536","request_start":1576624044724,"request_end":1576624054512,"request_duration":9788,"type":"1536"}
{"start":1576624049955,"end":1576624054520,"duration":4565,"downloading_duration":1060,"execution_duration":2932,"uploading_duration":573,"executable":"ellipsoids-openmp","args":["2.dat","236.log","236.xoutput"],"id":132,"resource":"1536","request_start":1576624044736,"request_end":1576624054545,"request_duration":9809,"type":"1536"}
{"start":1576624049860,"end":1576624054530,"duration":4670,"downloading_duration":1002,"execution_duration":3046,"uploading_duration":622,"executable":"ellipsoids-openmp","args":["2.dat","226.log","226.xoutput"],"id":122,"resource":"1536","request_start":1576624044730,"request_end":1576624054552,"request_duration":9822,"type":"1536"}
{"start":1576624049880,"end":1576624054533,"duration":4653,"downloading_duration":1097,"execution_duration":2906,"uploading_duration":650,"executable":"ellipsoids-openmp","args":["2.dat","227.log","227.xoutput"],"id":123,"resource":"1536","request_start":1576624044731,"request_end":1576624054554,"request_duration":9823,"type":"1536"}
{"start":1576624049919,"end":1576624054621,"duration":4702,"downloading_duration":1092,"execution_duration":3023,"uploading_duration":587,"executable":"ellipsoids-openmp","args":["2.dat","230.log","230.xoutput"],"id":126,"resource":"1536","request_start":1576624044733,"request_end":1576624054644,"request_duration":9911,"type":"1536"}
{"start":1576624049947,"end":1576624054659,"duration":4712,"downloading_duration":1050,"execution_duration":2989,"uploading_duration":673,"executable":"ellipsoids-openmp","args":["2.dat","234.log","234.xoutput"],"id":130,"resource":"1536","request_start":1576624044735,"request_end":1576624054682,"request_duration":9947,"type":"1536"}
{"start":1576624049968,"end":1576624054689,"duration":4721,"downloading_duration":1127,"execution_duration":3010,"uploading_duration":584,"executable":"ellipsoids-openmp","args":["2.dat","238.log","238.xoutput"],"id":134,"resource":"1536","request_start":1576624044738,"request_end":1576624054710,"request_duration":9972,"type":"1536"}
{"start":1576624050153,"end":1576624054689,"duration":4536,"downloading_duration":995,"execution_duration":2983,"uploading_duration":558,"executable":"ellipsoids-openmp","args":["1.dat","12.log","12.xoutput"],"id":53,"resource":"1536","request_start":1576624044794,"request_end":1576624054713,"request_duration":9919,"type":"1536"}
{"start":1576624050154,"end":1576624054724,"duration":4570,"downloading_duration":1014,"execution_duration":2998,"uploading_duration":558,"executable":"ellipsoids-openmp","args":["1.dat","11.log","11.xoutput"],"id":52,"resource":"1536","request_start":1576624044794,"request_end":1576624054744,"request_duration":9950,"type":"1536"}
{"start":1576624049856,"end":1576624054730,"duration":4874,"downloading_duration":1175,"execution_duration":3120,"uploading_duration":579,"executable":"ellipsoids-openmp","args":["2.dat","225.log","225.xoutput"],"id":121,"resource":"1536","request_start":1576624044730,"request_end":1576624054750,"request_duration":10020,"type":"1536"}
{"start":1576624050315,"end":1576624054733,"duration":4418,"downloading_duration":998,"execution_duration":2848,"uploading_duration":572,"executable":"ellipsoids-openmp","args":["1.dat","16.log","16.xoutput"],"id":57,"resource":"1536","request_start":1576624044796,"request_end":1576624054756,"request_duration":9960,"type":"1536"}
{"start":1576624049893,"end":1576624054753,"duration":4860,"downloading_duration":1083,"execution_duration":3155,"uploading_duration":622,"executable":"ellipsoids-openmp","args":["2.dat","228.log","228.xoutput"],"id":124,"resource":"1536","request_start":1576624044731,"request_end":1576624054774,"request_duration":10043,"type":"1536"}
{"start":1576624050017,"end":1576624054781,"duration":4764,"downloading_duration":1000,"execution_duration":3089,"uploading_duration":675,"executable":"ellipsoids-openmp","args":["2.dat","240.log","240.xoutput"],"id":136,"resource":"1536","request_start":1576624044739,"request_end":1576624054802,"request_duration":10063,"type":"1536"}
{"start":1576624049990,"end":1576624054783,"duration":4793,"downloading_duration":1012,"execution_duration":3065,"uploading_duration":716,"executable":"ellipsoids-openmp","args":["2.dat","239.log","239.xoutput"],"id":135,"resource":"1536","request_start":1576624044738,"request_end":1576624054804,"request_duration":10066,"type":"1536"}
{"start":1576624049949,"end":1576624054820,"duration":4871,"downloading_duration":1081,"execution_duration":3170,"uploading_duration":620,"executable":"ellipsoids-openmp","args":["2.dat","233.log","233.xoutput"],"id":129,"resource":"1536","request_start":1576624044735,"request_end":1576624054841,"request_duration":10106,"type":"1536"}
{"start":1576624050142,"end":1576624054823,"duration":4681,"downloading_duration":1086,"execution_duration":3038,"uploading_duration":557,"executable":"ellipsoids-openmp","args":["2.dat","21.log","21.xoutput"],"id":97,"resource":"1536","request_start":1576624044742,"request_end":1576624054845,"request_duration":10103,"type":"1536"}
{"start":1576624049951,"end":1576624054825,"duration":4874,"downloading_duration":1168,"execution_duration":3139,"uploading_duration":567,"executable":"ellipsoids-openmp","args":["2.dat","235.log","235.xoutput"],"id":131,"resource":"1536","request_start":1576624044736,"request_end":1576624054848,"request_duration":10112,"type":"1536"}
{"start":1576624049922,"end":1576624054827,"duration":4905,"downloading_duration":1171,"execution_duration":3146,"uploading_duration":588,"executable":"ellipsoids-openmp","args":["2.dat","231.log","231.xoutput"],"id":127,"resource":"1536","request_start":1576624044733,"request_end":1576624054853,"request_duration":10120,"type":"1536"}
{"start":1576624050175,"end":1576624054832,"duration":4657,"downloading_duration":1074,"execution_duration":2977,"uploading_duration":606,"executable":"ellipsoids-openmp","args":["1.dat","13.log","13.xoutput"],"id":54,"resource":"1536","request_start":1576624044795,"request_end":1576624054859,"request_duration":10064,"type":"1536"}
{"start":1576624050153,"end":1576624054833,"duration":4680,"downloading_duration":1089,"execution_duration":2983,"uploading_duration":608,"executable":"ellipsoids-openmp","args":["1.dat","10.log","10.xoutput"],"id":51,"resource":"1536","request_start":1576624044793,"request_end":1576624054861,"request_duration":10068,"type":"1536"}
{"start":1576624050030,"end":1576624054864,"duration":4834,"downloading_duration":1086,"execution_duration":3160,"uploading_duration":588,"executable":"ellipsoids-openmp","args":["2.dat","241.log","241.xoutput"],"id":137,"resource":"1536","request_start":1576624044740,"request_end":1576624054884,"request_duration":10144,"type":"1536"}
{"start":1576624050319,"end":1576624054872,"duration":4553,"downloading_duration":997,"execution_duration":2980,"uploading_duration":576,"executable":"ellipsoids-openmp","args":["1.dat","17.log","17.xoutput"],"id":58,"resource":"1536","request_start":1576624044797,"request_end":1576624054894,"request_duration":10097,"type":"1536"}
{"start":1576624050183,"end":1576624054880,"duration":4697,"downloading_duration":1010,"execution_duration":3036,"uploading_duration":651,"executable":"ellipsoids-openmp","args":["1.dat","14.log","14.xoutput"],"id":55,"resource":"1536","request_start":1576624044795,"request_end":1576624055020,"request_duration":10225,"type":"1536"}
{"start":1576624050143,"end":1576624054912,"duration":4769,"downloading_duration":1038,"execution_duration":3117,"uploading_duration":614,"executable":"ellipsoids-openmp","args":["2.dat","22.log","22.xoutput"],"id":98,"resource":"1536","request_start":1576624044743,"request_end":1576624055024,"request_duration":10281,"type":"1536"}
{"start":1576624050050,"end":1576624054952,"duration":4902,"downloading_duration":1131,"execution_duration":3174,"uploading_duration":597,"executable":"ellipsoids-openmp","args":["2.dat","242.log","242.xoutput"],"id":138,"resource":"1536","request_start":1576624044740,"request_end":1576624055027,"request_duration":10287,"type":"1536"}
{"start":1576624050137,"end":1576624054961,"duration":4824,"downloading_duration":1031,"execution_duration":3180,"uploading_duration":613,"executable":"ellipsoids-openmp","args":["2.dat","243.log","243.xoutput"],"id":139,"resource":"1536","request_start":1576624044741,"request_end":1576624055031,"request_duration":10290,"type":"1536"}
{"start":1576624050304,"end":1576624054976,"duration":4672,"downloading_duration":1112,"execution_duration":2954,"uploading_duration":606,"executable":"ellipsoids-openmp","args":["1.dat","15.log","15.xoutput"],"id":56,"resource":"1536","request_start":1576624044796,"request_end":1576624055033,"request_duration":10237,"type":"1536"}
{"start":1576624050146,"end":1576624055004,"duration":4858,"downloading_duration":1075,"execution_duration":3192,"uploading_duration":591,"executable":"ellipsoids-openmp","args":["2.dat","23.log","23.xoutput"],"id":99,"resource":"1536","request_start":1576624044743,"request_end":1576624055041,"request_duration":10298,"type":"1536"}
{"start":1576624050326,"end":1576624055018,"duration":4692,"downloading_duration":1092,"execution_duration":2910,"uploading_duration":690,"executable":"ellipsoids-openmp","args":["1.dat","18.log","18.xoutput"],"id":59,"resource":"1536","request_start":1576624044797,"request_end":1576624055044,"request_duration":10247,"type":"1536"}
{"start":1576624050144,"end":1576624055069,"duration":4925,"downloading_duration":1163,"execution_duration":3167,"uploading_duration":595,"executable":"ellipsoids-openmp","args":["2.dat","20.log","20.xoutput"],"id":96,"resource":"1536","request_start":1576624044742,"request_end":1576624055135,"request_duration":10393,"type":"1536"}
{"start":1576624050140,"end":1576624055089,"duration":4949,"downloading_duration":1162,"execution_duration":3209,"uploading_duration":578,"executable":"ellipsoids-openmp","args":["2.dat","244.log","244.xoutput"],"id":140,"resource":"1536","request_start":1576624044741,"request_end":1576624055140,"request_duration":10399,"type":"1536"}
{"start":1576624050437,"end":1576624055254,"duration":4817,"downloading_duration":1151,"execution_duration":3040,"uploading_duration":626,"executable":"ellipsoids-openmp","args":["1.dat","19.log","19.xoutput"],"id":60,"resource":"1536","request_start":1576624044798,"request_end":1576624055275,"request_duration":10477,"type":"1536"}
{"start":1576624053204,"end":1576624057150,"duration":3946,"downloading_duration":1033,"execution_duration":2313,"uploading_duration":600,"executable":"ellipsoids-openmp","args":["1.dat","110.log","110.xoutput"],"id":61,"resource":"1536","request_start":1576624044798,"request_end":1576624057174,"request_duration":12376,"type":"1536"}
{"start":1576624054118,"end":1576624058112,"duration":3994,"downloading_duration":990,"execution_duration":2413,"uploading_duration":591,"executable":"ellipsoids-openmp","args":["1.dat","114.log","114.xoutput"],"id":65,"resource":"1536","request_start":1576624044801,"request_end":1576624058135,"request_duration":13334,"type":"1536"}
{"start":1576624054035,"end":1576624058489,"duration":4454,"downloading_duration":1084,"execution_duration":2763,"uploading_duration":607,"executable":"ellipsoids-openmp","args":["1.dat","112.log","112.xoutput"],"id":63,"resource":"1536","request_start":1576624044799,"request_end":1576624058509,"request_duration":13710,"type":"1536"}
{"start":1576624053942,"end":1576624058516,"duration":4574,"downloading_duration":1184,"execution_duration":2783,"uploading_duration":607,"executable":"ellipsoids-openmp","args":["1.dat","111.log","111.xoutput"],"id":62,"resource":"1536","request_start":1576624044799,"request_end":1576624058536,"request_duration":13737,"type":"1536"}
{"start":1576624054097,"end":1576624058552,"duration":4455,"downloading_duration":1023,"execution_duration":2841,"uploading_duration":591,"executable":"ellipsoids-openmp","args":["1.dat","113.log","113.xoutput"],"id":64,"resource":"1536","request_start":1576624044800,"request_end":1576624058574,"request_duration":13774,"type":"1536"}
{"start":1576624054230,"end":1576624058694,"duration":4464,"downloading_duration":1075,"execution_duration":2814,"uploading_duration":575,"executable":"ellipsoids-openmp","args":["1.dat","115.log","115.xoutput"],"id":66,"resource":"1536","request_start":1576624044801,"request_end":1576624058715,"request_duration":13914,"type":"1536"}
{"start":1576624054371,"end":1576624058732,"duration":4361,"downloading_duration":1009,"execution_duration":2775,"uploading_duration":577,"executable":"ellipsoids-openmp","args":["1.dat","119.log","119.xoutput"],"id":70,"resource":"1536","request_start":1576624044803,"request_end":1576624058757,"request_duration":13954,"type":"1536"}
{"start":1576624054261,"end":1576624058829,"duration":4568,"downloading_duration":1083,"execution_duration":2804,"uploading_duration":681,"executable":"ellipsoids-openmp","args":["1.dat","116.log","116.xoutput"],"id":67,"resource":"1536","request_start":1576624044802,"request_end":1576624058939,"request_duration":14137,"type":"1536"}
{"start":1576624054460,"end":1576624058888,"duration":4428,"downloading_duration":1021,"execution_duration":2814,"uploading_duration":593,"executable":"ellipsoids-openmp","args":["1.dat","122.log","122.xoutput"],"id":73,"resource":"1536","request_start":1576624044805,"request_end":1576624058945,"request_duration":14140,"type":"1536"}
{"start":1576624054346,"end":1576624058920,"duration":4574,"downloading_duration":1180,"execution_duration":2790,"uploading_duration":604,"executable":"ellipsoids-openmp","args":["1.dat","118.log","118.xoutput"],"id":69,"resource":"1536","request_start":1576624044803,"request_end":1576624059007,"request_duration":14204,"type":"1536"}
{"start":1576624054509,"end":1576624058946,"duration":4437,"downloading_duration":1054,"execution_duration":2786,"uploading_duration":597,"executable":"ellipsoids-openmp","args":["1.dat","124.log","124.xoutput"],"id":75,"resource":"1536","request_start":1576624044806,"request_end":1576624059013,"request_duration":14207,"type":"1536"}
{"start":1576624054580,"end":1576624058992,"duration":4412,"downloading_duration":1084,"execution_duration":2765,"uploading_duration":563,"executable":"ellipsoids-openmp","args":["1.dat","130.log","130.xoutput"],"id":81,"resource":"1536","request_start":1576624044809,"request_end":1576624059020,"request_duration":14211,"type":"1536"}
{"start":1576624054376,"end":1576624059019,"duration":4643,"downloading_duration":1103,"execution_duration":2863,"uploading_duration":677,"executable":"ellipsoids-openmp","args":["1.dat","120.log","120.xoutput"],"id":71,"resource":"1536","request_start":1576624044804,"request_end":1576624059040,"request_duration":14236,"type":"1536"}
{"start":1576624054338,"end":1576624059030,"duration":4692,"downloading_duration":1097,"execution_duration":2922,"uploading_duration":673,"executable":"ellipsoids-openmp","args":["1.dat","117.log","117.xoutput"],"id":68,"resource":"1536","request_start":1576624044802,"request_end":1576624059055,"request_duration":14253,"type":"1536"}
{"start":1576624054524,"end":1576624059043,"duration":4519,"downloading_duration":1081,"execution_duration":2828,"uploading_duration":610,"executable":"ellipsoids-openmp","args":["1.dat","125.log","125.xoutput"],"id":76,"resource":"1536","request_start":1576624044806,"request_end":1576624059066,"request_duration":14260,"type":"1536"}
{"start":1576624054530,"end":1576624059054,"duration":4524,"downloading_duration":1140,"execution_duration":2783,"uploading_duration":601,"executable":"ellipsoids-openmp","args":["1.dat","127.log","127.xoutput"],"id":78,"resource":"1536","request_start":1576624044807,"request_end":1576624059075,"request_duration":14268,"type":"1536"}
{"start":1576624054587,"end":1576624059062,"duration":4475,"downloading_duration":1028,"execution_duration":2857,"uploading_duration":590,"executable":"ellipsoids-openmp","args":["1.dat","131.log","131.xoutput"],"id":82,"resource":"1536","request_start":1576624044809,"request_end":1576624059089,"request_duration":14280,"type":"1536"}
{"start":1576624054507,"end":1576624059075,"duration":4568,"downloading_duration":1089,"execution_duration":2782,"uploading_duration":697,"executable":"ellipsoids-openmp","args":["1.dat","123.log","123.xoutput"],"id":74,"resource":"1536","request_start":1576624044805,"request_end":1576624059097,"request_duration":14292,"type":"1536"}
{"start":1576624054539,"end":1576624059090,"duration":4551,"downloading_duration":1198,"execution_duration":2755,"uploading_duration":598,"executable":"ellipsoids-openmp","args":["1.dat","128.log","128.xoutput"],"id":79,"resource":"1536","request_start":1576624044808,"request_end":1576624059114,"request_duration":14306,"type":"1536"}
{"start":1576624054527,"end":1576624059119,"duration":4592,"downloading_duration":1182,"execution_duration":2723,"uploading_duration":687,"executable":"ellipsoids-openmp","args":["1.dat","126.log","126.xoutput"],"id":77,"resource":"1536","request_start":1576624044807,"request_end":1576624059144,"request_duration":14337,"type":"1536"}
{"start":1576624054782,"end":1576624059216,"duration":4434,"downloading_duration":996,"execution_duration":2854,"uploading_duration":584,"executable":"ellipsoids-openmp","args":["1.dat","138.log","138.xoutput"],"id":89,"resource":"1536","request_start":1576624044813,"request_end":1576624059236,"request_duration":14423,"type":"1536"}
{"start":1576624054876,"end":1576624059246,"duration":4370,"downloading_duration":1023,"execution_duration":2780,"uploading_duration":567,"executable":"ellipsoids-openmp","args":["1.dat","144.log","144.xoutput"],"id":95,"resource":"1536","request_start":1576624044816,"request_end":1576624059269,"request_duration":14453,"type":"1536"}
{"start":1576624054450,"end":1576624059256,"duration":4806,"downloading_duration":1094,"execution_duration":2767,"uploading_duration":945,"executable":"ellipsoids-openmp","args":["1.dat","121.log","121.xoutput"],"id":72,"resource":"1536","request_start":1576624044804,"request_end":1576624059278,"request_duration":14474,"type":"1536"}
{"start":1576624054711,"end":1576624059265,"duration":4554,"downloading_duration":1062,"execution_duration":2892,"uploading_duration":600,"executable":"ellipsoids-openmp","args":["1.dat","133.log","133.xoutput"],"id":84,"resource":"1536","request_start":1576624044810,"request_end":1576624059287,"request_duration":14477,"type":"1536"}
{"start":1576624054735,"end":1576624059271,"duration":4536,"downloading_duration":1062,"execution_duration":2852,"uploading_duration":622,"executable":"ellipsoids-openmp","args":["1.dat","134.log","134.xoutput"],"id":85,"resource":"1536","request_start":1576624044811,"request_end":1576624059294,"request_duration":14483,"type":"1536"}
{"start":1576624054570,"end":1576624059286,"duration":4716,"downloading_duration":1291,"execution_duration":2865,"uploading_duration":560,"executable":"ellipsoids-openmp","args":["1.dat","129.log","129.xoutput"],"id":80,"resource":"1536","request_start":1576624044808,"request_end":1576624059311,"request_duration":14503,"type":"1536"}
{"start":1576624054829,"end":1576624059292,"duration":4463,"downloading_duration":1042,"execution_duration":2862,"uploading_duration":559,"executable":"ellipsoids-openmp","args":["1.dat","140.log","140.xoutput"],"id":91,"resource":"1536","request_start":1576624044814,"request_end":1576624059315,"request_duration":14501,"type":"1536"}
{"start":1576624054866,"end":1576624059297,"duration":4431,"downloading_duration":1008,"execution_duration":2798,"uploading_duration":625,"executable":"ellipsoids-openmp","args":["1.dat","142.log","142.xoutput"],"id":93,"resource":"1536","request_start":1576624044815,"request_end":1576624059322,"request_duration":14507,"type":"1536"}
{"start":1576624054667,"end":1576624059306,"duration":4639,"downloading_duration":1145,"execution_duration":2886,"uploading_duration":608,"executable":"ellipsoids-openmp","args":["1.dat","132.log","132.xoutput"],"id":83,"resource":"1536","request_start":1576624044810,"request_end":1576624059330,"request_duration":14520,"type":"1536"}
{"start":1576624054775,"end":1576624059321,"duration":4546,"downloading_duration":1039,"execution_duration":2884,"uploading_duration":623,"executable":"ellipsoids-openmp","args":["1.dat","137.log","137.xoutput"],"id":88,"resource":"1536","request_start":1576624044812,"request_end":1576624059341,"request_duration":14529,"type":"1536"}
{"start":1576624054869,"end":1576624059347,"duration":4478,"downloading_duration":1085,"execution_duration":2802,"uploading_duration":591,"executable":"ellipsoids-openmp","args":["1.dat","143.log","143.xoutput"],"id":94,"resource":"1536","request_start":1576624044816,"request_end":1576624059369,"request_duration":14553,"type":"1536"}
{"start":1576624054769,"end":1576624059373,"duration":4604,"downloading_duration":1112,"execution_duration":2896,"uploading_duration":596,"executable":"ellipsoids-openmp","args":["1.dat","136.log","136.xoutput"],"id":87,"resource":"1536","request_start":1576624044812,"request_end":1576624059394,"request_duration":14582,"type":"1536"}
{"start":1576624054797,"end":1576624059388,"duration":4591,"downloading_duration":1071,"execution_duration":2921,"uploading_duration":599,"executable":"ellipsoids-openmp","args":["1.dat","139.log","139.xoutput"],"id":90,"resource":"1536","request_start":1576624044813,"request_end":1576624059409,"request_duration":14596,"type":"1536"}
{"start":1576624054738,"end":1576624059398,"duration":4660,"downloading_duration":1131,"execution_duration":2806,"uploading_duration":723,"executable":"ellipsoids-openmp","args":["1.dat","135.log","135.xoutput"],"id":86,"resource":"1536","request_start":1576624044811,"request_end":1576624059419,"request_duration":14608,"type":"1536"}
{"start":1576624054831,"end":1576624059406,"duration":4575,"downloading_duration":1104,"execution_duration":2798,"uploading_duration":673,"executable":"ellipsoids-openmp","args":["1.dat","141.log","141.xoutput"],"id":92,"resource":"1536","request_start":1576624044815,"request_end":1576624059426,"request_duration":14611,"type":"1536"}
{"start":1576624054911,"end":1576624059454,"duration":4543,"downloading_duration":1038,"execution_duration":2887,"uploading_duration":618,"executable":"ellipsoids-openmp","args":["3.dat","33.log","33.xoutput"],"id":144,"resource":"1536","request_start":1576624044836,"request_end":1576624059475,"request_duration":14639,"type":"1536"}
{"start":1576624054884,"end":1576624059472,"duration":4588,"downloading_duration":1078,"execution_duration":2948,"uploading_duration":562,"executable":"ellipsoids-openmp","args":["3.dat","30.log","30.xoutput"],"id":141,"resource":"1536","request_start":1576624044834,"request_end":1576624059493,"request_duration":14659,"type":"1536"}
{"start":1576624054884,"end":1576624059498,"duration":4614,"downloading_duration":1077,"execution_duration":2867,"uploading_duration":670,"executable":"ellipsoids-openmp","args":["3.dat","31.log","31.xoutput"],"id":142,"resource":"1536","request_start":1576624044835,"request_end":1576624059518,"request_duration":14683,"type":"1536"}
{"start":1576624054921,"end":1576624059534,"duration":4613,"downloading_duration":1116,"execution_duration":2829,"uploading_duration":668,"executable":"ellipsoids-openmp","args":["3.dat","34.log","34.xoutput"],"id":145,"resource":"1536","request_start":1576624044837,"request_end":1576624059554,"request_duration":14717,"type":"1536"}
{"start":1576624055071,"end":1576624059614,"duration":4543,"downloading_duration":1050,"execution_duration":2894,"uploading_duration":599,"executable":"ellipsoids-openmp","args":["3.dat","310.log","310.xoutput"],"id":151,"resource":"1536","request_start":1576624044840,"request_end":1576624059636,"request_duration":14796,"type":"1536"}
{"start":1576624055070,"end":1576624059648,"duration":4578,"downloading_duration":1034,"execution_duration":2973,"uploading_duration":571,"executable":"ellipsoids-openmp","args":["3.dat","311.log","311.xoutput"],"id":152,"resource":"1536","request_start":1576624044840,"request_end":1576624059667,"request_duration":14827,"type":"1536"}
{"start":1576624054890,"end":1576624059648,"duration":4758,"downloading_duration":1118,"execution_duration":2965,"uploading_duration":675,"executable":"ellipsoids-openmp","args":["3.dat","32.log","32.xoutput"],"id":143,"resource":"1536","request_start":1576624044836,"request_end":1576624059671,"request_duration":14835,"type":"1536"}
{"start":1576624055162,"end":1576624059673,"duration":4511,"downloading_duration":1101,"execution_duration":2856,"uploading_duration":554,"executable":"ellipsoids-openmp","args":["3.dat","312.log","312.xoutput"],"id":153,"resource":"1536","request_start":1576624044841,"request_end":1576624059693,"request_duration":14852,"type":"1536"}
{"start":1576624055065,"end":1576624059715,"duration":4650,"downloading_duration":1083,"execution_duration":2948,"uploading_duration":619,"executable":"ellipsoids-openmp","args":["3.dat","36.log","36.xoutput"],"id":147,"resource":"1536","request_start":1576624044838,"request_end":1576624059737,"request_duration":14899,"type":"1536"}
{"start":1576624055065,"end":1576624059749,"duration":4684,"downloading_duration":1047,"execution_duration":3073,"uploading_duration":564,"executable":"ellipsoids-openmp","args":["3.dat","37.log","37.xoutput"],"id":148,"resource":"1536","request_start":1576624044838,"request_end":1576624059774,"request_duration":14936,"type":"1536"}
{"start":1576624055059,"end":1576624059763,"duration":4704,"downloading_duration":1153,"execution_duration":2942,"uploading_duration":609,"executable":"ellipsoids-openmp","args":["3.dat","35.log","35.xoutput"],"id":146,"resource":"1536","request_start":1576624044837,"request_end":1576624059784,"request_duration":14947,"type":"1536"}
{"start":1576624055066,"end":1576624059772,"duration":4706,"downloading_duration":1130,"execution_duration":2987,"uploading_duration":589,"executable":"ellipsoids-openmp","args":["3.dat","39.log","39.xoutput"],"id":150,"resource":"1536","request_start":1576624044839,"request_end":1576624059794,"request_duration":14955,"type":"1536"}
{"start":1576624055299,"end":1576624059910,"duration":4611,"downloading_duration":1080,"execution_duration":2943,"uploading_duration":588,"executable":"ellipsoids-openmp","args":["3.dat","314.log","314.xoutput"],"id":155,"resource":"1536","request_start":1576624044842,"request_end":1576624059933,"request_duration":15091,"type":"1536"}
{"start":1576624055181,"end":1576624060027,"duration":4846,"downloading_duration":1297,"execution_duration":2974,"uploading_duration":575,"executable":"ellipsoids-openmp","args":["3.dat","313.log","313.xoutput"],"id":154,"resource":"1536","request_start":1576624044841,"request_end":1576624060046,"request_duration":15205,"type":"1536"}
{"start":1576624055067,"end":1576624060117,"duration":5050,"downloading_duration":1584,"execution_duration":2868,"uploading_duration":598,"executable":"ellipsoids-openmp","args":["3.dat","38.log","38.xoutput"],"id":149,"resource":"1536","request_start":1576624044839,"request_end":1576624060139,"request_duration":15300,"type":"1536"}
{"start":1576624059400,"end":1576624060988,"duration":1588,"downloading_duration":1162,"execution_duration":5,"uploading_duration":421,"executable":"mean-pack-ell","args":["00.xoutput","01.xoutput","02.xoutput","03.xoutput","04.xoutput","05.xoutput","06.xoutput","07.xoutput","08.xoutput","09.xoutput","010.xoutput","011.xoutput","012.xoutput","013.xoutput","014.xoutput","015.xoutput","016.xoutput","017.xoutput","018.xoutput","019.xoutput","020.xoutput","021.xoutput","022.xoutput","023.xoutput","024.xoutput","025.xoutput","026.xoutput","027.xoutput","028.xoutput","029.xoutput","030.xoutput","031.xoutput","032.xoutput","033.xoutput","034.xoutput","035.xoutput","036.xoutput","037.xoutput","038.xoutput","039.xoutput","040.xoutput","041.xoutput","042.xoutput","043.xoutput","044.xoutput","average_0.txt"],"id":186,"resource":"1536","request_start":1576624050312,"request_end":1576624061010,"request_duration":10698,"type":"1536"}
{"start":1576624057201,"end":1576624061240,"duration":4039,"downloading_duration":1115,"execution_duration":2303,"uploading_duration":621,"executable":"ellipsoids-openmp","args":["3.dat","315.log","315.xoutput"],"id":156,"resource":"1536","request_start":1576624044842,"request_end":1576624061264,"request_duration":16422,"type":"1536"}
{"start":1576624058161,"end":1576624062168,"duration":4007,"downloading_duration":1007,"execution_duration":2409,"uploading_duration":591,"executable":"ellipsoids-openmp","args":["3.dat","316.log","316.xoutput"],"id":157,"resource":"1536","request_start":1576624044843,"request_end":1576624062194,"request_duration":17351,"type":"1536"}
{"start":1576624059534,"end":1576624062412,"duration":2878,"downloading_duration":2491,"execution_duration":3,"uploading_duration":384,"executable":"mean-pack-ell","args":["10.xoutput","11.xoutput","12.xoutput","13.xoutput","14.xoutput","15.xoutput","16.xoutput","17.xoutput","18.xoutput","19.xoutput","110.xoutput","111.xoutput","112.xoutput","113.xoutput","114.xoutput","115.xoutput","116.xoutput","117.xoutput","118.xoutput","119.xoutput","120.xoutput","121.xoutput","122.xoutput","123.xoutput","124.xoutput","125.xoutput","126.xoutput","127.xoutput","128.xoutput","129.xoutput","130.xoutput","131.xoutput","132.xoutput","133.xoutput","134.xoutput","135.xoutput","136.xoutput","137.xoutput","138.xoutput","139.xoutput","140.xoutput","141.xoutput","142.xoutput","143.xoutput","144.xoutput","average_1.txt"],"id":187,"resource":"1536","request_start":1576624059432,"request_end":1576624062434,"request_duration":3002,"type":"1536"}
{"start":1576624059427,"end":1576624062652,"duration":3225,"downloading_duration":2839,"execution_duration":3,"uploading_duration":383,"executable":"mean-pack-ell","args":["20.xoutput","21.xoutput","22.xoutput","23.xoutput","24.xoutput","25.xoutput","26.xoutput","27.xoutput","28.xoutput","29.xoutput","210.xoutput","211.xoutput","212.xoutput","213.xoutput","214.xoutput","215.xoutput","216.xoutput","217.xoutput","218.xoutput","219.xoutput","220.xoutput","221.xoutput","222.xoutput","223.xoutput","224.xoutput","225.xoutput","226.xoutput","227.xoutput","228.xoutput","229.xoutput","230.xoutput","231.xoutput","232.xoutput","233.xoutput","234.xoutput","235.xoutput","236.xoutput","237.xoutput","238.xoutput","239.xoutput","240.xoutput","241.xoutput","242.xoutput","243.xoutput","244.xoutput","average_2.txt"],"id":188,"resource":"1536","request_start":1576624055158,"request_end":1576624062674,"request_duration":7516,"type":"1536"}
{"start":1576624058567,"end":1576624063013,"duration":4446,"downloading_duration":1061,"execution_duration":2827,"uploading_duration":558,"executable":"ellipsoids-openmp","args":["3.dat","318.log","318.xoutput"],"id":159,"resource":"1536","request_start":1576624044844,"request_end":1576624063034,"request_duration":18190,"type":"1536"}
{"start":1576624058600,"end":1576624063015,"duration":4415,"downloading_duration":1063,"execution_duration":2774,"uploading_duration":578,"executable":"ellipsoids-openmp","args":["3.dat","319.log","319.xoutput"],"id":160,"resource":"1536","request_start":1576624044845,"request_end":1576624063036,"request_duration":18191,"type":"1536"}
{"start":1576624058737,"end":1576624063178,"duration":4441,"downloading_duration":1011,"execution_duration":2866,"uploading_duration":564,"executable":"ellipsoids-openmp","args":["3.dat","320.log","320.xoutput"],"id":161,"resource":"1536","request_start":1576624044846,"request_end":1576624063199,"request_duration":18353,"type":"1536"}
{"start":1576624058541,"end":1576624063258,"duration":4717,"downloading_duration":1077,"execution_duration":2909,"uploading_duration":731,"executable":"ellipsoids-openmp","args":["3.dat","317.log","317.xoutput"],"id":158,"resource":"1536","request_start":1576624044844,"request_end":1576624063278,"request_duration":18434,"type":"1536"}
{"start":1576624058780,"end":1576624063278,"duration":4498,"downloading_duration":1075,"execution_duration":2860,"uploading_duration":563,"executable":"ellipsoids-openmp","args":["3.dat","321.log","321.xoutput"],"id":162,"resource":"1536","request_start":1576624044846,"request_end":1576624063298,"request_duration":18452,"type":"1536"}
{"start":1576624059117,"end":1576624063425,"duration":4308,"downloading_duration":988,"execution_duration":2718,"uploading_duration":602,"executable":"ellipsoids-openmp","args":["3.dat","331.log","331.xoutput"],"id":172,"resource":"1536","request_start":1576624044851,"request_end":1576624063447,"request_duration":18596,"type":"1536"}
{"start":1576624059043,"end":1576624063435,"duration":4392,"downloading_duration":1018,"execution_duration":2784,"uploading_duration":590,"executable":"ellipsoids-openmp","args":["3.dat","325.log","325.xoutput"],"id":166,"resource":"1536","request_start":1576624044848,"request_end":1576624063480,"request_duration":18632,"type":"1536"}
{"start":1576624058970,"end":1576624063491,"duration":4521,"downloading_duration":1030,"execution_duration":2883,"uploading_duration":608,"executable":"ellipsoids-openmp","args":["3.dat","322.log","322.xoutput"],"id":163,"resource":"1536","request_start":1576624044847,"request_end":1576624063513,"request_duration":18666,"type":"1536"}
{"start":1576624059031,"end":1576624063503,"duration":4472,"downloading_duration":997,"execution_duration":2875,"uploading_duration":600,"executable":"ellipsoids-openmp","args":["3.dat","324.log","324.xoutput"],"id":165,"resource":"1536","request_start":1576624044847,"request_end":1576624063523,"request_duration":18676,"type":"1536"}
{"start":1576624059062,"end":1576624063505,"duration":4443,"downloading_duration":1076,"execution_duration":2773,"uploading_duration":594,"executable":"ellipsoids-openmp","args":["3.dat","327.log","327.xoutput"],"id":168,"resource":"1536","request_start":1576624044849,"request_end":1576624063526,"request_duration":18677,"type":"1536"}
{"start":1576624059140,"end":1576624063517,"duration":4377,"downloading_duration":1035,"execution_duration":2780,"uploading_duration":562,"executable":"ellipsoids-openmp","args":["3.dat","333.log","333.xoutput"],"id":174,"resource":"1536","request_start":1576624044852,"request_end":1576624063538,"request_duration":18686,"type":"1536"}
{"start":1576624059091,"end":1576624063524,"duration":4433,"downloading_duration":1072,"execution_duration":2777,"uploading_duration":584,"executable":"ellipsoids-openmp","args":["3.dat","329.log","329.xoutput"],"id":170,"resource":"1536","request_start":1576624044850,"request_end":1576624063548,"request_duration":18698,"type":"1536"}
{"start":1576624059046,"end":1576624063543,"duration":4497,"downloading_duration":1057,"execution_duration":2861,"uploading_duration":579,"executable":"ellipsoids-openmp","args":["3.dat","326.log","326.xoutput"],"id":167,"resource":"1536","request_start":1576624044848,"request_end":1576624063568,"request_duration":18720,"type":"1536"}
{"start":1576624058973,"end":1576624063612,"duration":4639,"downloading_duration":1179,"execution_duration":2871,"uploading_duration":589,"executable":"ellipsoids-openmp","args":["3.dat","323.log","323.xoutput"],"id":164,"resource":"1536","request_start":1576624044847,"request_end":1576624063634,"request_duration":18787,"type":"1536"}
{"start":1576624059082,"end":1576624063617,"duration":4535,"downloading_duration":1081,"execution_duration":2862,"uploading_duration":592,"executable":"ellipsoids-openmp","args":["3.dat","328.log","328.xoutput"],"id":169,"resource":"1536","request_start":1576624044849,"request_end":1576624063636,"request_duration":18787,"type":"1536"}
{"start":1576624059267,"end":1576624063658,"duration":4391,"downloading_duration":1051,"execution_duration":2768,"uploading_duration":572,"executable":"ellipsoids-openmp","args":["3.dat","335.log","335.xoutput"],"id":176,"resource":"1536","request_start":1576624044853,"request_end":1576624063679,"request_duration":18826,"type":"1536"}
{"start":1576624059118,"end":1576624063693,"duration":4575,"downloading_duration":1090,"execution_duration":2914,"uploading_duration":571,"executable":"ellipsoids-openmp","args":["3.dat","332.log","332.xoutput"],"id":173,"resource":"1536","request_start":1576624044851,"request_end":1576624063714,"request_duration":18863,"type":"1536"}
{"start":1576624059296,"end":1576624063728,"duration":4432,"downloading_duration":1068,"execution_duration":2796,"uploading_duration":568,"executable":"ellipsoids-openmp","args":["3.dat","336.log","336.xoutput"],"id":177,"resource":"1536","request_start":1576624044854,"request_end":1576624063750,"request_duration":18896,"type":"1536"}
{"start":1576624059315,"end":1576624063737,"duration":4422,"downloading_duration":1068,"execution_duration":2792,"uploading_duration":562,"executable":"ellipsoids-openmp","args":["3.dat","338.log","338.xoutput"],"id":179,"resource":"1536","request_start":1576624044855,"request_end":1576624063759,"request_duration":18904,"type":"1536"}
{"start":1576624059318,"end":1576624063743,"duration":4425,"downloading_duration":1003,"execution_duration":2861,"uploading_duration":561,"executable":"ellipsoids-openmp","args":["3.dat","339.log","339.xoutput"],"id":180,"resource":"1536","request_start":1576624044855,"request_end":1576624063763,"request_duration":18908,"type":"1536"}
{"start":1576624059301,"end":1576624063748,"duration":4447,"downloading_duration":994,"execution_duration":2781,"uploading_duration":672,"executable":"ellipsoids-openmp","args":["3.dat","337.log","337.xoutput"],"id":178,"resource":"1536","request_start":1576624044854,"request_end":1576624063770,"request_duration":18916,"type":"1536"}
{"start":1576624059359,"end":1576624063759,"duration":4400,"downloading_duration":1038,"execution_duration":2793,"uploading_duration":569,"executable":"ellipsoids-openmp","args":["3.dat","343.log","343.xoutput"],"id":184,"resource":"1536","request_start":1576624044858,"request_end":1576624063780,"request_duration":18922,"type":"1536"}
{"start":1576624059344,"end":1576624063761,"duration":4417,"downloading_duration":1028,"execution_duration":2768,"uploading_duration":621,"executable":"ellipsoids-openmp","args":["3.dat","341.log","341.xoutput"],"id":182,"resource":"1536","request_start":1576624044856,"request_end":1576624063782,"request_duration":18926,"type":"1536"}
{"start":1576624059337,"end":1576624063763,"duration":4426,"downloading_duration":1000,"execution_duration":2771,"uploading_duration":655,"executable":"ellipsoids-openmp","args":["3.dat","340.log","340.xoutput"],"id":181,"resource":"1536","request_start":1576624044856,"request_end":1576624063787,"request_duration":18931,"type":"1536"}
{"start":1576624059369,"end":1576624063816,"duration":4447,"downloading_duration":1071,"execution_duration":2789,"uploading_duration":587,"executable":"ellipsoids-openmp","args":["3.dat","344.log","344.xoutput"],"id":185,"resource":"1536","request_start":1576624044858,"request_end":1576624063836,"request_duration":18978,"type":"1536"}
{"start":1576624059348,"end":1576624063848,"duration":4500,"downloading_duration":993,"execution_duration":2869,"uploading_duration":638,"executable":"ellipsoids-openmp","args":["3.dat","342.log","342.xoutput"],"id":183,"resource":"1536","request_start":1576624044857,"request_end":1576624063867,"request_duration":19010,"type":"1536"}
{"start":1576624059167,"end":1576624063871,"duration":4704,"downloading_duration":1167,"execution_duration":2872,"uploading_duration":665,"executable":"ellipsoids-openmp","args":["3.dat","334.log","334.xoutput"],"id":175,"resource":"1536","request_start":1576624044853,"request_end":1576624063894,"request_duration":19041,"type":"1536"}
{"start":1576624059099,"end":1576624064114,"duration":5015,"downloading_duration":996,"execution_duration":2713,"uploading_duration":1306,"executable":"ellipsoids-openmp","args":["3.dat","330.log","330.xoutput"],"id":171,"resource":"1536","request_start":1576624044850,"request_end":1576624064134,"request_duration":19284,"type":"1536"}
{"start":1576624064252,"end":1576624065762,"duration":1510,"downloading_duration":1131,"execution_duration":3,"uploading_duration":376,"executable":"mean-pack-ell","args":["30.xoutput","31.xoutput","32.xoutput","33.xoutput","34.xoutput","35.xoutput","36.xoutput","37.xoutput","38.xoutput","39.xoutput","310.xoutput","311.xoutput","312.xoutput","313.xoutput","314.xoutput","315.xoutput","316.xoutput","317.xoutput","318.xoutput","319.xoutput","320.xoutput","321.xoutput","322.xoutput","323.xoutput","324.xoutput","325.xoutput","326.xoutput","327.xoutput","328.xoutput","329.xoutput","330.xoutput","331.xoutput","332.xoutput","333.xoutput","334.xoutput","335.xoutput","336.xoutput","337.xoutput","338.xoutput","339.xoutput","340.xoutput","341.xoutput","342.xoutput","343.xoutput","344.xoutput","average_3.txt"],"id":189,"resource":"1536","request_start":1576624064148,"request_end":1576624065784,"request_duration":1636,"type":"1536"}
{"start":1576624065907,"end":1576624066805,"duration":898,"downloading_duration":436,"execution_duration":68,"uploading_duration":394,"executable":"summary.js","args":[],"id":190,"resource":"1536","request_start":1576624065791,"request_end":1576624066823,"request_duration":1032,"type":"1536"}
