{"start":1576623784205,"end":1576623785208,"duration":1003,"downloading_duration":374,"execution_duration":228,"uploading_duration":401,"executable":"generateData.js","args":[],"id":1,"resource":"512","request_start":1576623784055,"request_end":1576623785241,"request_duration":1186,"type":"512"}
{"start":1576623785374,"end":1576623786421,"duration":1047,"downloading_duration":392,"execution_duration":239,"uploading_duration":416,"executable":"createDat.js","args":["2.dat"],"id":4,"resource":"512","request_start":1576623785265,"request_end":1576623786442,"request_duration":1177,"type":"512"}
{"start":1576623785383,"end":1576623786426,"duration":1043,"downloading_duration":420,"execution_duration":235,"uploading_duration":388,"executable":"createDat.js","args":["3.dat"],"id":5,"resource":"512","request_start":1576623785269,"request_end":1576623786460,"request_duration":1191,"type":"512"}
{"start":1576623785376,"end":1576623786499,"duration":1123,"downloading_duration":375,"execution_duration":307,"uploading_duration":441,"executable":"createDat.js","args":["0.dat"],"id":2,"resource":"512","request_start":1576623785256,"request_end":1576623786579,"request_duration":1323,"type":"512"}
{"start":1576623785386,"end":1576623786654,"duration":1268,"downloading_duration":458,"execution_duration":321,"uploading_duration":489,"executable":"createDat.js","args":["1.dat"],"id":3,"resource":"512","request_start":1576623785261,"request_end":1576623786747,"request_duration":1486,"type":"512"}
{"start":1576623786928,"end":1576623795955,"duration":9027,"downloading_duration":995,"execution_duration":7419,"uploading_duration":613,"executable":"ellipsoids-openmp","args":["2.dat","231.log","231.xoutput"],"id":127,"resource":"512","request_start":1576623786528,"request_end":1576623795978,"request_duration":9450,"type":"512"}
{"start":1576623787005,"end":1576623797239,"duration":10234,"downloading_duration":1045,"execution_duration":8542,"uploading_duration":647,"executable":"ellipsoids-openmp","args":["3.dat","30.log","30.xoutput"],"id":141,"resource":"512","request_start":1576623786588,"request_end":1576623797263,"request_duration":10675,"type":"512"}
{"start":1576623787006,"end":1576623797405,"duration":10399,"downloading_duration":1063,"execution_duration":8742,"uploading_duration":594,"executable":"ellipsoids-openmp","args":["3.dat","31.log","31.xoutput"],"id":142,"resource":"512","request_start":1576623786589,"request_end":1576623797426,"request_duration":10837,"type":"512"}
{"start":1576623787008,"end":1576623797463,"duration":10455,"downloading_duration":1137,"execution_duration":8660,"uploading_duration":658,"executable":"ellipsoids-openmp","args":["3.dat","32.log","32.xoutput"],"id":143,"resource":"512","request_start":1576623786590,"request_end":1576623797486,"request_duration":10896,"type":"512"}
{"start":1576623786973,"end":1576623797570,"duration":10597,"downloading_duration":1029,"execution_duration":9001,"uploading_duration":567,"executable":"ellipsoids-openmp","args":["2.dat","239.log","239.xoutput"],"id":135,"resource":"512","request_start":1576623786537,"request_end":1576623797593,"request_duration":11056,"type":"512"}
{"start":1576623786932,"end":1576623797634,"duration":10702,"downloading_duration":1105,"execution_duration":8997,"uploading_duration":600,"executable":"ellipsoids-openmp","args":["2.dat","232.log","232.xoutput"],"id":128,"resource":"512","request_start":1576623786529,"request_end":1576623797657,"request_duration":11128,"type":"512"}
{"start":1576623786903,"end":1576623797638,"duration":10735,"downloading_duration":1068,"execution_duration":9100,"uploading_duration":567,"executable":"ellipsoids-openmp","args":["3.dat","34.log","34.xoutput"],"id":145,"resource":"512","request_start":1576623786591,"request_end":1576623797659,"request_duration":11068,"type":"512"}
{"start":1576623786903,"end":1576623797639,"duration":10736,"downloading_duration":1123,"execution_duration":9038,"uploading_duration":575,"executable":"ellipsoids-openmp","args":["2.dat","217.log","217.xoutput"],"id":113,"resource":"512","request_start":1576623786511,"request_end":1576623797665,"request_duration":11154,"type":"512"}
{"start":1576623786927,"end":1576623797694,"duration":10767,"downloading_duration":1038,"execution_duration":9143,"uploading_duration":586,"executable":"ellipsoids-openmp","args":["2.dat","225.log","225.xoutput"],"id":121,"resource":"512","request_start":1576623786519,"request_end":1576623797717,"request_duration":11198,"type":"512"}
{"start":1576623787008,"end":1576623797706,"duration":10698,"downloading_duration":1028,"execution_duration":9083,"uploading_duration":587,"executable":"ellipsoids-openmp","args":["3.dat","33.log","33.xoutput"],"id":144,"resource":"512","request_start":1576623786590,"request_end":1576623797729,"request_duration":11139,"type":"512"}
{"start":1576623786975,"end":1576623797711,"duration":10736,"downloading_duration":1074,"execution_duration":9061,"uploading_duration":601,"executable":"ellipsoids-openmp","args":["2.dat","241.log","241.xoutput"],"id":137,"resource":"512","request_start":1576623786538,"request_end":1576623797737,"request_duration":11199,"type":"512"}
{"start":1576623786917,"end":1576623797731,"duration":10814,"downloading_duration":1116,"execution_duration":9081,"uploading_duration":617,"executable":"ellipsoids-openmp","args":["2.dat","223.log","223.xoutput"],"id":119,"resource":"512","request_start":1576623786517,"request_end":1576623797756,"request_duration":11239,"type":"512"}
{"start":1576623787014,"end":1576623797742,"duration":10728,"downloading_duration":1085,"execution_duration":9021,"uploading_duration":622,"executable":"ellipsoids-openmp","args":["2.dat","20.log","20.xoutput"],"id":96,"resource":"512","request_start":1576623786542,"request_end":1576623797765,"request_duration":11223,"type":"512"}
{"start":1576623786997,"end":1576623797748,"duration":10751,"downloading_duration":1043,"execution_duration":8960,"uploading_duration":748,"executable":"ellipsoids-openmp","args":["2.dat","244.log","244.xoutput"],"id":140,"resource":"512","request_start":1576623786541,"request_end":1576623797772,"request_duration":11231,"type":"512"}
{"start":1576623786905,"end":1576623797747,"duration":10842,"downloading_duration":1049,"execution_duration":9080,"uploading_duration":713,"executable":"ellipsoids-openmp","args":["2.dat","219.log","219.xoutput"],"id":115,"resource":"512","request_start":1576623786513,"request_end":1576623797775,"request_duration":11262,"type":"512"}
{"start":1576623786926,"end":1576623797753,"duration":10827,"downloading_duration":1026,"execution_duration":9180,"uploading_duration":621,"executable":"ellipsoids-openmp","args":["2.dat","228.log","228.xoutput"],"id":124,"resource":"512","request_start":1576623786524,"request_end":1576623797783,"request_duration":11259,"type":"512"}
{"start":1576623787004,"end":1576623797764,"duration":10760,"downloading_duration":1094,"execution_duration":9060,"uploading_duration":606,"executable":"ellipsoids-openmp","args":["2.dat","21.log","21.xoutput"],"id":97,"resource":"512","request_start":1576623786543,"request_end":1576623797786,"request_duration":11243,"type":"512"}
{"start":1576623786916,"end":1576623797769,"duration":10853,"downloading_duration":1099,"execution_duration":9160,"uploading_duration":594,"executable":"ellipsoids-openmp","args":["2.dat","227.log","227.xoutput"],"id":123,"resource":"512","request_start":1576623786521,"request_end":1576623797791,"request_duration":11270,"type":"512"}
{"start":1576623786809,"end":1576623797774,"duration":10965,"downloading_duration":1048,"execution_duration":9282,"uploading_duration":635,"executable":"ellipsoids-openmp","args":["2.dat","26.log","26.xoutput"],"id":102,"resource":"512","request_start":1576623786497,"request_end":1576623797798,"request_duration":11301,"type":"512"}
{"start":1576623786840,"end":1576623797802,"duration":10962,"downloading_duration":1048,"execution_duration":9261,"uploading_duration":653,"executable":"ellipsoids-openmp","args":["2.dat","215.log","215.xoutput"],"id":111,"resource":"512","request_start":1576623786509,"request_end":1576623797827,"request_duration":11318,"type":"512"}
{"start":1576623786912,"end":1576623797818,"duration":10906,"downloading_duration":1091,"execution_duration":9218,"uploading_duration":597,"executable":"ellipsoids-openmp","args":["2.dat","221.log","221.xoutput"],"id":117,"resource":"512","request_start":1576623786515,"request_end":1576623797841,"request_duration":11326,"type":"512"}
{"start":1576623787006,"end":1576623797824,"duration":10818,"downloading_duration":1103,"execution_duration":9077,"uploading_duration":638,"executable":"ellipsoids-openmp","args":["2.dat","23.log","23.xoutput"],"id":99,"resource":"512","request_start":1576623786545,"request_end":1576623797851,"request_duration":11306,"type":"512"}
{"start":1576623787000,"end":1576623797831,"duration":10831,"downloading_duration":1114,"execution_duration":9099,"uploading_duration":618,"executable":"ellipsoids-openmp","args":["2.dat","243.log","243.xoutput"],"id":139,"resource":"512","request_start":1576623786540,"request_end":1576623797855,"request_duration":11315,"type":"512"}
{"start":1576623786904,"end":1576623797840,"duration":10936,"downloading_duration":1037,"execution_duration":9300,"uploading_duration":599,"executable":"ellipsoids-openmp","args":["2.dat","220.log","220.xoutput"],"id":116,"resource":"512","request_start":1576623786514,"request_end":1576623797879,"request_duration":11365,"type":"512"}
{"start":1576623786975,"end":1576623797852,"duration":10877,"downloading_duration":1023,"execution_duration":9263,"uploading_duration":591,"executable":"ellipsoids-openmp","args":["2.dat","242.log","242.xoutput"],"id":138,"resource":"512","request_start":1576623786539,"request_end":1576623797884,"request_duration":11345,"type":"512"}
{"start":1576623786913,"end":1576623797871,"duration":10958,"downloading_duration":1086,"execution_duration":9222,"uploading_duration":650,"executable":"ellipsoids-openmp","args":["2.dat","222.log","222.xoutput"],"id":118,"resource":"512","request_start":1576623786516,"request_end":1576623797906,"request_duration":11390,"type":"512"}
{"start":1576623786978,"end":1576623797873,"duration":10895,"downloading_duration":1039,"execution_duration":9258,"uploading_duration":598,"executable":"ellipsoids-openmp","args":["2.dat","240.log","240.xoutput"],"id":136,"resource":"512","request_start":1576623786538,"request_end":1576623797909,"request_duration":11371,"type":"512"}
{"start":1576623786935,"end":1576623797879,"duration":10944,"downloading_duration":1117,"execution_duration":9222,"uploading_duration":605,"executable":"ellipsoids-openmp","args":["2.dat","238.log","238.xoutput"],"id":134,"resource":"512","request_start":1576623786535,"request_end":1576623797912,"request_duration":11377,"type":"512"}
{"start":1576623786905,"end":1576623797880,"duration":10975,"downloading_duration":1002,"execution_duration":9277,"uploading_duration":696,"executable":"ellipsoids-openmp","args":["2.dat","214.log","214.xoutput"],"id":110,"resource":"512","request_start":1576623786508,"request_end":1576623797915,"request_duration":11407,"type":"512"}
{"start":1576623786835,"end":1576623797902,"duration":11067,"downloading_duration":1084,"execution_duration":9379,"uploading_duration":604,"executable":"ellipsoids-openmp","args":["2.dat","24.log","24.xoutput"],"id":100,"resource":"512","request_start":1576623786494,"request_end":1576623797928,"request_duration":11434,"type":"512"}
{"start":1576623786905,"end":1576623797904,"duration":10999,"downloading_duration":1003,"execution_duration":9382,"uploading_duration":614,"executable":"ellipsoids-openmp","args":["2.dat","216.log","216.xoutput"],"id":112,"resource":"512","request_start":1576623786510,"request_end":1576623797930,"request_duration":11420,"type":"512"}
{"start":1576623786941,"end":1576623797912,"duration":10971,"downloading_duration":1086,"execution_duration":9261,"uploading_duration":624,"executable":"ellipsoids-openmp","args":["2.dat","236.log","236.xoutput"],"id":132,"resource":"512","request_start":1576623786533,"request_end":1576623797936,"request_duration":11403,"type":"512"}
{"start":1576623786914,"end":1576623797926,"duration":11012,"downloading_duration":1002,"execution_duration":9380,"uploading_duration":630,"executable":"ellipsoids-openmp","args":["2.dat","226.log","226.xoutput"],"id":122,"resource":"512","request_start":1576623786520,"request_end":1576623797950,"request_duration":11430,"type":"512"}
{"start":1576623786930,"end":1576623797927,"duration":10997,"downloading_duration":1118,"execution_duration":9139,"uploading_duration":740,"executable":"ellipsoids-openmp","args":["2.dat","233.log","233.xoutput"],"id":129,"resource":"512","request_start":1576623786530,"request_end":1576623797952,"request_duration":11422,"type":"512"}
{"start":1576623786919,"end":1576623797951,"duration":11032,"downloading_duration":1011,"execution_duration":9424,"uploading_duration":597,"executable":"ellipsoids-openmp","args":["2.dat","230.log","230.xoutput"],"id":126,"resource":"512","request_start":1576623786527,"request_end":1576623797973,"request_duration":11446,"type":"512"}
{"start":1576623787007,"end":1576623797975,"duration":10968,"downloading_duration":1062,"execution_duration":9181,"uploading_duration":725,"executable":"ellipsoids-openmp","args":["2.dat","22.log","22.xoutput"],"id":98,"resource":"512","request_start":1576623786544,"request_end":1576623797999,"request_duration":11455,"type":"512"}
{"start":1576623786849,"end":1576623798008,"duration":11159,"downloading_duration":1055,"execution_duration":9461,"uploading_duration":643,"executable":"ellipsoids-openmp","args":["2.dat","210.log","210.xoutput"],"id":106,"resource":"512","request_start":1576623786503,"request_end":1576623798031,"request_duration":11528,"type":"512"}
{"start":1576623786908,"end":1576623798026,"duration":11118,"downloading_duration":1034,"execution_duration":9501,"uploading_duration":583,"executable":"ellipsoids-openmp","args":["2.dat","224.log","224.xoutput"],"id":120,"resource":"512","request_start":1576623786518,"request_end":1576623798049,"request_duration":11531,"type":"512"}
{"start":1576623786906,"end":1576623798031,"duration":11125,"downloading_duration":1025,"execution_duration":9502,"uploading_duration":598,"executable":"ellipsoids-openmp","args":["2.dat","218.log","218.xoutput"],"id":114,"resource":"512","request_start":1576623786512,"request_end":1576623798052,"request_duration":11540,"type":"512"}
{"start":1576623786928,"end":1576623798035,"duration":11107,"downloading_duration":1041,"execution_duration":9420,"uploading_duration":646,"executable":"ellipsoids-openmp","args":["2.dat","235.log","235.xoutput"],"id":131,"resource":"512","request_start":1576623786532,"request_end":1576623798059,"request_duration":11527,"type":"512"}
{"start":1576623786842,"end":1576623798061,"duration":11219,"downloading_duration":994,"execution_duration":9461,"uploading_duration":764,"executable":"ellipsoids-openmp","args":["2.dat","211.log","211.xoutput"],"id":107,"resource":"512","request_start":1576623786504,"request_end":1576623798081,"request_duration":11577,"type":"512"}
{"start":1576623786806,"end":1576623798058,"duration":11252,"downloading_duration":1030,"execution_duration":9640,"uploading_duration":582,"executable":"ellipsoids-openmp","args":["2.dat","27.log","27.xoutput"],"id":103,"resource":"512","request_start":1576623786499,"request_end":1576623798084,"request_duration":11585,"type":"512"}
{"start":1576623786812,"end":1576623798074,"duration":11262,"downloading_duration":1011,"execution_duration":9600,"uploading_duration":651,"executable":"ellipsoids-openmp","args":["2.dat","25.log","25.xoutput"],"id":101,"resource":"512","request_start":1576623786496,"request_end":1576623798099,"request_duration":11603,"type":"512"}
{"start":1576623786901,"end":1576623798090,"duration":11189,"downloading_duration":1090,"execution_duration":9517,"uploading_duration":582,"executable":"ellipsoids-openmp","args":["2.dat","212.log","212.xoutput"],"id":108,"resource":"512","request_start":1576623786506,"request_end":1576623798111,"request_duration":11605,"type":"512"}
{"start":1576623786896,"end":1576623798093,"duration":11197,"downloading_duration":1009,"execution_duration":9582,"uploading_duration":606,"executable":"ellipsoids-openmp","args":["2.dat","29.log","29.xoutput"],"id":105,"resource":"512","request_start":1576623786501,"request_end":1576623798116,"request_duration":11615,"type":"512"}
{"start":1576623786932,"end":1576623798112,"duration":11180,"downloading_duration":1131,"execution_duration":9438,"uploading_duration":611,"executable":"ellipsoids-openmp","args":["2.dat","234.log","234.xoutput"],"id":130,"resource":"512","request_start":1576623786531,"request_end":1576623798134,"request_duration":11603,"type":"512"}
{"start":1576623786943,"end":1576623798158,"duration":11215,"downloading_duration":1046,"execution_duration":9562,"uploading_duration":607,"executable":"ellipsoids-openmp","args":["2.dat","237.log","237.xoutput"],"id":133,"resource":"512","request_start":1576623786534,"request_end":1576623798181,"request_duration":11647,"type":"512"}
{"start":1576623786807,"end":1576623798207,"duration":11400,"downloading_duration":1035,"execution_duration":9600,"uploading_duration":765,"executable":"ellipsoids-openmp","args":["2.dat","28.log","28.xoutput"],"id":104,"resource":"512","request_start":1576623786500,"request_end":1576623798229,"request_duration":11729,"type":"512"}
{"start":1576623786927,"end":1576623798308,"duration":11381,"downloading_duration":1038,"execution_duration":9539,"uploading_duration":804,"executable":"ellipsoids-openmp","args":["2.dat","229.log","229.xoutput"],"id":125,"resource":"512","request_start":1576623786525,"request_end":1576623798331,"request_duration":11806,"type":"512"}
{"start":1576623786901,"end":1576623799031,"duration":12130,"downloading_duration":1052,"execution_duration":9562,"uploading_duration":1516,"executable":"ellipsoids-openmp","args":["2.dat","213.log","213.xoutput"],"id":109,"resource":"512","request_start":1576623786507,"request_end":1576623799056,"request_duration":12549,"type":"512"}
{"start":1576623796001,"end":1576623804941,"duration":8940,"downloading_duration":1131,"execution_duration":7247,"uploading_duration":562,"executable":"ellipsoids-openmp","args":["3.dat","35.log","35.xoutput"],"id":146,"resource":"512","request_start":1576623786592,"request_end":1576623804966,"request_duration":18374,"type":"512"}
{"start":1576623797287,"end":1576623807757,"duration":10470,"downloading_duration":1065,"execution_duration":8638,"uploading_duration":767,"executable":"ellipsoids-openmp","args":["3.dat","36.log","36.xoutput"],"id":147,"resource":"512","request_start":1576623786592,"request_end":1576623807779,"request_duration":21187,"type":"512"}
{"start":1576623797681,"end":1576623807861,"duration":10180,"downloading_duration":1042,"execution_duration":8562,"uploading_duration":576,"executable":"ellipsoids-openmp","args":["3.dat","310.log","310.xoutput"],"id":151,"resource":"512","request_start":1576623786594,"request_end":1576623807887,"request_duration":21293,"type":"512"}
{"start":1576623797616,"end":1576623807872,"duration":10256,"downloading_duration":1026,"execution_duration":8642,"uploading_duration":588,"executable":"ellipsoids-openmp","args":["3.dat","39.log","39.xoutput"],"id":150,"resource":"512","request_start":1576623786594,"request_end":1576623807894,"request_duration":21300,"type":"512"}
{"start":1576623797903,"end":1576623807903,"duration":10000,"downloading_duration":1041,"execution_duration":8380,"uploading_duration":579,"executable":"ellipsoids-openmp","args":["3.dat","328.log","328.xoutput"],"id":169,"resource":"512","request_start":1576623786605,"request_end":1576623807927,"request_duration":21322,"type":"512"}
{"start":1576623797452,"end":1576623807907,"duration":10455,"downloading_duration":997,"execution_duration":8840,"uploading_duration":618,"executable":"ellipsoids-openmp","args":["3.dat","37.log","37.xoutput"],"id":148,"resource":"512","request_start":1576623786593,"request_end":1576623807929,"request_duration":21336,"type":"512"}
{"start":1576623797806,"end":1576623807910,"duration":10104,"downloading_duration":1033,"execution_duration":8460,"uploading_duration":611,"executable":"ellipsoids-openmp","args":["3.dat","320.log","320.xoutput"],"id":161,"resource":"512","request_start":1576623786600,"request_end":1576623807933,"request_duration":21333,"type":"512"}
{"start":1576623797522,"end":1576623807939,"duration":10417,"downloading_duration":1043,"execution_duration":8783,"uploading_duration":591,"executable":"ellipsoids-openmp","args":["3.dat","38.log","38.xoutput"],"id":149,"resource":"512","request_start":1576623786593,"request_end":1576623807961,"request_duration":21368,"type":"512"}
{"start":1576623797800,"end":1576623807978,"duration":10178,"downloading_duration":1036,"execution_duration":8557,"uploading_duration":585,"executable":"ellipsoids-openmp","args":["3.dat","319.log","319.xoutput"],"id":160,"resource":"512","request_start":1576623786600,"request_end":1576623808001,"request_duration":21401,"type":"512"}
{"start":1576623797851,"end":1576623808067,"duration":10216,"downloading_duration":1049,"execution_duration":8580,"uploading_duration":587,"executable":"ellipsoids-openmp","args":["3.dat","324.log","324.xoutput"],"id":165,"resource":"512","request_start":1576623786602,"request_end":1576623808089,"request_duration":21487,"type":"512"}
{"start":1576623797757,"end":1576623808071,"duration":10314,"downloading_duration":1018,"execution_duration":8699,"uploading_duration":597,"executable":"ellipsoids-openmp","args":["3.dat","315.log","315.xoutput"],"id":156,"resource":"512","request_start":1576623786597,"request_end":1576623808092,"request_duration":21495,"type":"512"}
{"start":1576623797811,"end":1576623808078,"duration":10267,"downloading_duration":1017,"execution_duration":8642,"uploading_duration":608,"executable":"ellipsoids-openmp","args":["3.dat","322.log","322.xoutput"],"id":163,"resource":"512","request_start":1576623786601,"request_end":1576623808099,"request_duration":21498,"type":"512"}
{"start":1576623797869,"end":1576623808081,"duration":10212,"downloading_duration":1030,"execution_duration":8580,"uploading_duration":602,"executable":"ellipsoids-openmp","args":["3.dat","325.log","325.xoutput"],"id":166,"resource":"512","request_start":1576623786603,"request_end":1576623808105,"request_duration":21502,"type":"512"}
{"start":1576623797782,"end":1576623808081,"duration":10299,"downloading_duration":1016,"execution_duration":8700,"uploading_duration":583,"executable":"ellipsoids-openmp","args":["3.dat","316.log","316.xoutput"],"id":157,"resource":"512","request_start":1576623786598,"request_end":1576623808108,"request_duration":21510,"type":"512"}
{"start":1576623797813,"end":1576623808101,"duration":10288,"downloading_duration":1099,"execution_duration":8598,"uploading_duration":591,"executable":"ellipsoids-openmp","args":["3.dat","321.log","321.xoutput"],"id":162,"resource":"512","request_start":1576623786601,"request_end":1576623808128,"request_duration":21527,"type":"512"}
{"start":1576623797755,"end":1576623808114,"duration":10359,"downloading_duration":1086,"execution_duration":8640,"uploading_duration":633,"executable":"ellipsoids-openmp","args":["3.dat","314.log","314.xoutput"],"id":155,"resource":"512","request_start":1576623786597,"request_end":1576623808137,"request_duration":21540,"type":"512"}
{"start":1576623797793,"end":1576623808125,"duration":10332,"downloading_duration":1062,"execution_duration":8700,"uploading_duration":570,"executable":"ellipsoids-openmp","args":["3.dat","317.log","317.xoutput"],"id":158,"resource":"512","request_start":1576623786599,"request_end":1576623808147,"request_duration":21548,"type":"512"}
{"start":1576623797740,"end":1576623808132,"duration":10392,"downloading_duration":1093,"execution_duration":8678,"uploading_duration":621,"executable":"ellipsoids-openmp","args":["3.dat","313.log","313.xoutput"],"id":154,"resource":"512","request_start":1576623786596,"request_end":1576623808306,"request_duration":21710,"type":"512"}
{"start":1576623797954,"end":1576623808141,"duration":10187,"downloading_duration":1001,"execution_duration":8563,"uploading_duration":623,"executable":"ellipsoids-openmp","args":["3.dat","334.log","334.xoutput"],"id":175,"resource":"512","request_start":1576623786608,"request_end":1576623808309,"request_duration":21701,"type":"512"}
{"start":1576623797877,"end":1576623808180,"duration":10303,"downloading_duration":1042,"execution_duration":8623,"uploading_duration":638,"executable":"ellipsoids-openmp","args":["3.dat","326.log","326.xoutput"],"id":167,"resource":"512","request_start":1576623786604,"request_end":1576623808313,"request_duration":21709,"type":"512"}
{"start":1576623797884,"end":1576623808211,"duration":10327,"downloading_duration":1070,"execution_duration":8659,"uploading_duration":598,"executable":"ellipsoids-openmp","args":["3.dat","327.log","327.xoutput"],"id":168,"resource":"512","request_start":1576623786604,"request_end":1576623808317,"request_duration":21713,"type":"512"}
{"start":1576623797689,"end":1576623808218,"duration":10529,"downloading_duration":1024,"execution_duration":8858,"uploading_duration":647,"executable":"ellipsoids-openmp","args":["3.dat","311.log","311.xoutput"],"id":152,"resource":"512","request_start":1576623786595,"request_end":1576623808320,"request_duration":21725,"type":"512"}
{"start":1576623797704,"end":1576623808220,"duration":10516,"downloading_duration":1030,"execution_duration":8862,"uploading_duration":624,"executable":"ellipsoids-openmp","args":["3.dat","312.log","312.xoutput"],"id":153,"resource":"512","request_start":1576623786596,"request_end":1576623808322,"request_duration":21726,"type":"512"}
{"start":1576623797913,"end":1576623808238,"duration":10325,"downloading_duration":992,"execution_duration":8683,"uploading_duration":650,"executable":"ellipsoids-openmp","args":["3.dat","329.log","329.xoutput"],"id":170,"resource":"512","request_start":1576623786605,"request_end":1576623808325,"request_duration":21720,"type":"512"}
{"start":1576623797979,"end":1576623808281,"duration":10302,"downloading_duration":997,"execution_duration":8662,"uploading_duration":643,"executable":"ellipsoids-openmp","args":["3.dat","338.log","338.xoutput"],"id":179,"resource":"512","request_start":1576623786611,"request_end":1576623808328,"request_duration":21717,"type":"512"}
{"start":1576623797794,"end":1576623808325,"duration":10531,"downloading_duration":1064,"execution_duration":8722,"uploading_duration":745,"executable":"ellipsoids-openmp","args":["3.dat","318.log","318.xoutput"],"id":159,"resource":"512","request_start":1576623786599,"request_end":1576623808367,"request_duration":21768,"type":"512"}
{"start":1576623797955,"end":1576623808330,"duration":10375,"downloading_duration":1024,"execution_duration":8684,"uploading_duration":667,"executable":"ellipsoids-openmp","args":["3.dat","331.log","331.xoutput"],"id":172,"resource":"512","request_start":1576623786606,"request_end":1576623808370,"request_duration":21764,"type":"512"}
{"start":1576623797949,"end":1576623808331,"duration":10382,"downloading_duration":1018,"execution_duration":8704,"uploading_duration":660,"executable":"ellipsoids-openmp","args":["3.dat","330.log","330.xoutput"],"id":171,"resource":"512","request_start":1576623786606,"request_end":1576623808372,"request_duration":21766,"type":"512"}
{"start":1576623797956,"end":1576623808331,"duration":10375,"downloading_duration":1037,"execution_duration":8699,"uploading_duration":639,"executable":"ellipsoids-openmp","args":["3.dat","332.log","332.xoutput"],"id":173,"resource":"512","request_start":1576623786607,"request_end":1576623808373,"request_duration":21766,"type":"512"}
{"start":1576623797994,"end":1576623808360,"duration":10366,"downloading_duration":1015,"execution_duration":8780,"uploading_duration":571,"executable":"ellipsoids-openmp","args":["3.dat","339.log","339.xoutput"],"id":180,"resource":"512","request_start":1576623786611,"request_end":1576623808385,"request_duration":21774,"type":"512"}
{"start":1576623797823,"end":1576623808366,"duration":10543,"downloading_duration":1057,"execution_duration":8881,"uploading_duration":605,"executable":"ellipsoids-openmp","args":["3.dat","323.log","323.xoutput"],"id":164,"resource":"512","request_start":1576623786602,"request_end":1576623808387,"request_duration":21785,"type":"512"}
{"start":1576623798055,"end":1576623808445,"duration":10390,"downloading_duration":1033,"execution_duration":8762,"uploading_duration":595,"executable":"ellipsoids-openmp","args":["3.dat","341.log","341.xoutput"],"id":182,"resource":"512","request_start":1576623786612,"request_end":1576623808467,"request_duration":21855,"type":"512"}
{"start":1576623797955,"end":1576623808701,"duration":10746,"downloading_duration":1082,"execution_duration":9038,"uploading_duration":626,"executable":"ellipsoids-openmp","args":["3.dat","333.log","333.xoutput"],"id":174,"resource":"512","request_start":1576623786607,"request_end":1576623808725,"request_duration":22118,"type":"512"}
{"start":1576623797958,"end":1576623808750,"duration":10792,"downloading_duration":1074,"execution_duration":9099,"uploading_duration":619,"executable":"ellipsoids-openmp","args":["3.dat","335.log","335.xoutput"],"id":176,"resource":"512","request_start":1576623786609,"request_end":1576623808776,"request_duration":22167,"type":"512"}
{"start":1576623798024,"end":1576623808757,"duration":10733,"downloading_duration":1021,"execution_duration":9100,"uploading_duration":612,"executable":"ellipsoids-openmp","args":["3.dat","340.log","340.xoutput"],"id":181,"resource":"512","request_start":1576623786612,"request_end":1576623808779,"request_duration":22167,"type":"512"}
{"start":1576623798080,"end":1576623808785,"duration":10705,"downloading_duration":1003,"execution_duration":9102,"uploading_duration":600,"executable":"ellipsoids-openmp","args":["3.dat","343.log","343.xoutput"],"id":184,"resource":"512","request_start":1576623786613,"request_end":1576623808807,"request_duration":22194,"type":"512"}
{"start":1576623797977,"end":1576623808799,"duration":10822,"downloading_duration":1028,"execution_duration":9184,"uploading_duration":610,"executable":"ellipsoids-openmp","args":["3.dat","337.log","337.xoutput"],"id":178,"resource":"512","request_start":1576623786610,"request_end":1576623808821,"request_duration":22211,"type":"512"}
{"start":1576623798081,"end":1576623808850,"duration":10769,"downloading_duration":1056,"execution_duration":9024,"uploading_duration":689,"executable":"ellipsoids-openmp","args":["3.dat","344.log","344.xoutput"],"id":185,"resource":"512","request_start":1576623786614,"request_end":1576623808876,"request_duration":22262,"type":"512"}
{"start":1576623798158,"end":1576623808920,"duration":10762,"downloading_duration":987,"execution_duration":9101,"uploading_duration":674,"executable":"ellipsoids-openmp","args":["0.dat","09.log","09.xoutput"],"id":15,"resource":"512","request_start":1576623786702,"request_end":1576623808946,"request_duration":22244,"type":"512"}
{"start":1576623798111,"end":1576623808946,"duration":10835,"downloading_duration":1017,"execution_duration":9240,"uploading_duration":578,"executable":"ellipsoids-openmp","args":["0.dat","05.log","05.xoutput"],"id":11,"resource":"512","request_start":1576623786700,"request_end":1576623808967,"request_duration":22267,"type":"512"}
{"start":1576623798070,"end":1576623808944,"duration":10874,"downloading_duration":1004,"execution_duration":9242,"uploading_duration":628,"executable":"ellipsoids-openmp","args":["3.dat","342.log","342.xoutput"],"id":183,"resource":"512","request_start":1576623786613,"request_end":1576623808971,"request_duration":22358,"type":"512"}
{"start":1576623798145,"end":1576623808964,"duration":10819,"downloading_duration":1017,"execution_duration":9202,"uploading_duration":600,"executable":"ellipsoids-openmp","args":["0.dat","08.log","08.xoutput"],"id":14,"resource":"512","request_start":1576623786701,"request_end":1576623808987,"request_duration":22286,"type":"512"}
{"start":1576623798108,"end":1576623809016,"duration":10908,"downloading_duration":1017,"execution_duration":9304,"uploading_duration":587,"executable":"ellipsoids-openmp","args":["0.dat","04.log","04.xoutput"],"id":10,"resource":"512","request_start":1576623786699,"request_end":1576623809038,"request_duration":22339,"type":"512"}
{"start":1576623798133,"end":1576623809024,"duration":10891,"downloading_duration":1000,"execution_duration":9260,"uploading_duration":631,"executable":"ellipsoids-openmp","args":["0.dat","07.log","07.xoutput"],"id":13,"resource":"512","request_start":1576623786701,"request_end":1576623809044,"request_duration":22343,"type":"512"}
{"start":1576623798121,"end":1576623809036,"duration":10915,"downloading_duration":1025,"execution_duration":9316,"uploading_duration":574,"executable":"ellipsoids-openmp","args":["0.dat","06.log","06.xoutput"],"id":12,"resource":"512","request_start":1576623786700,"request_end":1576623809058,"request_duration":22358,"type":"512"}
{"start":1576623797954,"end":1576623809148,"duration":11194,"downloading_duration":1091,"execution_duration":9365,"uploading_duration":738,"executable":"ellipsoids-openmp","args":["3.dat","336.log","336.xoutput"],"id":177,"resource":"512","request_start":1576623786609,"request_end":1576623809168,"request_duration":22559,"type":"512"}
{"start":1576623798256,"end":1576623809197,"duration":10941,"downloading_duration":1045,"execution_duration":9304,"uploading_duration":592,"executable":"ellipsoids-openmp","args":["0.dat","011.log","011.xoutput"],"id":17,"resource":"512","request_start":1576623786703,"request_end":1576623809217,"request_duration":22514,"type":"512"}
{"start":1576623798355,"end":1576623809435,"duration":11080,"downloading_duration":1011,"execution_duration":9498,"uploading_duration":571,"executable":"ellipsoids-openmp","args":["0.dat","012.log","012.xoutput"],"id":18,"resource":"512","request_start":1576623786703,"request_end":1576623809459,"request_duration":22756,"type":"512"}
{"start":1576623798203,"end":1576623809494,"duration":11291,"downloading_duration":1101,"execution_duration":9585,"uploading_duration":605,"executable":"ellipsoids-openmp","args":["0.dat","010.log","010.xoutput"],"id":16,"resource":"512","request_start":1576623786702,"request_end":1576623809515,"request_duration":22813,"type":"512"}
{"start":1576623799080,"end":1576623810064,"duration":10984,"downloading_duration":1035,"execution_duration":9300,"uploading_duration":649,"executable":"ellipsoids-openmp","args":["0.dat","013.log","013.xoutput"],"id":19,"resource":"512","request_start":1576623786704,"request_end":1576623810088,"request_duration":23384,"type":"512"}
{"start":1576623804991,"end":1576623813783,"duration":8792,"downloading_duration":1008,"execution_duration":7182,"uploading_duration":602,"executable":"ellipsoids-openmp","args":["0.dat","014.log","014.xoutput"],"id":20,"resource":"512","request_start":1576623786704,"request_end":1576623813807,"request_duration":27103,"type":"512"}
{"start":1576623807803,"end":1576623818434,"duration":10631,"downloading_duration":1067,"execution_duration":8942,"uploading_duration":622,"executable":"ellipsoids-openmp","args":["0.dat","015.log","015.xoutput"],"id":21,"resource":"512","request_start":1576623786705,"request_end":1576623818456,"request_duration":31751,"type":"512"}
{"start":1576623807988,"end":1576623818551,"duration":10563,"downloading_duration":1065,"execution_duration":8902,"uploading_duration":596,"executable":"ellipsoids-openmp","args":["0.dat","021.log","021.xoutput"],"id":27,"resource":"512","request_start":1576623786708,"request_end":1576623818574,"request_duration":31866,"type":"512"}
{"start":1576623807960,"end":1576623818560,"duration":10600,"downloading_duration":1111,"execution_duration":8840,"uploading_duration":649,"executable":"ellipsoids-openmp","args":["0.dat","020.log","020.xoutput"],"id":26,"resource":"512","request_start":1576623786707,"request_end":1576623818591,"request_duration":31884,"type":"512"}
{"start":1576623807920,"end":1576623818601,"duration":10681,"downloading_duration":1019,"execution_duration":9081,"uploading_duration":581,"executable":"ellipsoids-openmp","args":["0.dat","017.log","017.xoutput"],"id":23,"resource":"512","request_start":1576623786706,"request_end":1576623818624,"request_duration":31918,"type":"512"}
{"start":1576623807958,"end":1576623818608,"duration":10650,"downloading_duration":1028,"execution_duration":9041,"uploading_duration":581,"executable":"ellipsoids-openmp","args":["0.dat","018.log","018.xoutput"],"id":24,"resource":"512","request_start":1576623786706,"request_end":1576623818632,"request_duration":31926,"type":"512"}
{"start":1576623808900,"end":1576623818636,"duration":9736,"downloading_duration":1059,"execution_duration":8077,"uploading_duration":600,"executable":"ellipsoids-openmp","args":["1.dat","12.log","12.xoutput"],"id":53,"resource":"512","request_start":1576623786755,"request_end":1576623818659,"request_duration":31904,"type":"512"}
{"start":1576623808030,"end":1576623818669,"duration":10639,"downloading_duration":1073,"execution_duration":8961,"uploading_duration":605,"executable":"ellipsoids-openmp","args":["0.dat","022.log","022.xoutput"],"id":28,"resource":"512","request_start":1576623786708,"request_end":1576623818691,"request_duration":31983,"type":"512"}
{"start":1576623808167,"end":1576623818722,"duration":10555,"downloading_duration":1046,"execution_duration":8916,"uploading_duration":593,"executable":"ellipsoids-openmp","args":["0.dat","030.log","030.xoutput"],"id":36,"resource":"512","request_start":1576623786712,"request_end":1576623818746,"request_duration":32034,"type":"512"}
{"start":1576623808845,"end":1576623818745,"duration":9900,"downloading_duration":1089,"execution_duration":8158,"uploading_duration":653,"executable":"ellipsoids-openmp","args":["1.dat","11.log","11.xoutput"],"id":52,"resource":"512","request_start":1576623786754,"request_end":1576623818769,"request_duration":32015,"type":"512"}
{"start":1576623808123,"end":1576623818748,"duration":10625,"downloading_duration":1020,"execution_duration":9019,"uploading_duration":586,"executable":"ellipsoids-openmp","args":["0.dat","025.log","025.xoutput"],"id":31,"resource":"512","request_start":1576623786710,"request_end":1576623818771,"request_duration":32061,"type":"512"}
{"start":1576623808153,"end":1576623818829,"duration":10676,"downloading_duration":1124,"execution_duration":8879,"uploading_duration":673,"executable":"ellipsoids-openmp","args":["0.dat","028.log","028.xoutput"],"id":34,"resource":"512","request_start":1576623786711,"request_end":1576623818851,"request_duration":32140,"type":"512"}
{"start":1576623808391,"end":1576623818868,"duration":10477,"downloading_duration":1180,"execution_duration":8578,"uploading_duration":719,"executable":"ellipsoids-openmp","args":["0.dat","039.log","039.xoutput"],"id":45,"resource":"512","request_start":1576623786717,"request_end":1576623818891,"request_duration":32174,"type":"512"}
{"start":1576623807908,"end":1576623818878,"duration":10970,"downloading_duration":1096,"execution_duration":9260,"uploading_duration":614,"executable":"ellipsoids-openmp","args":["0.dat","016.log","016.xoutput"],"id":22,"resource":"512","request_start":1576623786705,"request_end":1576623818903,"request_duration":32198,"type":"512"}
{"start":1576623808133,"end":1576623818891,"duration":10758,"downloading_duration":1043,"execution_duration":9042,"uploading_duration":673,"executable":"ellipsoids-openmp","args":["0.dat","027.log","027.xoutput"],"id":33,"resource":"512","request_start":1576623786711,"request_end":1576623818916,"request_duration":32205,"type":"512"}
{"start":1576623808991,"end":1576623818890,"duration":9899,"downloading_duration":1003,"execution_duration":8242,"uploading_duration":654,"executable":"ellipsoids-openmp","args":["1.dat","14.log","14.xoutput"],"id":55,"resource":"512","request_start":1576623786756,"request_end":1576623818919,"request_duration":32163,"type":"512"}
{"start":1576623807964,"end":1576623818939,"duration":10975,"downloading_duration":1038,"execution_duration":9261,"uploading_duration":676,"executable":"ellipsoids-openmp","args":["0.dat","019.log","019.xoutput"],"id":25,"resource":"512","request_start":1576623786707,"request_end":1576623818961,"request_duration":32254,"type":"512"}
{"start":1576623808365,"end":1576623818947,"duration":10582,"downloading_duration":1050,"execution_duration":8879,"uploading_duration":653,"executable":"ellipsoids-openmp","args":["0.dat","037.log","037.xoutput"],"id":43,"resource":"512","request_start":1576623786716,"request_end":1576623818968,"request_duration":32252,"type":"512"}
{"start":1576623808350,"end":1576623818970,"duration":10620,"downloading_duration":1030,"execution_duration":9012,"uploading_duration":578,"executable":"ellipsoids-openmp","args":["0.dat","031.log","031.xoutput"],"id":37,"resource":"512","request_start":1576623786713,"request_end":1576623818991,"request_duration":32278,"type":"512"}
{"start":1576623808833,"end":1576623818973,"duration":10140,"downloading_duration":1054,"execution_duration":8480,"uploading_duration":606,"executable":"ellipsoids-openmp","args":["1.dat","10.log","10.xoutput"],"id":51,"resource":"512","request_start":1576623786754,"request_end":1576623818998,"request_duration":32244,"type":"512"}
{"start":1576623808116,"end":1576623819003,"duration":10887,"downloading_duration":1003,"execution_duration":9280,"uploading_duration":604,"executable":"ellipsoids-openmp","args":["0.dat","024.log","024.xoutput"],"id":30,"resource":"512","request_start":1576623786709,"request_end":1576623819029,"request_duration":32320,"type":"512"}
{"start":1576623808110,"end":1576623819060,"duration":10950,"downloading_duration":1080,"execution_duration":9221,"uploading_duration":649,"executable":"ellipsoids-openmp","args":["0.dat","023.log","023.xoutput"],"id":29,"resource":"512","request_start":1576623786709,"request_end":1576623819086,"request_duration":32377,"type":"512"}
{"start":1576623808129,"end":1576623819072,"duration":10943,"downloading_duration":1110,"execution_duration":9220,"uploading_duration":613,"executable":"ellipsoids-openmp","args":["0.dat","026.log","026.xoutput"],"id":32,"resource":"512","request_start":1576623786710,"request_end":1576623819096,"request_duration":32386,"type":"512"}
{"start":1576623808397,"end":1576623819095,"duration":10698,"downloading_duration":1056,"execution_duration":9042,"uploading_duration":600,"executable":"ellipsoids-openmp","args":["0.dat","042.log","042.xoutput"],"id":48,"resource":"512","request_start":1576623786719,"request_end":1576623819116,"request_duration":32397,"type":"512"}
{"start":1576623808491,"end":1576623819139,"duration":10648,"downloading_duration":1140,"execution_duration":8938,"uploading_duration":570,"executable":"ellipsoids-openmp","args":["0.dat","00.log","00.xoutput"],"id":6,"resource":"512","request_start":1576623786720,"request_end":1576623819161,"request_duration":32441,"type":"512"}
{"start":1576623808409,"end":1576623819157,"duration":10748,"downloading_duration":1050,"execution_duration":9121,"uploading_duration":577,"executable":"ellipsoids-openmp","args":["0.dat","044.log","044.xoutput"],"id":50,"resource":"512","request_start":1576623786720,"request_end":1576623819179,"request_duration":32459,"type":"512"}
{"start":1576623808395,"end":1576623819189,"duration":10794,"downloading_duration":1015,"execution_duration":9200,"uploading_duration":579,"executable":"ellipsoids-openmp","args":["0.dat","041.log","041.xoutput"],"id":47,"resource":"512","request_start":1576623786718,"request_end":1576623819211,"request_duration":32493,"type":"512"}
{"start":1576623808161,"end":1576623819196,"duration":11035,"downloading_duration":1090,"execution_duration":9319,"uploading_duration":626,"executable":"ellipsoids-openmp","args":["0.dat","029.log","029.xoutput"],"id":35,"resource":"512","request_start":1576623786712,"request_end":1576623819229,"request_duration":32517,"type":"512"}
{"start":1576623808362,"end":1576623819213,"duration":10851,"downloading_duration":1054,"execution_duration":9220,"uploading_duration":577,"executable":"ellipsoids-openmp","args":["0.dat","036.log","036.xoutput"],"id":42,"resource":"512","request_start":1576623786716,"request_end":1576623819235,"request_duration":32519,"type":"512"}
{"start":1576623809010,"end":1576623819227,"duration":10217,"downloading_duration":1016,"execution_duration":8603,"uploading_duration":598,"executable":"ellipsoids-openmp","args":["1.dat","16.log","16.xoutput"],"id":57,"resource":"512","request_start":1576623786757,"request_end":1576623819251,"request_duration":32494,"type":"512"}
{"start":1576623808993,"end":1576623819258,"duration":10265,"downloading_duration":1075,"execution_duration":8581,"uploading_duration":609,"executable":"ellipsoids-openmp","args":["1.dat","15.log","15.xoutput"],"id":56,"resource":"512","request_start":1576623786757,"request_end":1576623819279,"request_duration":32522,"type":"512"}
{"start":1576623808364,"end":1576623819279,"duration":10915,"downloading_duration":1082,"execution_duration":9084,"uploading_duration":749,"executable":"ellipsoids-openmp","args":["0.dat","034.log","034.xoutput"],"id":40,"resource":"512","request_start":1576623786714,"request_end":1576623819300,"request_duration":32586,"type":"512"}
{"start":1576623808355,"end":1576623819305,"duration":10950,"downloading_duration":1017,"execution_duration":9335,"uploading_duration":598,"executable":"ellipsoids-openmp","args":["0.dat","032.log","032.xoutput"],"id":38,"resource":"512","request_start":1576623786713,"request_end":1576623819330,"request_duration":32617,"type":"512"}
{"start":1576623808359,"end":1576623819316,"duration":10957,"downloading_duration":1039,"execution_duration":9281,"uploading_duration":637,"executable":"ellipsoids-openmp","args":["0.dat","035.log","035.xoutput"],"id":41,"resource":"512","request_start":1576623786715,"request_end":1576623819339,"request_duration":32624,"type":"512"}
{"start":1576623808356,"end":1576623819339,"duration":10983,"downloading_duration":1123,"execution_duration":9280,"uploading_duration":580,"executable":"ellipsoids-openmp","args":["0.dat","033.log","033.xoutput"],"id":39,"resource":"512","request_start":1576623786714,"request_end":1576623819361,"request_duration":32647,"type":"512"}
{"start":1576623808408,"end":1576623819357,"duration":10949,"downloading_duration":1064,"execution_duration":9222,"uploading_duration":663,"executable":"ellipsoids-openmp","args":["0.dat","043.log","043.xoutput"],"id":49,"resource":"512","request_start":1576623786719,"request_end":1576623819379,"request_duration":32660,"type":"512"}
{"start":1576623809063,"end":1576623819362,"duration":10299,"downloading_duration":999,"execution_duration":8701,"uploading_duration":599,"executable":"ellipsoids-openmp","args":["1.dat","17.log","17.xoutput"],"id":58,"resource":"512","request_start":1576623786758,"request_end":1576623819385,"request_duration":32627,"type":"512"}
{"start":1576623808399,"end":1576623819388,"duration":10989,"downloading_duration":1100,"execution_duration":9180,"uploading_duration":709,"executable":"ellipsoids-openmp","args":["0.dat","040.log","040.xoutput"],"id":46,"resource":"512","request_start":1576623786718,"request_end":1576623819408,"request_duration":32690,"type":"512"}
{"start":1576623809070,"end":1576623819428,"duration":10358,"downloading_duration":1001,"execution_duration":8782,"uploading_duration":575,"executable":"ellipsoids-openmp","args":["1.dat","18.log","18.xoutput"],"id":59,"resource":"512","request_start":1576623786758,"request_end":1576623819451,"request_duration":32693,"type":"512"}
{"start":1576623808973,"end":1576623819458,"duration":10485,"downloading_duration":1169,"execution_duration":8741,"uploading_duration":575,"executable":"ellipsoids-openmp","args":["1.dat","13.log","13.xoutput"],"id":54,"resource":"512","request_start":1576623786756,"request_end":1576623819479,"request_duration":32723,"type":"512"}
{"start":1576623808801,"end":1576623819458,"duration":10657,"downloading_duration":1082,"execution_duration":8980,"uploading_duration":595,"executable":"ellipsoids-openmp","args":["0.dat","02.log","02.xoutput"],"id":8,"resource":"512","request_start":1576623786721,"request_end":1576623819481,"request_duration":32760,"type":"512"}
{"start":1576623808375,"end":1576623819496,"duration":11121,"downloading_duration":1215,"execution_duration":9271,"uploading_duration":635,"executable":"ellipsoids-openmp","args":["0.dat","038.log","038.xoutput"],"id":44,"resource":"512","request_start":1576623786717,"request_end":1576623819518,"request_duration":32801,"type":"512"}
{"start":1576623809244,"end":1576623819582,"duration":10338,"downloading_duration":1018,"execution_duration":8720,"uploading_duration":600,"executable":"ellipsoids-openmp","args":["1.dat","111.log","111.xoutput"],"id":62,"resource":"512","request_start":1576623786760,"request_end":1576623819606,"request_duration":32846,"type":"512"}
{"start":1576623808747,"end":1576623819625,"duration":10878,"downloading_duration":1070,"execution_duration":9238,"uploading_duration":570,"executable":"ellipsoids-openmp","args":["0.dat","01.log","01.xoutput"],"id":7,"resource":"512","request_start":1576623786721,"request_end":1576623819648,"request_duration":32927,"type":"512"}
{"start":1576623809081,"end":1576623819650,"duration":10569,"downloading_duration":1079,"execution_duration":8765,"uploading_duration":725,"executable":"ellipsoids-openmp","args":["1.dat","19.log","19.xoutput"],"id":60,"resource":"512","request_start":1576623786759,"request_end":1576623819672,"request_duration":32913,"type":"512"}
{"start":1576623809534,"end":1576623819929,"duration":10395,"downloading_duration":1039,"execution_duration":8758,"uploading_duration":598,"executable":"ellipsoids-openmp","args":["1.dat","113.log","113.xoutput"],"id":64,"resource":"512","request_start":1576623786761,"request_end":1576623820016,"request_duration":33255,"type":"512"}
{"start":1576623808803,"end":1576623820004,"duration":11201,"downloading_duration":1261,"execution_duration":9261,"uploading_duration":679,"executable":"ellipsoids-openmp","args":["0.dat","03.log","03.xoutput"],"id":9,"resource":"512","request_start":1576623786722,"request_end":1576623820031,"request_duration":33309,"type":"512"}
{"start":1576623809483,"end":1576623820019,"duration":10536,"downloading_duration":1083,"execution_duration":8897,"uploading_duration":556,"executable":"ellipsoids-openmp","args":["1.dat","112.log","112.xoutput"],"id":63,"resource":"512","request_start":1576623786760,"request_end":1576623820041,"request_duration":33281,"type":"512"}
{"start":1576623809191,"end":1576623820109,"duration":10918,"downloading_duration":1627,"execution_duration":8709,"uploading_duration":582,"executable":"ellipsoids-openmp","args":["1.dat","110.log","110.xoutput"],"id":61,"resource":"512","request_start":1576623786759,"request_end":1576623820134,"request_duration":33375,"type":"512"}
{"start":1576623810112,"end":1576623820250,"duration":10138,"downloading_duration":1001,"execution_duration":8480,"uploading_duration":657,"executable":"ellipsoids-openmp","args":["1.dat","114.log","114.xoutput"],"id":65,"resource":"512","request_start":1576623786761,"request_end":1576623820271,"request_duration":33510,"type":"512"}
{"start":1576623819331,"end":1576623821409,"duration":2078,"downloading_duration":1667,"execution_duration":40,"uploading_duration":371,"executable":"mean-pack-ell","args":["30.xoutput","31.xoutput","32.xoutput","33.xoutput","34.xoutput","35.xoutput","36.xoutput","37.xoutput","38.xoutput","39.xoutput","310.xoutput","311.xoutput","312.xoutput","313.xoutput","314.xoutput","315.xoutput","316.xoutput","317.xoutput","318.xoutput","319.xoutput","320.xoutput","321.xoutput","322.xoutput","323.xoutput","324.xoutput","325.xoutput","326.xoutput","327.xoutput","328.xoutput","329.xoutput","330.xoutput","331.xoutput","332.xoutput","333.xoutput","334.xoutput","335.xoutput","336.xoutput","337.xoutput","338.xoutput","339.xoutput","340.xoutput","341.xoutput","342.xoutput","343.xoutput","344.xoutput","average_3.txt"],"id":189,"resource":"512","request_start":1576623809172,"request_end":1576623821432,"request_duration":12260,"type":"512"}
{"start":1576623819311,"end":1576623821451,"duration":2140,"downloading_duration":1756,"execution_duration":21,"uploading_duration":363,"executable":"mean-pack-ell","args":["20.xoutput","21.xoutput","22.xoutput","23.xoutput","24.xoutput","25.xoutput","26.xoutput","27.xoutput","28.xoutput","29.xoutput","210.xoutput","211.xoutput","212.xoutput","213.xoutput","214.xoutput","215.xoutput","216.xoutput","217.xoutput","218.xoutput","219.xoutput","220.xoutput","221.xoutput","222.xoutput","223.xoutput","224.xoutput","225.xoutput","226.xoutput","227.xoutput","228.xoutput","229.xoutput","230.xoutput","231.xoutput","232.xoutput","233.xoutput","234.xoutput","235.xoutput","236.xoutput","237.xoutput","238.xoutput","239.xoutput","240.xoutput","241.xoutput","242.xoutput","243.xoutput","244.xoutput","average_2.txt"],"id":188,"resource":"512","request_start":1576623799061,"request_end":1576623821474,"request_duration":22413,"type":"512"}
{"start":1576623820258,"end":1576623822292,"duration":2034,"downloading_duration":1635,"execution_duration":3,"uploading_duration":396,"executable":"mean-pack-ell","args":["00.xoutput","01.xoutput","02.xoutput","03.xoutput","04.xoutput","05.xoutput","06.xoutput","07.xoutput","08.xoutput","09.xoutput","010.xoutput","011.xoutput","012.xoutput","013.xoutput","014.xoutput","015.xoutput","016.xoutput","017.xoutput","018.xoutput","019.xoutput","020.xoutput","021.xoutput","022.xoutput","023.xoutput","024.xoutput","025.xoutput","026.xoutput","027.xoutput","028.xoutput","029.xoutput","030.xoutput","031.xoutput","032.xoutput","033.xoutput","034.xoutput","035.xoutput","036.xoutput","037.xoutput","038.xoutput","039.xoutput","040.xoutput","041.xoutput","042.xoutput","043.xoutput","044.xoutput","average_0.txt"],"id":186,"resource":"512","request_start":1576623820046,"request_end":1576623822315,"request_duration":2269,"type":"512"}
{"start":1576623813833,"end":1576623822935,"duration":9102,"downloading_duration":1046,"execution_duration":7485,"uploading_duration":571,"executable":"ellipsoids-openmp","args":["1.dat","115.log","115.xoutput"],"id":66,"resource":"512","request_start":1576623786762,"request_end":1576623822956,"request_duration":36194,"type":"512"}
{"start":1576623818598,"end":1576623828861,"duration":10263,"downloading_duration":1031,"execution_duration":8641,"uploading_duration":591,"executable":"ellipsoids-openmp","args":["1.dat","117.log","117.xoutput"],"id":68,"resource":"512","request_start":1576623786763,"request_end":1576623828884,"request_duration":42121,"type":"512"}
{"start":1576623819025,"end":1576623829018,"duration":9993,"downloading_duration":1029,"execution_duration":8400,"uploading_duration":564,"executable":"ellipsoids-openmp","args":["1.dat","134.log","134.xoutput"],"id":85,"resource":"512","request_start":1576623786772,"request_end":1576623829040,"request_duration":42268,"type":"512"}
{"start":1576623818716,"end":1576623829018,"duration":10302,"downloading_duration":998,"execution_duration":8681,"uploading_duration":623,"executable":"ellipsoids-openmp","args":["1.dat","122.log","122.xoutput"],"id":73,"resource":"512","request_start":1576623786766,"request_end":1576623829043,"request_duration":42277,"type":"512"}
{"start":1576623818483,"end":1576623829035,"duration":10552,"downloading_duration":1027,"execution_duration":8942,"uploading_duration":583,"executable":"ellipsoids-openmp","args":["1.dat","116.log","116.xoutput"],"id":67,"resource":"512","request_start":1576623786762,"request_end":1576623829059,"request_duration":42297,"type":"512"}
{"start":1576623818667,"end":1576623829077,"duration":10410,"downloading_duration":1092,"execution_duration":8721,"uploading_duration":597,"executable":"ellipsoids-openmp","args":["1.dat","120.log","120.xoutput"],"id":71,"resource":"512","request_start":1576623786765,"request_end":1576623829099,"request_duration":42334,"type":"512"}
{"start":1576623818992,"end":1576623829129,"duration":10137,"downloading_duration":1079,"execution_duration":8460,"uploading_duration":598,"executable":"ellipsoids-openmp","args":["1.dat","132.log","132.xoutput"],"id":83,"resource":"512","request_start":1576623786771,"request_end":1576623829151,"request_duration":42380,"type":"512"}
{"start":1576623818650,"end":1576623829134,"duration":10484,"downloading_duration":1006,"execution_duration":8822,"uploading_duration":656,"executable":"ellipsoids-openmp","args":["1.dat","119.log","119.xoutput"],"id":70,"resource":"512","request_start":1576623786764,"request_end":1576623829155,"request_duration":42391,"type":"512"}
{"start":1576623818945,"end":1576623829154,"duration":10209,"downloading_duration":1097,"execution_duration":8462,"uploading_duration":650,"executable":"ellipsoids-openmp","args":["1.dat","130.log","130.xoutput"],"id":81,"resource":"512","request_start":1576623786770,"request_end":1576623829176,"request_duration":42406,"type":"512"}
{"start":1576623819053,"end":1576623829180,"duration":10127,"downloading_duration":1023,"execution_duration":8540,"uploading_duration":564,"executable":"ellipsoids-openmp","args":["1.dat","135.log","135.xoutput"],"id":86,"resource":"512","request_start":1576623786773,"request_end":1576623829202,"request_duration":42429,"type":"512"}
{"start":1576623819018,"end":1576623829183,"duration":10165,"downloading_duration":1040,"execution_duration":8438,"uploading_duration":687,"executable":"ellipsoids-openmp","args":["1.dat","133.log","133.xoutput"],"id":84,"resource":"512","request_start":1576623786771,"request_end":1576623829208,"request_duration":42437,"type":"512"}
{"start":1576623819115,"end":1576623829196,"duration":10081,"downloading_duration":998,"execution_duration":8441,"uploading_duration":642,"executable":"ellipsoids-openmp","args":["1.dat","136.log","136.xoutput"],"id":87,"resource":"512","request_start":1576623786773,"request_end":1576623829218,"request_duration":42445,"type":"512"}
{"start":1576623819277,"end":1576623829227,"duration":9950,"downloading_duration":991,"execution_duration":8384,"uploading_duration":575,"executable":"ellipsoids-openmp","args":["1.dat","144.log","144.xoutput"],"id":95,"resource":"512","request_start":1576623786783,"request_end":1576623829250,"request_duration":42467,"type":"512"}
{"start":1576623818798,"end":1576623829230,"duration":10432,"downloading_duration":1032,"execution_duration":8719,"uploading_duration":681,"executable":"ellipsoids-openmp","args":["1.dat","125.log","125.xoutput"],"id":76,"resource":"512","request_start":1576623786767,"request_end":1576623829259,"request_duration":42492,"type":"512"}
{"start":1576623819124,"end":1576623829232,"duration":10108,"downloading_duration":1035,"execution_duration":8443,"uploading_duration":630,"executable":"ellipsoids-openmp","args":["1.dat","137.log","137.xoutput"],"id":88,"resource":"512","request_start":1576623786774,"request_end":1576623829261,"request_duration":42487,"type":"512"}
{"start":1576623818617,"end":1576623829237,"duration":10620,"downloading_duration":1128,"execution_duration":8840,"uploading_duration":652,"executable":"ellipsoids-openmp","args":["1.dat","118.log","118.xoutput"],"id":69,"resource":"512","request_start":1576623786764,"request_end":1576623829263,"request_duration":42499,"type":"512"}
{"start":1576623819231,"end":1576623829239,"duration":10008,"downloading_duration":1034,"execution_duration":8381,"uploading_duration":593,"executable":"ellipsoids-openmp","args":["1.dat","141.log","141.xoutput"],"id":92,"resource":"512","request_start":1576623786777,"request_end":1576623829268,"request_duration":42491,"type":"512"}
{"start":1576623818911,"end":1576623829260,"duration":10349,"downloading_duration":1043,"execution_duration":8721,"uploading_duration":585,"executable":"ellipsoids-openmp","args":["1.dat","127.log","127.xoutput"],"id":78,"resource":"512","request_start":1576623786768,"request_end":1576623829284,"request_duration":42516,"type":"512"}
{"start":1576623818990,"end":1576623829282,"duration":10292,"downloading_duration":1157,"execution_duration":8500,"uploading_duration":635,"executable":"ellipsoids-openmp","args":["1.dat","131.log","131.xoutput"],"id":82,"resource":"512","request_start":1576623786770,"request_end":1576623829306,"request_duration":42536,"type":"512"}
{"start":1576623818877,"end":1576623829301,"duration":10424,"downloading_duration":1133,"execution_duration":8640,"uploading_duration":651,"executable":"ellipsoids-openmp","args":["1.dat","126.log","126.xoutput"],"id":77,"resource":"512","request_start":1576623786768,"request_end":1576623829323,"request_duration":42555,"type":"512"}
{"start":1576623819203,"end":1576623829306,"duration":10103,"downloading_duration":1047,"execution_duration":8482,"uploading_duration":574,"executable":"ellipsoids-openmp","args":["1.dat","140.log","140.xoutput"],"id":91,"resource":"512","request_start":1576623786775,"request_end":1576623829329,"request_duration":42554,"type":"512"}
{"start":1576623818790,"end":1576623829323,"duration":10533,"downloading_duration":1161,"execution_duration":8640,"uploading_duration":732,"executable":"ellipsoids-openmp","args":["1.dat","124.log","124.xoutput"],"id":75,"resource":"512","request_start":1576623786767,"request_end":1576623829346,"request_duration":42579,"type":"512"}
{"start":1576623818771,"end":1576623829326,"duration":10555,"downloading_duration":1092,"execution_duration":8879,"uploading_duration":584,"executable":"ellipsoids-openmp","args":["1.dat","123.log","123.xoutput"],"id":74,"resource":"512","request_start":1576623786766,"request_end":1576623829348,"request_duration":42582,"type":"512"}
{"start":1576623818683,"end":1576623829329,"duration":10646,"downloading_duration":1180,"execution_duration":8826,"uploading_duration":640,"executable":"ellipsoids-openmp","args":["1.dat","121.log","121.xoutput"],"id":72,"resource":"512","request_start":1576623786765,"request_end":1576623829354,"request_duration":42589,"type":"512"}
{"start":1576623819252,"end":1576623829360,"duration":10108,"downloading_duration":1086,"execution_duration":8441,"uploading_duration":581,"executable":"ellipsoids-openmp","args":["1.dat","142.log","142.xoutput"],"id":93,"resource":"512","request_start":1576623786778,"request_end":1576623829383,"request_duration":42605,"type":"512"}
{"start":1576623819183,"end":1576623829375,"duration":10192,"downloading_duration":1176,"execution_duration":8383,"uploading_duration":633,"executable":"ellipsoids-openmp","args":["1.dat","139.log","139.xoutput"],"id":90,"resource":"512","request_start":1576623786775,"request_end":1576623829406,"request_duration":42631,"type":"512"}
{"start":1576623818941,"end":1576623829405,"duration":10464,"downloading_duration":1003,"execution_duration":8844,"uploading_duration":617,"executable":"ellipsoids-openmp","args":["1.dat","129.log","129.xoutput"],"id":80,"resource":"512","request_start":1576623786769,"request_end":1576623829427,"request_duration":42658,"type":"512"}
{"start":1576623818926,"end":1576623829458,"duration":10532,"downloading_duration":1029,"execution_duration":8923,"uploading_duration":580,"executable":"ellipsoids-openmp","args":["1.dat","128.log","128.xoutput"],"id":79,"resource":"512","request_start":1576623786769,"request_end":1576623829478,"request_duration":42709,"type":"512"}
{"start":1576623819138,"end":1576623829497,"duration":10359,"downloading_duration":1032,"execution_duration":8723,"uploading_duration":604,"executable":"ellipsoids-openmp","args":["1.dat","138.log","138.xoutput"],"id":89,"resource":"512","request_start":1576623786774,"request_end":1576623829519,"request_duration":42745,"type":"512"}
{"start":1576623819262,"end":1576623829628,"duration":10366,"downloading_duration":1068,"execution_duration":8720,"uploading_duration":578,"executable":"ellipsoids-openmp","args":["1.dat","143.log","143.xoutput"],"id":94,"resource":"512","request_start":1576623786779,"request_end":1576623829725,"request_duration":42946,"type":"512"}
{"start":1576623829902,"end":1576623832139,"duration":2237,"downloading_duration":1588,"execution_duration":20,"uploading_duration":629,"executable":"mean-pack-ell","args":["10.xoutput","11.xoutput","12.xoutput","13.xoutput","14.xoutput","15.xoutput","16.xoutput","17.xoutput","18.xoutput","19.xoutput","110.xoutput","111.xoutput","112.xoutput","113.xoutput","114.xoutput","115.xoutput","116.xoutput","117.xoutput","118.xoutput","119.xoutput","120.xoutput","121.xoutput","122.xoutput","123.xoutput","124.xoutput","125.xoutput","126.xoutput","127.xoutput","128.xoutput","129.xoutput","130.xoutput","131.xoutput","132.xoutput","133.xoutput","134.xoutput","135.xoutput","136.xoutput","137.xoutput","138.xoutput","139.xoutput","140.xoutput","141.xoutput","142.xoutput","143.xoutput","144.xoutput","average_1.txt"],"id":187,"resource":"512","request_start":1576623829741,"request_end":1576623832162,"request_duration":2421,"type":"512"}
{"start":1576623832279,"end":1576623833391,"duration":1112,"downloading_duration":473,"execution_duration":242,"uploading_duration":397,"executable":"summary.js","args":[],"id":190,"resource":"512","request_start":1576623832169,"request_end":1576623833411,"request_duration":1242,"type":"512"}
