{"start":1576623681842,"end":1576623683306,"duration":1464,"downloading_duration":834,"execution_duration":223,"uploading_duration":407,"executable":"generateData.js","args":[],"id":1,"resource":"512","request_start":1576623681307,"request_end":1576623683386,"request_duration":2079,"type":"512"}
{"start":1576623683520,"end":1576623684548,"duration":1028,"downloading_duration":382,"execution_duration":235,"uploading_duration":411,"executable":"createDat.js","args":["1.dat"],"id":3,"resource":"512","request_start":1576623683400,"request_end":1576623684569,"request_duration":1169,"type":"512"}
{"start":1576623683526,"end":1576623684559,"duration":1033,"downloading_duration":392,"execution_duration":232,"uploading_duration":409,"executable":"createDat.js","args":["0.dat"],"id":2,"resource":"512","request_start":1576623683396,"request_end":1576623684589,"request_duration":1193,"type":"512"}
{"start":1576623683530,"end":1576623684603,"duration":1073,"downloading_duration":385,"execution_duration":258,"uploading_duration":430,"executable":"createDat.js","args":["3.dat"],"id":5,"resource":"512","request_start":1576623683404,"request_end":1576623684704,"request_duration":1300,"type":"512"}
{"start":1576623683537,"end":1576623684798,"duration":1261,"downloading_duration":376,"execution_duration":230,"uploading_duration":655,"executable":"createDat.js","args":["2.dat"],"id":4,"resource":"512","request_start":1576623683402,"request_end":1576623684872,"request_duration":1470,"type":"512"}
{"start":1576623685047,"end":1576623693895,"duration":8848,"downloading_duration":1192,"execution_duration":6985,"uploading_duration":671,"executable":"ellipsoids-openmp","args":["1.dat","131.log","131.xoutput"],"id":82,"resource":"512","request_start":1576623684656,"request_end":1576623693919,"request_duration":9263,"type":"512"}
{"start":1576623685121,"end":1576623695009,"duration":9888,"downloading_duration":1026,"execution_duration":8283,"uploading_duration":579,"executable":"ellipsoids-openmp","args":["1.dat","137.log","137.xoutput"],"id":88,"resource":"512","request_start":1576623684662,"request_end":1576623695032,"request_duration":10370,"type":"512"}
{"start":1576623685044,"end":1576623695018,"duration":9974,"downloading_duration":1009,"execution_duration":8341,"uploading_duration":624,"executable":"ellipsoids-openmp","args":["1.dat","124.log","124.xoutput"],"id":75,"resource":"512","request_start":1576623684647,"request_end":1576623695041,"request_duration":10394,"type":"512"}
{"start":1576623684964,"end":1576623695052,"duration":10088,"downloading_duration":1075,"execution_duration":8431,"uploading_duration":582,"executable":"ellipsoids-openmp","args":["1.dat","17.log","17.xoutput"],"id":58,"resource":"512","request_start":1576623684631,"request_end":1576623695078,"request_duration":10447,"type":"512"}
{"start":1576623685044,"end":1576623695059,"duration":10015,"downloading_duration":1066,"execution_duration":8338,"uploading_duration":611,"executable":"ellipsoids-openmp","args":["1.dat","126.log","126.xoutput"],"id":77,"resource":"512","request_start":1576623684651,"request_end":1576623695087,"request_duration":10436,"type":"512"}
{"start":1576623685035,"end":1576623695065,"duration":10030,"downloading_duration":1035,"execution_duration":8320,"uploading_duration":675,"executable":"ellipsoids-openmp","args":["1.dat","115.log","115.xoutput"],"id":66,"resource":"512","request_start":1576623684639,"request_end":1576623695090,"request_duration":10451,"type":"512"}
{"start":1576623684960,"end":1576623695212,"duration":10252,"downloading_duration":1105,"execution_duration":8561,"uploading_duration":586,"executable":"ellipsoids-openmp","args":["1.dat","13.log","13.xoutput"],"id":54,"resource":"512","request_start":1576623684626,"request_end":1576623695234,"request_duration":10608,"type":"512"}
{"start":1576623685052,"end":1576623695221,"duration":10169,"downloading_duration":1012,"execution_duration":8544,"uploading_duration":613,"executable":"ellipsoids-openmp","args":["1.dat","133.log","133.xoutput"],"id":84,"resource":"512","request_start":1576623684657,"request_end":1576623695248,"request_duration":10591,"type":"512"}
{"start":1576623684934,"end":1576623695230,"duration":10296,"downloading_duration":1046,"execution_duration":8659,"uploading_duration":591,"executable":"ellipsoids-openmp","args":["1.dat","18.log","18.xoutput"],"id":59,"resource":"512","request_start":1576623684632,"request_end":1576623695255,"request_duration":10623,"type":"512"}
{"start":1576623685123,"end":1576623695239,"duration":10116,"downloading_duration":1199,"execution_duration":8326,"uploading_duration":591,"executable":"ellipsoids-openmp","args":["1.dat","144.log","144.xoutput"],"id":95,"resource":"512","request_start":1576623684668,"request_end":1576623695263,"request_duration":10595,"type":"512"}
{"start":1576623685052,"end":1576623695244,"duration":10192,"downloading_duration":1083,"execution_duration":8523,"uploading_duration":586,"executable":"ellipsoids-openmp","args":["1.dat","129.log","129.xoutput"],"id":80,"resource":"512","request_start":1576623684654,"request_end":1576623695268,"request_duration":10614,"type":"512"}
{"start":1576623685041,"end":1576623695260,"duration":10219,"downloading_duration":1047,"execution_duration":8597,"uploading_duration":575,"executable":"ellipsoids-openmp","args":["1.dat","121.log","121.xoutput"],"id":72,"resource":"512","request_start":1576623684645,"request_end":1576623695282,"request_duration":10637,"type":"512"}
{"start":1576623685078,"end":1576623695277,"duration":10199,"downloading_duration":1092,"execution_duration":8342,"uploading_duration":765,"executable":"ellipsoids-openmp","args":["1.dat","134.log","134.xoutput"],"id":85,"resource":"512","request_start":1576623684658,"request_end":1576623695299,"request_duration":10641,"type":"512"}
{"start":1576623684964,"end":1576623695282,"duration":10318,"downloading_duration":1088,"execution_duration":8600,"uploading_duration":630,"executable":"ellipsoids-openmp","args":["1.dat","14.log","14.xoutput"],"id":55,"resource":"512","request_start":1576623684627,"request_end":1576623695304,"request_duration":10677,"type":"512"}
{"start":1576623684963,"end":1576623695284,"duration":10321,"downloading_duration":1029,"execution_duration":8699,"uploading_duration":593,"executable":"ellipsoids-openmp","args":["1.dat","15.log","15.xoutput"],"id":56,"resource":"512","request_start":1576623684629,"request_end":1576623695310,"request_duration":10681,"type":"512"}
{"start":1576623685040,"end":1576623695284,"duration":10244,"downloading_duration":1071,"execution_duration":8564,"uploading_duration":609,"executable":"ellipsoids-openmp","args":["1.dat","120.log","120.xoutput"],"id":71,"resource":"512","request_start":1576623684644,"request_end":1576623695311,"request_duration":10667,"type":"512"}
{"start":1576623685035,"end":1576623695298,"duration":10263,"downloading_duration":1038,"execution_duration":8637,"uploading_duration":588,"executable":"ellipsoids-openmp","args":["1.dat","118.log","118.xoutput"],"id":69,"resource":"512","request_start":1576623684642,"request_end":1576623695321,"request_duration":10679,"type":"512"}
{"start":1576623685040,"end":1576623695306,"duration":10266,"downloading_duration":1016,"execution_duration":8602,"uploading_duration":648,"executable":"ellipsoids-openmp","args":["1.dat","122.log","122.xoutput"],"id":73,"resource":"512","request_start":1576623684645,"request_end":1576623695330,"request_duration":10685,"type":"512"}
{"start":1576623685035,"end":1576623695322,"duration":10287,"downloading_duration":1017,"execution_duration":8602,"uploading_duration":668,"executable":"ellipsoids-openmp","args":["1.dat","112.log","112.xoutput"],"id":63,"resource":"512","request_start":1576623684636,"request_end":1576623695346,"request_duration":10710,"type":"512"}
{"start":1576623685124,"end":1576623695325,"duration":10201,"downloading_duration":1093,"execution_duration":8538,"uploading_duration":570,"executable":"ellipsoids-openmp","args":["1.dat","139.log","139.xoutput"],"id":90,"resource":"512","request_start":1576623684664,"request_end":1576623695352,"request_duration":10688,"type":"512"}
{"start":1576623685035,"end":1576623695329,"duration":10294,"downloading_duration":1047,"execution_duration":8621,"uploading_duration":626,"executable":"ellipsoids-openmp","args":["1.dat","19.log","19.xoutput"],"id":60,"resource":"512","request_start":1576623684633,"request_end":1576623695358,"request_duration":10725,"type":"512"}
{"start":1576623685050,"end":1576623695332,"duration":10282,"downloading_duration":1118,"execution_duration":8543,"uploading_duration":621,"executable":"ellipsoids-openmp","args":["1.dat","128.log","128.xoutput"],"id":79,"resource":"512","request_start":1576623684653,"request_end":1576623695359,"request_duration":10706,"type":"512"}
{"start":1576623685123,"end":1576623695364,"duration":10241,"downloading_duration":1087,"execution_duration":8580,"uploading_duration":574,"executable":"ellipsoids-openmp","args":["1.dat","140.log","140.xoutput"],"id":91,"resource":"512","request_start":1576623684665,"request_end":1576623695387,"request_duration":10722,"type":"512"}
{"start":1576623685047,"end":1576623695365,"duration":10318,"downloading_duration":1036,"execution_duration":8661,"uploading_duration":621,"executable":"ellipsoids-openmp","args":["1.dat","123.log","123.xoutput"],"id":74,"resource":"512","request_start":1576623684646,"request_end":1576623695393,"request_duration":10747,"type":"512"}
{"start":1576623685033,"end":1576623695375,"duration":10342,"downloading_duration":1067,"execution_duration":8640,"uploading_duration":635,"executable":"ellipsoids-openmp","args":["1.dat","116.log","116.xoutput"],"id":67,"resource":"512","request_start":1576623684640,"request_end":1576623695400,"request_duration":10760,"type":"512"}
{"start":1576623685051,"end":1576623695389,"duration":10338,"downloading_duration":1006,"execution_duration":8660,"uploading_duration":672,"executable":"ellipsoids-openmp","args":["1.dat","130.log","130.xoutput"],"id":81,"resource":"512","request_start":1576623684655,"request_end":1576623695412,"request_duration":10757,"type":"512"}
{"start":1576623685042,"end":1576623695391,"duration":10349,"downloading_duration":1188,"execution_duration":8400,"uploading_duration":761,"executable":"ellipsoids-openmp","args":["1.dat","119.log","119.xoutput"],"id":70,"resource":"512","request_start":1576623684643,"request_end":1576623695415,"request_duration":10772,"type":"512"}
{"start":1576623685121,"end":1576623695393,"duration":10272,"downloading_duration":1115,"execution_duration":8421,"uploading_duration":736,"executable":"ellipsoids-openmp","args":["1.dat","135.log","135.xoutput"],"id":86,"resource":"512","request_start":1576623684660,"request_end":1576623695422,"request_duration":10762,"type":"512"}
{"start":1576623685025,"end":1576623695395,"duration":10370,"downloading_duration":1079,"execution_duration":8683,"uploading_duration":608,"executable":"ellipsoids-openmp","args":["1.dat","110.log","110.xoutput"],"id":61,"resource":"512","request_start":1576623684634,"request_end":1576623695424,"request_duration":10790,"type":"512"}
{"start":1576623685032,"end":1576623695406,"duration":10374,"downloading_duration":1023,"execution_duration":8700,"uploading_duration":651,"executable":"ellipsoids-openmp","args":["1.dat","16.log","16.xoutput"],"id":57,"resource":"512","request_start":1576623684630,"request_end":1576623695436,"request_duration":10806,"type":"512"}
{"start":1576623685126,"end":1576623695408,"duration":10282,"downloading_duration":1021,"execution_duration":8656,"uploading_duration":605,"executable":"ellipsoids-openmp","args":["1.dat","142.log","142.xoutput"],"id":93,"resource":"512","request_start":1576623684666,"request_end":1576623695438,"request_duration":10772,"type":"512"}
{"start":1576623685045,"end":1576623695413,"duration":10368,"downloading_duration":1114,"execution_duration":8639,"uploading_duration":615,"executable":"ellipsoids-openmp","args":["1.dat","125.log","125.xoutput"],"id":76,"resource":"512","request_start":1576623684648,"request_end":1576623695441,"request_duration":10793,"type":"512"}
{"start":1576623684960,"end":1576623695426,"duration":10466,"downloading_duration":1197,"execution_duration":8660,"uploading_duration":609,"executable":"ellipsoids-openmp","args":["1.dat","11.log","11.xoutput"],"id":52,"resource":"512","request_start":1576623684623,"request_end":1576623695452,"request_duration":10829,"type":"512"}
{"start":1576623684960,"end":1576623695449,"duration":10489,"downloading_duration":1110,"execution_duration":8778,"uploading_duration":601,"executable":"ellipsoids-openmp","args":["1.dat","12.log","12.xoutput"],"id":53,"resource":"512","request_start":1576623684625,"request_end":1576623695474,"request_duration":10849,"type":"512"}
{"start":1576623685039,"end":1576623695457,"duration":10418,"downloading_duration":1190,"execution_duration":8643,"uploading_duration":585,"executable":"ellipsoids-openmp","args":["1.dat","117.log","117.xoutput"],"id":68,"resource":"512","request_start":1576623684641,"request_end":1576623695483,"request_duration":10842,"type":"512"}
{"start":1576623685121,"end":1576623695461,"duration":10340,"downloading_duration":1079,"execution_duration":8681,"uploading_duration":580,"executable":"ellipsoids-openmp","args":["1.dat","138.log","138.xoutput"],"id":89,"resource":"512","request_start":1576623684663,"request_end":1576623695487,"request_duration":10824,"type":"512"}
{"start":1576623685118,"end":1576623695467,"duration":10349,"downloading_duration":1037,"execution_duration":8701,"uploading_duration":611,"executable":"ellipsoids-openmp","args":["1.dat","136.log","136.xoutput"],"id":87,"resource":"512","request_start":1576623684661,"request_end":1576623695493,"request_duration":10832,"type":"512"}
{"start":1576623685124,"end":1576623695522,"duration":10398,"downloading_duration":1054,"execution_duration":8683,"uploading_duration":661,"executable":"ellipsoids-openmp","args":["1.dat","143.log","143.xoutput"],"id":94,"resource":"512","request_start":1576623684667,"request_end":1576623695547,"request_duration":10880,"type":"512"}
{"start":1576623685123,"end":1576623695545,"duration":10422,"downloading_duration":1141,"execution_duration":8720,"uploading_duration":561,"executable":"ellipsoids-openmp","args":["1.dat","141.log","141.xoutput"],"id":92,"resource":"512","request_start":1576623684665,"request_end":1576623695567,"request_duration":10902,"type":"512"}
{"start":1576623685033,"end":1576623695556,"duration":10523,"downloading_duration":1162,"execution_duration":8719,"uploading_duration":642,"executable":"ellipsoids-openmp","args":["1.dat","111.log","111.xoutput"],"id":62,"resource":"512","request_start":1576623684635,"request_end":1576623695589,"request_duration":10954,"type":"512"}
{"start":1576623685033,"end":1576623695587,"duration":10554,"downloading_duration":1048,"execution_duration":8922,"uploading_duration":584,"executable":"ellipsoids-openmp","args":["1.dat","114.log","114.xoutput"],"id":65,"resource":"512","request_start":1576623684638,"request_end":1576623695613,"request_duration":10975,"type":"512"}
{"start":1576623684949,"end":1576623695588,"duration":10639,"downloading_duration":1124,"execution_duration":8941,"uploading_duration":574,"executable":"ellipsoids-openmp","args":["1.dat","10.log","10.xoutput"],"id":51,"resource":"512","request_start":1576623684621,"request_end":1576623695619,"request_duration":10998,"type":"512"}
{"start":1576623685044,"end":1576623695610,"duration":10566,"downloading_duration":1099,"execution_duration":8581,"uploading_duration":886,"executable":"ellipsoids-openmp","args":["1.dat","127.log","127.xoutput"],"id":78,"resource":"512","request_start":1576623684652,"request_end":1576623695631,"request_duration":10979,"type":"512"}
{"start":1576623685081,"end":1576623695622,"duration":10541,"downloading_duration":1107,"execution_duration":8701,"uploading_duration":733,"executable":"ellipsoids-openmp","args":["1.dat","132.log","132.xoutput"],"id":83,"resource":"512","request_start":1576623684657,"request_end":1576623695645,"request_duration":10988,"type":"512"}
{"start":1576623685035,"end":1576623695662,"duration":10627,"downloading_duration":1050,"execution_duration":8879,"uploading_duration":698,"executable":"ellipsoids-openmp","args":["1.dat","113.log","113.xoutput"],"id":64,"resource":"512","request_start":1576623684637,"request_end":1576623695685,"request_duration":11048,"type":"512"}
{"start":1576623684965,"end":1576623695976,"duration":11011,"downloading_duration":1090,"execution_duration":9261,"uploading_duration":660,"executable":"ellipsoids-openmp","args":["0.dat","08.log","08.xoutput"],"id":14,"resource":"512","request_start":1576623684732,"request_end":1576623696003,"request_duration":11271,"type":"512"}
{"start":1576623685132,"end":1576623696032,"duration":10900,"downloading_duration":1108,"execution_duration":9181,"uploading_duration":611,"executable":"ellipsoids-openmp","args":["0.dat","05.log","05.xoutput"],"id":11,"resource":"512","request_start":1576623684729,"request_end":1576623696196,"request_duration":11467,"type":"512"}
{"start":1576623685136,"end":1576623696117,"duration":10981,"downloading_duration":1115,"execution_duration":9198,"uploading_duration":668,"executable":"ellipsoids-openmp","args":["0.dat","06.log","06.xoutput"],"id":12,"resource":"512","request_start":1576623684730,"request_end":1576623696203,"request_duration":11473,"type":"512"}
{"start":1576623685128,"end":1576623696544,"duration":11416,"downloading_duration":1053,"execution_duration":9481,"uploading_duration":882,"executable":"ellipsoids-openmp","args":["0.dat","07.log","07.xoutput"],"id":13,"resource":"512","request_start":1576623684731,"request_end":1576623696567,"request_duration":11836,"type":"512"}
{"start":1576623685129,"end":1576623696583,"duration":11454,"downloading_duration":1121,"execution_duration":9482,"uploading_duration":851,"executable":"ellipsoids-openmp","args":["0.dat","04.log","04.xoutput"],"id":10,"resource":"512","request_start":1576623684728,"request_end":1576623696607,"request_duration":11879,"type":"512"}
{"start":1576623693942,"end":1576623703159,"duration":9217,"downloading_duration":1137,"execution_duration":7500,"uploading_duration":580,"executable":"ellipsoids-openmp","args":["0.dat","09.log","09.xoutput"],"id":15,"resource":"512","request_start":1576623684732,"request_end":1576623703182,"request_duration":18450,"type":"512"}
{"start":1576623695632,"end":1576623705787,"duration":10155,"downloading_duration":1096,"execution_duration":8480,"uploading_duration":579,"executable":"ellipsoids-openmp","args":["3.dat","30.log","30.xoutput"],"id":141,"resource":"512","request_start":1576623684815,"request_end":1576623705817,"request_duration":21002,"type":"512"}
{"start":1576623695108,"end":1576623705877,"duration":10769,"downloading_duration":1022,"execution_duration":9164,"uploading_duration":583,"executable":"ellipsoids-openmp","args":["0.dat","012.log","012.xoutput"],"id":18,"resource":"512","request_start":1576623684734,"request_end":1576623705949,"request_duration":21215,"type":"512"}
{"start":1576623695654,"end":1576623705902,"duration":10248,"downloading_duration":1191,"execution_duration":8438,"uploading_duration":619,"executable":"ellipsoids-openmp","args":["3.dat","32.log","32.xoutput"],"id":143,"resource":"512","request_start":1576623684818,"request_end":1576623705954,"request_duration":21136,"type":"512"}
{"start":1576623695672,"end":1576623705958,"duration":10286,"downloading_duration":1175,"execution_duration":8497,"uploading_duration":614,"executable":"ellipsoids-openmp","args":["3.dat","33.log","33.xoutput"],"id":144,"resource":"512","request_start":1576623684818,"request_end":1576623705981,"request_duration":21163,"type":"512"}
{"start":1576623695061,"end":1576623705960,"duration":10899,"downloading_duration":1029,"execution_duration":9262,"uploading_duration":608,"executable":"ellipsoids-openmp","args":["0.dat","010.log","010.xoutput"],"id":16,"resource":"512","request_start":1576623684733,"request_end":1576623705987,"request_duration":21254,"type":"512"}
{"start":1576623695066,"end":1576623705965,"duration":10899,"downloading_duration":1106,"execution_duration":9198,"uploading_duration":595,"executable":"ellipsoids-openmp","args":["0.dat","011.log","011.xoutput"],"id":17,"resource":"512","request_start":1576623684734,"request_end":1576623705991,"request_duration":21257,"type":"512"}
{"start":1576623695114,"end":1576623706045,"duration":10931,"downloading_duration":1175,"execution_duration":9179,"uploading_duration":577,"executable":"ellipsoids-openmp","args":["0.dat","013.log","013.xoutput"],"id":19,"resource":"512","request_start":1576623684735,"request_end":1576623706067,"request_duration":21332,"type":"512"}
{"start":1576623695255,"end":1576623706045,"duration":10790,"downloading_duration":1021,"execution_duration":9124,"uploading_duration":645,"executable":"ellipsoids-openmp","args":["0.dat","015.log","015.xoutput"],"id":21,"resource":"512","request_start":1576623684736,"request_end":1576623706070,"request_duration":21334,"type":"512"}
{"start":1576623695641,"end":1576623706062,"duration":10421,"downloading_duration":1035,"execution_duration":8800,"uploading_duration":586,"executable":"ellipsoids-openmp","args":["3.dat","31.log","31.xoutput"],"id":142,"resource":"512","request_start":1576623684817,"request_end":1576623706090,"request_duration":21273,"type":"512"}
{"start":1576623695342,"end":1576623706127,"duration":10785,"downloading_duration":1020,"execution_duration":9141,"uploading_duration":624,"executable":"ellipsoids-openmp","args":["0.dat","025.log","025.xoutput"],"id":31,"resource":"512","request_start":1576623684742,"request_end":1576623706154,"request_duration":21412,"type":"512"}
{"start":1576623695112,"end":1576623706138,"duration":11026,"downloading_duration":1122,"execution_duration":9282,"uploading_duration":622,"executable":"ellipsoids-openmp","args":["0.dat","014.log","014.xoutput"],"id":20,"resource":"512","request_start":1576623684735,"request_end":1576623706162,"request_duration":21427,"type":"512"}
{"start":1576623695322,"end":1576623706202,"duration":10880,"downloading_duration":994,"execution_duration":9260,"uploading_duration":626,"executable":"ellipsoids-openmp","args":["0.dat","021.log","021.xoutput"],"id":27,"resource":"512","request_start":1576623684740,"request_end":1576623706226,"request_duration":21486,"type":"512"}
{"start":1576623695376,"end":1576623706250,"duration":10874,"downloading_duration":1067,"execution_duration":9200,"uploading_duration":607,"executable":"ellipsoids-openmp","args":["0.dat","028.log","028.xoutput"],"id":34,"resource":"512","request_start":1576623684743,"request_end":1576623706274,"request_duration":21531,"type":"512"}
{"start":1576623695370,"end":1576623706275,"duration":10905,"downloading_duration":1080,"execution_duration":9221,"uploading_duration":604,"executable":"ellipsoids-openmp","args":["0.dat","027.log","027.xoutput"],"id":33,"resource":"512","request_start":1576623684743,"request_end":1576623706299,"request_duration":21556,"type":"512"}
{"start":1576623695513,"end":1576623706277,"duration":10764,"downloading_duration":1011,"execution_duration":9121,"uploading_duration":632,"executable":"ellipsoids-openmp","args":["0.dat","044.log","044.xoutput"],"id":50,"resource":"512","request_start":1576623684752,"request_end":1576623706302,"request_duration":21550,"type":"512"}
{"start":1576623695707,"end":1576623706295,"duration":10588,"downloading_duration":1112,"execution_duration":8841,"uploading_duration":635,"executable":"ellipsoids-openmp","args":["3.dat","34.log","34.xoutput"],"id":145,"resource":"512","request_start":1576623684819,"request_end":1576623706318,"request_duration":21499,"type":"512"}
{"start":1576623695272,"end":1576623706321,"duration":11049,"downloading_duration":1173,"execution_duration":9301,"uploading_duration":575,"executable":"ellipsoids-openmp","args":["0.dat","016.log","016.xoutput"],"id":22,"resource":"512","request_start":1576623684737,"request_end":1576623706348,"request_duration":21611,"type":"512"}
{"start":1576623695381,"end":1576623706324,"duration":10943,"downloading_duration":1083,"execution_duration":9276,"uploading_duration":584,"executable":"ellipsoids-openmp","args":["0.dat","029.log","029.xoutput"],"id":35,"resource":"512","request_start":1576623684744,"request_end":1576623706350,"request_duration":21606,"type":"512"}
{"start":1576623695451,"end":1576623706349,"duration":10898,"downloading_duration":1098,"execution_duration":9141,"uploading_duration":659,"executable":"ellipsoids-openmp","args":["0.dat","037.log","037.xoutput"],"id":43,"resource":"512","request_start":1576623684748,"request_end":1576623706372,"request_duration":21624,"type":"512"}
{"start":1576623695515,"end":1576623706359,"duration":10844,"downloading_duration":1085,"execution_duration":9129,"uploading_duration":630,"executable":"ellipsoids-openmp","args":["0.dat","00.log","00.xoutput"],"id":6,"resource":"512","request_start":1576623684753,"request_end":1576623706382,"request_duration":21629,"type":"512"}
{"start":1576623695291,"end":1576623706366,"duration":11075,"downloading_duration":1063,"execution_duration":9379,"uploading_duration":633,"executable":"ellipsoids-openmp","args":["0.dat","018.log","018.xoutput"],"id":24,"resource":"512","request_start":1576623684738,"request_end":1576623706391,"request_duration":21653,"type":"512"}
{"start":1576623695463,"end":1576623706367,"duration":10904,"downloading_duration":1126,"execution_duration":9180,"uploading_duration":598,"executable":"ellipsoids-openmp","args":["0.dat","040.log","040.xoutput"],"id":46,"resource":"512","request_start":1576623684750,"request_end":1576623706392,"request_duration":21642,"type":"512"}
{"start":1576623695291,"end":1576623706382,"duration":11091,"downloading_duration":1121,"execution_duration":9341,"uploading_duration":629,"executable":"ellipsoids-openmp","args":["0.dat","019.log","019.xoutput"],"id":25,"resource":"512","request_start":1576623684739,"request_end":1576623706407,"request_duration":21668,"type":"512"}
{"start":1576623695412,"end":1576623706406,"duration":10994,"downloading_duration":1092,"execution_duration":9260,"uploading_duration":642,"executable":"ellipsoids-openmp","args":["0.dat","031.log","031.xoutput"],"id":37,"resource":"512","request_start":1576623684745,"request_end":1576623706434,"request_duration":21689,"type":"512"}
{"start":1576623695305,"end":1576623706424,"duration":11119,"downloading_duration":1166,"execution_duration":9341,"uploading_duration":612,"executable":"ellipsoids-openmp","args":["0.dat","020.log","020.xoutput"],"id":26,"resource":"512","request_start":1576623684739,"request_end":1576623706447,"request_duration":21708,"type":"512"}
{"start":1576623695458,"end":1576623706428,"duration":10970,"downloading_duration":1048,"execution_duration":9324,"uploading_duration":598,"executable":"ellipsoids-openmp","args":["0.dat","038.log","038.xoutput"],"id":44,"resource":"512","request_start":1576623684749,"request_end":1576623706450,"request_duration":21701,"type":"512"}
{"start":1576623695417,"end":1576623706434,"duration":11017,"downloading_duration":1006,"execution_duration":9280,"uploading_duration":731,"executable":"ellipsoids-openmp","args":["0.dat","032.log","032.xoutput"],"id":38,"resource":"512","request_start":1576623684746,"request_end":1576623706457,"request_duration":21711,"type":"512"}
{"start":1576623695327,"end":1576623706449,"duration":11122,"downloading_duration":1025,"execution_duration":9503,"uploading_duration":594,"executable":"ellipsoids-openmp","args":["0.dat","022.log","022.xoutput"],"id":28,"resource":"512","request_start":1576623684740,"request_end":1576623706475,"request_duration":21735,"type":"512"}
{"start":1576623695616,"end":1576623706454,"duration":10838,"downloading_duration":1027,"execution_duration":9182,"uploading_duration":629,"executable":"ellipsoids-openmp","args":["0.dat","03.log","03.xoutput"],"id":9,"resource":"512","request_start":1576623684754,"request_end":1576623706477,"request_duration":21723,"type":"512"}
{"start":1576623695357,"end":1576623706454,"duration":11097,"downloading_duration":1098,"execution_duration":9399,"uploading_duration":600,"executable":"ellipsoids-openmp","args":["0.dat","026.log","026.xoutput"],"id":32,"resource":"512","request_start":1576623684742,"request_end":1576623706479,"request_duration":21737,"type":"512"}
{"start":1576623696029,"end":1576623706460,"duration":10431,"downloading_duration":1105,"execution_duration":8723,"uploading_duration":603,"executable":"ellipsoids-openmp","args":["3.dat","35.log","35.xoutput"],"id":146,"resource":"512","request_start":1576623684819,"request_end":1576623706490,"request_duration":21671,"type":"512"}
{"start":1576623695438,"end":1576623706466,"duration":11028,"downloading_duration":1119,"execution_duration":9304,"uploading_duration":605,"executable":"ellipsoids-openmp","args":["0.dat","034.log","034.xoutput"],"id":40,"resource":"512","request_start":1576623684747,"request_end":1576623706491,"request_duration":21744,"type":"512"}
{"start":1576623695424,"end":1576623706485,"duration":11061,"downloading_duration":1016,"execution_duration":9459,"uploading_duration":586,"executable":"ellipsoids-openmp","args":["0.dat","033.log","033.xoutput"],"id":39,"resource":"512","request_start":1576623684746,"request_end":1576623706510,"request_duration":21764,"type":"512"}
{"start":1576623695333,"end":1576623706490,"duration":11157,"downloading_duration":1102,"execution_duration":9460,"uploading_duration":595,"executable":"ellipsoids-openmp","args":["0.dat","023.log","023.xoutput"],"id":29,"resource":"512","request_start":1576623684741,"request_end":1576623706517,"request_duration":21776,"type":"512"}
{"start":1576623695464,"end":1576623706494,"duration":11030,"downloading_duration":1093,"execution_duration":9301,"uploading_duration":636,"executable":"ellipsoids-openmp","args":["0.dat","039.log","039.xoutput"],"id":45,"resource":"512","request_start":1576623684750,"request_end":1576623706520,"request_duration":21770,"type":"512"}
{"start":1576623695578,"end":1576623706510,"duration":10932,"downloading_duration":1017,"execution_duration":9301,"uploading_duration":614,"executable":"ellipsoids-openmp","args":["0.dat","01.log","01.xoutput"],"id":7,"resource":"512","request_start":1576623684753,"request_end":1576623706532,"request_duration":21779,"type":"512"}
{"start":1576623696237,"end":1576623706514,"duration":10277,"downloading_duration":1084,"execution_duration":8618,"uploading_duration":575,"executable":"ellipsoids-openmp","args":["3.dat","37.log","37.xoutput"],"id":148,"resource":"512","request_start":1576623684821,"request_end":1576623706537,"request_duration":21716,"type":"512"}
{"start":1576623695508,"end":1576623706518,"duration":11010,"downloading_duration":1131,"execution_duration":9281,"uploading_duration":598,"executable":"ellipsoids-openmp","args":["0.dat","043.log","043.xoutput"],"id":49,"resource":"512","request_start":1576623684752,"request_end":1576623706542,"request_duration":21790,"type":"512"}
{"start":1576623695389,"end":1576623706536,"duration":11147,"downloading_duration":1215,"execution_duration":9359,"uploading_duration":573,"executable":"ellipsoids-openmp","args":["0.dat","030.log","030.xoutput"],"id":36,"resource":"512","request_start":1576623684745,"request_end":1576623706560,"request_duration":21815,"type":"512"}
{"start":1576623695448,"end":1576623706564,"duration":11116,"downloading_duration":1108,"execution_duration":9380,"uploading_duration":628,"executable":"ellipsoids-openmp","args":["0.dat","036.log","036.xoutput"],"id":42,"resource":"512","request_start":1576623684748,"request_end":1576623706590,"request_duration":21842,"type":"512"}
{"start":1576623695442,"end":1576623706597,"duration":11155,"downloading_duration":1014,"execution_duration":9559,"uploading_duration":582,"executable":"ellipsoids-openmp","args":["0.dat","035.log","035.xoutput"],"id":41,"resource":"512","request_start":1576623684747,"request_end":1576623706622,"request_duration":21875,"type":"512"}
{"start":1576623696224,"end":1576623706625,"duration":10401,"downloading_duration":1025,"execution_duration":8784,"uploading_duration":592,"executable":"ellipsoids-openmp","args":["3.dat","36.log","36.xoutput"],"id":147,"resource":"512","request_start":1576623684820,"request_end":1576623706646,"request_duration":21826,"type":"512"}
{"start":1576623695497,"end":1576623706626,"duration":11129,"downloading_duration":1120,"execution_duration":9368,"uploading_duration":641,"executable":"ellipsoids-openmp","args":["0.dat","042.log","042.xoutput"],"id":48,"resource":"512","request_start":1576623684751,"request_end":1576623706660,"request_duration":21909,"type":"512"}
{"start":1576623695589,"end":1576623706670,"duration":11081,"downloading_duration":1096,"execution_duration":9360,"uploading_duration":625,"executable":"ellipsoids-openmp","args":["0.dat","02.log","02.xoutput"],"id":8,"resource":"512","request_start":1576623684754,"request_end":1576623706693,"request_duration":21939,"type":"512"}
{"start":1576623695337,"end":1576623706728,"duration":11391,"downloading_duration":1111,"execution_duration":9561,"uploading_duration":719,"executable":"ellipsoids-openmp","args":["0.dat","024.log","024.xoutput"],"id":30,"resource":"512","request_start":1576623684741,"request_end":1576623706750,"request_duration":22009,"type":"512"}
{"start":1576623695475,"end":1576623706785,"duration":11310,"downloading_duration":1021,"execution_duration":9661,"uploading_duration":628,"executable":"ellipsoids-openmp","args":["0.dat","041.log","041.xoutput"],"id":47,"resource":"512","request_start":1576623684751,"request_end":1576623706807,"request_duration":22056,"type":"512"}
{"start":1576623696631,"end":1576623707062,"duration":10431,"downloading_duration":1090,"execution_duration":8762,"uploading_duration":579,"executable":"ellipsoids-openmp","args":["3.dat","39.log","39.xoutput"],"id":150,"resource":"512","request_start":1576623684823,"request_end":1576623707087,"request_duration":22264,"type":"512"}
{"start":1576623696589,"end":1576623707242,"duration":10653,"downloading_duration":1221,"execution_duration":8802,"uploading_duration":630,"executable":"ellipsoids-openmp","args":["3.dat","38.log","38.xoutput"],"id":149,"resource":"512","request_start":1576623684822,"request_end":1576623707267,"request_duration":22445,"type":"512"}
{"start":1576623695284,"end":1576623707923,"duration":12639,"downloading_duration":3136,"execution_duration":8911,"uploading_duration":592,"executable":"ellipsoids-openmp","args":["0.dat","017.log","017.xoutput"],"id":23,"resource":"512","request_start":1576623684737,"request_end":1576623707950,"request_duration":23213,"type":"512"}
{"start":1576623703203,"end":1576623712319,"duration":9116,"downloading_duration":1049,"execution_duration":7452,"uploading_duration":615,"executable":"ellipsoids-openmp","args":["3.dat","310.log","310.xoutput"],"id":151,"resource":"512","request_start":1576623684824,"request_end":1576623712342,"request_duration":27518,"type":"512"}
{"start":1576623706018,"end":1576623715933,"duration":9915,"downloading_duration":1015,"execution_duration":8298,"uploading_duration":602,"executable":"ellipsoids-openmp","args":["3.dat","316.log","316.xoutput"],"id":157,"resource":"512","request_start":1576623684829,"request_end":1576623715958,"request_duration":31129,"type":"512"}
{"start":1576623705973,"end":1576623715950,"duration":9977,"downloading_duration":1155,"execution_duration":8222,"uploading_duration":600,"executable":"ellipsoids-openmp","args":["3.dat","312.log","312.xoutput"],"id":153,"resource":"512","request_start":1576623684826,"request_end":1576623715972,"request_duration":31146,"type":"512"}
{"start":1576623706119,"end":1576623716110,"duration":9991,"downloading_duration":1031,"execution_duration":8339,"uploading_duration":621,"executable":"ellipsoids-openmp","args":["3.dat","319.log","319.xoutput"],"id":160,"resource":"512","request_start":1576623684831,"request_end":1576623716131,"request_duration":31300,"type":"512"}
{"start":1576623705976,"end":1576623716167,"duration":10191,"downloading_duration":1094,"execution_duration":8460,"uploading_duration":637,"executable":"ellipsoids-openmp","args":["3.dat","313.log","313.xoutput"],"id":154,"resource":"512","request_start":1576623684826,"request_end":1576623716190,"request_duration":31364,"type":"512"}
{"start":1576623706013,"end":1576623716173,"duration":10160,"downloading_duration":1089,"execution_duration":8462,"uploading_duration":609,"executable":"ellipsoids-openmp","args":["3.dat","315.log","315.xoutput"],"id":156,"resource":"512","request_start":1576623684828,"request_end":1576623716197,"request_duration":31369,"type":"512"}
{"start":1576623706374,"end":1576623716238,"duration":9864,"downloading_duration":1079,"execution_duration":8137,"uploading_duration":648,"executable":"ellipsoids-openmp","args":["3.dat","327.log","327.xoutput"],"id":168,"resource":"512","request_start":1576623684835,"request_end":1576623716261,"request_duration":31426,"type":"512"}
{"start":1576623706104,"end":1576623716254,"duration":10150,"downloading_duration":1131,"execution_duration":8041,"uploading_duration":978,"executable":"ellipsoids-openmp","args":["3.dat","318.log","318.xoutput"],"id":159,"resource":"512","request_start":1576623684830,"request_end":1576623716277,"request_duration":31447,"type":"512"}
{"start":1576623706195,"end":1576623716264,"duration":10069,"downloading_duration":1108,"execution_duration":8362,"uploading_duration":599,"executable":"ellipsoids-openmp","args":["3.dat","321.log","321.xoutput"],"id":162,"resource":"512","request_start":1576623684832,"request_end":1576623716288,"request_duration":31456,"type":"512"}
{"start":1576623706541,"end":1576623716293,"duration":9752,"downloading_duration":1037,"execution_duration":8064,"uploading_duration":651,"executable":"ellipsoids-openmp","args":["3.dat","344.log","344.xoutput"],"id":185,"resource":"512","request_start":1576623684845,"request_end":1576623716313,"request_duration":31468,"type":"512"}
{"start":1576623706094,"end":1576623716291,"duration":10197,"downloading_duration":1021,"execution_duration":8501,"uploading_duration":675,"executable":"ellipsoids-openmp","args":["3.dat","317.log","317.xoutput"],"id":158,"resource":"512","request_start":1576623684829,"request_end":1576623716321,"request_duration":31492,"type":"512"}
{"start":1576623706001,"end":1576623716325,"duration":10324,"downloading_duration":1146,"execution_duration":8417,"uploading_duration":761,"executable":"ellipsoids-openmp","args":["3.dat","314.log","314.xoutput"],"id":155,"resource":"512","request_start":1576623684827,"request_end":1576623716350,"request_duration":31523,"type":"512"}
{"start":1576623706177,"end":1576623716345,"duration":10168,"downloading_duration":1099,"execution_duration":8423,"uploading_duration":646,"executable":"ellipsoids-openmp","args":["3.dat","320.log","320.xoutput"],"id":161,"resource":"512","request_start":1576623684831,"request_end":1576623716370,"request_duration":31539,"type":"512"}
{"start":1576623706295,"end":1576623716360,"duration":10065,"downloading_duration":1149,"execution_duration":8342,"uploading_duration":574,"executable":"ellipsoids-openmp","args":["3.dat","323.log","323.xoutput"],"id":164,"resource":"512","request_start":1576623684833,"request_end":1576623716382,"request_duration":31549,"type":"512"}
{"start":1576623706422,"end":1576623716374,"duration":9952,"downloading_duration":1007,"execution_duration":8341,"uploading_duration":604,"executable":"ellipsoids-openmp","args":["3.dat","332.log","332.xoutput"],"id":173,"resource":"512","request_start":1576623684838,"request_end":1576623716397,"request_duration":31559,"type":"512"}
{"start":1576623706254,"end":1576623716392,"duration":10138,"downloading_duration":1082,"execution_duration":8420,"uploading_duration":636,"executable":"ellipsoids-openmp","args":["3.dat","322.log","322.xoutput"],"id":163,"resource":"512","request_start":1576623684832,"request_end":1576623716415,"request_duration":31583,"type":"512"}
{"start":1576623705849,"end":1576623716441,"duration":10592,"downloading_duration":1540,"execution_duration":8460,"uploading_duration":592,"executable":"ellipsoids-openmp","args":["3.dat","311.log","311.xoutput"],"id":152,"resource":"512","request_start":1576623684825,"request_end":1576623716465,"request_duration":31640,"type":"512"}
{"start":1576623706497,"end":1576623716448,"duration":9951,"downloading_duration":1037,"execution_duration":8281,"uploading_duration":633,"executable":"ellipsoids-openmp","args":["3.dat","338.log","338.xoutput"],"id":179,"resource":"512","request_start":1576623684842,"request_end":1576623716471,"request_duration":31629,"type":"512"}
{"start":1576623706322,"end":1576623716454,"duration":10132,"downloading_duration":1077,"execution_duration":8441,"uploading_duration":614,"executable":"ellipsoids-openmp","args":["3.dat","324.log","324.xoutput"],"id":165,"resource":"512","request_start":1576623684833,"request_end":1576623716480,"request_duration":31647,"type":"512"}
{"start":1576623706459,"end":1576623716464,"duration":10005,"downloading_duration":1025,"execution_duration":8322,"uploading_duration":658,"executable":"ellipsoids-openmp","args":["3.dat","334.log","334.xoutput"],"id":175,"resource":"512","request_start":1576623684839,"request_end":1576623716487,"request_duration":31648,"type":"512"}
{"start":1576623706405,"end":1576623716481,"duration":10076,"downloading_duration":1079,"execution_duration":8401,"uploading_duration":596,"executable":"ellipsoids-openmp","args":["3.dat","330.log","330.xoutput"],"id":171,"resource":"512","request_start":1576623684837,"request_end":1576623716504,"request_duration":31667,"type":"512"}
{"start":1576623706413,"end":1576623716491,"duration":10078,"downloading_duration":1031,"execution_duration":8445,"uploading_duration":602,"executable":"ellipsoids-openmp","args":["3.dat","331.log","331.xoutput"],"id":172,"resource":"512","request_start":1576623684838,"request_end":1576623716516,"request_duration":31678,"type":"512"}
{"start":1576623706331,"end":1576623716514,"duration":10183,"downloading_duration":1092,"execution_duration":8502,"uploading_duration":589,"executable":"ellipsoids-openmp","args":["3.dat","325.log","325.xoutput"],"id":166,"resource":"512","request_start":1576623684834,"request_end":1576623716536,"request_duration":31702,"type":"512"}
{"start":1576623706339,"end":1576623716536,"duration":10197,"downloading_duration":1066,"execution_duration":8540,"uploading_duration":591,"executable":"ellipsoids-openmp","args":["3.dat","326.log","326.xoutput"],"id":167,"resource":"512","request_start":1576623684835,"request_end":1576623716561,"request_duration":31726,"type":"512"}
{"start":1576623706533,"end":1576623716537,"duration":10004,"downloading_duration":1027,"execution_duration":8401,"uploading_duration":576,"executable":"ellipsoids-openmp","args":["3.dat","343.log","343.xoutput"],"id":184,"resource":"512","request_start":1576623684844,"request_end":1576623716561,"request_duration":31717,"type":"512"}
{"start":1576623706512,"end":1576623716543,"duration":10031,"downloading_duration":1004,"execution_duration":8439,"uploading_duration":588,"executable":"ellipsoids-openmp","args":["3.dat","342.log","342.xoutput"],"id":183,"resource":"512","request_start":1576623684844,"request_end":1576623716565,"request_duration":31721,"type":"512"}
{"start":1576623706472,"end":1576623716554,"duration":10082,"downloading_duration":1045,"execution_duration":8381,"uploading_duration":656,"executable":"ellipsoids-openmp","args":["3.dat","335.log","335.xoutput"],"id":176,"resource":"512","request_start":1576623684840,"request_end":1576623716576,"request_duration":31736,"type":"512"}
{"start":1576623706427,"end":1576623716576,"duration":10149,"downloading_duration":1162,"execution_duration":8343,"uploading_duration":644,"executable":"ellipsoids-openmp","args":["3.dat","333.log","333.xoutput"],"id":174,"resource":"512","request_start":1576623684839,"request_end":1576623716599,"request_duration":31760,"type":"512"}
{"start":1576623706513,"end":1576623716603,"duration":10090,"downloading_duration":1031,"execution_duration":8439,"uploading_duration":620,"executable":"ellipsoids-openmp","args":["3.dat","341.log","341.xoutput"],"id":182,"resource":"512","request_start":1576623684843,"request_end":1576623716625,"request_duration":31782,"type":"512"}
{"start":1576623706397,"end":1576623716610,"duration":10213,"downloading_duration":1134,"execution_duration":8422,"uploading_duration":657,"executable":"ellipsoids-openmp","args":["3.dat","329.log","329.xoutput"],"id":170,"resource":"512","request_start":1576623684836,"request_end":1576623716633,"request_duration":31797,"type":"512"}
{"start":1576623706500,"end":1576623716620,"duration":10120,"downloading_duration":1000,"execution_duration":8437,"uploading_duration":683,"executable":"ellipsoids-openmp","args":["3.dat","340.log","340.xoutput"],"id":181,"resource":"512","request_start":1576623684843,"request_end":1576623716646,"request_duration":31803,"type":"512"}
{"start":1576623706478,"end":1576623716644,"duration":10166,"downloading_duration":1017,"execution_duration":8500,"uploading_duration":649,"executable":"ellipsoids-openmp","args":["3.dat","336.log","336.xoutput"],"id":177,"resource":"512","request_start":1576623684840,"request_end":1576623716666,"request_duration":31826,"type":"512"}
{"start":1576623706375,"end":1576623716647,"duration":10272,"downloading_duration":1158,"execution_duration":8539,"uploading_duration":575,"executable":"ellipsoids-openmp","args":["3.dat","328.log","328.xoutput"],"id":169,"resource":"512","request_start":1576623684836,"request_end":1576623716676,"request_duration":31840,"type":"512"}
{"start":1576623706503,"end":1576623716686,"duration":10183,"downloading_duration":1158,"execution_duration":8420,"uploading_duration":605,"executable":"ellipsoids-openmp","args":["3.dat","339.log","339.xoutput"],"id":180,"resource":"512","request_start":1576623684842,"request_end":1576623716709,"request_duration":31867,"type":"512"}
{"start":1576623706480,"end":1576623716696,"duration":10216,"downloading_duration":1135,"execution_duration":8477,"uploading_duration":604,"executable":"ellipsoids-openmp","args":["3.dat","337.log","337.xoutput"],"id":178,"resource":"512","request_start":1576623684841,"request_end":1576623716719,"request_duration":31878,"type":"512"}
{"start":1576623706566,"end":1576623717553,"duration":10987,"downloading_duration":1124,"execution_duration":9263,"uploading_duration":600,"executable":"ellipsoids-openmp","args":["2.dat","27.log","27.xoutput"],"id":103,"resource":"512","request_start":1576623684881,"request_end":1576623717645,"request_duration":32764,"type":"512"}
{"start":1576623706546,"end":1576623717586,"duration":11040,"downloading_duration":1116,"execution_duration":9342,"uploading_duration":582,"executable":"ellipsoids-openmp","args":["2.dat","24.log","24.xoutput"],"id":100,"resource":"512","request_start":1576623684879,"request_end":1576623717664,"request_duration":32785,"type":"512"}
{"start":1576623706559,"end":1576623717563,"duration":11004,"downloading_duration":1087,"execution_duration":9300,"uploading_duration":617,"executable":"ellipsoids-openmp","args":["2.dat","26.log","26.xoutput"],"id":102,"resource":"512","request_start":1576623684880,"request_end":1576623717670,"request_duration":32790,"type":"512"}
{"start":1576623706715,"end":1576623717635,"duration":10920,"downloading_duration":1029,"execution_duration":9301,"uploading_duration":590,"executable":"ellipsoids-openmp","args":["2.dat","213.log","213.xoutput"],"id":109,"resource":"512","request_start":1576623684884,"request_end":1576623717677,"request_duration":32793,"type":"512"}
{"start":1576623706689,"end":1576623717664,"duration":10975,"downloading_duration":1075,"execution_duration":9323,"uploading_duration":577,"executable":"ellipsoids-openmp","args":["2.dat","212.log","212.xoutput"],"id":108,"resource":"512","request_start":1576623684884,"request_end":1576623717690,"request_duration":32806,"type":"512"}
{"start":1576623706773,"end":1576623717719,"duration":10946,"downloading_duration":1075,"execution_duration":9282,"uploading_duration":589,"executable":"ellipsoids-openmp","args":["2.dat","214.log","214.xoutput"],"id":110,"resource":"512","request_start":1576623684885,"request_end":1576623717742,"request_duration":32857,"type":"512"}
{"start":1576623706558,"end":1576623717772,"duration":11214,"downloading_duration":1178,"execution_duration":9439,"uploading_duration":597,"executable":"ellipsoids-openmp","args":["2.dat","25.log","25.xoutput"],"id":101,"resource":"512","request_start":1576623684880,"request_end":1576623717797,"request_duration":32917,"type":"512"}
{"start":1576623706612,"end":1576623717774,"duration":11162,"downloading_duration":1083,"execution_duration":9401,"uploading_duration":678,"executable":"ellipsoids-openmp","args":["2.dat","29.log","29.xoutput"],"id":105,"resource":"512","request_start":1576623684882,"request_end":1576623717801,"request_duration":32919,"type":"512"}
{"start":1576623706831,"end":1576623717799,"duration":10968,"downloading_duration":1124,"execution_duration":9262,"uploading_duration":582,"executable":"ellipsoids-openmp","args":["2.dat","215.log","215.xoutput"],"id":111,"resource":"512","request_start":1576623684885,"request_end":1576623717822,"request_duration":32937,"type":"512"}
{"start":1576623706669,"end":1576623717856,"duration":11187,"downloading_duration":1120,"execution_duration":9302,"uploading_duration":765,"executable":"ellipsoids-openmp","args":["2.dat","211.log","211.xoutput"],"id":107,"resource":"512","request_start":1576623684883,"request_end":1576623717883,"request_duration":33000,"type":"512"}
{"start":1576623706645,"end":1576623717920,"duration":11275,"downloading_duration":1096,"execution_duration":9600,"uploading_duration":579,"executable":"ellipsoids-openmp","args":["2.dat","210.log","210.xoutput"],"id":106,"resource":"512","request_start":1576623684883,"request_end":1576623717941,"request_duration":33058,"type":"512"}
{"start":1576623706583,"end":1576623717943,"duration":11360,"downloading_duration":1093,"execution_duration":9641,"uploading_duration":626,"executable":"ellipsoids-openmp","args":["2.dat","28.log","28.xoutput"],"id":104,"resource":"512","request_start":1576623684882,"request_end":1576623717967,"request_duration":33085,"type":"512"}
{"start":1576623716679,"end":1576623718548,"duration":1869,"downloading_duration":1458,"execution_duration":20,"uploading_duration":391,"executable":"mean-pack-ell","args":["10.xoutput","11.xoutput","12.xoutput","13.xoutput","14.xoutput","15.xoutput","16.xoutput","17.xoutput","18.xoutput","19.xoutput","110.xoutput","111.xoutput","112.xoutput","113.xoutput","114.xoutput","115.xoutput","116.xoutput","117.xoutput","118.xoutput","119.xoutput","120.xoutput","121.xoutput","122.xoutput","123.xoutput","124.xoutput","125.xoutput","126.xoutput","127.xoutput","128.xoutput","129.xoutput","130.xoutput","131.xoutput","132.xoutput","133.xoutput","134.xoutput","135.xoutput","136.xoutput","137.xoutput","138.xoutput","139.xoutput","140.xoutput","141.xoutput","142.xoutput","143.xoutput","144.xoutput","average_1.txt"],"id":187,"resource":"512","request_start":1576623695697,"request_end":1576623718572,"request_duration":22875,"type":"512"}
{"start":1576623716694,"end":1576623718582,"duration":1888,"downloading_duration":1503,"execution_duration":3,"uploading_duration":382,"executable":"mean-pack-ell","args":["00.xoutput","01.xoutput","02.xoutput","03.xoutput","04.xoutput","05.xoutput","06.xoutput","07.xoutput","08.xoutput","09.xoutput","010.xoutput","011.xoutput","012.xoutput","013.xoutput","014.xoutput","015.xoutput","016.xoutput","017.xoutput","018.xoutput","019.xoutput","020.xoutput","021.xoutput","022.xoutput","023.xoutput","024.xoutput","025.xoutput","026.xoutput","027.xoutput","028.xoutput","029.xoutput","030.xoutput","031.xoutput","032.xoutput","033.xoutput","034.xoutput","035.xoutput","036.xoutput","037.xoutput","038.xoutput","039.xoutput","040.xoutput","041.xoutput","042.xoutput","043.xoutput","044.xoutput","average_0.txt"],"id":186,"resource":"512","request_start":1576623707969,"request_end":1576623718612,"request_duration":10643,"type":"512"}
{"start":1576623707108,"end":1576623718647,"duration":11539,"downloading_duration":1094,"execution_duration":9841,"uploading_duration":604,"executable":"ellipsoids-openmp","args":["2.dat","216.log","216.xoutput"],"id":112,"resource":"512","request_start":1576623684886,"request_end":1576623718669,"request_duration":33783,"type":"512"}
{"start":1576623707974,"end":1576623718728,"duration":10754,"downloading_duration":1077,"execution_duration":9060,"uploading_duration":617,"executable":"ellipsoids-openmp","args":["2.dat","218.log","218.xoutput"],"id":114,"resource":"512","request_start":1576623684887,"request_end":1576623718751,"request_duration":33864,"type":"512"}
{"start":1576623707294,"end":1576623718871,"duration":11577,"downloading_duration":1117,"execution_duration":9861,"uploading_duration":599,"executable":"ellipsoids-openmp","args":["2.dat","217.log","217.xoutput"],"id":113,"resource":"512","request_start":1576623684886,"request_end":1576623718897,"request_duration":34011,"type":"512"}
{"start":1576623716845,"end":1576623718875,"duration":2030,"downloading_duration":1569,"execution_duration":19,"uploading_duration":442,"executable":"mean-pack-ell","args":["30.xoutput","31.xoutput","32.xoutput","33.xoutput","34.xoutput","35.xoutput","36.xoutput","37.xoutput","38.xoutput","39.xoutput","310.xoutput","311.xoutput","312.xoutput","313.xoutput","314.xoutput","315.xoutput","316.xoutput","317.xoutput","318.xoutput","319.xoutput","320.xoutput","321.xoutput","322.xoutput","323.xoutput","324.xoutput","325.xoutput","326.xoutput","327.xoutput","328.xoutput","329.xoutput","330.xoutput","331.xoutput","332.xoutput","333.xoutput","334.xoutput","335.xoutput","336.xoutput","337.xoutput","338.xoutput","339.xoutput","340.xoutput","341.xoutput","342.xoutput","343.xoutput","344.xoutput","average_3.txt"],"id":189,"resource":"512","request_start":1576623716729,"request_end":1576623718903,"request_duration":2174,"type":"512"}
{"start":1576623712365,"end":1576623720785,"duration":8420,"downloading_duration":1054,"execution_duration":6724,"uploading_duration":642,"executable":"ellipsoids-openmp","args":["2.dat","219.log","219.xoutput"],"id":115,"resource":"512","request_start":1576623684887,"request_end":1576623720807,"request_duration":35920,"type":"512"}
{"start":1576623715987,"end":1576623726582,"duration":10595,"downloading_duration":1081,"execution_duration":8960,"uploading_duration":554,"executable":"ellipsoids-openmp","args":["2.dat","220.log","220.xoutput"],"id":116,"resource":"512","request_start":1576623684888,"request_end":1576623726606,"request_duration":41718,"type":"512"}
{"start":1576623715994,"end":1576623726938,"duration":10944,"downloading_duration":1076,"execution_duration":9181,"uploading_duration":687,"executable":"ellipsoids-openmp","args":["2.dat","221.log","221.xoutput"],"id":117,"resource":"512","request_start":1576623684888,"request_end":1576623726959,"request_duration":42071,"type":"512"}
{"start":1576623716211,"end":1576623727041,"duration":10830,"downloading_duration":1021,"execution_duration":9234,"uploading_duration":575,"executable":"ellipsoids-openmp","args":["2.dat","223.log","223.xoutput"],"id":119,"resource":"512","request_start":1576623684889,"request_end":1576623727065,"request_duration":42176,"type":"512"}
{"start":1576623716160,"end":1576623727061,"duration":10901,"downloading_duration":1128,"execution_duration":9181,"uploading_duration":592,"executable":"ellipsoids-openmp","args":["2.dat","222.log","222.xoutput"],"id":118,"resource":"512","request_start":1576623684889,"request_end":1576623727084,"request_duration":42195,"type":"512"}
{"start":1576623716216,"end":1576623727113,"duration":10897,"downloading_duration":1036,"execution_duration":9260,"uploading_duration":601,"executable":"ellipsoids-openmp","args":["2.dat","224.log","224.xoutput"],"id":120,"resource":"512","request_start":1576623684890,"request_end":1576623727137,"request_duration":42247,"type":"512"}
{"start":1576623716423,"end":1576623727180,"duration":10757,"downloading_duration":1013,"execution_duration":9118,"uploading_duration":626,"executable":"ellipsoids-openmp","args":["2.dat","233.log","233.xoutput"],"id":129,"resource":"512","request_start":1576623684896,"request_end":1576623727206,"request_duration":42310,"type":"512"}
{"start":1576623716488,"end":1576623727228,"duration":10740,"downloading_duration":1057,"execution_duration":9100,"uploading_duration":583,"executable":"ellipsoids-openmp","args":["2.dat","235.log","235.xoutput"],"id":131,"resource":"512","request_start":1576623684898,"request_end":1576623727252,"request_duration":42354,"type":"512"}
{"start":1576623716316,"end":1576623727252,"duration":10936,"downloading_duration":1145,"execution_duration":9178,"uploading_duration":613,"executable":"ellipsoids-openmp","args":["2.dat","227.log","227.xoutput"],"id":123,"resource":"512","request_start":1576623684892,"request_end":1576623727274,"request_duration":42382,"type":"512"}
{"start":1576623716372,"end":1576623727290,"duration":10918,"downloading_duration":1155,"execution_duration":9138,"uploading_duration":625,"executable":"ellipsoids-openmp","args":["2.dat","230.log","230.xoutput"],"id":126,"resource":"512","request_start":1576623684893,"request_end":1576623727317,"request_duration":42424,"type":"512"}
{"start":1576623716393,"end":1576623727302,"duration":10909,"downloading_duration":1058,"execution_duration":9258,"uploading_duration":593,"executable":"ellipsoids-openmp","args":["2.dat","231.log","231.xoutput"],"id":127,"resource":"512","request_start":1576623684895,"request_end":1576623727323,"request_duration":42428,"type":"512"}
{"start":1576623716598,"end":1576623727311,"duration":10713,"downloading_duration":1119,"execution_duration":9010,"uploading_duration":584,"executable":"ellipsoids-openmp","args":["2.dat","20.log","20.xoutput"],"id":96,"resource":"512","request_start":1576623684907,"request_end":1576623727341,"request_duration":42434,"type":"512"}
{"start":1576623716443,"end":1576623727401,"duration":10958,"downloading_duration":1047,"execution_duration":9261,"uploading_duration":650,"executable":"ellipsoids-openmp","args":["2.dat","234.log","234.xoutput"],"id":130,"resource":"512","request_start":1576623684897,"request_end":1576623727425,"request_duration":42528,"type":"512"}
{"start":1576623716620,"end":1576623727403,"duration":10783,"downloading_duration":1091,"execution_duration":9100,"uploading_duration":592,"executable":"ellipsoids-openmp","args":["2.dat","21.log","21.xoutput"],"id":97,"resource":"512","request_start":1576623684907,"request_end":1576623727426,"request_duration":42519,"type":"512"}
{"start":1576623716506,"end":1576623727411,"duration":10905,"downloading_duration":1003,"execution_duration":9278,"uploading_duration":624,"executable":"ellipsoids-openmp","args":["2.dat","237.log","237.xoutput"],"id":133,"resource":"512","request_start":1576623684899,"request_end":1576623727436,"request_duration":42537,"type":"512"}
{"start":1576623716344,"end":1576623727426,"duration":11082,"downloading_duration":1031,"execution_duration":9460,"uploading_duration":591,"executable":"ellipsoids-openmp","args":["2.dat","229.log","229.xoutput"],"id":125,"resource":"512","request_start":1576623684893,"request_end":1576623727449,"request_duration":42556,"type":"512"}
{"start":1576623716299,"end":1576623727425,"duration":11126,"downloading_duration":1095,"execution_duration":9402,"uploading_duration":629,"executable":"ellipsoids-openmp","args":["2.dat","226.log","226.xoutput"],"id":122,"resource":"512","request_start":1576623684891,"request_end":1576623727455,"request_duration":42564,"type":"512"}
{"start":1576623716541,"end":1576623727435,"duration":10894,"downloading_duration":1076,"execution_duration":9178,"uploading_duration":640,"executable":"ellipsoids-openmp","args":["2.dat","240.log","240.xoutput"],"id":136,"resource":"512","request_start":1576623684902,"request_end":1576623727480,"request_duration":42578,"type":"512"}
{"start":1576623716590,"end":1576623727445,"duration":10855,"downloading_duration":1099,"execution_duration":9180,"uploading_duration":576,"executable":"ellipsoids-openmp","args":["2.dat","243.log","243.xoutput"],"id":139,"resource":"512","request_start":1576623684904,"request_end":1576623727487,"request_duration":42583,"type":"512"}
{"start":1576623716283,"end":1576623727451,"duration":11168,"downloading_duration":1019,"execution_duration":9501,"uploading_duration":648,"executable":"ellipsoids-openmp","args":["2.dat","225.log","225.xoutput"],"id":121,"resource":"512","request_start":1576623684891,"request_end":1576623727488,"request_duration":42597,"type":"512"}
{"start":1576623716333,"end":1576623727457,"duration":11124,"downloading_duration":1030,"execution_duration":9523,"uploading_duration":571,"executable":"ellipsoids-openmp","args":["2.dat","228.log","228.xoutput"],"id":124,"resource":"512","request_start":1576623684892,"request_end":1576623727490,"request_duration":42598,"type":"512"}
{"start":1576623716408,"end":1576623727481,"duration":11073,"downloading_duration":1189,"execution_duration":9263,"uploading_duration":621,"executable":"ellipsoids-openmp","args":["2.dat","232.log","232.xoutput"],"id":128,"resource":"512","request_start":1576623684896,"request_end":1576623727508,"request_duration":42612,"type":"512"}
{"start":1576623716560,"end":1576623727572,"duration":11012,"downloading_duration":1121,"execution_duration":9277,"uploading_duration":614,"executable":"ellipsoids-openmp","args":["2.dat","241.log","241.xoutput"],"id":137,"resource":"512","request_start":1576623684902,"request_end":1576623727597,"request_duration":42695,"type":"512"}
{"start":1576623716591,"end":1576623727662,"duration":11071,"downloading_duration":1028,"execution_duration":9462,"uploading_duration":581,"executable":"ellipsoids-openmp","args":["2.dat","244.log","244.xoutput"],"id":140,"resource":"512","request_start":1576623684905,"request_end":1576623727684,"request_duration":42779,"type":"512"}
{"start":1576623716513,"end":1576623727670,"duration":11157,"downloading_duration":1205,"execution_duration":9345,"uploading_duration":607,"executable":"ellipsoids-openmp","args":["2.dat","238.log","238.xoutput"],"id":134,"resource":"512","request_start":1576623684900,"request_end":1576623727691,"request_duration":42791,"type":"512"}
{"start":1576623716655,"end":1576623727678,"duration":11023,"downloading_duration":1015,"execution_duration":9344,"uploading_duration":664,"executable":"ellipsoids-openmp","args":["2.dat","23.log","23.xoutput"],"id":99,"resource":"512","request_start":1576623684909,"request_end":1576623727702,"request_duration":42793,"type":"512"}
{"start":1576623716493,"end":1576623727718,"duration":11225,"downloading_duration":1070,"execution_duration":9562,"uploading_duration":593,"executable":"ellipsoids-openmp","args":["2.dat","236.log","236.xoutput"],"id":132,"resource":"512","request_start":1576623684898,"request_end":1576623727744,"request_duration":42846,"type":"512"}
{"start":1576623716524,"end":1576623727760,"duration":11236,"downloading_duration":1076,"execution_duration":9581,"uploading_duration":579,"executable":"ellipsoids-openmp","args":["2.dat","239.log","239.xoutput"],"id":135,"resource":"512","request_start":1576623684901,"request_end":1576623727782,"request_duration":42881,"type":"512"}
{"start":1576623716651,"end":1576623727840,"duration":11189,"downloading_duration":1044,"execution_duration":9320,"uploading_duration":825,"executable":"ellipsoids-openmp","args":["2.dat","22.log","22.xoutput"],"id":98,"resource":"512","request_start":1576623684908,"request_end":1576623727862,"request_duration":42954,"type":"512"}
{"start":1576623716581,"end":1576623729148,"duration":12567,"downloading_duration":2731,"execution_duration":9241,"uploading_duration":595,"executable":"ellipsoids-openmp","args":["2.dat","242.log","242.xoutput"],"id":138,"resource":"512","request_start":1576623684903,"request_end":1576623729169,"request_duration":44266,"type":"512"}
{"start":1576623729360,"end":1576623731200,"duration":1840,"downloading_duration":1453,"execution_duration":20,"uploading_duration":367,"executable":"mean-pack-ell","args":["20.xoutput","21.xoutput","22.xoutput","23.xoutput","24.xoutput","25.xoutput","26.xoutput","27.xoutput","28.xoutput","29.xoutput","210.xoutput","211.xoutput","212.xoutput","213.xoutput","214.xoutput","215.xoutput","216.xoutput","217.xoutput","218.xoutput","219.xoutput","220.xoutput","221.xoutput","222.xoutput","223.xoutput","224.xoutput","225.xoutput","226.xoutput","227.xoutput","228.xoutput","229.xoutput","230.xoutput","231.xoutput","232.xoutput","233.xoutput","234.xoutput","235.xoutput","236.xoutput","237.xoutput","238.xoutput","239.xoutput","240.xoutput","241.xoutput","242.xoutput","243.xoutput","244.xoutput","average_2.txt"],"id":188,"resource":"512","request_start":1576623729175,"request_end":1576623731223,"request_duration":2048,"type":"512"}
{"start":1576623731380,"end":1576623732521,"duration":1141,"downloading_duration":435,"execution_duration":257,"uploading_duration":449,"executable":"summary.js","args":[],"id":190,"resource":"512","request_start":1576623731231,"request_end":1576623732542,"request_duration":1311,"type":"512"}
