{"start":1576623629489,"end":1576623630924,"duration":1435,"downloading_duration":674,"execution_duration":263,"uploading_duration":498,"executable":"generateData.js","args":[],"id":1,"resource":"512","request_start":1576623628799,"request_end":1576623630960,"request_duration":2161,"type":"512"}
{"start":1576623631091,"end":1576623632188,"duration":1097,"downloading_duration":379,"execution_duration":255,"uploading_duration":463,"executable":"createDat.js","args":["0.dat"],"id":2,"resource":"512","request_start":1576623630971,"request_end":1576623632211,"request_duration":1240,"type":"512"}
{"start":1576623631586,"end":1576623633057,"duration":1471,"downloading_duration":667,"execution_duration":279,"uploading_duration":525,"executable":"createDat.js","args":["2.dat"],"id":4,"resource":"512","request_start":1576623630982,"request_end":1576623633082,"request_duration":2100,"type":"512"}
{"start":1576623631593,"end":1576623633084,"duration":1491,"downloading_duration":713,"execution_duration":271,"uploading_duration":507,"executable":"createDat.js","args":["1.dat"],"id":3,"resource":"512","request_start":1576623630977,"request_end":1576623633118,"request_duration":2141,"type":"512"}
{"start":1576623631573,"end":1576623633101,"duration":1528,"downloading_duration":706,"execution_duration":269,"uploading_duration":553,"executable":"createDat.js","args":["3.dat"],"id":5,"resource":"512","request_start":1576623630986,"request_end":1576623633180,"request_duration":2194,"type":"512"}
{"start":1576623633317,"end":1576623642891,"duration":9574,"downloading_duration":1303,"execution_duration":7660,"uploading_duration":611,"executable":"ellipsoids-openmp","args":["0.dat","029.log","029.xoutput"],"id":35,"resource":"512","request_start":1576623632284,"request_end":1576623642920,"request_duration":10636,"type":"512"}
{"start":1576623632577,"end":1576623643232,"duration":10655,"downloading_duration":1126,"execution_duration":8921,"uploading_duration":608,"executable":"ellipsoids-openmp","args":["0.dat","07.log","07.xoutput"],"id":13,"resource":"512","request_start":1576623632261,"request_end":1576623643258,"request_duration":10997,"type":"512"}
{"start":1576623633202,"end":1576623644510,"duration":11308,"downloading_duration":1368,"execution_duration":9361,"uploading_duration":579,"executable":"ellipsoids-openmp","args":["0.dat","02.log","02.xoutput"],"id":8,"resource":"512","request_start":1576623632304,"request_end":1576623644534,"request_duration":12230,"type":"512"}
{"start":1576623633207,"end":1576623644640,"duration":11433,"downloading_duration":1120,"execution_duration":9701,"uploading_duration":612,"executable":"ellipsoids-openmp","args":["2.dat","28.log","28.xoutput"],"id":104,"resource":"512","request_start":1576623633131,"request_end":1576623644674,"request_duration":11543,"type":"512"}
{"start":1576623633157,"end":1576623644642,"duration":11485,"downloading_duration":1375,"execution_duration":9381,"uploading_duration":729,"executable":"ellipsoids-openmp","args":["0.dat","03.log","03.xoutput"],"id":9,"resource":"512","request_start":1576623632304,"request_end":1576623644677,"request_duration":12373,"type":"512"}
{"start":1576623633125,"end":1576623644641,"duration":11516,"downloading_duration":1429,"execution_duration":9462,"uploading_duration":625,"executable":"ellipsoids-openmp","args":["0.dat","025.log","025.xoutput"],"id":31,"resource":"512","request_start":1576623632280,"request_end":1576623644679,"request_duration":12399,"type":"512"}
{"start":1576623633130,"end":1576623644694,"duration":11564,"downloading_duration":1392,"execution_duration":9544,"uploading_duration":628,"executable":"ellipsoids-openmp","args":["0.dat","033.log","033.xoutput"],"id":39,"resource":"512","request_start":1576623632288,"request_end":1576623644718,"request_duration":12430,"type":"512"}
{"start":1576623633142,"end":1576623644695,"duration":11553,"downloading_duration":1357,"execution_duration":9558,"uploading_duration":638,"executable":"ellipsoids-openmp","args":["0.dat","027.log","027.xoutput"],"id":33,"resource":"512","request_start":1576623632282,"request_end":1576623644721,"request_duration":12439,"type":"512"}
{"start":1576623633149,"end":1576623644726,"duration":11577,"downloading_duration":1375,"execution_duration":9600,"uploading_duration":602,"executable":"ellipsoids-openmp","args":["0.dat","020.log","020.xoutput"],"id":26,"resource":"512","request_start":1576623632276,"request_end":1576623644751,"request_duration":12475,"type":"512"}
{"start":1576623633144,"end":1576623644728,"duration":11584,"downloading_duration":1374,"execution_duration":9583,"uploading_duration":627,"executable":"ellipsoids-openmp","args":["0.dat","034.log","034.xoutput"],"id":40,"resource":"512","request_start":1576623632289,"request_end":1576623644755,"request_duration":12466,"type":"512"}
{"start":1576623633067,"end":1576623644748,"duration":11681,"downloading_duration":1403,"execution_duration":9682,"uploading_duration":596,"executable":"ellipsoids-openmp","args":["0.dat","09.log","09.xoutput"],"id":15,"resource":"512","request_start":1576623632264,"request_end":1576623644773,"request_duration":12509,"type":"512"}
{"start":1576623633122,"end":1576623644763,"duration":11641,"downloading_duration":1331,"execution_duration":9658,"uploading_duration":652,"executable":"ellipsoids-openmp","args":["0.dat","030.log","030.xoutput"],"id":36,"resource":"512","request_start":1576623632285,"request_end":1576623644788,"request_duration":12503,"type":"512"}
{"start":1576623633038,"end":1576623644765,"duration":11727,"downloading_duration":1457,"execution_duration":9661,"uploading_duration":609,"executable":"ellipsoids-openmp","args":["0.dat","06.log","06.xoutput"],"id":12,"resource":"512","request_start":1576623632259,"request_end":1576623644794,"request_duration":12535,"type":"512"}
{"start":1576623633139,"end":1576623644777,"duration":11638,"downloading_duration":1385,"execution_duration":9661,"uploading_duration":592,"executable":"ellipsoids-openmp","args":["0.dat","035.log","035.xoutput"],"id":41,"resource":"512","request_start":1576623632289,"request_end":1576623644801,"request_duration":12512,"type":"512"}
{"start":1576623633041,"end":1576623644802,"duration":11761,"downloading_duration":1354,"execution_duration":9719,"uploading_duration":688,"executable":"ellipsoids-openmp","args":["0.dat","04.log","04.xoutput"],"id":10,"resource":"512","request_start":1576623632255,"request_end":1576623644826,"request_duration":12571,"type":"512"}
{"start":1576623633153,"end":1576623644811,"duration":11658,"downloading_duration":1443,"execution_duration":9520,"uploading_duration":695,"executable":"ellipsoids-openmp","args":["0.dat","031.log","031.xoutput"],"id":37,"resource":"512","request_start":1576623632286,"request_end":1576623644837,"request_duration":12551,"type":"512"}
{"start":1576623633110,"end":1576623644822,"duration":11712,"downloading_duration":1394,"execution_duration":9681,"uploading_duration":637,"executable":"ellipsoids-openmp","args":["0.dat","018.log","018.xoutput"],"id":24,"resource":"512","request_start":1576623632274,"request_end":1576623644847,"request_duration":12573,"type":"512"}
{"start":1576623633145,"end":1576623644826,"duration":11681,"downloading_duration":1429,"execution_duration":9621,"uploading_duration":631,"executable":"ellipsoids-openmp","args":["0.dat","032.log","032.xoutput"],"id":38,"resource":"512","request_start":1576623632287,"request_end":1576623644852,"request_duration":12565,"type":"512"}
{"start":1576623633114,"end":1576623644828,"duration":11714,"downloading_duration":1410,"execution_duration":9623,"uploading_duration":681,"executable":"ellipsoids-openmp","args":["0.dat","019.log","019.xoutput"],"id":25,"resource":"512","request_start":1576623632275,"request_end":1576623644856,"request_duration":12581,"type":"512"}
{"start":1576623633125,"end":1576623644897,"duration":11772,"downloading_duration":1395,"execution_duration":9761,"uploading_duration":616,"executable":"ellipsoids-openmp","args":["0.dat","022.log","022.xoutput"],"id":28,"resource":"512","request_start":1576623632278,"request_end":1576623644920,"request_duration":12642,"type":"512"}
{"start":1576623633164,"end":1576623644906,"duration":11742,"downloading_duration":1490,"execution_duration":9600,"uploading_duration":652,"executable":"ellipsoids-openmp","args":["0.dat","043.log","043.xoutput"],"id":49,"resource":"512","request_start":1576623632300,"request_end":1576623644929,"request_duration":12629,"type":"512"}
{"start":1576623633295,"end":1576623644929,"duration":11634,"downloading_duration":1155,"execution_duration":9861,"uploading_duration":618,"executable":"ellipsoids-openmp","args":["2.dat","27.log","27.xoutput"],"id":103,"resource":"512","request_start":1576623633129,"request_end":1576623644952,"request_duration":11823,"type":"512"}
{"start":1576623633154,"end":1576623644948,"duration":11794,"downloading_duration":1410,"execution_duration":9759,"uploading_duration":625,"executable":"ellipsoids-openmp","args":["0.dat","038.log","038.xoutput"],"id":44,"resource":"512","request_start":1576623632295,"request_end":1576623644970,"request_duration":12675,"type":"512"}
{"start":1576623633031,"end":1576623644984,"duration":11953,"downloading_duration":1364,"execution_duration":9941,"uploading_duration":648,"executable":"ellipsoids-openmp","args":["0.dat","010.log","010.xoutput"],"id":16,"resource":"512","request_start":1576623632265,"request_end":1576623645009,"request_duration":12744,"type":"512"}
{"start":1576623633122,"end":1576623644991,"duration":11869,"downloading_duration":1384,"execution_duration":9662,"uploading_duration":823,"executable":"ellipsoids-openmp","args":["0.dat","024.log","024.xoutput"],"id":30,"resource":"512","request_start":1576623632279,"request_end":1576623645017,"request_duration":12738,"type":"512"}
{"start":1576623633155,"end":1576623644990,"duration":11835,"downloading_duration":1475,"execution_duration":9682,"uploading_duration":678,"executable":"ellipsoids-openmp","args":["0.dat","036.log","036.xoutput"],"id":42,"resource":"512","request_start":1576623632290,"request_end":1576623645018,"request_duration":12728,"type":"512"}
{"start":1576623633123,"end":1576623645020,"duration":11897,"downloading_duration":1361,"execution_duration":9921,"uploading_duration":615,"executable":"ellipsoids-openmp","args":["0.dat","026.log","026.xoutput"],"id":32,"resource":"512","request_start":1576623632281,"request_end":1576623645043,"request_duration":12762,"type":"512"}
{"start":1576623633048,"end":1576623645023,"duration":11975,"downloading_duration":1311,"execution_duration":9978,"uploading_duration":686,"executable":"ellipsoids-openmp","args":["0.dat","015.log","015.xoutput"],"id":21,"resource":"512","request_start":1576623632271,"request_end":1576623645047,"request_duration":12776,"type":"512"}
{"start":1576623633135,"end":1576623645024,"duration":11889,"downloading_duration":1335,"execution_duration":9922,"uploading_duration":632,"executable":"ellipsoids-openmp","args":["0.dat","028.log","028.xoutput"],"id":34,"resource":"512","request_start":1576623632283,"request_end":1576623645049,"request_duration":12766,"type":"512"}
{"start":1576623633096,"end":1576623645031,"duration":11935,"downloading_duration":1374,"execution_duration":9620,"uploading_duration":941,"executable":"ellipsoids-openmp","args":["0.dat","017.log","017.xoutput"],"id":23,"resource":"512","request_start":1576623632273,"request_end":1576623645059,"request_duration":12786,"type":"512"}
{"start":1576623633147,"end":1576623645036,"duration":11889,"downloading_duration":1371,"execution_duration":9860,"uploading_duration":658,"executable":"ellipsoids-openmp","args":["0.dat","041.log","041.xoutput"],"id":47,"resource":"512","request_start":1576623632298,"request_end":1576623645066,"request_duration":12768,"type":"512"}
{"start":1576623633146,"end":1576623645042,"duration":11896,"downloading_duration":1302,"execution_duration":10001,"uploading_duration":593,"executable":"ellipsoids-openmp","args":["0.dat","042.log","042.xoutput"],"id":48,"resource":"512","request_start":1576623632299,"request_end":1576623645072,"request_duration":12773,"type":"512"}
{"start":1576623633040,"end":1576623645047,"duration":12007,"downloading_duration":1503,"execution_duration":9901,"uploading_duration":603,"executable":"ellipsoids-openmp","args":["0.dat","014.log","014.xoutput"],"id":20,"resource":"512","request_start":1576623632270,"request_end":1576623645073,"request_duration":12803,"type":"512"}
{"start":1576623633036,"end":1576623645062,"duration":12026,"downloading_duration":1331,"execution_duration":10061,"uploading_duration":634,"executable":"ellipsoids-openmp","args":["0.dat","05.log","05.xoutput"],"id":11,"resource":"512","request_start":1576623632257,"request_end":1576623645088,"request_duration":12831,"type":"512"}
{"start":1576623633292,"end":1576623645063,"duration":11771,"downloading_duration":1169,"execution_duration":9996,"uploading_duration":606,"executable":"ellipsoids-openmp","args":["2.dat","24.log","24.xoutput"],"id":100,"resource":"512","request_start":1576623633124,"request_end":1576623645090,"request_duration":11966,"type":"512"}
{"start":1576623633040,"end":1576623645072,"duration":12032,"downloading_duration":1626,"execution_duration":9778,"uploading_duration":628,"executable":"ellipsoids-openmp","args":["0.dat","016.log","016.xoutput"],"id":22,"resource":"512","request_start":1576623632272,"request_end":1576623645098,"request_duration":12826,"type":"512"}
{"start":1576623633141,"end":1576623645085,"duration":11944,"downloading_duration":1424,"execution_duration":9941,"uploading_duration":579,"executable":"ellipsoids-openmp","args":["0.dat","037.log","037.xoutput"],"id":43,"resource":"512","request_start":1576623632294,"request_end":1576623645109,"request_duration":12815,"type":"512"}
{"start":1576623633753,"end":1576623645105,"duration":11352,"downloading_duration":1403,"execution_duration":9301,"uploading_duration":648,"executable":"ellipsoids-openmp","args":["2.dat","26.log","26.xoutput"],"id":102,"resource":"512","request_start":1576623633127,"request_end":1576623645128,"request_duration":12001,"type":"512"}
{"start":1576623633075,"end":1576623645121,"duration":12046,"downloading_duration":1514,"execution_duration":9962,"uploading_duration":570,"executable":"ellipsoids-openmp","args":["0.dat","013.log","013.xoutput"],"id":19,"resource":"512","request_start":1576623632269,"request_end":1576623645145,"request_duration":12876,"type":"512"}
{"start":1576623633745,"end":1576623645122,"duration":11377,"downloading_duration":1362,"execution_duration":9383,"uploading_duration":632,"executable":"ellipsoids-openmp","args":["0.dat","01.log","01.xoutput"],"id":7,"resource":"512","request_start":1576623632303,"request_end":1576623645146,"request_duration":12843,"type":"512"}
{"start":1576623633128,"end":1576623645132,"duration":12004,"downloading_duration":1500,"execution_duration":9721,"uploading_duration":783,"executable":"ellipsoids-openmp","args":["0.dat","040.log","040.xoutput"],"id":46,"resource":"512","request_start":1576623632298,"request_end":1576623645157,"request_duration":12859,"type":"512"}
{"start":1576623633177,"end":1576623645159,"duration":11982,"downloading_duration":1482,"execution_duration":9903,"uploading_duration":597,"executable":"ellipsoids-openmp","args":["0.dat","00.log","00.xoutput"],"id":6,"resource":"512","request_start":1576623632302,"request_end":1576623645184,"request_duration":12882,"type":"512"}
{"start":1576623633053,"end":1576623645184,"duration":12131,"downloading_duration":1668,"execution_duration":9841,"uploading_duration":622,"executable":"ellipsoids-openmp","args":["0.dat","012.log","012.xoutput"],"id":18,"resource":"512","request_start":1576623632267,"request_end":1576623645207,"request_duration":12940,"type":"512"}
{"start":1576623633169,"end":1576623645200,"duration":12031,"downloading_duration":1364,"execution_duration":10080,"uploading_duration":587,"executable":"ellipsoids-openmp","args":["0.dat","039.log","039.xoutput"],"id":45,"resource":"512","request_start":1576623632297,"request_end":1576623645227,"request_duration":12930,"type":"512"}
{"start":1576623633049,"end":1576623645207,"duration":12158,"downloading_duration":1504,"execution_duration":10059,"uploading_duration":595,"executable":"ellipsoids-openmp","args":["0.dat","011.log","011.xoutput"],"id":17,"resource":"512","request_start":1576623632266,"request_end":1576623645230,"request_duration":12964,"type":"512"}
{"start":1576623633140,"end":1576623645208,"duration":12068,"downloading_duration":1433,"execution_duration":9968,"uploading_duration":667,"executable":"ellipsoids-openmp","args":["0.dat","023.log","023.xoutput"],"id":29,"resource":"512","request_start":1576623632278,"request_end":1576623645235,"request_duration":12957,"type":"512"}
{"start":1576623633127,"end":1576623645237,"duration":12110,"downloading_duration":1443,"execution_duration":10024,"uploading_duration":643,"executable":"ellipsoids-openmp","args":["0.dat","021.log","021.xoutput"],"id":27,"resource":"512","request_start":1576623632277,"request_end":1576623645259,"request_duration":12982,"type":"512"}
{"start":1576623633181,"end":1576623645241,"duration":12060,"downloading_duration":1676,"execution_duration":9760,"uploading_duration":624,"executable":"ellipsoids-openmp","args":["0.dat","044.log","044.xoutput"],"id":50,"resource":"512","request_start":1576623632301,"request_end":1576623645267,"request_duration":12966,"type":"512"}
{"start":1576623633787,"end":1576623645779,"duration":11992,"downloading_duration":1542,"execution_duration":9840,"uploading_duration":610,"executable":"ellipsoids-openmp","args":["2.dat","25.log","25.xoutput"],"id":101,"resource":"512","request_start":1576623633126,"request_end":1576623645802,"request_duration":12676,"type":"512"}
{"start":1576623633064,"end":1576623646241,"duration":13177,"downloading_duration":3197,"execution_duration":9339,"uploading_duration":641,"executable":"ellipsoids-openmp","args":["0.dat","08.log","08.xoutput"],"id":14,"resource":"512","request_start":1576623632263,"request_end":1576623646263,"request_duration":14000,"type":"512"}
{"start":1576623642942,"end":1576623651724,"duration":8782,"downloading_duration":1117,"execution_duration":7041,"uploading_duration":624,"executable":"ellipsoids-openmp","args":["2.dat","29.log","29.xoutput"],"id":105,"resource":"512","request_start":1576623633131,"request_end":1576623651748,"request_duration":18617,"type":"512"}
{"start":1576623643281,"end":1576623654359,"duration":11078,"downloading_duration":1082,"execution_duration":9420,"uploading_duration":576,"executable":"ellipsoids-openmp","args":["2.dat","210.log","210.xoutput"],"id":106,"resource":"512","request_start":1576623633132,"request_end":1576623654384,"request_duration":21252,"type":"512"}
{"start":1576623644699,"end":1576623655568,"duration":10869,"downloading_duration":1025,"execution_duration":9200,"uploading_duration":644,"executable":"ellipsoids-openmp","args":["2.dat","214.log","214.xoutput"],"id":110,"resource":"512","request_start":1576623633135,"request_end":1576623655594,"request_duration":22459,"type":"512"}
{"start":1576623644693,"end":1576623655634,"duration":10941,"downloading_duration":1041,"execution_duration":9300,"uploading_duration":600,"executable":"ellipsoids-openmp","args":["2.dat","212.log","212.xoutput"],"id":108,"resource":"512","request_start":1576623633134,"request_end":1576623655659,"request_duration":22525,"type":"512"}
{"start":1576623644703,"end":1576623655713,"duration":11010,"downloading_duration":1095,"execution_duration":9280,"uploading_duration":635,"executable":"ellipsoids-openmp","args":["2.dat","213.log","213.xoutput"],"id":109,"resource":"512","request_start":1576623633134,"request_end":1576623655739,"request_duration":22605,"type":"512"}
{"start":1576623645206,"end":1576623655718,"duration":10512,"downloading_duration":1107,"execution_duration":8781,"uploading_duration":624,"executable":"ellipsoids-openmp","args":["1.dat","11.log","11.xoutput"],"id":52,"resource":"512","request_start":1576623633206,"request_end":1576623655747,"request_duration":22541,"type":"512"}
{"start":1576623644879,"end":1576623655725,"duration":10846,"downloading_duration":1116,"execution_duration":9082,"uploading_duration":648,"executable":"ellipsoids-openmp","args":["2.dat","226.log","226.xoutput"],"id":122,"resource":"512","request_start":1576623633143,"request_end":1576623655748,"request_duration":22605,"type":"512"}
{"start":1576623644741,"end":1576623655736,"duration":10995,"downloading_duration":1117,"execution_duration":9282,"uploading_duration":596,"executable":"ellipsoids-openmp","args":["2.dat","215.log","215.xoutput"],"id":111,"resource":"512","request_start":1576623633135,"request_end":1576623655762,"request_duration":22627,"type":"512"}
{"start":1576623644781,"end":1576623655792,"duration":11011,"downloading_duration":1090,"execution_duration":9320,"uploading_duration":601,"executable":"ellipsoids-openmp","args":["2.dat","218.log","218.xoutput"],"id":114,"resource":"512","request_start":1576623633138,"request_end":1576623655817,"request_duration":22679,"type":"512"}
{"start":1576623644948,"end":1576623655804,"duration":10856,"downloading_duration":1002,"execution_duration":9224,"uploading_duration":630,"executable":"ellipsoids-openmp","args":["2.dat","229.log","229.xoutput"],"id":125,"resource":"512","request_start":1576623633145,"request_end":1576623655831,"request_duration":22686,"type":"512"}
{"start":1576623644746,"end":1576623655817,"duration":11071,"downloading_duration":1097,"execution_duration":9382,"uploading_duration":592,"executable":"ellipsoids-openmp","args":["2.dat","216.log","216.xoutput"],"id":112,"resource":"512","request_start":1576623633136,"request_end":1576623655840,"request_duration":22704,"type":"512"}
{"start":1576623644556,"end":1576623655848,"duration":11292,"downloading_duration":1074,"execution_duration":9580,"uploading_duration":638,"executable":"ellipsoids-openmp","args":["2.dat","211.log","211.xoutput"],"id":107,"resource":"512","request_start":1576623633133,"request_end":1576623655871,"request_duration":22738,"type":"512"}
{"start":1576623644832,"end":1576623655848,"duration":11016,"downloading_duration":1052,"execution_duration":9361,"uploading_duration":603,"executable":"ellipsoids-openmp","args":["2.dat","222.log","222.xoutput"],"id":118,"resource":"512","request_start":1576623633140,"request_end":1576623655872,"request_duration":22732,"type":"512"}
{"start":1576623644869,"end":1576623655851,"duration":10982,"downloading_duration":1080,"execution_duration":9303,"uploading_duration":599,"executable":"ellipsoids-openmp","args":["2.dat","225.log","225.xoutput"],"id":121,"resource":"512","request_start":1576623633142,"request_end":1576623655874,"request_duration":22732,"type":"512"}
{"start":1576623645248,"end":1576623655864,"duration":10616,"downloading_duration":1026,"execution_duration":8882,"uploading_duration":708,"executable":"ellipsoids-openmp","args":["1.dat","13.log","13.xoutput"],"id":54,"resource":"512","request_start":1576623633207,"request_end":1576623655886,"request_duration":22679,"type":"512"}
{"start":1576623645289,"end":1576623655894,"duration":10605,"downloading_duration":1184,"execution_duration":8822,"uploading_duration":599,"executable":"ellipsoids-openmp","args":["1.dat","16.log","16.xoutput"],"id":57,"resource":"512","request_start":1576623633208,"request_end":1576623655919,"request_duration":22711,"type":"512"}
{"start":1576623644794,"end":1576623655898,"duration":11104,"downloading_duration":1046,"execution_duration":9421,"uploading_duration":637,"executable":"ellipsoids-openmp","args":["2.dat","219.log","219.xoutput"],"id":115,"resource":"512","request_start":1576623633138,"request_end":1576623655924,"request_duration":22786,"type":"512"}
{"start":1576623644850,"end":1576623655915,"duration":11065,"downloading_duration":1077,"execution_duration":9319,"uploading_duration":669,"executable":"ellipsoids-openmp","args":["2.dat","223.log","223.xoutput"],"id":119,"resource":"512","request_start":1576623633141,"request_end":1576623655938,"request_duration":22797,"type":"512"}
{"start":1576623645255,"end":1576623655937,"duration":10682,"downloading_duration":1015,"execution_duration":9045,"uploading_duration":622,"executable":"ellipsoids-openmp","args":["1.dat","15.log","15.xoutput"],"id":56,"resource":"512","request_start":1576623633208,"request_end":1576623655960,"request_duration":22752,"type":"512"}
{"start":1576623645257,"end":1576623655962,"duration":10705,"downloading_duration":1036,"execution_duration":9037,"uploading_duration":632,"executable":"ellipsoids-openmp","args":["1.dat","14.log","14.xoutput"],"id":55,"resource":"512","request_start":1576623633207,"request_end":1576623655985,"request_duration":22778,"type":"512"}
{"start":1576623644938,"end":1576623655972,"duration":11034,"downloading_duration":1035,"execution_duration":9380,"uploading_duration":619,"executable":"ellipsoids-openmp","args":["2.dat","228.log","228.xoutput"],"id":124,"resource":"512","request_start":1576623633144,"request_end":1576623655997,"request_duration":22853,"type":"512"}
{"start":1576623645119,"end":1576623656055,"duration":10936,"downloading_duration":1009,"execution_duration":9300,"uploading_duration":627,"executable":"ellipsoids-openmp","args":["2.dat","243.log","243.xoutput"],"id":139,"resource":"512","request_start":1576623633152,"request_end":1576623656125,"request_duration":22973,"type":"512"}
{"start":1576623644982,"end":1576623656068,"duration":11086,"downloading_duration":1020,"execution_duration":9459,"uploading_duration":607,"executable":"ellipsoids-openmp","args":["2.dat","230.log","230.xoutput"],"id":126,"resource":"512","request_start":1576623633145,"request_end":1576623656128,"request_duration":22983,"type":"512"}
{"start":1576623645036,"end":1576623656106,"duration":11070,"downloading_duration":1085,"execution_duration":9330,"uploading_duration":655,"executable":"ellipsoids-openmp","args":["2.dat","232.log","232.xoutput"],"id":128,"resource":"512","request_start":1576623633147,"request_end":1576623656199,"request_duration":23052,"type":"512"}
{"start":1576623645284,"end":1576623656154,"duration":10870,"downloading_duration":1089,"execution_duration":9163,"uploading_duration":618,"executable":"ellipsoids-openmp","args":["1.dat","17.log","17.xoutput"],"id":58,"resource":"512","request_start":1576623633209,"request_end":1576623656207,"request_duration":22998,"type":"512"}
{"start":1576623645072,"end":1576623656159,"duration":11087,"downloading_duration":1030,"execution_duration":9474,"uploading_duration":583,"executable":"ellipsoids-openmp","args":["2.dat","236.log","236.xoutput"],"id":132,"resource":"512","request_start":1576623633149,"request_end":1576623656211,"request_duration":23062,"type":"512"}
{"start":1576623644884,"end":1576623656168,"duration":11284,"downloading_duration":1082,"execution_duration":9545,"uploading_duration":657,"executable":"ellipsoids-openmp","args":["2.dat","227.log","227.xoutput"],"id":123,"resource":"512","request_start":1576623633143,"request_end":1576623656213,"request_duration":23070,"type":"512"}
{"start":1576623645186,"end":1576623656175,"duration":10989,"downloading_duration":1034,"execution_duration":9361,"uploading_duration":594,"executable":"ellipsoids-openmp","args":["2.dat","23.log","23.xoutput"],"id":99,"resource":"512","request_start":1576623633155,"request_end":1576623656218,"request_duration":23063,"type":"512"}
{"start":1576623645191,"end":1576623656192,"duration":11001,"downloading_duration":1038,"execution_duration":9322,"uploading_duration":641,"executable":"ellipsoids-openmp","args":["1.dat","10.log","10.xoutput"],"id":51,"resource":"512","request_start":1576623633205,"request_end":1576623656221,"request_duration":23016,"type":"512"}
{"start":1576623645066,"end":1576623656194,"duration":11128,"downloading_duration":1159,"execution_duration":9317,"uploading_duration":652,"executable":"ellipsoids-openmp","args":["2.dat","235.log","235.xoutput"],"id":131,"resource":"512","request_start":1576623633148,"request_end":1576623656222,"request_duration":23074,"type":"512"}
{"start":1576623644812,"end":1576623656204,"duration":11392,"downloading_duration":1041,"execution_duration":9681,"uploading_duration":670,"executable":"ellipsoids-openmp","args":["2.dat","220.log","220.xoutput"],"id":116,"resource":"512","request_start":1576623633139,"request_end":1576623656230,"request_duration":23091,"type":"512"}
{"start":1576623644776,"end":1576623656275,"duration":11499,"downloading_duration":1019,"execution_duration":9863,"uploading_duration":617,"executable":"ellipsoids-openmp","args":["2.dat","217.log","217.xoutput"],"id":113,"resource":"512","request_start":1576623633137,"request_end":1576623656300,"request_duration":23163,"type":"512"}
{"start":1576623645231,"end":1576623656318,"duration":11087,"downloading_duration":1129,"execution_duration":9321,"uploading_duration":637,"executable":"ellipsoids-openmp","args":["1.dat","12.log","12.xoutput"],"id":53,"resource":"512","request_start":1576623633206,"request_end":1576623656343,"request_duration":23137,"type":"512"}
{"start":1576623645149,"end":1576623656331,"duration":11182,"downloading_duration":1099,"execution_duration":9481,"uploading_duration":602,"executable":"ellipsoids-openmp","args":["2.dat","21.log","21.xoutput"],"id":97,"resource":"512","request_start":1576623633154,"request_end":1576623656353,"request_duration":23199,"type":"512"}
{"start":1576623644860,"end":1576623656361,"duration":11501,"downloading_duration":1054,"execution_duration":9783,"uploading_duration":664,"executable":"ellipsoids-openmp","args":["2.dat","224.log","224.xoutput"],"id":120,"resource":"512","request_start":1576623633142,"request_end":1576623656386,"request_duration":23244,"type":"512"}
{"start":1576623645102,"end":1576623656378,"duration":11276,"downloading_duration":1097,"execution_duration":9560,"uploading_duration":619,"executable":"ellipsoids-openmp","args":["2.dat","241.log","241.xoutput"],"id":137,"resource":"512","request_start":1576623633151,"request_end":1576623656405,"request_duration":23254,"type":"512"}
{"start":1576623646288,"end":1576623656387,"duration":10099,"downloading_duration":1011,"execution_duration":8481,"uploading_duration":607,"executable":"ellipsoids-openmp","args":["1.dat","19.log","19.xoutput"],"id":60,"resource":"512","request_start":1576623633210,"request_end":1576623656411,"request_duration":23201,"type":"512"}
{"start":1576623645092,"end":1576623656419,"duration":11327,"downloading_duration":1032,"execution_duration":9681,"uploading_duration":614,"executable":"ellipsoids-openmp","args":["2.dat","238.log","238.xoutput"],"id":134,"resource":"512","request_start":1576623633150,"request_end":1576623656446,"request_duration":23296,"type":"512"}
{"start":1576623645190,"end":1576623656441,"duration":11251,"downloading_duration":1030,"execution_duration":9622,"uploading_duration":599,"executable":"ellipsoids-openmp","args":["2.dat","22.log","22.xoutput"],"id":98,"resource":"512","request_start":1576623633154,"request_end":1576623656465,"request_duration":23311,"type":"512"}
{"start":1576623645057,"end":1576623656505,"duration":11448,"downloading_duration":1032,"execution_duration":9781,"uploading_duration":635,"executable":"ellipsoids-openmp","args":["2.dat","234.log","234.xoutput"],"id":130,"resource":"512","request_start":1576623633148,"request_end":1576623656531,"request_duration":23383,"type":"512"}
{"start":1576623645076,"end":1576623656519,"duration":11443,"downloading_duration":1089,"execution_duration":9718,"uploading_duration":636,"executable":"ellipsoids-openmp","args":["2.dat","237.log","237.xoutput"],"id":133,"resource":"512","request_start":1576623633149,"request_end":1576623656543,"request_duration":23394,"type":"512"}
{"start":1576623644991,"end":1576623656528,"duration":11537,"downloading_duration":1147,"execution_duration":9743,"uploading_duration":647,"executable":"ellipsoids-openmp","args":["2.dat","231.log","231.xoutput"],"id":127,"resource":"512","request_start":1576623633146,"request_end":1576623656551,"request_duration":23405,"type":"512"}
{"start":1576623645043,"end":1576623656555,"duration":11512,"downloading_duration":1051,"execution_duration":9842,"uploading_duration":619,"executable":"ellipsoids-openmp","args":["2.dat","233.log","233.xoutput"],"id":129,"resource":"512","request_start":1576623633147,"request_end":1576623656580,"request_duration":23433,"type":"512"}
{"start":1576623645096,"end":1576623656600,"duration":11504,"downloading_duration":1186,"execution_duration":9759,"uploading_duration":559,"executable":"ellipsoids-openmp","args":["2.dat","239.log","239.xoutput"],"id":135,"resource":"512","request_start":1576623633150,"request_end":1576623656622,"request_duration":23472,"type":"512"}
{"start":1576623645146,"end":1576623656615,"duration":11469,"downloading_duration":1103,"execution_duration":9742,"uploading_duration":624,"executable":"ellipsoids-openmp","args":["2.dat","20.log","20.xoutput"],"id":96,"resource":"512","request_start":1576623633153,"request_end":1576623656639,"request_duration":23486,"type":"512"}
{"start":1576623645825,"end":1576623656701,"duration":10876,"downloading_duration":1083,"execution_duration":9140,"uploading_duration":653,"executable":"ellipsoids-openmp","args":["1.dat","18.log","18.xoutput"],"id":59,"resource":"512","request_start":1576623633209,"request_end":1576623656724,"request_duration":23515,"type":"512"}
{"start":1576623645121,"end":1576623656702,"duration":11581,"downloading_duration":1063,"execution_duration":9924,"uploading_duration":594,"executable":"ellipsoids-openmp","args":["2.dat","244.log","244.xoutput"],"id":140,"resource":"512","request_start":1576623633153,"request_end":1576623656727,"request_duration":23574,"type":"512"}
{"start":1576623645113,"end":1576623656727,"duration":11614,"downloading_duration":1124,"execution_duration":9841,"uploading_duration":649,"executable":"ellipsoids-openmp","args":["2.dat","242.log","242.xoutput"],"id":138,"resource":"512","request_start":1576623633152,"request_end":1576623656751,"request_duration":23599,"type":"512"}
{"start":1576623645102,"end":1576623656830,"duration":11728,"downloading_duration":1006,"execution_duration":10042,"uploading_duration":680,"executable":"ellipsoids-openmp","args":["2.dat","240.log","240.xoutput"],"id":136,"resource":"512","request_start":1576623633151,"request_end":1576623656853,"request_duration":23702,"type":"512"}
{"start":1576623644817,"end":1576623657101,"duration":12284,"downloading_duration":1818,"execution_duration":9802,"uploading_duration":664,"executable":"ellipsoids-openmp","args":["2.dat","221.log","221.xoutput"],"id":117,"resource":"512","request_start":1576623633140,"request_end":1576623657125,"request_duration":23985,"type":"512"}
{"start":1576623651775,"end":1576623661953,"duration":10178,"downloading_duration":2006,"execution_duration":7518,"uploading_duration":654,"executable":"ellipsoids-openmp","args":["1.dat","110.log","110.xoutput"],"id":61,"resource":"512","request_start":1576623633210,"request_end":1576623662068,"request_duration":28858,"type":"512"}
{"start":1576623654404,"end":1576623664689,"duration":10285,"downloading_duration":1079,"execution_duration":8544,"uploading_duration":662,"executable":"ellipsoids-openmp","args":["1.dat","111.log","111.xoutput"],"id":62,"resource":"512","request_start":1576623633211,"request_end":1576623664713,"request_duration":31502,"type":"512"}
{"start":1576623655766,"end":1576623665999,"duration":10233,"downloading_duration":1036,"execution_duration":8596,"uploading_duration":601,"executable":"ellipsoids-openmp","args":["1.dat","114.log","114.xoutput"],"id":65,"resource":"512","request_start":1576623633212,"request_end":1576623666023,"request_duration":32811,"type":"512"}
{"start":1576623655622,"end":1576623666059,"duration":10437,"downloading_duration":1085,"execution_duration":8700,"uploading_duration":652,"executable":"ellipsoids-openmp","args":["1.dat","112.log","112.xoutput"],"id":63,"resource":"512","request_start":1576623633211,"request_end":1576623666082,"request_duration":32871,"type":"512"}
{"start":1576623655783,"end":1576623666144,"duration":10361,"downloading_duration":1173,"execution_duration":8603,"uploading_duration":585,"executable":"ellipsoids-openmp","args":["1.dat","117.log","117.xoutput"],"id":68,"resource":"512","request_start":1576623633214,"request_end":1576623666168,"request_duration":32954,"type":"512"}
{"start":1576623655901,"end":1576623666153,"duration":10252,"downloading_duration":1113,"execution_duration":8463,"uploading_duration":676,"executable":"ellipsoids-openmp","args":["1.dat","122.log","122.xoutput"],"id":73,"resource":"512","request_start":1576623633216,"request_end":1576623666206,"request_duration":32990,"type":"512"}
{"start":1576623655858,"end":1576623666160,"duration":10302,"downloading_duration":1071,"execution_duration":8623,"uploading_duration":608,"executable":"ellipsoids-openmp","args":["1.dat","119.log","119.xoutput"],"id":70,"resource":"512","request_start":1576623633215,"request_end":1576623666208,"request_duration":32993,"type":"512"}
{"start":1576623656154,"end":1576623666267,"duration":10113,"downloading_duration":1087,"execution_duration":8441,"uploading_duration":585,"executable":"ellipsoids-openmp","args":["1.dat","132.log","132.xoutput"],"id":83,"resource":"512","request_start":1576623633221,"request_end":1576623666291,"request_duration":33070,"type":"512"}
{"start":1576623655959,"end":1576623666275,"duration":10316,"downloading_duration":1091,"execution_duration":8603,"uploading_duration":622,"executable":"ellipsoids-openmp","args":["1.dat","127.log","127.xoutput"],"id":78,"resource":"512","request_start":1576623633219,"request_end":1576623666300,"request_duration":33081,"type":"512"}
{"start":1576623655864,"end":1576623666284,"duration":10420,"downloading_duration":1080,"execution_duration":8721,"uploading_duration":619,"executable":"ellipsoids-openmp","args":["1.dat","120.log","120.xoutput"],"id":71,"resource":"512","request_start":1576623633215,"request_end":1576623666307,"request_duration":33092,"type":"512"}
{"start":1576623655941,"end":1576623666385,"duration":10444,"downloading_duration":1083,"execution_duration":8721,"uploading_duration":640,"executable":"ellipsoids-openmp","args":["1.dat","125.log","125.xoutput"],"id":76,"resource":"512","request_start":1576623633218,"request_end":1576623666408,"request_duration":33190,"type":"512"}
{"start":1576623656245,"end":1576623666390,"duration":10145,"downloading_duration":1050,"execution_duration":8519,"uploading_duration":576,"executable":"ellipsoids-openmp","args":["1.dat","138.log","138.xoutput"],"id":89,"resource":"512","request_start":1576623633224,"request_end":1576623666418,"request_duration":33194,"type":"512"}
{"start":1576623655682,"end":1576623666416,"duration":10734,"downloading_duration":1051,"execution_duration":9119,"uploading_duration":564,"executable":"ellipsoids-openmp","args":["1.dat","113.log","113.xoutput"],"id":64,"resource":"512","request_start":1576623633212,"request_end":1576623666440,"request_duration":33228,"type":"512"}
{"start":1576623656365,"end":1576623666421,"duration":10056,"downloading_duration":1005,"execution_duration":8499,"uploading_duration":552,"executable":"ellipsoids-openmp","args":["1.dat","142.log","142.xoutput"],"id":93,"resource":"512","request_start":1576623633226,"request_end":1576623666445,"request_duration":33219,"type":"512"}
{"start":1576623655910,"end":1576623666427,"duration":10517,"downloading_duration":1210,"execution_duration":8702,"uploading_duration":605,"executable":"ellipsoids-openmp","args":["1.dat","124.log","124.xoutput"],"id":75,"resource":"512","request_start":1576623633217,"request_end":1576623666452,"request_duration":33235,"type":"512"}
{"start":1576623656239,"end":1576623666430,"duration":10191,"downloading_duration":1101,"execution_duration":8481,"uploading_duration":609,"executable":"ellipsoids-openmp","args":["1.dat","137.log","137.xoutput"],"id":88,"resource":"512","request_start":1576623633224,"request_end":1576623666455,"request_duration":33231,"type":"512"}
{"start":1576623655774,"end":1576623666440,"duration":10666,"downloading_duration":1035,"execution_duration":8901,"uploading_duration":730,"executable":"ellipsoids-openmp","args":["1.dat","116.log","116.xoutput"],"id":67,"resource":"512","request_start":1576623633213,"request_end":1576623666465,"request_duration":33252,"type":"512"}
{"start":1576623655951,"end":1576623666447,"duration":10496,"downloading_duration":1139,"execution_duration":8721,"uploading_duration":636,"executable":"ellipsoids-openmp","args":["1.dat","126.log","126.xoutput"],"id":77,"resource":"512","request_start":1576623633218,"request_end":1576623666471,"request_duration":33253,"type":"512"}
{"start":1576623656021,"end":1576623666454,"duration":10433,"downloading_duration":1031,"execution_duration":8658,"uploading_duration":744,"executable":"ellipsoids-openmp","args":["1.dat","130.log","130.xoutput"],"id":81,"resource":"512","request_start":1576623633220,"request_end":1576623666477,"request_duration":33257,"type":"512"}
{"start":1576623655985,"end":1576623666466,"duration":10481,"downloading_duration":1112,"execution_duration":8655,"uploading_duration":714,"executable":"ellipsoids-openmp","args":["1.dat","128.log","128.xoutput"],"id":79,"resource":"512","request_start":1576623633219,"request_end":1576623666490,"request_duration":33271,"type":"512"}
{"start":1576623656006,"end":1576623666523,"duration":10517,"downloading_duration":1104,"execution_duration":8720,"uploading_duration":693,"executable":"ellipsoids-openmp","args":["1.dat","129.log","129.xoutput"],"id":80,"resource":"512","request_start":1576623633220,"request_end":1576623666546,"request_duration":33326,"type":"512"}
{"start":1576623656374,"end":1576623666523,"duration":10149,"downloading_duration":1000,"execution_duration":8566,"uploading_duration":583,"executable":"ellipsoids-openmp","args":["1.dat","143.log","143.xoutput"],"id":94,"resource":"512","request_start":1576623633227,"request_end":1576623666547,"request_duration":33320,"type":"512"}
{"start":1576623655901,"end":1576623666527,"duration":10626,"downloading_duration":1088,"execution_duration":8942,"uploading_duration":596,"executable":"ellipsoids-openmp","args":["1.dat","123.log","123.xoutput"],"id":74,"resource":"512","request_start":1576623633217,"request_end":1576623666556,"request_duration":33339,"type":"512"}
{"start":1576623656234,"end":1576623666539,"duration":10305,"downloading_duration":1108,"execution_duration":8600,"uploading_duration":597,"executable":"ellipsoids-openmp","args":["1.dat","135.log","135.xoutput"],"id":86,"resource":"512","request_start":1576623633223,"request_end":1576623666562,"request_duration":33339,"type":"512"}
{"start":1576623656228,"end":1576623666551,"duration":10323,"downloading_duration":1045,"execution_duration":8702,"uploading_duration":576,"executable":"ellipsoids-openmp","args":["1.dat","133.log","133.xoutput"],"id":84,"resource":"512","request_start":1576623633222,"request_end":1576623666575,"request_duration":33353,"type":"512"}
{"start":1576623655771,"end":1576623666554,"duration":10783,"downloading_duration":1184,"execution_duration":9021,"uploading_duration":578,"executable":"ellipsoids-openmp","args":["1.dat","115.log","115.xoutput"],"id":66,"resource":"512","request_start":1576623633213,"request_end":1576623666577,"request_duration":33364,"type":"512"}
{"start":1576623655896,"end":1576623666592,"duration":10696,"downloading_duration":1078,"execution_duration":9022,"uploading_duration":596,"executable":"ellipsoids-openmp","args":["1.dat","121.log","121.xoutput"],"id":72,"resource":"512","request_start":1576623633216,"request_end":1576623666617,"request_duration":33401,"type":"512"}
{"start":1576623656253,"end":1576623666614,"duration":10361,"downloading_duration":1034,"execution_duration":8718,"uploading_duration":609,"executable":"ellipsoids-openmp","args":["1.dat","140.log","140.xoutput"],"id":91,"resource":"512","request_start":1576623633225,"request_end":1576623666637,"request_duration":33412,"type":"512"}
{"start":1576623656246,"end":1576623666618,"duration":10372,"downloading_duration":1090,"execution_duration":8701,"uploading_duration":581,"executable":"ellipsoids-openmp","args":["1.dat","139.log","139.xoutput"],"id":90,"resource":"512","request_start":1576623633225,"request_end":1576623666642,"request_duration":33417,"type":"512"}
{"start":1576623656241,"end":1576623666630,"duration":10389,"downloading_duration":1047,"execution_duration":8699,"uploading_duration":643,"executable":"ellipsoids-openmp","args":["1.dat","136.log","136.xoutput"],"id":87,"resource":"512","request_start":1576623633223,"request_end":1576623666652,"request_duration":33429,"type":"512"}
{"start":1576623656426,"end":1576623666639,"duration":10213,"downloading_duration":1018,"execution_duration":8583,"uploading_duration":612,"executable":"ellipsoids-openmp","args":["3.dat","30.log","30.xoutput"],"id":141,"resource":"512","request_start":1576623633233,"request_end":1576623666663,"request_duration":33430,"type":"512"}
{"start":1576623655843,"end":1576623666656,"duration":10813,"downloading_duration":1040,"execution_duration":9022,"uploading_duration":751,"executable":"ellipsoids-openmp","args":["1.dat","118.log","118.xoutput"],"id":69,"resource":"512","request_start":1576623633214,"request_end":1576623666680,"request_duration":33466,"type":"512"}
{"start":1576623656433,"end":1576623666699,"duration":10266,"downloading_duration":1006,"execution_duration":8661,"uploading_duration":599,"executable":"ellipsoids-openmp","args":["3.dat","31.log","31.xoutput"],"id":142,"resource":"512","request_start":1576623633233,"request_end":1576623666722,"request_duration":33489,"type":"512"}
{"start":1576623656236,"end":1576623666709,"duration":10473,"downloading_duration":1113,"execution_duration":8762,"uploading_duration":598,"executable":"ellipsoids-openmp","args":["1.dat","134.log","134.xoutput"],"id":85,"resource":"512","request_start":1576623633222,"request_end":1576623666735,"request_duration":33513,"type":"512"}
{"start":1576623656409,"end":1576623666738,"duration":10329,"downloading_duration":1072,"execution_duration":8617,"uploading_duration":640,"executable":"ellipsoids-openmp","args":["1.dat","144.log","144.xoutput"],"id":95,"resource":"512","request_start":1576623633227,"request_end":1576623666767,"request_duration":33540,"type":"512"}
{"start":1576623656342,"end":1576623666784,"duration":10442,"downloading_duration":1123,"execution_duration":8736,"uploading_duration":583,"executable":"ellipsoids-openmp","args":["1.dat","141.log","141.xoutput"],"id":92,"resource":"512","request_start":1576623633226,"request_end":1576623666812,"request_duration":33586,"type":"512"}
{"start":1576623656571,"end":1576623666854,"duration":10283,"downloading_duration":1191,"execution_duration":8483,"uploading_duration":609,"executable":"ellipsoids-openmp","args":["3.dat","36.log","36.xoutput"],"id":147,"resource":"512","request_start":1576623633236,"request_end":1576623666878,"request_duration":33642,"type":"512"}
{"start":1576623656569,"end":1576623666983,"duration":10414,"downloading_duration":1029,"execution_duration":8701,"uploading_duration":684,"executable":"ellipsoids-openmp","args":["3.dat","35.log","35.xoutput"],"id":146,"resource":"512","request_start":1576623633235,"request_end":1576623667005,"request_duration":33770,"type":"512"}
{"start":1576623656560,"end":1576623666983,"duration":10423,"downloading_duration":1116,"execution_duration":8701,"uploading_duration":606,"executable":"ellipsoids-openmp","args":["3.dat","34.log","34.xoutput"],"id":145,"resource":"512","request_start":1576623633235,"request_end":1576623667009,"request_duration":33774,"type":"512"}
{"start":1576623656146,"end":1576623666985,"duration":10839,"downloading_duration":1163,"execution_duration":8622,"uploading_duration":1054,"executable":"ellipsoids-openmp","args":["1.dat","131.log","131.xoutput"],"id":82,"resource":"512","request_start":1576623633221,"request_end":1576623667015,"request_duration":33794,"type":"512"}
{"start":1576623656750,"end":1576623666986,"duration":10236,"downloading_duration":1314,"execution_duration":8241,"uploading_duration":681,"executable":"ellipsoids-openmp","args":["3.dat","311.log","311.xoutput"],"id":152,"resource":"512","request_start":1576623633238,"request_end":1576623667017,"request_duration":33779,"type":"512"}
{"start":1576623656662,"end":1576623666995,"duration":10333,"downloading_duration":1101,"execution_duration":8623,"uploading_duration":609,"executable":"ellipsoids-openmp","args":["3.dat","39.log","39.xoutput"],"id":150,"resource":"512","request_start":1576623633237,"request_end":1576623667028,"request_duration":33791,"type":"512"}
{"start":1576623656479,"end":1576623667014,"duration":10535,"downloading_duration":1088,"execution_duration":8834,"uploading_duration":613,"executable":"ellipsoids-openmp","args":["3.dat","32.log","32.xoutput"],"id":143,"resource":"512","request_start":1576623633234,"request_end":1576623667038,"request_duration":33804,"type":"512"}
{"start":1576623656652,"end":1576623667023,"duration":10371,"downloading_duration":1078,"execution_duration":8639,"uploading_duration":654,"executable":"ellipsoids-openmp","args":["3.dat","38.log","38.xoutput"],"id":149,"resource":"512","request_start":1576623633237,"request_end":1576623667048,"request_duration":33811,"type":"512"}
{"start":1576623656486,"end":1576623667102,"duration":10616,"downloading_duration":1168,"execution_duration":8802,"uploading_duration":646,"executable":"ellipsoids-openmp","args":["3.dat","33.log","33.xoutput"],"id":144,"resource":"512","request_start":1576623633234,"request_end":1576623667125,"request_duration":33891,"type":"512"}
{"start":1576623656747,"end":1576623667142,"duration":10395,"downloading_duration":1148,"execution_duration":8663,"uploading_duration":584,"executable":"ellipsoids-openmp","args":["3.dat","310.log","310.xoutput"],"id":151,"resource":"512","request_start":1576623633238,"request_end":1576623667169,"request_duration":33931,"type":"512"}
{"start":1576623656773,"end":1576623667177,"duration":10404,"downloading_duration":1074,"execution_duration":8722,"uploading_duration":608,"executable":"ellipsoids-openmp","args":["3.dat","312.log","312.xoutput"],"id":153,"resource":"512","request_start":1576623633239,"request_end":1576623667200,"request_duration":33961,"type":"512"}
{"start":1576623656873,"end":1576623667203,"duration":10330,"downloading_duration":1055,"execution_duration":8704,"uploading_duration":571,"executable":"ellipsoids-openmp","args":["3.dat","313.log","313.xoutput"],"id":154,"resource":"512","request_start":1576623633239,"request_end":1576623667227,"request_duration":33988,"type":"512"}
{"start":1576623656603,"end":1576623667250,"duration":10647,"downloading_duration":1009,"execution_duration":8776,"uploading_duration":862,"executable":"ellipsoids-openmp","args":["3.dat","37.log","37.xoutput"],"id":148,"resource":"512","request_start":1576623633236,"request_end":1576623667276,"request_duration":34040,"type":"512"}
{"start":1576623657151,"end":1576623667365,"duration":10214,"downloading_duration":1167,"execution_duration":8359,"uploading_duration":688,"executable":"ellipsoids-openmp","args":["3.dat","314.log","314.xoutput"],"id":155,"resource":"512","request_start":1576623633240,"request_end":1576623667387,"request_duration":34147,"type":"512"}
{"start":1576623666689,"end":1576623668664,"duration":1975,"downloading_duration":1556,"execution_duration":21,"uploading_duration":398,"executable":"mean-pack-ell","args":["00.xoutput","01.xoutput","02.xoutput","03.xoutput","04.xoutput","05.xoutput","06.xoutput","07.xoutput","08.xoutput","09.xoutput","010.xoutput","011.xoutput","012.xoutput","013.xoutput","014.xoutput","015.xoutput","016.xoutput","017.xoutput","018.xoutput","019.xoutput","020.xoutput","021.xoutput","022.xoutput","023.xoutput","024.xoutput","025.xoutput","026.xoutput","027.xoutput","028.xoutput","029.xoutput","030.xoutput","031.xoutput","032.xoutput","033.xoutput","034.xoutput","035.xoutput","036.xoutput","037.xoutput","038.xoutput","039.xoutput","040.xoutput","041.xoutput","042.xoutput","043.xoutput","044.xoutput","average_0.txt"],"id":186,"resource":"512","request_start":1576623646271,"request_end":1576623668688,"request_duration":22417,"type":"512"}
{"start":1576623666710,"end":1576623668674,"duration":1964,"downloading_duration":1566,"execution_duration":21,"uploading_duration":377,"executable":"mean-pack-ell","args":["20.xoutput","21.xoutput","22.xoutput","23.xoutput","24.xoutput","25.xoutput","26.xoutput","27.xoutput","28.xoutput","29.xoutput","210.xoutput","211.xoutput","212.xoutput","213.xoutput","214.xoutput","215.xoutput","216.xoutput","217.xoutput","218.xoutput","219.xoutput","220.xoutput","221.xoutput","222.xoutput","223.xoutput","224.xoutput","225.xoutput","226.xoutput","227.xoutput","228.xoutput","229.xoutput","230.xoutput","231.xoutput","232.xoutput","233.xoutput","234.xoutput","235.xoutput","236.xoutput","237.xoutput","238.xoutput","239.xoutput","240.xoutput","241.xoutput","242.xoutput","243.xoutput","244.xoutput","average_2.txt"],"id":188,"resource":"512","request_start":1576623657146,"request_end":1576623668698,"request_duration":11552,"type":"512"}
{"start":1576623667236,"end":1576623669279,"duration":2043,"downloading_duration":1592,"execution_duration":20,"uploading_duration":431,"executable":"mean-pack-ell","args":["10.xoutput","11.xoutput","12.xoutput","13.xoutput","14.xoutput","15.xoutput","16.xoutput","17.xoutput","18.xoutput","19.xoutput","110.xoutput","111.xoutput","112.xoutput","113.xoutput","114.xoutput","115.xoutput","116.xoutput","117.xoutput","118.xoutput","119.xoutput","120.xoutput","121.xoutput","122.xoutput","123.xoutput","124.xoutput","125.xoutput","126.xoutput","127.xoutput","128.xoutput","129.xoutput","130.xoutput","131.xoutput","132.xoutput","133.xoutput","134.xoutput","135.xoutput","136.xoutput","137.xoutput","138.xoutput","139.xoutput","140.xoutput","141.xoutput","142.xoutput","143.xoutput","144.xoutput","average_1.txt"],"id":187,"resource":"512","request_start":1576623667031,"request_end":1576623669303,"request_duration":2272,"type":"512"}
{"start":1576623662101,"end":1576623671186,"duration":9085,"downloading_duration":1121,"execution_duration":7337,"uploading_duration":627,"executable":"ellipsoids-openmp","args":["3.dat","315.log","315.xoutput"],"id":156,"resource":"512","request_start":1576623633240,"request_end":1576623671208,"request_duration":37968,"type":"512"}
{"start":1576623664736,"end":1576623675201,"duration":10465,"downloading_duration":1107,"execution_duration":8742,"uploading_duration":616,"executable":"ellipsoids-openmp","args":["3.dat","316.log","316.xoutput"],"id":157,"resource":"512","request_start":1576623633241,"request_end":1576623675228,"request_duration":41987,"type":"512"}
{"start":1576623666048,"end":1576623676365,"duration":10317,"downloading_duration":1090,"execution_duration":8582,"uploading_duration":645,"executable":"ellipsoids-openmp","args":["3.dat","317.log","317.xoutput"],"id":158,"resource":"512","request_start":1576623633241,"request_end":1576623676388,"request_duration":43147,"type":"512"}
{"start":1576623666105,"end":1576623676484,"duration":10379,"downloading_duration":1098,"execution_duration":8702,"uploading_duration":579,"executable":"ellipsoids-openmp","args":["3.dat","318.log","318.xoutput"],"id":159,"resource":"512","request_start":1576623633242,"request_end":1576623676508,"request_duration":43266,"type":"512"}
{"start":1576623666233,"end":1576623676531,"duration":10298,"downloading_duration":1101,"execution_duration":8621,"uploading_duration":576,"executable":"ellipsoids-openmp","args":["3.dat","320.log","320.xoutput"],"id":161,"resource":"512","request_start":1576623633243,"request_end":1576623676554,"request_duration":43311,"type":"512"}
{"start":1576623666490,"end":1576623676539,"duration":10049,"downloading_duration":1099,"execution_duration":8339,"uploading_duration":611,"executable":"ellipsoids-openmp","args":["3.dat","331.log","331.xoutput"],"id":172,"resource":"512","request_start":1576623633248,"request_end":1576623676561,"request_duration":43313,"type":"512"}
{"start":1576623666189,"end":1576623676540,"duration":10351,"downloading_duration":1164,"execution_duration":8577,"uploading_duration":610,"executable":"ellipsoids-openmp","args":["3.dat","319.log","319.xoutput"],"id":160,"resource":"512","request_start":1576623633242,"request_end":1576623676566,"request_duration":43324,"type":"512"}
{"start":1576623666315,"end":1576623676550,"duration":10235,"downloading_duration":1013,"execution_duration":8598,"uploading_duration":624,"executable":"ellipsoids-openmp","args":["3.dat","322.log","322.xoutput"],"id":163,"resource":"512","request_start":1576623633244,"request_end":1576623676573,"request_duration":43329,"type":"512"}
{"start":1576623666331,"end":1576623676544,"duration":10213,"downloading_duration":1103,"execution_duration":8518,"uploading_duration":592,"executable":"ellipsoids-openmp","args":["3.dat","323.log","323.xoutput"],"id":164,"resource":"512","request_start":1576623633244,"request_end":1576623676579,"request_duration":43335,"type":"512"}
{"start":1576623666234,"end":1576623676716,"duration":10482,"downloading_duration":1064,"execution_duration":8842,"uploading_duration":576,"executable":"ellipsoids-openmp","args":["3.dat","321.log","321.xoutput"],"id":162,"resource":"512","request_start":1576623633243,"request_end":1576623676740,"request_duration":43497,"type":"512"}
{"start":1576623666452,"end":1576623676722,"duration":10270,"downloading_duration":1097,"execution_duration":8543,"uploading_duration":630,"executable":"ellipsoids-openmp","args":["3.dat","326.log","326.xoutput"],"id":167,"resource":"512","request_start":1576623633246,"request_end":1576623676747,"request_duration":43501,"type":"512"}
{"start":1576623666471,"end":1576623676770,"duration":10299,"downloading_duration":1099,"execution_duration":8640,"uploading_duration":560,"executable":"ellipsoids-openmp","args":["3.dat","327.log","327.xoutput"],"id":168,"resource":"512","request_start":1576623633246,"request_end":1576623676797,"request_duration":43551,"type":"512"}
{"start":1576623666593,"end":1576623676800,"duration":10207,"downloading_duration":1029,"execution_duration":8600,"uploading_duration":578,"executable":"ellipsoids-openmp","args":["3.dat","337.log","337.xoutput"],"id":178,"resource":"512","request_start":1576623633252,"request_end":1576623676824,"request_duration":43572,"type":"512"}
{"start":1576623666671,"end":1576623676805,"duration":10134,"downloading_duration":1053,"execution_duration":8403,"uploading_duration":678,"executable":"ellipsoids-openmp","args":["3.dat","343.log","343.xoutput"],"id":184,"resource":"512","request_start":1576623633255,"request_end":1576623676828,"request_duration":43573,"type":"512"}
{"start":1576623666600,"end":1576623676820,"duration":10220,"downloading_duration":1090,"execution_duration":8523,"uploading_duration":607,"executable":"ellipsoids-openmp","args":["3.dat","339.log","339.xoutput"],"id":180,"resource":"512","request_start":1576623633253,"request_end":1576623676843,"request_duration":43590,"type":"512"}
{"start":1576623666575,"end":1576623676833,"duration":10258,"downloading_duration":1158,"execution_duration":8522,"uploading_duration":578,"executable":"ellipsoids-openmp","args":["3.dat","336.log","336.xoutput"],"id":177,"resource":"512","request_start":1576623633251,"request_end":1576623676858,"request_duration":43607,"type":"512"}
{"start":1576623666479,"end":1576623676862,"duration":10383,"downloading_duration":1041,"execution_duration":8722,"uploading_duration":620,"executable":"ellipsoids-openmp","args":["3.dat","329.log","329.xoutput"],"id":170,"resource":"512","request_start":1576623633247,"request_end":1576623676891,"request_duration":43644,"type":"512"}
{"start":1576623666602,"end":1576623676866,"duration":10264,"downloading_duration":1034,"execution_duration":8640,"uploading_duration":590,"executable":"ellipsoids-openmp","args":["3.dat","340.log","340.xoutput"],"id":181,"resource":"512","request_start":1576623633253,"request_end":1576623676892,"request_duration":43639,"type":"512"}
{"start":1576623666599,"end":1576623676908,"duration":10309,"downloading_duration":1095,"execution_duration":8642,"uploading_duration":572,"executable":"ellipsoids-openmp","args":["3.dat","338.log","338.xoutput"],"id":179,"resource":"512","request_start":1576623633252,"request_end":1576623676933,"request_duration":43681,"type":"512"}
{"start":1576623666338,"end":1576623676941,"duration":10603,"downloading_duration":1105,"execution_duration":8900,"uploading_duration":598,"executable":"ellipsoids-openmp","args":["3.dat","324.log","324.xoutput"],"id":165,"resource":"512","request_start":1576623633245,"request_end":1576623676964,"request_duration":43719,"type":"512"}
{"start":1576623666512,"end":1576623676959,"duration":10447,"downloading_duration":1155,"execution_duration":8698,"uploading_duration":594,"executable":"ellipsoids-openmp","args":["3.dat","334.log","334.xoutput"],"id":175,"resource":"512","request_start":1576623633250,"request_end":1576623676980,"request_duration":43730,"type":"512"}
{"start":1576623666571,"end":1576623676968,"duration":10397,"downloading_duration":1183,"execution_duration":8601,"uploading_duration":613,"executable":"ellipsoids-openmp","args":["3.dat","335.log","335.xoutput"],"id":176,"resource":"512","request_start":1576623633251,"request_end":1576623676989,"request_duration":43738,"type":"512"}
{"start":1576623666475,"end":1576623676987,"duration":10512,"downloading_duration":1015,"execution_duration":8660,"uploading_duration":837,"executable":"ellipsoids-openmp","args":["3.dat","330.log","330.xoutput"],"id":171,"resource":"512","request_start":1576623633248,"request_end":1576623677010,"request_duration":43762,"type":"512"}
{"start":1576623666495,"end":1576623676989,"duration":10494,"downloading_duration":1117,"execution_duration":8620,"uploading_duration":757,"executable":"ellipsoids-openmp","args":["3.dat","332.log","332.xoutput"],"id":173,"resource":"512","request_start":1576623633249,"request_end":1576623677012,"request_duration":43763,"type":"512"}
{"start":1576623666478,"end":1576623677051,"duration":10573,"downloading_duration":1153,"execution_duration":8702,"uploading_duration":718,"executable":"ellipsoids-openmp","args":["3.dat","328.log","328.xoutput"],"id":169,"resource":"512","request_start":1576623633247,"request_end":1576623677073,"request_duration":43826,"type":"512"}
{"start":1576623666659,"end":1576623677059,"duration":10400,"downloading_duration":1225,"execution_duration":8581,"uploading_duration":594,"executable":"ellipsoids-openmp","args":["3.dat","342.log","342.xoutput"],"id":183,"resource":"512","request_start":1576623633254,"request_end":1576623677082,"request_duration":43828,"type":"512"}
{"start":1576623666445,"end":1576623677073,"duration":10628,"downloading_duration":1134,"execution_duration":8903,"uploading_duration":591,"executable":"ellipsoids-openmp","args":["3.dat","325.log","325.xoutput"],"id":166,"resource":"512","request_start":1576623633245,"request_end":1576623677096,"request_duration":43851,"type":"512"}
{"start":1576623666503,"end":1576623677113,"duration":10610,"downloading_duration":1052,"execution_duration":8899,"uploading_duration":659,"executable":"ellipsoids-openmp","args":["3.dat","333.log","333.xoutput"],"id":174,"resource":"512","request_start":1576623633249,"request_end":1576623677139,"request_duration":43890,"type":"512"}
{"start":1576623666639,"end":1576623677175,"duration":10536,"downloading_duration":1067,"execution_duration":8822,"uploading_duration":647,"executable":"ellipsoids-openmp","args":["3.dat","341.log","341.xoutput"],"id":182,"resource":"512","request_start":1576623633254,"request_end":1576623677197,"request_duration":43943,"type":"512"}
{"start":1576623666683,"end":1576623677249,"duration":10566,"downloading_duration":1036,"execution_duration":8899,"uploading_duration":631,"executable":"ellipsoids-openmp","args":["3.dat","344.log","344.xoutput"],"id":185,"resource":"512","request_start":1576623633255,"request_end":1576623677273,"request_duration":44018,"type":"512"}
{"start":1576623677433,"end":1576623679387,"duration":1954,"downloading_duration":1567,"execution_duration":17,"uploading_duration":370,"executable":"mean-pack-ell","args":["30.xoutput","31.xoutput","32.xoutput","33.xoutput","34.xoutput","35.xoutput","36.xoutput","37.xoutput","38.xoutput","39.xoutput","310.xoutput","311.xoutput","312.xoutput","313.xoutput","314.xoutput","315.xoutput","316.xoutput","317.xoutput","318.xoutput","319.xoutput","320.xoutput","321.xoutput","322.xoutput","323.xoutput","324.xoutput","325.xoutput","326.xoutput","327.xoutput","328.xoutput","329.xoutput","330.xoutput","331.xoutput","332.xoutput","333.xoutput","334.xoutput","335.xoutput","336.xoutput","337.xoutput","338.xoutput","339.xoutput","340.xoutput","341.xoutput","342.xoutput","343.xoutput","344.xoutput","average_3.txt"],"id":189,"resource":"512","request_start":1576623677284,"request_end":1576623679442,"request_duration":2158,"type":"512"}
{"start":1576623679573,"end":1576623680786,"duration":1213,"downloading_duration":542,"execution_duration":242,"uploading_duration":429,"executable":"summary.js","args":[],"id":190,"resource":"512","request_start":1576623679449,"request_end":1576623680811,"request_duration":1362,"type":"512"}
