{"start":1576623733194,"end":1576623734218,"duration":1024,"downloading_duration":379,"execution_duration":243,"uploading_duration":402,"executable":"generateData.js","args":[],"id":1,"resource":"512","request_start":1576623733030,"request_end":1576623734244,"request_duration":1214,"type":"512"}
{"start":1576623734369,"end":1576623735445,"duration":1076,"downloading_duration":405,"execution_duration":263,"uploading_duration":408,"executable":"createDat.js","args":["3.dat"],"id":5,"resource":"512","request_start":1576623734258,"request_end":1576623735465,"request_duration":1207,"type":"512"}
{"start":1576623734381,"end":1576623735445,"duration":1064,"downloading_duration":432,"execution_duration":231,"uploading_duration":401,"executable":"createDat.js","args":["1.dat"],"id":3,"resource":"512","request_start":1576623734253,"request_end":1576623735465,"request_duration":1212,"type":"512"}
{"start":1576623734361,"end":1576623735457,"duration":1096,"downloading_duration":409,"execution_duration":225,"uploading_duration":462,"executable":"createDat.js","args":["0.dat"],"id":2,"resource":"512","request_start":1576623734250,"request_end":1576623735487,"request_duration":1237,"type":"512"}
{"start":1576623734384,"end":1576623735468,"duration":1084,"downloading_duration":374,"execution_duration":247,"uploading_duration":463,"executable":"createDat.js","args":["2.dat"],"id":4,"resource":"512","request_start":1576623734255,"request_end":1576623735595,"request_duration":1340,"type":"512"}
{"start":1576623735991,"end":1576623744819,"duration":8828,"downloading_duration":1148,"execution_duration":6980,"uploading_duration":700,"executable":"ellipsoids-openmp","args":["3.dat","328.log","328.xoutput"],"id":169,"resource":"512","request_start":1576623735533,"request_end":1576623744843,"request_duration":9310,"type":"512"}
{"start":1576623735994,"end":1576623745978,"duration":9984,"downloading_duration":1016,"execution_duration":8383,"uploading_duration":585,"executable":"ellipsoids-openmp","args":["3.dat","333.log","333.xoutput"],"id":174,"resource":"512","request_start":1576623735540,"request_end":1576623746002,"request_duration":10462,"type":"512"}
{"start":1576623735958,"end":1576623746002,"duration":10044,"downloading_duration":1147,"execution_duration":8280,"uploading_duration":617,"executable":"ellipsoids-openmp","args":["3.dat","318.log","318.xoutput"],"id":159,"resource":"512","request_start":1576623735518,"request_end":1576623746027,"request_duration":10509,"type":"512"}
{"start":1576623735940,"end":1576623746021,"duration":10081,"downloading_duration":1063,"execution_duration":8380,"uploading_duration":638,"executable":"ellipsoids-openmp","args":["3.dat","38.log","38.xoutput"],"id":149,"resource":"512","request_start":1576623735506,"request_end":1576623746044,"request_duration":10538,"type":"512"}
{"start":1576623736034,"end":1576623746047,"duration":10013,"downloading_duration":1022,"execution_duration":8361,"uploading_duration":630,"executable":"ellipsoids-openmp","args":["3.dat","335.log","335.xoutput"],"id":176,"resource":"512","request_start":1576623735544,"request_end":1576623746071,"request_duration":10527,"type":"512"}
{"start":1576623735985,"end":1576623746112,"duration":10127,"downloading_duration":1121,"execution_duration":8365,"uploading_duration":641,"executable":"ellipsoids-openmp","args":["3.dat","330.log","330.xoutput"],"id":171,"resource":"512","request_start":1576623735536,"request_end":1576623746134,"request_duration":10598,"type":"512"}
{"start":1576623736040,"end":1576623746121,"duration":10081,"downloading_duration":1066,"execution_duration":8401,"uploading_duration":614,"executable":"ellipsoids-openmp","args":["3.dat","342.log","342.xoutput"],"id":183,"resource":"512","request_start":1576623735552,"request_end":1576623746147,"request_duration":10595,"type":"512"}
{"start":1576623735938,"end":1576623746150,"duration":10212,"downloading_duration":1198,"execution_duration":8381,"uploading_duration":633,"executable":"ellipsoids-openmp","args":["3.dat","37.log","37.xoutput"],"id":148,"resource":"512","request_start":1576623735505,"request_end":1576623746174,"request_duration":10669,"type":"512"}
{"start":1576623735996,"end":1576623746167,"duration":10171,"downloading_duration":1222,"execution_duration":8361,"uploading_duration":588,"executable":"ellipsoids-openmp","args":["3.dat","337.log","337.xoutput"],"id":178,"resource":"512","request_start":1576623735547,"request_end":1576623746190,"request_duration":10643,"type":"512"}
{"start":1576623735993,"end":1576623746176,"duration":10183,"downloading_duration":1168,"execution_duration":8402,"uploading_duration":613,"executable":"ellipsoids-openmp","args":["3.dat","334.log","334.xoutput"],"id":175,"resource":"512","request_start":1576623735541,"request_end":1576623746200,"request_duration":10659,"type":"512"}
{"start":1576623735943,"end":1576623746181,"duration":10238,"downloading_duration":1072,"execution_duration":8500,"uploading_duration":666,"executable":"ellipsoids-openmp","args":["3.dat","312.log","312.xoutput"],"id":153,"resource":"512","request_start":1576623735511,"request_end":1576623746206,"request_duration":10695,"type":"512"}
{"start":1576623735982,"end":1576623746188,"duration":10206,"downloading_duration":1025,"execution_duration":8603,"uploading_duration":578,"executable":"ellipsoids-openmp","args":["3.dat","327.log","327.xoutput"],"id":168,"resource":"512","request_start":1576623735532,"request_end":1576623746217,"request_duration":10685,"type":"512"}
{"start":1576623735994,"end":1576623746196,"duration":10202,"downloading_duration":1056,"execution_duration":8562,"uploading_duration":584,"executable":"ellipsoids-openmp","args":["3.dat","329.log","329.xoutput"],"id":170,"resource":"512","request_start":1576623735533,"request_end":1576623746221,"request_duration":10688,"type":"512"}
{"start":1576623735933,"end":1576623746219,"duration":10286,"downloading_duration":1108,"execution_duration":8560,"uploading_duration":618,"executable":"ellipsoids-openmp","args":["3.dat","32.log","32.xoutput"],"id":143,"resource":"512","request_start":1576623735498,"request_end":1576623746241,"request_duration":10743,"type":"512"}
{"start":1576623735985,"end":1576623746229,"duration":10244,"downloading_duration":1026,"execution_duration":8644,"uploading_duration":574,"executable":"ellipsoids-openmp","args":["3.dat","324.log","324.xoutput"],"id":165,"resource":"512","request_start":1576623735528,"request_end":1576623746252,"request_duration":10724,"type":"512"}
{"start":1576623735939,"end":1576623746243,"duration":10304,"downloading_duration":1005,"execution_duration":8700,"uploading_duration":599,"executable":"ellipsoids-openmp","args":["3.dat","36.log","36.xoutput"],"id":147,"resource":"512","request_start":1576623735504,"request_end":1576623746267,"request_duration":10763,"type":"512"}
{"start":1576623736042,"end":1576623746246,"duration":10204,"downloading_duration":1163,"execution_duration":8404,"uploading_duration":637,"executable":"ellipsoids-openmp","args":["3.dat","341.log","341.xoutput"],"id":182,"resource":"512","request_start":1576623735551,"request_end":1576623746269,"request_duration":10718,"type":"512"}
{"start":1576623735932,"end":1576623746274,"duration":10342,"downloading_duration":1100,"execution_duration":8582,"uploading_duration":660,"executable":"ellipsoids-openmp","args":["3.dat","30.log","30.xoutput"],"id":141,"resource":"512","request_start":1576623735495,"request_end":1576623746298,"request_duration":10803,"type":"512"}
{"start":1576623735998,"end":1576623746283,"duration":10285,"downloading_duration":1043,"execution_duration":8660,"uploading_duration":582,"executable":"ellipsoids-openmp","args":["3.dat","331.log","331.xoutput"],"id":172,"resource":"512","request_start":1576623735537,"request_end":1576623746307,"request_duration":10770,"type":"512"}
{"start":1576623735937,"end":1576623746307,"duration":10370,"downloading_duration":1103,"execution_duration":8681,"uploading_duration":586,"executable":"ellipsoids-openmp","args":["3.dat","34.log","34.xoutput"],"id":145,"resource":"512","request_start":1576623735502,"request_end":1576623746331,"request_duration":10829,"type":"512"}
{"start":1576623735985,"end":1576623746307,"duration":10322,"downloading_duration":1037,"execution_duration":8620,"uploading_duration":665,"executable":"ellipsoids-openmp","args":["3.dat","325.log","325.xoutput"],"id":166,"resource":"512","request_start":1576623735529,"request_end":1576623746334,"request_duration":10805,"type":"512"}
{"start":1576623735943,"end":1576623746346,"duration":10403,"downloading_duration":1086,"execution_duration":8640,"uploading_duration":677,"executable":"ellipsoids-openmp","args":["3.dat","311.log","311.xoutput"],"id":152,"resource":"512","request_start":1576623735510,"request_end":1576623746370,"request_duration":10860,"type":"512"}
{"start":1576623735956,"end":1576623746350,"duration":10394,"downloading_duration":1090,"execution_duration":8702,"uploading_duration":602,"executable":"ellipsoids-openmp","args":["3.dat","322.log","322.xoutput"],"id":163,"resource":"512","request_start":1576623735525,"request_end":1576623746373,"request_duration":10848,"type":"512"}
{"start":1576623735935,"end":1576623746354,"duration":10419,"downloading_duration":1135,"execution_duration":8721,"uploading_duration":563,"executable":"ellipsoids-openmp","args":["3.dat","39.log","39.xoutput"],"id":150,"resource":"512","request_start":1576623735508,"request_end":1576623746380,"request_duration":10872,"type":"512"}
{"start":1576623736034,"end":1576623746360,"duration":10326,"downloading_duration":1004,"execution_duration":8660,"uploading_duration":662,"executable":"ellipsoids-openmp","args":["3.dat","344.log","344.xoutput"],"id":185,"resource":"512","request_start":1576623735554,"request_end":1576623746386,"request_duration":10832,"type":"512"}
{"start":1576623735959,"end":1576623746362,"duration":10403,"downloading_duration":1187,"execution_duration":8581,"uploading_duration":635,"executable":"ellipsoids-openmp","args":["3.dat","321.log","321.xoutput"],"id":162,"resource":"512","request_start":1576623735524,"request_end":1576623746388,"request_duration":10864,"type":"512"}
{"start":1576623736035,"end":1576623746365,"duration":10330,"downloading_duration":1039,"execution_duration":8682,"uploading_duration":609,"executable":"ellipsoids-openmp","args":["3.dat","340.log","340.xoutput"],"id":181,"resource":"512","request_start":1576623735550,"request_end":1576623746394,"request_duration":10844,"type":"512"}
{"start":1576623736040,"end":1576623746365,"duration":10325,"downloading_duration":1088,"execution_duration":8661,"uploading_duration":576,"executable":"ellipsoids-openmp","args":["3.dat","343.log","343.xoutput"],"id":184,"resource":"512","request_start":1576623735553,"request_end":1576623746396,"request_duration":10843,"type":"512"}
{"start":1576623735957,"end":1576623746385,"duration":10428,"downloading_duration":1053,"execution_duration":8620,"uploading_duration":755,"executable":"ellipsoids-openmp","args":["3.dat","315.log","315.xoutput"],"id":156,"resource":"512","request_start":1576623735515,"request_end":1576623746410,"request_duration":10895,"type":"512"}
{"start":1576623735961,"end":1576623746388,"duration":10427,"downloading_duration":1039,"execution_duration":8779,"uploading_duration":609,"executable":"ellipsoids-openmp","args":["3.dat","320.log","320.xoutput"],"id":161,"resource":"512","request_start":1576623735520,"request_end":1576623746412,"request_duration":10892,"type":"512"}
{"start":1576623736200,"end":1576623746400,"duration":10200,"downloading_duration":1122,"execution_duration":8381,"uploading_duration":697,"executable":"ellipsoids-openmp","args":["1.dat","11.log","11.xoutput"],"id":52,"resource":"512","request_start":1576623735603,"request_end":1576623746427,"request_duration":10824,"type":"512"}
{"start":1576623735999,"end":1576623746406,"duration":10407,"downloading_duration":1050,"execution_duration":8740,"uploading_duration":617,"executable":"ellipsoids-openmp","args":["3.dat","339.log","339.xoutput"],"id":180,"resource":"512","request_start":1576623735549,"request_end":1576623746430,"request_duration":10881,"type":"512"}
{"start":1576623735977,"end":1576623746416,"duration":10439,"downloading_duration":1176,"execution_duration":8682,"uploading_duration":581,"executable":"ellipsoids-openmp","args":["3.dat","323.log","323.xoutput"],"id":164,"resource":"512","request_start":1576623735526,"request_end":1576623746442,"request_duration":10916,"type":"512"}
{"start":1576623735939,"end":1576623746428,"duration":10489,"downloading_duration":1001,"execution_duration":8876,"uploading_duration":612,"executable":"ellipsoids-openmp","args":["3.dat","313.log","313.xoutput"],"id":154,"resource":"512","request_start":1576623735512,"request_end":1576623746453,"request_duration":10941,"type":"512"}
{"start":1576623736201,"end":1576623746464,"duration":10263,"downloading_duration":1029,"execution_duration":8642,"uploading_duration":592,"executable":"ellipsoids-openmp","args":["1.dat","10.log","10.xoutput"],"id":51,"resource":"512","request_start":1576623735602,"request_end":1576623746486,"request_duration":10884,"type":"512"}
{"start":1576623735960,"end":1576623746463,"duration":10503,"downloading_duration":996,"execution_duration":8919,"uploading_duration":588,"executable":"ellipsoids-openmp","args":["3.dat","326.log","326.xoutput"],"id":167,"resource":"512","request_start":1576623735530,"request_end":1576623746493,"request_duration":10963,"type":"512"}
{"start":1576623735947,"end":1576623746461,"duration":10514,"downloading_duration":1208,"execution_duration":8719,"uploading_duration":587,"executable":"ellipsoids-openmp","args":["3.dat","310.log","310.xoutput"],"id":151,"resource":"512","request_start":1576623735509,"request_end":1576623746494,"request_duration":10985,"type":"512"}
{"start":1576623735951,"end":1576623746484,"duration":10533,"downloading_duration":1184,"execution_duration":8642,"uploading_duration":707,"executable":"ellipsoids-openmp","args":["3.dat","316.log","316.xoutput"],"id":157,"resource":"512","request_start":1576623735516,"request_end":1576623746507,"request_duration":10991,"type":"512"}
{"start":1576623735997,"end":1576623746490,"duration":10493,"downloading_duration":1240,"execution_duration":8660,"uploading_duration":593,"executable":"ellipsoids-openmp","args":["3.dat","336.log","336.xoutput"],"id":177,"resource":"512","request_start":1576623735546,"request_end":1576623746514,"request_duration":10968,"type":"512"}
{"start":1576623735997,"end":1576623746525,"duration":10528,"downloading_duration":1100,"execution_duration":8664,"uploading_duration":764,"executable":"ellipsoids-openmp","args":["3.dat","338.log","338.xoutput"],"id":179,"resource":"512","request_start":1576623735548,"request_end":1576623746549,"request_duration":11001,"type":"512"}
{"start":1576623735930,"end":1576623746537,"duration":10607,"downloading_duration":1053,"execution_duration":8883,"uploading_duration":671,"executable":"ellipsoids-openmp","args":["3.dat","31.log","31.xoutput"],"id":142,"resource":"512","request_start":1576623735497,"request_end":1576623746560,"request_duration":11063,"type":"512"}
{"start":1576623735936,"end":1576623746542,"duration":10606,"downloading_duration":1006,"execution_duration":8981,"uploading_duration":619,"executable":"ellipsoids-openmp","args":["3.dat","33.log","33.xoutput"],"id":144,"resource":"512","request_start":1576623735500,"request_end":1576623746566,"request_duration":11066,"type":"512"}
{"start":1576623735936,"end":1576623746576,"duration":10640,"downloading_duration":1020,"execution_duration":8980,"uploading_duration":640,"executable":"ellipsoids-openmp","args":["3.dat","35.log","35.xoutput"],"id":146,"resource":"512","request_start":1576623735503,"request_end":1576623746600,"request_duration":11097,"type":"512"}
{"start":1576623735954,"end":1576623746578,"duration":10624,"downloading_duration":1076,"execution_duration":8880,"uploading_duration":668,"executable":"ellipsoids-openmp","args":["3.dat","314.log","314.xoutput"],"id":155,"resource":"512","request_start":1576623735514,"request_end":1576623746603,"request_duration":11089,"type":"512"}
{"start":1576623736253,"end":1576623746579,"duration":10326,"downloading_duration":1049,"execution_duration":8663,"uploading_duration":614,"executable":"ellipsoids-openmp","args":["1.dat","12.log","12.xoutput"],"id":53,"resource":"512","request_start":1576623735604,"request_end":1576623746607,"request_duration":11003,"type":"512"}
{"start":1576623736198,"end":1576623746640,"duration":10442,"downloading_duration":1089,"execution_duration":8739,"uploading_duration":614,"executable":"ellipsoids-openmp","args":["1.dat","13.log","13.xoutput"],"id":54,"resource":"512","request_start":1576623735605,"request_end":1576623746661,"request_duration":11056,"type":"512"}
{"start":1576623736255,"end":1576623746730,"duration":10475,"downloading_duration":1134,"execution_duration":8739,"uploading_duration":602,"executable":"ellipsoids-openmp","args":["1.dat","14.log","14.xoutput"],"id":55,"resource":"512","request_start":1576623735606,"request_end":1576623746755,"request_duration":11149,"type":"512"}
{"start":1576623735953,"end":1576623746734,"duration":10781,"downloading_duration":1111,"execution_duration":8682,"uploading_duration":988,"executable":"ellipsoids-openmp","args":["3.dat","319.log","319.xoutput"],"id":160,"resource":"512","request_start":1576623735519,"request_end":1576623746759,"request_duration":11240,"type":"512"}
{"start":1576623735953,"end":1576623746825,"duration":10872,"downloading_duration":1079,"execution_duration":9162,"uploading_duration":631,"executable":"ellipsoids-openmp","args":["3.dat","317.log","317.xoutput"],"id":158,"resource":"512","request_start":1576623735517,"request_end":1576623746847,"request_duration":11330,"type":"512"}
{"start":1576623735993,"end":1576623747350,"duration":11357,"downloading_duration":1219,"execution_duration":9520,"uploading_duration":618,"executable":"ellipsoids-openmp","args":["3.dat","332.log","332.xoutput"],"id":173,"resource":"512","request_start":1576623735539,"request_end":1576623747371,"request_duration":11832,"type":"512"}
{"start":1576623744870,"end":1576623753753,"duration":8883,"downloading_duration":1130,"execution_duration":7059,"uploading_duration":694,"executable":"ellipsoids-openmp","args":["1.dat","15.log","15.xoutput"],"id":56,"resource":"512","request_start":1576623735607,"request_end":1576623753779,"request_duration":18172,"type":"512"}
{"start":1576623746631,"end":1576623756970,"duration":10339,"downloading_duration":1017,"execution_duration":8701,"uploading_duration":621,"executable":"ellipsoids-openmp","args":["0.dat","07.log","07.xoutput"],"id":13,"resource":"512","request_start":1576623735681,"request_end":1576623756997,"request_duration":21316,"type":"512"}
{"start":1576623746024,"end":1576623756985,"duration":10961,"downloading_duration":1081,"execution_duration":9201,"uploading_duration":679,"executable":"ellipsoids-openmp","args":["1.dat","16.log","16.xoutput"],"id":57,"resource":"512","request_start":1576623735608,"request_end":1576623757006,"request_duration":21398,"type":"512"}
{"start":1576623746069,"end":1576623757036,"duration":10967,"downloading_duration":1014,"execution_duration":9344,"uploading_duration":609,"executable":"ellipsoids-openmp","args":["1.dat","18.log","18.xoutput"],"id":59,"resource":"512","request_start":1576623735609,"request_end":1576623757059,"request_duration":21450,"type":"512"}
{"start":1576623746223,"end":1576623757089,"duration":10866,"downloading_duration":1052,"execution_duration":9180,"uploading_duration":634,"executable":"ellipsoids-openmp","args":["1.dat","114.log","114.xoutput"],"id":65,"resource":"512","request_start":1576623735612,"request_end":1576623757112,"request_duration":21500,"type":"512"}
{"start":1576623746395,"end":1576623757096,"duration":10701,"downloading_duration":1026,"execution_duration":9119,"uploading_duration":556,"executable":"ellipsoids-openmp","args":["1.dat","126.log","126.xoutput"],"id":77,"resource":"512","request_start":1576623735621,"request_end":1576623757119,"request_duration":21498,"type":"512"}
{"start":1576623746054,"end":1576623757137,"duration":11083,"downloading_duration":1083,"execution_duration":9421,"uploading_duration":579,"executable":"ellipsoids-openmp","args":["1.dat","17.log","17.xoutput"],"id":58,"resource":"512","request_start":1576623735608,"request_end":1576623757159,"request_duration":21551,"type":"512"}
{"start":1576623746422,"end":1576623757137,"duration":10715,"downloading_duration":1051,"execution_duration":8921,"uploading_duration":743,"executable":"ellipsoids-openmp","args":["1.dat","132.log","132.xoutput"],"id":83,"resource":"512","request_start":1576623735625,"request_end":1576623757163,"request_duration":21538,"type":"512"}
{"start":1576623746240,"end":1576623757154,"duration":10914,"downloading_duration":1011,"execution_duration":9319,"uploading_duration":584,"executable":"ellipsoids-openmp","args":["1.dat","116.log","116.xoutput"],"id":67,"resource":"512","request_start":1576623735614,"request_end":1576623757177,"request_duration":21563,"type":"512"}
{"start":1576623746580,"end":1576623757174,"duration":10594,"downloading_duration":1004,"execution_duration":8961,"uploading_duration":629,"executable":"ellipsoids-openmp","args":["0.dat","04.log","04.xoutput"],"id":10,"resource":"512","request_start":1576623735679,"request_end":1576623757197,"request_duration":21518,"type":"512"}
{"start":1576623746194,"end":1576623757175,"duration":10981,"downloading_duration":1134,"execution_duration":9240,"uploading_duration":607,"executable":"ellipsoids-openmp","args":["1.dat","112.log","112.xoutput"],"id":63,"resource":"512","request_start":1576623735611,"request_end":1576623757200,"request_duration":21589,"type":"512"}
{"start":1576623746456,"end":1576623757177,"duration":10721,"downloading_duration":1083,"execution_duration":9030,"uploading_duration":608,"executable":"ellipsoids-openmp","args":["1.dat","136.log","136.xoutput"],"id":87,"resource":"512","request_start":1576623735627,"request_end":1576623757204,"request_duration":21577,"type":"512"}
{"start":1576623746413,"end":1576623757213,"duration":10800,"downloading_duration":1077,"execution_duration":9120,"uploading_duration":603,"executable":"ellipsoids-openmp","args":["1.dat","130.log","130.xoutput"],"id":81,"resource":"512","request_start":1576623735624,"request_end":1576623757241,"request_duration":21617,"type":"512"}
{"start":1576623746332,"end":1576623757228,"duration":10896,"downloading_duration":1029,"execution_duration":9242,"uploading_duration":625,"executable":"ellipsoids-openmp","args":["1.dat","123.log","123.xoutput"],"id":74,"resource":"512","request_start":1576623735618,"request_end":1576623757251,"request_duration":21633,"type":"512"}
{"start":1576623746432,"end":1576623757247,"duration":10815,"downloading_duration":1095,"execution_duration":9138,"uploading_duration":582,"executable":"ellipsoids-openmp","args":["1.dat","133.log","133.xoutput"],"id":84,"resource":"512","request_start":1576623735626,"request_end":1576623757269,"request_duration":21643,"type":"512"}
{"start":1576623746212,"end":1576623757250,"duration":11038,"downloading_duration":1038,"execution_duration":9400,"uploading_duration":600,"executable":"ellipsoids-openmp","args":["1.dat","113.log","113.xoutput"],"id":64,"resource":"512","request_start":1576623735612,"request_end":1576623757271,"request_duration":21659,"type":"512"}
{"start":1576623746477,"end":1576623757279,"duration":10802,"downloading_duration":1020,"execution_duration":9158,"uploading_duration":624,"executable":"ellipsoids-openmp","args":["1.dat","138.log","138.xoutput"],"id":89,"resource":"512","request_start":1576623735629,"request_end":1576623757303,"request_duration":21674,"type":"512"}
{"start":1576623746686,"end":1576623757287,"duration":10601,"downloading_duration":1000,"execution_duration":9000,"uploading_duration":601,"executable":"ellipsoids-openmp","args":["0.dat","09.log","09.xoutput"],"id":15,"resource":"512","request_start":1576623735682,"request_end":1576623757319,"request_duration":21637,"type":"512"}
{"start":1576623746167,"end":1576623757319,"duration":11152,"downloading_duration":1078,"execution_duration":9380,"uploading_duration":694,"executable":"ellipsoids-openmp","args":["1.dat","111.log","111.xoutput"],"id":62,"resource":"512","request_start":1576623735610,"request_end":1576623757341,"request_duration":21731,"type":"512"}
{"start":1576623746099,"end":1576623757328,"duration":11229,"downloading_duration":1215,"execution_duration":9358,"uploading_duration":656,"executable":"ellipsoids-openmp","args":["1.dat","19.log","19.xoutput"],"id":60,"resource":"512","request_start":1576623735609,"request_end":1576623757349,"request_duration":21740,"type":"512"}
{"start":1576623746247,"end":1576623757331,"duration":11084,"downloading_duration":1056,"execution_duration":9400,"uploading_duration":628,"executable":"ellipsoids-openmp","args":["1.dat","117.log","117.xoutput"],"id":68,"resource":"512","request_start":1576623735615,"request_end":1576623757354,"request_duration":21739,"type":"512"}
{"start":1576623746571,"end":1576623757337,"duration":10766,"downloading_duration":1027,"execution_duration":9121,"uploading_duration":618,"executable":"ellipsoids-openmp","args":["1.dat","144.log","144.xoutput"],"id":95,"resource":"512","request_start":1576623735632,"request_end":1576623757362,"request_duration":21730,"type":"512"}
{"start":1576623746590,"end":1576623757338,"duration":10748,"downloading_duration":1087,"execution_duration":9067,"uploading_duration":594,"executable":"ellipsoids-openmp","args":["0.dat","05.log","05.xoutput"],"id":11,"resource":"512","request_start":1576623735680,"request_end":1576623757365,"request_duration":21685,"type":"512"}
{"start":1576623746288,"end":1576623757339,"duration":11051,"downloading_duration":1033,"execution_duration":9400,"uploading_duration":618,"executable":"ellipsoids-openmp","args":["1.dat","120.log","120.xoutput"],"id":71,"resource":"512","request_start":1576623735617,"request_end":1576623757367,"request_duration":21750,"type":"512"}
{"start":1576623746292,"end":1576623757341,"duration":11049,"downloading_duration":1100,"execution_duration":9321,"uploading_duration":628,"executable":"ellipsoids-openmp","args":["1.dat","121.log","121.xoutput"],"id":72,"resource":"512","request_start":1576623735617,"request_end":1576623757371,"request_duration":21754,"type":"512"}
{"start":1576623746272,"end":1576623757360,"duration":11088,"downloading_duration":1172,"execution_duration":9321,"uploading_duration":595,"executable":"ellipsoids-openmp","args":["1.dat","119.log","119.xoutput"],"id":70,"resource":"512","request_start":1576623735616,"request_end":1576623757391,"request_duration":21775,"type":"512"}
{"start":1576623746436,"end":1576623757367,"duration":10931,"downloading_duration":1080,"execution_duration":9223,"uploading_duration":628,"executable":"ellipsoids-openmp","args":["1.dat","134.log","134.xoutput"],"id":85,"resource":"512","request_start":1576623735626,"request_end":1576623757393,"request_duration":21767,"type":"512"}
{"start":1576623746265,"end":1576623757379,"duration":11114,"downloading_duration":1019,"execution_duration":9360,"uploading_duration":735,"executable":"ellipsoids-openmp","args":["1.dat","118.log","118.xoutput"],"id":69,"resource":"512","request_start":1576623735615,"request_end":1576623757402,"request_duration":21787,"type":"512"}
{"start":1576623746356,"end":1576623757399,"duration":11043,"downloading_duration":1089,"execution_duration":9320,"uploading_duration":634,"executable":"ellipsoids-openmp","args":["1.dat","124.log","124.xoutput"],"id":75,"resource":"512","request_start":1576623735619,"request_end":1576623757422,"request_duration":21803,"type":"512"}
{"start":1576623746451,"end":1576623757405,"duration":10954,"downloading_duration":1084,"execution_duration":9182,"uploading_duration":688,"executable":"ellipsoids-openmp","args":["1.dat","135.log","135.xoutput"],"id":86,"resource":"512","request_start":1576623735627,"request_end":1576623757432,"request_duration":21805,"type":"512"}
{"start":1576623746228,"end":1576623757410,"duration":11182,"downloading_duration":1032,"execution_duration":9545,"uploading_duration":605,"executable":"ellipsoids-openmp","args":["1.dat","115.log","115.xoutput"],"id":66,"resource":"512","request_start":1576623735613,"request_end":1576623757521,"request_duration":21908,"type":"512"}
{"start":1576623746158,"end":1576623757424,"duration":11266,"downloading_duration":1319,"execution_duration":9322,"uploading_duration":625,"executable":"ellipsoids-openmp","args":["1.dat","110.log","110.xoutput"],"id":61,"resource":"512","request_start":1576623735610,"request_end":1576623757524,"request_duration":21914,"type":"512"}
{"start":1576623746630,"end":1576623757427,"duration":10797,"downloading_duration":1048,"execution_duration":9117,"uploading_duration":632,"executable":"ellipsoids-openmp","args":["0.dat","08.log","08.xoutput"],"id":14,"resource":"512","request_start":1576623735682,"request_end":1576623757527,"request_duration":21845,"type":"512"}
{"start":1576623746418,"end":1576623757451,"duration":11033,"downloading_duration":1035,"execution_duration":9421,"uploading_duration":577,"executable":"ellipsoids-openmp","args":["1.dat","131.log","131.xoutput"],"id":82,"resource":"512","request_start":1576623735624,"request_end":1576623757533,"request_duration":21909,"type":"512"}
{"start":1576623746514,"end":1576623757454,"duration":10940,"downloading_duration":1001,"execution_duration":9222,"uploading_duration":717,"executable":"ellipsoids-openmp","args":["1.dat","140.log","140.xoutput"],"id":91,"resource":"512","request_start":1576623735630,"request_end":1576623757538,"request_duration":21908,"type":"512"}
{"start":1576623746518,"end":1576623757459,"duration":10941,"downloading_duration":1022,"execution_duration":9312,"uploading_duration":607,"executable":"ellipsoids-openmp","args":["1.dat","141.log","141.xoutput"],"id":92,"resource":"512","request_start":1576623735630,"request_end":1576623757540,"request_duration":21910,"type":"512"}
{"start":1576623746411,"end":1576623757461,"duration":11050,"downloading_duration":998,"execution_duration":9381,"uploading_duration":671,"executable":"ellipsoids-openmp","args":["1.dat","128.log","128.xoutput"],"id":79,"resource":"512","request_start":1576623735622,"request_end":1576623757543,"request_duration":21921,"type":"512"}
{"start":1576623746464,"end":1576623757483,"duration":11019,"downloading_duration":995,"execution_duration":9320,"uploading_duration":704,"executable":"ellipsoids-openmp","args":["1.dat","137.log","137.xoutput"],"id":88,"resource":"512","request_start":1576623735628,"request_end":1576623757544,"request_duration":21916,"type":"512"}
{"start":1576623746867,"end":1576623757485,"duration":10618,"downloading_duration":1045,"execution_duration":8902,"uploading_duration":671,"executable":"ellipsoids-openmp","args":["0.dat","012.log","012.xoutput"],"id":18,"resource":"512","request_start":1576623735684,"request_end":1576623757547,"request_duration":21863,"type":"512"}
{"start":1576623746361,"end":1576623757497,"duration":11136,"downloading_duration":1031,"execution_duration":9440,"uploading_duration":665,"executable":"ellipsoids-openmp","args":["1.dat","125.log","125.xoutput"],"id":76,"resource":"512","request_start":1576623735620,"request_end":1576623757559,"request_duration":21939,"type":"512"}
{"start":1576623746510,"end":1576623757522,"duration":11012,"downloading_duration":1027,"execution_duration":9360,"uploading_duration":625,"executable":"ellipsoids-openmp","args":["1.dat","139.log","139.xoutput"],"id":90,"resource":"512","request_start":1576623735629,"request_end":1576623757562,"request_duration":21933,"type":"512"}
{"start":1576623746782,"end":1576623757567,"duration":10785,"downloading_duration":1045,"execution_duration":9085,"uploading_duration":655,"executable":"ellipsoids-openmp","args":["0.dat","011.log","011.xoutput"],"id":17,"resource":"512","request_start":1576623735683,"request_end":1576623757677,"request_duration":21994,"type":"512"}
{"start":1576623746413,"end":1576623757584,"duration":11171,"downloading_duration":1092,"execution_duration":9459,"uploading_duration":620,"executable":"ellipsoids-openmp","args":["1.dat","129.log","129.xoutput"],"id":80,"resource":"512","request_start":1576623735623,"request_end":1576623757679,"request_duration":22056,"type":"512"}
{"start":1576623746324,"end":1576623757609,"duration":11285,"downloading_duration":1038,"execution_duration":9598,"uploading_duration":649,"executable":"ellipsoids-openmp","args":["1.dat","122.log","122.xoutput"],"id":73,"resource":"512","request_start":1576623735618,"request_end":1576623757683,"request_duration":22065,"type":"512"}
{"start":1576623746634,"end":1576623757614,"duration":10980,"downloading_duration":1055,"execution_duration":9320,"uploading_duration":605,"executable":"ellipsoids-openmp","args":["0.dat","06.log","06.xoutput"],"id":12,"resource":"512","request_start":1576623735681,"request_end":1576623757686,"request_duration":22005,"type":"512"}
{"start":1576623746539,"end":1576623757623,"duration":11084,"downloading_duration":1060,"execution_duration":9079,"uploading_duration":945,"executable":"ellipsoids-openmp","args":["1.dat","143.log","143.xoutput"],"id":94,"resource":"512","request_start":1576623735632,"request_end":1576623757687,"request_duration":22055,"type":"512"}
{"start":1576623746529,"end":1576623757690,"duration":11161,"downloading_duration":1125,"execution_duration":9280,"uploading_duration":756,"executable":"ellipsoids-openmp","args":["1.dat","142.log","142.xoutput"],"id":93,"resource":"512","request_start":1576623735631,"request_end":1576623757746,"request_duration":22115,"type":"512"}
{"start":1576623746777,"end":1576623757866,"duration":11089,"downloading_duration":1247,"execution_duration":9262,"uploading_duration":580,"executable":"ellipsoids-openmp","args":["0.dat","010.log","010.xoutput"],"id":16,"resource":"512","request_start":1576623735683,"request_end":1576623757887,"request_duration":22204,"type":"512"}
{"start":1576623746404,"end":1576623757924,"duration":11520,"downloading_duration":1348,"execution_duration":9580,"uploading_duration":592,"executable":"ellipsoids-openmp","args":["1.dat","127.log","127.xoutput"],"id":78,"resource":"512","request_start":1576623735622,"request_end":1576623757946,"request_duration":22324,"type":"512"}
{"start":1576623747396,"end":1576623758226,"duration":10830,"downloading_duration":996,"execution_duration":9261,"uploading_duration":573,"executable":"ellipsoids-openmp","args":["0.dat","013.log","013.xoutput"],"id":19,"resource":"512","request_start":1576623735684,"request_end":1576623758247,"request_duration":22563,"type":"512"}
{"start":1576623753803,"end":1576623762633,"duration":8830,"downloading_duration":1036,"execution_duration":7224,"uploading_duration":570,"executable":"ellipsoids-openmp","args":["0.dat","014.log","014.xoutput"],"id":20,"resource":"512","request_start":1576623735685,"request_end":1576623762656,"request_duration":26971,"type":"512"}
{"start":1576623757028,"end":1576623767817,"duration":10789,"downloading_duration":1018,"execution_duration":9143,"uploading_duration":628,"executable":"ellipsoids-openmp","args":["0.dat","016.log","016.xoutput"],"id":22,"resource":"512","request_start":1576623735686,"request_end":1576623767839,"request_duration":32153,"type":"512"}
{"start":1576623757137,"end":1576623767832,"duration":10695,"downloading_duration":1002,"execution_duration":9081,"uploading_duration":612,"executable":"ellipsoids-openmp","args":["0.dat","018.log","018.xoutput"],"id":24,"resource":"512","request_start":1576623735687,"request_end":1576623767854,"request_duration":32167,"type":"512"}
{"start":1576623757021,"end":1576623768003,"duration":10982,"downloading_duration":1006,"execution_duration":9339,"uploading_duration":637,"executable":"ellipsoids-openmp","args":["0.dat","015.log","015.xoutput"],"id":21,"resource":"512","request_start":1576623735685,"request_end":1576623768026,"request_duration":32341,"type":"512"}
{"start":1576623757083,"end":1576623768128,"duration":11045,"downloading_duration":1022,"execution_duration":9402,"uploading_duration":621,"executable":"ellipsoids-openmp","args":["0.dat","017.log","017.xoutput"],"id":23,"resource":"512","request_start":1576623735687,"request_end":1576623768151,"request_duration":32464,"type":"512"}
{"start":1576623757415,"end":1576623768206,"duration":10791,"downloading_duration":1006,"execution_duration":9160,"uploading_duration":625,"executable":"ellipsoids-openmp","args":["0.dat","039.log","039.xoutput"],"id":45,"resource":"512","request_start":1576623735699,"request_end":1576623768287,"request_duration":32588,"type":"512"}
{"start":1576623757143,"end":1576623768317,"duration":11174,"downloading_duration":1013,"execution_duration":9520,"uploading_duration":641,"executable":"ellipsoids-openmp","args":["0.dat","019.log","019.xoutput"],"id":25,"resource":"512","request_start":1576623735688,"request_end":1576623768340,"request_duration":32652,"type":"512"}
{"start":1576623757579,"end":1576623768323,"duration":10744,"downloading_duration":1016,"execution_duration":9101,"uploading_duration":627,"executable":"ellipsoids-openmp","args":["2.dat","27.log","27.xoutput"],"id":103,"resource":"512","request_start":1576623735715,"request_end":1576623768347,"request_duration":32632,"type":"512"}
{"start":1576623757218,"end":1576623768331,"duration":11113,"downloading_duration":1090,"execution_duration":9444,"uploading_duration":579,"executable":"ellipsoids-openmp","args":["0.dat","023.log","023.xoutput"],"id":29,"resource":"512","request_start":1576623735690,"request_end":1576623768358,"request_duration":32668,"type":"512"}
{"start":1576623757267,"end":1576623768349,"duration":11082,"downloading_duration":1066,"execution_duration":9437,"uploading_duration":579,"executable":"ellipsoids-openmp","args":["0.dat","026.log","026.xoutput"],"id":32,"resource":"512","request_start":1576623735692,"request_end":1576623768372,"request_duration":32680,"type":"512"}
{"start":1576623757228,"end":1576623768390,"duration":11162,"downloading_duration":1087,"execution_duration":9498,"uploading_duration":577,"executable":"ellipsoids-openmp","args":["0.dat","025.log","025.xoutput"],"id":31,"resource":"512","request_start":1576623735691,"request_end":1576623768411,"request_duration":32720,"type":"512"}
{"start":1576623757224,"end":1576623768390,"duration":11166,"downloading_duration":1006,"execution_duration":9500,"uploading_duration":660,"executable":"ellipsoids-openmp","args":["0.dat","024.log","024.xoutput"],"id":30,"resource":"512","request_start":1576623735691,"request_end":1576623768414,"request_duration":32723,"type":"512"}
{"start":1576623757569,"end":1576623768419,"duration":10850,"downloading_duration":1110,"execution_duration":9160,"uploading_duration":580,"executable":"ellipsoids-openmp","args":["0.dat","02.log","02.xoutput"],"id":8,"resource":"512","request_start":1576623735703,"request_end":1576623768441,"request_duration":32738,"type":"512"}
{"start":1576623757197,"end":1576623768422,"duration":11225,"downloading_duration":1088,"execution_duration":9561,"uploading_duration":576,"executable":"ellipsoids-openmp","args":["0.dat","022.log","022.xoutput"],"id":28,"resource":"512","request_start":1576623735690,"request_end":1576623768445,"request_duration":32755,"type":"512"}
{"start":1576623757445,"end":1576623768431,"duration":10986,"downloading_duration":1032,"execution_duration":9281,"uploading_duration":673,"executable":"ellipsoids-openmp","args":["0.dat","042.log","042.xoutput"],"id":48,"resource":"512","request_start":1576623735700,"request_end":1576623768454,"request_duration":32754,"type":"512"}
{"start":1576623757365,"end":1576623768460,"duration":11095,"downloading_duration":1060,"execution_duration":9440,"uploading_duration":595,"executable":"ellipsoids-openmp","args":["0.dat","032.log","032.xoutput"],"id":38,"resource":"512","request_start":1576623735695,"request_end":1576623768484,"request_duration":32789,"type":"512"}
{"start":1576623757568,"end":1576623768461,"duration":10893,"downloading_duration":1003,"execution_duration":9300,"uploading_duration":590,"executable":"ellipsoids-openmp","args":["0.dat","00.log","00.xoutput"],"id":6,"resource":"512","request_start":1576623735702,"request_end":1576623768484,"request_duration":32782,"type":"512"}
{"start":1576623757373,"end":1576623768467,"duration":11094,"downloading_duration":1003,"execution_duration":9481,"uploading_duration":610,"executable":"ellipsoids-openmp","args":["0.dat","033.log","033.xoutput"],"id":39,"resource":"512","request_start":1576623735696,"request_end":1576623768496,"request_duration":32800,"type":"512"}
{"start":1576623757568,"end":1576623768476,"duration":10908,"downloading_duration":1005,"execution_duration":9302,"uploading_duration":601,"executable":"ellipsoids-openmp","args":["0.dat","01.log","01.xoutput"],"id":7,"resource":"512","request_start":1576623735702,"request_end":1576623768501,"request_duration":32799,"type":"512"}
{"start":1576623757189,"end":1576623768478,"duration":11289,"downloading_duration":1280,"execution_duration":9420,"uploading_duration":589,"executable":"ellipsoids-openmp","args":["0.dat","021.log","021.xoutput"],"id":27,"resource":"512","request_start":1576623735689,"request_end":1576623768504,"request_duration":32815,"type":"512"}
{"start":1576623757294,"end":1576623768476,"duration":11182,"downloading_duration":1003,"execution_duration":9539,"uploading_duration":640,"executable":"ellipsoids-openmp","args":["0.dat","029.log","029.xoutput"],"id":35,"resource":"512","request_start":1576623735694,"request_end":1576623768505,"request_duration":32811,"type":"512"}
{"start":1576623757292,"end":1576623768502,"duration":11210,"downloading_duration":1096,"execution_duration":9539,"uploading_duration":575,"executable":"ellipsoids-openmp","args":["0.dat","028.log","028.xoutput"],"id":34,"resource":"512","request_start":1576623735693,"request_end":1576623768522,"request_duration":32829,"type":"512"}
{"start":1576623757274,"end":1576623768539,"duration":11265,"downloading_duration":1011,"execution_duration":9660,"uploading_duration":594,"executable":"ellipsoids-openmp","args":["0.dat","027.log","027.xoutput"],"id":33,"resource":"512","request_start":1576623735693,"request_end":1576623768560,"request_duration":32867,"type":"512"}
{"start":1576623757708,"end":1576623768539,"duration":10831,"downloading_duration":1108,"execution_duration":9138,"uploading_duration":585,"executable":"ellipsoids-openmp","args":["2.dat","210.log","210.xoutput"],"id":106,"resource":"512","request_start":1576623735716,"request_end":1576623768562,"request_duration":32846,"type":"512"}
{"start":1576623757584,"end":1576623768540,"duration":10956,"downloading_duration":1020,"execution_duration":9358,"uploading_duration":578,"executable":"ellipsoids-openmp","args":["2.dat","29.log","29.xoutput"],"id":105,"resource":"512","request_start":1576623735716,"request_end":1576623768566,"request_duration":32850,"type":"512"}
{"start":1576623757376,"end":1576623768538,"duration":11162,"downloading_duration":1025,"execution_duration":9580,"uploading_duration":557,"executable":"ellipsoids-openmp","args":["0.dat","034.log","034.xoutput"],"id":40,"resource":"512","request_start":1576623735696,"request_end":1576623768567,"request_duration":32871,"type":"512"}
{"start":1576623757346,"end":1576623768544,"duration":11198,"downloading_duration":1106,"execution_duration":9480,"uploading_duration":612,"executable":"ellipsoids-openmp","args":["0.dat","031.log","031.xoutput"],"id":37,"resource":"512","request_start":1576623735695,"request_end":1576623768573,"request_duration":32878,"type":"512"}
{"start":1576623757325,"end":1576623768554,"duration":11229,"downloading_duration":1060,"execution_duration":9560,"uploading_duration":609,"executable":"ellipsoids-openmp","args":["0.dat","030.log","030.xoutput"],"id":36,"resource":"512","request_start":1576623735694,"request_end":1576623768580,"request_duration":32886,"type":"512"}
{"start":1576623757417,"end":1576623768555,"duration":11138,"downloading_duration":1078,"execution_duration":9480,"uploading_duration":580,"executable":"ellipsoids-openmp","args":["0.dat","040.log","040.xoutput"],"id":46,"resource":"512","request_start":1576623735699,"request_end":1576623768582,"request_duration":32883,"type":"512"}
{"start":1576623757394,"end":1576623768559,"duration":11165,"downloading_duration":1041,"execution_duration":9511,"uploading_duration":613,"executable":"ellipsoids-openmp","args":["0.dat","037.log","037.xoutput"],"id":43,"resource":"512","request_start":1576623735698,"request_end":1576623768583,"request_duration":32885,"type":"512"}
{"start":1576623757430,"end":1576623768566,"duration":11136,"downloading_duration":1087,"execution_duration":9460,"uploading_duration":589,"executable":"ellipsoids-openmp","args":["0.dat","041.log","041.xoutput"],"id":47,"resource":"512","request_start":1576623735700,"request_end":1576623768591,"request_duration":32891,"type":"512"}
{"start":1576623757456,"end":1576623768569,"duration":11113,"downloading_duration":997,"execution_duration":9560,"uploading_duration":556,"executable":"ellipsoids-openmp","args":["0.dat","043.log","043.xoutput"],"id":49,"resource":"512","request_start":1576623735701,"request_end":1576623768594,"request_duration":32893,"type":"512"}
{"start":1576623757391,"end":1576623768582,"duration":11191,"downloading_duration":1073,"execution_duration":9525,"uploading_duration":593,"executable":"ellipsoids-openmp","args":["0.dat","036.log","036.xoutput"],"id":42,"resource":"512","request_start":1576623735697,"request_end":1576623768618,"request_duration":32921,"type":"512"}
{"start":1576623757398,"end":1576623768591,"duration":11193,"downloading_duration":1004,"execution_duration":9584,"uploading_duration":605,"executable":"ellipsoids-openmp","args":["0.dat","038.log","038.xoutput"],"id":44,"resource":"512","request_start":1576623735698,"request_end":1576623768621,"request_duration":32923,"type":"512"}
{"start":1576623757182,"end":1576623768667,"duration":11485,"downloading_duration":1086,"execution_duration":9781,"uploading_duration":618,"executable":"ellipsoids-openmp","args":["0.dat","020.log","020.xoutput"],"id":26,"resource":"512","request_start":1576623735689,"request_end":1576623768691,"request_duration":33002,"type":"512"}
{"start":1576623757392,"end":1576623768684,"duration":11292,"downloading_duration":1086,"execution_duration":9584,"uploading_duration":622,"executable":"ellipsoids-openmp","args":["0.dat","035.log","035.xoutput"],"id":41,"resource":"512","request_start":1576623735697,"request_end":1576623768705,"request_duration":33008,"type":"512"}
{"start":1576623757714,"end":1576623768684,"duration":10970,"downloading_duration":1057,"execution_duration":9220,"uploading_duration":693,"executable":"ellipsoids-openmp","args":["2.dat","214.log","214.xoutput"],"id":110,"resource":"512","request_start":1576623735719,"request_end":1576623768711,"request_duration":32992,"type":"512"}
{"start":1576623757572,"end":1576623768708,"duration":11136,"downloading_duration":1020,"execution_duration":9502,"uploading_duration":614,"executable":"ellipsoids-openmp","args":["0.dat","03.log","03.xoutput"],"id":9,"resource":"512","request_start":1576623735703,"request_end":1576623768730,"request_duration":33027,"type":"512"}
{"start":1576623757579,"end":1576623768759,"duration":11180,"downloading_duration":1086,"execution_duration":9501,"uploading_duration":593,"executable":"ellipsoids-openmp","args":["2.dat","26.log","26.xoutput"],"id":102,"resource":"512","request_start":1576623735714,"request_end":1576623768781,"request_duration":33067,"type":"512"}
{"start":1576623757562,"end":1576623768765,"duration":11203,"downloading_duration":996,"execution_duration":9583,"uploading_duration":624,"executable":"ellipsoids-openmp","args":["0.dat","044.log","044.xoutput"],"id":50,"resource":"512","request_start":1576623735701,"request_end":1576623768786,"request_duration":33085,"type":"512"}
{"start":1576623757584,"end":1576623768826,"duration":11242,"downloading_duration":1067,"execution_duration":9542,"uploading_duration":633,"executable":"ellipsoids-openmp","args":["2.dat","28.log","28.xoutput"],"id":104,"resource":"512","request_start":1576623735715,"request_end":1576623768848,"request_duration":33133,"type":"512"}
{"start":1576623757714,"end":1576623768886,"duration":11172,"downloading_duration":1029,"execution_duration":9519,"uploading_duration":624,"executable":"ellipsoids-openmp","args":["2.dat","212.log","212.xoutput"],"id":108,"resource":"512","request_start":1576623735718,"request_end":1576623768912,"request_duration":33194,"type":"512"}
{"start":1576623757572,"end":1576623768890,"duration":11318,"downloading_duration":1035,"execution_duration":9522,"uploading_duration":761,"executable":"ellipsoids-openmp","args":["2.dat","24.log","24.xoutput"],"id":100,"resource":"512","request_start":1576623735713,"request_end":1576623768914,"request_duration":33201,"type":"512"}
{"start":1576623757772,"end":1576623768901,"duration":11129,"downloading_duration":1107,"execution_duration":9319,"uploading_duration":703,"executable":"ellipsoids-openmp","args":["2.dat","215.log","215.xoutput"],"id":111,"resource":"512","request_start":1576623735719,"request_end":1576623768926,"request_duration":33207,"type":"512"}
{"start":1576623757710,"end":1576623768909,"duration":11199,"downloading_duration":1028,"execution_duration":9503,"uploading_duration":668,"executable":"ellipsoids-openmp","args":["2.dat","211.log","211.xoutput"],"id":107,"resource":"512","request_start":1576623735717,"request_end":1576623768936,"request_duration":33219,"type":"512"}
{"start":1576623757971,"end":1576623768929,"duration":10958,"downloading_duration":1098,"execution_duration":9241,"uploading_duration":619,"executable":"ellipsoids-openmp","args":["2.dat","217.log","217.xoutput"],"id":113,"resource":"512","request_start":1576623735720,"request_end":1576623768953,"request_duration":33233,"type":"512"}
{"start":1576623757716,"end":1576623768945,"duration":11229,"downloading_duration":1186,"execution_duration":9462,"uploading_duration":581,"executable":"ellipsoids-openmp","args":["2.dat","213.log","213.xoutput"],"id":109,"resource":"512","request_start":1576623735718,"request_end":1576623768966,"request_duration":33248,"type":"512"}
{"start":1576623757571,"end":1576623769055,"duration":11484,"downloading_duration":1080,"execution_duration":9758,"uploading_duration":646,"executable":"ellipsoids-openmp","args":["2.dat","25.log","25.xoutput"],"id":101,"resource":"512","request_start":1576623735714,"request_end":1576623769076,"request_duration":33362,"type":"512"}
{"start":1576623757909,"end":1576623769438,"duration":11529,"downloading_duration":1315,"execution_duration":9583,"uploading_duration":631,"executable":"ellipsoids-openmp","args":["2.dat","216.log","216.xoutput"],"id":112,"resource":"512","request_start":1576623735720,"request_end":1576623769461,"request_duration":33741,"type":"512"}
{"start":1576623758271,"end":1576623769514,"duration":11243,"downloading_duration":1041,"execution_duration":9442,"uploading_duration":760,"executable":"ellipsoids-openmp","args":["2.dat","218.log","218.xoutput"],"id":114,"resource":"512","request_start":1576623735721,"request_end":1576623769537,"request_duration":33816,"type":"512"}
{"start":1576623768625,"end":1576623770570,"duration":1945,"downloading_duration":1528,"execution_duration":4,"uploading_duration":413,"executable":"mean-pack-ell","args":["30.xoutput","31.xoutput","32.xoutput","33.xoutput","34.xoutput","35.xoutput","36.xoutput","37.xoutput","38.xoutput","39.xoutput","310.xoutput","311.xoutput","312.xoutput","313.xoutput","314.xoutput","315.xoutput","316.xoutput","317.xoutput","318.xoutput","319.xoutput","320.xoutput","321.xoutput","322.xoutput","323.xoutput","324.xoutput","325.xoutput","326.xoutput","327.xoutput","328.xoutput","329.xoutput","330.xoutput","331.xoutput","332.xoutput","333.xoutput","334.xoutput","335.xoutput","336.xoutput","337.xoutput","338.xoutput","339.xoutput","340.xoutput","341.xoutput","342.xoutput","343.xoutput","344.xoutput","average_3.txt"],"id":189,"resource":"512","request_start":1576623747374,"request_end":1576623770594,"request_duration":23220,"type":"512"}
{"start":1576623768630,"end":1576623770775,"duration":2145,"downloading_duration":1692,"execution_duration":3,"uploading_duration":450,"executable":"mean-pack-ell","args":["10.xoutput","11.xoutput","12.xoutput","13.xoutput","14.xoutput","15.xoutput","16.xoutput","17.xoutput","18.xoutput","19.xoutput","110.xoutput","111.xoutput","112.xoutput","113.xoutput","114.xoutput","115.xoutput","116.xoutput","117.xoutput","118.xoutput","119.xoutput","120.xoutput","121.xoutput","122.xoutput","123.xoutput","124.xoutput","125.xoutput","126.xoutput","127.xoutput","128.xoutput","129.xoutput","130.xoutput","131.xoutput","132.xoutput","133.xoutput","134.xoutput","135.xoutput","136.xoutput","137.xoutput","138.xoutput","139.xoutput","140.xoutput","141.xoutput","142.xoutput","143.xoutput","144.xoutput","average_1.txt"],"id":187,"resource":"512","request_start":1576623757953,"request_end":1576623770799,"request_duration":12846,"type":"512"}
{"start":1576623768904,"end":1576623770809,"duration":1905,"downloading_duration":1505,"execution_duration":19,"uploading_duration":381,"executable":"mean-pack-ell","args":["00.xoutput","01.xoutput","02.xoutput","03.xoutput","04.xoutput","05.xoutput","06.xoutput","07.xoutput","08.xoutput","09.xoutput","010.xoutput","011.xoutput","012.xoutput","013.xoutput","014.xoutput","015.xoutput","016.xoutput","017.xoutput","018.xoutput","019.xoutput","020.xoutput","021.xoutput","022.xoutput","023.xoutput","024.xoutput","025.xoutput","026.xoutput","027.xoutput","028.xoutput","029.xoutput","030.xoutput","031.xoutput","032.xoutput","033.xoutput","034.xoutput","035.xoutput","036.xoutput","037.xoutput","038.xoutput","039.xoutput","040.xoutput","041.xoutput","042.xoutput","043.xoutput","044.xoutput","average_0.txt"],"id":186,"resource":"512","request_start":1576623768796,"request_end":1576623770830,"request_duration":2034,"type":"512"}
{"start":1576623762678,"end":1576623771480,"duration":8802,"downloading_duration":1085,"execution_duration":7137,"uploading_duration":580,"executable":"ellipsoids-openmp","args":["2.dat","219.log","219.xoutput"],"id":115,"resource":"512","request_start":1576623735721,"request_end":1576623771502,"request_duration":35781,"type":"512"}
{"start":1576623767876,"end":1576623778506,"duration":10630,"downloading_duration":1115,"execution_duration":8917,"uploading_duration":598,"executable":"ellipsoids-openmp","args":["2.dat","221.log","221.xoutput"],"id":117,"resource":"512","request_start":1576623735723,"request_end":1576623778530,"request_duration":42807,"type":"512"}
{"start":1576623768177,"end":1576623778648,"duration":10471,"downloading_duration":1046,"execution_duration":8841,"uploading_duration":584,"executable":"ellipsoids-openmp","args":["2.dat","223.log","223.xoutput"],"id":119,"resource":"512","request_start":1576623735724,"request_end":1576623778672,"request_duration":42948,"type":"512"}
{"start":1576623768050,"end":1576623778897,"duration":10847,"downloading_duration":1137,"execution_duration":9120,"uploading_duration":590,"executable":"ellipsoids-openmp","args":["2.dat","222.log","222.xoutput"],"id":118,"resource":"512","request_start":1576623735724,"request_end":1576623778920,"request_duration":43196,"type":"512"}
{"start":1576623768610,"end":1576623779070,"duration":10460,"downloading_duration":985,"execution_duration":8878,"uploading_duration":597,"executable":"ellipsoids-openmp","args":["2.dat","22.log","22.xoutput"],"id":98,"resource":"512","request_start":1576623735739,"request_end":1576623779096,"request_duration":43357,"type":"512"}
{"start":1576623768362,"end":1576623779095,"duration":10733,"downloading_duration":1028,"execution_duration":9121,"uploading_duration":584,"executable":"ellipsoids-openmp","args":["2.dat","225.log","225.xoutput"],"id":121,"resource":"512","request_start":1576623735725,"request_end":1576623779118,"request_duration":43393,"type":"512"}
{"start":1576623768465,"end":1576623779138,"duration":10673,"downloading_duration":1025,"execution_duration":9060,"uploading_duration":588,"executable":"ellipsoids-openmp","args":["2.dat","231.log","231.xoutput"],"id":127,"resource":"512","request_start":1576623735729,"request_end":1576623779160,"request_duration":43431,"type":"512"}
{"start":1576623768439,"end":1576623779170,"duration":10731,"downloading_duration":1078,"execution_duration":9060,"uploading_duration":593,"executable":"ellipsoids-openmp","args":["2.dat","229.log","229.xoutput"],"id":125,"resource":"512","request_start":1576623735728,"request_end":1576623779191,"request_duration":43463,"type":"512"}
{"start":1576623768381,"end":1576623779200,"duration":10819,"downloading_duration":1114,"execution_duration":9101,"uploading_duration":604,"executable":"ellipsoids-openmp","args":["2.dat","227.log","227.xoutput"],"id":123,"resource":"512","request_start":1576623735726,"request_end":1576623779224,"request_duration":43498,"type":"512"}
{"start":1576623768310,"end":1576623779225,"duration":10915,"downloading_duration":1091,"execution_duration":9221,"uploading_duration":603,"executable":"ellipsoids-openmp","args":["2.dat","224.log","224.xoutput"],"id":120,"resource":"512","request_start":1576623735725,"request_end":1576623779248,"request_duration":43523,"type":"512"}
{"start":1576623767867,"end":1576623779247,"duration":11380,"downloading_duration":973,"execution_duration":9463,"uploading_duration":944,"executable":"ellipsoids-openmp","args":["2.dat","220.log","220.xoutput"],"id":116,"resource":"512","request_start":1576623735722,"request_end":1576623779268,"request_duration":43546,"type":"512"}
{"start":1576623768546,"end":1576623779270,"duration":10724,"downloading_duration":1098,"execution_duration":8920,"uploading_duration":706,"executable":"ellipsoids-openmp","args":["2.dat","240.log","240.xoutput"],"id":136,"resource":"512","request_start":1576623735735,"request_end":1576623779292,"request_duration":43557,"type":"512"}
{"start":1576623768395,"end":1576623779336,"duration":10941,"downloading_duration":1057,"execution_duration":9301,"uploading_duration":583,"executable":"ellipsoids-openmp","args":["2.dat","228.log","228.xoutput"],"id":124,"resource":"512","request_start":1576623735727,"request_end":1576623779361,"request_duration":43634,"type":"512"}
{"start":1576623768524,"end":1576623779347,"duration":10823,"downloading_duration":1031,"execution_duration":9137,"uploading_duration":655,"executable":"ellipsoids-openmp","args":["2.dat","237.log","237.xoutput"],"id":133,"resource":"512","request_start":1576623735733,"request_end":1576623779369,"request_duration":43636,"type":"512"}
{"start":1576623768512,"end":1576623779379,"duration":10867,"downloading_duration":996,"execution_duration":9261,"uploading_duration":610,"executable":"ellipsoids-openmp","args":["2.dat","235.log","235.xoutput"],"id":131,"resource":"512","request_start":1576623735732,"request_end":1576623779401,"request_duration":43669,"type":"512"}
{"start":1576623768531,"end":1576623779381,"duration":10850,"downloading_duration":1030,"execution_duration":9221,"uploading_duration":599,"executable":"ellipsoids-openmp","args":["2.dat","238.log","238.xoutput"],"id":134,"resource":"512","request_start":1576623735733,"request_end":1576623779409,"request_duration":43676,"type":"512"}
{"start":1576623768480,"end":1576623779404,"duration":10924,"downloading_duration":1084,"execution_duration":9181,"uploading_duration":659,"executable":"ellipsoids-openmp","args":["2.dat","233.log","233.xoutput"],"id":129,"resource":"512","request_start":1576623735730,"request_end":1576623779434,"request_duration":43704,"type":"512"}
{"start":1576623768444,"end":1576623779431,"duration":10987,"downloading_duration":1101,"execution_duration":9260,"uploading_duration":626,"executable":"ellipsoids-openmp","args":["2.dat","230.log","230.xoutput"],"id":126,"resource":"512","request_start":1576623735728,"request_end":1576623779455,"request_duration":43727,"type":"512"}
{"start":1576623768535,"end":1576623779442,"duration":10907,"downloading_duration":1036,"execution_duration":9243,"uploading_duration":628,"executable":"ellipsoids-openmp","args":["2.dat","239.log","239.xoutput"],"id":135,"resource":"512","request_start":1576623735734,"request_end":1576623779463,"request_duration":43729,"type":"512"}
{"start":1576623768587,"end":1576623779443,"duration":10856,"downloading_duration":1009,"execution_duration":9260,"uploading_duration":587,"executable":"ellipsoids-openmp","args":["2.dat","241.log","241.xoutput"],"id":137,"resource":"512","request_start":1576623735735,"request_end":1576623779464,"request_duration":43729,"type":"512"}
{"start":1576623768521,"end":1576623779486,"duration":10965,"downloading_duration":1087,"execution_duration":9240,"uploading_duration":638,"executable":"ellipsoids-openmp","args":["2.dat","236.log","236.xoutput"],"id":132,"resource":"512","request_start":1576623735732,"request_end":1576623779516,"request_duration":43784,"type":"512"}
{"start":1576623768609,"end":1576623779533,"duration":10924,"downloading_duration":1018,"execution_duration":9258,"uploading_duration":648,"executable":"ellipsoids-openmp","args":["2.dat","23.log","23.xoutput"],"id":99,"resource":"512","request_start":1576623735740,"request_end":1576623779556,"request_duration":43816,"type":"512"}
{"start":1576623768474,"end":1576623779611,"duration":11137,"downloading_duration":1082,"execution_duration":9480,"uploading_duration":575,"executable":"ellipsoids-openmp","args":["2.dat","232.log","232.xoutput"],"id":128,"resource":"512","request_start":1576623735730,"request_end":1576623779636,"request_duration":43906,"type":"512"}
{"start":1576623768588,"end":1576623779604,"duration":11016,"downloading_duration":1076,"execution_duration":9320,"uploading_duration":620,"executable":"ellipsoids-openmp","args":["2.dat","242.log","242.xoutput"],"id":138,"resource":"512","request_start":1576623735736,"request_end":1576623779661,"request_duration":43925,"type":"512"}
{"start":1576623768374,"end":1576623779640,"duration":11266,"downloading_duration":1094,"execution_duration":9560,"uploading_duration":612,"executable":"ellipsoids-openmp","args":["2.dat","226.log","226.xoutput"],"id":122,"resource":"512","request_start":1576623735726,"request_end":1576623779669,"request_duration":43943,"type":"512"}
{"start":1576623768590,"end":1576623779682,"duration":11092,"downloading_duration":1187,"execution_duration":9260,"uploading_duration":645,"executable":"ellipsoids-openmp","args":["2.dat","243.log","243.xoutput"],"id":139,"resource":"512","request_start":1576623735737,"request_end":1576623779704,"request_duration":43967,"type":"512"}
{"start":1576623768597,"end":1576623779719,"duration":11122,"downloading_duration":1107,"execution_duration":9377,"uploading_duration":638,"executable":"ellipsoids-openmp","args":["2.dat","20.log","20.xoutput"],"id":96,"resource":"512","request_start":1576623735738,"request_end":1576623779740,"request_duration":44002,"type":"512"}
{"start":1576623768601,"end":1576623779737,"duration":11136,"downloading_duration":1034,"execution_duration":9322,"uploading_duration":780,"executable":"ellipsoids-openmp","args":["2.dat","21.log","21.xoutput"],"id":97,"resource":"512","request_start":1576623735738,"request_end":1576623779759,"request_duration":44021,"type":"512"}
{"start":1576623768503,"end":1576623779822,"duration":11319,"downloading_duration":1071,"execution_duration":9601,"uploading_duration":647,"executable":"ellipsoids-openmp","args":["2.dat","234.log","234.xoutput"],"id":130,"resource":"512","request_start":1576623735731,"request_end":1576623779849,"request_duration":44118,"type":"512"}
{"start":1576623768591,"end":1576623779855,"duration":11264,"downloading_duration":1132,"execution_duration":9562,"uploading_duration":570,"executable":"ellipsoids-openmp","args":["2.dat","244.log","244.xoutput"],"id":140,"resource":"512","request_start":1576623735737,"request_end":1576623780011,"request_duration":44274,"type":"512"}
{"start":1576623780154,"end":1576623782151,"duration":1997,"downloading_duration":1569,"execution_duration":3,"uploading_duration":425,"executable":"mean-pack-ell","args":["20.xoutput","21.xoutput","22.xoutput","23.xoutput","24.xoutput","25.xoutput","26.xoutput","27.xoutput","28.xoutput","29.xoutput","210.xoutput","211.xoutput","212.xoutput","213.xoutput","214.xoutput","215.xoutput","216.xoutput","217.xoutput","218.xoutput","219.xoutput","220.xoutput","221.xoutput","222.xoutput","223.xoutput","224.xoutput","225.xoutput","226.xoutput","227.xoutput","228.xoutput","229.xoutput","230.xoutput","231.xoutput","232.xoutput","233.xoutput","234.xoutput","235.xoutput","236.xoutput","237.xoutput","238.xoutput","239.xoutput","240.xoutput","241.xoutput","242.xoutput","243.xoutput","244.xoutput","average_2.txt"],"id":188,"resource":"512","request_start":1576623780025,"request_end":1576623782172,"request_duration":2147,"type":"512"}
{"start":1576623782285,"end":1576623783571,"duration":1286,"downloading_duration":579,"execution_duration":241,"uploading_duration":466,"executable":"summary.js","args":[],"id":190,"resource":"512","request_start":1576623782181,"request_end":1576623783593,"request_duration":1412,"type":"512"}
