{"start":1576628582716,"end":1576628583571,"duration":855,"downloading_duration":383,"execution_duration":65,"uploading_duration":407,"executable":"generateData.js","args":[],"id":1,"resource":"2048","request_start":1576628582555,"request_end":1576628583600,"request_duration":1045,"type":"2048"}
{"start":1576628583727,"end":1576628584549,"duration":822,"downloading_duration":379,"execution_duration":67,"uploading_duration":376,"executable":"createDat.js","args":["0.dat"],"id":2,"resource":"2048","request_start":1576628583614,"request_end":1576628584566,"request_duration":952,"type":"2048"}
{"start":1576628583741,"end":1576628584592,"duration":851,"downloading_duration":398,"execution_duration":66,"uploading_duration":387,"executable":"createDat.js","args":["3.dat"],"id":5,"resource":"2048","request_start":1576628583629,"request_end":1576628584687,"request_duration":1058,"type":"2048"}
{"start":1576628583758,"end":1576628584602,"duration":844,"downloading_duration":375,"execution_duration":62,"uploading_duration":407,"executable":"createDat.js","args":["2.dat"],"id":4,"resource":"2048","request_start":1576628583625,"request_end":1576628584689,"request_duration":1064,"type":"2048"}
{"start":1576628583750,"end":1576628584673,"duration":923,"downloading_duration":375,"execution_duration":70,"uploading_duration":478,"executable":"createDat.js","args":["1.dat"],"id":3,"resource":"2048","request_start":1576628583620,"request_end":1576628584698,"request_duration":1078,"type":"2048"}
{"start":1576628584725,"end":1576628587979,"duration":3254,"downloading_duration":1001,"execution_duration":1705,"uploading_duration":548,"executable":"ellipsoids-openmp","args":["0.dat","03.log","03.xoutput"],"id":9,"resource":"2048","request_start":1576628584664,"request_end":1576628588002,"request_duration":3338,"type":"2048"}
{"start":1576628584961,"end":1576628588778,"duration":3817,"downloading_duration":1002,"execution_duration":2230,"uploading_duration":585,"executable":"ellipsoids-openmp","args":["0.dat","016.log","016.xoutput"],"id":22,"resource":"2048","request_start":1576628584626,"request_end":1576628588796,"request_duration":4170,"type":"2048"}
{"start":1576628584714,"end":1576628588808,"duration":4094,"downloading_duration":1159,"execution_duration":2338,"uploading_duration":597,"executable":"ellipsoids-openmp","args":["0.dat","02.log","02.xoutput"],"id":8,"resource":"2048","request_start":1576628584664,"request_end":1576628588826,"request_duration":4162,"type":"2048"}
{"start":1576628584712,"end":1576628588818,"duration":4106,"downloading_duration":1001,"execution_duration":2508,"uploading_duration":597,"executable":"ellipsoids-openmp","args":["0.dat","01.log","01.xoutput"],"id":7,"resource":"2048","request_start":1576628584663,"request_end":1576628588836,"request_duration":4173,"type":"2048"}
{"start":1576628584961,"end":1576628588824,"duration":3863,"downloading_duration":996,"execution_duration":2264,"uploading_duration":603,"executable":"ellipsoids-openmp","args":["0.dat","09.log","09.xoutput"],"id":15,"resource":"2048","request_start":1576628584618,"request_end":1576628588844,"request_duration":4226,"type":"2048"}
{"start":1576628585021,"end":1576628588828,"duration":3807,"downloading_duration":998,"execution_duration":2244,"uploading_duration":565,"executable":"ellipsoids-openmp","args":["0.dat","040.log","040.xoutput"],"id":46,"resource":"2048","request_start":1576628584654,"request_end":1576628588846,"request_duration":4192,"type":"2048"}
{"start":1576628584960,"end":1576628588861,"duration":3901,"downloading_duration":989,"execution_duration":2303,"uploading_duration":609,"executable":"ellipsoids-openmp","args":["0.dat","015.log","015.xoutput"],"id":21,"resource":"2048","request_start":1576628584625,"request_end":1576628588880,"request_duration":4255,"type":"2048"}
{"start":1576628584963,"end":1576628588871,"duration":3908,"downloading_duration":983,"execution_duration":2292,"uploading_duration":633,"executable":"ellipsoids-openmp","args":["0.dat","05.log","05.xoutput"],"id":11,"resource":"2048","request_start":1576628584611,"request_end":1576628588891,"request_duration":4280,"type":"2048"}
{"start":1576628584963,"end":1576628588890,"duration":3927,"downloading_duration":1002,"execution_duration":2352,"uploading_duration":573,"executable":"ellipsoids-openmp","args":["0.dat","07.log","07.xoutput"],"id":13,"resource":"2048","request_start":1576628584615,"request_end":1576628588910,"request_duration":4295,"type":"2048"}
{"start":1576628585003,"end":1576628588891,"duration":3888,"downloading_duration":1072,"execution_duration":2252,"uploading_duration":564,"executable":"ellipsoids-openmp","args":["0.dat","027.log","027.xoutput"],"id":33,"resource":"2048","request_start":1576628584640,"request_end":1576628588915,"request_duration":4275,"type":"2048"}
{"start":1576628584962,"end":1576628588891,"duration":3929,"downloading_duration":1074,"execution_duration":2276,"uploading_duration":579,"executable":"ellipsoids-openmp","args":["0.dat","04.log","04.xoutput"],"id":10,"resource":"2048","request_start":1576628584609,"request_end":1576628588917,"request_duration":4308,"type":"2048"}
{"start":1576628585005,"end":1576628588901,"duration":3896,"downloading_duration":1002,"execution_duration":2318,"uploading_duration":576,"executable":"ellipsoids-openmp","args":["0.dat","032.log","032.xoutput"],"id":38,"resource":"2048","request_start":1576628584644,"request_end":1576628588924,"request_duration":4280,"type":"2048"}
{"start":1576628585009,"end":1576628588907,"duration":3898,"downloading_duration":1006,"execution_duration":2328,"uploading_duration":564,"executable":"ellipsoids-openmp","args":["0.dat","033.log","033.xoutput"],"id":39,"resource":"2048","request_start":1576628584645,"request_end":1576628588930,"request_duration":4285,"type":"2048"}
{"start":1576628585036,"end":1576628588915,"duration":3879,"downloading_duration":1031,"execution_duration":2240,"uploading_duration":608,"executable":"ellipsoids-openmp","args":["0.dat","049.log","049.xoutput"],"id":55,"resource":"2048","request_start":1576628584661,"request_end":1576628588937,"request_duration":4276,"type":"2048"}
{"start":1576628584963,"end":1576628588924,"duration":3961,"downloading_duration":1040,"execution_duration":2333,"uploading_duration":588,"executable":"ellipsoids-openmp","args":["0.dat","011.log","011.xoutput"],"id":17,"resource":"2048","request_start":1576628584620,"request_end":1576628588943,"request_duration":4323,"type":"2048"}
{"start":1576628585020,"end":1576628588925,"duration":3905,"downloading_duration":1001,"execution_duration":2326,"uploading_duration":578,"executable":"ellipsoids-openmp","args":["0.dat","034.log","034.xoutput"],"id":40,"resource":"2048","request_start":1576628584647,"request_end":1576628588945,"request_duration":4298,"type":"2048"}
{"start":1576628585030,"end":1576628588932,"duration":3902,"downloading_duration":1012,"execution_duration":2307,"uploading_duration":583,"executable":"ellipsoids-openmp","args":["0.dat","045.log","045.xoutput"],"id":51,"resource":"2048","request_start":1576628584658,"request_end":1576628588956,"request_duration":4298,"type":"2048"}
{"start":1576628585004,"end":1576628588939,"duration":3935,"downloading_duration":1008,"execution_duration":2363,"uploading_duration":564,"executable":"ellipsoids-openmp","args":["0.dat","029.log","029.xoutput"],"id":35,"resource":"2048","request_start":1576628584642,"request_end":1576628588959,"request_duration":4317,"type":"2048"}
{"start":1576628585012,"end":1576628588940,"duration":3928,"downloading_duration":1007,"execution_duration":2317,"uploading_duration":604,"executable":"ellipsoids-openmp","args":["0.dat","037.log","037.xoutput"],"id":43,"resource":"2048","request_start":1576628584650,"request_end":1576628588964,"request_duration":4314,"type":"2048"}
{"start":1576628584997,"end":1576628588945,"duration":3948,"downloading_duration":1027,"execution_duration":2331,"uploading_duration":590,"executable":"ellipsoids-openmp","args":["0.dat","028.log","028.xoutput"],"id":34,"resource":"2048","request_start":1576628584641,"request_end":1576628588967,"request_duration":4326,"type":"2048"}
{"start":1576628584965,"end":1576628588947,"duration":3982,"downloading_duration":1073,"execution_duration":2295,"uploading_duration":614,"executable":"ellipsoids-openmp","args":["0.dat","024.log","024.xoutput"],"id":30,"resource":"2048","request_start":1576628584637,"request_end":1576628588974,"request_duration":4337,"type":"2048"}
{"start":1576628584966,"end":1576628588958,"duration":3992,"downloading_duration":1095,"execution_duration":2303,"uploading_duration":594,"executable":"ellipsoids-openmp","args":["0.dat","023.log","023.xoutput"],"id":29,"resource":"2048","request_start":1576628584636,"request_end":1576628588981,"request_duration":4345,"type":"2048"}
{"start":1576628585032,"end":1576628588969,"duration":3937,"downloading_duration":1094,"execution_duration":2254,"uploading_duration":589,"executable":"ellipsoids-openmp","args":["0.dat","042.log","042.xoutput"],"id":48,"resource":"2048","request_start":1576628584656,"request_end":1576628588988,"request_duration":4332,"type":"2048"}
{"start":1576628584960,"end":1576628588985,"duration":4025,"downloading_duration":1116,"execution_duration":2312,"uploading_duration":597,"executable":"ellipsoids-openmp","args":["0.dat","08.log","08.xoutput"],"id":14,"resource":"2048","request_start":1576628584616,"request_end":1576628589007,"request_duration":4391,"type":"2048"}
{"start":1576628584961,"end":1576628588990,"duration":4029,"downloading_duration":987,"execution_duration":2380,"uploading_duration":662,"executable":"ellipsoids-openmp","args":["0.dat","010.log","010.xoutput"],"id":16,"resource":"2048","request_start":1576628584619,"request_end":1576628589011,"request_duration":4392,"type":"2048"}
{"start":1576628585018,"end":1576628588992,"duration":3974,"downloading_duration":1073,"execution_duration":2239,"uploading_duration":662,"executable":"ellipsoids-openmp","args":["0.dat","036.log","036.xoutput"],"id":42,"resource":"2048","request_start":1576628584649,"request_end":1576628589015,"request_duration":4366,"type":"2048"}
{"start":1576628584966,"end":1576628588996,"duration":4030,"downloading_duration":1080,"execution_duration":2357,"uploading_duration":593,"executable":"ellipsoids-openmp","args":["0.dat","019.log","019.xoutput"],"id":25,"resource":"2048","request_start":1576628584633,"request_end":1576628589021,"request_duration":4388,"type":"2048"}
{"start":1576628585029,"end":1576628588999,"duration":3970,"downloading_duration":991,"execution_duration":2304,"uploading_duration":675,"executable":"ellipsoids-openmp","args":["0.dat","043.log","043.xoutput"],"id":49,"resource":"2048","request_start":1576628584656,"request_end":1576628589025,"request_duration":4369,"type":"2048"}
{"start":1576628584963,"end":1576628589003,"duration":4040,"downloading_duration":1148,"execution_duration":2264,"uploading_duration":628,"executable":"ellipsoids-openmp","args":["0.dat","012.log","012.xoutput"],"id":18,"resource":"2048","request_start":1576628584622,"request_end":1576628589027,"request_duration":4405,"type":"2048"}
{"start":1576628585033,"end":1576628589004,"duration":3971,"downloading_duration":1015,"execution_duration":2316,"uploading_duration":640,"executable":"ellipsoids-openmp","args":["0.dat","00.log","00.xoutput"],"id":6,"resource":"2048","request_start":1576628584662,"request_end":1576628589034,"request_duration":4372,"type":"2048"}
{"start":1576628585007,"end":1576628589008,"duration":4001,"downloading_duration":1030,"execution_duration":2326,"uploading_duration":645,"executable":"ellipsoids-openmp","args":["0.dat","031.log","031.xoutput"],"id":37,"resource":"2048","request_start":1576628584644,"request_end":1576628589036,"request_duration":4392,"type":"2048"}
{"start":1576628585002,"end":1576628589017,"duration":4015,"downloading_duration":1031,"execution_duration":2385,"uploading_duration":599,"executable":"ellipsoids-openmp","args":["0.dat","030.log","030.xoutput"],"id":36,"resource":"2048","request_start":1576628584643,"request_end":1576628589043,"request_duration":4400,"type":"2048"}
{"start":1576628585036,"end":1576628589031,"duration":3995,"downloading_duration":1013,"execution_duration":2307,"uploading_duration":675,"executable":"ellipsoids-openmp","args":["0.dat","047.log","047.xoutput"],"id":53,"resource":"2048","request_start":1576628584660,"request_end":1576628589049,"request_duration":4389,"type":"2048"}
{"start":1576628584970,"end":1576628589033,"duration":4063,"downloading_duration":1090,"execution_duration":2389,"uploading_duration":584,"executable":"ellipsoids-openmp","args":["0.dat","025.log","025.xoutput"],"id":31,"resource":"2048","request_start":1576628584638,"request_end":1576628589058,"request_duration":4420,"type":"2048"}
{"start":1576628584963,"end":1576628589034,"duration":4071,"downloading_duration":1021,"execution_duration":2431,"uploading_duration":619,"executable":"ellipsoids-openmp","args":["0.dat","021.log","021.xoutput"],"id":27,"resource":"2048","request_start":1576628584634,"request_end":1576628589060,"request_duration":4426,"type":"2048"}
{"start":1576628584961,"end":1576628589046,"duration":4085,"downloading_duration":1085,"execution_duration":2389,"uploading_duration":611,"executable":"ellipsoids-openmp","args":["0.dat","013.log","013.xoutput"],"id":19,"resource":"2048","request_start":1576628584623,"request_end":1576628589070,"request_duration":4447,"type":"2048"}
{"start":1576628584962,"end":1576628589053,"duration":4091,"downloading_duration":998,"execution_duration":2533,"uploading_duration":560,"executable":"ellipsoids-openmp","args":["0.dat","018.log","018.xoutput"],"id":24,"resource":"2048","request_start":1576628584631,"request_end":1576628589075,"request_duration":4444,"type":"2048"}
{"start":1576628585023,"end":1576628589079,"duration":4056,"downloading_duration":1040,"execution_duration":2349,"uploading_duration":667,"executable":"ellipsoids-openmp","args":["0.dat","041.log","041.xoutput"],"id":47,"resource":"2048","request_start":1576628584655,"request_end":1576628589097,"request_duration":4442,"type":"2048"}
{"start":1576628585002,"end":1576628589079,"duration":4077,"downloading_duration":1092,"execution_duration":2358,"uploading_duration":627,"executable":"ellipsoids-openmp","args":["0.dat","026.log","026.xoutput"],"id":32,"resource":"2048","request_start":1576628584639,"request_end":1576628589099,"request_duration":4460,"type":"2048"}
{"start":1576628585029,"end":1576628589080,"duration":4051,"downloading_duration":996,"execution_duration":2374,"uploading_duration":681,"executable":"ellipsoids-openmp","args":["0.dat","048.log","048.xoutput"],"id":54,"resource":"2048","request_start":1576628584661,"request_end":1576628589101,"request_duration":4440,"type":"2048"}
{"start":1576628584960,"end":1576628589082,"duration":4122,"downloading_duration":995,"execution_duration":2503,"uploading_duration":624,"executable":"ellipsoids-openmp","args":["0.dat","020.log","020.xoutput"],"id":26,"resource":"2048","request_start":1576628584633,"request_end":1576628589105,"request_duration":4472,"type":"2048"}
{"start":1576628584961,"end":1576628589086,"duration":4125,"downloading_duration":1179,"execution_duration":2349,"uploading_duration":597,"executable":"ellipsoids-openmp","args":["0.dat","014.log","014.xoutput"],"id":20,"resource":"2048","request_start":1576628584624,"request_end":1576628589247,"request_duration":4623,"type":"2048"}
{"start":1576628585030,"end":1576628589091,"duration":4061,"downloading_duration":1084,"execution_duration":2363,"uploading_duration":614,"executable":"ellipsoids-openmp","args":["0.dat","044.log","044.xoutput"],"id":50,"resource":"2048","request_start":1576628584657,"request_end":1576628589249,"request_duration":4592,"type":"2048"}
{"start":1576628584961,"end":1576628589101,"duration":4140,"downloading_duration":1004,"execution_duration":2545,"uploading_duration":591,"executable":"ellipsoids-openmp","args":["0.dat","06.log","06.xoutput"],"id":12,"resource":"2048","request_start":1576628584613,"request_end":1576628589251,"request_duration":4638,"type":"2048"}
{"start":1576628585026,"end":1576628589128,"duration":4102,"downloading_duration":1071,"execution_duration":2301,"uploading_duration":730,"executable":"ellipsoids-openmp","args":["0.dat","039.log","039.xoutput"],"id":45,"resource":"2048","request_start":1576628584653,"request_end":1576628589262,"request_duration":4609,"type":"2048"}
{"start":1576628584966,"end":1576628589142,"duration":4176,"downloading_duration":1080,"execution_duration":2332,"uploading_duration":764,"executable":"ellipsoids-openmp","args":["0.dat","022.log","022.xoutput"],"id":28,"resource":"2048","request_start":1576628584635,"request_end":1576628589265,"request_duration":4630,"type":"2048"}
{"start":1576628585012,"end":1576628589277,"duration":4265,"downloading_duration":1305,"execution_duration":2345,"uploading_duration":615,"executable":"ellipsoids-openmp","args":["0.dat","035.log","035.xoutput"],"id":41,"resource":"2048","request_start":1576628584648,"request_end":1576628589296,"request_duration":4648,"type":"2048"}
{"start":1576628585028,"end":1576628589350,"duration":4322,"downloading_duration":1189,"execution_duration":2251,"uploading_duration":882,"executable":"ellipsoids-openmp","args":["0.dat","046.log","046.xoutput"],"id":52,"resource":"2048","request_start":1576628584659,"request_end":1576628589371,"request_duration":4712,"type":"2048"}
{"start":1576628584964,"end":1576628589384,"duration":4420,"downloading_duration":996,"execution_duration":2473,"uploading_duration":951,"executable":"ellipsoids-openmp","args":["0.dat","017.log","017.xoutput"],"id":23,"resource":"2048","request_start":1576628584627,"request_end":1576628589405,"request_duration":4778,"type":"2048"}
{"start":1576628585018,"end":1576628589553,"duration":4535,"downloading_duration":986,"execution_duration":2868,"uploading_duration":681,"executable":"ellipsoids-openmp","args":["0.dat","038.log","038.xoutput"],"id":44,"resource":"2048","request_start":1576628584650,"request_end":1576628589571,"request_duration":4921,"type":"2048"}
{"start":1576628588030,"end":1576628591612,"duration":3582,"downloading_duration":1229,"execution_duration":1787,"uploading_duration":566,"executable":"ellipsoids-openmp","args":["3.dat","30.log","30.xoutput"],"id":156,"resource":"2048","request_start":1576628584726,"request_end":1576628591632,"request_duration":6906,"type":"2048"}
{"start":1576628588823,"end":1576628592450,"duration":3627,"downloading_duration":1009,"execution_duration":2030,"uploading_duration":588,"executable":"ellipsoids-openmp","args":["3.dat","31.log","31.xoutput"],"id":157,"resource":"2048","request_start":1576628584727,"request_end":1576628592469,"request_duration":7742,"type":"2048"}
{"start":1576628588860,"end":1576628592467,"duration":3607,"downloading_duration":983,"execution_duration":2036,"uploading_duration":588,"executable":"ellipsoids-openmp","args":["3.dat","32.log","32.xoutput"],"id":158,"resource":"2048","request_start":1576628584728,"request_end":1576628592486,"request_duration":7758,"type":"2048"}
{"start":1576628588939,"end":1576628592522,"duration":3583,"downloading_duration":997,"execution_duration":1986,"uploading_duration":600,"executable":"ellipsoids-openmp","args":["3.dat","38.log","38.xoutput"],"id":164,"resource":"2048","request_start":1576628584731,"request_end":1576628592541,"request_duration":7810,"type":"2048"}
{"start":1576628588867,"end":1576628592523,"duration":3656,"downloading_duration":984,"execution_duration":2058,"uploading_duration":614,"executable":"ellipsoids-openmp","args":["3.dat","33.log","33.xoutput"],"id":159,"resource":"2048","request_start":1576628584728,"request_end":1576628592544,"request_duration":7816,"type":"2048"}
{"start":1576628588875,"end":1576628592544,"duration":3669,"downloading_duration":1007,"execution_duration":2066,"uploading_duration":596,"executable":"ellipsoids-openmp","args":["3.dat","35.log","35.xoutput"],"id":161,"resource":"2048","request_start":1576628584729,"request_end":1576628592561,"request_duration":7832,"type":"2048"}
{"start":1576628588950,"end":1576628592587,"duration":3637,"downloading_duration":991,"execution_duration":2061,"uploading_duration":585,"executable":"ellipsoids-openmp","args":["3.dat","311.log","311.xoutput"],"id":167,"resource":"2048","request_start":1576628584732,"request_end":1576628592610,"request_duration":7878,"type":"2048"}
{"start":1576628588870,"end":1576628592604,"duration":3734,"downloading_duration":1023,"execution_duration":2110,"uploading_duration":601,"executable":"ellipsoids-openmp","args":["3.dat","34.log","34.xoutput"],"id":160,"resource":"2048","request_start":1576628584729,"request_end":1576628592626,"request_duration":7897,"type":"2048"}
{"start":1576628589003,"end":1576628592616,"duration":3613,"downloading_duration":992,"execution_duration":2055,"uploading_duration":566,"executable":"ellipsoids-openmp","args":["3.dat","320.log","320.xoutput"],"id":176,"resource":"2048","request_start":1576628584740,"request_end":1576628592635,"request_duration":7895,"type":"2048"}
{"start":1576628588906,"end":1576628592647,"duration":3741,"downloading_duration":1010,"execution_duration":2121,"uploading_duration":610,"executable":"ellipsoids-openmp","args":["3.dat","36.log","36.xoutput"],"id":162,"resource":"2048","request_start":1576628584730,"request_end":1576628592667,"request_duration":7937,"type":"2048"}
{"start":1576628588965,"end":1576628592655,"duration":3690,"downloading_duration":1040,"execution_duration":2042,"uploading_duration":608,"executable":"ellipsoids-openmp","args":["3.dat","313.log","313.xoutput"],"id":169,"resource":"2048","request_start":1576628584733,"request_end":1576628592676,"request_duration":7943,"type":"2048"}
{"start":1576628588945,"end":1576628592665,"duration":3720,"downloading_duration":1024,"execution_duration":2118,"uploading_duration":578,"executable":"ellipsoids-openmp","args":["3.dat","39.log","39.xoutput"],"id":165,"resource":"2048","request_start":1576628584731,"request_end":1576628592683,"request_duration":7952,"type":"2048"}
{"start":1576628588992,"end":1576628592668,"duration":3676,"downloading_duration":996,"execution_duration":2067,"uploading_duration":613,"executable":"ellipsoids-openmp","args":["3.dat","318.log","318.xoutput"],"id":174,"resource":"2048","request_start":1576628584739,"request_end":1576628592689,"request_duration":7950,"type":"2048"}
{"start":1576628589083,"end":1576628592669,"duration":3586,"downloading_duration":1026,"execution_duration":1957,"uploading_duration":603,"executable":"ellipsoids-openmp","args":["3.dat","333.log","333.xoutput"],"id":189,"resource":"2048","request_start":1576628584747,"request_end":1576628592691,"request_duration":7944,"type":"2048"}
{"start":1576628588923,"end":1576628592676,"duration":3753,"downloading_duration":1026,"execution_duration":2084,"uploading_duration":643,"executable":"ellipsoids-openmp","args":["3.dat","37.log","37.xoutput"],"id":163,"resource":"2048","request_start":1576628584730,"request_end":1576628592699,"request_duration":7969,"type":"2048"}
{"start":1576628589054,"end":1576628592682,"duration":3628,"downloading_duration":994,"execution_duration":2071,"uploading_duration":563,"executable":"ellipsoids-openmp","args":["3.dat","327.log","327.xoutput"],"id":183,"resource":"2048","request_start":1576628584744,"request_end":1576628592702,"request_duration":7958,"type":"2048"}
{"start":1576628589044,"end":1576628592690,"duration":3646,"downloading_duration":1008,"execution_duration":2081,"uploading_duration":557,"executable":"ellipsoids-openmp","args":["3.dat","324.log","324.xoutput"],"id":180,"resource":"2048","request_start":1576628584742,"request_end":1576628592712,"request_duration":7970,"type":"2048"}
{"start":1576628588973,"end":1576628592700,"duration":3727,"downloading_duration":1015,"execution_duration":2112,"uploading_duration":600,"executable":"ellipsoids-openmp","args":["3.dat","315.log","315.xoutput"],"id":171,"resource":"2048","request_start":1576628584738,"request_end":1576628592722,"request_duration":7984,"type":"2048"}
{"start":1576628588989,"end":1576628592706,"duration":3717,"downloading_duration":991,"execution_duration":2138,"uploading_duration":588,"executable":"ellipsoids-openmp","args":["3.dat","317.log","317.xoutput"],"id":173,"resource":"2048","request_start":1576628584739,"request_end":1576628592736,"request_duration":7997,"type":"2048"}
{"start":1576628589049,"end":1576628592708,"duration":3659,"downloading_duration":985,"execution_duration":2006,"uploading_duration":668,"executable":"ellipsoids-openmp","args":["3.dat","326.log","326.xoutput"],"id":182,"resource":"2048","request_start":1576628584743,"request_end":1576628592740,"request_duration":7997,"type":"2048"}
{"start":1576628589068,"end":1576628592712,"duration":3644,"downloading_duration":1041,"execution_duration":2052,"uploading_duration":551,"executable":"ellipsoids-openmp","args":["3.dat","330.log","330.xoutput"],"id":186,"resource":"2048","request_start":1576628584746,"request_end":1576628592742,"request_duration":7996,"type":"2048"}
{"start":1576628589035,"end":1576628592720,"duration":3685,"downloading_duration":1001,"execution_duration":2092,"uploading_duration":592,"executable":"ellipsoids-openmp","args":["3.dat","323.log","323.xoutput"],"id":179,"resource":"2048","request_start":1576628584742,"request_end":1576628592749,"request_duration":8007,"type":"2048"}
{"start":1576628588986,"end":1576628592729,"duration":3743,"downloading_duration":1083,"execution_duration":2076,"uploading_duration":584,"executable":"ellipsoids-openmp","args":["3.dat","316.log","316.xoutput"],"id":172,"resource":"2048","request_start":1576628584738,"request_end":1576628592753,"request_duration":8015,"type":"2048"}
{"start":1576628588996,"end":1576628592731,"duration":3735,"downloading_duration":995,"execution_duration":2151,"uploading_duration":589,"executable":"ellipsoids-openmp","args":["3.dat","319.log","319.xoutput"],"id":175,"resource":"2048","request_start":1576628584740,"request_end":1576628592755,"request_duration":8015,"type":"2048"}
{"start":1576628589011,"end":1576628592742,"duration":3731,"downloading_duration":994,"execution_duration":2111,"uploading_duration":626,"executable":"ellipsoids-openmp","args":["3.dat","322.log","322.xoutput"],"id":178,"resource":"2048","request_start":1576628584741,"request_end":1576628592764,"request_duration":8023,"type":"2048"}
{"start":1576628589058,"end":1576628592744,"duration":3686,"downloading_duration":1069,"execution_duration":2053,"uploading_duration":564,"executable":"ellipsoids-openmp","args":["3.dat","328.log","328.xoutput"],"id":184,"resource":"2048","request_start":1576628584744,"request_end":1576628592765,"request_duration":8021,"type":"2048"}
{"start":1576628589043,"end":1576628592752,"duration":3709,"downloading_duration":1004,"execution_duration":2097,"uploading_duration":608,"executable":"ellipsoids-openmp","args":["3.dat","325.log","325.xoutput"],"id":181,"resource":"2048","request_start":1576628584743,"request_end":1576628592775,"request_duration":8032,"type":"2048"}
{"start":1576628589093,"end":1576628592767,"duration":3674,"downloading_duration":1078,"execution_duration":2009,"uploading_duration":587,"executable":"ellipsoids-openmp","args":["3.dat","334.log","334.xoutput"],"id":190,"resource":"2048","request_start":1576628584748,"request_end":1576628592785,"request_duration":8037,"type":"2048"}
{"start":1576628589096,"end":1576628592774,"duration":3678,"downloading_duration":982,"execution_duration":2103,"uploading_duration":593,"executable":"ellipsoids-openmp","args":["3.dat","335.log","335.xoutput"],"id":191,"resource":"2048","request_start":1576628584748,"request_end":1576628592792,"request_duration":8044,"type":"2048"}
{"start":1576628589104,"end":1576628592779,"duration":3675,"downloading_duration":996,"execution_duration":2079,"uploading_duration":600,"executable":"ellipsoids-openmp","args":["3.dat","336.log","336.xoutput"],"id":192,"resource":"2048","request_start":1576628584749,"request_end":1576628592799,"request_duration":8050,"type":"2048"}
{"start":1576628589006,"end":1576628592791,"duration":3785,"downloading_duration":1049,"execution_duration":1997,"uploading_duration":739,"executable":"ellipsoids-openmp","args":["3.dat","321.log","321.xoutput"],"id":177,"resource":"2048","request_start":1576628584741,"request_end":1576628592809,"request_duration":8068,"type":"2048"}
{"start":1576628589129,"end":1576628592795,"duration":3666,"downloading_duration":1003,"execution_duration":2082,"uploading_duration":581,"executable":"ellipsoids-openmp","args":["3.dat","339.log","339.xoutput"],"id":195,"resource":"2048","request_start":1576628584750,"request_end":1576628592814,"request_duration":8064,"type":"2048"}
{"start":1576628588968,"end":1576628592805,"duration":3837,"downloading_duration":1096,"execution_duration":2072,"uploading_duration":669,"executable":"ellipsoids-openmp","args":["3.dat","314.log","314.xoutput"],"id":170,"resource":"2048","request_start":1576628584734,"request_end":1576628592823,"request_duration":8089,"type":"2048"}
{"start":1576628589131,"end":1576628592822,"duration":3691,"downloading_duration":978,"execution_duration":2086,"uploading_duration":627,"executable":"ellipsoids-openmp","args":["3.dat","340.log","340.xoutput"],"id":196,"resource":"2048","request_start":1576628584751,"request_end":1576628592859,"request_duration":8108,"type":"2048"}
{"start":1576628589074,"end":1576628592832,"duration":3758,"downloading_duration":1076,"execution_duration":2052,"uploading_duration":630,"executable":"ellipsoids-openmp","args":["3.dat","332.log","332.xoutput"],"id":188,"resource":"2048","request_start":1576628584747,"request_end":1576628592861,"request_duration":8114,"type":"2048"}
{"start":1576628588957,"end":1576628592839,"duration":3882,"downloading_duration":1069,"execution_duration":2089,"uploading_duration":724,"executable":"ellipsoids-openmp","args":["3.dat","312.log","312.xoutput"],"id":168,"resource":"2048","request_start":1576628584733,"request_end":1576628592868,"request_duration":8135,"type":"2048"}
{"start":1576628589061,"end":1576628592910,"duration":3849,"downloading_duration":1080,"execution_duration":2145,"uploading_duration":624,"executable":"ellipsoids-openmp","args":["3.dat","329.log","329.xoutput"],"id":185,"resource":"2048","request_start":1576628584745,"request_end":1576628592930,"request_duration":8185,"type":"2048"}
{"start":1576628589122,"end":1576628592916,"duration":3794,"downloading_duration":1073,"execution_duration":2096,"uploading_duration":625,"executable":"ellipsoids-openmp","args":["3.dat","337.log","337.xoutput"],"id":193,"resource":"2048","request_start":1576628584749,"request_end":1576628592936,"request_duration":8187,"type":"2048"}
{"start":1576628589128,"end":1576628592916,"duration":3788,"downloading_duration":1074,"execution_duration":2107,"uploading_duration":607,"executable":"ellipsoids-openmp","args":["3.dat","338.log","338.xoutput"],"id":194,"resource":"2048","request_start":1576628584750,"request_end":1576628592939,"request_duration":8189,"type":"2048"}
{"start":1576628589293,"end":1576628592924,"duration":3631,"downloading_duration":1002,"execution_duration":2045,"uploading_duration":584,"executable":"ellipsoids-openmp","args":["3.dat","341.log","341.xoutput"],"id":197,"resource":"2048","request_start":1576628584751,"request_end":1576628592943,"request_duration":8192,"type":"2048"}
{"start":1576628589303,"end":1576628593000,"duration":3697,"downloading_duration":1078,"execution_duration":2053,"uploading_duration":566,"executable":"ellipsoids-openmp","args":["3.dat","345.log","345.xoutput"],"id":201,"resource":"2048","request_start":1576628584753,"request_end":1576628593020,"request_duration":8267,"type":"2048"}
{"start":1576628589308,"end":1576628593032,"duration":3724,"downloading_duration":1031,"execution_duration":2090,"uploading_duration":603,"executable":"ellipsoids-openmp","args":["3.dat","342.log","342.xoutput"],"id":198,"resource":"2048","request_start":1576628584752,"request_end":1576628593053,"request_duration":8301,"type":"2048"}
{"start":1576628589401,"end":1576628593110,"duration":3709,"downloading_duration":1036,"execution_duration":2060,"uploading_duration":613,"executable":"ellipsoids-openmp","args":["3.dat","347.log","347.xoutput"],"id":203,"resource":"2048","request_start":1576628584754,"request_end":1576628593129,"request_duration":8375,"type":"2048"}
{"start":1576628589297,"end":1576628593135,"duration":3838,"downloading_duration":1174,"execution_duration":2072,"uploading_duration":592,"executable":"ellipsoids-openmp","args":["3.dat","343.log","343.xoutput"],"id":199,"resource":"2048","request_start":1576628584752,"request_end":1576628593154,"request_duration":8402,"type":"2048"}
{"start":1576628589600,"end":1576628593173,"duration":3573,"downloading_duration":994,"execution_duration":2014,"uploading_duration":565,"executable":"ellipsoids-openmp","args":["3.dat","349.log","349.xoutput"],"id":205,"resource":"2048","request_start":1576628584755,"request_end":1576628593195,"request_duration":8440,"type":"2048"}
{"start":1576628589328,"end":1576628593185,"duration":3857,"downloading_duration":1159,"execution_duration":2066,"uploading_duration":632,"executable":"ellipsoids-openmp","args":["3.dat","346.log","346.xoutput"],"id":202,"resource":"2048","request_start":1576628584754,"request_end":1576628593203,"request_duration":8449,"type":"2048"}
{"start":1576628589076,"end":1576628593222,"duration":4146,"downloading_duration":996,"execution_duration":1979,"uploading_duration":1171,"executable":"ellipsoids-openmp","args":["3.dat","331.log","331.xoutput"],"id":187,"resource":"2048","request_start":1576628584746,"request_end":1576628593240,"request_duration":8494,"type":"2048"}
{"start":1576628589436,"end":1576628593323,"duration":3887,"downloading_duration":1180,"execution_duration":2128,"uploading_duration":579,"executable":"ellipsoids-openmp","args":["3.dat","348.log","348.xoutput"],"id":204,"resource":"2048","request_start":1576628584755,"request_end":1576628593343,"request_duration":8588,"type":"2048"}
{"start":1576628589302,"end":1576628594085,"duration":4783,"downloading_duration":1170,"execution_duration":2041,"uploading_duration":1572,"executable":"ellipsoids-openmp","args":["3.dat","344.log","344.xoutput"],"id":200,"resource":"2048","request_start":1576628584753,"request_end":1576628594107,"request_duration":9354,"type":"2048"}
{"start":1576628588946,"end":1576628594585,"duration":5639,"downloading_duration":1053,"execution_duration":2064,"uploading_duration":2522,"executable":"ellipsoids-openmp","args":["3.dat","310.log","310.xoutput"],"id":166,"resource":"2048","request_start":1576628584732,"request_end":1576628594606,"request_duration":9874,"type":"2048"}
{"start":1576628591657,"end":1576628595160,"duration":3503,"downloading_duration":1069,"execution_duration":1836,"uploading_duration":598,"executable":"ellipsoids-openmp","args":["2.dat","20.log","20.xoutput"],"id":106,"resource":"2048","request_start":1576628584792,"request_end":1576628595180,"request_duration":10388,"type":"2048"}
{"start":1576628592497,"end":1576628596387,"duration":3890,"downloading_duration":1008,"execution_duration":2259,"uploading_duration":623,"executable":"ellipsoids-openmp","args":["2.dat","21.log","21.xoutput"],"id":107,"resource":"2048","request_start":1576628584792,"request_end":1576628596407,"request_duration":11615,"type":"2048"}
{"start":1576628592572,"end":1576628596455,"duration":3883,"downloading_duration":991,"execution_duration":2332,"uploading_duration":560,"executable":"ellipsoids-openmp","args":["2.dat","24.log","24.xoutput"],"id":110,"resource":"2048","request_start":1576628584794,"request_end":1576628596477,"request_duration":11683,"type":"2048"}
{"start":1576628592661,"end":1576628596470,"duration":3809,"downloading_duration":986,"execution_duration":2259,"uploading_duration":564,"executable":"ellipsoids-openmp","args":["2.dat","28.log","28.xoutput"],"id":114,"resource":"2048","request_start":1576628584796,"request_end":1576628596491,"request_duration":11695,"type":"2048"}
{"start":1576628592570,"end":1576628596477,"duration":3907,"downloading_duration":989,"execution_duration":2308,"uploading_duration":610,"executable":"ellipsoids-openmp","args":["2.dat","23.log","23.xoutput"],"id":109,"resource":"2048","request_start":1576628584793,"request_end":1576628596498,"request_duration":11705,"type":"2048"}
{"start":1576628592638,"end":1576628596491,"duration":3853,"downloading_duration":1068,"execution_duration":2205,"uploading_duration":580,"executable":"ellipsoids-openmp","args":["2.dat","26.log","26.xoutput"],"id":112,"resource":"2048","request_start":1576628584795,"request_end":1576628596511,"request_duration":11716,"type":"2048"}
{"start":1576628592656,"end":1576628596547,"duration":3891,"downloading_duration":1047,"execution_duration":2244,"uploading_duration":600,"executable":"ellipsoids-openmp","args":["2.dat","27.log","27.xoutput"],"id":113,"resource":"2048","request_start":1576628584795,"request_end":1576628596567,"request_duration":11772,"type":"2048"}
{"start":1576628592589,"end":1576628596548,"duration":3959,"downloading_duration":1068,"execution_duration":2284,"uploading_duration":607,"executable":"ellipsoids-openmp","args":["2.dat","25.log","25.xoutput"],"id":111,"resource":"2048","request_start":1576628584794,"request_end":1576628596571,"request_duration":11777,"type":"2048"}
{"start":1576628592770,"end":1576628596571,"duration":3801,"downloading_duration":994,"execution_duration":2247,"uploading_duration":560,"executable":"ellipsoids-openmp","args":["2.dat","220.log","220.xoutput"],"id":126,"resource":"2048","request_start":1576628584802,"request_end":1576628596625,"request_duration":11823,"type":"2048"}
{"start":1576628592714,"end":1576628596583,"duration":3869,"downloading_duration":969,"execution_duration":2318,"uploading_duration":582,"executable":"ellipsoids-openmp","args":["2.dat","211.log","211.xoutput"],"id":117,"resource":"2048","request_start":1576628584797,"request_end":1576628596631,"request_duration":11834,"type":"2048"}
{"start":1576628592731,"end":1576628596623,"duration":3892,"downloading_duration":999,"execution_duration":2306,"uploading_duration":587,"executable":"ellipsoids-openmp","args":["2.dat","214.log","214.xoutput"],"id":120,"resource":"2048","request_start":1576628584799,"request_end":1576628596647,"request_duration":11848,"type":"2048"}
{"start":1576628592748,"end":1576628596630,"duration":3882,"downloading_duration":1015,"execution_duration":2248,"uploading_duration":619,"executable":"ellipsoids-openmp","args":["2.dat","217.log","217.xoutput"],"id":123,"resource":"2048","request_start":1576628584801,"request_end":1576628596650,"request_duration":11849,"type":"2048"}
{"start":1576628592739,"end":1576628596631,"duration":3892,"downloading_duration":1003,"execution_duration":2309,"uploading_duration":580,"executable":"ellipsoids-openmp","args":["2.dat","216.log","216.xoutput"],"id":122,"resource":"2048","request_start":1576628584800,"request_end":1576628596654,"request_duration":11854,"type":"2048"}
{"start":1576628592792,"end":1576628596639,"duration":3847,"downloading_duration":1015,"execution_duration":2237,"uploading_duration":595,"executable":"ellipsoids-openmp","args":["2.dat","225.log","225.xoutput"],"id":131,"resource":"2048","request_start":1576628584805,"request_end":1576628596661,"request_duration":11856,"type":"2048"}
{"start":1576628592836,"end":1576628596644,"duration":3808,"downloading_duration":1002,"execution_duration":2248,"uploading_duration":558,"executable":"ellipsoids-openmp","args":["2.dat","230.log","230.xoutput"],"id":136,"resource":"2048","request_start":1576628584807,"request_end":1576628596664,"request_duration":11857,"type":"2048"}
{"start":1576628592770,"end":1576628596653,"duration":3883,"downloading_duration":1006,"execution_duration":2267,"uploading_duration":610,"executable":"ellipsoids-openmp","args":["2.dat","219.log","219.xoutput"],"id":125,"resource":"2048","request_start":1576628584802,"request_end":1576628596675,"request_duration":11873,"type":"2048"}
{"start":1576628592516,"end":1576628596653,"duration":4137,"downloading_duration":1082,"execution_duration":2260,"uploading_duration":795,"executable":"ellipsoids-openmp","args":["2.dat","22.log","22.xoutput"],"id":108,"resource":"2048","request_start":1576628584793,"request_end":1576628596677,"request_duration":11884,"type":"2048"}
{"start":1576628592718,"end":1576628596660,"duration":3942,"downloading_duration":1082,"execution_duration":2293,"uploading_duration":567,"executable":"ellipsoids-openmp","args":["2.dat","212.log","212.xoutput"],"id":118,"resource":"2048","request_start":1576628584798,"request_end":1576628596686,"request_duration":11888,"type":"2048"}
{"start":1576628592788,"end":1576628596661,"duration":3873,"downloading_duration":986,"execution_duration":2309,"uploading_duration":578,"executable":"ellipsoids-openmp","args":["2.dat","224.log","224.xoutput"],"id":130,"resource":"2048","request_start":1576628584804,"request_end":1576628596688,"request_duration":11884,"type":"2048"}
{"start":1576628592721,"end":1576628596661,"duration":3940,"downloading_duration":1073,"execution_duration":2300,"uploading_duration":567,"executable":"ellipsoids-openmp","args":["2.dat","213.log","213.xoutput"],"id":119,"resource":"2048","request_start":1576628584799,"request_end":1576628596690,"request_duration":11891,"type":"2048"}
{"start":1576628592709,"end":1576628596672,"duration":3963,"downloading_duration":1142,"execution_duration":2252,"uploading_duration":569,"executable":"ellipsoids-openmp","args":["2.dat","210.log","210.xoutput"],"id":116,"resource":"2048","request_start":1576628584797,"request_end":1576628596697,"request_duration":11900,"type":"2048"}
{"start":1576628592886,"end":1576628596684,"duration":3798,"downloading_duration":978,"execution_duration":2264,"uploading_duration":556,"executable":"ellipsoids-openmp","args":["2.dat","233.log","233.xoutput"],"id":139,"resource":"2048","request_start":1576628584809,"request_end":1576628596711,"request_duration":11902,"type":"2048"}
{"start":1576628592783,"end":1576628596689,"duration":3906,"downloading_duration":1066,"execution_duration":2257,"uploading_duration":583,"executable":"ellipsoids-openmp","args":["2.dat","223.log","223.xoutput"],"id":129,"resource":"2048","request_start":1576628584804,"request_end":1576628596713,"request_duration":11909,"type":"2048"}
{"start":1576628592842,"end":1576628596708,"duration":3866,"downloading_duration":1073,"execution_duration":2211,"uploading_duration":582,"executable":"ellipsoids-openmp","args":["2.dat","231.log","231.xoutput"],"id":137,"resource":"2048","request_start":1576628584808,"request_end":1576628596728,"request_duration":11920,"type":"2048"}
{"start":1576628592819,"end":1576628596717,"duration":3898,"downloading_duration":997,"execution_duration":2300,"uploading_duration":601,"executable":"ellipsoids-openmp","args":["2.dat","228.log","228.xoutput"],"id":134,"resource":"2048","request_start":1576628584806,"request_end":1576628596737,"request_duration":11931,"type":"2048"}
{"start":1576628592766,"end":1576628596721,"duration":3955,"downloading_duration":1053,"execution_duration":2297,"uploading_duration":605,"executable":"ellipsoids-openmp","args":["2.dat","218.log","218.xoutput"],"id":124,"resource":"2048","request_start":1576628584801,"request_end":1576628596745,"request_duration":11944,"type":"2048"}
{"start":1576628592812,"end":1576628596725,"duration":3913,"downloading_duration":1074,"execution_duration":2256,"uploading_duration":583,"executable":"ellipsoids-openmp","args":["2.dat","227.log","227.xoutput"],"id":133,"resource":"2048","request_start":1576628584806,"request_end":1576628596748,"request_duration":11942,"type":"2048"}
{"start":1576628592694,"end":1576628596725,"duration":4031,"downloading_duration":982,"execution_duration":2338,"uploading_duration":711,"executable":"ellipsoids-openmp","args":["2.dat","29.log","29.xoutput"],"id":115,"resource":"2048","request_start":1576628584796,"request_end":1576628596749,"request_duration":11953,"type":"2048"}
{"start":1576628592799,"end":1576628596727,"duration":3928,"downloading_duration":1124,"execution_duration":2243,"uploading_duration":561,"executable":"ellipsoids-openmp","args":["2.dat","226.log","226.xoutput"],"id":132,"resource":"2048","request_start":1576628584805,"request_end":1576628596750,"request_duration":11945,"type":"2048"}
{"start":1576628592824,"end":1576628596741,"duration":3917,"downloading_duration":996,"execution_duration":2338,"uploading_duration":583,"executable":"ellipsoids-openmp","args":["2.dat","229.log","229.xoutput"],"id":135,"resource":"2048","request_start":1576628584807,"request_end":1576628596761,"request_duration":11954,"type":"2048"}
{"start":1576628592778,"end":1576628596757,"duration":3979,"downloading_duration":1093,"execution_duration":2297,"uploading_duration":589,"executable":"ellipsoids-openmp","args":["2.dat","221.log","221.xoutput"],"id":127,"resource":"2048","request_start":1576628584803,"request_end":1576628596779,"request_duration":11976,"type":"2048"}
{"start":1576628592783,"end":1576628596751,"duration":3968,"downloading_duration":1072,"execution_duration":2257,"uploading_duration":639,"executable":"ellipsoids-openmp","args":["2.dat","222.log","222.xoutput"],"id":128,"resource":"2048","request_start":1576628584803,"request_end":1576628596785,"request_duration":11982,"type":"2048"}
{"start":1576628592734,"end":1576628596795,"duration":4061,"downloading_duration":1173,"execution_duration":2273,"uploading_duration":615,"executable":"ellipsoids-openmp","args":["2.dat","215.log","215.xoutput"],"id":121,"resource":"2048","request_start":1576628584800,"request_end":1576628596814,"request_duration":12014,"type":"2048"}
{"start":1576628592973,"end":1576628596810,"duration":3837,"downloading_duration":996,"execution_duration":2233,"uploading_duration":608,"executable":"ellipsoids-openmp","args":["2.dat","238.log","238.xoutput"],"id":144,"resource":"2048","request_start":1576628584812,"request_end":1576628596831,"request_duration":12019,"type":"2048"}
{"start":1576628592891,"end":1576628596836,"duration":3945,"downloading_duration":1083,"execution_duration":2300,"uploading_duration":562,"executable":"ellipsoids-openmp","args":["2.dat","234.log","234.xoutput"],"id":140,"resource":"2048","request_start":1576628584809,"request_end":1576628596856,"request_duration":12047,"type":"2048"}
{"start":1576628592851,"end":1576628596859,"duration":4008,"downloading_duration":1031,"execution_duration":2321,"uploading_duration":656,"executable":"ellipsoids-openmp","args":["2.dat","232.log","232.xoutput"],"id":138,"resource":"2048","request_start":1576628584808,"request_end":1576628596878,"request_duration":12070,"type":"2048"}
{"start":1576628592965,"end":1576628596888,"duration":3923,"downloading_duration":983,"execution_duration":2324,"uploading_duration":616,"executable":"ellipsoids-openmp","args":["2.dat","237.log","237.xoutput"],"id":143,"resource":"2048","request_start":1576628584811,"request_end":1576628596906,"request_duration":12095,"type":"2048"}
{"start":1576628593048,"end":1576628596944,"duration":3896,"downloading_duration":992,"execution_duration":2344,"uploading_duration":560,"executable":"ellipsoids-openmp","args":["2.dat","240.log","240.xoutput"],"id":146,"resource":"2048","request_start":1576628584813,"request_end":1576628596971,"request_duration":12158,"type":"2048"}
{"start":1576628593181,"end":1576628596970,"duration":3789,"downloading_duration":1021,"execution_duration":2199,"uploading_duration":569,"executable":"ellipsoids-openmp","args":["2.dat","243.log","243.xoutput"],"id":149,"resource":"2048","request_start":1576628584814,"request_end":1576628596991,"request_duration":12177,"type":"2048"}
{"start":1576628592900,"end":1576628596978,"duration":4078,"downloading_duration":1005,"execution_duration":2303,"uploading_duration":770,"executable":"ellipsoids-openmp","args":["2.dat","235.log","235.xoutput"],"id":141,"resource":"2048","request_start":1576628584810,"request_end":1576628596999,"request_duration":12189,"type":"2048"}
{"start":1576628592957,"end":1576628597088,"duration":4131,"downloading_duration":1070,"execution_duration":2283,"uploading_duration":778,"executable":"ellipsoids-openmp","args":["2.dat","236.log","236.xoutput"],"id":142,"resource":"2048","request_start":1576628584811,"request_end":1576628597107,"request_duration":12296,"type":"2048"}
{"start":1576628593223,"end":1576628597089,"duration":3866,"downloading_duration":1067,"execution_duration":2193,"uploading_duration":606,"executable":"ellipsoids-openmp","args":["2.dat","244.log","244.xoutput"],"id":150,"resource":"2048","request_start":1576628584815,"request_end":1576628597110,"request_duration":12295,"type":"2048"}
{"start":1576628593080,"end":1576628597122,"duration":4042,"downloading_duration":994,"execution_duration":2395,"uploading_duration":653,"executable":"ellipsoids-openmp","args":["2.dat","241.log","241.xoutput"],"id":147,"resource":"2048","request_start":1576628584813,"request_end":1576628597140,"request_duration":12327,"type":"2048"}
{"start":1576628593158,"end":1576628597135,"duration":3977,"downloading_duration":1082,"execution_duration":2307,"uploading_duration":588,"executable":"ellipsoids-openmp","args":["2.dat","242.log","242.xoutput"],"id":148,"resource":"2048","request_start":1576628584814,"request_end":1576628597154,"request_duration":12340,"type":"2048"}
{"start":1576628592974,"end":1576628597181,"duration":4207,"downloading_duration":1152,"execution_duration":2430,"uploading_duration":625,"executable":"ellipsoids-openmp","args":["2.dat","239.log","239.xoutput"],"id":145,"resource":"2048","request_start":1576628584812,"request_end":1576628597200,"request_duration":12388,"type":"2048"}
{"start":1576628593265,"end":1576628597186,"duration":3921,"downloading_duration":1102,"execution_duration":2185,"uploading_duration":634,"executable":"ellipsoids-openmp","args":["2.dat","246.log","246.xoutput"],"id":152,"resource":"2048","request_start":1576628584816,"request_end":1576628597217,"request_duration":12401,"type":"2048"}
{"start":1576628593229,"end":1576628597236,"duration":4007,"downloading_duration":1077,"execution_duration":2260,"uploading_duration":670,"executable":"ellipsoids-openmp","args":["2.dat","245.log","245.xoutput"],"id":151,"resource":"2048","request_start":1576628584815,"request_end":1576628597272,"request_duration":12457,"type":"2048"}
{"start":1576628593368,"end":1576628597372,"duration":4004,"downloading_duration":1073,"execution_duration":2327,"uploading_duration":604,"executable":"ellipsoids-openmp","args":["2.dat","247.log","247.xoutput"],"id":153,"resource":"2048","request_start":1576628584816,"request_end":1576628597391,"request_duration":12575,"type":"2048"}
{"start":1576628594135,"end":1576628597930,"duration":3795,"downloading_duration":1036,"execution_duration":2167,"uploading_duration":592,"executable":"ellipsoids-openmp","args":["2.dat","248.log","248.xoutput"],"id":154,"resource":"2048","request_start":1576628584817,"request_end":1576628597952,"request_duration":13135,"type":"2048"}
{"start":1576628595209,"end":1576628598522,"duration":3313,"downloading_duration":995,"execution_duration":1744,"uploading_duration":574,"executable":"ellipsoids-openmp","args":["1.dat","144.log","144.xoutput"],"id":100,"resource":"2048","request_start":1576628584824,"request_end":1576628598544,"request_duration":13720,"type":"2048"}
{"start":1576628594641,"end":1576628598532,"duration":3891,"downloading_duration":1020,"execution_duration":2221,"uploading_duration":650,"executable":"ellipsoids-openmp","args":["2.dat","249.log","249.xoutput"],"id":155,"resource":"2048","request_start":1576628584817,"request_end":1576628598551,"request_duration":13734,"type":"2048"}
{"start":1576628598581,"end":1576628600065,"duration":1484,"downloading_duration":1063,"execution_duration":22,"uploading_duration":399,"executable":"mean-pack-ell","args":["00.xoutput","01.xoutput","02.xoutput","03.xoutput","04.xoutput","05.xoutput","06.xoutput","07.xoutput","08.xoutput","09.xoutput","010.xoutput","011.xoutput","012.xoutput","013.xoutput","014.xoutput","015.xoutput","016.xoutput","017.xoutput","018.xoutput","019.xoutput","020.xoutput","021.xoutput","022.xoutput","023.xoutput","024.xoutput","025.xoutput","026.xoutput","027.xoutput","028.xoutput","029.xoutput","030.xoutput","031.xoutput","032.xoutput","033.xoutput","034.xoutput","035.xoutput","036.xoutput","037.xoutput","038.xoutput","039.xoutput","040.xoutput","041.xoutput","042.xoutput","043.xoutput","044.xoutput","045.xoutput","046.xoutput","047.xoutput","048.xoutput","049.xoutput","average_0.txt"],"id":206,"resource":"2048","request_start":1576628589587,"request_end":1576628600084,"request_duration":10497,"type":"2048"}
{"start":1576628596596,"end":1576628600198,"duration":3602,"downloading_duration":989,"execution_duration":2031,"uploading_duration":582,"executable":"ellipsoids-openmp","args":["1.dat","11.log","11.xoutput"],"id":57,"resource":"2048","request_start":1576628584827,"request_end":1576628600216,"request_duration":15389,"type":"2048"}
{"start":1576628596540,"end":1576628600206,"duration":3666,"downloading_duration":1033,"execution_duration":2065,"uploading_duration":568,"executable":"ellipsoids-openmp","args":["1.dat","149.log","149.xoutput"],"id":105,"resource":"2048","request_start":1576628584826,"request_end":1576628600228,"request_duration":15402,"type":"2048"}
{"start":1576628596438,"end":1576628600276,"duration":3838,"downloading_duration":1148,"execution_duration":2109,"uploading_duration":581,"executable":"ellipsoids-openmp","args":["1.dat","145.log","145.xoutput"],"id":101,"resource":"2048","request_start":1576628584824,"request_end":1576628600295,"request_duration":15471,"type":"2048"}
{"start":1576628596598,"end":1576628600277,"duration":3679,"downloading_duration":993,"execution_duration":2128,"uploading_duration":558,"executable":"ellipsoids-openmp","args":["1.dat","10.log","10.xoutput"],"id":56,"resource":"2048","request_start":1576628584827,"request_end":1576628600301,"request_duration":15474,"type":"2048"}
{"start":1576628596505,"end":1576628600296,"duration":3791,"downloading_duration":1071,"execution_duration":2138,"uploading_duration":582,"executable":"ellipsoids-openmp","args":["1.dat","146.log","146.xoutput"],"id":102,"resource":"2048","request_start":1576628584825,"request_end":1576628600316,"request_duration":15491,"type":"2048"}
{"start":1576628596526,"end":1576628600300,"duration":3774,"downloading_duration":1071,"execution_duration":2142,"uploading_duration":561,"executable":"ellipsoids-openmp","args":["1.dat","147.log","147.xoutput"],"id":103,"resource":"2048","request_start":1576628584825,"request_end":1576628600318,"request_duration":15493,"type":"2048"}
{"start":1576628596662,"end":1576628600307,"duration":3645,"downloading_duration":991,"execution_duration":2072,"uploading_duration":582,"executable":"ellipsoids-openmp","args":["1.dat","13.log","13.xoutput"],"id":59,"resource":"2048","request_start":1576628584828,"request_end":1576628600325,"request_duration":15497,"type":"2048"}
{"start":1576628596530,"end":1576628600323,"duration":3793,"downloading_duration":1092,"execution_duration":2102,"uploading_duration":599,"executable":"ellipsoids-openmp","args":["1.dat","148.log","148.xoutput"],"id":104,"resource":"2048","request_start":1576628584826,"request_end":1576628600344,"request_duration":15518,"type":"2048"}
{"start":1576628596694,"end":1576628600324,"duration":3630,"downloading_duration":998,"execution_duration":2055,"uploading_duration":577,"executable":"ellipsoids-openmp","args":["1.dat","18.log","18.xoutput"],"id":64,"resource":"2048","request_start":1576628584831,"request_end":1576628600347,"request_duration":15516,"type":"2048"}
{"start":1576628596683,"end":1576628600345,"duration":3662,"downloading_duration":973,"execution_duration":2107,"uploading_duration":582,"executable":"ellipsoids-openmp","args":["1.dat","16.log","16.xoutput"],"id":62,"resource":"2048","request_start":1576628584830,"request_end":1576628600367,"request_duration":15537,"type":"2048"}
{"start":1576628596678,"end":1576628600410,"duration":3732,"downloading_duration":990,"execution_duration":2129,"uploading_duration":613,"executable":"ellipsoids-openmp","args":["1.dat","15.log","15.xoutput"],"id":61,"resource":"2048","request_start":1576628584829,"request_end":1576628600428,"request_duration":15599,"type":"2048"}
{"start":1576628596777,"end":1576628600422,"duration":3645,"downloading_duration":982,"execution_duration":2065,"uploading_duration":598,"executable":"ellipsoids-openmp","args":["1.dat","121.log","121.xoutput"],"id":77,"resource":"2048","request_start":1576628584840,"request_end":1576628600440,"request_duration":15600,"type":"2048"}
{"start":1576628596705,"end":1576628600421,"duration":3716,"downloading_duration":1030,"execution_duration":2111,"uploading_duration":575,"executable":"ellipsoids-openmp","args":["1.dat","110.log","110.xoutput"],"id":66,"resource":"2048","request_start":1576628584832,"request_end":1576628600443,"request_duration":15611,"type":"2048"}
{"start":1576628596729,"end":1576628600424,"duration":3695,"downloading_duration":990,"execution_duration":2132,"uploading_duration":573,"executable":"ellipsoids-openmp","args":["1.dat","114.log","114.xoutput"],"id":70,"resource":"2048","request_start":1576628584836,"request_end":1576628600445,"request_duration":15609,"type":"2048"}
{"start":1576628596688,"end":1576628600435,"duration":3747,"downloading_duration":1092,"execution_duration":2078,"uploading_duration":577,"executable":"ellipsoids-openmp","args":["1.dat","17.log","17.xoutput"],"id":63,"resource":"2048","request_start":1576628584830,"request_end":1576628600456,"request_duration":15626,"type":"2048"}
{"start":1576628596717,"end":1576628600435,"duration":3718,"downloading_duration":978,"execution_duration":2115,"uploading_duration":625,"executable":"ellipsoids-openmp","args":["1.dat","112.log","112.xoutput"],"id":68,"resource":"2048","request_start":1576628584834,"request_end":1576628600458,"request_duration":15624,"type":"2048"}
{"start":1576628596771,"end":1576628600440,"duration":3669,"downloading_duration":990,"execution_duration":2126,"uploading_duration":553,"executable":"ellipsoids-openmp","args":["1.dat","119.log","119.xoutput"],"id":75,"resource":"2048","request_start":1576628584839,"request_end":1576628600461,"request_duration":15622,"type":"2048"}
{"start":1576628596704,"end":1576628600457,"duration":3753,"downloading_duration":1073,"execution_duration":2113,"uploading_duration":567,"executable":"ellipsoids-openmp","args":["1.dat","19.log","19.xoutput"],"id":65,"resource":"2048","request_start":1576628584831,"request_end":1576628600474,"request_duration":15643,"type":"2048"}
{"start":1576628596723,"end":1576628600475,"duration":3752,"downloading_duration":999,"execution_duration":2130,"uploading_duration":623,"executable":"ellipsoids-openmp","args":["1.dat","113.log","113.xoutput"],"id":69,"resource":"2048","request_start":1576628584834,"request_end":1576628600494,"request_duration":15660,"type":"2048"}
{"start":1576628596659,"end":1576628600480,"duration":3821,"downloading_duration":1098,"execution_duration":2098,"uploading_duration":625,"executable":"ellipsoids-openmp","args":["1.dat","12.log","12.xoutput"],"id":58,"resource":"2048","request_start":1576628584828,"request_end":1576628600505,"request_duration":15677,"type":"2048"}
{"start":1576628596740,"end":1576628600492,"duration":3752,"downloading_duration":1074,"execution_duration":2112,"uploading_duration":566,"executable":"ellipsoids-openmp","args":["1.dat","115.log","115.xoutput"],"id":71,"resource":"2048","request_start":1576628584836,"request_end":1576628600513,"request_duration":15677,"type":"2048"}
{"start":1576628596776,"end":1576628600500,"duration":3724,"downloading_duration":1013,"execution_duration":2080,"uploading_duration":631,"executable":"ellipsoids-openmp","args":["1.dat","120.log","120.xoutput"],"id":76,"resource":"2048","request_start":1576628584839,"request_end":1576628600520,"request_duration":15681,"type":"2048"}
{"start":1576628596743,"end":1576628600503,"duration":3760,"downloading_duration":1121,"execution_duration":2036,"uploading_duration":603,"executable":"ellipsoids-openmp","args":["1.dat","116.log","116.xoutput"],"id":72,"resource":"2048","request_start":1576628584837,"request_end":1576628600523,"request_duration":15686,"type":"2048"}
{"start":1576628596781,"end":1576628600516,"duration":3735,"downloading_duration":1030,"execution_duration":2054,"uploading_duration":651,"executable":"ellipsoids-openmp","args":["1.dat","122.log","122.xoutput"],"id":78,"resource":"2048","request_start":1576628584840,"request_end":1576628600537,"request_duration":15697,"type":"2048"}
{"start":1576628596717,"end":1576628600527,"duration":3810,"downloading_duration":1037,"execution_duration":2127,"uploading_duration":646,"executable":"ellipsoids-openmp","args":["1.dat","111.log","111.xoutput"],"id":67,"resource":"2048","request_start":1576628584833,"request_end":1576628600547,"request_duration":15714,"type":"2048"}
{"start":1576628596791,"end":1576628600530,"duration":3739,"downloading_duration":1005,"execution_duration":2101,"uploading_duration":633,"executable":"ellipsoids-openmp","args":["1.dat","123.log","123.xoutput"],"id":79,"resource":"2048","request_start":1576628584841,"request_end":1576628600553,"request_duration":15712,"type":"2048"}
{"start":1576628596807,"end":1576628600540,"duration":3733,"downloading_duration":1068,"execution_duration":2046,"uploading_duration":619,"executable":"ellipsoids-openmp","args":["1.dat","124.log","124.xoutput"],"id":80,"resource":"2048","request_start":1576628584842,"request_end":1576628600560,"request_duration":15718,"type":"2048"}
{"start":1576628596768,"end":1576628600547,"duration":3779,"downloading_duration":1042,"execution_duration":2146,"uploading_duration":591,"executable":"ellipsoids-openmp","args":["1.dat","118.log","118.xoutput"],"id":74,"resource":"2048","request_start":1576628584838,"request_end":1576628600570,"request_duration":15732,"type":"2048"}
{"start":1576628596859,"end":1576628600587,"duration":3728,"downloading_duration":993,"execution_duration":2087,"uploading_duration":648,"executable":"ellipsoids-openmp","args":["1.dat","127.log","127.xoutput"],"id":83,"resource":"2048","request_start":1576628584843,"request_end":1576628600605,"request_duration":15762,"type":"2048"}
{"start":1576628596884,"end":1576628600590,"duration":3706,"downloading_duration":1035,"execution_duration":2105,"uploading_duration":566,"executable":"ellipsoids-openmp","args":["1.dat","128.log","128.xoutput"],"id":84,"resource":"2048","request_start":1576628584844,"request_end":1576628600612,"request_duration":15768,"type":"2048"}
{"start":1576628596812,"end":1576628600625,"duration":3813,"downloading_duration":1072,"execution_duration":2138,"uploading_duration":603,"executable":"ellipsoids-openmp","args":["1.dat","125.log","125.xoutput"],"id":81,"resource":"2048","request_start":1576628584842,"request_end":1576628600642,"request_duration":15800,"type":"2048"}
{"start":1576628596672,"end":1576628600638,"duration":3966,"downloading_duration":1134,"execution_duration":2148,"uploading_duration":684,"executable":"ellipsoids-openmp","args":["1.dat","14.log","14.xoutput"],"id":60,"resource":"2048","request_start":1576628584829,"request_end":1576628600660,"request_duration":15831,"type":"2048"}
{"start":1576628597002,"end":1576628600657,"duration":3655,"downloading_duration":987,"execution_duration":2085,"uploading_duration":583,"executable":"ellipsoids-openmp","args":["1.dat","131.log","131.xoutput"],"id":87,"resource":"2048","request_start":1576628584846,"request_end":1576628600675,"request_duration":15829,"type":"2048"}
{"start":1576628596754,"end":1576628600662,"duration":3908,"downloading_duration":1084,"execution_duration":2072,"uploading_duration":752,"executable":"ellipsoids-openmp","args":["1.dat","117.log","117.xoutput"],"id":73,"resource":"2048","request_start":1576628584838,"request_end":1576628600687,"request_duration":15849,"type":"2048"}
{"start":1576628596841,"end":1576628600668,"duration":3827,"downloading_duration":1069,"execution_duration":2153,"uploading_duration":605,"executable":"ellipsoids-openmp","args":["1.dat","126.log","126.xoutput"],"id":82,"resource":"2048","request_start":1576628584843,"request_end":1576628600690,"request_duration":15847,"type":"2048"}
{"start":1576628596910,"end":1576628600704,"duration":3794,"downloading_duration":1072,"execution_duration":2088,"uploading_duration":634,"executable":"ellipsoids-openmp","args":["1.dat","129.log","129.xoutput"],"id":85,"resource":"2048","request_start":1576628584845,"request_end":1576628600722,"request_duration":15877,"type":"2048"}
{"start":1576628597019,"end":1576628600713,"duration":3694,"downloading_duration":1069,"execution_duration":2056,"uploading_duration":569,"executable":"ellipsoids-openmp","args":["1.dat","132.log","132.xoutput"],"id":88,"resource":"2048","request_start":1576628584847,"request_end":1576628600735,"request_duration":15888,"type":"2048"}
{"start":1576628597140,"end":1576628600733,"duration":3593,"downloading_duration":991,"execution_duration":2049,"uploading_duration":553,"executable":"ellipsoids-openmp","args":["1.dat","135.log","135.xoutput"],"id":91,"resource":"2048","request_start":1576628584849,"request_end":1576628600755,"request_duration":15906,"type":"2048"}
{"start":1576628597030,"end":1576628600748,"duration":3718,"downloading_duration":1067,"execution_duration":2083,"uploading_duration":568,"executable":"ellipsoids-openmp","args":["1.dat","133.log","133.xoutput"],"id":89,"resource":"2048","request_start":1576628584848,"request_end":1576628600766,"request_duration":15918,"type":"2048"}
{"start":1576628596933,"end":1576628600768,"duration":3835,"downloading_duration":1085,"execution_duration":2146,"uploading_duration":604,"executable":"ellipsoids-openmp","args":["1.dat","130.log","130.xoutput"],"id":86,"resource":"2048","request_start":1576628584845,"request_end":1576628600788,"request_duration":15943,"type":"2048"}
{"start":1576628597178,"end":1576628600844,"duration":3666,"downloading_duration":988,"execution_duration":2099,"uploading_duration":579,"executable":"ellipsoids-openmp","args":["1.dat","137.log","137.xoutput"],"id":93,"resource":"2048","request_start":1576628584850,"request_end":1576628600864,"request_duration":16014,"type":"2048"}
{"start":1576628597166,"end":1576628600856,"duration":3690,"downloading_duration":997,"execution_duration":2094,"uploading_duration":599,"executable":"ellipsoids-openmp","args":["1.dat","136.log","136.xoutput"],"id":92,"resource":"2048","request_start":1576628584849,"request_end":1576628600874,"request_duration":16025,"type":"2048"}
{"start":1576628597140,"end":1576628600919,"duration":3779,"downloading_duration":1021,"execution_duration":2154,"uploading_duration":604,"executable":"ellipsoids-openmp","args":["1.dat","134.log","134.xoutput"],"id":90,"resource":"2048","request_start":1576628584848,"request_end":1576628600941,"request_duration":16093,"type":"2048"}
{"start":1576628597241,"end":1576628600958,"duration":3717,"downloading_duration":1002,"execution_duration":2128,"uploading_duration":587,"executable":"ellipsoids-openmp","args":["1.dat","139.log","139.xoutput"],"id":95,"resource":"2048","request_start":1576628584851,"request_end":1576628600978,"request_duration":16127,"type":"2048"}
{"start":1576628597238,"end":1576628601057,"duration":3819,"downloading_duration":1038,"execution_duration":2160,"uploading_duration":621,"executable":"ellipsoids-openmp","args":["1.dat","138.log","138.xoutput"],"id":94,"resource":"2048","request_start":1576628584850,"request_end":1576628601075,"request_duration":16225,"type":"2048"}
{"start":1576628597417,"end":1576628601182,"duration":3765,"downloading_duration":1014,"execution_duration":2136,"uploading_duration":615,"executable":"ellipsoids-openmp","args":["1.dat","141.log","141.xoutput"],"id":97,"resource":"2048","request_start":1576628584852,"request_end":1576628601201,"request_duration":16349,"type":"2048"}
{"start":1576628597300,"end":1576628601223,"duration":3923,"downloading_duration":1157,"execution_duration":2121,"uploading_duration":645,"executable":"ellipsoids-openmp","args":["1.dat","140.log","140.xoutput"],"id":96,"resource":"2048","request_start":1576628584851,"request_end":1576628601243,"request_duration":16392,"type":"2048"}
{"start":1576628600119,"end":1576628601618,"duration":1499,"downloading_duration":1125,"execution_duration":4,"uploading_duration":370,"executable":"mean-pack-ell","args":["30.xoutput","31.xoutput","32.xoutput","33.xoutput","34.xoutput","35.xoutput","36.xoutput","37.xoutput","38.xoutput","39.xoutput","310.xoutput","311.xoutput","312.xoutput","313.xoutput","314.xoutput","315.xoutput","316.xoutput","317.xoutput","318.xoutput","319.xoutput","320.xoutput","321.xoutput","322.xoutput","323.xoutput","324.xoutput","325.xoutput","326.xoutput","327.xoutput","328.xoutput","329.xoutput","330.xoutput","331.xoutput","332.xoutput","333.xoutput","334.xoutput","335.xoutput","336.xoutput","337.xoutput","338.xoutput","339.xoutput","340.xoutput","341.xoutput","342.xoutput","343.xoutput","344.xoutput","345.xoutput","346.xoutput","347.xoutput","348.xoutput","349.xoutput","average_3.txt"],"id":209,"resource":"2048","request_start":1576628594632,"request_end":1576628601641,"request_duration":7009,"type":"2048"}
{"start":1576628597978,"end":1576628601745,"duration":3767,"downloading_duration":1084,"execution_duration":2112,"uploading_duration":571,"executable":"ellipsoids-openmp","args":["1.dat","142.log","142.xoutput"],"id":98,"resource":"2048","request_start":1576628584853,"request_end":1576628601763,"request_duration":16910,"type":"2048"}
{"start":1576628600252,"end":1576628601777,"duration":1525,"downloading_duration":1148,"execution_duration":4,"uploading_duration":373,"executable":"mean-pack-ell","args":["20.xoutput","21.xoutput","22.xoutput","23.xoutput","24.xoutput","25.xoutput","26.xoutput","27.xoutput","28.xoutput","29.xoutput","210.xoutput","211.xoutput","212.xoutput","213.xoutput","214.xoutput","215.xoutput","216.xoutput","217.xoutput","218.xoutput","219.xoutput","220.xoutput","221.xoutput","222.xoutput","223.xoutput","224.xoutput","225.xoutput","226.xoutput","227.xoutput","228.xoutput","229.xoutput","230.xoutput","231.xoutput","232.xoutput","233.xoutput","234.xoutput","235.xoutput","236.xoutput","237.xoutput","238.xoutput","239.xoutput","240.xoutput","241.xoutput","242.xoutput","243.xoutput","244.xoutput","245.xoutput","246.xoutput","247.xoutput","248.xoutput","249.xoutput","average_2.txt"],"id":208,"resource":"2048","request_start":1576628598561,"request_end":1576628601926,"request_duration":3365,"type":"2048"}
{"start":1576628598579,"end":1576628602425,"duration":3846,"downloading_duration":1078,"execution_duration":2091,"uploading_duration":677,"executable":"ellipsoids-openmp","args":["1.dat","143.log","143.xoutput"],"id":99,"resource":"2048","request_start":1576628584853,"request_end":1576628602446,"request_duration":17593,"type":"2048"}
{"start":1576628602580,"end":1576628604115,"duration":1535,"downloading_duration":1150,"execution_duration":3,"uploading_duration":382,"executable":"mean-pack-ell","args":["10.xoutput","11.xoutput","12.xoutput","13.xoutput","14.xoutput","15.xoutput","16.xoutput","17.xoutput","18.xoutput","19.xoutput","110.xoutput","111.xoutput","112.xoutput","113.xoutput","114.xoutput","115.xoutput","116.xoutput","117.xoutput","118.xoutput","119.xoutput","120.xoutput","121.xoutput","122.xoutput","123.xoutput","124.xoutput","125.xoutput","126.xoutput","127.xoutput","128.xoutput","129.xoutput","130.xoutput","131.xoutput","132.xoutput","133.xoutput","134.xoutput","135.xoutput","136.xoutput","137.xoutput","138.xoutput","139.xoutput","140.xoutput","141.xoutput","142.xoutput","143.xoutput","144.xoutput","145.xoutput","146.xoutput","147.xoutput","148.xoutput","149.xoutput","average_1.txt"],"id":207,"resource":"2048","request_start":1576628602467,"request_end":1576628604134,"request_duration":1667,"type":"2048"}
{"start":1576628604245,"end":1576628605075,"duration":830,"downloading_duration":385,"execution_duration":63,"uploading_duration":382,"executable":"summary.js","args":[],"id":210,"resource":"2048","request_start":1576628604142,"request_end":1576628605091,"request_duration":949,"type":"2048"}
