{"start":1576628606029,"end":1576628606850,"duration":821,"downloading_duration":370,"execution_duration":62,"uploading_duration":389,"executable":"generateData.js","args":[],"id":1,"resource":"2048","request_start":1576628605602,"request_end":1576628606880,"request_duration":1278,"type":"2048"}
{"start":1576628607012,"end":1576628607851,"duration":839,"downloading_duration":381,"execution_duration":63,"uploading_duration":395,"executable":"createDat.js","args":["0.dat"],"id":2,"resource":"2048","request_start":1576628606894,"request_end":1576628607870,"request_duration":976,"type":"2048"}
{"start":1576628607003,"end":1576628607859,"duration":856,"downloading_duration":378,"execution_duration":83,"uploading_duration":395,"executable":"createDat.js","args":["1.dat"],"id":3,"resource":"2048","request_start":1576628606898,"request_end":1576628607896,"request_duration":998,"type":"2048"}
{"start":1576628607022,"end":1576628607883,"duration":861,"downloading_duration":413,"execution_duration":62,"uploading_duration":386,"executable":"createDat.js","args":["3.dat"],"id":5,"resource":"2048","request_start":1576628606906,"request_end":1576628607911,"request_duration":1005,"type":"2048"}
{"start":1576628607023,"end":1576628607898,"duration":875,"downloading_duration":377,"execution_duration":76,"uploading_duration":422,"executable":"createDat.js","args":["2.dat"],"id":4,"resource":"2048","request_start":1576628606903,"request_end":1576628607921,"request_duration":1018,"type":"2048"}
{"start":1576628608273,"end":1576628611716,"duration":3443,"downloading_duration":1090,"execution_duration":1779,"uploading_duration":574,"executable":"ellipsoids-openmp","args":["0.dat","07.log","07.xoutput"],"id":13,"resource":"2048","request_start":1576628607935,"request_end":1576628611740,"request_duration":3805,"type":"2048"}
{"start":1576628608282,"end":1576628612067,"duration":3785,"downloading_duration":992,"execution_duration":2210,"uploading_duration":583,"executable":"ellipsoids-openmp","args":["0.dat","014.log","014.xoutput"],"id":20,"resource":"2048","request_start":1576628607941,"request_end":1576628612086,"request_duration":4145,"type":"2048"}
{"start":1576628608283,"end":1576628612088,"duration":3805,"downloading_duration":975,"execution_duration":2260,"uploading_duration":570,"executable":"ellipsoids-openmp","args":["0.dat","08.log","08.xoutput"],"id":14,"resource":"2048","request_start":1576628607936,"request_end":1576628612111,"request_duration":4175,"type":"2048"}
{"start":1576628608277,"end":1576628612105,"duration":3828,"downloading_duration":1060,"execution_duration":2192,"uploading_duration":576,"executable":"ellipsoids-openmp","args":["0.dat","011.log","011.xoutput"],"id":17,"resource":"2048","request_start":1576628607939,"request_end":1576628612128,"request_duration":4189,"type":"2048"}
{"start":1576628608273,"end":1576628612110,"duration":3837,"downloading_duration":988,"execution_duration":2252,"uploading_duration":597,"executable":"ellipsoids-openmp","args":["0.dat","05.log","05.xoutput"],"id":11,"resource":"2048","request_start":1576628607929,"request_end":1576628612133,"request_duration":4204,"type":"2048"}
{"start":1576628608273,"end":1576628612132,"duration":3859,"downloading_duration":986,"execution_duration":2266,"uploading_duration":607,"executable":"ellipsoids-openmp","args":["0.dat","06.log","06.xoutput"],"id":12,"resource":"2048","request_start":1576628607933,"request_end":1576628612153,"request_duration":4220,"type":"2048"}
{"start":1576628608311,"end":1576628612188,"duration":3877,"downloading_duration":1009,"execution_duration":2267,"uploading_duration":601,"executable":"ellipsoids-openmp","args":["0.dat","022.log","022.xoutput"],"id":28,"resource":"2048","request_start":1576628607948,"request_end":1576628612211,"request_duration":4263,"type":"2048"}
{"start":1576628608274,"end":1576628612201,"duration":3927,"downloading_duration":1058,"execution_duration":2299,"uploading_duration":570,"executable":"ellipsoids-openmp","args":["0.dat","010.log","010.xoutput"],"id":16,"resource":"2048","request_start":1576628607938,"request_end":1576628612220,"request_duration":4282,"type":"2048"}
{"start":1576628608277,"end":1576628612202,"duration":3925,"downloading_duration":1037,"execution_duration":2283,"uploading_duration":605,"executable":"ellipsoids-openmp","args":["0.dat","012.log","012.xoutput"],"id":18,"resource":"2048","request_start":1576628607940,"request_end":1576628612225,"request_duration":4285,"type":"2048"}
{"start":1576628608313,"end":1576628612225,"duration":3912,"downloading_duration":993,"execution_duration":2285,"uploading_duration":634,"executable":"ellipsoids-openmp","args":["0.dat","015.log","015.xoutput"],"id":21,"resource":"2048","request_start":1576628607942,"request_end":1576628612243,"request_duration":4301,"type":"2048"}
{"start":1576628608276,"end":1576628612240,"duration":3964,"downloading_duration":1005,"execution_duration":2127,"uploading_duration":832,"executable":"ellipsoids-openmp","args":["0.dat","09.log","09.xoutput"],"id":15,"resource":"2048","request_start":1576628607937,"request_end":1576628612260,"request_duration":4323,"type":"2048"}
{"start":1576628608278,"end":1576628612258,"duration":3980,"downloading_duration":1004,"execution_duration":2269,"uploading_duration":707,"executable":"ellipsoids-openmp","args":["0.dat","013.log","013.xoutput"],"id":19,"resource":"2048","request_start":1576628607940,"request_end":1576628612277,"request_duration":4337,"type":"2048"}
{"start":1576628608309,"end":1576628612259,"duration":3950,"downloading_duration":991,"execution_duration":2359,"uploading_duration":600,"executable":"ellipsoids-openmp","args":["0.dat","016.log","016.xoutput"],"id":22,"resource":"2048","request_start":1576628607943,"request_end":1576628612279,"request_duration":4336,"type":"2048"}
{"start":1576628608286,"end":1576628612261,"duration":3975,"downloading_duration":1175,"execution_duration":2208,"uploading_duration":592,"executable":"ellipsoids-openmp","args":["0.dat","020.log","020.xoutput"],"id":26,"resource":"2048","request_start":1576628607947,"request_end":1576628612281,"request_duration":4334,"type":"2048"}
{"start":1576628608283,"end":1576628612453,"duration":4170,"downloading_duration":1109,"execution_duration":2444,"uploading_duration":617,"executable":"ellipsoids-openmp","args":["0.dat","021.log","021.xoutput"],"id":27,"resource":"2048","request_start":1576628607948,"request_end":1576628612470,"request_duration":4522,"type":"2048"}
{"start":1576628608596,"end":1576628612464,"duration":3868,"downloading_duration":1002,"execution_duration":2304,"uploading_duration":562,"executable":"ellipsoids-openmp","args":["0.dat","018.log","018.xoutput"],"id":24,"resource":"2048","request_start":1576628607945,"request_end":1576628612483,"request_duration":4538,"type":"2048"}
{"start":1576628608604,"end":1576628612494,"duration":3890,"downloading_duration":1076,"execution_duration":2263,"uploading_duration":551,"executable":"ellipsoids-openmp","args":["0.dat","024.log","024.xoutput"],"id":30,"resource":"2048","request_start":1576628607950,"request_end":1576628612513,"request_duration":4563,"type":"2048"}
{"start":1576628608768,"end":1576628612516,"duration":3748,"downloading_duration":995,"execution_duration":2190,"uploading_duration":563,"executable":"ellipsoids-openmp","args":["0.dat","029.log","029.xoutput"],"id":35,"resource":"2048","request_start":1576628607955,"request_end":1576628612535,"request_duration":4580,"type":"2048"}
{"start":1576628608769,"end":1576628612554,"duration":3785,"downloading_duration":1008,"execution_duration":2192,"uploading_duration":585,"executable":"ellipsoids-openmp","args":["0.dat","031.log","031.xoutput"],"id":37,"resource":"2048","request_start":1576628607956,"request_end":1576628612573,"request_duration":4617,"type":"2048"}
{"start":1576628608771,"end":1576628612555,"duration":3784,"downloading_duration":1044,"execution_duration":2176,"uploading_duration":564,"executable":"ellipsoids-openmp","args":["0.dat","028.log","028.xoutput"],"id":34,"resource":"2048","request_start":1576628607954,"request_end":1576628612575,"request_duration":4621,"type":"2048"}
{"start":1576628608607,"end":1576628612556,"duration":3949,"downloading_duration":1090,"execution_duration":2292,"uploading_duration":567,"executable":"ellipsoids-openmp","args":["0.dat","023.log","023.xoutput"],"id":29,"resource":"2048","request_start":1576628607949,"request_end":1576628612577,"request_duration":4628,"type":"2048"}
{"start":1576628608598,"end":1576628612566,"duration":3968,"downloading_duration":1080,"execution_duration":2228,"uploading_duration":660,"executable":"ellipsoids-openmp","args":["0.dat","019.log","019.xoutput"],"id":25,"resource":"2048","request_start":1576628607946,"request_end":1576628612587,"request_duration":4641,"type":"2048"}
{"start":1576628608767,"end":1576628612569,"duration":3802,"downloading_duration":997,"execution_duration":2212,"uploading_duration":593,"executable":"ellipsoids-openmp","args":["0.dat","032.log","032.xoutput"],"id":38,"resource":"2048","request_start":1576628607957,"request_end":1576628612588,"request_duration":4631,"type":"2048"}
{"start":1576628608824,"end":1576628612587,"duration":3763,"downloading_duration":1003,"execution_duration":2192,"uploading_duration":568,"executable":"ellipsoids-openmp","args":["0.dat","01.log","01.xoutput"],"id":7,"resource":"2048","request_start":1576628607978,"request_end":1576628612605,"request_duration":4627,"type":"2048"}
{"start":1576628608274,"end":1576628612593,"duration":4319,"downloading_duration":1086,"execution_duration":2629,"uploading_duration":604,"executable":"ellipsoids-openmp","args":["0.dat","04.log","04.xoutput"],"id":10,"resource":"2048","request_start":1576628607928,"request_end":1576628612614,"request_duration":4686,"type":"2048"}
{"start":1576628608602,"end":1576628612608,"duration":4006,"downloading_duration":1076,"execution_duration":2322,"uploading_duration":608,"executable":"ellipsoids-openmp","args":["0.dat","017.log","017.xoutput"],"id":23,"resource":"2048","request_start":1576628607944,"request_end":1576628612628,"request_duration":4684,"type":"2048"}
{"start":1576628608773,"end":1576628612625,"duration":3852,"downloading_duration":1034,"execution_duration":2195,"uploading_duration":623,"executable":"ellipsoids-openmp","args":["0.dat","026.log","026.xoutput"],"id":32,"resource":"2048","request_start":1576628607952,"request_end":1576628612645,"request_duration":4693,"type":"2048"}
{"start":1576628608798,"end":1576628612626,"duration":3828,"downloading_duration":988,"execution_duration":2228,"uploading_duration":612,"executable":"ellipsoids-openmp","args":["0.dat","045.log","045.xoutput"],"id":51,"resource":"2048","request_start":1576628607973,"request_end":1576628612647,"request_duration":4674,"type":"2048"}
{"start":1576628608799,"end":1576628612636,"duration":3837,"downloading_duration":996,"execution_duration":2258,"uploading_duration":583,"executable":"ellipsoids-openmp","args":["0.dat","047.log","047.xoutput"],"id":53,"resource":"2048","request_start":1576628607975,"request_end":1576628612656,"request_duration":4681,"type":"2048"}
{"start":1576628608825,"end":1576628612644,"duration":3819,"downloading_duration":1016,"execution_duration":2187,"uploading_duration":616,"executable":"ellipsoids-openmp","args":["0.dat","02.log","02.xoutput"],"id":8,"resource":"2048","request_start":1576628607979,"request_end":1576628612664,"request_duration":4685,"type":"2048"}
{"start":1576628608795,"end":1576628612644,"duration":3849,"downloading_duration":988,"execution_duration":2192,"uploading_duration":669,"executable":"ellipsoids-openmp","args":["0.dat","046.log","046.xoutput"],"id":52,"resource":"2048","request_start":1576628607974,"request_end":1576628612666,"request_duration":4692,"type":"2048"}
{"start":1576628608798,"end":1576628612645,"duration":3847,"downloading_duration":1002,"execution_duration":2256,"uploading_duration":589,"executable":"ellipsoids-openmp","args":["0.dat","039.log","039.xoutput"],"id":45,"resource":"2048","request_start":1576628607965,"request_end":1576628612667,"request_duration":4702,"type":"2048"}
{"start":1576628608798,"end":1576628612662,"duration":3864,"downloading_duration":988,"execution_duration":2253,"uploading_duration":623,"executable":"ellipsoids-openmp","args":["0.dat","044.log","044.xoutput"],"id":50,"resource":"2048","request_start":1576628607972,"request_end":1576628612681,"request_duration":4709,"type":"2048"}
{"start":1576628608772,"end":1576628612673,"duration":3901,"downloading_duration":1000,"execution_duration":2297,"uploading_duration":604,"executable":"ellipsoids-openmp","args":["0.dat","027.log","027.xoutput"],"id":33,"resource":"2048","request_start":1576628607953,"request_end":1576628612690,"request_duration":4737,"type":"2048"}
{"start":1576628608762,"end":1576628612673,"duration":3911,"downloading_duration":1077,"execution_duration":2236,"uploading_duration":598,"executable":"ellipsoids-openmp","args":["0.dat","037.log","037.xoutput"],"id":43,"resource":"2048","request_start":1576628607963,"request_end":1576628612694,"request_duration":4731,"type":"2048"}
{"start":1576628608801,"end":1576628612679,"duration":3878,"downloading_duration":1073,"execution_duration":2171,"uploading_duration":634,"executable":"ellipsoids-openmp","args":["0.dat","040.log","040.xoutput"],"id":46,"resource":"2048","request_start":1576628607967,"request_end":1576628612697,"request_duration":4730,"type":"2048"}
{"start":1576628608800,"end":1576628612681,"duration":3881,"downloading_duration":1076,"execution_duration":2187,"uploading_duration":618,"executable":"ellipsoids-openmp","args":["0.dat","041.log","041.xoutput"],"id":47,"resource":"2048","request_start":1576628607968,"request_end":1576628612704,"request_duration":4736,"type":"2048"}
{"start":1576628608772,"end":1576628612684,"duration":3912,"downloading_duration":1112,"execution_duration":2189,"uploading_duration":611,"executable":"ellipsoids-openmp","args":["0.dat","025.log","025.xoutput"],"id":31,"resource":"2048","request_start":1576628607951,"request_end":1576628612707,"request_duration":4756,"type":"2048"}
{"start":1576628608756,"end":1576628612691,"duration":3935,"downloading_duration":1008,"execution_duration":2321,"uploading_duration":606,"executable":"ellipsoids-openmp","args":["0.dat","036.log","036.xoutput"],"id":42,"resource":"2048","request_start":1576628607962,"request_end":1576628612716,"request_duration":4754,"type":"2048"}
{"start":1576628608797,"end":1576628612709,"duration":3912,"downloading_duration":1066,"execution_duration":2271,"uploading_duration":575,"executable":"ellipsoids-openmp","args":["0.dat","043.log","043.xoutput"],"id":49,"resource":"2048","request_start":1576628607970,"request_end":1576628612729,"request_duration":4759,"type":"2048"}
{"start":1576628608768,"end":1576628612711,"duration":3943,"downloading_duration":986,"execution_duration":2364,"uploading_duration":593,"executable":"ellipsoids-openmp","args":["0.dat","033.log","033.xoutput"],"id":39,"resource":"2048","request_start":1576628607958,"request_end":1576628612731,"request_duration":4773,"type":"2048"}
{"start":1576628608762,"end":1576628612712,"duration":3950,"downloading_duration":1034,"execution_duration":2299,"uploading_duration":617,"executable":"ellipsoids-openmp","args":["0.dat","038.log","038.xoutput"],"id":44,"resource":"2048","request_start":1576628607963,"request_end":1576628612733,"request_duration":4770,"type":"2048"}
{"start":1576628608825,"end":1576628612718,"duration":3893,"downloading_duration":1023,"execution_duration":2224,"uploading_duration":646,"executable":"ellipsoids-openmp","args":["0.dat","00.log","00.xoutput"],"id":6,"resource":"2048","request_start":1576628607977,"request_end":1576628612743,"request_duration":4766,"type":"2048"}
{"start":1576628608802,"end":1576628612721,"duration":3919,"downloading_duration":994,"execution_duration":2291,"uploading_duration":634,"executable":"ellipsoids-openmp","args":["0.dat","042.log","042.xoutput"],"id":48,"resource":"2048","request_start":1576628607969,"request_end":1576628612745,"request_duration":4776,"type":"2048"}
{"start":1576628608772,"end":1576628612726,"duration":3954,"downloading_duration":1082,"execution_duration":2288,"uploading_duration":584,"executable":"ellipsoids-openmp","args":["0.dat","030.log","030.xoutput"],"id":36,"resource":"2048","request_start":1576628607956,"request_end":1576628612748,"request_duration":4792,"type":"2048"}
{"start":1576628608786,"end":1576628612765,"duration":3979,"downloading_duration":1083,"execution_duration":2295,"uploading_duration":601,"executable":"ellipsoids-openmp","args":["0.dat","049.log","049.xoutput"],"id":55,"resource":"2048","request_start":1576628607976,"request_end":1576628612783,"request_duration":4807,"type":"2048"}
{"start":1576628608794,"end":1576628612820,"duration":4026,"downloading_duration":1024,"execution_duration":2436,"uploading_duration":566,"executable":"ellipsoids-openmp","args":["0.dat","048.log","048.xoutput"],"id":54,"resource":"2048","request_start":1576628607976,"request_end":1576628612841,"request_duration":4865,"type":"2048"}
{"start":1576628608823,"end":1576628612863,"duration":4040,"downloading_duration":1078,"execution_duration":2307,"uploading_duration":655,"executable":"ellipsoids-openmp","args":["0.dat","03.log","03.xoutput"],"id":9,"resource":"2048","request_start":1576628607980,"request_end":1576628612881,"request_duration":4901,"type":"2048"}
{"start":1576628608757,"end":1576628612986,"duration":4229,"downloading_duration":1175,"execution_duration":2444,"uploading_duration":610,"executable":"ellipsoids-openmp","args":["0.dat","034.log","034.xoutput"],"id":40,"resource":"2048","request_start":1576628607960,"request_end":1576628613005,"request_duration":5045,"type":"2048"}
{"start":1576628608761,"end":1576628613159,"duration":4398,"downloading_duration":1067,"execution_duration":2299,"uploading_duration":1032,"executable":"ellipsoids-openmp","args":["0.dat","035.log","035.xoutput"],"id":41,"resource":"2048","request_start":1576628607961,"request_end":1576628613179,"request_duration":5218,"type":"2048"}
{"start":1576628611772,"end":1576628615176,"duration":3404,"downloading_duration":985,"execution_duration":1785,"uploading_duration":634,"executable":"ellipsoids-openmp","args":["1.dat","144.log","144.xoutput"],"id":100,"resource":"2048","request_start":1576628608039,"request_end":1576628615198,"request_duration":7159,"type":"2048"}
{"start":1576628612141,"end":1576628615913,"duration":3772,"downloading_duration":1018,"execution_duration":2165,"uploading_duration":589,"executable":"ellipsoids-openmp","args":["1.dat","146.log","146.xoutput"],"id":102,"resource":"2048","request_start":1576628608041,"request_end":1576628615934,"request_duration":7893,"type":"2048"}
{"start":1576628612253,"end":1576628615916,"duration":3663,"downloading_duration":982,"execution_duration":2112,"uploading_duration":569,"executable":"ellipsoids-openmp","args":["1.dat","12.log","12.xoutput"],"id":58,"resource":"2048","request_start":1576628608045,"request_end":1576628615938,"request_duration":7893,"type":"2048"}
{"start":1576628612293,"end":1576628615972,"duration":3679,"downloading_duration":997,"execution_duration":2129,"uploading_duration":553,"executable":"ellipsoids-openmp","args":["1.dat","14.log","14.xoutput"],"id":60,"resource":"2048","request_start":1576628608046,"request_end":1576628615992,"request_duration":7946,"type":"2048"}
{"start":1576628612115,"end":1576628615972,"duration":3857,"downloading_duration":1020,"execution_duration":2232,"uploading_duration":605,"executable":"ellipsoids-openmp","args":["1.dat","145.log","145.xoutput"],"id":101,"resource":"2048","request_start":1576628608040,"request_end":1576628615996,"request_duration":7956,"type":"2048"}
{"start":1576628612158,"end":1576628615975,"duration":3817,"downloading_duration":1068,"execution_duration":2140,"uploading_duration":609,"executable":"ellipsoids-openmp","args":["1.dat","147.log","147.xoutput"],"id":103,"resource":"2048","request_start":1576628608041,"request_end":1576628616000,"request_duration":7959,"type":"2048"}
{"start":1576628612180,"end":1576628615981,"duration":3801,"downloading_duration":986,"execution_duration":2200,"uploading_duration":615,"executable":"ellipsoids-openmp","args":["1.dat","149.log","149.xoutput"],"id":105,"resource":"2048","request_start":1576628608042,"request_end":1576628616004,"request_duration":7962,"type":"2048"}
{"start":1576628612311,"end":1576628616034,"duration":3723,"downloading_duration":987,"execution_duration":2145,"uploading_duration":591,"executable":"ellipsoids-openmp","args":["1.dat","16.log","16.xoutput"],"id":62,"resource":"2048","request_start":1576628608047,"request_end":1576628616056,"request_duration":8009,"type":"2048"}
{"start":1576628612273,"end":1576628616043,"duration":3770,"downloading_duration":1073,"execution_duration":2125,"uploading_duration":572,"executable":"ellipsoids-openmp","args":["1.dat","13.log","13.xoutput"],"id":59,"resource":"2048","request_start":1576628608045,"request_end":1576628616064,"request_duration":8019,"type":"2048"}
{"start":1576628612252,"end":1576628616089,"duration":3837,"downloading_duration":1018,"execution_duration":2256,"uploading_duration":563,"executable":"ellipsoids-openmp","args":["1.dat","11.log","11.xoutput"],"id":57,"resource":"2048","request_start":1576628608044,"request_end":1576628616110,"request_duration":8066,"type":"2048"}
{"start":1576628612158,"end":1576628616113,"duration":3955,"downloading_duration":1062,"execution_duration":2273,"uploading_duration":620,"executable":"ellipsoids-openmp","args":["1.dat","148.log","148.xoutput"],"id":104,"resource":"2048","request_start":1576628608042,"request_end":1576628616131,"request_duration":8089,"type":"2048"}
{"start":1576628612306,"end":1576628616117,"duration":3811,"downloading_duration":1076,"execution_duration":2175,"uploading_duration":560,"executable":"ellipsoids-openmp","args":["1.dat","15.log","15.xoutput"],"id":61,"resource":"2048","request_start":1576628608046,"request_end":1576628616138,"request_duration":8092,"type":"2048"}
{"start":1576628612239,"end":1576628616200,"duration":3961,"downloading_duration":1058,"execution_duration":2290,"uploading_duration":613,"executable":"ellipsoids-openmp","args":["1.dat","10.log","10.xoutput"],"id":56,"resource":"2048","request_start":1576628608043,"request_end":1576628616221,"request_duration":8178,"type":"2048"}
{"start":1576628612499,"end":1576628616294,"duration":3795,"downloading_duration":1030,"execution_duration":2205,"uploading_duration":560,"executable":"ellipsoids-openmp","args":["1.dat","18.log","18.xoutput"],"id":64,"resource":"2048","request_start":1576628608048,"request_end":1576628616314,"request_duration":8266,"type":"2048"}
{"start":1576628612312,"end":1576628616324,"duration":4012,"downloading_duration":1001,"execution_duration":2258,"uploading_duration":753,"executable":"ellipsoids-openmp","args":["1.dat","17.log","17.xoutput"],"id":63,"resource":"2048","request_start":1576628608047,"request_end":1576628616344,"request_duration":8297,"type":"2048"}
{"start":1576628612612,"end":1576628616359,"duration":3747,"downloading_duration":989,"execution_duration":2125,"uploading_duration":633,"executable":"ellipsoids-openmp","args":["1.dat","113.log","113.xoutput"],"id":69,"resource":"2048","request_start":1576628608051,"request_end":1576628616378,"request_duration":8327,"type":"2048"}
{"start":1576628612696,"end":1576628616392,"duration":3696,"downloading_duration":1029,"execution_duration":2102,"uploading_duration":565,"executable":"ellipsoids-openmp","args":["1.dat","125.log","125.xoutput"],"id":81,"resource":"2048","request_start":1576628608060,"request_end":1576628616412,"request_duration":8352,"type":"2048"}
{"start":1576628612563,"end":1576628616395,"duration":3832,"downloading_duration":1064,"execution_duration":2198,"uploading_duration":570,"executable":"ellipsoids-openmp","args":["1.dat","111.log","111.xoutput"],"id":67,"resource":"2048","request_start":1576628608050,"request_end":1576628616415,"request_duration":8365,"type":"2048"}
{"start":1576628612613,"end":1576628616399,"duration":3786,"downloading_duration":1025,"execution_duration":2194,"uploading_duration":567,"executable":"ellipsoids-openmp","args":["1.dat","114.log","114.xoutput"],"id":70,"resource":"2048","request_start":1576628608051,"request_end":1576628616421,"request_duration":8370,"type":"2048"}
{"start":1576628612639,"end":1576628616400,"duration":3761,"downloading_duration":1035,"execution_duration":2113,"uploading_duration":613,"executable":"ellipsoids-openmp","args":["1.dat","118.log","118.xoutput"],"id":74,"resource":"2048","request_start":1576628608057,"request_end":1576628616425,"request_duration":8368,"type":"2048"}
{"start":1576628612655,"end":1576628616410,"duration":3755,"downloading_duration":998,"execution_duration":2185,"uploading_duration":572,"executable":"ellipsoids-openmp","args":["1.dat","119.log","119.xoutput"],"id":75,"resource":"2048","request_start":1576628608057,"request_end":1576628616431,"request_duration":8374,"type":"2048"}
{"start":1576628612511,"end":1576628616423,"duration":3912,"downloading_duration":999,"execution_duration":2345,"uploading_duration":568,"executable":"ellipsoids-openmp","args":["1.dat","19.log","19.xoutput"],"id":65,"resource":"2048","request_start":1576628608049,"request_end":1576628616443,"request_duration":8394,"type":"2048"}
{"start":1576628612724,"end":1576628616437,"duration":3713,"downloading_duration":1018,"execution_duration":2135,"uploading_duration":560,"executable":"ellipsoids-openmp","args":["1.dat","128.log","128.xoutput"],"id":84,"resource":"2048","request_start":1576628608062,"request_end":1576628616457,"request_duration":8395,"type":"2048"}
{"start":1576628612540,"end":1576628616442,"duration":3902,"downloading_duration":1067,"execution_duration":2178,"uploading_duration":657,"executable":"ellipsoids-openmp","args":["1.dat","110.log","110.xoutput"],"id":66,"resource":"2048","request_start":1576628608049,"request_end":1576628616466,"request_duration":8417,"type":"2048"}
{"start":1576628612684,"end":1576628616449,"duration":3765,"downloading_duration":1001,"execution_duration":2199,"uploading_duration":565,"executable":"ellipsoids-openmp","args":["1.dat","122.log","122.xoutput"],"id":78,"resource":"2048","request_start":1576628608059,"request_end":1576628616469,"request_duration":8410,"type":"2048"}
{"start":1576628612632,"end":1576628616460,"duration":3828,"downloading_duration":1025,"execution_duration":2203,"uploading_duration":600,"executable":"ellipsoids-openmp","args":["1.dat","117.log","117.xoutput"],"id":73,"resource":"2048","request_start":1576628608056,"request_end":1576628616478,"request_duration":8422,"type":"2048"}
{"start":1576628612676,"end":1576628616464,"duration":3788,"downloading_duration":1110,"execution_duration":2116,"uploading_duration":562,"executable":"ellipsoids-openmp","args":["1.dat","121.log","121.xoutput"],"id":77,"resource":"2048","request_start":1576628608058,"request_end":1576628616486,"request_duration":8428,"type":"2048"}
{"start":1576628612620,"end":1576628616480,"duration":3860,"downloading_duration":981,"execution_duration":2259,"uploading_duration":620,"executable":"ellipsoids-openmp","args":["1.dat","115.log","115.xoutput"],"id":71,"resource":"2048","request_start":1576628608055,"request_end":1576628616501,"request_duration":8446,"type":"2048"}
{"start":1576628612810,"end":1576628616493,"duration":3683,"downloading_duration":993,"execution_duration":2058,"uploading_duration":632,"executable":"ellipsoids-openmp","args":["1.dat","139.log","139.xoutput"],"id":95,"resource":"2048","request_start":1576628608067,"request_end":1576628616512,"request_duration":8445,"type":"2048"}
{"start":1576628612772,"end":1576628616495,"duration":3723,"downloading_duration":1000,"execution_duration":2138,"uploading_duration":585,"executable":"ellipsoids-openmp","args":["1.dat","136.log","136.xoutput"],"id":92,"resource":"2048","request_start":1576628608066,"request_end":1576628616516,"request_duration":8450,"type":"2048"}
{"start":1576628612727,"end":1576628616502,"duration":3775,"downloading_duration":990,"execution_duration":2207,"uploading_duration":578,"executable":"ellipsoids-openmp","args":["1.dat","129.log","129.xoutput"],"id":85,"resource":"2048","request_start":1576628608062,"request_end":1576628616523,"request_duration":8461,"type":"2048"}
{"start":1576628612623,"end":1576628616509,"duration":3886,"downloading_duration":987,"execution_duration":2243,"uploading_duration":656,"executable":"ellipsoids-openmp","args":["1.dat","116.log","116.xoutput"],"id":72,"resource":"2048","request_start":1576628608056,"request_end":1576628616528,"request_duration":8472,"type":"2048"}
{"start":1576628612763,"end":1576628616526,"duration":3763,"downloading_duration":994,"execution_duration":2086,"uploading_duration":683,"executable":"ellipsoids-openmp","args":["1.dat","134.log","134.xoutput"],"id":90,"resource":"2048","request_start":1576628608065,"request_end":1576628616546,"request_duration":8481,"type":"2048"}
{"start":1576628612734,"end":1576628616539,"duration":3805,"downloading_duration":997,"execution_duration":2218,"uploading_duration":590,"executable":"ellipsoids-openmp","args":["1.dat","130.log","130.xoutput"],"id":86,"resource":"2048","request_start":1576628608063,"request_end":1576628616562,"request_duration":8499,"type":"2048"}
{"start":1576628612762,"end":1576628616545,"duration":3783,"downloading_duration":996,"execution_duration":2217,"uploading_duration":570,"executable":"ellipsoids-openmp","args":["1.dat","135.log","135.xoutput"],"id":91,"resource":"2048","request_start":1576628608065,"request_end":1576628616564,"request_duration":8499,"type":"2048"}
{"start":1576628612691,"end":1576628616566,"duration":3875,"downloading_duration":997,"execution_duration":2255,"uploading_duration":623,"executable":"ellipsoids-openmp","args":["1.dat","123.log","123.xoutput"],"id":79,"resource":"2048","request_start":1576628608059,"request_end":1576628616585,"request_duration":8526,"type":"2048"}
{"start":1576628612713,"end":1576628616567,"duration":3854,"downloading_duration":988,"execution_duration":2301,"uploading_duration":565,"executable":"ellipsoids-openmp","args":["1.dat","127.log","127.xoutput"],"id":83,"resource":"2048","request_start":1576628608061,"request_end":1576628616587,"request_duration":8526,"type":"2048"}
{"start":1576628612609,"end":1576628616570,"duration":3961,"downloading_duration":1129,"execution_duration":2253,"uploading_duration":579,"executable":"ellipsoids-openmp","args":["1.dat","112.log","112.xoutput"],"id":68,"resource":"2048","request_start":1576628608050,"request_end":1576628616591,"request_duration":8541,"type":"2048"}
{"start":1576628612775,"end":1576628616588,"duration":3813,"downloading_duration":993,"execution_duration":2179,"uploading_duration":641,"executable":"ellipsoids-openmp","args":["1.dat","138.log","138.xoutput"],"id":94,"resource":"2048","request_start":1576628608067,"request_end":1576628616611,"request_duration":8544,"type":"2048"}
{"start":1576628612696,"end":1576628616601,"duration":3905,"downloading_duration":988,"execution_duration":2287,"uploading_duration":630,"executable":"ellipsoids-openmp","args":["1.dat","124.log","124.xoutput"],"id":80,"resource":"2048","request_start":1576628608060,"request_end":1576628616624,"request_duration":8564,"type":"2048"}
{"start":1576628612775,"end":1576628616675,"duration":3900,"downloading_duration":1082,"execution_duration":2210,"uploading_duration":608,"executable":"ellipsoids-openmp","args":["1.dat","137.log","137.xoutput"],"id":93,"resource":"2048","request_start":1576628608066,"request_end":1576628616695,"request_duration":8629,"type":"2048"}
{"start":1576628612739,"end":1576628616702,"duration":3963,"downloading_duration":1072,"execution_duration":2265,"uploading_duration":626,"executable":"ellipsoids-openmp","args":["1.dat","131.log","131.xoutput"],"id":87,"resource":"2048","request_start":1576628608063,"request_end":1576628616722,"request_duration":8659,"type":"2048"}
{"start":1576628612671,"end":1576628616719,"duration":4048,"downloading_duration":1189,"execution_duration":2195,"uploading_duration":664,"executable":"ellipsoids-openmp","args":["1.dat","120.log","120.xoutput"],"id":76,"resource":"2048","request_start":1576628608058,"request_end":1576628616741,"request_duration":8683,"type":"2048"}
{"start":1576628612906,"end":1576628616744,"duration":3838,"downloading_duration":991,"execution_duration":2246,"uploading_duration":601,"executable":"ellipsoids-openmp","args":["1.dat","141.log","141.xoutput"],"id":97,"resource":"2048","request_start":1576628608068,"request_end":1576628616764,"request_duration":8696,"type":"2048"}
{"start":1576628612708,"end":1576628616748,"duration":4040,"downloading_duration":991,"execution_duration":2190,"uploading_duration":859,"executable":"ellipsoids-openmp","args":["1.dat","126.log","126.xoutput"],"id":82,"resource":"2048","request_start":1576628608061,"request_end":1576628616769,"request_duration":8708,"type":"2048"}
{"start":1576628612758,"end":1576628616771,"duration":4013,"downloading_duration":1073,"execution_duration":2186,"uploading_duration":754,"executable":"ellipsoids-openmp","args":["1.dat","133.log","133.xoutput"],"id":89,"resource":"2048","request_start":1576628608064,"request_end":1576628616789,"request_duration":8725,"type":"2048"}
{"start":1576628612745,"end":1576628616772,"duration":4027,"downloading_duration":1028,"execution_duration":2211,"uploading_duration":788,"executable":"ellipsoids-openmp","args":["1.dat","132.log","132.xoutput"],"id":88,"resource":"2048","request_start":1576628608064,"request_end":1576628616797,"request_duration":8733,"type":"2048"}
{"start":1576628612868,"end":1576628616796,"duration":3928,"downloading_duration":1080,"execution_duration":2207,"uploading_duration":641,"executable":"ellipsoids-openmp","args":["1.dat","140.log","140.xoutput"],"id":96,"resource":"2048","request_start":1576628608068,"request_end":1576628616816,"request_duration":8748,"type":"2048"}
{"start":1576628613034,"end":1576628616864,"duration":3830,"downloading_duration":1005,"execution_duration":2224,"uploading_duration":601,"executable":"ellipsoids-openmp","args":["1.dat","142.log","142.xoutput"],"id":98,"resource":"2048","request_start":1576628608069,"request_end":1576628616884,"request_duration":8815,"type":"2048"}
{"start":1576628613206,"end":1576628616922,"duration":3716,"downloading_duration":997,"execution_duration":2135,"uploading_duration":584,"executable":"ellipsoids-openmp","args":["1.dat","143.log","143.xoutput"],"id":99,"resource":"2048","request_start":1576628608069,"request_end":1576628616944,"request_duration":8875,"type":"2048"}
{"start":1576628615225,"end":1576628618598,"duration":3373,"downloading_duration":1036,"execution_duration":1766,"uploading_duration":571,"executable":"ellipsoids-openmp","args":["3.dat","30.log","30.xoutput"],"id":156,"resource":"2048","request_start":1576628608114,"request_end":1576628618618,"request_duration":10504,"type":"2048"}
{"start":1576628615965,"end":1576628619633,"duration":3668,"downloading_duration":984,"execution_duration":2116,"uploading_duration":568,"executable":"ellipsoids-openmp","args":["3.dat","31.log","31.xoutput"],"id":157,"resource":"2048","request_start":1576628608114,"request_end":1576628619654,"request_duration":11540,"type":"2048"}
{"start":1576628616038,"end":1576628619767,"duration":3729,"downloading_duration":1003,"execution_duration":2081,"uploading_duration":645,"executable":"ellipsoids-openmp","args":["3.dat","36.log","36.xoutput"],"id":162,"resource":"2048","request_start":1576628608117,"request_end":1576628619785,"request_duration":11668,"type":"2048"}
{"start":1576628616039,"end":1576628619796,"duration":3757,"downloading_duration":1008,"execution_duration":2152,"uploading_duration":597,"executable":"ellipsoids-openmp","args":["3.dat","35.log","35.xoutput"],"id":161,"resource":"2048","request_start":1576628608116,"request_end":1576628619816,"request_duration":11700,"type":"2048"}
{"start":1576628616017,"end":1576628619798,"duration":3781,"downloading_duration":1025,"execution_duration":2192,"uploading_duration":564,"executable":"ellipsoids-openmp","args":["3.dat","33.log","33.xoutput"],"id":159,"resource":"2048","request_start":1576628608115,"request_end":1576628619819,"request_duration":11704,"type":"2048"}
{"start":1576628616092,"end":1576628619804,"duration":3712,"downloading_duration":1058,"execution_duration":2083,"uploading_duration":571,"executable":"ellipsoids-openmp","args":["3.dat","38.log","38.xoutput"],"id":164,"resource":"2048","request_start":1576628608118,"request_end":1576628619829,"request_duration":11711,"type":"2048"}
{"start":1576628615968,"end":1576628619812,"duration":3844,"downloading_duration":1202,"execution_duration":2060,"uploading_duration":582,"executable":"ellipsoids-openmp","args":["3.dat","32.log","32.xoutput"],"id":158,"resource":"2048","request_start":1576628608115,"request_end":1576628619840,"request_duration":11725,"type":"2048"}
{"start":1576628616157,"end":1576628619821,"duration":3664,"downloading_duration":1033,"execution_duration":2027,"uploading_duration":604,"executable":"ellipsoids-openmp","args":["3.dat","310.log","310.xoutput"],"id":166,"resource":"2048","request_start":1576628608119,"request_end":1576628619848,"request_duration":11729,"type":"2048"}
{"start":1576628616029,"end":1576628619821,"duration":3792,"downloading_duration":1032,"execution_duration":2201,"uploading_duration":559,"executable":"ellipsoids-openmp","args":["3.dat","34.log","34.xoutput"],"id":160,"resource":"2048","request_start":1576628608116,"request_end":1576628619852,"request_duration":11736,"type":"2048"}
{"start":1576628616165,"end":1576628619955,"duration":3790,"downloading_duration":1003,"execution_duration":2207,"uploading_duration":580,"executable":"ellipsoids-openmp","args":["3.dat","311.log","311.xoutput"],"id":167,"resource":"2048","request_start":1576628608119,"request_end":1576628619973,"request_duration":11854,"type":"2048"}
{"start":1576628616136,"end":1576628619956,"duration":3820,"downloading_duration":1051,"execution_duration":2173,"uploading_duration":596,"executable":"ellipsoids-openmp","args":["3.dat","39.log","39.xoutput"],"id":165,"resource":"2048","request_start":1576628608118,"request_end":1576628619976,"request_duration":11858,"type":"2048"}
{"start":1576628616084,"end":1576628620026,"duration":3942,"downloading_duration":1101,"execution_duration":2251,"uploading_duration":590,"executable":"ellipsoids-openmp","args":["3.dat","37.log","37.xoutput"],"id":163,"resource":"2048","request_start":1576628608117,"request_end":1576628620046,"request_duration":11929,"type":"2048"}
{"start":1576628616249,"end":1576628620044,"duration":3795,"downloading_duration":1012,"execution_duration":2219,"uploading_duration":564,"executable":"ellipsoids-openmp","args":["3.dat","312.log","312.xoutput"],"id":168,"resource":"2048","request_start":1576628608120,"request_end":1576628620065,"request_duration":11945,"type":"2048"}
{"start":1576628616369,"end":1576628620129,"duration":3760,"downloading_duration":995,"execution_duration":2202,"uploading_duration":563,"executable":"ellipsoids-openmp","args":["3.dat","314.log","314.xoutput"],"id":170,"resource":"2048","request_start":1576628608121,"request_end":1576628620147,"request_duration":12026,"type":"2048"}
{"start":1576628616493,"end":1576628620130,"duration":3637,"downloading_duration":995,"execution_duration":2069,"uploading_duration":573,"executable":"ellipsoids-openmp","args":["3.dat","323.log","323.xoutput"],"id":179,"resource":"2048","request_start":1576628608126,"request_end":1576628620150,"request_duration":12024,"type":"2048"}
{"start":1576628616344,"end":1576628620165,"duration":3821,"downloading_duration":1075,"execution_duration":2126,"uploading_duration":620,"executable":"ellipsoids-openmp","args":["3.dat","313.log","313.xoutput"],"id":169,"resource":"2048","request_start":1576628608121,"request_end":1576628620187,"request_duration":12066,"type":"2048"}
{"start":1576628616503,"end":1576628620201,"duration":3698,"downloading_duration":1050,"execution_duration":2075,"uploading_duration":573,"executable":"ellipsoids-openmp","args":["3.dat","325.log","325.xoutput"],"id":181,"resource":"2048","request_start":1576628608127,"request_end":1576628620221,"request_duration":12094,"type":"2048"}
{"start":1576628616455,"end":1576628620211,"duration":3756,"downloading_duration":994,"execution_duration":2194,"uploading_duration":568,"executable":"ellipsoids-openmp","args":["3.dat","320.log","320.xoutput"],"id":176,"resource":"2048","request_start":1576628608124,"request_end":1576628620230,"request_duration":12106,"type":"2048"}
{"start":1576628616451,"end":1576628620243,"duration":3792,"downloading_duration":1075,"execution_duration":2154,"uploading_duration":563,"executable":"ellipsoids-openmp","args":["3.dat","318.log","318.xoutput"],"id":174,"resource":"2048","request_start":1576628608123,"request_end":1576628620263,"request_duration":12140,"type":"2048"}
{"start":1576628616558,"end":1576628620252,"duration":3694,"downloading_duration":988,"execution_duration":2135,"uploading_duration":571,"executable":"ellipsoids-openmp","args":["3.dat","330.log","330.xoutput"],"id":186,"resource":"2048","request_start":1576628608129,"request_end":1576628620271,"request_duration":12142,"type":"2048"}
{"start":1576628616497,"end":1576628620267,"duration":3770,"downloading_duration":1045,"execution_duration":2130,"uploading_duration":595,"executable":"ellipsoids-openmp","args":["3.dat","324.log","324.xoutput"],"id":180,"resource":"2048","request_start":1576628608126,"request_end":1576628620291,"request_duration":12165,"type":"2048"}
{"start":1576628616447,"end":1576628620290,"duration":3843,"downloading_duration":979,"execution_duration":2253,"uploading_duration":611,"executable":"ellipsoids-openmp","args":["3.dat","317.log","317.xoutput"],"id":173,"resource":"2048","request_start":1576628608123,"request_end":1576628620311,"request_duration":12188,"type":"2048"}
{"start":1576628616526,"end":1576628620300,"duration":3774,"downloading_duration":1012,"execution_duration":2192,"uploading_duration":570,"executable":"ellipsoids-openmp","args":["3.dat","327.log","327.xoutput"],"id":183,"resource":"2048","request_start":1576628608128,"request_end":1576628620319,"request_duration":12191,"type":"2048"}
{"start":1576628616553,"end":1576628620302,"duration":3749,"downloading_duration":985,"execution_duration":2144,"uploading_duration":620,"executable":"ellipsoids-openmp","args":["3.dat","329.log","329.xoutput"],"id":185,"resource":"2048","request_start":1576628608129,"request_end":1576628620321,"request_duration":12192,"type":"2048"}
{"start":1576628616472,"end":1576628620303,"duration":3831,"downloading_duration":1066,"execution_duration":2161,"uploading_duration":604,"executable":"ellipsoids-openmp","args":["3.dat","321.log","321.xoutput"],"id":177,"resource":"2048","request_start":1576628608125,"request_end":1576628620327,"request_duration":12202,"type":"2048"}
{"start":1576628616455,"end":1576628620316,"duration":3861,"downloading_duration":1118,"execution_duration":2108,"uploading_duration":635,"executable":"ellipsoids-openmp","args":["3.dat","319.log","319.xoutput"],"id":175,"resource":"2048","request_start":1576628608124,"request_end":1576628620341,"request_duration":12217,"type":"2048"}
{"start":1576628616447,"end":1576628620317,"duration":3870,"downloading_duration":991,"execution_duration":2278,"uploading_duration":601,"executable":"ellipsoids-openmp","args":["3.dat","316.log","316.xoutput"],"id":172,"resource":"2048","request_start":1576628608122,"request_end":1576628620343,"request_duration":12221,"type":"2048"}
{"start":1576628616635,"end":1576628620335,"duration":3700,"downloading_duration":1025,"execution_duration":2064,"uploading_duration":611,"executable":"ellipsoids-openmp","args":["3.dat","338.log","338.xoutput"],"id":194,"resource":"2048","request_start":1576628608133,"request_end":1576628620354,"request_duration":12221,"type":"2048"}
{"start":1576628616511,"end":1576628620363,"duration":3852,"downloading_duration":995,"execution_duration":2213,"uploading_duration":644,"executable":"ellipsoids-openmp","args":["3.dat","326.log","326.xoutput"],"id":182,"resource":"2048","request_start":1576628608127,"request_end":1576628620383,"request_duration":12256,"type":"2048"}
{"start":1576628616613,"end":1576628620401,"duration":3788,"downloading_duration":1008,"execution_duration":2151,"uploading_duration":629,"executable":"ellipsoids-openmp","args":["3.dat","335.log","335.xoutput"],"id":191,"resource":"2048","request_start":1576628608132,"request_end":1576628620423,"request_duration":12291,"type":"2048"}
{"start":1576628616539,"end":1576628620402,"duration":3863,"downloading_duration":1077,"execution_duration":2164,"uploading_duration":622,"executable":"ellipsoids-openmp","args":["3.dat","328.log","328.xoutput"],"id":184,"resource":"2048","request_start":1576628608128,"request_end":1576628620426,"request_duration":12298,"type":"2048"}
{"start":1576628616404,"end":1576628620401,"duration":3997,"downloading_duration":992,"execution_duration":2393,"uploading_duration":612,"executable":"ellipsoids-openmp","args":["3.dat","315.log","315.xoutput"],"id":171,"resource":"2048","request_start":1576628608122,"request_end":1576628620431,"request_duration":12309,"type":"2048"}
{"start":1576628616571,"end":1576628620440,"duration":3869,"downloading_duration":1050,"execution_duration":2183,"uploading_duration":636,"executable":"ellipsoids-openmp","args":["3.dat","332.log","332.xoutput"],"id":188,"resource":"2048","request_start":1576628608130,"request_end":1576628620458,"request_duration":12328,"type":"2048"}
{"start":1576628616557,"end":1576628620451,"duration":3894,"downloading_duration":1057,"execution_duration":2247,"uploading_duration":590,"executable":"ellipsoids-openmp","args":["3.dat","331.log","331.xoutput"],"id":187,"resource":"2048","request_start":1576628608130,"request_end":1576628620469,"request_duration":12339,"type":"2048"}
{"start":1576628616652,"end":1576628620463,"duration":3811,"downloading_duration":1002,"execution_duration":2214,"uploading_duration":595,"executable":"ellipsoids-openmp","args":["3.dat","339.log","339.xoutput"],"id":195,"resource":"2048","request_start":1576628608134,"request_end":1576628620480,"request_duration":12346,"type":"2048"}
{"start":1576628616596,"end":1576628620479,"duration":3883,"downloading_duration":1143,"execution_duration":2113,"uploading_duration":627,"executable":"ellipsoids-openmp","args":["3.dat","334.log","334.xoutput"],"id":190,"resource":"2048","request_start":1576628608131,"request_end":1576628620500,"request_duration":12369,"type":"2048"}
{"start":1576628616769,"end":1576628620518,"duration":3749,"downloading_duration":1021,"execution_duration":2104,"uploading_duration":624,"executable":"ellipsoids-openmp","args":["3.dat","342.log","342.xoutput"],"id":198,"resource":"2048","request_start":1576628608135,"request_end":1576628620535,"request_duration":12400,"type":"2048"}
{"start":1576628616590,"end":1576628620547,"duration":3957,"downloading_duration":1064,"execution_duration":2328,"uploading_duration":565,"executable":"ellipsoids-openmp","args":["3.dat","333.log","333.xoutput"],"id":189,"resource":"2048","request_start":1576628608131,"request_end":1576628620566,"request_duration":12435,"type":"2048"}
{"start":1576628616618,"end":1576628620549,"duration":3931,"downloading_duration":996,"execution_duration":2094,"uploading_duration":841,"executable":"ellipsoids-openmp","args":["3.dat","336.log","336.xoutput"],"id":192,"resource":"2048","request_start":1576628608132,"request_end":1576628620573,"request_duration":12441,"type":"2048"}
{"start":1576628616619,"end":1576628620559,"duration":3940,"downloading_duration":1036,"execution_duration":2306,"uploading_duration":598,"executable":"ellipsoids-openmp","args":["3.dat","337.log","337.xoutput"],"id":193,"resource":"2048","request_start":1576628608133,"request_end":1576628620581,"request_duration":12448,"type":"2048"}
{"start":1576628616790,"end":1576628620580,"duration":3790,"downloading_duration":989,"execution_duration":2209,"uploading_duration":592,"executable":"ellipsoids-openmp","args":["3.dat","343.log","343.xoutput"],"id":199,"resource":"2048","request_start":1576628608136,"request_end":1576628620601,"request_duration":12465,"type":"2048"}
{"start":1576628616842,"end":1576628620587,"duration":3745,"downloading_duration":1011,"execution_duration":2156,"uploading_duration":578,"executable":"ellipsoids-openmp","args":["3.dat","347.log","347.xoutput"],"id":203,"resource":"2048","request_start":1576628608138,"request_end":1576628620607,"request_duration":12469,"type":"2048"}
{"start":1576628616750,"end":1576628620647,"duration":3897,"downloading_duration":1069,"execution_duration":2216,"uploading_duration":612,"executable":"ellipsoids-openmp","args":["3.dat","341.log","341.xoutput"],"id":197,"resource":"2048","request_start":1576628608135,"request_end":1576628620666,"request_duration":12531,"type":"2048"}
{"start":1576628616723,"end":1576628620720,"duration":3997,"downloading_duration":1175,"execution_duration":2259,"uploading_duration":563,"executable":"ellipsoids-openmp","args":["3.dat","340.log","340.xoutput"],"id":196,"resource":"2048","request_start":1576628608134,"request_end":1576628620740,"request_duration":12606,"type":"2048"}
{"start":1576628616800,"end":1576628620777,"duration":3977,"downloading_duration":1208,"execution_duration":2171,"uploading_duration":598,"executable":"ellipsoids-openmp","args":["3.dat","344.log","344.xoutput"],"id":200,"resource":"2048","request_start":1576628608136,"request_end":1576628620801,"request_duration":12665,"type":"2048"}
{"start":1576628616916,"end":1576628620795,"duration":3879,"downloading_duration":1009,"execution_duration":2282,"uploading_duration":588,"executable":"ellipsoids-openmp","args":["3.dat","348.log","348.xoutput"],"id":204,"resource":"2048","request_start":1576628608138,"request_end":1576628620813,"request_duration":12675,"type":"2048"}
{"start":1576628616972,"end":1576628620879,"duration":3907,"downloading_duration":1087,"execution_duration":2202,"uploading_duration":618,"executable":"ellipsoids-openmp","args":["3.dat","349.log","349.xoutput"],"id":205,"resource":"2048","request_start":1576628608139,"request_end":1576628620898,"request_duration":12759,"type":"2048"}
{"start":1576628616831,"end":1576628620917,"duration":4086,"downloading_duration":1292,"execution_duration":2227,"uploading_duration":567,"executable":"ellipsoids-openmp","args":["3.dat","346.log","346.xoutput"],"id":202,"resource":"2048","request_start":1576628608137,"request_end":1576628620936,"request_duration":12799,"type":"2048"}
{"start":1576628616816,"end":1576628621090,"duration":4274,"downloading_duration":1003,"execution_duration":2587,"uploading_duration":684,"executable":"ellipsoids-openmp","args":["3.dat","345.log","345.xoutput"],"id":201,"resource":"2048","request_start":1576628608137,"request_end":1576628621110,"request_duration":12973,"type":"2048"}
{"start":1576628616484,"end":1576628621200,"duration":4716,"downloading_duration":1000,"execution_duration":2129,"uploading_duration":1587,"executable":"ellipsoids-openmp","args":["3.dat","322.log","322.xoutput"],"id":178,"resource":"2048","request_start":1576628608125,"request_end":1576628621221,"request_duration":13096,"type":"2048"}
{"start":1576628618648,"end":1576628622046,"duration":3398,"downloading_duration":1082,"execution_duration":1724,"uploading_duration":592,"executable":"ellipsoids-openmp","args":["2.dat","20.log","20.xoutput"],"id":106,"resource":"2048","request_start":1576628608147,"request_end":1576628622066,"request_duration":13919,"type":"2048"}
{"start":1576628619678,"end":1576628623490,"duration":3812,"downloading_duration":1004,"execution_duration":2242,"uploading_duration":566,"executable":"ellipsoids-openmp","args":["2.dat","21.log","21.xoutput"],"id":107,"resource":"2048","request_start":1576628608148,"request_end":1576628623510,"request_duration":15362,"type":"2048"}
{"start":1576628619810,"end":1576628623597,"duration":3787,"downloading_duration":990,"execution_duration":2231,"uploading_duration":566,"executable":"ellipsoids-openmp","args":["2.dat","22.log","22.xoutput"],"id":108,"resource":"2048","request_start":1576628608148,"request_end":1576628623616,"request_duration":15468,"type":"2048"}
{"start":1576628622098,"end":1576628623619,"duration":1521,"downloading_duration":1144,"execution_duration":4,"uploading_duration":373,"executable":"mean-pack-ell","args":["00.xoutput","01.xoutput","02.xoutput","03.xoutput","04.xoutput","05.xoutput","06.xoutput","07.xoutput","08.xoutput","09.xoutput","010.xoutput","011.xoutput","012.xoutput","013.xoutput","014.xoutput","015.xoutput","016.xoutput","017.xoutput","018.xoutput","019.xoutput","020.xoutput","021.xoutput","022.xoutput","023.xoutput","024.xoutput","025.xoutput","026.xoutput","027.xoutput","028.xoutput","029.xoutput","030.xoutput","031.xoutput","032.xoutput","033.xoutput","034.xoutput","035.xoutput","036.xoutput","037.xoutput","038.xoutput","039.xoutput","040.xoutput","041.xoutput","042.xoutput","043.xoutput","044.xoutput","045.xoutput","046.xoutput","047.xoutput","048.xoutput","049.xoutput","average_0.txt"],"id":206,"resource":"2048","request_start":1576628613191,"request_end":1576628623641,"request_duration":10450,"type":"2048"}
{"start":1576628619849,"end":1576628623675,"duration":3826,"downloading_duration":990,"execution_duration":2234,"uploading_duration":602,"executable":"ellipsoids-openmp","args":["2.dat","24.log","24.xoutput"],"id":110,"resource":"2048","request_start":1576628608149,"request_end":1576628623693,"request_duration":15544,"type":"2048"}
{"start":1576628619857,"end":1576628623700,"duration":3843,"downloading_duration":1034,"execution_duration":2186,"uploading_duration":623,"executable":"ellipsoids-openmp","args":["2.dat","25.log","25.xoutput"],"id":111,"resource":"2048","request_start":1576628608150,"request_end":1576628623720,"request_duration":15570,"type":"2048"}
{"start":1576628619871,"end":1576628623751,"duration":3880,"downloading_duration":1014,"execution_duration":2272,"uploading_duration":594,"executable":"ellipsoids-openmp","args":["2.dat","26.log","26.xoutput"],"id":112,"resource":"2048","request_start":1576628608150,"request_end":1576628623770,"request_duration":15620,"type":"2048"}
{"start":1576628619878,"end":1576628623762,"duration":3884,"downloading_duration":986,"execution_duration":2281,"uploading_duration":617,"executable":"ellipsoids-openmp","args":["2.dat","27.log","27.xoutput"],"id":113,"resource":"2048","request_start":1576628608151,"request_end":1576628623780,"request_duration":15629,"type":"2048"}
{"start":1576628619843,"end":1576628623780,"duration":3937,"downloading_duration":1099,"execution_duration":2271,"uploading_duration":567,"executable":"ellipsoids-openmp","args":["2.dat","23.log","23.xoutput"],"id":109,"resource":"2048","request_start":1576628608149,"request_end":1576628623801,"request_duration":15652,"type":"2048"}
{"start":1576628620002,"end":1576628623795,"duration":3793,"downloading_duration":1034,"execution_duration":2199,"uploading_duration":560,"executable":"ellipsoids-openmp","args":["2.dat","29.log","29.xoutput"],"id":115,"resource":"2048","request_start":1576628608152,"request_end":1576628623815,"request_duration":15663,"type":"2048"}
{"start":1576628619887,"end":1576628623837,"duration":3950,"downloading_duration":1084,"execution_duration":2244,"uploading_duration":622,"executable":"ellipsoids-openmp","args":["2.dat","28.log","28.xoutput"],"id":114,"resource":"2048","request_start":1576628608151,"request_end":1576628623860,"request_duration":15709,"type":"2048"}
{"start":1576628620007,"end":1576628623916,"duration":3909,"downloading_duration":1128,"execution_duration":2201,"uploading_duration":580,"executable":"ellipsoids-openmp","args":["2.dat","210.log","210.xoutput"],"id":116,"resource":"2048","request_start":1576628608152,"request_end":1576628623935,"request_duration":15783,"type":"2048"}
{"start":1576628620093,"end":1576628623941,"duration":3848,"downloading_duration":999,"execution_duration":2233,"uploading_duration":616,"executable":"ellipsoids-openmp","args":["2.dat","212.log","212.xoutput"],"id":118,"resource":"2048","request_start":1576628608153,"request_end":1576628623960,"request_duration":15807,"type":"2048"}
{"start":1576628620071,"end":1576628623947,"duration":3876,"downloading_duration":987,"execution_duration":2285,"uploading_duration":604,"executable":"ellipsoids-openmp","args":["2.dat","211.log","211.xoutput"],"id":117,"resource":"2048","request_start":1576628608153,"request_end":1576628623965,"request_duration":15812,"type":"2048"}
{"start":1576628620173,"end":1576628624040,"duration":3867,"downloading_duration":1079,"execution_duration":2225,"uploading_duration":563,"executable":"ellipsoids-openmp","args":["2.dat","213.log","213.xoutput"],"id":119,"resource":"2048","request_start":1576628608154,"request_end":1576628624057,"request_duration":15903,"type":"2048"}
{"start":1576628620255,"end":1576628624047,"duration":3792,"downloading_duration":998,"execution_duration":2192,"uploading_duration":602,"executable":"ellipsoids-openmp","args":["2.dat","217.log","217.xoutput"],"id":123,"resource":"2048","request_start":1576628608156,"request_end":1576628624071,"request_duration":15915,"type":"2048"}
{"start":1576628620216,"end":1576628624059,"duration":3843,"downloading_duration":1034,"execution_duration":2231,"uploading_duration":578,"executable":"ellipsoids-openmp","args":["2.dat","215.log","215.xoutput"],"id":121,"resource":"2048","request_start":1576628608155,"request_end":1576628624080,"request_duration":15925,"type":"2048"}
{"start":1576628620318,"end":1576628624124,"duration":3806,"downloading_duration":1013,"execution_duration":2178,"uploading_duration":615,"executable":"ellipsoids-openmp","args":["2.dat","220.log","220.xoutput"],"id":126,"resource":"2048","request_start":1576628608158,"request_end":1576628624143,"request_duration":15985,"type":"2048"}
{"start":1576628620346,"end":1576628624127,"duration":3781,"downloading_duration":990,"execution_duration":2171,"uploading_duration":620,"executable":"ellipsoids-openmp","args":["2.dat","222.log","222.xoutput"],"id":128,"resource":"2048","request_start":1576628608159,"request_end":1576628624147,"request_duration":15988,"type":"2048"}
{"start":1576628620348,"end":1576628624143,"duration":3795,"downloading_duration":1008,"execution_duration":2211,"uploading_duration":576,"executable":"ellipsoids-openmp","args":["2.dat","223.log","223.xoutput"],"id":129,"resource":"2048","request_start":1576628608160,"request_end":1576628624162,"request_duration":16002,"type":"2048"}
{"start":1576628620182,"end":1576628624159,"duration":3977,"downloading_duration":1077,"execution_duration":2282,"uploading_duration":618,"executable":"ellipsoids-openmp","args":["2.dat","214.log","214.xoutput"],"id":120,"resource":"2048","request_start":1576628608154,"request_end":1576628624183,"request_duration":16029,"type":"2048"}
{"start":1576628620297,"end":1576628624176,"duration":3879,"downloading_duration":1036,"execution_duration":2234,"uploading_duration":609,"executable":"ellipsoids-openmp","args":["2.dat","219.log","219.xoutput"],"id":125,"resource":"2048","request_start":1576628608157,"request_end":1576628624195,"request_duration":16038,"type":"2048"}
{"start":1576628620355,"end":1576628624191,"duration":3836,"downloading_duration":1019,"execution_duration":2228,"uploading_duration":589,"executable":"ellipsoids-openmp","args":["2.dat","224.log","224.xoutput"],"id":130,"resource":"2048","request_start":1576628608160,"request_end":1576628624213,"request_duration":16053,"type":"2048"}
{"start":1576628620288,"end":1576628624198,"duration":3910,"downloading_duration":1077,"execution_duration":2252,"uploading_duration":581,"executable":"ellipsoids-openmp","args":["2.dat","218.log","218.xoutput"],"id":124,"resource":"2048","request_start":1576628608157,"request_end":1576628624218,"request_duration":16061,"type":"2048"}
{"start":1576628620457,"end":1576628624225,"duration":3768,"downloading_duration":991,"execution_duration":2163,"uploading_duration":614,"executable":"ellipsoids-openmp","args":["2.dat","231.log","231.xoutput"],"id":137,"resource":"2048","request_start":1576628608164,"request_end":1576628624245,"request_duration":16081,"type":"2048"}
{"start":1576628620382,"end":1576628624236,"duration":3854,"downloading_duration":1073,"execution_duration":2175,"uploading_duration":606,"executable":"ellipsoids-openmp","args":["2.dat","227.log","227.xoutput"],"id":133,"resource":"2048","request_start":1576628608162,"request_end":1576628624254,"request_duration":16092,"type":"2048"}
{"start":1576628620369,"end":1576628624244,"duration":3875,"downloading_duration":1076,"execution_duration":2232,"uploading_duration":567,"executable":"ellipsoids-openmp","args":["2.dat","225.log","225.xoutput"],"id":131,"resource":"2048","request_start":1576628608161,"request_end":1576628624267,"request_duration":16106,"type":"2048"}
{"start":1576628620336,"end":1576628624245,"duration":3909,"downloading_duration":1030,"execution_duration":2297,"uploading_duration":582,"executable":"ellipsoids-openmp","args":["2.dat","221.log","221.xoutput"],"id":127,"resource":"2048","request_start":1576628608158,"request_end":1576628624268,"request_duration":16110,"type":"2048"}
{"start":1576628620481,"end":1576628624250,"duration":3769,"downloading_duration":979,"execution_duration":2201,"uploading_duration":589,"executable":"ellipsoids-openmp","args":["2.dat","232.log","232.xoutput"],"id":138,"resource":"2048","request_start":1576628608165,"request_end":1576628624272,"request_duration":16107,"type":"2048"}
{"start":1576628620249,"end":1576628624256,"duration":4007,"downloading_duration":1173,"execution_duration":2223,"uploading_duration":611,"executable":"ellipsoids-openmp","args":["2.dat","216.log","216.xoutput"],"id":122,"resource":"2048","request_start":1576628608155,"request_end":1576628624277,"request_duration":16122,"type":"2048"}
{"start":1576628620456,"end":1576628624263,"duration":3807,"downloading_duration":1033,"execution_duration":2204,"uploading_duration":570,"executable":"ellipsoids-openmp","args":["2.dat","230.log","230.xoutput"],"id":136,"resource":"2048","request_start":1576628608164,"request_end":1576628624285,"request_duration":16121,"type":"2048"}
{"start":1576628620451,"end":1576628624264,"duration":3813,"downloading_duration":1005,"execution_duration":2211,"uploading_duration":597,"executable":"ellipsoids-openmp","args":["2.dat","229.log","229.xoutput"],"id":135,"resource":"2048","request_start":1576628608163,"request_end":1576628624290,"request_duration":16127,"type":"2048"}
{"start":1576628620374,"end":1576628624335,"duration":3961,"downloading_duration":1130,"execution_duration":2261,"uploading_duration":570,"executable":"ellipsoids-openmp","args":["2.dat","226.log","226.xoutput"],"id":132,"resource":"2048","request_start":1576628608161,"request_end":1576628624356,"request_duration":16195,"type":"2048"}
{"start":1576628620409,"end":1576628624382,"duration":3973,"downloading_duration":994,"execution_duration":2295,"uploading_duration":684,"executable":"ellipsoids-openmp","args":["2.dat","228.log","228.xoutput"],"id":134,"resource":"2048","request_start":1576628608163,"request_end":1576628624400,"request_duration":16237,"type":"2048"}
{"start":1576628620525,"end":1576628624411,"duration":3886,"downloading_duration":1036,"execution_duration":2214,"uploading_duration":636,"executable":"ellipsoids-openmp","args":["2.dat","235.log","235.xoutput"],"id":141,"resource":"2048","request_start":1576628608167,"request_end":1576628624431,"request_duration":16264,"type":"2048"}
{"start":1576628620611,"end":1576628624427,"duration":3816,"downloading_duration":983,"execution_duration":2271,"uploading_duration":562,"executable":"ellipsoids-openmp","args":["2.dat","239.log","239.xoutput"],"id":145,"resource":"2048","request_start":1576628608169,"request_end":1576628624445,"request_duration":16276,"type":"2048"}
{"start":1576628620565,"end":1576628624436,"duration":3871,"downloading_duration":1002,"execution_duration":2275,"uploading_duration":594,"executable":"ellipsoids-openmp","args":["2.dat","236.log","236.xoutput"],"id":142,"resource":"2048","request_start":1576628608167,"request_end":1576628624455,"request_duration":16288,"type":"2048"}
{"start":1576628620590,"end":1576628624450,"duration":3860,"downloading_duration":1035,"execution_duration":2210,"uploading_duration":615,"executable":"ellipsoids-openmp","args":["2.dat","237.log","237.xoutput"],"id":143,"resource":"2048","request_start":1576628608168,"request_end":1576628624472,"request_duration":16304,"type":"2048"}
{"start":1576628620602,"end":1576628624481,"duration":3879,"downloading_duration":1000,"execution_duration":2249,"uploading_duration":630,"executable":"ellipsoids-openmp","args":["2.dat","238.log","238.xoutput"],"id":144,"resource":"2048","request_start":1576628608168,"request_end":1576628624500,"request_duration":16332,"type":"2048"}
{"start":1576628620639,"end":1576628624500,"duration":3861,"downloading_duration":1084,"execution_duration":2221,"uploading_duration":556,"executable":"ellipsoids-openmp","args":["2.dat","241.log","241.xoutput"],"id":147,"resource":"2048","request_start":1576628608175,"request_end":1576628624520,"request_duration":16345,"type":"2048"}
{"start":1576628620515,"end":1576628624523,"duration":4008,"downloading_duration":1088,"execution_duration":2294,"uploading_duration":626,"executable":"ellipsoids-openmp","args":["2.dat","234.log","234.xoutput"],"id":140,"resource":"2048","request_start":1576628608166,"request_end":1576628624547,"request_duration":16381,"type":"2048"}
{"start":1576628620694,"end":1576628624562,"duration":3868,"downloading_duration":1006,"execution_duration":2247,"uploading_duration":615,"executable":"ellipsoids-openmp","args":["2.dat","242.log","242.xoutput"],"id":148,"resource":"2048","request_start":1576628608175,"request_end":1576628624580,"request_duration":16405,"type":"2048"}
{"start":1576628620497,"end":1576628624567,"duration":4070,"downloading_duration":1083,"execution_duration":2275,"uploading_duration":712,"executable":"ellipsoids-openmp","args":["2.dat","233.log","233.xoutput"],"id":139,"resource":"2048","request_start":1576628608166,"request_end":1576628624589,"request_duration":16423,"type":"2048"}
{"start":1576628620767,"end":1576628624648,"duration":3881,"downloading_duration":1013,"execution_duration":2290,"uploading_duration":578,"executable":"ellipsoids-openmp","args":["2.dat","243.log","243.xoutput"],"id":149,"resource":"2048","request_start":1576628608176,"request_end":1576628624678,"request_duration":16502,"type":"2048"}
{"start":1576628620829,"end":1576628624676,"duration":3847,"downloading_duration":979,"execution_duration":2295,"uploading_duration":573,"executable":"ellipsoids-openmp","args":["2.dat","244.log","244.xoutput"],"id":150,"resource":"2048","request_start":1576628608176,"request_end":1576628624704,"request_duration":16528,"type":"2048"}
{"start":1576628620839,"end":1576628624762,"duration":3923,"downloading_duration":1163,"execution_duration":2176,"uploading_duration":584,"executable":"ellipsoids-openmp","args":["2.dat","245.log","245.xoutput"],"id":151,"resource":"2048","request_start":1576628608177,"request_end":1576628624780,"request_duration":16603,"type":"2048"}
{"start":1576628620923,"end":1576628624817,"duration":3894,"downloading_duration":997,"execution_duration":2292,"uploading_duration":605,"executable":"ellipsoids-openmp","args":["2.dat","246.log","246.xoutput"],"id":152,"resource":"2048","request_start":1576628608177,"request_end":1576628624836,"request_duration":16659,"type":"2048"}
{"start":1576628620961,"end":1576628624996,"duration":4035,"downloading_duration":1103,"execution_duration":2341,"uploading_duration":591,"executable":"ellipsoids-openmp","args":["2.dat","247.log","247.xoutput"],"id":153,"resource":"2048","request_start":1576628608178,"request_end":1576628625016,"request_duration":16838,"type":"2048"}
{"start":1576628623543,"end":1576628625084,"duration":1541,"downloading_duration":1144,"execution_duration":4,"uploading_duration":393,"executable":"mean-pack-ell","args":["10.xoutput","11.xoutput","12.xoutput","13.xoutput","14.xoutput","15.xoutput","16.xoutput","17.xoutput","18.xoutput","19.xoutput","110.xoutput","111.xoutput","112.xoutput","113.xoutput","114.xoutput","115.xoutput","116.xoutput","117.xoutput","118.xoutput","119.xoutput","120.xoutput","121.xoutput","122.xoutput","123.xoutput","124.xoutput","125.xoutput","126.xoutput","127.xoutput","128.xoutput","129.xoutput","130.xoutput","131.xoutput","132.xoutput","133.xoutput","134.xoutput","135.xoutput","136.xoutput","137.xoutput","138.xoutput","139.xoutput","140.xoutput","141.xoutput","142.xoutput","143.xoutput","144.xoutput","145.xoutput","146.xoutput","147.xoutput","148.xoutput","149.xoutput","average_1.txt"],"id":207,"resource":"2048","request_start":1576628616964,"request_end":1576628625103,"request_duration":8139,"type":"2048"}
{"start":1576628623647,"end":1576628625148,"duration":1501,"downloading_duration":1125,"execution_duration":3,"uploading_duration":373,"executable":"mean-pack-ell","args":["30.xoutput","31.xoutput","32.xoutput","33.xoutput","34.xoutput","35.xoutput","36.xoutput","37.xoutput","38.xoutput","39.xoutput","310.xoutput","311.xoutput","312.xoutput","313.xoutput","314.xoutput","315.xoutput","316.xoutput","317.xoutput","318.xoutput","319.xoutput","320.xoutput","321.xoutput","322.xoutput","323.xoutput","324.xoutput","325.xoutput","326.xoutput","327.xoutput","328.xoutput","329.xoutput","330.xoutput","331.xoutput","332.xoutput","333.xoutput","334.xoutput","335.xoutput","336.xoutput","337.xoutput","338.xoutput","339.xoutput","340.xoutput","341.xoutput","342.xoutput","343.xoutput","344.xoutput","345.xoutput","346.xoutput","347.xoutput","348.xoutput","349.xoutput","average_3.txt"],"id":209,"resource":"2048","request_start":1576628621235,"request_end":1576628625171,"request_duration":3936,"type":"2048"}
{"start":1576628621136,"end":1576628625176,"duration":4040,"downloading_duration":1073,"execution_duration":2358,"uploading_duration":609,"executable":"ellipsoids-openmp","args":["2.dat","248.log","248.xoutput"],"id":154,"resource":"2048","request_start":1576628608178,"request_end":1576628625314,"request_duration":17136,"type":"2048"}
{"start":1576628621245,"end":1576628625178,"duration":3933,"downloading_duration":985,"execution_duration":2350,"uploading_duration":598,"executable":"ellipsoids-openmp","args":["2.dat","249.log","249.xoutput"],"id":155,"resource":"2048","request_start":1576628608179,"request_end":1576628625317,"request_duration":17138,"type":"2048"}
{"start":1576628620628,"end":1576628625623,"duration":4995,"downloading_duration":2046,"execution_duration":2360,"uploading_duration":589,"executable":"ellipsoids-openmp","args":["2.dat","240.log","240.xoutput"],"id":146,"resource":"2048","request_start":1576628608171,"request_end":1576628625643,"request_duration":17472,"type":"2048"}
{"start":1576628625865,"end":1576628627398,"duration":1533,"downloading_duration":1142,"execution_duration":3,"uploading_duration":388,"executable":"mean-pack-ell","args":["20.xoutput","21.xoutput","22.xoutput","23.xoutput","24.xoutput","25.xoutput","26.xoutput","27.xoutput","28.xoutput","29.xoutput","210.xoutput","211.xoutput","212.xoutput","213.xoutput","214.xoutput","215.xoutput","216.xoutput","217.xoutput","218.xoutput","219.xoutput","220.xoutput","221.xoutput","222.xoutput","223.xoutput","224.xoutput","225.xoutput","226.xoutput","227.xoutput","228.xoutput","229.xoutput","230.xoutput","231.xoutput","232.xoutput","233.xoutput","234.xoutput","235.xoutput","236.xoutput","237.xoutput","238.xoutput","239.xoutput","240.xoutput","241.xoutput","242.xoutput","243.xoutput","244.xoutput","245.xoutput","246.xoutput","247.xoutput","248.xoutput","249.xoutput","average_2.txt"],"id":208,"resource":"2048","request_start":1576628625663,"request_end":1576628627420,"request_duration":1757,"type":"2048"}
{"start":1576628627584,"end":1576628628455,"duration":871,"downloading_duration":397,"execution_duration":67,"uploading_duration":407,"executable":"summary.js","args":[],"id":210,"resource":"2048","request_start":1576628627427,"request_end":1576628628473,"request_duration":1046,"type":"2048"}
