{"start":1576628629149,"end":1576628630086,"duration":937,"downloading_duration":438,"execution_duration":65,"uploading_duration":434,"executable":"generateData.js","args":[],"id":1,"resource":"2048","request_start":1576628628988,"request_end":1576628630116,"request_duration":1128,"type":"2048"}
{"start":1576628630313,"end":1576628631124,"duration":811,"downloading_duration":374,"execution_duration":62,"uploading_duration":375,"executable":"createDat.js","args":["0.dat"],"id":2,"resource":"2048","request_start":1576628630129,"request_end":1576628631141,"request_duration":1012,"type":"2048"}
{"start":1576628630317,"end":1576628631145,"duration":828,"downloading_duration":382,"execution_duration":61,"uploading_duration":385,"executable":"createDat.js","args":["1.dat"],"id":3,"resource":"2048","request_start":1576628630133,"request_end":1576628631168,"request_duration":1035,"type":"2048"}
{"start":1576628630319,"end":1576628631155,"duration":836,"downloading_duration":394,"execution_duration":62,"uploading_duration":380,"executable":"createDat.js","args":["3.dat"],"id":5,"resource":"2048","request_start":1576628630140,"request_end":1576628631184,"request_duration":1044,"type":"2048"}
{"start":1576628630320,"end":1576628631177,"duration":857,"downloading_duration":384,"execution_duration":63,"uploading_duration":410,"executable":"createDat.js","args":["2.dat"],"id":4,"resource":"2048","request_start":1576628630137,"request_end":1576628631301,"request_duration":1164,"type":"2048"}
{"start":1576628631555,"end":1576628634914,"duration":3359,"downloading_duration":995,"execution_duration":1771,"uploading_duration":593,"executable":"ellipsoids-openmp","args":["0.dat","04.log","04.xoutput"],"id":10,"resource":"2048","request_start":1576628631190,"request_end":1576628634952,"request_duration":3762,"type":"2048"}
{"start":1576628631337,"end":1576628635322,"duration":3985,"downloading_duration":1026,"execution_duration":2331,"uploading_duration":628,"executable":"ellipsoids-openmp","args":["0.dat","03.log","03.xoutput"],"id":9,"resource":"2048","request_start":1576628631244,"request_end":1576628635342,"request_duration":4098,"type":"2048"}
{"start":1576628631576,"end":1576628635397,"duration":3821,"downloading_duration":999,"execution_duration":2234,"uploading_duration":588,"executable":"ellipsoids-openmp","args":["0.dat","019.log","019.xoutput"],"id":25,"resource":"2048","request_start":1576628631212,"request_end":1576628635416,"request_duration":4204,"type":"2048"}
{"start":1576628631635,"end":1576628635444,"duration":3809,"downloading_duration":1001,"execution_duration":2249,"uploading_duration":559,"executable":"ellipsoids-openmp","args":["0.dat","034.log","034.xoutput"],"id":40,"resource":"2048","request_start":1576628631227,"request_end":1576628635464,"request_duration":4237,"type":"2048"}
{"start":1576628631578,"end":1576628635448,"duration":3870,"downloading_duration":1001,"execution_duration":2302,"uploading_duration":567,"executable":"ellipsoids-openmp","args":["0.dat","021.log","021.xoutput"],"id":27,"resource":"2048","request_start":1576628631214,"request_end":1576628635467,"request_duration":4253,"type":"2048"}
{"start":1576628631577,"end":1576628635458,"duration":3881,"downloading_duration":1078,"execution_duration":2184,"uploading_duration":619,"executable":"ellipsoids-openmp","args":["0.dat","018.log","018.xoutput"],"id":24,"resource":"2048","request_start":1576628631211,"request_end":1576628635481,"request_duration":4270,"type":"2048"}
{"start":1576628631583,"end":1576628635459,"duration":3876,"downloading_duration":995,"execution_duration":2319,"uploading_duration":562,"executable":"ellipsoids-openmp","args":["0.dat","020.log","020.xoutput"],"id":26,"resource":"2048","request_start":1576628631213,"request_end":1576628635483,"request_duration":4270,"type":"2048"}
{"start":1576628631556,"end":1576628635487,"duration":3931,"downloading_duration":1020,"execution_duration":2325,"uploading_duration":586,"executable":"ellipsoids-openmp","args":["0.dat","06.log","06.xoutput"],"id":12,"resource":"2048","request_start":1576628631194,"request_end":1576628635505,"request_duration":4311,"type":"2048"}
{"start":1576628631625,"end":1576628635490,"duration":3865,"downloading_duration":1000,"execution_duration":2302,"uploading_duration":563,"executable":"ellipsoids-openmp","args":["0.dat","036.log","036.xoutput"],"id":42,"resource":"2048","request_start":1576628631228,"request_end":1576628635513,"request_duration":4285,"type":"2048"}
{"start":1576628631624,"end":1576628635490,"duration":3866,"downloading_duration":1002,"execution_duration":2290,"uploading_duration":574,"executable":"ellipsoids-openmp","args":["0.dat","035.log","035.xoutput"],"id":41,"resource":"2048","request_start":1576628631227,"request_end":1576628635515,"request_duration":4288,"type":"2048"}
{"start":1576628631664,"end":1576628635494,"duration":3830,"downloading_duration":991,"execution_duration":2282,"uploading_duration":557,"executable":"ellipsoids-openmp","args":["0.dat","040.log","040.xoutput"],"id":46,"resource":"2048","request_start":1576628631233,"request_end":1576628635517,"request_duration":4284,"type":"2048"}
{"start":1576628631631,"end":1576628635507,"duration":3876,"downloading_duration":993,"execution_duration":2302,"uploading_duration":581,"executable":"ellipsoids-openmp","args":["0.dat","041.log","041.xoutput"],"id":47,"resource":"2048","request_start":1576628631234,"request_end":1576628635528,"request_duration":4294,"type":"2048"}
{"start":1576628631631,"end":1576628635507,"duration":3876,"downloading_duration":1039,"execution_duration":2287,"uploading_duration":550,"executable":"ellipsoids-openmp","args":["0.dat","043.log","043.xoutput"],"id":49,"resource":"2048","request_start":1576628631236,"request_end":1576628635530,"request_duration":4294,"type":"2048"}
{"start":1576628631680,"end":1576628635509,"duration":3829,"downloading_duration":993,"execution_duration":2272,"uploading_duration":564,"executable":"ellipsoids-openmp","args":["0.dat","01.log","01.xoutput"],"id":7,"resource":"2048","request_start":1576628631242,"request_end":1576628635531,"request_duration":4289,"type":"2048"}
{"start":1576628631578,"end":1576628635518,"duration":3940,"downloading_duration":1001,"execution_duration":2335,"uploading_duration":604,"executable":"ellipsoids-openmp","args":["0.dat","022.log","022.xoutput"],"id":28,"resource":"2048","request_start":1576628631215,"request_end":1576628635537,"request_duration":4322,"type":"2048"}
{"start":1576628631565,"end":1576628635517,"duration":3952,"downloading_duration":1027,"execution_duration":2319,"uploading_duration":606,"executable":"ellipsoids-openmp","args":["0.dat","08.log","08.xoutput"],"id":14,"resource":"2048","request_start":1576628631197,"request_end":1576628635539,"request_duration":4342,"type":"2048"}
{"start":1576628631575,"end":1576628635520,"duration":3945,"downloading_duration":1037,"execution_duration":2303,"uploading_duration":605,"executable":"ellipsoids-openmp","args":["0.dat","024.log","024.xoutput"],"id":30,"resource":"2048","request_start":1576628631217,"request_end":1576628635543,"request_duration":4326,"type":"2048"}
{"start":1576628631556,"end":1576628635519,"duration":3963,"downloading_duration":1004,"execution_duration":2326,"uploading_duration":633,"executable":"ellipsoids-openmp","args":["0.dat","07.log","07.xoutput"],"id":13,"resource":"2048","request_start":1576628631195,"request_end":1576628635545,"request_duration":4350,"type":"2048"}
{"start":1576628631560,"end":1576628635531,"duration":3971,"downloading_duration":1005,"execution_duration":2353,"uploading_duration":613,"executable":"ellipsoids-openmp","args":["0.dat","012.log","012.xoutput"],"id":18,"resource":"2048","request_start":1576628631202,"request_end":1576628635553,"request_duration":4351,"type":"2048"}
{"start":1576628631631,"end":1576628635542,"duration":3911,"downloading_duration":1063,"execution_duration":2292,"uploading_duration":556,"executable":"ellipsoids-openmp","args":["0.dat","044.log","044.xoutput"],"id":50,"resource":"2048","request_start":1576628631237,"request_end":1576628635563,"request_duration":4326,"type":"2048"}
{"start":1576628631555,"end":1576628635549,"duration":3994,"downloading_duration":1075,"execution_duration":2334,"uploading_duration":585,"executable":"ellipsoids-openmp","args":["0.dat","05.log","05.xoutput"],"id":11,"resource":"2048","request_start":1576628631192,"request_end":1576628635569,"request_duration":4377,"type":"2048"}
{"start":1576628631559,"end":1576628635548,"duration":3989,"downloading_duration":998,"execution_duration":2335,"uploading_duration":656,"executable":"ellipsoids-openmp","args":["0.dat","010.log","010.xoutput"],"id":16,"resource":"2048","request_start":1576628631200,"request_end":1576628635570,"request_duration":4370,"type":"2048"}
{"start":1576628631568,"end":1576628635552,"duration":3984,"downloading_duration":1074,"execution_duration":2307,"uploading_duration":603,"executable":"ellipsoids-openmp","args":["0.dat","017.log","017.xoutput"],"id":23,"resource":"2048","request_start":1576628631210,"request_end":1576628635576,"request_duration":4366,"type":"2048"}
{"start":1576628631624,"end":1576628635562,"duration":3938,"downloading_duration":1015,"execution_duration":2334,"uploading_duration":589,"executable":"ellipsoids-openmp","args":["0.dat","038.log","038.xoutput"],"id":44,"resource":"2048","request_start":1576628631230,"request_end":1576628635585,"request_duration":4355,"type":"2048"}
{"start":1576628631629,"end":1576628635582,"duration":3953,"downloading_duration":1088,"execution_duration":2286,"uploading_duration":579,"executable":"ellipsoids-openmp","args":["0.dat","037.log","037.xoutput"],"id":43,"resource":"2048","request_start":1576628631229,"request_end":1576628635602,"request_duration":4373,"type":"2048"}
{"start":1576628631561,"end":1576628635584,"duration":4023,"downloading_duration":995,"execution_duration":2306,"uploading_duration":722,"executable":"ellipsoids-openmp","args":["0.dat","016.log","016.xoutput"],"id":22,"resource":"2048","request_start":1576628631209,"request_end":1576628635608,"request_duration":4399,"type":"2048"}
{"start":1576628631626,"end":1576628635584,"duration":3958,"downloading_duration":999,"execution_duration":2318,"uploading_duration":641,"executable":"ellipsoids-openmp","args":["0.dat","032.log","032.xoutput"],"id":38,"resource":"2048","request_start":1576628631224,"request_end":1576628635609,"request_duration":4385,"type":"2048"}
{"start":1576628631558,"end":1576628635596,"duration":4038,"downloading_duration":1102,"execution_duration":2342,"uploading_duration":594,"executable":"ellipsoids-openmp","args":["0.dat","09.log","09.xoutput"],"id":15,"resource":"2048","request_start":1576628631198,"request_end":1576628635616,"request_duration":4418,"type":"2048"}
{"start":1576628631671,"end":1576628635617,"duration":3946,"downloading_duration":1079,"execution_duration":2261,"uploading_duration":606,"executable":"ellipsoids-openmp","args":["0.dat","049.log","049.xoutput"],"id":55,"resource":"2048","request_start":1576628631241,"request_end":1576628635635,"request_duration":4394,"type":"2048"}
{"start":1576628631644,"end":1576628635623,"duration":3979,"downloading_duration":1071,"execution_duration":2318,"uploading_duration":590,"executable":"ellipsoids-openmp","args":["0.dat","033.log","033.xoutput"],"id":39,"resource":"2048","request_start":1576628631225,"request_end":1576628635641,"request_duration":4416,"type":"2048"}
{"start":1576628631680,"end":1576628635633,"duration":3953,"downloading_duration":1076,"execution_duration":2314,"uploading_duration":563,"executable":"ellipsoids-openmp","args":["0.dat","046.log","046.xoutput"],"id":52,"resource":"2048","request_start":1576628631238,"request_end":1576628635653,"request_duration":4415,"type":"2048"}
{"start":1576628631576,"end":1576628635638,"duration":4062,"downloading_duration":1098,"execution_duration":2359,"uploading_duration":605,"executable":"ellipsoids-openmp","args":["0.dat","015.log","015.xoutput"],"id":21,"resource":"2048","request_start":1576628631208,"request_end":1576628635659,"request_duration":4451,"type":"2048"}
{"start":1576628631619,"end":1576628635639,"duration":4020,"downloading_duration":1068,"execution_duration":2267,"uploading_duration":685,"executable":"ellipsoids-openmp","args":["0.dat","029.log","029.xoutput"],"id":35,"resource":"2048","request_start":1576628631221,"request_end":1576628635662,"request_duration":4441,"type":"2048"}
{"start":1576628631563,"end":1576628635650,"duration":4087,"downloading_duration":1047,"execution_duration":2343,"uploading_duration":697,"executable":"ellipsoids-openmp","args":["0.dat","011.log","011.xoutput"],"id":17,"resource":"2048","request_start":1576628631201,"request_end":1576628635669,"request_duration":4468,"type":"2048"}
{"start":1576628631575,"end":1576628635654,"duration":4079,"downloading_duration":1016,"execution_duration":2350,"uploading_duration":713,"executable":"ellipsoids-openmp","args":["0.dat","014.log","014.xoutput"],"id":20,"resource":"2048","request_start":1576628631204,"request_end":1576628635675,"request_duration":4471,"type":"2048"}
{"start":1576628631574,"end":1576628635658,"duration":4084,"downloading_duration":1041,"execution_duration":2411,"uploading_duration":632,"executable":"ellipsoids-openmp","args":["0.dat","013.log","013.xoutput"],"id":19,"resource":"2048","request_start":1576628631203,"request_end":1576628635683,"request_duration":4480,"type":"2048"}
{"start":1576628631675,"end":1576628635661,"duration":3986,"downloading_duration":1039,"execution_duration":2282,"uploading_duration":665,"executable":"ellipsoids-openmp","args":["0.dat","00.log","00.xoutput"],"id":6,"resource":"2048","request_start":1576628631242,"request_end":1576628635686,"request_duration":4444,"type":"2048"}
{"start":1576628631624,"end":1576628635664,"duration":4040,"downloading_duration":1152,"execution_duration":2282,"uploading_duration":606,"executable":"ellipsoids-openmp","args":["0.dat","039.log","039.xoutput"],"id":45,"resource":"2048","request_start":1576628631232,"request_end":1576628635689,"request_duration":4457,"type":"2048"}
{"start":1576628631670,"end":1576628635668,"duration":3998,"downloading_duration":1005,"execution_duration":2362,"uploading_duration":631,"executable":"ellipsoids-openmp","args":["0.dat","047.log","047.xoutput"],"id":53,"resource":"2048","request_start":1576628631239,"request_end":1576628635691,"request_duration":4452,"type":"2048"}
{"start":1576628631630,"end":1576628635669,"duration":4039,"downloading_duration":1163,"execution_duration":2321,"uploading_duration":555,"executable":"ellipsoids-openmp","args":["0.dat","042.log","042.xoutput"],"id":48,"resource":"2048","request_start":1576628631235,"request_end":1576628635695,"request_duration":4460,"type":"2048"}
{"start":1576628631816,"end":1576628635672,"duration":3856,"downloading_duration":1050,"execution_duration":2240,"uploading_duration":566,"executable":"ellipsoids-openmp","args":["0.dat","027.log","027.xoutput"],"id":33,"resource":"2048","request_start":1576628631220,"request_end":1576628635702,"request_duration":4482,"type":"2048"}
{"start":1576628631635,"end":1576628635675,"duration":4040,"downloading_duration":1087,"execution_duration":2300,"uploading_duration":653,"executable":"ellipsoids-openmp","args":["0.dat","045.log","045.xoutput"],"id":51,"resource":"2048","request_start":1576628631237,"request_end":1576628635709,"request_duration":4472,"type":"2048"}
{"start":1576628631662,"end":1576628635682,"duration":4020,"downloading_duration":1122,"execution_duration":2301,"uploading_duration":597,"executable":"ellipsoids-openmp","args":["0.dat","048.log","048.xoutput"],"id":54,"resource":"2048","request_start":1576628631240,"request_end":1576628635714,"request_duration":4474,"type":"2048"}
{"start":1576628631801,"end":1576628635688,"duration":3887,"downloading_duration":984,"execution_duration":2311,"uploading_duration":592,"executable":"ellipsoids-openmp","args":["0.dat","030.log","030.xoutput"],"id":36,"resource":"2048","request_start":1576628631222,"request_end":1576628635723,"request_duration":4501,"type":"2048"}
{"start":1576628631804,"end":1576628635708,"duration":3904,"downloading_duration":999,"execution_duration":2312,"uploading_duration":593,"executable":"ellipsoids-openmp","args":["0.dat","028.log","028.xoutput"],"id":34,"resource":"2048","request_start":1576628631221,"request_end":1576628635737,"request_duration":4516,"type":"2048"}
{"start":1576628631676,"end":1576628635713,"duration":4037,"downloading_duration":1072,"execution_duration":2331,"uploading_duration":634,"executable":"ellipsoids-openmp","args":["0.dat","02.log","02.xoutput"],"id":8,"resource":"2048","request_start":1576628631243,"request_end":1576628635740,"request_duration":4497,"type":"2048"}
{"start":1576628631578,"end":1576628635752,"duration":4174,"downloading_duration":1035,"execution_duration":2322,"uploading_duration":817,"executable":"ellipsoids-openmp","args":["0.dat","023.log","023.xoutput"],"id":29,"resource":"2048","request_start":1576628631216,"request_end":1576628635771,"request_duration":4555,"type":"2048"}
{"start":1576628631807,"end":1576628635811,"duration":4004,"downloading_duration":1011,"execution_duration":2318,"uploading_duration":675,"executable":"ellipsoids-openmp","args":["0.dat","031.log","031.xoutput"],"id":37,"resource":"2048","request_start":1576628631223,"request_end":1576628635830,"request_duration":4607,"type":"2048"}
{"start":1576628631807,"end":1576628635930,"duration":4123,"downloading_duration":1031,"execution_duration":2307,"uploading_duration":785,"executable":"ellipsoids-openmp","args":["0.dat","025.log","025.xoutput"],"id":31,"resource":"2048","request_start":1576628631218,"request_end":1576628636028,"request_duration":4810,"type":"2048"}
{"start":1576628631807,"end":1576628636186,"duration":4379,"downloading_duration":1037,"execution_duration":2333,"uploading_duration":1009,"executable":"ellipsoids-openmp","args":["0.dat","026.log","026.xoutput"],"id":32,"resource":"2048","request_start":1576628631219,"request_end":1576628636206,"request_duration":4987,"type":"2048"}
{"start":1576628634977,"end":1576628638301,"duration":3324,"downloading_duration":971,"execution_duration":1755,"uploading_duration":598,"executable":"ellipsoids-openmp","args":["1.dat","144.log","144.xoutput"],"id":100,"resource":"2048","request_start":1576628631348,"request_end":1576628638320,"request_duration":6972,"type":"2048"}
{"start":1576628635372,"end":1576628639019,"duration":3647,"downloading_duration":998,"execution_duration":2069,"uploading_duration":580,"executable":"ellipsoids-openmp","args":["1.dat","145.log","145.xoutput"],"id":101,"resource":"2048","request_start":1576628631349,"request_end":1576628639041,"request_duration":7692,"type":"2048"}
{"start":1576628635442,"end":1576628639151,"duration":3709,"downloading_duration":1084,"execution_duration":2055,"uploading_duration":570,"executable":"ellipsoids-openmp","args":["1.dat","146.log","146.xoutput"],"id":102,"resource":"2048","request_start":1576628631349,"request_end":1576628639171,"request_duration":7822,"type":"2048"}
{"start":1576628635507,"end":1576628639168,"duration":3661,"downloading_duration":981,"execution_duration":2103,"uploading_duration":577,"executable":"ellipsoids-openmp","args":["1.dat","149.log","149.xoutput"],"id":105,"resource":"2048","request_start":1576628631351,"request_end":1576628639189,"request_duration":7838,"type":"2048"}
{"start":1576628635556,"end":1576628639174,"duration":3618,"downloading_duration":997,"execution_duration":2061,"uploading_duration":560,"executable":"ellipsoids-openmp","args":["1.dat","15.log","15.xoutput"],"id":61,"resource":"2048","request_start":1576628631354,"request_end":1576628639195,"request_duration":7841,"type":"2048"}
{"start":1576628635496,"end":1576628639176,"duration":3680,"downloading_duration":998,"execution_duration":2093,"uploading_duration":589,"executable":"ellipsoids-openmp","args":["1.dat","148.log","148.xoutput"],"id":104,"resource":"2048","request_start":1576628631350,"request_end":1576628639197,"request_duration":7847,"type":"2048"}
{"start":1576628635532,"end":1576628639186,"duration":3654,"downloading_duration":1008,"execution_duration":2039,"uploading_duration":607,"executable":"ellipsoids-openmp","args":["1.dat","11.log","11.xoutput"],"id":57,"resource":"2048","request_start":1576628631352,"request_end":1576628639206,"request_duration":7854,"type":"2048"}
{"start":1576628635565,"end":1576628639190,"duration":3625,"downloading_duration":990,"execution_duration":2063,"uploading_duration":572,"executable":"ellipsoids-openmp","args":["1.dat","18.log","18.xoutput"],"id":64,"resource":"2048","request_start":1576628631356,"request_end":1576628639213,"request_duration":7857,"type":"2048"}
{"start":1576628635608,"end":1576628639219,"duration":3611,"downloading_duration":984,"execution_duration":2029,"uploading_duration":598,"executable":"ellipsoids-openmp","args":["1.dat","116.log","116.xoutput"],"id":72,"resource":"2048","request_start":1576628631364,"request_end":1576628639240,"request_duration":7876,"type":"2048"}
{"start":1576628635491,"end":1576628639222,"duration":3731,"downloading_duration":1069,"execution_duration":2105,"uploading_duration":557,"executable":"ellipsoids-openmp","args":["1.dat","147.log","147.xoutput"],"id":103,"resource":"2048","request_start":1576628631350,"request_end":1576628639243,"request_duration":7893,"type":"2048"}
{"start":1576628635558,"end":1576628639256,"duration":3698,"downloading_duration":1027,"execution_duration":2081,"uploading_duration":590,"executable":"ellipsoids-openmp","args":["1.dat","16.log","16.xoutput"],"id":62,"resource":"2048","request_start":1576628631355,"request_end":1576628639276,"request_duration":7921,"type":"2048"}
{"start":1576628635546,"end":1576628639262,"duration":3716,"downloading_duration":1070,"execution_duration":2055,"uploading_duration":591,"executable":"ellipsoids-openmp","args":["1.dat","14.log","14.xoutput"],"id":60,"resource":"2048","request_start":1576628631354,"request_end":1576628639284,"request_duration":7930,"type":"2048"}
{"start":1576628635581,"end":1576628639279,"duration":3698,"downloading_duration":1066,"execution_duration":2050,"uploading_duration":582,"executable":"ellipsoids-openmp","args":["1.dat","112.log","112.xoutput"],"id":68,"resource":"2048","request_start":1576628631361,"request_end":1576628639301,"request_duration":7940,"type":"2048"}
{"start":1576628635589,"end":1576628639286,"duration":3697,"downloading_duration":986,"execution_duration":2145,"uploading_duration":566,"executable":"ellipsoids-openmp","args":["1.dat","113.log","113.xoutput"],"id":69,"resource":"2048","request_start":1576628631362,"request_end":1576628639304,"request_duration":7942,"type":"2048"}
{"start":1576628635632,"end":1576628639287,"duration":3655,"downloading_duration":985,"execution_duration":2106,"uploading_duration":564,"executable":"ellipsoids-openmp","args":["1.dat","118.log","118.xoutput"],"id":74,"resource":"2048","request_start":1576628631365,"request_end":1576628639307,"request_duration":7942,"type":"2048"}
{"start":1576628635556,"end":1576628639287,"duration":3731,"downloading_duration":1072,"execution_duration":2031,"uploading_duration":628,"executable":"ellipsoids-openmp","args":["1.dat","17.log","17.xoutput"],"id":63,"resource":"2048","request_start":1576628631356,"request_end":1576628639310,"request_duration":7954,"type":"2048"}
{"start":1576628635611,"end":1576628639300,"duration":3689,"downloading_duration":984,"execution_duration":2120,"uploading_duration":585,"executable":"ellipsoids-openmp","args":["1.dat","117.log","117.xoutput"],"id":73,"resource":"2048","request_start":1576628631364,"request_end":1576628639319,"request_duration":7955,"type":"2048"}
{"start":1576628635692,"end":1576628639315,"duration":3623,"downloading_duration":991,"execution_duration":2056,"uploading_duration":576,"executable":"ellipsoids-openmp","args":["1.dat","126.log","126.xoutput"],"id":82,"resource":"2048","request_start":1576628631369,"request_end":1576628639337,"request_duration":7968,"type":"2048"}
{"start":1576628635547,"end":1576628639328,"duration":3781,"downloading_duration":1069,"execution_duration":2088,"uploading_duration":624,"executable":"ellipsoids-openmp","args":["1.dat","13.log","13.xoutput"],"id":59,"resource":"2048","request_start":1576628631353,"request_end":1576628639353,"request_duration":8000,"type":"2048"}
{"start":1576628635516,"end":1576628639330,"duration":3814,"downloading_duration":1171,"execution_duration":2003,"uploading_duration":640,"executable":"ellipsoids-openmp","args":["1.dat","10.log","10.xoutput"],"id":56,"resource":"2048","request_start":1576628631351,"request_end":1576628639354,"request_duration":8003,"type":"2048"}
{"start":1576628635541,"end":1576628639345,"duration":3804,"downloading_duration":1063,"execution_duration":2146,"uploading_duration":595,"executable":"ellipsoids-openmp","args":["1.dat","12.log","12.xoutput"],"id":58,"resource":"2048","request_start":1576628631352,"request_end":1576628639363,"request_duration":8011,"type":"2048"}
{"start":1576628635571,"end":1576628639351,"duration":3780,"downloading_duration":1066,"execution_duration":2131,"uploading_duration":583,"executable":"ellipsoids-openmp","args":["1.dat","19.log","19.xoutput"],"id":65,"resource":"2048","request_start":1576628631357,"request_end":1576628639371,"request_duration":8014,"type":"2048"}
{"start":1576628635738,"end":1576628639357,"duration":3619,"downloading_duration":997,"execution_duration":2067,"uploading_duration":555,"executable":"ellipsoids-openmp","args":["1.dat","135.log","135.xoutput"],"id":91,"resource":"2048","request_start":1576628631374,"request_end":1576628639379,"request_duration":8005,"type":"2048"}
{"start":1576628635569,"end":1576628639362,"duration":3793,"downloading_duration":994,"execution_duration":2117,"uploading_duration":682,"executable":"ellipsoids-openmp","args":["1.dat","110.log","110.xoutput"],"id":66,"resource":"2048","request_start":1576628631360,"request_end":1576628639381,"request_duration":8021,"type":"2048"}
{"start":1576628635661,"end":1576628639371,"duration":3710,"downloading_duration":992,"execution_duration":2142,"uploading_duration":576,"executable":"ellipsoids-openmp","args":["1.dat","122.log","122.xoutput"],"id":78,"resource":"2048","request_start":1576628631367,"request_end":1576628639391,"request_duration":8024,"type":"2048"}
{"start":1576628635571,"end":1576628639373,"duration":3802,"downloading_duration":1137,"execution_duration":2051,"uploading_duration":614,"executable":"ellipsoids-openmp","args":["1.dat","111.log","111.xoutput"],"id":67,"resource":"2048","request_start":1576628631361,"request_end":1576628639397,"request_duration":8036,"type":"2048"}
{"start":1576628635644,"end":1576628639391,"duration":3747,"downloading_duration":1054,"execution_duration":2127,"uploading_duration":566,"executable":"ellipsoids-openmp","args":["1.dat","121.log","121.xoutput"],"id":77,"resource":"2048","request_start":1576628631366,"request_end":1576628639409,"request_duration":8043,"type":"2048"}
{"start":1576628635678,"end":1576628639395,"duration":3717,"downloading_duration":1035,"execution_duration":2058,"uploading_duration":624,"executable":"ellipsoids-openmp","args":["1.dat","124.log","124.xoutput"],"id":80,"resource":"2048","request_start":1576628631368,"request_end":1576628639418,"request_duration":8050,"type":"2048"}
{"start":1576628635699,"end":1576628639399,"duration":3700,"downloading_duration":1073,"execution_duration":2028,"uploading_duration":599,"executable":"ellipsoids-openmp","args":["1.dat","127.log","127.xoutput"],"id":83,"resource":"2048","request_start":1576628631370,"request_end":1576628639420,"request_duration":8050,"type":"2048"}
{"start":1576628635794,"end":1576628639410,"duration":3616,"downloading_duration":998,"execution_duration":2036,"uploading_duration":582,"executable":"ellipsoids-openmp","args":["1.dat","140.log","140.xoutput"],"id":96,"resource":"2048","request_start":1576628631376,"request_end":1576628639430,"request_duration":8054,"type":"2048"}
{"start":1576628635745,"end":1576628639410,"duration":3665,"downloading_duration":999,"execution_duration":2042,"uploading_duration":624,"executable":"ellipsoids-openmp","args":["1.dat","136.log","136.xoutput"],"id":92,"resource":"2048","request_start":1576628631374,"request_end":1576628639432,"request_duration":8058,"type":"2048"}
{"start":1576628635669,"end":1576628639412,"duration":3743,"downloading_duration":1012,"execution_duration":2137,"uploading_duration":594,"executable":"ellipsoids-openmp","args":["1.dat","123.log","123.xoutput"],"id":79,"resource":"2048","request_start":1576628631368,"request_end":1576628639436,"request_duration":8068,"type":"2048"}
{"start":1576628635710,"end":1576628639425,"duration":3715,"downloading_duration":1023,"execution_duration":2114,"uploading_duration":578,"executable":"ellipsoids-openmp","args":["1.dat","128.log","128.xoutput"],"id":84,"resource":"2048","request_start":1576628631370,"request_end":1576628639443,"request_duration":8073,"type":"2048"}
{"start":1576628635692,"end":1576628639431,"duration":3739,"downloading_duration":1075,"execution_duration":2071,"uploading_duration":593,"executable":"ellipsoids-openmp","args":["1.dat","125.log","125.xoutput"],"id":81,"resource":"2048","request_start":1576628631369,"request_end":1576628639449,"request_duration":8080,"type":"2048"}
{"start":1576628635637,"end":1576628639436,"duration":3799,"downloading_duration":1078,"execution_duration":2049,"uploading_duration":672,"executable":"ellipsoids-openmp","args":["1.dat","120.log","120.xoutput"],"id":76,"resource":"2048","request_start":1576628631366,"request_end":1576628639456,"request_duration":8090,"type":"2048"}
{"start":1576628635600,"end":1576628639446,"duration":3846,"downloading_duration":1102,"execution_duration":2115,"uploading_duration":629,"executable":"ellipsoids-openmp","args":["1.dat","115.log","115.xoutput"],"id":71,"resource":"2048","request_start":1576628631363,"request_end":1576628639468,"request_duration":8105,"type":"2048"}
{"start":1576628635633,"end":1576628639452,"duration":3819,"downloading_duration":1087,"execution_duration":2142,"uploading_duration":590,"executable":"ellipsoids-openmp","args":["1.dat","119.log","119.xoutput"],"id":75,"resource":"2048","request_start":1576628631365,"request_end":1576628639471,"request_duration":8106,"type":"2048"}
{"start":1576628635723,"end":1576628639481,"duration":3758,"downloading_duration":1078,"execution_duration":2089,"uploading_duration":591,"executable":"ellipsoids-openmp","args":["1.dat","133.log","133.xoutput"],"id":89,"resource":"2048","request_start":1576628631373,"request_end":1576628639500,"request_duration":8127,"type":"2048"}
{"start":1576628635719,"end":1576628639482,"duration":3763,"downloading_duration":1135,"execution_duration":2044,"uploading_duration":584,"executable":"ellipsoids-openmp","args":["1.dat","131.log","131.xoutput"],"id":87,"resource":"2048","request_start":1576628631372,"request_end":1576628639503,"request_duration":8131,"type":"2048"}
{"start":1576628635717,"end":1576628639495,"duration":3778,"downloading_duration":1099,"execution_duration":2103,"uploading_duration":576,"executable":"ellipsoids-openmp","args":["1.dat","130.log","130.xoutput"],"id":86,"resource":"2048","request_start":1576628631371,"request_end":1576628639513,"request_duration":8142,"type":"2048"}
{"start":1576628635726,"end":1576628639499,"duration":3773,"downloading_duration":1019,"execution_duration":2140,"uploading_duration":614,"executable":"ellipsoids-openmp","args":["1.dat","134.log","134.xoutput"],"id":90,"resource":"2048","request_start":1576628631373,"request_end":1576628639517,"request_duration":8144,"type":"2048"}
{"start":1576628635749,"end":1576628639499,"duration":3750,"downloading_duration":1027,"execution_duration":2120,"uploading_duration":603,"executable":"ellipsoids-openmp","args":["1.dat","137.log","137.xoutput"],"id":93,"resource":"2048","request_start":1576628631375,"request_end":1576628639520,"request_duration":8145,"type":"2048"}
{"start":1576628635770,"end":1576628639514,"duration":3744,"downloading_duration":1077,"execution_duration":2030,"uploading_duration":637,"executable":"ellipsoids-openmp","args":["1.dat","139.log","139.xoutput"],"id":95,"resource":"2048","request_start":1576628631376,"request_end":1576628639533,"request_duration":8157,"type":"2048"}
{"start":1576628635771,"end":1576628639565,"duration":3794,"downloading_duration":1080,"execution_duration":2109,"uploading_duration":605,"executable":"ellipsoids-openmp","args":["1.dat","138.log","138.xoutput"],"id":94,"resource":"2048","request_start":1576628631375,"request_end":1576628639583,"request_duration":8208,"type":"2048"}
{"start":1576628635718,"end":1576628639566,"duration":3848,"downloading_duration":1160,"execution_duration":2090,"uploading_duration":598,"executable":"ellipsoids-openmp","args":["1.dat","132.log","132.xoutput"],"id":88,"resource":"2048","request_start":1576628631372,"request_end":1576628639585,"request_duration":8213,"type":"2048"}
{"start":1576628635714,"end":1576628639591,"duration":3877,"downloading_duration":1200,"execution_duration":2114,"uploading_duration":563,"executable":"ellipsoids-openmp","args":["1.dat","129.log","129.xoutput"],"id":85,"resource":"2048","request_start":1576628631371,"request_end":1576628639611,"request_duration":8240,"type":"2048"}
{"start":1576628635859,"end":1576628639703,"duration":3844,"downloading_duration":987,"execution_duration":2133,"uploading_duration":724,"executable":"ellipsoids-openmp","args":["1.dat","141.log","141.xoutput"],"id":97,"resource":"2048","request_start":1576628631377,"request_end":1576628639721,"request_duration":8344,"type":"2048"}
{"start":1576628636235,"end":1576628639969,"duration":3734,"downloading_duration":986,"execution_duration":2153,"uploading_duration":595,"executable":"ellipsoids-openmp","args":["1.dat","143.log","143.xoutput"],"id":99,"resource":"2048","request_start":1576628631378,"request_end":1576628640018,"request_duration":8640,"type":"2048"}
{"start":1576628636057,"end":1576628640378,"duration":4321,"downloading_duration":1658,"execution_duration":2099,"uploading_duration":564,"executable":"ellipsoids-openmp","args":["1.dat","142.log","142.xoutput"],"id":98,"resource":"2048","request_start":1576628631377,"request_end":1576628640401,"request_duration":9024,"type":"2048"}
{"start":1576628635598,"end":1576628640741,"duration":5143,"downloading_duration":2415,"execution_duration":2128,"uploading_duration":600,"executable":"ellipsoids-openmp","args":["1.dat","114.log","114.xoutput"],"id":70,"resource":"2048","request_start":1576628631363,"request_end":1576628640765,"request_duration":9402,"type":"2048"}
{"start":1576628638346,"end":1576628641876,"duration":3530,"downloading_duration":1058,"execution_duration":1865,"uploading_duration":607,"executable":"ellipsoids-openmp","args":["3.dat","30.log","30.xoutput"],"id":156,"resource":"2048","request_start":1576628631404,"request_end":1576628641902,"request_duration":10498,"type":"2048"}
{"start":1576628639068,"end":1576628642981,"duration":3913,"downloading_duration":1096,"execution_duration":2209,"uploading_duration":608,"executable":"ellipsoids-openmp","args":["3.dat","31.log","31.xoutput"],"id":157,"resource":"2048","request_start":1576628631404,"request_end":1576628643001,"request_duration":11597,"type":"2048"}
{"start":1576628639238,"end":1576628643014,"duration":3776,"downloading_duration":1002,"execution_duration":2146,"uploading_duration":628,"executable":"ellipsoids-openmp","args":["3.dat","37.log","37.xoutput"],"id":163,"resource":"2048","request_start":1576628631407,"request_end":1576628643034,"request_duration":11627,"type":"2048"}
{"start":1576628639233,"end":1576628643059,"duration":3826,"downloading_duration":999,"execution_duration":2252,"uploading_duration":575,"executable":"ellipsoids-openmp","args":["3.dat","36.log","36.xoutput"],"id":162,"resource":"2048","request_start":1576628631407,"request_end":1576628643081,"request_duration":11674,"type":"2048"}
{"start":1576628639280,"end":1576628643070,"duration":3790,"downloading_duration":1013,"execution_duration":2200,"uploading_duration":577,"executable":"ellipsoids-openmp","args":["3.dat","39.log","39.xoutput"],"id":165,"resource":"2048","request_start":1576628631408,"request_end":1576628643091,"request_duration":11683,"type":"2048"}
{"start":1576628639218,"end":1576628643096,"duration":3878,"downloading_duration":1030,"execution_duration":2264,"uploading_duration":584,"executable":"ellipsoids-openmp","args":["3.dat","33.log","33.xoutput"],"id":159,"resource":"2048","request_start":1576628631405,"request_end":1576628643122,"request_duration":11717,"type":"2048"}
{"start":1576628639303,"end":1576628643116,"duration":3813,"downloading_duration":985,"execution_duration":2170,"uploading_duration":658,"executable":"ellipsoids-openmp","args":["3.dat","310.log","310.xoutput"],"id":166,"resource":"2048","request_start":1576628631409,"request_end":1576628643136,"request_duration":11727,"type":"2048"}
{"start":1576628639334,"end":1576628643126,"duration":3792,"downloading_duration":1009,"execution_duration":2203,"uploading_duration":580,"executable":"ellipsoids-openmp","args":["3.dat","314.log","314.xoutput"],"id":170,"resource":"2048","request_start":1576628631411,"request_end":1576628643146,"request_duration":11735,"type":"2048"}
{"start":1576628639197,"end":1576628643139,"duration":3942,"downloading_duration":1023,"execution_duration":2281,"uploading_duration":638,"executable":"ellipsoids-openmp","args":["3.dat","32.log","32.xoutput"],"id":158,"resource":"2048","request_start":1576628631405,"request_end":1576628643161,"request_duration":11756,"type":"2048"}
{"start":1576628639336,"end":1576628643150,"duration":3814,"downloading_duration":1001,"execution_duration":2207,"uploading_duration":606,"executable":"ellipsoids-openmp","args":["3.dat","315.log","315.xoutput"],"id":171,"resource":"2048","request_start":1576628631411,"request_end":1576628643171,"request_duration":11760,"type":"2048"}
{"start":1576628639348,"end":1576628643168,"duration":3820,"downloading_duration":989,"execution_duration":2219,"uploading_duration":612,"executable":"ellipsoids-openmp","args":["3.dat","316.log","316.xoutput"],"id":172,"resource":"2048","request_start":1576628631412,"request_end":1576628643186,"request_duration":11774,"type":"2048"}
{"start":1576628639405,"end":1576628643174,"duration":3769,"downloading_duration":991,"execution_duration":2171,"uploading_duration":607,"executable":"ellipsoids-openmp","args":["3.dat","322.log","322.xoutput"],"id":178,"resource":"2048","request_start":1576628631415,"request_end":1576628643193,"request_duration":11778,"type":"2048"}
{"start":1576628639408,"end":1576628643191,"duration":3783,"downloading_duration":997,"execution_duration":2220,"uploading_duration":566,"executable":"ellipsoids-openmp","args":["3.dat","323.log","323.xoutput"],"id":179,"resource":"2048","request_start":1576628631416,"request_end":1576628643211,"request_duration":11795,"type":"2048"}
{"start":1576628639332,"end":1576628643195,"duration":3863,"downloading_duration":1027,"execution_duration":2253,"uploading_duration":583,"executable":"ellipsoids-openmp","args":["3.dat","313.log","313.xoutput"],"id":169,"resource":"2048","request_start":1576628631410,"request_end":1576628643216,"request_duration":11806,"type":"2048"}
{"start":1576628639400,"end":1576628643215,"duration":3815,"downloading_duration":1023,"execution_duration":2195,"uploading_duration":597,"executable":"ellipsoids-openmp","args":["3.dat","321.log","321.xoutput"],"id":177,"resource":"2048","request_start":1576628631415,"request_end":1576628643237,"request_duration":11822,"type":"2048"}
{"start":1576628639222,"end":1576628643219,"duration":3997,"downloading_duration":1076,"execution_duration":2282,"uploading_duration":639,"executable":"ellipsoids-openmp","args":["3.dat","35.log","35.xoutput"],"id":161,"resource":"2048","request_start":1576628631406,"request_end":1576628643239,"request_duration":11833,"type":"2048"}
{"start":1576628639224,"end":1576628643239,"duration":4015,"downloading_duration":1068,"execution_duration":2279,"uploading_duration":668,"executable":"ellipsoids-openmp","args":["3.dat","34.log","34.xoutput"],"id":160,"resource":"2048","request_start":1576628631406,"request_end":1576628643260,"request_duration":11854,"type":"2048"}
{"start":1576628639446,"end":1576628643268,"duration":3822,"downloading_duration":992,"execution_duration":2266,"uploading_duration":564,"executable":"ellipsoids-openmp","args":["3.dat","327.log","327.xoutput"],"id":183,"resource":"2048","request_start":1576628631418,"request_end":1576628643288,"request_duration":11870,"type":"2048"}
{"start":1576628639381,"end":1576628643271,"duration":3890,"downloading_duration":1004,"execution_duration":2263,"uploading_duration":623,"executable":"ellipsoids-openmp","args":["3.dat","318.log","318.xoutput"],"id":174,"resource":"2048","request_start":1576628631413,"request_end":1576628643292,"request_duration":11879,"type":"2048"}
{"start":1576628639366,"end":1576628643301,"duration":3935,"downloading_duration":1037,"execution_duration":2265,"uploading_duration":633,"executable":"ellipsoids-openmp","args":["3.dat","317.log","317.xoutput"],"id":173,"resource":"2048","request_start":1576628631412,"request_end":1576628643321,"request_duration":11909,"type":"2048"}
{"start":1576628639308,"end":1576628643311,"duration":4003,"downloading_duration":989,"execution_duration":2242,"uploading_duration":772,"executable":"ellipsoids-openmp","args":["3.dat","311.log","311.xoutput"],"id":167,"resource":"2048","request_start":1576628631409,"request_end":1576628643329,"request_duration":11920,"type":"2048"}
{"start":1576628639384,"end":1576628643312,"duration":3928,"downloading_duration":1031,"execution_duration":2280,"uploading_duration":617,"executable":"ellipsoids-openmp","args":["3.dat","319.log","319.xoutput"],"id":175,"resource":"2048","request_start":1576628631413,"request_end":1576628643332,"request_duration":11919,"type":"2048"}
{"start":1576628639531,"end":1576628643313,"duration":3782,"downloading_duration":1071,"execution_duration":2138,"uploading_duration":573,"executable":"ellipsoids-openmp","args":["3.dat","338.log","338.xoutput"],"id":194,"resource":"2048","request_start":1576628631423,"request_end":1576628643336,"request_duration":11913,"type":"2048"}
{"start":1576628639476,"end":1576628643342,"duration":3866,"downloading_duration":991,"execution_duration":2245,"uploading_duration":630,"executable":"ellipsoids-openmp","args":["3.dat","333.log","333.xoutput"],"id":189,"resource":"2048","request_start":1576628631421,"request_end":1576628643360,"request_duration":11939,"type":"2048"}
{"start":1576628639425,"end":1576628643342,"duration":3917,"downloading_duration":996,"execution_duration":2275,"uploading_duration":646,"executable":"ellipsoids-openmp","args":["3.dat","325.log","325.xoutput"],"id":181,"resource":"2048","request_start":1576628631417,"request_end":1576628643363,"request_duration":11946,"type":"2048"}
{"start":1576628639417,"end":1576628643345,"duration":3928,"downloading_duration":1076,"execution_duration":2270,"uploading_duration":582,"executable":"ellipsoids-openmp","args":["3.dat","324.log","324.xoutput"],"id":180,"resource":"2048","request_start":1576628631416,"request_end":1576628643366,"request_duration":11950,"type":"2048"}
{"start":1576628639439,"end":1576628643346,"duration":3907,"downloading_duration":1006,"execution_duration":2307,"uploading_duration":594,"executable":"ellipsoids-openmp","args":["3.dat","326.log","326.xoutput"],"id":182,"resource":"2048","request_start":1576628631417,"request_end":1576628643370,"request_duration":11953,"type":"2048"}
{"start":1576628639393,"end":1576628643350,"duration":3957,"downloading_duration":1083,"execution_duration":2278,"uploading_duration":596,"executable":"ellipsoids-openmp","args":["3.dat","320.log","320.xoutput"],"id":176,"resource":"2048","request_start":1576628631414,"request_end":1576628643374,"request_duration":11960,"type":"2048"}
{"start":1576628639470,"end":1576628643360,"duration":3890,"downloading_duration":989,"execution_duration":2287,"uploading_duration":614,"executable":"ellipsoids-openmp","args":["3.dat","332.log","332.xoutput"],"id":188,"resource":"2048","request_start":1576628631420,"request_end":1576628643382,"request_duration":11962,"type":"2048"}
{"start":1576628639545,"end":1576628643377,"duration":3832,"downloading_duration":1054,"execution_duration":2223,"uploading_duration":555,"executable":"ellipsoids-openmp","args":["3.dat","340.log","340.xoutput"],"id":196,"resource":"2048","request_start":1576628631424,"request_end":1576628643397,"request_duration":11973,"type":"2048"}
{"start":1576628639499,"end":1576628643384,"duration":3885,"downloading_duration":993,"execution_duration":2282,"uploading_duration":610,"executable":"ellipsoids-openmp","args":["3.dat","336.log","336.xoutput"],"id":192,"resource":"2048","request_start":1576628631422,"request_end":1576628643403,"request_duration":11981,"type":"2048"}
{"start":1576628639556,"end":1576628643386,"duration":3830,"downloading_duration":1035,"execution_duration":2176,"uploading_duration":619,"executable":"ellipsoids-openmp","args":["3.dat","342.log","342.xoutput"],"id":198,"resource":"2048","request_start":1576628631425,"request_end":1576628643407,"request_duration":11982,"type":"2048"}
{"start":1576628639455,"end":1576628643402,"duration":3947,"downloading_duration":1069,"execution_duration":2281,"uploading_duration":597,"executable":"ellipsoids-openmp","args":["3.dat","329.log","329.xoutput"],"id":185,"resource":"2048","request_start":1576628631419,"request_end":1576628643420,"request_duration":12001,"type":"2048"}
{"start":1576628639464,"end":1576628643437,"duration":3973,"downloading_duration":996,"execution_duration":2202,"uploading_duration":775,"executable":"ellipsoids-openmp","args":["3.dat","331.log","331.xoutput"],"id":187,"resource":"2048","request_start":1576628631420,"request_end":1576628643456,"request_duration":12036,"type":"2048"}
{"start":1576628639483,"end":1576628643502,"duration":4019,"downloading_duration":1085,"execution_duration":2217,"uploading_duration":717,"executable":"ellipsoids-openmp","args":["3.dat","334.log","334.xoutput"],"id":190,"resource":"2048","request_start":1576628631421,"request_end":1576628643522,"request_duration":12101,"type":"2048"}
{"start":1576628639451,"end":1576628643512,"duration":4061,"downloading_duration":1045,"execution_duration":2224,"uploading_duration":792,"executable":"ellipsoids-openmp","args":["3.dat","328.log","328.xoutput"],"id":184,"resource":"2048","request_start":1576628631418,"request_end":1576628643530,"request_duration":12112,"type":"2048"}
{"start":1576628639527,"end":1576628643533,"duration":4006,"downloading_duration":1191,"execution_duration":2225,"uploading_duration":590,"executable":"ellipsoids-openmp","args":["3.dat","337.log","337.xoutput"],"id":193,"resource":"2048","request_start":1576628631423,"request_end":1576628643552,"request_duration":12129,"type":"2048"}
{"start":1576628639618,"end":1576628643542,"duration":3924,"downloading_duration":1034,"execution_duration":2294,"uploading_duration":596,"executable":"ellipsoids-openmp","args":["3.dat","344.log","344.xoutput"],"id":200,"resource":"2048","request_start":1576628631426,"request_end":1576628643560,"request_duration":12134,"type":"2048"}
{"start":1576628639541,"end":1576628643547,"duration":4006,"downloading_duration":1101,"execution_duration":2212,"uploading_duration":693,"executable":"ellipsoids-openmp","args":["3.dat","339.log","339.xoutput"],"id":195,"resource":"2048","request_start":1576628631424,"request_end":1576628643568,"request_duration":12144,"type":"2048"}
{"start":1576628639639,"end":1576628643554,"duration":3915,"downloading_duration":1106,"execution_duration":2186,"uploading_duration":623,"executable":"ellipsoids-openmp","args":["3.dat","345.log","345.xoutput"],"id":201,"resource":"2048","request_start":1576628631427,"request_end":1576628643576,"request_duration":12149,"type":"2048"}
{"start":1576628639610,"end":1576628643555,"duration":3945,"downloading_duration":1130,"execution_duration":2215,"uploading_duration":600,"executable":"ellipsoids-openmp","args":["3.dat","343.log","343.xoutput"],"id":199,"resource":"2048","request_start":1576628631426,"request_end":1576628643578,"request_duration":12152,"type":"2048"}
{"start":1576628639494,"end":1576628643601,"duration":4107,"downloading_duration":1110,"execution_duration":2237,"uploading_duration":760,"executable":"ellipsoids-openmp","args":["3.dat","335.log","335.xoutput"],"id":191,"resource":"2048","request_start":1576628631422,"request_end":1576628643620,"request_duration":12198,"type":"2048"}
{"start":1576628639265,"end":1576628643610,"duration":4345,"downloading_duration":1533,"execution_duration":2208,"uploading_duration":604,"executable":"ellipsoids-openmp","args":["3.dat","38.log","38.xoutput"],"id":164,"resource":"2048","request_start":1576628631408,"request_end":1576628643630,"request_duration":12222,"type":"2048"}
{"start":1576628639464,"end":1576628643627,"duration":4163,"downloading_duration":1342,"execution_duration":2244,"uploading_duration":577,"executable":"ellipsoids-openmp","args":["3.dat","330.log","330.xoutput"],"id":186,"resource":"2048","request_start":1576628631419,"request_end":1576628643645,"request_duration":12226,"type":"2048"}
{"start":1576628639746,"end":1576628643634,"duration":3888,"downloading_duration":1061,"execution_duration":2272,"uploading_duration":555,"executable":"ellipsoids-openmp","args":["3.dat","346.log","346.xoutput"],"id":202,"resource":"2048","request_start":1576628631427,"request_end":1576628643654,"request_duration":12227,"type":"2048"}
{"start":1576628640046,"end":1576628643821,"duration":3775,"downloading_duration":1016,"execution_duration":2154,"uploading_duration":605,"executable":"ellipsoids-openmp","args":["3.dat","347.log","347.xoutput"],"id":203,"resource":"2048","request_start":1576628631428,"request_end":1576628643854,"request_duration":12426,"type":"2048"}
{"start":1576628639327,"end":1576628644048,"duration":4721,"downloading_duration":2044,"execution_duration":2105,"uploading_duration":572,"executable":"ellipsoids-openmp","args":["3.dat","312.log","312.xoutput"],"id":168,"resource":"2048","request_start":1576628631410,"request_end":1576628644067,"request_duration":12657,"type":"2048"}
{"start":1576628640429,"end":1576628644155,"duration":3726,"downloading_duration":1069,"execution_duration":2088,"uploading_duration":569,"executable":"ellipsoids-openmp","args":["3.dat","348.log","348.xoutput"],"id":204,"resource":"2048","request_start":1576628631428,"request_end":1576628644174,"request_duration":12746,"type":"2048"}
{"start":1576628640793,"end":1576628644447,"duration":3654,"downloading_duration":1001,"execution_duration":2082,"uploading_duration":571,"executable":"ellipsoids-openmp","args":["3.dat","349.log","349.xoutput"],"id":205,"resource":"2048","request_start":1576628631429,"request_end":1576628644466,"request_duration":13037,"type":"2048"}
{"start":1576628639545,"end":1576628644982,"duration":5437,"downloading_duration":2733,"execution_duration":2118,"uploading_duration":586,"executable":"ellipsoids-openmp","args":["3.dat","341.log","341.xoutput"],"id":197,"resource":"2048","request_start":1576628631425,"request_end":1576628645003,"request_duration":13578,"type":"2048"}
{"start":1576628641929,"end":1576628645185,"duration":3256,"downloading_duration":980,"execution_duration":1698,"uploading_duration":578,"executable":"ellipsoids-openmp","args":["2.dat","20.log","20.xoutput"],"id":106,"resource":"2048","request_start":1576628631451,"request_end":1576628645205,"request_duration":13754,"type":"2048"}
{"start":1576628645238,"end":1576628646776,"duration":1538,"downloading_duration":1166,"execution_duration":4,"uploading_duration":368,"executable":"mean-pack-ell","args":["00.xoutput","01.xoutput","02.xoutput","03.xoutput","04.xoutput","05.xoutput","06.xoutput","07.xoutput","08.xoutput","09.xoutput","010.xoutput","011.xoutput","012.xoutput","013.xoutput","014.xoutput","015.xoutput","016.xoutput","017.xoutput","018.xoutput","019.xoutput","020.xoutput","021.xoutput","022.xoutput","023.xoutput","024.xoutput","025.xoutput","026.xoutput","027.xoutput","028.xoutput","029.xoutput","030.xoutput","031.xoutput","032.xoutput","033.xoutput","034.xoutput","035.xoutput","036.xoutput","037.xoutput","038.xoutput","039.xoutput","040.xoutput","041.xoutput","042.xoutput","043.xoutput","044.xoutput","045.xoutput","046.xoutput","047.xoutput","048.xoutput","049.xoutput","average_0.txt"],"id":206,"resource":"2048","request_start":1576628636222,"request_end":1576628646799,"request_duration":10577,"type":"2048"}
{"start":1576628643060,"end":1576628646917,"duration":3857,"downloading_duration":1000,"execution_duration":2215,"uploading_duration":642,"executable":"ellipsoids-openmp","args":["2.dat","22.log","22.xoutput"],"id":108,"resource":"2048","request_start":1576628631452,"request_end":1576628646936,"request_duration":15484,"type":"2048"}
{"start":1576628643188,"end":1576628646989,"duration":3801,"downloading_duration":989,"execution_duration":2228,"uploading_duration":584,"executable":"ellipsoids-openmp","args":["2.dat","28.log","28.xoutput"],"id":114,"resource":"2048","request_start":1576628631455,"request_end":1576628647008,"request_duration":15553,"type":"2048"}
{"start":1576628643105,"end":1576628647019,"duration":3914,"downloading_duration":990,"execution_duration":2332,"uploading_duration":592,"executable":"ellipsoids-openmp","args":["2.dat","23.log","23.xoutput"],"id":109,"resource":"2048","request_start":1576628631452,"request_end":1576628647040,"request_duration":15588,"type":"2048"}
{"start":1576628643027,"end":1576628647033,"duration":4006,"downloading_duration":1094,"execution_duration":2286,"uploading_duration":626,"executable":"ellipsoids-openmp","args":["2.dat","21.log","21.xoutput"],"id":107,"resource":"2048","request_start":1576628631451,"request_end":1576628647050,"request_duration":15599,"type":"2048"}
{"start":1576628643148,"end":1576628647063,"duration":3915,"downloading_duration":994,"execution_duration":2345,"uploading_duration":576,"executable":"ellipsoids-openmp","args":["2.dat","25.log","25.xoutput"],"id":111,"resource":"2048","request_start":1576628631453,"request_end":1576628647083,"request_duration":15630,"type":"2048"}
{"start":1576628643172,"end":1576628647066,"duration":3894,"downloading_duration":1013,"execution_duration":2227,"uploading_duration":654,"executable":"ellipsoids-openmp","args":["2.dat","27.log","27.xoutput"],"id":113,"resource":"2048","request_start":1576628631454,"request_end":1576628647085,"request_duration":15631,"type":"2048"}
{"start":1576628643164,"end":1576628647069,"duration":3905,"downloading_duration":1040,"execution_duration":2266,"uploading_duration":599,"executable":"ellipsoids-openmp","args":["2.dat","26.log","26.xoutput"],"id":112,"resource":"2048","request_start":1576628631454,"request_end":1576628647092,"request_duration":15638,"type":"2048"}
{"start":1576628643265,"end":1576628647069,"duration":3804,"downloading_duration":992,"execution_duration":2201,"uploading_duration":611,"executable":"ellipsoids-openmp","args":["2.dat","214.log","214.xoutput"],"id":120,"resource":"2048","request_start":1576628631461,"request_end":1576628647095,"request_duration":15634,"type":"2048"}
{"start":1576628643119,"end":1576628647093,"duration":3974,"downloading_duration":991,"execution_duration":2325,"uploading_duration":658,"executable":"ellipsoids-openmp","args":["2.dat","24.log","24.xoutput"],"id":110,"resource":"2048","request_start":1576628631453,"request_end":1576628647111,"request_duration":15658,"type":"2048"}
{"start":1576628643238,"end":1576628647112,"duration":3874,"downloading_duration":1002,"execution_duration":2269,"uploading_duration":603,"executable":"ellipsoids-openmp","args":["2.dat","212.log","212.xoutput"],"id":118,"resource":"2048","request_start":1576628631457,"request_end":1576628647134,"request_duration":15677,"type":"2048"}
{"start":1576628643196,"end":1576628647178,"duration":3982,"downloading_duration":990,"execution_duration":2349,"uploading_duration":643,"executable":"ellipsoids-openmp","args":["2.dat","29.log","29.xoutput"],"id":115,"resource":"2048","request_start":1576628631455,"request_end":1576628647195,"request_duration":15740,"type":"2048"}
{"start":1576628643385,"end":1576628647212,"duration":3827,"downloading_duration":985,"execution_duration":2243,"uploading_duration":599,"executable":"ellipsoids-openmp","args":["2.dat","223.log","223.xoutput"],"id":129,"resource":"2048","request_start":1576628631466,"request_end":1576628647233,"request_duration":15767,"type":"2048"}
{"start":1576628643270,"end":1576628647218,"duration":3948,"downloading_duration":995,"execution_duration":2365,"uploading_duration":588,"executable":"ellipsoids-openmp","args":["2.dat","215.log","215.xoutput"],"id":121,"resource":"2048","request_start":1576628631462,"request_end":1576628647240,"request_duration":15778,"type":"2048"}
{"start":1576628643247,"end":1576628647220,"duration":3973,"downloading_duration":1003,"execution_duration":2325,"uploading_duration":645,"executable":"ellipsoids-openmp","args":["2.dat","213.log","213.xoutput"],"id":119,"resource":"2048","request_start":1576628631458,"request_end":1576628647244,"request_duration":15786,"type":"2048"}
{"start":1576628643417,"end":1576628647226,"duration":3809,"downloading_duration":990,"execution_duration":2237,"uploading_duration":582,"executable":"ellipsoids-openmp","args":["2.dat","228.log","228.xoutput"],"id":134,"resource":"2048","request_start":1576628631470,"request_end":1576628647249,"request_duration":15779,"type":"2048"}
{"start":1576628643318,"end":1576628647242,"duration":3924,"downloading_duration":986,"execution_duration":2321,"uploading_duration":617,"executable":"ellipsoids-openmp","args":["2.dat","217.log","217.xoutput"],"id":123,"resource":"2048","request_start":1576628631463,"request_end":1576628647260,"request_duration":15797,"type":"2048"}
{"start":1576628643223,"end":1576628647245,"duration":4022,"downloading_duration":1138,"execution_duration":2325,"uploading_duration":559,"executable":"ellipsoids-openmp","args":["2.dat","211.log","211.xoutput"],"id":117,"resource":"2048","request_start":1576628631456,"request_end":1576628647263,"request_duration":15807,"type":"2048"}
{"start":1576628643348,"end":1576628647256,"duration":3908,"downloading_duration":995,"execution_duration":2323,"uploading_duration":590,"executable":"ellipsoids-openmp","args":["2.dat","219.log","219.xoutput"],"id":125,"resource":"2048","request_start":1576628631464,"request_end":1576628647278,"request_duration":15814,"type":"2048"}
{"start":1576628643362,"end":1576628647293,"duration":3931,"downloading_duration":993,"execution_duration":2338,"uploading_duration":600,"executable":"ellipsoids-openmp","args":["2.dat","220.log","220.xoutput"],"id":126,"resource":"2048","request_start":1576628631465,"request_end":1576628647312,"request_duration":15847,"type":"2048"}
{"start":1576628643425,"end":1576628647295,"duration":3870,"downloading_duration":1011,"execution_duration":2293,"uploading_duration":566,"executable":"ellipsoids-openmp","args":["2.dat","229.log","229.xoutput"],"id":135,"resource":"2048","request_start":1576628631471,"request_end":1576628647314,"request_duration":15843,"type":"2048"}
{"start":1576628643440,"end":1576628647314,"duration":3874,"downloading_duration":989,"execution_duration":2325,"uploading_duration":560,"executable":"ellipsoids-openmp","args":["2.dat","231.log","231.xoutput"],"id":137,"resource":"2048","request_start":1576628631472,"request_end":1576628647333,"request_duration":15861,"type":"2048"}
{"start":1576628643366,"end":1576628647333,"duration":3967,"downloading_duration":1034,"execution_duration":2352,"uploading_duration":581,"executable":"ellipsoids-openmp","args":["2.dat","221.log","221.xoutput"],"id":127,"resource":"2048","request_start":1576628631465,"request_end":1576628647353,"request_duration":15888,"type":"2048"}
{"start":1576628643324,"end":1576628647334,"duration":4010,"downloading_duration":1069,"execution_duration":2346,"uploading_duration":595,"executable":"ellipsoids-openmp","args":["2.dat","218.log","218.xoutput"],"id":124,"resource":"2048","request_start":1576628631463,"request_end":1576628647358,"request_duration":15895,"type":"2048"}
{"start":1576628643447,"end":1576628647338,"duration":3891,"downloading_duration":1033,"execution_duration":2258,"uploading_duration":600,"executable":"ellipsoids-openmp","args":["2.dat","232.log","232.xoutput"],"id":138,"resource":"2048","request_start":1576628631472,"request_end":1576628647360,"request_duration":15888,"type":"2048"}
{"start":1576628643394,"end":1576628647349,"duration":3955,"downloading_duration":1004,"execution_duration":2368,"uploading_duration":583,"executable":"ellipsoids-openmp","args":["2.dat","224.log","224.xoutput"],"id":130,"resource":"2048","request_start":1576628631467,"request_end":1576628647369,"request_duration":15902,"type":"2048"}
{"start":1576628643396,"end":1576628647359,"duration":3963,"downloading_duration":1081,"execution_duration":2283,"uploading_duration":599,"executable":"ellipsoids-openmp","args":["2.dat","225.log","225.xoutput"],"id":131,"resource":"2048","request_start":1576628631468,"request_end":1576628647379,"request_duration":15911,"type":"2048"}
{"start":1576628643368,"end":1576628647361,"duration":3993,"downloading_duration":1075,"execution_duration":2343,"uploading_duration":575,"executable":"ellipsoids-openmp","args":["2.dat","222.log","222.xoutput"],"id":128,"resource":"2048","request_start":1576628631466,"request_end":1576628647381,"request_duration":15915,"type":"2048"}
{"start":1576628643288,"end":1576628647368,"duration":4080,"downloading_duration":1125,"execution_duration":2343,"uploading_duration":612,"executable":"ellipsoids-openmp","args":["2.dat","216.log","216.xoutput"],"id":122,"resource":"2048","request_start":1576628631462,"request_end":1576628647387,"request_duration":15925,"type":"2048"}
{"start":1576628643432,"end":1576628647373,"duration":3941,"downloading_duration":996,"execution_duration":2355,"uploading_duration":590,"executable":"ellipsoids-openmp","args":["2.dat","230.log","230.xoutput"],"id":136,"resource":"2048","request_start":1576628631471,"request_end":1576628647395,"request_duration":15924,"type":"2048"}
{"start":1576628643401,"end":1576628647395,"duration":3994,"downloading_duration":1054,"execution_duration":2339,"uploading_duration":601,"executable":"ellipsoids-openmp","args":["2.dat","226.log","226.xoutput"],"id":132,"resource":"2048","request_start":1576628631469,"request_end":1576628647415,"request_duration":15946,"type":"2048"}
{"start":1576628643604,"end":1576628647486,"duration":3882,"downloading_duration":1024,"execution_duration":2277,"uploading_duration":581,"executable":"ellipsoids-openmp","args":["2.dat","240.log","240.xoutput"],"id":146,"resource":"2048","request_start":1576628631477,"request_end":1576628647505,"request_duration":16028,"type":"2048"}
{"start":1576628643213,"end":1576628647509,"duration":4296,"downloading_duration":1397,"execution_duration":2323,"uploading_duration":576,"executable":"ellipsoids-openmp","args":["2.dat","210.log","210.xoutput"],"id":116,"resource":"2048","request_start":1576628631456,"request_end":1576628647530,"request_duration":16074,"type":"2048"}
{"start":1576628643594,"end":1576628647527,"duration":3933,"downloading_duration":1020,"execution_duration":2314,"uploading_duration":599,"executable":"ellipsoids-openmp","args":["2.dat","238.log","238.xoutput"],"id":144,"resource":"2048","request_start":1576628631476,"request_end":1576628647545,"request_duration":16069,"type":"2048"}
{"start":1576628643410,"end":1576628647532,"duration":4122,"downloading_duration":1002,"execution_duration":2336,"uploading_duration":784,"executable":"ellipsoids-openmp","args":["2.dat","227.log","227.xoutput"],"id":133,"resource":"2048","request_start":1576628631470,"request_end":1576628647554,"request_duration":16084,"type":"2048"}
{"start":1576628643483,"end":1576628647538,"duration":4055,"downloading_duration":1110,"execution_duration":2382,"uploading_duration":563,"executable":"ellipsoids-openmp","args":["2.dat","233.log","233.xoutput"],"id":139,"resource":"2048","request_start":1576628631473,"request_end":1576628647559,"request_duration":16086,"type":"2048"}
{"start":1576628643601,"end":1576628647547,"duration":3946,"downloading_duration":1087,"execution_duration":2296,"uploading_duration":563,"executable":"ellipsoids-openmp","args":["2.dat","239.log","239.xoutput"],"id":145,"resource":"2048","request_start":1576628631477,"request_end":1576628647565,"request_duration":16088,"type":"2048"}
{"start":1576628643561,"end":1576628647584,"duration":4023,"downloading_duration":1002,"execution_duration":2373,"uploading_duration":648,"executable":"ellipsoids-openmp","args":["2.dat","235.log","235.xoutput"],"id":141,"resource":"2048","request_start":1576628631475,"request_end":1576628647604,"request_duration":16129,"type":"2048"}
{"start":1576628643578,"end":1576628647584,"duration":4006,"downloading_duration":1082,"execution_duration":2326,"uploading_duration":598,"executable":"ellipsoids-openmp","args":["2.dat","236.log","236.xoutput"],"id":142,"resource":"2048","request_start":1576628631475,"request_end":1576628647605,"request_duration":16130,"type":"2048"}
{"start":1576628643675,"end":1576628647589,"duration":3914,"downloading_duration":1039,"execution_duration":2302,"uploading_duration":573,"executable":"ellipsoids-openmp","args":["2.dat","243.log","243.xoutput"],"id":149,"resource":"2048","request_start":1576628631479,"request_end":1576628647615,"request_duration":16136,"type":"2048"}
{"start":1576628643586,"end":1576628647611,"duration":4025,"downloading_duration":1087,"execution_duration":2346,"uploading_duration":592,"executable":"ellipsoids-openmp","args":["2.dat","237.log","237.xoutput"],"id":143,"resource":"2048","request_start":1576628631476,"request_end":1576628647745,"request_duration":16269,"type":"2048"}
{"start":1576628643663,"end":1576628647625,"duration":3962,"downloading_duration":1033,"execution_duration":2336,"uploading_duration":593,"executable":"ellipsoids-openmp","args":["2.dat","242.log","242.xoutput"],"id":148,"resource":"2048","request_start":1576628631478,"request_end":1576628647748,"request_duration":16270,"type":"2048"}
{"start":1576628643555,"end":1576628647624,"duration":4069,"downloading_duration":1074,"execution_duration":2334,"uploading_duration":661,"executable":"ellipsoids-openmp","args":["2.dat","234.log","234.xoutput"],"id":140,"resource":"2048","request_start":1576628631474,"request_end":1576628647750,"request_duration":16276,"type":"2048"}
{"start":1576628643679,"end":1576628647675,"duration":3996,"downloading_duration":1068,"execution_duration":2334,"uploading_duration":594,"executable":"ellipsoids-openmp","args":["2.dat","244.log","244.xoutput"],"id":150,"resource":"2048","request_start":1576628631479,"request_end":1576628647757,"request_duration":16278,"type":"2048"}
{"start":1576628643879,"end":1576628647865,"duration":3986,"downloading_duration":991,"execution_duration":2352,"uploading_duration":643,"executable":"ellipsoids-openmp","args":["2.dat","245.log","245.xoutput"],"id":151,"resource":"2048","request_start":1576628631480,"request_end":1576628647883,"request_duration":16403,"type":"2048"}
{"start":1576628644093,"end":1576628648083,"duration":3990,"downloading_duration":1078,"execution_duration":2314,"uploading_duration":598,"executable":"ellipsoids-openmp","args":["2.dat","246.log","246.xoutput"],"id":152,"resource":"2048","request_start":1576628631480,"request_end":1576628648103,"request_duration":16623,"type":"2048"}
{"start":1576628644199,"end":1576628648093,"duration":3894,"downloading_duration":1000,"execution_duration":2285,"uploading_duration":609,"executable":"ellipsoids-openmp","args":["2.dat","247.log","247.xoutput"],"id":153,"resource":"2048","request_start":1576628631481,"request_end":1576628648113,"request_duration":16632,"type":"2048"}
{"start":1576628646832,"end":1576628648388,"duration":1556,"downloading_duration":1130,"execution_duration":3,"uploading_duration":423,"executable":"mean-pack-ell","args":["10.xoutput","11.xoutput","12.xoutput","13.xoutput","14.xoutput","15.xoutput","16.xoutput","17.xoutput","18.xoutput","19.xoutput","110.xoutput","111.xoutput","112.xoutput","113.xoutput","114.xoutput","115.xoutput","116.xoutput","117.xoutput","118.xoutput","119.xoutput","120.xoutput","121.xoutput","122.xoutput","123.xoutput","124.xoutput","125.xoutput","126.xoutput","127.xoutput","128.xoutput","129.xoutput","130.xoutput","131.xoutput","132.xoutput","133.xoutput","134.xoutput","135.xoutput","136.xoutput","137.xoutput","138.xoutput","139.xoutput","140.xoutput","141.xoutput","142.xoutput","143.xoutput","144.xoutput","145.xoutput","146.xoutput","147.xoutput","148.xoutput","149.xoutput","average_1.txt"],"id":207,"resource":"2048","request_start":1576628640785,"request_end":1576628648410,"request_duration":7625,"type":"2048"}
{"start":1576628643644,"end":1576628648437,"duration":4793,"downloading_duration":1031,"execution_duration":2336,"uploading_duration":1426,"executable":"ellipsoids-openmp","args":["2.dat","241.log","241.xoutput"],"id":147,"resource":"2048","request_start":1576628631478,"request_end":1576628648462,"request_duration":16984,"type":"2048"}
{"start":1576628644492,"end":1576628648530,"duration":4038,"downloading_duration":1092,"execution_duration":2363,"uploading_duration":583,"executable":"ellipsoids-openmp","args":["2.dat","248.log","248.xoutput"],"id":154,"resource":"2048","request_start":1576628631482,"request_end":1576628648549,"request_duration":17067,"type":"2048"}
{"start":1576628646969,"end":1576628648587,"duration":1618,"downloading_duration":1242,"execution_duration":3,"uploading_duration":373,"executable":"mean-pack-ell","args":["30.xoutput","31.xoutput","32.xoutput","33.xoutput","34.xoutput","35.xoutput","36.xoutput","37.xoutput","38.xoutput","39.xoutput","310.xoutput","311.xoutput","312.xoutput","313.xoutput","314.xoutput","315.xoutput","316.xoutput","317.xoutput","318.xoutput","319.xoutput","320.xoutput","321.xoutput","322.xoutput","323.xoutput","324.xoutput","325.xoutput","326.xoutput","327.xoutput","328.xoutput","329.xoutput","330.xoutput","331.xoutput","332.xoutput","333.xoutput","334.xoutput","335.xoutput","336.xoutput","337.xoutput","338.xoutput","339.xoutput","340.xoutput","341.xoutput","342.xoutput","343.xoutput","344.xoutput","345.xoutput","346.xoutput","347.xoutput","348.xoutput","349.xoutput","average_3.txt"],"id":209,"resource":"2048","request_start":1576628645015,"request_end":1576628648606,"request_duration":3591,"type":"2048"}
{"start":1576628645032,"end":1576628648903,"duration":3871,"downloading_duration":1008,"execution_duration":2253,"uploading_duration":610,"executable":"ellipsoids-openmp","args":["2.dat","249.log","249.xoutput"],"id":155,"resource":"2048","request_start":1576628631482,"request_end":1576628648923,"request_duration":17441,"type":"2048"}
{"start":1576628649057,"end":1576628650635,"duration":1578,"downloading_duration":1171,"execution_duration":4,"uploading_duration":403,"executable":"mean-pack-ell","args":["20.xoutput","21.xoutput","22.xoutput","23.xoutput","24.xoutput","25.xoutput","26.xoutput","27.xoutput","28.xoutput","29.xoutput","210.xoutput","211.xoutput","212.xoutput","213.xoutput","214.xoutput","215.xoutput","216.xoutput","217.xoutput","218.xoutput","219.xoutput","220.xoutput","221.xoutput","222.xoutput","223.xoutput","224.xoutput","225.xoutput","226.xoutput","227.xoutput","228.xoutput","229.xoutput","230.xoutput","231.xoutput","232.xoutput","233.xoutput","234.xoutput","235.xoutput","236.xoutput","237.xoutput","238.xoutput","239.xoutput","240.xoutput","241.xoutput","242.xoutput","243.xoutput","244.xoutput","245.xoutput","246.xoutput","247.xoutput","248.xoutput","249.xoutput","average_2.txt"],"id":208,"resource":"2048","request_start":1576628648944,"request_end":1576628650656,"request_duration":1712,"type":"2048"}
{"start":1576628650772,"end":1576628651660,"duration":888,"downloading_duration":443,"execution_duration":62,"uploading_duration":383,"executable":"summary.js","args":[],"id":210,"resource":"2048","request_start":1576628650664,"request_end":1576628651677,"request_duration":1013,"type":"2048"}
