{"start":1576628558961,"end":1576628559802,"duration":841,"downloading_duration":375,"execution_duration":62,"uploading_duration":404,"executable":"generateData.js","args":[],"id":1,"resource":"2048","request_start":1576628558758,"request_end":1576628559832,"request_duration":1074,"type":"2048"}
{"start":1576628560287,"end":1576628561134,"duration":847,"downloading_duration":376,"execution_duration":62,"uploading_duration":409,"executable":"createDat.js","args":["1.dat"],"id":3,"resource":"2048","request_start":1576628559852,"request_end":1576628561151,"request_duration":1299,"type":"2048"}
{"start":1576628560343,"end":1576628561163,"duration":820,"downloading_duration":377,"execution_duration":59,"uploading_duration":384,"executable":"createDat.js","args":["0.dat"],"id":2,"resource":"2048","request_start":1576628559846,"request_end":1576628561186,"request_duration":1340,"type":"2048"}
{"start":1576628560319,"end":1576628561192,"duration":873,"downloading_duration":394,"execution_duration":62,"uploading_duration":417,"executable":"createDat.js","args":["2.dat"],"id":4,"resource":"2048","request_start":1576628559857,"request_end":1576628561281,"request_duration":1424,"type":"2048"}
{"start":1576628560328,"end":1576628561235,"duration":907,"downloading_duration":385,"execution_duration":60,"uploading_duration":462,"executable":"createDat.js","args":["3.dat"],"id":5,"resource":"2048","request_start":1576628559859,"request_end":1576628561281,"request_duration":1422,"type":"2048"}
{"start":1576628561534,"end":1576628564861,"duration":3327,"downloading_duration":1011,"execution_duration":1710,"uploading_duration":606,"executable":"ellipsoids-openmp","args":["1.dat","145.log","145.xoutput"],"id":101,"resource":"2048","request_start":1576628561193,"request_end":1576628564882,"request_duration":3689,"type":"2048"}
{"start":1576628561305,"end":1576628565184,"duration":3879,"downloading_duration":1125,"execution_duration":2159,"uploading_duration":595,"executable":"ellipsoids-openmp","args":["1.dat","143.log","143.xoutput"],"id":99,"resource":"2048","request_start":1576628561248,"request_end":1576628565205,"request_duration":3957,"type":"2048"}
{"start":1576628561305,"end":1576628565251,"duration":3946,"downloading_duration":1155,"execution_duration":2169,"uploading_duration":622,"executable":"ellipsoids-openmp","args":["1.dat","142.log","142.xoutput"],"id":98,"resource":"2048","request_start":1576628561248,"request_end":1576628565272,"request_duration":4024,"type":"2048"}
{"start":1576628561556,"end":1576628565273,"duration":3717,"downloading_duration":1076,"execution_duration":2075,"uploading_duration":566,"executable":"ellipsoids-openmp","args":["1.dat","11.log","11.xoutput"],"id":57,"resource":"2048","request_start":1576628561202,"request_end":1576628565291,"request_duration":4089,"type":"2048"}
{"start":1576628561569,"end":1576628565278,"duration":3709,"downloading_duration":995,"execution_duration":2140,"uploading_duration":574,"executable":"ellipsoids-openmp","args":["1.dat","112.log","112.xoutput"],"id":68,"resource":"2048","request_start":1576628561216,"request_end":1576628565301,"request_duration":4085,"type":"2048"}
{"start":1576628561556,"end":1576628565285,"duration":3729,"downloading_duration":1028,"execution_duration":2132,"uploading_duration":569,"executable":"ellipsoids-openmp","args":["1.dat","149.log","149.xoutput"],"id":105,"resource":"2048","request_start":1576628561199,"request_end":1576628565304,"request_duration":4105,"type":"2048"}
{"start":1576628561572,"end":1576628565302,"duration":3730,"downloading_duration":1032,"execution_duration":2137,"uploading_duration":561,"executable":"ellipsoids-openmp","args":["1.dat","115.log","115.xoutput"],"id":71,"resource":"2048","request_start":1576628561219,"request_end":1576628565321,"request_duration":4102,"type":"2048"}
{"start":1576628561556,"end":1576628565304,"duration":3748,"downloading_duration":1024,"execution_duration":2125,"uploading_duration":599,"executable":"ellipsoids-openmp","args":["1.dat","144.log","144.xoutput"],"id":100,"resource":"2048","request_start":1576628561191,"request_end":1576628565324,"request_duration":4133,"type":"2048"}
{"start":1576628561557,"end":1576628565309,"duration":3752,"downloading_duration":1047,"execution_duration":2132,"uploading_duration":573,"executable":"ellipsoids-openmp","args":["1.dat","147.log","147.xoutput"],"id":103,"resource":"2048","request_start":1576628561196,"request_end":1576628565331,"request_duration":4135,"type":"2048"}
{"start":1576628561534,"end":1576628565315,"duration":3781,"downloading_duration":1029,"execution_duration":2148,"uploading_duration":604,"executable":"ellipsoids-openmp","args":["1.dat","148.log","148.xoutput"],"id":104,"resource":"2048","request_start":1576628561198,"request_end":1576628565336,"request_duration":4138,"type":"2048"}
{"start":1576628561573,"end":1576628565320,"duration":3747,"downloading_duration":1076,"execution_duration":2103,"uploading_duration":568,"executable":"ellipsoids-openmp","args":["1.dat","19.log","19.xoutput"],"id":65,"resource":"2048","request_start":1576628561213,"request_end":1576628565350,"request_duration":4137,"type":"2048"}
{"start":1576628561568,"end":1576628565325,"duration":3757,"downloading_duration":1032,"execution_duration":2145,"uploading_duration":580,"executable":"ellipsoids-openmp","args":["1.dat","114.log","114.xoutput"],"id":70,"resource":"2048","request_start":1576628561218,"request_end":1576628565352,"request_duration":4134,"type":"2048"}
{"start":1576628561645,"end":1576628565327,"duration":3682,"downloading_duration":1004,"execution_duration":2113,"uploading_duration":565,"executable":"ellipsoids-openmp","args":["1.dat","140.log","140.xoutput"],"id":96,"resource":"2048","request_start":1576628561246,"request_end":1576628565353,"request_duration":4107,"type":"2048"}
{"start":1576628561635,"end":1576628565332,"duration":3697,"downloading_duration":1001,"execution_duration":2104,"uploading_duration":592,"executable":"ellipsoids-openmp","args":["1.dat","129.log","129.xoutput"],"id":85,"resource":"2048","request_start":1576628561236,"request_end":1576628565356,"request_duration":4120,"type":"2048"}
{"start":1576628561568,"end":1576628565334,"duration":3766,"downloading_duration":1053,"execution_duration":2139,"uploading_duration":574,"executable":"ellipsoids-openmp","args":["1.dat","110.log","110.xoutput"],"id":66,"resource":"2048","request_start":1576628561214,"request_end":1576628565361,"request_duration":4147,"type":"2048"}
{"start":1576628561609,"end":1576628565336,"duration":3727,"downloading_duration":994,"execution_duration":2058,"uploading_duration":675,"executable":"ellipsoids-openmp","args":["1.dat","118.log","118.xoutput"],"id":74,"resource":"2048","request_start":1576628561222,"request_end":1576628565364,"request_duration":4142,"type":"2048"}
{"start":1576628561569,"end":1576628565341,"duration":3772,"downloading_duration":998,"execution_duration":2167,"uploading_duration":607,"executable":"ellipsoids-openmp","args":["1.dat","18.log","18.xoutput"],"id":64,"resource":"2048","request_start":1576628561212,"request_end":1576628565365,"request_duration":4153,"type":"2048"}
{"start":1576628561572,"end":1576628565344,"duration":3772,"downloading_duration":1005,"execution_duration":2216,"uploading_duration":551,"executable":"ellipsoids-openmp","args":["1.dat","113.log","113.xoutput"],"id":69,"resource":"2048","request_start":1576628561217,"request_end":1576628565371,"request_duration":4154,"type":"2048"}
{"start":1576628561648,"end":1576628565346,"duration":3698,"downloading_duration":999,"execution_duration":2141,"uploading_duration":558,"executable":"ellipsoids-openmp","args":["1.dat","137.log","137.xoutput"],"id":93,"resource":"2048","request_start":1576628561244,"request_end":1576628565373,"request_duration":4129,"type":"2048"}
{"start":1576628561554,"end":1576628565368,"duration":3814,"downloading_duration":990,"execution_duration":2226,"uploading_duration":598,"executable":"ellipsoids-openmp","args":["1.dat","146.log","146.xoutput"],"id":102,"resource":"2048","request_start":1576628561195,"request_end":1576628565389,"request_duration":4194,"type":"2048"}
{"start":1576628561561,"end":1576628565373,"duration":3812,"downloading_duration":1000,"execution_duration":2196,"uploading_duration":616,"executable":"ellipsoids-openmp","args":["1.dat","15.log","15.xoutput"],"id":61,"resource":"2048","request_start":1576628561206,"request_end":1576628565397,"request_duration":4191,"type":"2048"}
{"start":1576628561577,"end":1576628565386,"duration":3809,"downloading_duration":1123,"execution_duration":2087,"uploading_duration":599,"executable":"ellipsoids-openmp","args":["1.dat","17.log","17.xoutput"],"id":63,"resource":"2048","request_start":1576628561211,"request_end":1576628565408,"request_duration":4197,"type":"2048"}
{"start":1576628561624,"end":1576628565393,"duration":3769,"downloading_duration":1031,"execution_duration":2136,"uploading_duration":602,"executable":"ellipsoids-openmp","args":["1.dat","134.log","134.xoutput"],"id":90,"resource":"2048","request_start":1576628561241,"request_end":1576628565419,"request_duration":4178,"type":"2048"}
{"start":1576628561570,"end":1576628565403,"duration":3833,"downloading_duration":993,"execution_duration":2250,"uploading_duration":590,"executable":"ellipsoids-openmp","args":["1.dat","116.log","116.xoutput"],"id":72,"resource":"2048","request_start":1576628561220,"request_end":1576628565421,"request_duration":4201,"type":"2048"}
{"start":1576628561615,"end":1576628565405,"duration":3790,"downloading_duration":1024,"execution_duration":2194,"uploading_duration":572,"executable":"ellipsoids-openmp","args":["1.dat","117.log","117.xoutput"],"id":73,"resource":"2048","request_start":1576628561221,"request_end":1576628565427,"request_duration":4206,"type":"2048"}
{"start":1576628561558,"end":1576628565410,"duration":3852,"downloading_duration":1074,"execution_duration":2154,"uploading_duration":624,"executable":"ellipsoids-openmp","args":["1.dat","10.log","10.xoutput"],"id":56,"resource":"2048","request_start":1576628561201,"request_end":1576628565429,"request_duration":4228,"type":"2048"}
{"start":1576628561557,"end":1576628565413,"duration":3856,"downloading_duration":1082,"execution_duration":2210,"uploading_duration":564,"executable":"ellipsoids-openmp","args":["1.dat","14.log","14.xoutput"],"id":60,"resource":"2048","request_start":1576628561205,"request_end":1576628565435,"request_duration":4230,"type":"2048"}
{"start":1576628561562,"end":1576628565415,"duration":3853,"downloading_duration":997,"execution_duration":2268,"uploading_duration":588,"executable":"ellipsoids-openmp","args":["1.dat","13.log","13.xoutput"],"id":59,"resource":"2048","request_start":1576628561204,"request_end":1576628565437,"request_duration":4233,"type":"2048"}
{"start":1576628561619,"end":1576628565416,"duration":3797,"downloading_duration":1025,"execution_duration":2204,"uploading_duration":568,"executable":"ellipsoids-openmp","args":["1.dat","126.log","126.xoutput"],"id":82,"resource":"2048","request_start":1576628561230,"request_end":1576628565438,"request_duration":4208,"type":"2048"}
{"start":1576628561613,"end":1576628565423,"duration":3810,"downloading_duration":1050,"execution_duration":2194,"uploading_duration":566,"executable":"ellipsoids-openmp","args":["1.dat","119.log","119.xoutput"],"id":75,"resource":"2048","request_start":1576628561223,"request_end":1576628565450,"request_duration":4227,"type":"2048"}
{"start":1576628561558,"end":1576628565424,"duration":3866,"downloading_duration":1106,"execution_duration":2144,"uploading_duration":616,"executable":"ellipsoids-openmp","args":["1.dat","12.log","12.xoutput"],"id":58,"resource":"2048","request_start":1576628561203,"request_end":1576628565451,"request_duration":4248,"type":"2048"}
{"start":1576628561640,"end":1576628565425,"duration":3785,"downloading_duration":995,"execution_duration":2132,"uploading_duration":658,"executable":"ellipsoids-openmp","args":["1.dat","131.log","131.xoutput"],"id":87,"resource":"2048","request_start":1576628561238,"request_end":1576628565451,"request_duration":4213,"type":"2048"}
{"start":1576628561616,"end":1576628565435,"duration":3819,"downloading_duration":1001,"execution_duration":2217,"uploading_duration":601,"executable":"ellipsoids-openmp","args":["1.dat","122.log","122.xoutput"],"id":78,"resource":"2048","request_start":1576628561225,"request_end":1576628565461,"request_duration":4236,"type":"2048"}
{"start":1576628561557,"end":1576628565437,"duration":3880,"downloading_duration":1076,"execution_duration":2225,"uploading_duration":579,"executable":"ellipsoids-openmp","args":["1.dat","16.log","16.xoutput"],"id":62,"resource":"2048","request_start":1576628561208,"request_end":1576628565464,"request_duration":4256,"type":"2048"}
{"start":1576628561573,"end":1576628565451,"duration":3878,"downloading_duration":1153,"execution_duration":2130,"uploading_duration":595,"executable":"ellipsoids-openmp","args":["1.dat","111.log","111.xoutput"],"id":67,"resource":"2048","request_start":1576628561215,"request_end":1576628565471,"request_duration":4256,"type":"2048"}
{"start":1576628561620,"end":1576628565476,"duration":3856,"downloading_duration":1083,"execution_duration":2202,"uploading_duration":571,"executable":"ellipsoids-openmp","args":["1.dat","132.log","132.xoutput"],"id":88,"resource":"2048","request_start":1576628561239,"request_end":1576628565493,"request_duration":4254,"type":"2048"}
{"start":1576628561608,"end":1576628565493,"duration":3885,"downloading_duration":1147,"execution_duration":2123,"uploading_duration":615,"executable":"ellipsoids-openmp","args":["1.dat","121.log","121.xoutput"],"id":77,"resource":"2048","request_start":1576628561224,"request_end":1576628565510,"request_duration":4286,"type":"2048"}
{"start":1576628561615,"end":1576628565494,"duration":3879,"downloading_duration":1087,"execution_duration":2135,"uploading_duration":657,"executable":"ellipsoids-openmp","args":["1.dat","123.log","123.xoutput"],"id":79,"resource":"2048","request_start":1576628561226,"request_end":1576628565515,"request_duration":4289,"type":"2048"}
{"start":1576628561649,"end":1576628565504,"duration":3855,"downloading_duration":1048,"execution_duration":2115,"uploading_duration":692,"executable":"ellipsoids-openmp","args":["1.dat","139.log","139.xoutput"],"id":95,"resource":"2048","request_start":1576628561245,"request_end":1576628565522,"request_duration":4277,"type":"2048"}
{"start":1576628561651,"end":1576628565505,"duration":3854,"downloading_duration":995,"execution_duration":2144,"uploading_duration":715,"executable":"ellipsoids-openmp","args":["1.dat","141.log","141.xoutput"],"id":97,"resource":"2048","request_start":1576628561247,"request_end":1576628565526,"request_duration":4279,"type":"2048"}
{"start":1576628561644,"end":1576628565506,"duration":3862,"downloading_duration":1072,"execution_duration":2124,"uploading_duration":666,"executable":"ellipsoids-openmp","args":["1.dat","128.log","128.xoutput"],"id":84,"resource":"2048","request_start":1576628561233,"request_end":1576628565527,"request_duration":4294,"type":"2048"}
{"start":1576628561640,"end":1576628565521,"duration":3881,"downloading_duration":1079,"execution_duration":2135,"uploading_duration":667,"executable":"ellipsoids-openmp","args":["1.dat","138.log","138.xoutput"],"id":94,"resource":"2048","request_start":1576628561244,"request_end":1576628565541,"request_duration":4297,"type":"2048"}
{"start":1576628561630,"end":1576628565544,"duration":3914,"downloading_duration":1176,"execution_duration":2108,"uploading_duration":630,"executable":"ellipsoids-openmp","args":["1.dat","120.log","120.xoutput"],"id":76,"resource":"2048","request_start":1576628561223,"request_end":1576628565569,"request_duration":4346,"type":"2048"}
{"start":1576628561651,"end":1576628565553,"duration":3902,"downloading_duration":1133,"execution_duration":2106,"uploading_duration":663,"executable":"ellipsoids-openmp","args":["1.dat","136.log","136.xoutput"],"id":92,"resource":"2048","request_start":1576628561243,"request_end":1576628565575,"request_duration":4332,"type":"2048"}
{"start":1576628561613,"end":1576628565569,"duration":3956,"downloading_duration":1121,"execution_duration":2210,"uploading_duration":625,"executable":"ellipsoids-openmp","args":["1.dat","125.log","125.xoutput"],"id":81,"resource":"2048","request_start":1576628561229,"request_end":1576628565591,"request_duration":4362,"type":"2048"}
{"start":1576628561639,"end":1576628565578,"duration":3939,"downloading_duration":1119,"execution_duration":2161,"uploading_duration":659,"executable":"ellipsoids-openmp","args":["1.dat","133.log","133.xoutput"],"id":89,"resource":"2048","request_start":1576628561240,"request_end":1576628565597,"request_duration":4357,"type":"2048"}
{"start":1576628561645,"end":1576628565627,"duration":3982,"downloading_duration":1085,"execution_duration":2217,"uploading_duration":680,"executable":"ellipsoids-openmp","args":["1.dat","135.log","135.xoutput"],"id":91,"resource":"2048","request_start":1576628561242,"request_end":1576628565651,"request_duration":4409,"type":"2048"}
{"start":1576628561632,"end":1576628565639,"duration":4007,"downloading_duration":1085,"execution_duration":2122,"uploading_duration":800,"executable":"ellipsoids-openmp","args":["1.dat","130.log","130.xoutput"],"id":86,"resource":"2048","request_start":1576628561237,"request_end":1576628565658,"request_duration":4421,"type":"2048"}
{"start":1576628561637,"end":1576628565697,"duration":4060,"downloading_duration":1388,"execution_duration":2092,"uploading_duration":580,"executable":"ellipsoids-openmp","args":["1.dat","127.log","127.xoutput"],"id":83,"resource":"2048","request_start":1576628561232,"request_end":1576628565738,"request_duration":4506,"type":"2048"}
{"start":1576628561624,"end":1576628566386,"duration":4762,"downloading_duration":2071,"execution_duration":2126,"uploading_duration":565,"executable":"ellipsoids-openmp","args":["1.dat","124.log","124.xoutput"],"id":80,"resource":"2048","request_start":1576628561228,"request_end":1576628566407,"request_duration":5179,"type":"2048"}
{"start":1576628564911,"end":1576628568405,"duration":3494,"downloading_duration":1041,"execution_duration":1763,"uploading_duration":690,"executable":"ellipsoids-openmp","args":["0.dat","04.log","04.xoutput"],"id":10,"resource":"2048","request_start":1576628561315,"request_end":1576628568425,"request_duration":7110,"type":"2048"}
{"start":1576628565231,"end":1576628568906,"duration":3675,"downloading_duration":980,"execution_duration":2134,"uploading_duration":561,"executable":"ellipsoids-openmp","args":["0.dat","05.log","05.xoutput"],"id":11,"resource":"2048","request_start":1576628561315,"request_end":1576628568927,"request_duration":7612,"type":"2048"}
{"start":1576628565383,"end":1576628568953,"duration":3570,"downloading_duration":993,"execution_duration":2005,"uploading_duration":572,"executable":"ellipsoids-openmp","args":["0.dat","017.log","017.xoutput"],"id":23,"resource":"2048","request_start":1576628561322,"request_end":1576628568974,"request_duration":7652,"type":"2048"}
{"start":1576628565323,"end":1576628568984,"duration":3661,"downloading_duration":1026,"execution_duration":2055,"uploading_duration":580,"executable":"ellipsoids-openmp","args":["0.dat","07.log","07.xoutput"],"id":13,"resource":"2048","request_start":1576628561316,"request_end":1576628569004,"request_duration":7688,"type":"2048"}
{"start":1576628565335,"end":1576628569025,"duration":3690,"downloading_duration":982,"execution_duration":2105,"uploading_duration":603,"executable":"ellipsoids-openmp","args":["0.dat","09.log","09.xoutput"],"id":15,"resource":"2048","request_start":1576628561318,"request_end":1576628569046,"request_duration":7728,"type":"2048"}
{"start":1576628565451,"end":1576628569029,"duration":3578,"downloading_duration":1013,"execution_duration":1941,"uploading_duration":624,"executable":"ellipsoids-openmp","args":["0.dat","027.log","027.xoutput"],"id":33,"resource":"2048","request_start":1576628561331,"request_end":1576628569052,"request_duration":7721,"type":"2048"}
{"start":1576628565351,"end":1576628569054,"duration":3703,"downloading_duration":980,"execution_duration":2109,"uploading_duration":614,"executable":"ellipsoids-openmp","args":["0.dat","011.log","011.xoutput"],"id":17,"resource":"2048","request_start":1576628561319,"request_end":1576628569073,"request_duration":7754,"type":"2048"}
{"start":1576628565326,"end":1576628569077,"duration":3751,"downloading_duration":1066,"execution_duration":2120,"uploading_duration":565,"executable":"ellipsoids-openmp","args":["0.dat","08.log","08.xoutput"],"id":14,"resource":"2048","request_start":1576628561317,"request_end":1576628569096,"request_duration":7779,"type":"2048"}
{"start":1576628565373,"end":1576628569120,"duration":3747,"downloading_duration":1030,"execution_duration":2113,"uploading_duration":604,"executable":"ellipsoids-openmp","args":["0.dat","013.log","013.xoutput"],"id":19,"resource":"2048","request_start":1576628561320,"request_end":1576628569139,"request_duration":7819,"type":"2048"}
{"start":1576628565390,"end":1576628569121,"duration":3731,"downloading_duration":993,"execution_duration":2174,"uploading_duration":564,"executable":"ellipsoids-openmp","args":["0.dat","018.log","018.xoutput"],"id":24,"resource":"2048","request_start":1576628561322,"request_end":1576628569141,"request_duration":7819,"type":"2048"}
{"start":1576628565397,"end":1576628569135,"duration":3738,"downloading_duration":987,"execution_duration":2132,"uploading_duration":619,"executable":"ellipsoids-openmp","args":["0.dat","020.log","020.xoutput"],"id":26,"resource":"2048","request_start":1576628561324,"request_end":1576628569154,"request_duration":7830,"type":"2048"}
{"start":1576628565382,"end":1576628569142,"duration":3760,"downloading_duration":1158,"execution_duration":2046,"uploading_duration":556,"executable":"ellipsoids-openmp","args":["0.dat","015.log","015.xoutput"],"id":21,"resource":"2048","request_start":1576628561321,"request_end":1576628569159,"request_duration":7838,"type":"2048"}
{"start":1576628565373,"end":1576628569143,"duration":3770,"downloading_duration":1114,"execution_duration":2037,"uploading_duration":619,"executable":"ellipsoids-openmp","args":["0.dat","012.log","012.xoutput"],"id":18,"resource":"2048","request_start":1576628561319,"request_end":1576628569163,"request_duration":7844,"type":"2048"}
{"start":1576628565448,"end":1576628569156,"duration":3708,"downloading_duration":992,"execution_duration":2156,"uploading_duration":560,"executable":"ellipsoids-openmp","args":["0.dat","026.log","026.xoutput"],"id":32,"resource":"2048","request_start":1576628561330,"request_end":1576628569174,"request_duration":7844,"type":"2048"}
{"start":1576628565401,"end":1576628569162,"duration":3761,"downloading_duration":1073,"execution_duration":2101,"uploading_duration":587,"executable":"ellipsoids-openmp","args":["0.dat","021.log","021.xoutput"],"id":27,"resource":"2048","request_start":1576628561324,"request_end":1576628569183,"request_duration":7859,"type":"2048"}
{"start":1576628565389,"end":1576628569167,"duration":3778,"downloading_duration":1069,"execution_duration":2088,"uploading_duration":621,"executable":"ellipsoids-openmp","args":["0.dat","010.log","010.xoutput"],"id":16,"resource":"2048","request_start":1576628561318,"request_end":1576628569188,"request_duration":7870,"type":"2048"}
{"start":1576628565439,"end":1576628569180,"duration":3741,"downloading_duration":1002,"execution_duration":2126,"uploading_duration":613,"executable":"ellipsoids-openmp","args":["0.dat","024.log","024.xoutput"],"id":30,"resource":"2048","request_start":1576628561329,"request_end":1576628569206,"request_duration":7877,"type":"2048"}
{"start":1576628565306,"end":1576628569181,"duration":3875,"downloading_duration":990,"execution_duration":2159,"uploading_duration":726,"executable":"ellipsoids-openmp","args":["0.dat","06.log","06.xoutput"],"id":12,"resource":"2048","request_start":1576628561316,"request_end":1576628569209,"request_duration":7893,"type":"2048"}
{"start":1576628565438,"end":1576628569181,"duration":3743,"downloading_duration":1004,"execution_duration":2172,"uploading_duration":567,"executable":"ellipsoids-openmp","args":["0.dat","025.log","025.xoutput"],"id":31,"resource":"2048","request_start":1576628561330,"request_end":1576628569211,"request_duration":7881,"type":"2048"}
{"start":1576628565376,"end":1576628569213,"duration":3837,"downloading_duration":1128,"execution_duration":2142,"uploading_duration":567,"executable":"ellipsoids-openmp","args":["0.dat","014.log","014.xoutput"],"id":20,"resource":"2048","request_start":1576628561320,"request_end":1576628569232,"request_duration":7912,"type":"2048"}
{"start":1576628565566,"end":1576628569219,"duration":3653,"downloading_duration":992,"execution_duration":2093,"uploading_duration":568,"executable":"ellipsoids-openmp","args":["0.dat","045.log","045.xoutput"],"id":51,"resource":"2048","request_start":1576628561341,"request_end":1576628569236,"request_duration":7895,"type":"2048"}
{"start":1576628565396,"end":1576628569224,"duration":3828,"downloading_duration":1189,"execution_duration":2041,"uploading_duration":598,"executable":"ellipsoids-openmp","args":["0.dat","019.log","019.xoutput"],"id":25,"resource":"2048","request_start":1576628561323,"request_end":1576628569243,"request_duration":7920,"type":"2048"}
{"start":1576628565455,"end":1576628569224,"duration":3769,"downloading_duration":987,"execution_duration":2157,"uploading_duration":625,"executable":"ellipsoids-openmp","args":["0.dat","028.log","028.xoutput"],"id":34,"resource":"2048","request_start":1576628561331,"request_end":1576628569245,"request_duration":7914,"type":"2048"}
{"start":1576628565467,"end":1576628569225,"duration":3758,"downloading_duration":1055,"execution_duration":2137,"uploading_duration":566,"executable":"ellipsoids-openmp","args":["0.dat","030.log","030.xoutput"],"id":36,"resource":"2048","request_start":1576628561332,"request_end":1576628569247,"request_duration":7915,"type":"2048"}
{"start":1576628565545,"end":1576628569234,"duration":3689,"downloading_duration":997,"execution_duration":2128,"uploading_duration":564,"executable":"ellipsoids-openmp","args":["0.dat","041.log","041.xoutput"],"id":47,"resource":"2048","request_start":1576628561339,"request_end":1576628569256,"request_duration":7917,"type":"2048"}
{"start":1576628565382,"end":1576628569241,"duration":3859,"downloading_duration":1101,"execution_duration":2168,"uploading_duration":590,"executable":"ellipsoids-openmp","args":["0.dat","016.log","016.xoutput"],"id":22,"resource":"2048","request_start":1576628561321,"request_end":1576628569261,"request_duration":7940,"type":"2048"}
{"start":1576628565462,"end":1576628569257,"duration":3795,"downloading_duration":1072,"execution_duration":2145,"uploading_duration":578,"executable":"ellipsoids-openmp","args":["0.dat","029.log","029.xoutput"],"id":35,"resource":"2048","request_start":1576628561332,"request_end":1576628569276,"request_duration":7944,"type":"2048"}
{"start":1576628565520,"end":1576628569270,"duration":3750,"downloading_duration":1001,"execution_duration":2119,"uploading_duration":630,"executable":"ellipsoids-openmp","args":["0.dat","039.log","039.xoutput"],"id":45,"resource":"2048","request_start":1576628561338,"request_end":1576628569289,"request_duration":7951,"type":"2048"}
{"start":1576628565402,"end":1576628569277,"duration":3875,"downloading_duration":1052,"execution_duration":2139,"uploading_duration":684,"executable":"ellipsoids-openmp","args":["0.dat","022.log","022.xoutput"],"id":28,"resource":"2048","request_start":1576628561325,"request_end":1576628569297,"request_duration":7972,"type":"2048"}
{"start":1576628565464,"end":1576628569283,"duration":3819,"downloading_duration":1069,"execution_duration":2188,"uploading_duration":562,"executable":"ellipsoids-openmp","args":["0.dat","031.log","031.xoutput"],"id":37,"resource":"2048","request_start":1576628561333,"request_end":1576628569303,"request_duration":7970,"type":"2048"}
{"start":1576628565556,"end":1576628569285,"duration":3729,"downloading_duration":996,"execution_duration":2031,"uploading_duration":702,"executable":"ellipsoids-openmp","args":["0.dat","043.log","043.xoutput"],"id":49,"resource":"2048","request_start":1576628561340,"request_end":1576628569306,"request_duration":7966,"type":"2048"}
{"start":1576628565497,"end":1576628569298,"duration":3801,"downloading_duration":1083,"execution_duration":2142,"uploading_duration":576,"executable":"ellipsoids-openmp","args":["0.dat","038.log","038.xoutput"],"id":44,"resource":"2048","request_start":1576628561337,"request_end":1576628569316,"request_duration":7979,"type":"2048"}
{"start":1576628565470,"end":1576628569300,"duration":3830,"downloading_duration":1087,"execution_duration":2162,"uploading_duration":581,"executable":"ellipsoids-openmp","args":["0.dat","032.log","032.xoutput"],"id":38,"resource":"2048","request_start":1576628561333,"request_end":1576628569320,"request_duration":7987,"type":"2048"}
{"start":1576628565553,"end":1576628569319,"duration":3766,"downloading_duration":1034,"execution_duration":2154,"uploading_duration":578,"executable":"ellipsoids-openmp","args":["0.dat","044.log","044.xoutput"],"id":50,"resource":"2048","request_start":1576628561340,"request_end":1576628569338,"request_duration":7998,"type":"2048"}
{"start":1576628565482,"end":1576628569334,"duration":3852,"downloading_duration":1068,"execution_duration":2134,"uploading_duration":650,"executable":"ellipsoids-openmp","args":["0.dat","034.log","034.xoutput"],"id":40,"resource":"2048","request_start":1576628561335,"request_end":1576628569353,"request_duration":8018,"type":"2048"}
{"start":1576628565481,"end":1576628569334,"duration":3853,"downloading_duration":1081,"execution_duration":2155,"uploading_duration":617,"executable":"ellipsoids-openmp","args":["0.dat","033.log","033.xoutput"],"id":39,"resource":"2048","request_start":1576628561334,"request_end":1576628569357,"request_duration":8023,"type":"2048"}
{"start":1576628565541,"end":1576628569340,"duration":3799,"downloading_duration":1006,"execution_duration":2168,"uploading_duration":625,"executable":"ellipsoids-openmp","args":["0.dat","040.log","040.xoutput"],"id":46,"resource":"2048","request_start":1576628561338,"request_end":1576628569361,"request_duration":8023,"type":"2048"}
{"start":1576628565484,"end":1576628569364,"duration":3880,"downloading_duration":1169,"execution_duration":2147,"uploading_duration":564,"executable":"ellipsoids-openmp","args":["0.dat","035.log","035.xoutput"],"id":41,"resource":"2048","request_start":1576628561335,"request_end":1576628569384,"request_duration":8049,"type":"2048"}
{"start":1576628565547,"end":1576628569365,"duration":3818,"downloading_duration":1078,"execution_duration":2144,"uploading_duration":596,"executable":"ellipsoids-openmp","args":["0.dat","042.log","042.xoutput"],"id":48,"resource":"2048","request_start":1576628561339,"request_end":1576628569386,"request_duration":8047,"type":"2048"}
{"start":1576628565618,"end":1576628569371,"duration":3753,"downloading_duration":984,"execution_duration":2134,"uploading_duration":635,"executable":"ellipsoids-openmp","args":["0.dat","048.log","048.xoutput"],"id":54,"resource":"2048","request_start":1576628561342,"request_end":1576628569391,"request_duration":8049,"type":"2048"}
{"start":1576628565600,"end":1576628569401,"duration":3801,"downloading_duration":1001,"execution_duration":2147,"uploading_duration":653,"executable":"ellipsoids-openmp","args":["0.dat","046.log","046.xoutput"],"id":52,"resource":"2048","request_start":1576628561341,"request_end":1576628569420,"request_duration":8079,"type":"2048"}
{"start":1576628565624,"end":1576628569411,"duration":3787,"downloading_duration":1078,"execution_duration":2122,"uploading_duration":587,"executable":"ellipsoids-openmp","args":["0.dat","049.log","049.xoutput"],"id":55,"resource":"2048","request_start":1576628561343,"request_end":1576628569433,"request_duration":8090,"type":"2048"}
{"start":1576628565608,"end":1576628569429,"duration":3821,"downloading_duration":1023,"execution_duration":2158,"uploading_duration":640,"executable":"ellipsoids-openmp","args":["0.dat","047.log","047.xoutput"],"id":53,"resource":"2048","request_start":1576628561342,"request_end":1576628569452,"request_duration":8110,"type":"2048"}
{"start":1576628565767,"end":1576628569435,"duration":3668,"downloading_duration":980,"execution_duration":2106,"uploading_duration":582,"executable":"ellipsoids-openmp","args":["0.dat","02.log","02.xoutput"],"id":8,"resource":"2048","request_start":1576628561344,"request_end":1576628569454,"request_duration":8110,"type":"2048"}
{"start":1576628565491,"end":1576628569445,"duration":3954,"downloading_duration":996,"execution_duration":2151,"uploading_duration":807,"executable":"ellipsoids-openmp","args":["0.dat","036.log","036.xoutput"],"id":42,"resource":"2048","request_start":1576628561336,"request_end":1576628569465,"request_duration":8129,"type":"2048"}
{"start":1576628565683,"end":1576628569492,"duration":3809,"downloading_duration":1014,"execution_duration":2165,"uploading_duration":630,"executable":"ellipsoids-openmp","args":["0.dat","01.log","01.xoutput"],"id":7,"resource":"2048","request_start":1576628561344,"request_end":1576628569515,"request_duration":8171,"type":"2048"}
{"start":1576628565432,"end":1576628569497,"duration":4065,"downloading_duration":1086,"execution_duration":2111,"uploading_duration":868,"executable":"ellipsoids-openmp","args":["0.dat","023.log","023.xoutput"],"id":29,"resource":"2048","request_start":1576628561328,"request_end":1576628569517,"request_duration":8189,"type":"2048"}
{"start":1576628565492,"end":1576628569513,"duration":4021,"downloading_duration":1186,"execution_duration":2112,"uploading_duration":723,"executable":"ellipsoids-openmp","args":["0.dat","037.log","037.xoutput"],"id":43,"resource":"2048","request_start":1576628561336,"request_end":1576628569532,"request_duration":8196,"type":"2048"}
{"start":1576628565680,"end":1576628569596,"duration":3916,"downloading_duration":1174,"execution_duration":2143,"uploading_duration":599,"executable":"ellipsoids-openmp","args":["0.dat","00.log","00.xoutput"],"id":6,"resource":"2048","request_start":1576628561343,"request_end":1576628569638,"request_duration":8295,"type":"2048"}
{"start":1576628566434,"end":1576628570394,"duration":3960,"downloading_duration":1080,"execution_duration":2299,"uploading_duration":581,"executable":"ellipsoids-openmp","args":["0.dat","03.log","03.xoutput"],"id":9,"resource":"2048","request_start":1576628561345,"request_end":1576628570413,"request_duration":9068,"type":"2048"}
{"start":1576628568451,"end":1576628571832,"duration":3381,"downloading_duration":1034,"execution_duration":1739,"uploading_duration":608,"executable":"ellipsoids-openmp","args":["2.dat","20.log","20.xoutput"],"id":106,"resource":"2048","request_start":1576628561408,"request_end":1576628571855,"request_duration":10447,"type":"2048"}
{"start":1576628568956,"end":1576628572789,"duration":3833,"downloading_duration":990,"execution_duration":2210,"uploading_duration":633,"executable":"ellipsoids-openmp","args":["2.dat","21.log","21.xoutput"],"id":107,"resource":"2048","request_start":1576628561409,"request_end":1576628572808,"request_duration":11399,"type":"2048"}
{"start":1576628569007,"end":1576628572918,"duration":3911,"downloading_duration":1070,"execution_duration":2281,"uploading_duration":560,"executable":"ellipsoids-openmp","args":["2.dat","22.log","22.xoutput"],"id":108,"resource":"2048","request_start":1576628561411,"request_end":1576628572936,"request_duration":11525,"type":"2048"}
{"start":1576628569075,"end":1576628573028,"duration":3953,"downloading_duration":1011,"execution_duration":2346,"uploading_duration":596,"executable":"ellipsoids-openmp","args":["2.dat","24.log","24.xoutput"],"id":110,"resource":"2048","request_start":1576628561413,"request_end":1576628573052,"request_duration":11639,"type":"2048"}
{"start":1576628569033,"end":1576628573047,"duration":4014,"downloading_duration":1077,"execution_duration":2354,"uploading_duration":583,"executable":"ellipsoids-openmp","args":["2.dat","23.log","23.xoutput"],"id":109,"resource":"2048","request_start":1576628561412,"request_end":1576628573065,"request_duration":11653,"type":"2048"}
{"start":1576628569181,"end":1576628573095,"duration":3914,"downloading_duration":1004,"execution_duration":2316,"uploading_duration":594,"executable":"ellipsoids-openmp","args":["2.dat","210.log","210.xoutput"],"id":116,"resource":"2048","request_start":1576628561419,"request_end":1576628573114,"request_duration":11695,"type":"2048"}
{"start":1576628569126,"end":1576628573095,"duration":3969,"downloading_duration":1066,"execution_duration":2335,"uploading_duration":568,"executable":"ellipsoids-openmp","args":["2.dat","27.log","27.xoutput"],"id":113,"resource":"2048","request_start":1576628561416,"request_end":1576628573118,"request_duration":11702,"type":"2048"}
{"start":1576628569204,"end":1576628573106,"duration":3902,"downloading_duration":1006,"execution_duration":2281,"uploading_duration":615,"executable":"ellipsoids-openmp","args":["2.dat","213.log","213.xoutput"],"id":119,"resource":"2048","request_start":1576628561421,"request_end":1576628573126,"request_duration":11705,"type":"2048"}
{"start":1576628569081,"end":1576628573109,"duration":4028,"downloading_duration":1033,"execution_duration":2407,"uploading_duration":588,"executable":"ellipsoids-openmp","args":["2.dat","25.log","25.xoutput"],"id":111,"resource":"2048","request_start":1576628561414,"request_end":1576628573130,"request_duration":11716,"type":"2048"}
{"start":1576628569328,"end":1576628573128,"duration":3800,"downloading_duration":986,"execution_duration":2251,"uploading_duration":563,"executable":"ellipsoids-openmp","args":["2.dat","228.log","228.xoutput"],"id":134,"resource":"2048","request_start":1576628561432,"request_end":1576628573146,"request_duration":11714,"type":"2048"}
{"start":1576628569274,"end":1576628573143,"duration":3869,"downloading_duration":1071,"execution_duration":2243,"uploading_duration":555,"executable":"ellipsoids-openmp","args":["2.dat","221.log","221.xoutput"],"id":127,"resource":"2048","request_start":1576628561427,"request_end":1576628573164,"request_duration":11737,"type":"2048"}
{"start":1576628569264,"end":1576628573156,"duration":3892,"downloading_duration":984,"execution_duration":2290,"uploading_duration":618,"executable":"ellipsoids-openmp","args":["2.dat","220.log","220.xoutput"],"id":126,"resource":"2048","request_start":1576628561426,"request_end":1576628573176,"request_duration":11750,"type":"2048"}
{"start":1576628569174,"end":1576628573169,"duration":3995,"downloading_duration":1047,"execution_duration":2326,"uploading_duration":622,"executable":"ellipsoids-openmp","args":["2.dat","29.log","29.xoutput"],"id":115,"resource":"2048","request_start":1576628561418,"request_end":1576628573189,"request_duration":11771,"type":"2048"}
{"start":1576628569166,"end":1576628573171,"duration":4005,"downloading_duration":1013,"execution_duration":2385,"uploading_duration":607,"executable":"ellipsoids-openmp","args":["2.dat","28.log","28.xoutput"],"id":114,"resource":"2048","request_start":1576628561417,"request_end":1576628573191,"request_duration":11774,"type":"2048"}
{"start":1576628569236,"end":1576628573177,"duration":3941,"downloading_duration":1076,"execution_duration":2253,"uploading_duration":612,"executable":"ellipsoids-openmp","args":["2.dat","216.log","216.xoutput"],"id":122,"resource":"2048","request_start":1576628561424,"request_end":1576628573200,"request_duration":11776,"type":"2048"}
{"start":1576628569236,"end":1576628573183,"duration":3947,"downloading_duration":1067,"execution_duration":2280,"uploading_duration":600,"executable":"ellipsoids-openmp","args":["2.dat","217.log","217.xoutput"],"id":123,"resource":"2048","request_start":1576628561424,"request_end":1576628573206,"request_duration":11782,"type":"2048"}
{"start":1576628569219,"end":1576628573193,"duration":3974,"downloading_duration":1087,"execution_duration":2251,"uploading_duration":636,"executable":"ellipsoids-openmp","args":["2.dat","214.log","214.xoutput"],"id":120,"resource":"2048","request_start":1576628561422,"request_end":1576628573214,"request_duration":11792,"type":"2048"}
{"start":1576628569274,"end":1576628573210,"duration":3936,"downloading_duration":1026,"execution_duration":2298,"uploading_duration":612,"executable":"ellipsoids-openmp","args":["2.dat","222.log","222.xoutput"],"id":128,"resource":"2048","request_start":1576628561428,"request_end":1576628573232,"request_duration":11804,"type":"2048"}
{"start":1576628569192,"end":1576628573226,"duration":4034,"downloading_duration":1062,"execution_duration":2400,"uploading_duration":572,"executable":"ellipsoids-openmp","args":["2.dat","212.log","212.xoutput"],"id":118,"resource":"2048","request_start":1576628561420,"request_end":1576628573246,"request_duration":11826,"type":"2048"}
{"start":1576628569186,"end":1576628573236,"duration":4050,"downloading_duration":1068,"execution_duration":2345,"uploading_duration":637,"executable":"ellipsoids-openmp","args":["2.dat","211.log","211.xoutput"],"id":117,"resource":"2048","request_start":1576628561420,"request_end":1576628573256,"request_duration":11836,"type":"2048"}
{"start":1576628569243,"end":1576628573241,"duration":3998,"downloading_duration":988,"execution_duration":2424,"uploading_duration":586,"executable":"ellipsoids-openmp","args":["2.dat","218.log","218.xoutput"],"id":124,"resource":"2048","request_start":1576628561425,"request_end":1576628573264,"request_duration":11839,"type":"2048"}
{"start":1576628569390,"end":1576628573250,"duration":3860,"downloading_duration":987,"execution_duration":2270,"uploading_duration":603,"executable":"ellipsoids-openmp","args":["2.dat","236.log","236.xoutput"],"id":142,"resource":"2048","request_start":1576628561436,"request_end":1576628573271,"request_duration":11835,"type":"2048"}
{"start":1576628569291,"end":1576628573254,"duration":3963,"downloading_duration":1101,"execution_duration":2297,"uploading_duration":565,"executable":"ellipsoids-openmp","args":["2.dat","225.log","225.xoutput"],"id":131,"resource":"2048","request_start":1576628561430,"request_end":1576628573277,"request_duration":11847,"type":"2048"}
{"start":1576628569313,"end":1576628573253,"duration":3940,"downloading_duration":978,"execution_duration":2313,"uploading_duration":649,"executable":"ellipsoids-openmp","args":["2.dat","226.log","226.xoutput"],"id":132,"resource":"2048","request_start":1576628561430,"request_end":1576628573279,"request_duration":11849,"type":"2048"}
{"start":1576628569348,"end":1576628573255,"duration":3907,"downloading_duration":989,"execution_duration":2351,"uploading_duration":567,"executable":"ellipsoids-openmp","args":["2.dat","231.log","231.xoutput"],"id":137,"resource":"2048","request_start":1576628561433,"request_end":1576628573280,"request_duration":11847,"type":"2048"}
{"start":1576628569387,"end":1576628573260,"duration":3873,"downloading_duration":985,"execution_duration":2286,"uploading_duration":602,"executable":"ellipsoids-openmp","args":["2.dat","235.log","235.xoutput"],"id":141,"resource":"2048","request_start":1576628561436,"request_end":1576628573283,"request_duration":11847,"type":"2048"}
{"start":1576628569369,"end":1576628573263,"duration":3894,"downloading_duration":1032,"execution_duration":2277,"uploading_duration":585,"executable":"ellipsoids-openmp","args":["2.dat","233.log","233.xoutput"],"id":139,"resource":"2048","request_start":1576628561435,"request_end":1576628573290,"request_duration":11855,"type":"2048"}
{"start":1576628569225,"end":1576628573272,"duration":4047,"downloading_duration":1080,"execution_duration":2347,"uploading_duration":620,"executable":"ellipsoids-openmp","args":["2.dat","215.log","215.xoutput"],"id":121,"resource":"2048","request_start":1576628561423,"request_end":1576628573296,"request_duration":11873,"type":"2048"}
{"start":1576628569258,"end":1576628573272,"duration":4014,"downloading_duration":1084,"execution_duration":2340,"uploading_duration":590,"executable":"ellipsoids-openmp","args":["2.dat","219.log","219.xoutput"],"id":125,"resource":"2048","request_start":1576628561426,"request_end":1576628573298,"request_duration":11872,"type":"2048"}
{"start":1576628569349,"end":1576628573279,"duration":3930,"downloading_duration":1037,"execution_duration":2299,"uploading_duration":594,"executable":"ellipsoids-openmp","args":["2.dat","232.log","232.xoutput"],"id":138,"resource":"2048","request_start":1576628561434,"request_end":1576628573299,"request_duration":11865,"type":"2048"}
{"start":1576628569420,"end":1576628573293,"duration":3873,"downloading_duration":1002,"execution_duration":2267,"uploading_duration":604,"executable":"ellipsoids-openmp","args":["2.dat","239.log","239.xoutput"],"id":145,"resource":"2048","request_start":1576628561438,"request_end":1576628573315,"request_duration":11877,"type":"2048"}
{"start":1576628569285,"end":1576628573298,"duration":4013,"downloading_duration":1077,"execution_duration":2348,"uploading_duration":588,"executable":"ellipsoids-openmp","args":["2.dat","224.log","224.xoutput"],"id":130,"resource":"2048","request_start":1576628561429,"request_end":1576628573320,"request_duration":11891,"type":"2048"}
{"start":1576628569412,"end":1576628573331,"duration":3919,"downloading_duration":987,"execution_duration":2364,"uploading_duration":568,"executable":"ellipsoids-openmp","args":["2.dat","237.log","237.xoutput"],"id":143,"resource":"2048","request_start":1576628561437,"request_end":1576628573351,"request_duration":11914,"type":"2048"}
{"start":1576628569460,"end":1576628573348,"duration":3888,"downloading_duration":1008,"execution_duration":2318,"uploading_duration":562,"executable":"ellipsoids-openmp","args":["2.dat","241.log","241.xoutput"],"id":147,"resource":"2048","request_start":1576628561439,"request_end":1576628573373,"request_duration":11934,"type":"2048"}
{"start":1576628569489,"end":1576628573370,"duration":3881,"downloading_duration":997,"execution_duration":2298,"uploading_duration":586,"executable":"ellipsoids-openmp","args":["2.dat","244.log","244.xoutput"],"id":150,"resource":"2048","request_start":1576628561441,"request_end":1576628573391,"request_duration":11950,"type":"2048"}
{"start":1576628569411,"end":1576628573371,"duration":3960,"downloading_duration":989,"execution_duration":2369,"uploading_duration":602,"executable":"ellipsoids-openmp","args":["2.dat","238.log","238.xoutput"],"id":144,"resource":"2048","request_start":1576628561437,"request_end":1576628573393,"request_duration":11956,"type":"2048"}
{"start":1576628569320,"end":1576628573407,"duration":4087,"downloading_duration":1175,"execution_duration":2334,"uploading_duration":578,"executable":"ellipsoids-openmp","args":["2.dat","227.log","227.xoutput"],"id":133,"resource":"2048","request_start":1576628561431,"request_end":1576628573426,"request_duration":11995,"type":"2048"}
{"start":1576628569276,"end":1576628573413,"duration":4137,"downloading_duration":1256,"execution_duration":2258,"uploading_duration":623,"executable":"ellipsoids-openmp","args":["2.dat","223.log","223.xoutput"],"id":129,"resource":"2048","request_start":1576628561428,"request_end":1576628573435,"request_duration":12007,"type":"2048"}
{"start":1576628569335,"end":1576628573413,"duration":4078,"downloading_duration":1098,"execution_duration":2352,"uploading_duration":628,"executable":"ellipsoids-openmp","args":["2.dat","230.log","230.xoutput"],"id":136,"resource":"2048","request_start":1576628561433,"request_end":1576628573436,"request_duration":12003,"type":"2048"}
{"start":1576628569483,"end":1576628573430,"duration":3947,"downloading_duration":1029,"execution_duration":2315,"uploading_duration":603,"executable":"ellipsoids-openmp","args":["2.dat","243.log","243.xoutput"],"id":149,"resource":"2048","request_start":1576628561440,"request_end":1576628573449,"request_duration":12009,"type":"2048"}
{"start":1576628569452,"end":1576628573434,"duration":3982,"downloading_duration":979,"execution_duration":2358,"uploading_duration":645,"executable":"ellipsoids-openmp","args":["2.dat","240.log","240.xoutput"],"id":146,"resource":"2048","request_start":1576628561438,"request_end":1576628573455,"request_duration":12017,"type":"2048"}
{"start":1576628569479,"end":1576628573478,"duration":3999,"downloading_duration":1073,"execution_duration":2282,"uploading_duration":644,"executable":"ellipsoids-openmp","args":["2.dat","242.log","242.xoutput"],"id":148,"resource":"2048","request_start":1576628561439,"request_end":1576628573496,"request_duration":12057,"type":"2048"}
{"start":1576628569329,"end":1576628573482,"duration":4153,"downloading_duration":1152,"execution_duration":2392,"uploading_duration":609,"executable":"ellipsoids-openmp","args":["2.dat","229.log","229.xoutput"],"id":135,"resource":"2048","request_start":1576628561432,"request_end":1576628573501,"request_duration":12069,"type":"2048"}
{"start":1576628569539,"end":1576628573495,"duration":3956,"downloading_duration":1078,"execution_duration":2259,"uploading_duration":619,"executable":"ellipsoids-openmp","args":["2.dat","245.log","245.xoutput"],"id":151,"resource":"2048","request_start":1576628561441,"request_end":1576628573629,"request_duration":12188,"type":"2048"}
{"start":1576628569382,"end":1576628573501,"duration":4119,"downloading_duration":1084,"execution_duration":2304,"uploading_duration":731,"executable":"ellipsoids-openmp","args":["2.dat","234.log","234.xoutput"],"id":140,"resource":"2048","request_start":1576628561435,"request_end":1576628573634,"request_duration":12199,"type":"2048"}
{"start":1576628569558,"end":1576628573543,"duration":3985,"downloading_duration":990,"execution_duration":2291,"uploading_duration":704,"executable":"ellipsoids-openmp","args":["2.dat","247.log","247.xoutput"],"id":153,"resource":"2048","request_start":1576628561442,"request_end":1576628573642,"request_duration":12200,"type":"2048"}
{"start":1576628569546,"end":1576628573598,"duration":4052,"downloading_duration":1161,"execution_duration":2307,"uploading_duration":584,"executable":"ellipsoids-openmp","args":["2.dat","246.log","246.xoutput"],"id":152,"resource":"2048","request_start":1576628561442,"request_end":1576628573645,"request_duration":12203,"type":"2048"}
{"start":1576628569668,"end":1576628573735,"duration":4067,"downloading_duration":1151,"execution_duration":2346,"uploading_duration":570,"executable":"ellipsoids-openmp","args":["2.dat","248.log","248.xoutput"],"id":154,"resource":"2048","request_start":1576628561443,"request_end":1576628573754,"request_duration":12311,"type":"2048"}
{"start":1576628570445,"end":1576628574419,"duration":3974,"downloading_duration":1082,"execution_duration":2295,"uploading_duration":597,"executable":"ellipsoids-openmp","args":["2.dat","249.log","249.xoutput"],"id":155,"resource":"2048","request_start":1576628561443,"request_end":1576628574439,"request_duration":12996,"type":"2048"}
{"start":1576628571883,"end":1576628575283,"duration":3400,"downloading_duration":1006,"execution_duration":1810,"uploading_duration":584,"executable":"ellipsoids-openmp","args":["3.dat","30.log","30.xoutput"],"id":156,"resource":"2048","request_start":1576628561444,"request_end":1576628575306,"request_duration":13862,"type":"2048"}
{"start":1576628572963,"end":1576628576713,"duration":3750,"downloading_duration":1057,"execution_duration":2118,"uploading_duration":575,"executable":"ellipsoids-openmp","args":["3.dat","32.log","32.xoutput"],"id":158,"resource":"2048","request_start":1576628561445,"request_end":1576628576735,"request_duration":15290,"type":"2048"}
{"start":1576628573148,"end":1576628576832,"duration":3684,"downloading_duration":1017,"execution_duration":2086,"uploading_duration":581,"executable":"ellipsoids-openmp","args":["3.dat","36.log","36.xoutput"],"id":162,"resource":"2048","request_start":1576628561447,"request_end":1576628576851,"request_duration":15404,"type":"2048"}
{"start":1576628573076,"end":1576628576834,"duration":3758,"downloading_duration":1077,"execution_duration":2107,"uploading_duration":574,"executable":"ellipsoids-openmp","args":["3.dat","33.log","33.xoutput"],"id":159,"resource":"2048","request_start":1576628561445,"request_end":1576628576854,"request_duration":15409,"type":"2048"}
{"start":1576628573090,"end":1576628576844,"duration":3754,"downloading_duration":1020,"execution_duration":2111,"uploading_duration":623,"executable":"ellipsoids-openmp","args":["3.dat","34.log","34.xoutput"],"id":160,"resource":"2048","request_start":1576628561446,"request_end":1576628576866,"request_duration":15420,"type":"2048"}
{"start":1576628573143,"end":1576628576858,"duration":3715,"downloading_duration":1033,"execution_duration":2117,"uploading_duration":565,"executable":"ellipsoids-openmp","args":["3.dat","35.log","35.xoutput"],"id":161,"resource":"2048","request_start":1576628561446,"request_end":1576628576876,"request_duration":15430,"type":"2048"}
{"start":1576628573203,"end":1576628576870,"duration":3667,"downloading_duration":996,"execution_duration":2084,"uploading_duration":587,"executable":"ellipsoids-openmp","args":["3.dat","311.log","311.xoutput"],"id":167,"resource":"2048","request_start":1576628561450,"request_end":1576628576889,"request_duration":15439,"type":"2048"}
{"start":1576628573189,"end":1576628576906,"duration":3717,"downloading_duration":1084,"execution_duration":2062,"uploading_duration":571,"executable":"ellipsoids-openmp","args":["3.dat","37.log","37.xoutput"],"id":163,"resource":"2048","request_start":1576628561447,"request_end":1576628576943,"request_duration":15496,"type":"2048"}
{"start":1576628573189,"end":1576628576939,"duration":3750,"downloading_duration":1041,"execution_duration":2111,"uploading_duration":598,"executable":"ellipsoids-openmp","args":["3.dat","310.log","310.xoutput"],"id":166,"resource":"2048","request_start":1576628561449,"request_end":1576628576957,"request_duration":15508,"type":"2048"}
{"start":1576628573161,"end":1576628576949,"duration":3788,"downloading_duration":1067,"execution_duration":2127,"uploading_duration":594,"executable":"ellipsoids-openmp","args":["3.dat","38.log","38.xoutput"],"id":164,"resource":"2048","request_start":1576628561448,"request_end":1576628576970,"request_duration":15522,"type":"2048"}
{"start":1576628573271,"end":1576628576959,"duration":3688,"downloading_duration":1042,"execution_duration":2072,"uploading_duration":574,"executable":"ellipsoids-openmp","args":["3.dat","318.log","318.xoutput"],"id":174,"resource":"2048","request_start":1576628561453,"request_end":1576628576979,"request_duration":15526,"type":"2048"}
{"start":1576628573236,"end":1576628576962,"duration":3726,"downloading_duration":1008,"execution_duration":2114,"uploading_duration":604,"executable":"ellipsoids-openmp","args":["3.dat","315.log","315.xoutput"],"id":171,"resource":"2048","request_start":1576628561452,"request_end":1576628576986,"request_duration":15534,"type":"2048"}
{"start":1576628573259,"end":1576628576965,"duration":3706,"downloading_duration":1069,"execution_duration":2064,"uploading_duration":573,"executable":"ellipsoids-openmp","args":["3.dat","317.log","317.xoutput"],"id":173,"resource":"2048","request_start":1576628561453,"request_end":1576628576988,"request_duration":15535,"type":"2048"}
{"start":1576628573241,"end":1576628576983,"duration":3742,"downloading_duration":1045,"execution_duration":2114,"uploading_duration":583,"executable":"ellipsoids-openmp","args":["3.dat","316.log","316.xoutput"],"id":172,"resource":"2048","request_start":1576628561452,"request_end":1576628577000,"request_duration":15548,"type":"2048"}
{"start":1576628573230,"end":1576628576988,"duration":3758,"downloading_duration":1065,"execution_duration":2011,"uploading_duration":682,"executable":"ellipsoids-openmp","args":["3.dat","314.log","314.xoutput"],"id":170,"resource":"2048","request_start":1576628561451,"request_end":1576628577010,"request_duration":15559,"type":"2048"}
{"start":1576628573216,"end":1576628576998,"duration":3782,"downloading_duration":1073,"execution_duration":2108,"uploading_duration":601,"executable":"ellipsoids-openmp","args":["3.dat","312.log","312.xoutput"],"id":168,"resource":"2048","request_start":1576628561450,"request_end":1576628577017,"request_duration":15567,"type":"2048"}
{"start":1576628573172,"end":1576628577012,"duration":3840,"downloading_duration":1010,"execution_duration":2102,"uploading_duration":728,"executable":"ellipsoids-openmp","args":["3.dat","39.log","39.xoutput"],"id":165,"resource":"2048","request_start":1576628561448,"request_end":1576628577030,"request_duration":15582,"type":"2048"}
{"start":1576628573307,"end":1576628577028,"duration":3721,"downloading_duration":1031,"execution_duration":2078,"uploading_duration":612,"executable":"ellipsoids-openmp","args":["3.dat","323.log","323.xoutput"],"id":179,"resource":"2048","request_start":1576628561456,"request_end":1576628577047,"request_duration":15591,"type":"2048"}
{"start":1576628572834,"end":1576628577030,"duration":4196,"downloading_duration":1518,"execution_duration":2117,"uploading_duration":561,"executable":"ellipsoids-openmp","args":["3.dat","31.log","31.xoutput"],"id":157,"resource":"2048","request_start":1576628561444,"request_end":1576628577052,"request_duration":15608,"type":"2048"}
{"start":1576628573222,"end":1576628577040,"duration":3818,"downloading_duration":1079,"execution_duration":2143,"uploading_duration":596,"executable":"ellipsoids-openmp","args":["3.dat","313.log","313.xoutput"],"id":169,"resource":"2048","request_start":1576628561451,"request_end":1576628577060,"request_duration":15609,"type":"2048"}
{"start":1576628573333,"end":1576628577049,"duration":3716,"downloading_duration":1034,"execution_duration":2111,"uploading_duration":571,"executable":"ellipsoids-openmp","args":["3.dat","329.log","329.xoutput"],"id":185,"resource":"2048","request_start":1576628561459,"request_end":1576628577067,"request_duration":15608,"type":"2048"}
{"start":1576628573329,"end":1576628577073,"duration":3744,"downloading_duration":1030,"execution_duration":2121,"uploading_duration":593,"executable":"ellipsoids-openmp","args":["3.dat","327.log","327.xoutput"],"id":183,"resource":"2048","request_start":1576628561458,"request_end":1576628577097,"request_duration":15639,"type":"2048"}
{"start":1576628573487,"end":1576628577092,"duration":3605,"downloading_duration":988,"execution_duration":2043,"uploading_duration":574,"executable":"ellipsoids-openmp","args":["3.dat","339.log","339.xoutput"],"id":195,"resource":"2048","request_start":1576628561465,"request_end":1576628577111,"request_duration":15646,"type":"2048"}
{"start":1576628573335,"end":1576628577096,"duration":3761,"downloading_duration":1038,"execution_duration":2157,"uploading_duration":566,"executable":"ellipsoids-openmp","args":["3.dat","328.log","328.xoutput"],"id":184,"resource":"2048","request_start":1576628561459,"request_end":1576628577117,"request_duration":15658,"type":"2048"}
{"start":1576628573281,"end":1576628577101,"duration":3820,"downloading_duration":1080,"execution_duration":2144,"uploading_duration":596,"executable":"ellipsoids-openmp","args":["3.dat","319.log","319.xoutput"],"id":175,"resource":"2048","request_start":1576628561454,"request_end":1576628577120,"request_duration":15666,"type":"2048"}
{"start":1576628573322,"end":1576628577112,"duration":3790,"downloading_duration":1075,"execution_duration":2134,"uploading_duration":581,"executable":"ellipsoids-openmp","args":["3.dat","326.log","326.xoutput"],"id":182,"resource":"2048","request_start":1576628561458,"request_end":1576628577137,"request_duration":15679,"type":"2048"}
{"start":1576628573290,"end":1576628577115,"duration":3825,"downloading_duration":1014,"execution_duration":2136,"uploading_duration":675,"executable":"ellipsoids-openmp","args":["3.dat","320.log","320.xoutput"],"id":176,"resource":"2048","request_start":1576628561454,"request_end":1576628577138,"request_duration":15684,"type":"2048"}
{"start":1576628573341,"end":1576628577128,"duration":3787,"downloading_duration":1063,"execution_duration":2159,"uploading_duration":565,"executable":"ellipsoids-openmp","args":["3.dat","330.log","330.xoutput"],"id":186,"resource":"2048","request_start":1576628561460,"request_end":1576628577145,"request_duration":15685,"type":"2048"}
{"start":1576628573307,"end":1576628577139,"duration":3832,"downloading_duration":1167,"execution_duration":2113,"uploading_duration":552,"executable":"ellipsoids-openmp","args":["3.dat","324.log","324.xoutput"],"id":180,"resource":"2048","request_start":1576628561456,"request_end":1576628577166,"request_duration":15710,"type":"2048"}
{"start":1576628573525,"end":1576628577155,"duration":3630,"downloading_duration":1004,"execution_duration":2024,"uploading_duration":602,"executable":"ellipsoids-openmp","args":["3.dat","342.log","342.xoutput"],"id":198,"resource":"2048","request_start":1576628561466,"request_end":1576628577176,"request_duration":15710,"type":"2048"}
{"start":1576628573400,"end":1576628577156,"duration":3756,"downloading_duration":1099,"execution_duration":2045,"uploading_duration":612,"executable":"ellipsoids-openmp","args":["3.dat","333.log","333.xoutput"],"id":189,"resource":"2048","request_start":1576628561461,"request_end":1576628577177,"request_duration":15716,"type":"2048"}
{"start":1576628573348,"end":1576628577164,"duration":3816,"downloading_duration":1091,"execution_duration":2155,"uploading_duration":570,"executable":"ellipsoids-openmp","args":["3.dat","331.log","331.xoutput"],"id":187,"resource":"2048","request_start":1576628561460,"request_end":1576628577186,"request_duration":15726,"type":"2048"}
{"start":1576628573467,"end":1576628577168,"duration":3701,"downloading_duration":1111,"execution_duration":2026,"uploading_duration":564,"executable":"ellipsoids-openmp","args":["3.dat","338.log","338.xoutput"],"id":194,"resource":"2048","request_start":1576628561464,"request_end":1576628577194,"request_duration":15730,"type":"2048"}
{"start":1576628573427,"end":1576628577176,"duration":3749,"downloading_duration":988,"execution_duration":2127,"uploading_duration":634,"executable":"ellipsoids-openmp","args":["3.dat","335.log","335.xoutput"],"id":191,"resource":"2048","request_start":1576628561463,"request_end":1576628577198,"request_duration":15735,"type":"2048"}
{"start":1576628573377,"end":1576628577188,"duration":3811,"downloading_duration":1071,"execution_duration":2148,"uploading_duration":592,"executable":"ellipsoids-openmp","args":["3.dat","332.log","332.xoutput"],"id":188,"resource":"2048","request_start":1576628561461,"request_end":1576628577207,"request_duration":15746,"type":"2048"}
{"start":1576628573300,"end":1576628577201,"duration":3901,"downloading_duration":1173,"execution_duration":2145,"uploading_duration":583,"executable":"ellipsoids-openmp","args":["3.dat","321.log","321.xoutput"],"id":177,"resource":"2048","request_start":1576628561455,"request_end":1576628577223,"request_duration":15768,"type":"2048"}
{"start":1576628573314,"end":1576628577221,"duration":3907,"downloading_duration":1178,"execution_duration":2054,"uploading_duration":675,"executable":"ellipsoids-openmp","args":["3.dat","325.log","325.xoutput"],"id":181,"resource":"2048","request_start":1576628561457,"request_end":1576628577240,"request_duration":15783,"type":"2048"}
{"start":1576628573453,"end":1576628577238,"duration":3785,"downloading_duration":989,"execution_duration":2174,"uploading_duration":622,"executable":"ellipsoids-openmp","args":["3.dat","336.log","336.xoutput"],"id":192,"resource":"2048","request_start":1576628561463,"request_end":1576628577257,"request_duration":15794,"type":"2048"}
{"start":1576628573304,"end":1576628577247,"duration":3943,"downloading_duration":1219,"execution_duration":2129,"uploading_duration":595,"executable":"ellipsoids-openmp","args":["3.dat","322.log","322.xoutput"],"id":178,"resource":"2048","request_start":1576628561455,"request_end":1576628577264,"request_duration":15809,"type":"2048"}
{"start":1576628573422,"end":1576628577249,"duration":3827,"downloading_duration":1138,"execution_duration":2107,"uploading_duration":582,"executable":"ellipsoids-openmp","args":["3.dat","334.log","334.xoutput"],"id":190,"resource":"2048","request_start":1576628561462,"request_end":1576628577268,"request_duration":15806,"type":"2048"}
{"start":1576628573522,"end":1576628577265,"duration":3743,"downloading_duration":1061,"execution_duration":2093,"uploading_duration":589,"executable":"ellipsoids-openmp","args":["3.dat","341.log","341.xoutput"],"id":197,"resource":"2048","request_start":1576628561466,"request_end":1576628577283,"request_duration":15817,"type":"2048"}
{"start":1576628573482,"end":1576628577283,"duration":3801,"downloading_duration":1076,"execution_duration":2132,"uploading_duration":593,"executable":"ellipsoids-openmp","args":["3.dat","340.log","340.xoutput"],"id":196,"resource":"2048","request_start":1576628561465,"request_end":1576628577325,"request_duration":15860,"type":"2048"}
{"start":1576628573459,"end":1576628577310,"duration":3851,"downloading_duration":998,"execution_duration":2230,"uploading_duration":623,"executable":"ellipsoids-openmp","args":["3.dat","337.log","337.xoutput"],"id":193,"resource":"2048","request_start":1576628561464,"request_end":1576628577328,"request_duration":15864,"type":"2048"}
{"start":1576628573680,"end":1576628577373,"duration":3693,"downloading_duration":990,"execution_duration":2143,"uploading_duration":560,"executable":"ellipsoids-openmp","args":["3.dat","345.log","345.xoutput"],"id":201,"resource":"2048","request_start":1576628561468,"request_end":1576628577390,"request_duration":15922,"type":"2048"}
{"start":1576628573668,"end":1576628577415,"duration":3747,"downloading_duration":1021,"execution_duration":2132,"uploading_duration":594,"executable":"ellipsoids-openmp","args":["3.dat","343.log","343.xoutput"],"id":199,"resource":"2048","request_start":1576628561467,"request_end":1576628577488,"request_duration":16021,"type":"2048"}
{"start":1576628573675,"end":1576628577483,"duration":3808,"downloading_duration":1033,"execution_duration":2149,"uploading_duration":626,"executable":"ellipsoids-openmp","args":["3.dat","344.log","344.xoutput"],"id":200,"resource":"2048","request_start":1576628561468,"request_end":1576628577502,"request_duration":16034,"type":"2048"}
{"start":1576628573678,"end":1576628577504,"duration":3826,"downloading_duration":1053,"execution_duration":2146,"uploading_duration":627,"executable":"ellipsoids-openmp","args":["3.dat","346.log","346.xoutput"],"id":202,"resource":"2048","request_start":1576628561469,"request_end":1576628577612,"request_duration":16143,"type":"2048"}
{"start":1576628573780,"end":1576628577668,"duration":3888,"downloading_duration":1082,"execution_duration":2131,"uploading_duration":675,"executable":"ellipsoids-openmp","args":["3.dat","347.log","347.xoutput"],"id":203,"resource":"2048","request_start":1576628561469,"request_end":1576628577685,"request_duration":16216,"type":"2048"}
{"start":1576628574466,"end":1576628578110,"duration":3644,"downloading_duration":990,"execution_duration":2093,"uploading_duration":561,"executable":"ellipsoids-openmp","args":["3.dat","348.log","348.xoutput"],"id":204,"resource":"2048","request_start":1576628561470,"request_end":1576628578131,"request_duration":16661,"type":"2048"}
{"start":1576628576770,"end":1576628578299,"duration":1529,"downloading_duration":1072,"execution_duration":4,"uploading_duration":453,"executable":"mean-pack-ell","args":["10.xoutput","11.xoutput","12.xoutput","13.xoutput","14.xoutput","15.xoutput","16.xoutput","17.xoutput","18.xoutput","19.xoutput","110.xoutput","111.xoutput","112.xoutput","113.xoutput","114.xoutput","115.xoutput","116.xoutput","117.xoutput","118.xoutput","119.xoutput","120.xoutput","121.xoutput","122.xoutput","123.xoutput","124.xoutput","125.xoutput","126.xoutput","127.xoutput","128.xoutput","129.xoutput","130.xoutput","131.xoutput","132.xoutput","133.xoutput","134.xoutput","135.xoutput","136.xoutput","137.xoutput","138.xoutput","139.xoutput","140.xoutput","141.xoutput","142.xoutput","143.xoutput","144.xoutput","145.xoutput","146.xoutput","147.xoutput","148.xoutput","149.xoutput","average_1.txt"],"id":207,"resource":"2048","request_start":1576628566422,"request_end":1576628578316,"request_duration":11894,"type":"2048"}
{"start":1576628576887,"end":1576628578357,"duration":1470,"downloading_duration":1081,"execution_duration":3,"uploading_duration":386,"executable":"mean-pack-ell","args":["00.xoutput","01.xoutput","02.xoutput","03.xoutput","04.xoutput","05.xoutput","06.xoutput","07.xoutput","08.xoutput","09.xoutput","010.xoutput","011.xoutput","012.xoutput","013.xoutput","014.xoutput","015.xoutput","016.xoutput","017.xoutput","018.xoutput","019.xoutput","020.xoutput","021.xoutput","022.xoutput","023.xoutput","024.xoutput","025.xoutput","026.xoutput","027.xoutput","028.xoutput","029.xoutput","030.xoutput","031.xoutput","032.xoutput","033.xoutput","034.xoutput","035.xoutput","036.xoutput","037.xoutput","038.xoutput","039.xoutput","040.xoutput","041.xoutput","042.xoutput","043.xoutput","044.xoutput","045.xoutput","046.xoutput","047.xoutput","048.xoutput","049.xoutput","average_0.txt"],"id":206,"resource":"2048","request_start":1576628570432,"request_end":1576628578376,"request_duration":7944,"type":"2048"}
{"start":1576628575338,"end":1576628578761,"duration":3423,"downloading_duration":1099,"execution_duration":1758,"uploading_duration":566,"executable":"ellipsoids-openmp","args":["3.dat","349.log","349.xoutput"],"id":205,"resource":"2048","request_start":1576628561470,"request_end":1576628578781,"request_duration":17311,"type":"2048"}
{"start":1576628569102,"end":1576628579320,"duration":10218,"downloading_duration":7284,"execution_duration":2310,"uploading_duration":624,"executable":"ellipsoids-openmp","args":["2.dat","26.log","26.xoutput"],"id":112,"resource":"2048","request_start":1576628561415,"request_end":1576628579340,"request_duration":17925,"type":"2048"}
{"start":1576628578910,"end":1576628580341,"duration":1431,"downloading_duration":1053,"execution_duration":3,"uploading_duration":375,"executable":"mean-pack-ell","args":["30.xoutput","31.xoutput","32.xoutput","33.xoutput","34.xoutput","35.xoutput","36.xoutput","37.xoutput","38.xoutput","39.xoutput","310.xoutput","311.xoutput","312.xoutput","313.xoutput","314.xoutput","315.xoutput","316.xoutput","317.xoutput","318.xoutput","319.xoutput","320.xoutput","321.xoutput","322.xoutput","323.xoutput","324.xoutput","325.xoutput","326.xoutput","327.xoutput","328.xoutput","329.xoutput","330.xoutput","331.xoutput","332.xoutput","333.xoutput","334.xoutput","335.xoutput","336.xoutput","337.xoutput","338.xoutput","339.xoutput","340.xoutput","341.xoutput","342.xoutput","343.xoutput","344.xoutput","345.xoutput","346.xoutput","347.xoutput","348.xoutput","349.xoutput","average_3.txt"],"id":209,"resource":"2048","request_start":1576628578801,"request_end":1576628580360,"request_duration":1559,"type":"2048"}
{"start":1576628579619,"end":1576628581068,"duration":1449,"downloading_duration":1061,"execution_duration":4,"uploading_duration":384,"executable":"mean-pack-ell","args":["20.xoutput","21.xoutput","22.xoutput","23.xoutput","24.xoutput","25.xoutput","26.xoutput","27.xoutput","28.xoutput","29.xoutput","210.xoutput","211.xoutput","212.xoutput","213.xoutput","214.xoutput","215.xoutput","216.xoutput","217.xoutput","218.xoutput","219.xoutput","220.xoutput","221.xoutput","222.xoutput","223.xoutput","224.xoutput","225.xoutput","226.xoutput","227.xoutput","228.xoutput","229.xoutput","230.xoutput","231.xoutput","232.xoutput","233.xoutput","234.xoutput","235.xoutput","236.xoutput","237.xoutput","238.xoutput","239.xoutput","240.xoutput","241.xoutput","242.xoutput","243.xoutput","244.xoutput","245.xoutput","246.xoutput","247.xoutput","248.xoutput","249.xoutput","average_2.txt"],"id":208,"resource":"2048","request_start":1576628579361,"request_end":1576628581089,"request_duration":1728,"type":"2048"}
{"start":1576628581209,"end":1576628582034,"duration":825,"downloading_duration":378,"execution_duration":66,"uploading_duration":381,"executable":"summary.js","args":[],"id":210,"resource":"2048","request_start":1576628581097,"request_end":1576628582051,"request_duration":954,"type":"2048"}
