{"start":1576524638039,"end":1576524639960,"duration":1921,"downloading_duration":463,"execution_duration":1021,"uploading_duration":437,"executable":"generateData.js","args":[],"id":1,"resource":"128","request_start":1576524637782,"request_end":1576524639934,"request_duration":2152,"type":"128"}
{"start":1576524640131,"end":1576524642053,"duration":1922,"downloading_duration":458,"execution_duration":1018,"uploading_duration":446,"executable":"createDat.js","args":["2.dat"],"id":4,"resource":"128","request_start":1576524639941,"request_end":1576524642025,"request_duration":2084,"type":"128"}
{"start":1576524640121,"end":1576524642106,"duration":1985,"downloading_duration":461,"execution_duration":1001,"uploading_duration":523,"executable":"createDat.js","args":["0.dat"],"id":2,"resource":"128","request_start":1576524639937,"request_end":1576524642077,"request_duration":2140,"type":"128"}
{"start":1576524640134,"end":1576524642128,"duration":1994,"downloading_duration":490,"execution_duration":1080,"uploading_duration":424,"executable":"createDat.js","args":["3.dat"],"id":5,"resource":"128","request_start":1576524639942,"request_end":1576524642093,"request_duration":2151,"type":"128"}
{"start":1576524640126,"end":1576524642376,"duration":2250,"downloading_duration":741,"execution_duration":1041,"uploading_duration":468,"executable":"createDat.js","args":["1.dat"],"id":3,"resource":"128","request_start":1576524639939,"request_end":1576524642337,"request_duration":2398,"type":"128"}
{"start":1576524642340,"end":1576524681045,"duration":38705,"downloading_duration":1344,"execution_duration":36560,"uploading_duration":801,"executable":"ellipsoids-openmp","args":["3.dat","30.log","30.xoutput"],"id":9,"resource":"128","request_start":1576524642101,"request_end":1576524681005,"request_duration":38904,"type":"128"}
{"start":1576524642568,"end":1576524681451,"duration":38883,"downloading_duration":1379,"execution_duration":36541,"uploading_duration":963,"executable":"ellipsoids-openmp","args":["1.dat","10.log","10.xoutput"],"id":7,"resource":"128","request_start":1576524642344,"request_end":1576524681416,"request_duration":39072,"type":"128"}
{"start":1576524642344,"end":1576524681542,"duration":39198,"downloading_duration":1338,"execution_duration":37220,"uploading_duration":640,"executable":"ellipsoids-openmp","args":["0.dat","00.log","00.xoutput"],"id":6,"resource":"128","request_start":1576524642085,"request_end":1576524681500,"request_duration":39415,"type":"128"}
{"start":1576524642360,"end":1576524682200,"duration":39840,"downloading_duration":1486,"execution_duration":37680,"uploading_duration":674,"executable":"ellipsoids-openmp","args":["2.dat","20.log","20.xoutput"],"id":8,"resource":"128","request_start":1576524642033,"request_end":1576524682158,"request_duration":40125,"type":"128"}
{"start":1576524681187,"end":1576524682874,"duration":1687,"downloading_duration":1137,"execution_duration":40,"uploading_duration":510,"executable":"mean-pack-ell","args":["30.xoutput","average_3.txt"],"id":13,"resource":"128","request_start":1576524681009,"request_end":1576524682834,"request_duration":1825,"type":"128"}
{"start":1576524681601,"end":1576524683205,"duration":1604,"downloading_duration":1101,"execution_duration":21,"uploading_duration":482,"executable":"mean-pack-ell","args":["10.xoutput","average_1.txt"],"id":11,"resource":"128","request_start":1576524681423,"request_end":1576524683164,"request_duration":1741,"type":"128"}
{"start":1576524681796,"end":1576524683486,"duration":1690,"downloading_duration":1171,"execution_duration":41,"uploading_duration":478,"executable":"mean-pack-ell","args":["00.xoutput","average_0.txt"],"id":10,"resource":"128","request_start":1576524681508,"request_end":1576524683443,"request_duration":1935,"type":"128"}
{"start":1576524682349,"end":1576524684128,"duration":1779,"downloading_duration":1277,"execution_duration":21,"uploading_duration":481,"executable":"mean-pack-ell","args":["20.xoutput","average_2.txt"],"id":12,"resource":"128","request_start":1576524682167,"request_end":1576524684086,"request_duration":1919,"type":"128"}
{"start":1576524684274,"end":1576524686485,"duration":2211,"downloading_duration":672,"execution_duration":1021,"uploading_duration":518,"executable":"summary.js","args":[],"id":14,"resource":"128","request_start":1576524684096,"request_end":1576524686444,"request_duration":2348,"type":"128"}
