{"start":1576546015962,"end":1576546016986,"duration":1024,"downloading_duration":400,"execution_duration":210,"uploading_duration":414,"executable":"generateData.js","args":[],"id":1,"resource":"512","request_start":1576546015802,"request_end":1576546017008,"request_duration":1206,"type":"512"}
{"start":1576546017134,"end":1576546018157,"duration":1023,"downloading_duration":380,"execution_duration":241,"uploading_duration":402,"executable":"createDat.js","args":["3.dat"],"id":5,"resource":"512","request_start":1576546017015,"request_end":1576546018174,"request_duration":1159,"type":"512"}
{"start":1576546017115,"end":1576546018157,"duration":1042,"downloading_duration":384,"execution_duration":231,"uploading_duration":427,"executable":"createDat.js","args":["0.dat"],"id":2,"resource":"512","request_start":1576546017011,"request_end":1576546018177,"request_duration":1166,"type":"512"}
{"start":1576546017135,"end":1576546018239,"duration":1104,"downloading_duration":392,"execution_duration":228,"uploading_duration":484,"executable":"createDat.js","args":["1.dat"],"id":3,"resource":"512","request_start":1576546017013,"request_end":1576546018292,"request_duration":1279,"type":"512"}
{"start":1576546017136,"end":1576546018397,"duration":1261,"downloading_duration":628,"execution_duration":227,"uploading_duration":406,"executable":"createDat.js","args":["2.dat"],"id":4,"resource":"512","request_start":1576546017014,"request_end":1576546018481,"request_duration":1467,"type":"512"}
{"start":1576546018565,"end":1576546027144,"duration":8579,"downloading_duration":1095,"execution_duration":6781,"uploading_duration":703,"executable":"ellipsoids-openmp","args":["0.dat","012.log","012.xoutput"],"id":18,"resource":"512","request_start":1576546018269,"request_end":1576546027170,"request_duration":8901,"type":"512"}
{"start":1576546018431,"end":1576546028069,"duration":9638,"downloading_duration":1047,"execution_duration":7998,"uploading_duration":593,"executable":"ellipsoids-openmp","args":["3.dat","312.log","312.xoutput"],"id":78,"resource":"512","request_start":1576546018197,"request_end":1576546028090,"request_duration":9893,"type":"512"}
{"start":1576546018425,"end":1576546028328,"duration":9903,"downloading_duration":1044,"execution_duration":8280,"uploading_duration":579,"executable":"ellipsoids-openmp","args":["3.dat","37.log","37.xoutput"],"id":73,"resource":"512","request_start":1576546018192,"request_end":1576546028355,"request_duration":10163,"type":"512"}
{"start":1576546018550,"end":1576546028450,"duration":9900,"downloading_duration":1043,"execution_duration":8261,"uploading_duration":596,"executable":"ellipsoids-openmp","args":["3.dat","318.log","318.xoutput"],"id":84,"resource":"512","request_start":1576546018205,"request_end":1576546028486,"request_duration":10281,"type":"512"}
{"start":1576546018434,"end":1576546028468,"duration":10034,"downloading_duration":1072,"execution_duration":8361,"uploading_duration":601,"executable":"ellipsoids-openmp","args":["3.dat","311.log","311.xoutput"],"id":77,"resource":"512","request_start":1576546018196,"request_end":1576546028490,"request_duration":10294,"type":"512"}
{"start":1576546018485,"end":1576546028471,"duration":9986,"downloading_duration":1056,"execution_duration":8299,"uploading_duration":631,"executable":"ellipsoids-openmp","args":["3.dat","317.log","317.xoutput"],"id":83,"resource":"512","request_start":1576546018202,"request_end":1576546028516,"request_duration":10314,"type":"512"}
{"start":1576546018419,"end":1576546028477,"duration":10058,"downloading_duration":1054,"execution_duration":8422,"uploading_duration":582,"executable":"ellipsoids-openmp","args":["3.dat","33.log","33.xoutput"],"id":69,"resource":"512","request_start":1576546018188,"request_end":1576546028518,"request_duration":10330,"type":"512"}
{"start":1576546018427,"end":1576546028494,"duration":10067,"downloading_duration":1226,"execution_duration":8221,"uploading_duration":620,"executable":"ellipsoids-openmp","args":["3.dat","35.log","35.xoutput"],"id":71,"resource":"512","request_start":1576546018190,"request_end":1576546028520,"request_duration":10330,"type":"512"}
{"start":1576546018429,"end":1576546028626,"duration":10197,"downloading_duration":1086,"execution_duration":8520,"uploading_duration":591,"executable":"ellipsoids-openmp","args":["3.dat","34.log","34.xoutput"],"id":70,"resource":"512","request_start":1576546018189,"request_end":1576546028647,"request_duration":10458,"type":"512"}
{"start":1576546018431,"end":1576546028629,"duration":10198,"downloading_duration":1043,"execution_duration":8580,"uploading_duration":575,"executable":"ellipsoids-openmp","args":["3.dat","315.log","315.xoutput"],"id":81,"resource":"512","request_start":1576546018200,"request_end":1576546028649,"request_duration":10449,"type":"512"}
{"start":1576546018744,"end":1576546028638,"duration":9894,"downloading_duration":1018,"execution_duration":8282,"uploading_duration":594,"executable":"ellipsoids-openmp","args":["1.dat","14.log","14.xoutput"],"id":30,"resource":"512","request_start":1576546018305,"request_end":1576546028657,"request_duration":10352,"type":"512"}
{"start":1576546018419,"end":1576546028653,"duration":10234,"downloading_duration":1052,"execution_duration":8582,"uploading_duration":600,"executable":"ellipsoids-openmp","args":["3.dat","30.log","30.xoutput"],"id":66,"resource":"512","request_start":1576546018185,"request_end":1576546028672,"request_duration":10487,"type":"512"}
{"start":1576546018552,"end":1576546028671,"duration":10119,"downloading_duration":1041,"execution_duration":8460,"uploading_duration":618,"executable":"ellipsoids-openmp","args":["3.dat","319.log","319.xoutput"],"id":85,"resource":"512","request_start":1576546018206,"request_end":1576546028690,"request_duration":10484,"type":"512"}
{"start":1576546018427,"end":1576546028675,"duration":10248,"downloading_duration":1053,"execution_duration":8580,"uploading_duration":615,"executable":"ellipsoids-openmp","args":["3.dat","31.log","31.xoutput"],"id":67,"resource":"512","request_start":1576546018186,"request_end":1576546028696,"request_duration":10510,"type":"512"}
{"start":1576546018747,"end":1576546028687,"duration":9940,"downloading_duration":1065,"execution_duration":8265,"uploading_duration":610,"executable":"ellipsoids-openmp","args":["1.dat","17.log","17.xoutput"],"id":33,"resource":"512","request_start":1576546018308,"request_end":1576546028707,"request_duration":10399,"type":"512"}
{"start":1576546018489,"end":1576546028693,"duration":10204,"downloading_duration":1112,"execution_duration":8502,"uploading_duration":590,"executable":"ellipsoids-openmp","args":["3.dat","316.log","316.xoutput"],"id":82,"resource":"512","request_start":1576546018201,"request_end":1576546028714,"request_duration":10513,"type":"512"}
{"start":1576546018745,"end":1576546028730,"duration":9985,"downloading_duration":1099,"execution_duration":8299,"uploading_duration":587,"executable":"ellipsoids-openmp","args":["1.dat","16.log","16.xoutput"],"id":32,"resource":"512","request_start":1576546018307,"request_end":1576546028749,"request_duration":10442,"type":"512"}
{"start":1576546018435,"end":1576546028733,"duration":10298,"downloading_duration":1057,"execution_duration":8601,"uploading_duration":640,"executable":"ellipsoids-openmp","args":["3.dat","39.log","39.xoutput"],"id":75,"resource":"512","request_start":1576546018194,"request_end":1576546028751,"request_duration":10557,"type":"512"}
{"start":1576546018552,"end":1576546028753,"duration":10201,"downloading_duration":1033,"execution_duration":8600,"uploading_duration":568,"executable":"ellipsoids-openmp","args":["1.dat","19.log","19.xoutput"],"id":35,"resource":"512","request_start":1576546018309,"request_end":1576546028771,"request_duration":10462,"type":"512"}
{"start":1576546018747,"end":1576546028812,"duration":10065,"downloading_duration":1016,"execution_duration":8480,"uploading_duration":569,"executable":"ellipsoids-openmp","args":["1.dat","18.log","18.xoutput"],"id":34,"resource":"512","request_start":1576546018309,"request_end":1576546028830,"request_duration":10521,"type":"512"}
{"start":1576546018430,"end":1576546028825,"duration":10395,"downloading_duration":1119,"execution_duration":8641,"uploading_duration":635,"executable":"ellipsoids-openmp","args":["3.dat","36.log","36.xoutput"],"id":72,"resource":"512","request_start":1576546018191,"request_end":1576546028844,"request_duration":10653,"type":"512"}
{"start":1576546018425,"end":1576546028844,"duration":10419,"downloading_duration":1149,"execution_duration":8558,"uploading_duration":712,"executable":"ellipsoids-openmp","args":["3.dat","32.log","32.xoutput"],"id":68,"resource":"512","request_start":1576546018187,"request_end":1576546028862,"request_duration":10675,"type":"512"}
{"start":1576546018824,"end":1576546028851,"duration":10027,"downloading_duration":1039,"execution_duration":8402,"uploading_duration":586,"executable":"ellipsoids-openmp","args":["3.dat","38.log","38.xoutput"],"id":74,"resource":"512","request_start":1576546018193,"request_end":1576546028870,"request_duration":10677,"type":"512"}
{"start":1576546018567,"end":1576546028869,"duration":10302,"downloading_duration":1111,"execution_duration":8579,"uploading_duration":612,"executable":"ellipsoids-openmp","args":["0.dat","016.log","016.xoutput"],"id":22,"resource":"512","request_start":1576546018278,"request_end":1576546028889,"request_duration":10611,"type":"512"}
{"start":1576546018558,"end":1576546028871,"duration":10313,"downloading_duration":996,"execution_duration":8718,"uploading_duration":599,"executable":"ellipsoids-openmp","args":["0.dat","013.log","013.xoutput"],"id":19,"resource":"512","request_start":1576546018271,"request_end":1576546028891,"request_duration":10620,"type":"512"}
{"start":1576546018744,"end":1576546028875,"duration":10131,"downloading_duration":1060,"execution_duration":8403,"uploading_duration":668,"executable":"ellipsoids-openmp","args":["1.dat","15.log","15.xoutput"],"id":31,"resource":"512","request_start":1576546018306,"request_end":1576546028895,"request_duration":10589,"type":"512"}
{"start":1576546018742,"end":1576546028878,"duration":10136,"downloading_duration":1214,"execution_duration":8320,"uploading_duration":602,"executable":"ellipsoids-openmp","args":["1.dat","10.log","10.xoutput"],"id":26,"resource":"512","request_start":1576546018301,"request_end":1576546028898,"request_duration":10597,"type":"512"}
{"start":1576546018561,"end":1576546028905,"duration":10344,"downloading_duration":1122,"execution_duration":8601,"uploading_duration":621,"executable":"ellipsoids-openmp","args":["0.dat","014.log","014.xoutput"],"id":20,"resource":"512","request_start":1576546018274,"request_end":1576546028925,"request_duration":10651,"type":"512"}
{"start":1576546018824,"end":1576546028913,"duration":10089,"downloading_duration":1039,"execution_duration":8421,"uploading_duration":629,"executable":"ellipsoids-openmp","args":["3.dat","313.log","313.xoutput"],"id":79,"resource":"512","request_start":1576546018198,"request_end":1576546028934,"request_duration":10736,"type":"512"}
{"start":1576546018753,"end":1576546028914,"duration":10161,"downloading_duration":1053,"execution_duration":8523,"uploading_duration":585,"executable":"ellipsoids-openmp","args":["1.dat","13.log","13.xoutput"],"id":29,"resource":"512","request_start":1576546018304,"request_end":1576546028936,"request_duration":10632,"type":"512"}
{"start":1576546018740,"end":1576546028950,"duration":10210,"downloading_duration":1175,"execution_duration":8460,"uploading_duration":575,"executable":"ellipsoids-openmp","args":["1.dat","12.log","12.xoutput"],"id":28,"resource":"512","request_start":1576546018303,"request_end":1576546028970,"request_duration":10667,"type":"512"}
{"start":1576546018739,"end":1576546028958,"duration":10219,"downloading_duration":1004,"execution_duration":8602,"uploading_duration":613,"executable":"ellipsoids-openmp","args":["0.dat","02.log","02.xoutput"],"id":8,"resource":"512","request_start":1576546018285,"request_end":1576546028980,"request_duration":10695,"type":"512"}
{"start":1576546018556,"end":1576546029091,"duration":10535,"downloading_duration":1053,"execution_duration":8881,"uploading_duration":601,"executable":"ellipsoids-openmp","args":["0.dat","011.log","011.xoutput"],"id":17,"resource":"512","request_start":1576546018267,"request_end":1576546029110,"request_duration":10843,"type":"512"}
{"start":1576546018557,"end":1576546029102,"duration":10545,"downloading_duration":1021,"execution_duration":8919,"uploading_duration":605,"executable":"ellipsoids-openmp","args":["0.dat","09.log","09.xoutput"],"id":15,"resource":"512","request_start":1576546018262,"request_end":1576546029120,"request_duration":10858,"type":"512"}
{"start":1576546018826,"end":1576546029114,"duration":10288,"downloading_duration":1051,"execution_duration":8622,"uploading_duration":615,"executable":"ellipsoids-openmp","args":["3.dat","310.log","310.xoutput"],"id":76,"resource":"512","request_start":1576546018195,"request_end":1576546029132,"request_duration":10937,"type":"512"}
{"start":1576546018823,"end":1576546029152,"duration":10329,"downloading_duration":1071,"execution_duration":8661,"uploading_duration":597,"executable":"ellipsoids-openmp","args":["3.dat","314.log","314.xoutput"],"id":80,"resource":"512","request_start":1576546018199,"request_end":1576546029171,"request_duration":10972,"type":"512"}
{"start":1576546018742,"end":1576546029194,"duration":10452,"downloading_duration":1102,"execution_duration":8681,"uploading_duration":669,"executable":"ellipsoids-openmp","args":["1.dat","11.log","11.xoutput"],"id":27,"resource":"512","request_start":1576546018302,"request_end":1576546029214,"request_duration":10912,"type":"512"}
{"start":1576546018567,"end":1576546029195,"duration":10628,"downloading_duration":1163,"execution_duration":8859,"uploading_duration":606,"executable":"ellipsoids-openmp","args":["0.dat","018.log","018.xoutput"],"id":24,"resource":"512","request_start":1576546018280,"request_end":1576546029216,"request_duration":10936,"type":"512"}
{"start":1576546018561,"end":1576546029204,"duration":10643,"downloading_duration":1065,"execution_duration":8902,"uploading_duration":676,"executable":"ellipsoids-openmp","args":["0.dat","017.log","017.xoutput"],"id":23,"resource":"512","request_start":1576546018279,"request_end":1576546029227,"request_duration":10948,"type":"512"}
{"start":1576546018562,"end":1576546029205,"duration":10643,"downloading_duration":1106,"execution_duration":8901,"uploading_duration":636,"executable":"ellipsoids-openmp","args":["0.dat","015.log","015.xoutput"],"id":21,"resource":"512","request_start":1576546018276,"request_end":1576546029229,"request_duration":10953,"type":"512"}
{"start":1576546018556,"end":1576546029212,"duration":10656,"downloading_duration":1069,"execution_duration":8942,"uploading_duration":645,"executable":"ellipsoids-openmp","args":["0.dat","010.log","010.xoutput"],"id":16,"resource":"512","request_start":1576546018264,"request_end":1576546029234,"request_duration":10970,"type":"512"}
{"start":1576546018556,"end":1576546029228,"duration":10672,"downloading_duration":1046,"execution_duration":9001,"uploading_duration":625,"executable":"ellipsoids-openmp","args":["0.dat","07.log","07.xoutput"],"id":13,"resource":"512","request_start":1576546018255,"request_end":1576546029246,"request_duration":10991,"type":"512"}
{"start":1576546018738,"end":1576546029272,"duration":10534,"downloading_duration":1098,"execution_duration":8782,"uploading_duration":654,"executable":"ellipsoids-openmp","args":["0.dat","00.log","00.xoutput"],"id":6,"resource":"512","request_start":1576546018283,"request_end":1576546029291,"request_duration":11008,"type":"512"}
{"start":1576546018554,"end":1576546029279,"duration":10725,"downloading_duration":1138,"execution_duration":8980,"uploading_duration":607,"executable":"ellipsoids-openmp","args":["0.dat","06.log","06.xoutput"],"id":12,"resource":"512","request_start":1576546018250,"request_end":1576546029297,"request_duration":11047,"type":"512"}
{"start":1576546018737,"end":1576546029292,"duration":10555,"downloading_duration":1032,"execution_duration":8920,"uploading_duration":603,"executable":"ellipsoids-openmp","args":["0.dat","01.log","01.xoutput"],"id":7,"resource":"512","request_start":1576546018284,"request_end":1576546029310,"request_duration":11026,"type":"512"}
{"start":1576546018555,"end":1576546029388,"duration":10833,"downloading_duration":1115,"execution_duration":9140,"uploading_duration":578,"executable":"ellipsoids-openmp","args":["0.dat","08.log","08.xoutput"],"id":14,"resource":"512","request_start":1576546018259,"request_end":1576546029410,"request_duration":11151,"type":"512"}
{"start":1576546018740,"end":1576546029473,"duration":10733,"downloading_duration":1118,"execution_duration":8979,"uploading_duration":636,"executable":"ellipsoids-openmp","args":["0.dat","03.log","03.xoutput"],"id":9,"resource":"512","request_start":1576546018286,"request_end":1576546029492,"request_duration":11206,"type":"512"}
{"start":1576546018553,"end":1576546029506,"duration":10953,"downloading_duration":1102,"execution_duration":9221,"uploading_duration":630,"executable":"ellipsoids-openmp","args":["0.dat","05.log","05.xoutput"],"id":11,"resource":"512","request_start":1576546018245,"request_end":1576546029524,"request_duration":11279,"type":"512"}
{"start":1576546018733,"end":1576546029757,"duration":11024,"downloading_duration":1110,"execution_duration":9302,"uploading_duration":612,"executable":"ellipsoids-openmp","args":["0.dat","019.log","019.xoutput"],"id":25,"resource":"512","request_start":1576546018282,"request_end":1576546029775,"request_duration":11493,"type":"512"}
{"start":1576546029307,"end":1576546030943,"duration":1636,"downloading_duration":1221,"execution_duration":3,"uploading_duration":412,"executable":"mean-pack-ell","args":["30.xoutput","31.xoutput","32.xoutput","33.xoutput","34.xoutput","35.xoutput","36.xoutput","37.xoutput","38.xoutput","39.xoutput","310.xoutput","311.xoutput","312.xoutput","313.xoutput","314.xoutput","315.xoutput","316.xoutput","317.xoutput","318.xoutput","319.xoutput","average_3.txt"],"id":89,"resource":"512","request_start":1576546029183,"request_end":1576546030963,"request_duration":1780,"type":"512"}
{"start":1576546027198,"end":1576546035515,"duration":8317,"downloading_duration":1002,"execution_duration":6723,"uploading_duration":592,"executable":"ellipsoids-openmp","args":["1.dat","110.log","110.xoutput"],"id":36,"resource":"512","request_start":1576546018310,"request_end":1576546035539,"request_duration":17229,"type":"512"}
{"start":1576546018552,"end":1576546036871,"duration":18319,"downloading_duration":8476,"execution_duration":9056,"uploading_duration":787,"executable":"ellipsoids-openmp","args":["0.dat","04.log","04.xoutput"],"id":10,"resource":"512","request_start":1576546018240,"request_end":1576546036892,"request_duration":18652,"type":"512"}
{"start":1576546028117,"end":1576546038559,"duration":10442,"downloading_duration":1059,"execution_duration":8761,"uploading_duration":622,"executable":"ellipsoids-openmp","args":["1.dat","111.log","111.xoutput"],"id":37,"resource":"512","request_start":1576546018310,"request_end":1576546038580,"request_duration":20270,"type":"512"}
{"start":1576546028383,"end":1576546038633,"duration":10250,"downloading_duration":1086,"execution_duration":8582,"uploading_duration":582,"executable":"ellipsoids-openmp","args":["1.dat","112.log","112.xoutput"],"id":38,"resource":"512","request_start":1576546018311,"request_end":1576546038652,"request_duration":20341,"type":"512"}
{"start":1576546037105,"end":1576546038635,"duration":1530,"downloading_duration":1151,"execution_duration":9,"uploading_duration":370,"executable":"mean-pack-ell","args":["00.xoutput","01.xoutput","02.xoutput","03.xoutput","04.xoutput","05.xoutput","06.xoutput","07.xoutput","08.xoutput","09.xoutput","010.xoutput","011.xoutput","012.xoutput","013.xoutput","014.xoutput","015.xoutput","016.xoutput","017.xoutput","018.xoutput","019.xoutput","average_0.txt"],"id":86,"resource":"512","request_start":1576546036900,"request_end":1576546038655,"request_duration":1755,"type":"512"}
{"start":1576546028545,"end":1576546038999,"duration":10454,"downloading_duration":1054,"execution_duration":8820,"uploading_duration":580,"executable":"ellipsoids-openmp","args":["1.dat","115.log","115.xoutput"],"id":41,"resource":"512","request_start":1576546018313,"request_end":1576546039149,"request_duration":20836,"type":"512"}
{"start":1576546028521,"end":1576546038999,"duration":10478,"downloading_duration":1096,"execution_duration":8780,"uploading_duration":602,"executable":"ellipsoids-openmp","args":["1.dat","114.log","114.xoutput"],"id":40,"resource":"512","request_start":1576546018312,"request_end":1576546039152,"request_duration":20840,"type":"512"}
{"start":1576546028513,"end":1576546039011,"duration":10498,"downloading_duration":1080,"execution_duration":8782,"uploading_duration":636,"executable":"ellipsoids-openmp","args":["1.dat","113.log","113.xoutput"],"id":39,"resource":"512","request_start":1576546018312,"request_end":1576546039154,"request_duration":20842,"type":"512"}
{"start":1576546028550,"end":1576546039055,"duration":10505,"downloading_duration":1055,"execution_duration":8882,"uploading_duration":568,"executable":"ellipsoids-openmp","args":["1.dat","116.log","116.xoutput"],"id":42,"resource":"512","request_start":1576546018313,"request_end":1576546039164,"request_duration":20851,"type":"512"}
{"start":1576546028551,"end":1576546039069,"duration":10518,"downloading_duration":1021,"execution_duration":8882,"uploading_duration":615,"executable":"ellipsoids-openmp","args":["1.dat","117.log","117.xoutput"],"id":43,"resource":"512","request_start":1576546018314,"request_end":1576546039167,"request_duration":20853,"type":"512"}
{"start":1576546028681,"end":1576546039108,"duration":10427,"downloading_duration":1055,"execution_duration":8759,"uploading_duration":613,"executable":"ellipsoids-openmp","args":["1.dat","119.log","119.xoutput"],"id":45,"resource":"512","request_start":1576546018315,"request_end":1576546039182,"request_duration":20867,"type":"512"}
{"start":1576546028684,"end":1576546039143,"duration":10459,"downloading_duration":1033,"execution_duration":8860,"uploading_duration":566,"executable":"ellipsoids-openmp","args":["2.dat","20.log","20.xoutput"],"id":46,"resource":"512","request_start":1576546018514,"request_end":1576546039185,"request_duration":20671,"type":"512"}
{"start":1576546028674,"end":1576546039223,"duration":10549,"downloading_duration":1079,"execution_duration":8857,"uploading_duration":613,"executable":"ellipsoids-openmp","args":["1.dat","118.log","118.xoutput"],"id":44,"resource":"512","request_start":1576546018314,"request_end":1576546039259,"request_duration":20945,"type":"512"}
{"start":1576546028738,"end":1576546039280,"duration":10542,"downloading_duration":1055,"execution_duration":8901,"uploading_duration":586,"executable":"ellipsoids-openmp","args":["2.dat","25.log","25.xoutput"],"id":51,"resource":"512","request_start":1576546018520,"request_end":1576546039302,"request_duration":20782,"type":"512"}
{"start":1576546028778,"end":1576546039322,"duration":10544,"downloading_duration":1045,"execution_duration":8882,"uploading_duration":617,"executable":"ellipsoids-openmp","args":["2.dat","26.log","26.xoutput"],"id":52,"resource":"512","request_start":1576546018521,"request_end":1576546039341,"request_duration":20820,"type":"512"}
{"start":1576546028735,"end":1576546039346,"duration":10611,"downloading_duration":1000,"execution_duration":8981,"uploading_duration":630,"executable":"ellipsoids-openmp","args":["2.dat","24.log","24.xoutput"],"id":50,"resource":"512","request_start":1576546018519,"request_end":1576546039365,"request_duration":20846,"type":"512"}
{"start":1576546028785,"end":1576546039392,"duration":10607,"downloading_duration":1014,"execution_duration":8960,"uploading_duration":633,"executable":"ellipsoids-openmp","args":["2.dat","27.log","27.xoutput"],"id":53,"resource":"512","request_start":1576546018522,"request_end":1576546039411,"request_duration":20889,"type":"512"}
{"start":1576546028719,"end":1576546039412,"duration":10693,"downloading_duration":1093,"execution_duration":9021,"uploading_duration":579,"executable":"ellipsoids-openmp","args":["2.dat","22.log","22.xoutput"],"id":48,"resource":"512","request_start":1576546018517,"request_end":1576546039432,"request_duration":20915,"type":"512"}
{"start":1576546028801,"end":1576546039417,"duration":10616,"downloading_duration":1054,"execution_duration":8880,"uploading_duration":682,"executable":"ellipsoids-openmp","args":["2.dat","28.log","28.xoutput"],"id":54,"resource":"512","request_start":1576546018523,"request_end":1576546039440,"request_duration":20917,"type":"512"}
{"start":1576546028701,"end":1576546039433,"duration":10732,"downloading_duration":1023,"execution_duration":9117,"uploading_duration":592,"executable":"ellipsoids-openmp","args":["2.dat","21.log","21.xoutput"],"id":47,"resource":"512","request_start":1576546018515,"request_end":1576546039454,"request_duration":20939,"type":"512"}
{"start":1576546028728,"end":1576546039448,"duration":10720,"downloading_duration":1094,"execution_duration":9040,"uploading_duration":586,"executable":"ellipsoids-openmp","args":["2.dat","23.log","23.xoutput"],"id":49,"resource":"512","request_start":1576546018518,"request_end":1576546039468,"request_duration":20950,"type":"512"}
{"start":1576546028856,"end":1576546039579,"duration":10723,"downloading_duration":1067,"execution_duration":9022,"uploading_duration":634,"executable":"ellipsoids-openmp","args":["2.dat","29.log","29.xoutput"],"id":55,"resource":"512","request_start":1576546018524,"request_end":1576546039600,"request_duration":21076,"type":"512"}
{"start":1576546028956,"end":1576546039605,"duration":10649,"downloading_duration":1041,"execution_duration":9038,"uploading_duration":570,"executable":"ellipsoids-openmp","args":["2.dat","217.log","217.xoutput"],"id":63,"resource":"512","request_start":1576546018531,"request_end":1576546039627,"request_duration":21096,"type":"512"}
{"start":1576546028926,"end":1576546039673,"duration":10747,"downloading_duration":1105,"execution_duration":9021,"uploading_duration":621,"executable":"ellipsoids-openmp","args":["2.dat","216.log","216.xoutput"],"id":62,"resource":"512","request_start":1576546018531,"request_end":1576546039692,"request_duration":21161,"type":"512"}
{"start":1576546028876,"end":1576546039687,"duration":10811,"downloading_duration":1039,"execution_duration":9145,"uploading_duration":627,"executable":"ellipsoids-openmp","args":["2.dat","210.log","210.xoutput"],"id":56,"resource":"512","request_start":1576546018526,"request_end":1576546039707,"request_duration":21181,"type":"512"}
{"start":1576546028890,"end":1576546039908,"duration":11018,"downloading_duration":1143,"execution_duration":9261,"uploading_duration":614,"executable":"ellipsoids-openmp","args":["2.dat","211.log","211.xoutput"],"id":57,"resource":"512","request_start":1576546018526,"request_end":1576546039926,"request_duration":21400,"type":"512"}
{"start":1576546028920,"end":1576546039915,"duration":10995,"downloading_duration":1108,"execution_duration":9218,"uploading_duration":669,"executable":"ellipsoids-openmp","args":["2.dat","215.log","215.xoutput"],"id":61,"resource":"512","request_start":1576546018530,"request_end":1576546039937,"request_duration":21407,"type":"512"}
{"start":1576546028898,"end":1576546039949,"duration":11051,"downloading_duration":1128,"execution_duration":9240,"uploading_duration":683,"executable":"ellipsoids-openmp","args":["2.dat","212.log","212.xoutput"],"id":58,"resource":"512","request_start":1576546018527,"request_end":1576546039967,"request_duration":21440,"type":"512"}
{"start":1576546028962,"end":1576546039953,"duration":10991,"downloading_duration":1108,"execution_duration":9242,"uploading_duration":641,"executable":"ellipsoids-openmp","args":["2.dat","218.log","218.xoutput"],"id":64,"resource":"512","request_start":1576546018532,"request_end":1576546039972,"request_duration":21440,"type":"512"}
{"start":1576546028917,"end":1576546040026,"duration":11109,"downloading_duration":1086,"execution_duration":9400,"uploading_duration":623,"executable":"ellipsoids-openmp","args":["2.dat","213.log","213.xoutput"],"id":59,"resource":"512","request_start":1576546018528,"request_end":1576546040047,"request_duration":21519,"type":"512"}
{"start":1576546028934,"end":1576546040065,"duration":11131,"downloading_duration":1231,"execution_duration":9280,"uploading_duration":620,"executable":"ellipsoids-openmp","args":["2.dat","214.log","214.xoutput"],"id":60,"resource":"512","request_start":1576546018529,"request_end":1576546040082,"request_duration":21553,"type":"512"}
{"start":1576546028962,"end":1576546040334,"duration":11372,"downloading_duration":1212,"execution_duration":9439,"uploading_duration":721,"executable":"ellipsoids-openmp","args":["2.dat","219.log","219.xoutput"],"id":65,"resource":"512","request_start":1576546018533,"request_end":1576546040360,"request_duration":21827,"type":"512"}
{"start":1576546039410,"end":1576546041077,"duration":1667,"downloading_duration":1209,"execution_duration":3,"uploading_duration":455,"executable":"mean-pack-ell","args":["10.xoutput","11.xoutput","12.xoutput","13.xoutput","14.xoutput","15.xoutput","16.xoutput","17.xoutput","18.xoutput","19.xoutput","110.xoutput","111.xoutput","112.xoutput","113.xoutput","114.xoutput","115.xoutput","116.xoutput","117.xoutput","118.xoutput","119.xoutput","average_1.txt"],"id":87,"resource":"512","request_start":1576546039272,"request_end":1576546041122,"request_duration":1850,"type":"512"}
{"start":1576546040472,"end":1576546041989,"duration":1517,"downloading_duration":1128,"execution_duration":12,"uploading_duration":377,"executable":"mean-pack-ell","args":["20.xoutput","21.xoutput","22.xoutput","23.xoutput","24.xoutput","25.xoutput","26.xoutput","27.xoutput","28.xoutput","29.xoutput","210.xoutput","211.xoutput","212.xoutput","213.xoutput","214.xoutput","215.xoutput","216.xoutput","217.xoutput","218.xoutput","219.xoutput","average_2.txt"],"id":88,"resource":"512","request_start":1576546040367,"request_end":1576546042008,"request_duration":1641,"type":"512"}
{"start":1576546042118,"end":1576546043233,"duration":1115,"downloading_duration":464,"execution_duration":233,"uploading_duration":418,"executable":"summary.js","args":[],"id":90,"resource":"512","request_start":1576546042015,"request_end":1576546043253,"request_duration":1238,"type":"512"}
