{"start":1576546043825,"end":1576546044885,"duration":1060,"downloading_duration":427,"execution_duration":223,"uploading_duration":410,"executable":"generateData.js","args":[],"id":1,"resource":"512","request_start":1576546043659,"request_end":1576546044907,"request_duration":1248,"type":"512"}
{"start":1576546045045,"end":1576546046113,"duration":1068,"downloading_duration":392,"execution_duration":227,"uploading_duration":449,"executable":"createDat.js","args":["2.dat"],"id":4,"resource":"512","request_start":1576546044913,"request_end":1576546046131,"request_duration":1218,"type":"512"}
{"start":1576546045046,"end":1576546046118,"duration":1072,"downloading_duration":397,"execution_duration":243,"uploading_duration":432,"executable":"createDat.js","args":["1.dat"],"id":3,"resource":"512","request_start":1576546044911,"request_end":1576546046135,"request_duration":1224,"type":"512"}
{"start":1576546045038,"end":1576546046149,"duration":1111,"downloading_duration":381,"execution_duration":244,"uploading_duration":486,"executable":"createDat.js","args":["3.dat"],"id":5,"resource":"512","request_start":1576546044914,"request_end":1576546046224,"request_duration":1310,"type":"512"}
{"start":1576546045027,"end":1576546046585,"duration":1558,"downloading_duration":379,"execution_duration":227,"uploading_duration":952,"executable":"createDat.js","args":["0.dat"],"id":2,"resource":"512","request_start":1576546044910,"request_end":1576546046617,"request_duration":1707,"type":"512"}
{"start":1576546046577,"end":1576546055356,"duration":8779,"downloading_duration":1003,"execution_duration":7140,"uploading_duration":636,"executable":"ellipsoids-openmp","args":["1.dat","111.log","111.xoutput"],"id":37,"resource":"512","request_start":1576546046176,"request_end":1576546055380,"request_duration":9204,"type":"512"}
{"start":1576546046567,"end":1576546056439,"duration":9872,"downloading_duration":990,"execution_duration":8278,"uploading_duration":604,"executable":"ellipsoids-openmp","args":["1.dat","14.log","14.xoutput"],"id":30,"resource":"512","request_start":1576546046170,"request_end":1576546056461,"request_duration":10291,"type":"512"}
{"start":1576546046572,"end":1576546056492,"duration":9920,"downloading_duration":1011,"execution_duration":8261,"uploading_duration":648,"executable":"ellipsoids-openmp","args":["1.dat","13.log","13.xoutput"],"id":29,"resource":"512","request_start":1576546046169,"request_end":1576546056511,"request_duration":10342,"type":"512"}
{"start":1576546046579,"end":1576546056591,"duration":10012,"downloading_duration":993,"execution_duration":8416,"uploading_duration":603,"executable":"ellipsoids-openmp","args":["1.dat","113.log","113.xoutput"],"id":39,"resource":"512","request_start":1576546046177,"request_end":1576546056659,"request_duration":10482,"type":"512"}
{"start":1576546046620,"end":1576546056754,"duration":10134,"downloading_duration":1035,"execution_duration":8501,"uploading_duration":598,"executable":"ellipsoids-openmp","args":["1.dat","116.log","116.xoutput"],"id":42,"resource":"512","request_start":1576546046181,"request_end":1576546056779,"request_duration":10598,"type":"512"}
{"start":1576546046571,"end":1576546056765,"duration":10194,"downloading_duration":1038,"execution_duration":8562,"uploading_duration":594,"executable":"ellipsoids-openmp","args":["1.dat","16.log","16.xoutput"],"id":32,"resource":"512","request_start":1576546046172,"request_end":1576546056787,"request_duration":10615,"type":"512"}
{"start":1576546046567,"end":1576546056767,"duration":10200,"downloading_duration":1086,"execution_duration":8540,"uploading_duration":574,"executable":"ellipsoids-openmp","args":["1.dat","12.log","12.xoutput"],"id":28,"resource":"512","request_start":1576546046168,"request_end":1576546056789,"request_duration":10621,"type":"512"}
{"start":1576546046647,"end":1576546056782,"duration":10135,"downloading_duration":1156,"execution_duration":8360,"uploading_duration":619,"executable":"ellipsoids-openmp","args":["3.dat","38.log","38.xoutput"],"id":74,"resource":"512","request_start":1576546046275,"request_end":1576546056801,"request_duration":10526,"type":"512"}
{"start":1576546046619,"end":1576546056820,"duration":10201,"downloading_duration":1026,"execution_duration":8540,"uploading_duration":635,"executable":"ellipsoids-openmp","args":["1.dat","118.log","118.xoutput"],"id":44,"resource":"512","request_start":1576546046183,"request_end":1576546056841,"request_duration":10658,"type":"512"}
{"start":1576546046622,"end":1576546056821,"duration":10199,"downloading_duration":1009,"execution_duration":8598,"uploading_duration":592,"executable":"ellipsoids-openmp","args":["3.dat","30.log","30.xoutput"],"id":66,"resource":"512","request_start":1576546046262,"request_end":1576546056844,"request_duration":10582,"type":"512"}
{"start":1576546046566,"end":1576546056851,"duration":10285,"downloading_duration":1153,"execution_duration":8523,"uploading_duration":609,"executable":"ellipsoids-openmp","args":["1.dat","11.log","11.xoutput"],"id":27,"resource":"512","request_start":1576546046167,"request_end":1576546056870,"request_duration":10703,"type":"512"}
{"start":1576546046573,"end":1576546056862,"duration":10289,"downloading_duration":1083,"execution_duration":8604,"uploading_duration":602,"executable":"ellipsoids-openmp","args":["1.dat","18.log","18.xoutput"],"id":34,"resource":"512","request_start":1576546046173,"request_end":1576546056882,"request_duration":10709,"type":"512"}
{"start":1576546046645,"end":1576546056874,"duration":10229,"downloading_duration":1027,"execution_duration":8561,"uploading_duration":641,"executable":"ellipsoids-openmp","args":["3.dat","37.log","37.xoutput"],"id":73,"resource":"512","request_start":1576546046274,"request_end":1576546056892,"request_duration":10618,"type":"512"}
{"start":1576546046614,"end":1576546056903,"duration":10289,"downloading_duration":1156,"execution_duration":8520,"uploading_duration":613,"executable":"ellipsoids-openmp","args":["1.dat","117.log","117.xoutput"],"id":43,"resource":"512","request_start":1576546046182,"request_end":1576546056921,"request_duration":10739,"type":"512"}
{"start":1576546046571,"end":1576546056903,"duration":10332,"downloading_duration":1128,"execution_duration":8583,"uploading_duration":621,"executable":"ellipsoids-openmp","args":["1.dat","17.log","17.xoutput"],"id":33,"resource":"512","request_start":1576546046172,"request_end":1576546056923,"request_duration":10751,"type":"512"}
{"start":1576546046643,"end":1576546056910,"duration":10267,"downloading_duration":1034,"execution_duration":8659,"uploading_duration":574,"executable":"ellipsoids-openmp","args":["3.dat","36.log","36.xoutput"],"id":72,"resource":"512","request_start":1576546046273,"request_end":1576546056932,"request_duration":10659,"type":"512"}
{"start":1576546046583,"end":1576546056913,"duration":10330,"downloading_duration":1092,"execution_duration":8621,"uploading_duration":617,"executable":"ellipsoids-openmp","args":["1.dat","112.log","112.xoutput"],"id":38,"resource":"512","request_start":1576546046177,"request_end":1576546056938,"request_duration":10761,"type":"512"}
{"start":1576546046567,"end":1576546056835,"duration":10268,"downloading_duration":1026,"execution_duration":8660,"uploading_duration":582,"executable":"ellipsoids-openmp","args":["1.dat","10.log","10.xoutput"],"id":26,"resource":"512","request_start":1576546046166,"request_end":1576546056941,"request_duration":10775,"type":"512"}
{"start":1576546046629,"end":1576546056937,"duration":10308,"downloading_duration":1075,"execution_duration":8660,"uploading_duration":573,"executable":"ellipsoids-openmp","args":["3.dat","34.log","34.xoutput"],"id":70,"resource":"512","request_start":1576546046270,"request_end":1576546056956,"request_duration":10686,"type":"512"}
{"start":1576546046581,"end":1576546056949,"duration":10368,"downloading_duration":1023,"execution_duration":8721,"uploading_duration":624,"executable":"ellipsoids-openmp","args":["1.dat","19.log","19.xoutput"],"id":35,"resource":"512","request_start":1576546046174,"request_end":1576546056966,"request_duration":10792,"type":"512"}
{"start":1576546046568,"end":1576546056962,"duration":10394,"downloading_duration":987,"execution_duration":8799,"uploading_duration":608,"executable":"ellipsoids-openmp","args":["1.dat","15.log","15.xoutput"],"id":31,"resource":"512","request_start":1576546046171,"request_end":1576546056982,"request_duration":10811,"type":"512"}
{"start":1576546046618,"end":1576546056966,"duration":10348,"downloading_duration":1006,"execution_duration":8699,"uploading_duration":643,"executable":"ellipsoids-openmp","args":["1.dat","119.log","119.xoutput"],"id":45,"resource":"512","request_start":1576546046184,"request_end":1576546056985,"request_duration":10801,"type":"512"}
{"start":1576546046452,"end":1576546056967,"duration":10515,"downloading_duration":1015,"execution_duration":8899,"uploading_duration":601,"executable":"ellipsoids-openmp","args":["2.dat","22.log","22.xoutput"],"id":48,"resource":"512","request_start":1576546046148,"request_end":1576546056988,"request_duration":10840,"type":"512"}
{"start":1576546046640,"end":1576546057027,"duration":10387,"downloading_duration":1098,"execution_duration":8661,"uploading_duration":628,"executable":"ellipsoids-openmp","args":["3.dat","35.log","35.xoutput"],"id":71,"resource":"512","request_start":1576546046271,"request_end":1576546057048,"request_duration":10777,"type":"512"}
{"start":1576546046624,"end":1576546057031,"duration":10407,"downloading_duration":1103,"execution_duration":8644,"uploading_duration":660,"executable":"ellipsoids-openmp","args":["3.dat","33.log","33.xoutput"],"id":69,"resource":"512","request_start":1576546046268,"request_end":1576546057051,"request_duration":10783,"type":"512"}
{"start":1576546046505,"end":1576546057049,"duration":10544,"downloading_duration":1159,"execution_duration":8800,"uploading_duration":585,"executable":"ellipsoids-openmp","args":["2.dat","211.log","211.xoutput"],"id":57,"resource":"512","request_start":1576546046156,"request_end":1576546057067,"request_duration":10911,"type":"512"}
{"start":1576546046503,"end":1576546057063,"duration":10560,"downloading_duration":1152,"execution_duration":8836,"uploading_duration":572,"executable":"ellipsoids-openmp","args":["2.dat","29.log","29.xoutput"],"id":55,"resource":"512","request_start":1576546046154,"request_end":1576546057083,"request_duration":10929,"type":"512"}
{"start":1576546046502,"end":1576546057065,"duration":10563,"downloading_duration":1113,"execution_duration":8842,"uploading_duration":608,"executable":"ellipsoids-openmp","args":["2.dat","28.log","28.xoutput"],"id":54,"resource":"512","request_start":1576546046153,"request_end":1576546057088,"request_duration":10935,"type":"512"}
{"start":1576546046506,"end":1576546057076,"duration":10570,"downloading_duration":1035,"execution_duration":8921,"uploading_duration":614,"executable":"ellipsoids-openmp","args":["2.dat","213.log","213.xoutput"],"id":59,"resource":"512","request_start":1576546046158,"request_end":1576546057096,"request_duration":10938,"type":"512"}
{"start":1576546046623,"end":1576546057079,"duration":10456,"downloading_duration":1102,"execution_duration":8702,"uploading_duration":652,"executable":"ellipsoids-openmp","args":["3.dat","32.log","32.xoutput"],"id":68,"resource":"512","request_start":1576546046265,"request_end":1576546057101,"request_duration":10836,"type":"512"}
{"start":1576546046618,"end":1576546057088,"duration":10470,"downloading_duration":1194,"execution_duration":8642,"uploading_duration":634,"executable":"ellipsoids-openmp","args":["1.dat","114.log","114.xoutput"],"id":40,"resource":"512","request_start":1576546046178,"request_end":1576546057107,"request_duration":10929,"type":"512"}
{"start":1576546046450,"end":1576546057091,"duration":10641,"downloading_duration":1049,"execution_duration":9001,"uploading_duration":591,"executable":"ellipsoids-openmp","args":["2.dat","21.log","21.xoutput"],"id":47,"resource":"512","request_start":1576546046147,"request_end":1576546057110,"request_duration":10963,"type":"512"}
{"start":1576546046503,"end":1576546057106,"duration":10603,"downloading_duration":1096,"execution_duration":8897,"uploading_duration":610,"executable":"ellipsoids-openmp","args":["2.dat","26.log","26.xoutput"],"id":52,"resource":"512","request_start":1576546046152,"request_end":1576546057124,"request_duration":10972,"type":"512"}
{"start":1576546046452,"end":1576546057107,"duration":10655,"downloading_duration":1033,"execution_duration":9001,"uploading_duration":621,"executable":"ellipsoids-openmp","args":["2.dat","24.log","24.xoutput"],"id":50,"resource":"512","request_start":1576546046150,"request_end":1576546057127,"request_duration":10977,"type":"512"}
{"start":1576546046507,"end":1576546057109,"duration":10602,"downloading_duration":1085,"execution_duration":8882,"uploading_duration":635,"executable":"ellipsoids-openmp","args":["2.dat","210.log","210.xoutput"],"id":56,"resource":"512","request_start":1576546046155,"request_end":1576546057132,"request_duration":10977,"type":"512"}
{"start":1576546046585,"end":1576546057130,"duration":10545,"downloading_duration":1310,"execution_duration":8661,"uploading_duration":574,"executable":"ellipsoids-openmp","args":["1.dat","110.log","110.xoutput"],"id":36,"resource":"512","request_start":1576546046175,"request_end":1576546057149,"request_duration":10974,"type":"512"}
{"start":1576546046452,"end":1576546057154,"duration":10702,"downloading_duration":1091,"execution_duration":9021,"uploading_duration":590,"executable":"ellipsoids-openmp","args":["2.dat","25.log","25.xoutput"],"id":51,"resource":"512","request_start":1576546046151,"request_end":1576546057176,"request_duration":11025,"type":"512"}
{"start":1576546046565,"end":1576546057165,"duration":10600,"downloading_duration":1050,"execution_duration":8977,"uploading_duration":573,"executable":"ellipsoids-openmp","args":["2.dat","217.log","217.xoutput"],"id":63,"resource":"512","request_start":1576546046161,"request_end":1576546057183,"request_duration":11022,"type":"512"}
{"start":1576546046612,"end":1576546057171,"duration":10559,"downloading_duration":1042,"execution_duration":8918,"uploading_duration":599,"executable":"ellipsoids-openmp","args":["1.dat","115.log","115.xoutput"],"id":41,"resource":"512","request_start":1576546046180,"request_end":1576546057191,"request_duration":11011,"type":"512"}
{"start":1576546046505,"end":1576546057201,"duration":10696,"downloading_duration":1112,"execution_duration":9018,"uploading_duration":566,"executable":"ellipsoids-openmp","args":["2.dat","214.log","214.xoutput"],"id":60,"resource":"512","request_start":1576546046159,"request_end":1576546057221,"request_duration":11062,"type":"512"}
{"start":1576546046565,"end":1576546057204,"duration":10639,"downloading_duration":1086,"execution_duration":8920,"uploading_duration":633,"executable":"ellipsoids-openmp","args":["2.dat","219.log","219.xoutput"],"id":65,"resource":"512","request_start":1576546046163,"request_end":1576546057224,"request_duration":11061,"type":"512"}
{"start":1576546046569,"end":1576546057280,"duration":10711,"downloading_duration":1178,"execution_duration":8920,"uploading_duration":613,"executable":"ellipsoids-openmp","args":["2.dat","218.log","218.xoutput"],"id":64,"resource":"512","request_start":1576546046162,"request_end":1576546057297,"request_duration":11135,"type":"512"}
{"start":1576546046504,"end":1576546057319,"duration":10815,"downloading_duration":1083,"execution_duration":9037,"uploading_duration":695,"executable":"ellipsoids-openmp","args":["2.dat","215.log","215.xoutput"],"id":61,"resource":"512","request_start":1576546046160,"request_end":1576546057338,"request_duration":11178,"type":"512"}
{"start":1576546046501,"end":1576546057380,"duration":10879,"downloading_duration":1093,"execution_duration":9061,"uploading_duration":725,"executable":"ellipsoids-openmp","args":["2.dat","27.log","27.xoutput"],"id":53,"resource":"512","request_start":1576546046153,"request_end":1576546057399,"request_duration":11246,"type":"512"}
{"start":1576546046565,"end":1576546057390,"duration":10825,"downloading_duration":1099,"execution_duration":9101,"uploading_duration":625,"executable":"ellipsoids-openmp","args":["2.dat","216.log","216.xoutput"],"id":62,"resource":"512","request_start":1576546046160,"request_end":1576546057410,"request_duration":11250,"type":"512"}
{"start":1576546046555,"end":1576546057460,"duration":10905,"downloading_duration":1081,"execution_duration":9238,"uploading_duration":586,"executable":"ellipsoids-openmp","args":["2.dat","212.log","212.xoutput"],"id":58,"resource":"512","request_start":1576546046157,"request_end":1576546057479,"request_duration":11322,"type":"512"}
{"start":1576546046451,"end":1576546057501,"duration":11050,"downloading_duration":1078,"execution_duration":9283,"uploading_duration":689,"executable":"ellipsoids-openmp","args":["2.dat","20.log","20.xoutput"],"id":46,"resource":"512","request_start":1576546046146,"request_end":1576546057521,"request_duration":11375,"type":"512"}
{"start":1576546046634,"end":1576546057542,"duration":10908,"downloading_duration":1160,"execution_duration":8700,"uploading_duration":1048,"executable":"ellipsoids-openmp","args":["3.dat","31.log","31.xoutput"],"id":67,"resource":"512","request_start":1576546046264,"request_end":1576546057561,"request_duration":11297,"type":"512"}
{"start":1576546046655,"end":1576546057714,"duration":11059,"downloading_duration":1088,"execution_duration":8421,"uploading_duration":1550,"executable":"ellipsoids-openmp","args":["3.dat","39.log","39.xoutput"],"id":75,"resource":"512","request_start":1576546046277,"request_end":1576546057738,"request_duration":11461,"type":"512"}
{"start":1576546057313,"end":1576546059009,"duration":1696,"downloading_duration":1265,"execution_duration":8,"uploading_duration":423,"executable":"mean-pack-ell","args":["10.xoutput","11.xoutput","12.xoutput","13.xoutput","14.xoutput","15.xoutput","16.xoutput","17.xoutput","18.xoutput","19.xoutput","110.xoutput","111.xoutput","112.xoutput","113.xoutput","114.xoutput","115.xoutput","116.xoutput","117.xoutput","118.xoutput","119.xoutput","average_1.txt"],"id":87,"resource":"512","request_start":1576546057202,"request_end":1576546059028,"request_duration":1826,"type":"512"}
{"start":1576546046451,"end":1576546064011,"duration":17560,"downloading_duration":8091,"execution_duration":8861,"uploading_duration":608,"executable":"ellipsoids-openmp","args":["2.dat","23.log","23.xoutput"],"id":49,"resource":"512","request_start":1576546046149,"request_end":1576546064030,"request_duration":17881,"type":"512"}
{"start":1576546055414,"end":1576546064123,"duration":8709,"downloading_duration":1006,"execution_duration":7101,"uploading_duration":602,"executable":"ellipsoids-openmp","args":["3.dat","310.log","310.xoutput"],"id":76,"resource":"512","request_start":1576546046278,"request_end":1576546064142,"request_duration":17864,"type":"512"}
{"start":1576546064140,"end":1576546065670,"duration":1530,"downloading_duration":1141,"execution_duration":3,"uploading_duration":386,"executable":"mean-pack-ell","args":["20.xoutput","21.xoutput","22.xoutput","23.xoutput","24.xoutput","25.xoutput","26.xoutput","27.xoutput","28.xoutput","29.xoutput","210.xoutput","211.xoutput","212.xoutput","213.xoutput","214.xoutput","215.xoutput","216.xoutput","217.xoutput","218.xoutput","219.xoutput","average_2.txt"],"id":88,"resource":"512","request_start":1576546064036,"request_end":1576546065691,"request_duration":1655,"type":"512"}
{"start":1576546056490,"end":1576546066418,"duration":9928,"downloading_duration":1085,"execution_duration":8238,"uploading_duration":605,"executable":"ellipsoids-openmp","args":["3.dat","311.log","311.xoutput"],"id":77,"resource":"512","request_start":1576546046278,"request_end":1576546066447,"request_duration":20169,"type":"512"}
{"start":1576546056828,"end":1576546066480,"duration":9652,"downloading_duration":1001,"execution_duration":8040,"uploading_duration":611,"executable":"ellipsoids-openmp","args":["3.dat","317.log","317.xoutput"],"id":83,"resource":"512","request_start":1576546046282,"request_end":1576546066566,"request_duration":20284,"type":"512"}
{"start":1576546056543,"end":1576546066550,"duration":10007,"downloading_duration":1102,"execution_duration":8319,"uploading_duration":586,"executable":"ellipsoids-openmp","args":["3.dat","312.log","312.xoutput"],"id":78,"resource":"512","request_start":1576546046279,"request_end":1576546066580,"request_duration":20301,"type":"512"}
{"start":1576546056687,"end":1576546066818,"duration":10131,"downloading_duration":1021,"execution_duration":8440,"uploading_duration":670,"executable":"ellipsoids-openmp","args":["3.dat","313.log","313.xoutput"],"id":79,"resource":"512","request_start":1576546046279,"request_end":1576546066837,"request_duration":20558,"type":"512"}
{"start":1576546056821,"end":1576546066985,"duration":10164,"downloading_duration":1088,"execution_duration":8441,"uploading_duration":635,"executable":"ellipsoids-openmp","args":["3.dat","316.log","316.xoutput"],"id":82,"resource":"512","request_start":1576546046281,"request_end":1576546067007,"request_duration":20726,"type":"512"}
{"start":1576546056814,"end":1576546066995,"duration":10181,"downloading_duration":1078,"execution_duration":8502,"uploading_duration":601,"executable":"ellipsoids-openmp","args":["3.dat","315.log","315.xoutput"],"id":81,"resource":"512","request_start":1576546046281,"request_end":1576546067013,"request_duration":20732,"type":"512"}
{"start":1576546056806,"end":1576546067163,"duration":10357,"downloading_duration":1076,"execution_duration":8700,"uploading_duration":581,"executable":"ellipsoids-openmp","args":["3.dat","314.log","314.xoutput"],"id":80,"resource":"512","request_start":1576546046280,"request_end":1576546067183,"request_duration":20903,"type":"512"}
{"start":1576546056877,"end":1576546067224,"duration":10347,"downloading_duration":1220,"execution_duration":8521,"uploading_duration":606,"executable":"ellipsoids-openmp","args":["3.dat","319.log","319.xoutput"],"id":85,"resource":"512","request_start":1576546046283,"request_end":1576546067247,"request_duration":20964,"type":"512"}
{"start":1576546056947,"end":1576546067323,"duration":10376,"downloading_duration":1098,"execution_duration":8699,"uploading_duration":579,"executable":"ellipsoids-openmp","args":["0.dat","07.log","07.xoutput"],"id":13,"resource":"512","request_start":1576546046649,"request_end":1576546067343,"request_duration":20694,"type":"512"}
{"start":1576546057008,"end":1576546067412,"duration":10404,"downloading_duration":1065,"execution_duration":8757,"uploading_duration":582,"executable":"ellipsoids-openmp","args":["0.dat","014.log","014.xoutput"],"id":20,"resource":"512","request_start":1576546046660,"request_end":1576546067430,"request_duration":20770,"type":"512"}
{"start":1576546057131,"end":1576546067455,"duration":10324,"downloading_duration":1024,"execution_duration":8740,"uploading_duration":560,"executable":"ellipsoids-openmp","args":["0.dat","03.log","03.xoutput"],"id":9,"resource":"512","request_start":1576546046671,"request_end":1576546067477,"request_duration":20806,"type":"512"}
{"start":1576546057014,"end":1576546067473,"duration":10459,"downloading_duration":1151,"execution_duration":8701,"uploading_duration":607,"executable":"ellipsoids-openmp","args":["0.dat","015.log","015.xoutput"],"id":21,"resource":"512","request_start":1576546046661,"request_end":1576546067492,"request_duration":20831,"type":"512"}
{"start":1576546057076,"end":1576546067522,"duration":10446,"downloading_duration":1085,"execution_duration":8760,"uploading_duration":601,"executable":"ellipsoids-openmp","args":["0.dat","017.log","017.xoutput"],"id":23,"resource":"512","request_start":1576546046663,"request_end":1576546067542,"request_duration":20879,"type":"512"}
{"start":1576546056868,"end":1576546067530,"duration":10662,"downloading_duration":1289,"execution_duration":8761,"uploading_duration":612,"executable":"ellipsoids-openmp","args":["3.dat","318.log","318.xoutput"],"id":84,"resource":"512","request_start":1576546046282,"request_end":1576546067548,"request_duration":21266,"type":"512"}
{"start":1576546056967,"end":1576546067665,"duration":10698,"downloading_duration":1146,"execution_duration":8961,"uploading_duration":591,"executable":"ellipsoids-openmp","args":["0.dat","011.log","011.xoutput"],"id":17,"resource":"512","request_start":1576546046655,"request_end":1576546067687,"request_duration":21032,"type":"512"}
{"start":1576546056995,"end":1576546067711,"duration":10716,"downloading_duration":1146,"execution_duration":8981,"uploading_duration":589,"executable":"ellipsoids-openmp","args":["0.dat","013.log","013.xoutput"],"id":19,"resource":"512","request_start":1576546046658,"request_end":1576546067730,"request_duration":21072,"type":"512"}
{"start":1576546057099,"end":1576546067713,"duration":10614,"downloading_duration":1040,"execution_duration":8903,"uploading_duration":671,"executable":"ellipsoids-openmp","args":["0.dat","019.log","019.xoutput"],"id":25,"resource":"512","request_start":1576546046665,"request_end":1576546067732,"request_duration":21067,"type":"512"}
{"start":1576546056919,"end":1576546067722,"duration":10803,"downloading_duration":1157,"execution_duration":8981,"uploading_duration":665,"executable":"ellipsoids-openmp","args":["0.dat","06.log","06.xoutput"],"id":12,"resource":"512","request_start":1576546046647,"request_end":1576546067740,"request_duration":21093,"type":"512"}
{"start":1576546056959,"end":1576546067736,"duration":10777,"downloading_duration":1253,"execution_duration":8943,"uploading_duration":581,"executable":"ellipsoids-openmp","args":["0.dat","09.log","09.xoutput"],"id":15,"resource":"512","request_start":1576546046652,"request_end":1576546067755,"request_duration":21103,"type":"512"}
{"start":1576546056895,"end":1576546067739,"duration":10844,"downloading_duration":1034,"execution_duration":9121,"uploading_duration":689,"executable":"ellipsoids-openmp","args":["0.dat","04.log","04.xoutput"],"id":10,"resource":"512","request_start":1576546046641,"request_end":1576546067758,"request_duration":21117,"type":"512"}
{"start":1576546056908,"end":1576546067744,"duration":10836,"downloading_duration":1291,"execution_duration":8963,"uploading_duration":582,"executable":"ellipsoids-openmp","args":["0.dat","05.log","05.xoutput"],"id":11,"resource":"512","request_start":1576546046644,"request_end":1576546067766,"request_duration":21122,"type":"512"}
{"start":1576546057079,"end":1576546067844,"duration":10765,"downloading_duration":1072,"execution_duration":9061,"uploading_duration":632,"executable":"ellipsoids-openmp","args":["0.dat","018.log","018.xoutput"],"id":24,"resource":"512","request_start":1576546046664,"request_end":1576546067862,"request_duration":21198,"type":"512"}
{"start":1576546057122,"end":1576546067878,"duration":10756,"downloading_duration":1146,"execution_duration":8957,"uploading_duration":653,"executable":"ellipsoids-openmp","args":["0.dat","02.log","02.xoutput"],"id":8,"resource":"512","request_start":1576546046669,"request_end":1576546067899,"request_duration":21230,"type":"512"}
{"start":1576546057119,"end":1576546068037,"duration":10918,"downloading_duration":1176,"execution_duration":9140,"uploading_duration":602,"executable":"ellipsoids-openmp","args":["0.dat","01.log","01.xoutput"],"id":7,"resource":"512","request_start":1576546046667,"request_end":1576546068056,"request_duration":21389,"type":"512"}
{"start":1576546056958,"end":1576546068042,"duration":11084,"downloading_duration":1108,"execution_duration":9298,"uploading_duration":678,"executable":"ellipsoids-openmp","args":["0.dat","08.log","08.xoutput"],"id":14,"resource":"512","request_start":1576546046651,"request_end":1576546068060,"request_duration":21409,"type":"512"}
{"start":1576546057015,"end":1576546068076,"duration":11061,"downloading_duration":1100,"execution_duration":9341,"uploading_duration":620,"executable":"ellipsoids-openmp","args":["0.dat","016.log","016.xoutput"],"id":22,"resource":"512","request_start":1576546046662,"request_end":1576546068095,"request_duration":21433,"type":"512"}
{"start":1576546056964,"end":1576546068208,"duration":11244,"downloading_duration":1112,"execution_duration":9482,"uploading_duration":650,"executable":"ellipsoids-openmp","args":["0.dat","010.log","010.xoutput"],"id":16,"resource":"512","request_start":1576546046654,"request_end":1576546068227,"request_duration":21573,"type":"512"}
{"start":1576546056987,"end":1576546068353,"duration":11366,"downloading_duration":1139,"execution_duration":9462,"uploading_duration":765,"executable":"ellipsoids-openmp","args":["0.dat","012.log","012.xoutput"],"id":18,"resource":"512","request_start":1576546046657,"request_end":1576546068398,"request_duration":21741,"type":"512"}
{"start":1576546057109,"end":1576546068694,"duration":11585,"downloading_duration":1005,"execution_duration":10020,"uploading_duration":560,"executable":"ellipsoids-openmp","args":["0.dat","00.log","00.xoutput"],"id":6,"resource":"512","request_start":1576546046666,"request_end":1576546068714,"request_duration":22048,"type":"512"}
{"start":1576546067669,"end":1576546069287,"duration":1618,"downloading_duration":1178,"execution_duration":9,"uploading_duration":431,"executable":"mean-pack-ell","args":["30.xoutput","31.xoutput","32.xoutput","33.xoutput","34.xoutput","35.xoutput","36.xoutput","37.xoutput","38.xoutput","39.xoutput","310.xoutput","311.xoutput","312.xoutput","313.xoutput","314.xoutput","315.xoutput","316.xoutput","317.xoutput","318.xoutput","319.xoutput","average_3.txt"],"id":89,"resource":"512","request_start":1576546067559,"request_end":1576546069307,"request_duration":1748,"type":"512"}
{"start":1576546068824,"end":1576546070242,"duration":1418,"downloading_duration":1028,"execution_duration":3,"uploading_duration":387,"executable":"mean-pack-ell","args":["00.xoutput","01.xoutput","02.xoutput","03.xoutput","04.xoutput","05.xoutput","06.xoutput","07.xoutput","08.xoutput","09.xoutput","010.xoutput","011.xoutput","012.xoutput","013.xoutput","014.xoutput","015.xoutput","016.xoutput","017.xoutput","018.xoutput","019.xoutput","average_0.txt"],"id":86,"resource":"512","request_start":1576546068720,"request_end":1576546070306,"request_duration":1586,"type":"512"}
{"start":1576546070437,"end":1576546071494,"duration":1057,"downloading_duration":430,"execution_duration":229,"uploading_duration":398,"executable":"summary.js","args":[],"id":90,"resource":"512","request_start":1576546070313,"request_end":1576546071513,"request_duration":1200,"type":"512"}
