{"start":1576546318094,"end":1576546318914,"duration":820,"downloading_duration":375,"execution_duration":62,"uploading_duration":383,"executable":"generateData.js","args":[],"id":1,"resource":"2048","request_start":1576546317940,"request_end":1576546318936,"request_duration":996,"type":"2048"}
{"start":1576546319180,"end":1576546319994,"duration":814,"downloading_duration":377,"execution_duration":62,"uploading_duration":375,"executable":"createDat.js","args":["1.dat"],"id":3,"resource":"2048","request_start":1576546318940,"request_end":1576546320012,"request_duration":1072,"type":"2048"}
{"start":1576546319190,"end":1576546320004,"duration":814,"downloading_duration":371,"execution_duration":62,"uploading_duration":381,"executable":"createDat.js","args":["0.dat"],"id":2,"resource":"2048","request_start":1576546318939,"request_end":1576546320023,"request_duration":1084,"type":"2048"}
{"start":1576546319188,"end":1576546320031,"duration":843,"downloading_duration":376,"execution_duration":61,"uploading_duration":406,"executable":"createDat.js","args":["3.dat"],"id":5,"resource":"2048","request_start":1576546318943,"request_end":1576546320083,"request_duration":1140,"type":"2048"}
{"start":1576546319217,"end":1576546320070,"duration":853,"downloading_duration":401,"execution_duration":61,"uploading_duration":391,"executable":"createDat.js","args":["2.dat"],"id":4,"resource":"2048","request_start":1576546318942,"request_end":1576546320089,"request_duration":1147,"type":"2048"}
{"start":1576546320446,"end":1576546323748,"duration":3302,"downloading_duration":988,"execution_duration":1732,"uploading_duration":582,"executable":"ellipsoids-openmp","args":["0.dat","016.log","016.xoutput"],"id":22,"resource":"2048","request_start":1576546320107,"request_end":1576546323772,"request_duration":3665,"type":"2048"}
{"start":1576546320446,"end":1576546323824,"duration":3378,"downloading_duration":980,"execution_duration":1826,"uploading_duration":572,"executable":"ellipsoids-openmp","args":["0.dat","011.log","011.xoutput"],"id":17,"resource":"2048","request_start":1576546320101,"request_end":1576546323847,"request_duration":3746,"type":"2048"}
{"start":1576546320246,"end":1576546323976,"duration":3730,"downloading_duration":1080,"execution_duration":2064,"uploading_duration":586,"executable":"ellipsoids-openmp","args":["1.dat","12.log","12.xoutput"],"id":28,"resource":"2048","request_start":1576546320026,"request_end":1576546323998,"request_duration":3972,"type":"2048"}
{"start":1576546320236,"end":1576546323999,"duration":3763,"downloading_duration":1055,"execution_duration":2151,"uploading_duration":557,"executable":"ellipsoids-openmp","args":["1.dat","15.log","15.xoutput"],"id":31,"resource":"2048","request_start":1576546320029,"request_end":1576546324021,"request_duration":3992,"type":"2048"}
{"start":1576546320328,"end":1576546324017,"duration":3689,"downloading_duration":1027,"execution_duration":2080,"uploading_duration":582,"executable":"ellipsoids-openmp","args":["1.dat","17.log","17.xoutput"],"id":33,"resource":"2048","request_start":1576546320031,"request_end":1576546324036,"request_duration":4005,"type":"2048"}
{"start":1576546320251,"end":1576546324055,"duration":3804,"downloading_duration":1033,"execution_duration":2184,"uploading_duration":587,"executable":"ellipsoids-openmp","args":["1.dat","10.log","10.xoutput"],"id":26,"resource":"2048","request_start":1576546320024,"request_end":1576546324077,"request_duration":4053,"type":"2048"}
{"start":1576546320386,"end":1576546324077,"duration":3691,"downloading_duration":992,"execution_duration":2078,"uploading_duration":621,"executable":"ellipsoids-openmp","args":["1.dat","119.log","119.xoutput"],"id":45,"resource":"2048","request_start":1576546320041,"request_end":1576546324097,"request_duration":4056,"type":"2048"}
{"start":1576546320236,"end":1576546324083,"duration":3847,"downloading_duration":1047,"execution_duration":2107,"uploading_duration":693,"executable":"ellipsoids-openmp","args":["1.dat","14.log","14.xoutput"],"id":30,"resource":"2048","request_start":1576546320028,"request_end":1576546324102,"request_duration":4074,"type":"2048"}
{"start":1576546320386,"end":1576546324088,"duration":3702,"downloading_duration":1083,"execution_duration":2058,"uploading_duration":561,"executable":"ellipsoids-openmp","args":["1.dat","115.log","115.xoutput"],"id":41,"resource":"2048","request_start":1576546320038,"request_end":1576546324108,"request_duration":4070,"type":"2048"}
{"start":1576546320360,"end":1576546324093,"duration":3733,"downloading_duration":1104,"execution_duration":2064,"uploading_duration":565,"executable":"ellipsoids-openmp","args":["1.dat","111.log","111.xoutput"],"id":37,"resource":"2048","request_start":1576546320034,"request_end":1576546324116,"request_duration":4082,"type":"2048"}
{"start":1576546320323,"end":1576546324127,"duration":3804,"downloading_duration":992,"execution_duration":2183,"uploading_duration":629,"executable":"ellipsoids-openmp","args":["1.dat","110.log","110.xoutput"],"id":36,"resource":"2048","request_start":1576546320034,"request_end":1576546324147,"request_duration":4113,"type":"2048"}
{"start":1576546320392,"end":1576546324130,"duration":3738,"downloading_duration":996,"execution_duration":2127,"uploading_duration":615,"executable":"ellipsoids-openmp","args":["1.dat","117.log","117.xoutput"],"id":43,"resource":"2048","request_start":1576546320040,"request_end":1576546324150,"request_duration":4110,"type":"2048"}
{"start":1576546320346,"end":1576546324131,"duration":3785,"downloading_duration":1078,"execution_duration":2126,"uploading_duration":581,"executable":"ellipsoids-openmp","args":["1.dat","18.log","18.xoutput"],"id":34,"resource":"2048","request_start":1576546320032,"request_end":1576546324153,"request_duration":4121,"type":"2048"}
{"start":1576546320334,"end":1576546324130,"duration":3796,"downloading_duration":1091,"execution_duration":2081,"uploading_duration":624,"executable":"ellipsoids-openmp","args":["1.dat","19.log","19.xoutput"],"id":35,"resource":"2048","request_start":1576546320033,"request_end":1576546324155,"request_duration":4122,"type":"2048"}
{"start":1576546320256,"end":1576546324132,"duration":3876,"downloading_duration":1156,"execution_duration":2154,"uploading_duration":566,"executable":"ellipsoids-openmp","args":["1.dat","16.log","16.xoutput"],"id":32,"resource":"2048","request_start":1576546320030,"request_end":1576546324158,"request_duration":4128,"type":"2048"}
{"start":1576546320233,"end":1576546324140,"duration":3907,"downloading_duration":1091,"execution_duration":2175,"uploading_duration":641,"executable":"ellipsoids-openmp","args":["1.dat","13.log","13.xoutput"],"id":29,"resource":"2048","request_start":1576546320027,"request_end":1576546324167,"request_duration":4140,"type":"2048"}
{"start":1576546320378,"end":1576546324141,"duration":3763,"downloading_duration":1000,"execution_duration":2171,"uploading_duration":592,"executable":"ellipsoids-openmp","args":["1.dat","113.log","113.xoutput"],"id":39,"resource":"2048","request_start":1576546320036,"request_end":1576546324170,"request_duration":4134,"type":"2048"}
{"start":1576546320388,"end":1576546324155,"duration":3767,"downloading_duration":1029,"execution_duration":2153,"uploading_duration":585,"executable":"ellipsoids-openmp","args":["1.dat","112.log","112.xoutput"],"id":38,"resource":"2048","request_start":1576546320035,"request_end":1576546324180,"request_duration":4145,"type":"2048"}
{"start":1576546320387,"end":1576546324156,"duration":3769,"downloading_duration":1002,"execution_duration":2120,"uploading_duration":647,"executable":"ellipsoids-openmp","args":["1.dat","116.log","116.xoutput"],"id":42,"resource":"2048","request_start":1576546320039,"request_end":1576546324180,"request_duration":4141,"type":"2048"}
{"start":1576546320470,"end":1576546324194,"duration":3724,"downloading_duration":1000,"execution_duration":2159,"uploading_duration":565,"executable":"ellipsoids-openmp","args":["3.dat","38.log","38.xoutput"],"id":74,"resource":"2048","request_start":1576546320133,"request_end":1576546324211,"request_duration":4078,"type":"2048"}
{"start":1576546320484,"end":1576546324239,"duration":3755,"downloading_duration":990,"execution_duration":2168,"uploading_duration":597,"executable":"ellipsoids-openmp","args":["3.dat","39.log","39.xoutput"],"id":75,"resource":"2048","request_start":1576546320134,"request_end":1576546324257,"request_duration":4123,"type":"2048"}
{"start":1576546320452,"end":1576546324241,"duration":3789,"downloading_duration":1068,"execution_duration":2115,"uploading_duration":606,"executable":"ellipsoids-openmp","args":["3.dat","31.log","31.xoutput"],"id":67,"resource":"2048","request_start":1576546320128,"request_end":1576546324260,"request_duration":4132,"type":"2048"}
{"start":1576546320250,"end":1576546324250,"duration":4000,"downloading_duration":1212,"execution_duration":2184,"uploading_duration":604,"executable":"ellipsoids-openmp","args":["1.dat","11.log","11.xoutput"],"id":27,"resource":"2048","request_start":1576546320025,"request_end":1576546324269,"request_duration":4244,"type":"2048"}
{"start":1576546320380,"end":1576546324241,"duration":3861,"downloading_duration":1096,"execution_duration":2153,"uploading_duration":612,"executable":"ellipsoids-openmp","args":["1.dat","118.log","118.xoutput"],"id":44,"resource":"2048","request_start":1576546320040,"request_end":1576546324271,"request_duration":4231,"type":"2048"}
{"start":1576546320447,"end":1576546324259,"duration":3812,"downloading_duration":991,"execution_duration":2210,"uploading_duration":611,"executable":"ellipsoids-openmp","args":["0.dat","013.log","013.xoutput"],"id":19,"resource":"2048","request_start":1576546320103,"request_end":1576546324279,"request_duration":4176,"type":"2048"}
{"start":1576546320397,"end":1576546324262,"duration":3865,"downloading_duration":1012,"execution_duration":2268,"uploading_duration":585,"executable":"ellipsoids-openmp","args":["0.dat","09.log","09.xoutput"],"id":15,"resource":"2048","request_start":1576546320099,"request_end":1576546324284,"request_duration":4185,"type":"2048"}
{"start":1576546320455,"end":1576546324270,"duration":3815,"downloading_duration":1021,"execution_duration":2226,"uploading_duration":568,"executable":"ellipsoids-openmp","args":["0.dat","02.log","02.xoutput"],"id":8,"resource":"2048","request_start":1576546320114,"request_end":1576546324290,"request_duration":4176,"type":"2048"}
{"start":1576546320476,"end":1576546324266,"duration":3790,"downloading_duration":1079,"execution_duration":2067,"uploading_duration":644,"executable":"ellipsoids-openmp","args":["3.dat","35.log","35.xoutput"],"id":71,"resource":"2048","request_start":1576546320131,"request_end":1576546324292,"request_duration":4161,"type":"2048"}
{"start":1576546320325,"end":1576546324272,"duration":3947,"downloading_duration":1089,"execution_duration":2141,"uploading_duration":717,"executable":"ellipsoids-openmp","args":["1.dat","114.log","114.xoutput"],"id":40,"resource":"2048","request_start":1576546320037,"request_end":1576546324295,"request_duration":4258,"type":"2048"}
{"start":1576546320395,"end":1576546324273,"duration":3878,"downloading_duration":1021,"execution_duration":2287,"uploading_duration":570,"executable":"ellipsoids-openmp","args":["0.dat","07.log","07.xoutput"],"id":13,"resource":"2048","request_start":1576546320097,"request_end":1576546324296,"request_duration":4199,"type":"2048"}
{"start":1576546320467,"end":1576546324278,"duration":3811,"downloading_duration":1032,"execution_duration":2124,"uploading_duration":655,"executable":"ellipsoids-openmp","args":["3.dat","33.log","33.xoutput"],"id":69,"resource":"2048","request_start":1576546320129,"request_end":1576546324305,"request_duration":4176,"type":"2048"}
{"start":1576546320459,"end":1576546324288,"duration":3829,"downloading_duration":1040,"execution_duration":2134,"uploading_duration":655,"executable":"ellipsoids-openmp","args":["3.dat","32.log","32.xoutput"],"id":68,"resource":"2048","request_start":1576546320128,"request_end":1576546324313,"request_duration":4185,"type":"2048"}
{"start":1576546320415,"end":1576546324319,"duration":3904,"downloading_duration":1004,"execution_duration":2294,"uploading_duration":606,"executable":"ellipsoids-openmp","args":["0.dat","06.log","06.xoutput"],"id":12,"resource":"2048","request_start":1576546320096,"request_end":1576546324337,"request_duration":4241,"type":"2048"}
{"start":1576546320475,"end":1576546324320,"duration":3845,"downloading_duration":1088,"execution_duration":2153,"uploading_duration":604,"executable":"ellipsoids-openmp","args":["3.dat","30.log","30.xoutput"],"id":66,"resource":"2048","request_start":1576546320127,"request_end":1576546324340,"request_duration":4213,"type":"2048"}
{"start":1576546320390,"end":1576546324330,"duration":3940,"downloading_duration":1077,"execution_duration":2294,"uploading_duration":569,"executable":"ellipsoids-openmp","args":["0.dat","05.log","05.xoutput"],"id":11,"resource":"2048","request_start":1576546320095,"request_end":1576546324354,"request_duration":4259,"type":"2048"}
{"start":1576546320446,"end":1576546324333,"duration":3887,"downloading_duration":1014,"execution_duration":2265,"uploading_duration":608,"executable":"ellipsoids-openmp","args":["0.dat","010.log","010.xoutput"],"id":16,"resource":"2048","request_start":1576546320100,"request_end":1576546324356,"request_duration":4256,"type":"2048"}
{"start":1576546320459,"end":1576546324334,"duration":3875,"downloading_duration":1072,"execution_duration":2192,"uploading_duration":611,"executable":"ellipsoids-openmp","args":["3.dat","36.log","36.xoutput"],"id":72,"resource":"2048","request_start":1576546320132,"request_end":1576546324358,"request_duration":4226,"type":"2048"}
{"start":1576546320476,"end":1576546324339,"duration":3863,"downloading_duration":993,"execution_duration":2203,"uploading_duration":667,"executable":"ellipsoids-openmp","args":["3.dat","34.log","34.xoutput"],"id":70,"resource":"2048","request_start":1576546320130,"request_end":1576546324366,"request_duration":4236,"type":"2048"}
{"start":1576546320394,"end":1576546324339,"duration":3945,"downloading_duration":1204,"execution_duration":2150,"uploading_duration":591,"executable":"ellipsoids-openmp","args":["0.dat","08.log","08.xoutput"],"id":14,"resource":"2048","request_start":1576546320098,"request_end":1576546324367,"request_duration":4269,"type":"2048"}
{"start":1576546320465,"end":1576546324339,"duration":3874,"downloading_duration":995,"execution_duration":2277,"uploading_duration":602,"executable":"ellipsoids-openmp","args":["0.dat","017.log","017.xoutput"],"id":23,"resource":"2048","request_start":1576546320108,"request_end":1576546324368,"request_duration":4260,"type":"2048"}
{"start":1576546320455,"end":1576546324353,"duration":3898,"downloading_duration":1069,"execution_duration":2255,"uploading_duration":574,"executable":"ellipsoids-openmp","args":["0.dat","01.log","01.xoutput"],"id":7,"resource":"2048","request_start":1576546320113,"request_end":1576546324371,"request_duration":4258,"type":"2048"}
{"start":1576546320446,"end":1576546324358,"duration":3912,"downloading_duration":1029,"execution_duration":2282,"uploading_duration":601,"executable":"ellipsoids-openmp","args":["0.dat","012.log","012.xoutput"],"id":18,"resource":"2048","request_start":1576546320102,"request_end":1576546324380,"request_duration":4278,"type":"2048"}
{"start":1576546320451,"end":1576546324359,"duration":3908,"downloading_duration":985,"execution_duration":2322,"uploading_duration":601,"executable":"ellipsoids-openmp","args":["0.dat","03.log","03.xoutput"],"id":9,"resource":"2048","request_start":1576546320115,"request_end":1576546324385,"request_duration":4270,"type":"2048"}
{"start":1576546320450,"end":1576546324379,"duration":3929,"downloading_duration":998,"execution_duration":2318,"uploading_duration":613,"executable":"ellipsoids-openmp","args":["0.dat","00.log","00.xoutput"],"id":6,"resource":"2048","request_start":1576546320112,"request_end":1576546324398,"request_duration":4286,"type":"2048"}
{"start":1576546320438,"end":1576546324390,"duration":3952,"downloading_duration":1152,"execution_duration":2202,"uploading_duration":598,"executable":"ellipsoids-openmp","args":["0.dat","014.log","014.xoutput"],"id":20,"resource":"2048","request_start":1576546320105,"request_end":1576546324420,"request_duration":4315,"type":"2048"}
{"start":1576546320486,"end":1576546324432,"duration":3946,"downloading_duration":1264,"execution_duration":2071,"uploading_duration":611,"executable":"ellipsoids-openmp","args":["3.dat","37.log","37.xoutput"],"id":73,"resource":"2048","request_start":1576546320133,"request_end":1576546324454,"request_duration":4321,"type":"2048"}
{"start":1576546320465,"end":1576546324467,"duration":4002,"downloading_duration":1081,"execution_duration":2295,"uploading_duration":626,"executable":"ellipsoids-openmp","args":["0.dat","015.log","015.xoutput"],"id":21,"resource":"2048","request_start":1576546320106,"request_end":1576546324488,"request_duration":4382,"type":"2048"}
{"start":1576546320391,"end":1576546324481,"duration":4090,"downloading_duration":1158,"execution_duration":2306,"uploading_duration":626,"executable":"ellipsoids-openmp","args":["0.dat","04.log","04.xoutput"],"id":10,"resource":"2048","request_start":1576546320093,"request_end":1576546324500,"request_duration":4407,"type":"2048"}
{"start":1576546320448,"end":1576546324500,"duration":4052,"downloading_duration":1132,"execution_duration":2353,"uploading_duration":567,"executable":"ellipsoids-openmp","args":["0.dat","018.log","018.xoutput"],"id":24,"resource":"2048","request_start":1576546320109,"request_end":1576546324519,"request_duration":4410,"type":"2048"}
{"start":1576546320450,"end":1576546325217,"duration":4767,"downloading_duration":1891,"execution_duration":2287,"uploading_duration":589,"executable":"ellipsoids-openmp","args":["0.dat","019.log","019.xoutput"],"id":25,"resource":"2048","request_start":1576546320111,"request_end":1576546325237,"request_duration":5126,"type":"2048"}
{"start":1576546324422,"end":1576546325843,"duration":1421,"downloading_duration":1010,"execution_duration":2,"uploading_duration":409,"executable":"mean-pack-ell","args":["10.xoutput","11.xoutput","12.xoutput","13.xoutput","14.xoutput","15.xoutput","16.xoutput","17.xoutput","18.xoutput","19.xoutput","110.xoutput","111.xoutput","112.xoutput","113.xoutput","114.xoutput","115.xoutput","116.xoutput","117.xoutput","118.xoutput","119.xoutput","average_1.txt"],"id":87,"resource":"2048","request_start":1576546324308,"request_end":1576546325866,"request_duration":1558,"type":"2048"}
{"start":1576546325353,"end":1576546326800,"duration":1447,"downloading_duration":1069,"execution_duration":3,"uploading_duration":375,"executable":"mean-pack-ell","args":["00.xoutput","01.xoutput","02.xoutput","03.xoutput","04.xoutput","05.xoutput","06.xoutput","07.xoutput","08.xoutput","09.xoutput","010.xoutput","011.xoutput","012.xoutput","013.xoutput","014.xoutput","015.xoutput","016.xoutput","017.xoutput","018.xoutput","019.xoutput","average_0.txt"],"id":86,"resource":"2048","request_start":1576546325246,"request_end":1576546326862,"request_duration":1616,"type":"2048"}
{"start":1576546323794,"end":1576546327260,"duration":3466,"downloading_duration":1068,"execution_duration":1747,"uploading_duration":651,"executable":"ellipsoids-openmp","args":["3.dat","310.log","310.xoutput"],"id":76,"resource":"2048","request_start":1576546320135,"request_end":1576546327280,"request_duration":7145,"type":"2048"}
{"start":1576546323873,"end":1576546327397,"duration":3524,"downloading_duration":1146,"execution_duration":1776,"uploading_duration":602,"executable":"ellipsoids-openmp","args":["3.dat","311.log","311.xoutput"],"id":77,"resource":"2048","request_start":1576546320136,"request_end":1576546327417,"request_duration":7281,"type":"2048"}
{"start":1576546324047,"end":1576546327725,"duration":3678,"downloading_duration":978,"execution_duration":2147,"uploading_duration":553,"executable":"ellipsoids-openmp","args":["3.dat","313.log","313.xoutput"],"id":79,"resource":"2048","request_start":1576546320137,"request_end":1576546327747,"request_duration":7610,"type":"2048"}
{"start":1576546324063,"end":1576546327755,"duration":3692,"downloading_duration":992,"execution_duration":2114,"uploading_duration":586,"executable":"ellipsoids-openmp","args":["3.dat","314.log","314.xoutput"],"id":80,"resource":"2048","request_start":1576546320137,"request_end":1576546327777,"request_duration":7640,"type":"2048"}
{"start":1576546324025,"end":1576546327869,"duration":3844,"downloading_duration":1152,"execution_duration":2127,"uploading_duration":565,"executable":"ellipsoids-openmp","args":["3.dat","312.log","312.xoutput"],"id":78,"resource":"2048","request_start":1576546320136,"request_end":1576546327888,"request_duration":7752,"type":"2048"}
{"start":1576546324149,"end":1576546327867,"duration":3718,"downloading_duration":985,"execution_duration":2119,"uploading_duration":614,"executable":"ellipsoids-openmp","args":["3.dat","318.log","318.xoutput"],"id":84,"resource":"2048","request_start":1576546320140,"request_end":1576546327890,"request_duration":7750,"type":"2048"}
{"start":1576546324148,"end":1576546327872,"duration":3724,"downloading_duration":981,"execution_duration":2163,"uploading_duration":580,"executable":"ellipsoids-openmp","args":["3.dat","319.log","319.xoutput"],"id":85,"resource":"2048","request_start":1576546320143,"request_end":1576546327892,"request_duration":7749,"type":"2048"}
{"start":1576546324107,"end":1576546327877,"duration":3770,"downloading_duration":1038,"execution_duration":2138,"uploading_duration":594,"executable":"ellipsoids-openmp","args":["3.dat","315.log","315.xoutput"],"id":81,"resource":"2048","request_start":1576546320138,"request_end":1576546327901,"request_duration":7763,"type":"2048"}
{"start":1576546324125,"end":1576546327891,"duration":3766,"downloading_duration":1060,"execution_duration":2119,"uploading_duration":587,"executable":"ellipsoids-openmp","args":["3.dat","316.log","316.xoutput"],"id":82,"resource":"2048","request_start":1576546320138,"request_end":1576546327909,"request_duration":7771,"type":"2048"}
{"start":1576546324134,"end":1576546327921,"duration":3787,"downloading_duration":1073,"execution_duration":2123,"uploading_duration":591,"executable":"ellipsoids-openmp","args":["3.dat","317.log","317.xoutput"],"id":83,"resource":"2048","request_start":1576546320139,"request_end":1576546327941,"request_duration":7802,"type":"2048"}
{"start":1576546324186,"end":1576546327971,"duration":3785,"downloading_duration":983,"execution_duration":2234,"uploading_duration":568,"executable":"ellipsoids-openmp","args":["2.dat","23.log","23.xoutput"],"id":49,"resource":"2048","request_start":1576546320181,"request_end":1576546327996,"request_duration":7815,"type":"2048"}
{"start":1576546324180,"end":1576546328020,"duration":3840,"downloading_duration":991,"execution_duration":2242,"uploading_duration":607,"executable":"ellipsoids-openmp","args":["2.dat","22.log","22.xoutput"],"id":48,"resource":"2048","request_start":1576546320180,"request_end":1576546328040,"request_duration":7860,"type":"2048"}
{"start":1576546324191,"end":1576546328040,"duration":3849,"downloading_duration":1072,"execution_duration":2214,"uploading_duration":563,"executable":"ellipsoids-openmp","args":["2.dat","24.log","24.xoutput"],"id":50,"resource":"2048","request_start":1576546320181,"request_end":1576546328061,"request_duration":7880,"type":"2048"}
{"start":1576546324175,"end":1576546328118,"duration":3943,"downloading_duration":1088,"execution_duration":2238,"uploading_duration":617,"executable":"ellipsoids-openmp","args":["2.dat","20.log","20.xoutput"],"id":46,"resource":"2048","request_start":1576546320179,"request_end":1576546328137,"request_duration":7958,"type":"2048"}
{"start":1576546324239,"end":1576546328126,"duration":3887,"downloading_duration":1035,"execution_duration":2261,"uploading_duration":591,"executable":"ellipsoids-openmp","args":["2.dat","29.log","29.xoutput"],"id":55,"resource":"2048","request_start":1576546320184,"request_end":1576546328145,"request_duration":7961,"type":"2048"}
{"start":1576546324312,"end":1576546328123,"duration":3811,"downloading_duration":1000,"execution_duration":2240,"uploading_duration":571,"executable":"ellipsoids-openmp","args":["2.dat","219.log","219.xoutput"],"id":65,"resource":"2048","request_start":1576546320191,"request_end":1576546328157,"request_duration":7966,"type":"2048"}
{"start":1576546324300,"end":1576546328153,"duration":3853,"downloading_duration":997,"execution_duration":2234,"uploading_duration":622,"executable":"ellipsoids-openmp","args":["2.dat","213.log","213.xoutput"],"id":59,"resource":"2048","request_start":1576546320187,"request_end":1576546328172,"request_duration":7985,"type":"2048"}
{"start":1576546324321,"end":1576546328153,"duration":3832,"downloading_duration":1004,"execution_duration":2210,"uploading_duration":618,"executable":"ellipsoids-openmp","args":["2.dat","217.log","217.xoutput"],"id":63,"resource":"2048","request_start":1576546320189,"request_end":1576546328177,"request_duration":7988,"type":"2048"}
{"start":1576546324210,"end":1576546328172,"duration":3962,"downloading_duration":1155,"execution_duration":2200,"uploading_duration":607,"executable":"ellipsoids-openmp","args":["2.dat","28.log","28.xoutput"],"id":54,"resource":"2048","request_start":1576546320184,"request_end":1576546328207,"request_duration":8023,"type":"2048"}
{"start":1576546324324,"end":1576546328177,"duration":3853,"downloading_duration":992,"execution_duration":2274,"uploading_duration":587,"executable":"ellipsoids-openmp","args":["2.dat","218.log","218.xoutput"],"id":64,"resource":"2048","request_start":1576546320190,"request_end":1576546328209,"request_duration":8019,"type":"2048"}
{"start":1576546324309,"end":1576546328177,"duration":3868,"downloading_duration":1078,"execution_duration":2232,"uploading_duration":558,"executable":"ellipsoids-openmp","args":["2.dat","215.log","215.xoutput"],"id":61,"resource":"2048","request_start":1576546320188,"request_end":1576546328209,"request_duration":8021,"type":"2048"}
{"start":1576546324199,"end":1576546328181,"duration":3982,"downloading_duration":1095,"execution_duration":2262,"uploading_duration":625,"executable":"ellipsoids-openmp","args":["2.dat","25.log","25.xoutput"],"id":51,"resource":"2048","request_start":1576546320182,"request_end":1576546328210,"request_duration":8028,"type":"2048"}
{"start":1576546324179,"end":1576546328182,"duration":4003,"downloading_duration":1033,"execution_duration":2269,"uploading_duration":701,"executable":"ellipsoids-openmp","args":["2.dat","21.log","21.xoutput"],"id":47,"resource":"2048","request_start":1576546320180,"request_end":1576546328211,"request_duration":8031,"type":"2048"}
{"start":1576546324197,"end":1576546328185,"duration":3988,"downloading_duration":1075,"execution_duration":2295,"uploading_duration":618,"executable":"ellipsoids-openmp","args":["2.dat","26.log","26.xoutput"],"id":52,"resource":"2048","request_start":1576546320182,"request_end":1576546328212,"request_duration":8030,"type":"2048"}
{"start":1576546324286,"end":1576546328206,"duration":3920,"downloading_duration":1004,"execution_duration":2278,"uploading_duration":638,"executable":"ellipsoids-openmp","args":["2.dat","210.log","210.xoutput"],"id":56,"resource":"2048","request_start":1576546320185,"request_end":1576546328234,"request_duration":8049,"type":"2048"}
{"start":1576546324206,"end":1576546328217,"duration":4011,"downloading_duration":1087,"execution_duration":2321,"uploading_duration":603,"executable":"ellipsoids-openmp","args":["2.dat","27.log","27.xoutput"],"id":53,"resource":"2048","request_start":1576546320183,"request_end":1576546328237,"request_duration":8054,"type":"2048"}
{"start":1576546324317,"end":1576546328235,"duration":3918,"downloading_duration":1080,"execution_duration":2268,"uploading_duration":570,"executable":"ellipsoids-openmp","args":["2.dat","216.log","216.xoutput"],"id":62,"resource":"2048","request_start":1576546320189,"request_end":1576546328254,"request_duration":8065,"type":"2048"}
{"start":1576546324298,"end":1576546328233,"duration":3935,"downloading_duration":998,"execution_duration":2302,"uploading_duration":635,"executable":"ellipsoids-openmp","args":["2.dat","214.log","214.xoutput"],"id":60,"resource":"2048","request_start":1576546320188,"request_end":1576546328262,"request_duration":8074,"type":"2048"}
{"start":1576546324294,"end":1576546328280,"duration":3986,"downloading_duration":1150,"execution_duration":2249,"uploading_duration":587,"executable":"ellipsoids-openmp","args":["2.dat","211.log","211.xoutput"],"id":57,"resource":"2048","request_start":1576546320186,"request_end":1576546328301,"request_duration":8115,"type":"2048"}
{"start":1576546324302,"end":1576546328323,"duration":4021,"downloading_duration":1166,"execution_duration":2245,"uploading_duration":610,"executable":"ellipsoids-openmp","args":["2.dat","212.log","212.xoutput"],"id":58,"resource":"2048","request_start":1576546320186,"request_end":1576546328342,"request_duration":8156,"type":"2048"}
{"start":1576546328051,"end":1576546329489,"duration":1438,"downloading_duration":1055,"execution_duration":2,"uploading_duration":381,"executable":"mean-pack-ell","args":["30.xoutput","31.xoutput","32.xoutput","33.xoutput","34.xoutput","35.xoutput","36.xoutput","37.xoutput","38.xoutput","39.xoutput","310.xoutput","311.xoutput","312.xoutput","313.xoutput","314.xoutput","315.xoutput","316.xoutput","317.xoutput","318.xoutput","319.xoutput","average_3.txt"],"id":89,"resource":"2048","request_start":1576546327949,"request_end":1576546329508,"request_duration":1559,"type":"2048"}
{"start":1576546328467,"end":1576546329960,"duration":1493,"downloading_duration":1118,"execution_duration":3,"uploading_duration":372,"executable":"mean-pack-ell","args":["20.xoutput","21.xoutput","22.xoutput","23.xoutput","24.xoutput","25.xoutput","26.xoutput","27.xoutput","28.xoutput","29.xoutput","210.xoutput","211.xoutput","212.xoutput","213.xoutput","214.xoutput","215.xoutput","216.xoutput","217.xoutput","218.xoutput","219.xoutput","average_2.txt"],"id":88,"resource":"2048","request_start":1576546328357,"request_end":1576546329977,"request_duration":1620,"type":"2048"}
{"start":1576546330089,"end":1576546331040,"duration":951,"downloading_duration":454,"execution_duration":62,"uploading_duration":435,"executable":"summary.js","args":[],"id":90,"resource":"2048","request_start":1576546329986,"request_end":1576546331056,"request_duration":1070,"type":"2048"}
