{"start":1576623947492,"end":1576623948350,"duration":858,"downloading_duration":367,"execution_duration":103,"uploading_duration":388,"executable":"generateData.js","args":[],"id":1,"resource":"1024","request_start":1576623947339,"request_end":1576623948374,"request_duration":1035,"type":"1024"}
{"start":1576623948500,"end":1576623949353,"duration":853,"downloading_duration":366,"execution_duration":108,"uploading_duration":379,"executable":"createDat.js","args":["0.dat"],"id":2,"resource":"1024","request_start":1576623948382,"request_end":1576623949372,"request_duration":990,"type":"1024"}
{"start":1576623948512,"end":1576623949400,"duration":888,"downloading_duration":381,"execution_duration":109,"uploading_duration":398,"executable":"createDat.js","args":["3.dat"],"id":5,"resource":"1024","request_start":1576623948393,"request_end":1576623949495,"request_duration":1102,"type":"1024"}
{"start":1576623948510,"end":1576623949423,"duration":913,"downloading_duration":373,"execution_duration":110,"uploading_duration":430,"executable":"createDat.js","args":["2.dat"],"id":4,"resource":"1024","request_start":1576623948389,"request_end":1576623949496,"request_duration":1107,"type":"1024"}
{"start":1576623948517,"end":1576623949490,"duration":973,"downloading_duration":400,"execution_duration":108,"uploading_duration":465,"executable":"createDat.js","args":["1.dat"],"id":3,"resource":"1024","request_start":1576623948386,"request_end":1576623949510,"request_duration":1124,"type":"1024"}
{"start":1576623949890,"end":1576623955805,"duration":5915,"downloading_duration":1021,"execution_duration":4335,"uploading_duration":559,"executable":"ellipsoids-openmp","args":["3.dat","31.log","31.xoutput"],"id":142,"resource":"1024","request_start":1576623949529,"request_end":1576623955832,"request_duration":6303,"type":"1024"}
{"start":1576623949891,"end":1576623955825,"duration":5934,"downloading_duration":1035,"execution_duration":4302,"uploading_duration":597,"executable":"ellipsoids-openmp","args":["3.dat","32.log","32.xoutput"],"id":143,"resource":"1024","request_start":1576623949530,"request_end":1576623955847,"request_duration":6317,"type":"1024"}
{"start":1576623949892,"end":1576623955877,"duration":5985,"downloading_duration":1032,"execution_duration":4343,"uploading_duration":610,"executable":"ellipsoids-openmp","args":["3.dat","34.log","34.xoutput"],"id":145,"resource":"1024","request_start":1576623949532,"request_end":1576623955897,"request_duration":6365,"type":"1024"}
{"start":1576623949760,"end":1576623955949,"duration":6189,"downloading_duration":1005,"execution_duration":4619,"uploading_duration":565,"executable":"ellipsoids-openmp","args":["0.dat","020.log","020.xoutput"],"id":26,"resource":"1024","request_start":1576623949436,"request_end":1576623955970,"request_duration":6534,"type":"1024"}
{"start":1576623949880,"end":1576623955949,"duration":6069,"downloading_duration":1021,"execution_duration":4461,"uploading_duration":587,"executable":"ellipsoids-openmp","args":["0.dat","033.log","033.xoutput"],"id":39,"resource":"1024","request_start":1576623949449,"request_end":1576623955973,"request_duration":6524,"type":"1024"}
{"start":1576623949708,"end":1576623955957,"duration":6249,"downloading_duration":1041,"execution_duration":4596,"uploading_duration":612,"executable":"ellipsoids-openmp","args":["0.dat","012.log","012.xoutput"],"id":18,"resource":"1024","request_start":1576623949428,"request_end":1576623955981,"request_duration":6553,"type":"1024"}
{"start":1576623949889,"end":1576623955975,"duration":6086,"downloading_duration":1021,"execution_duration":4414,"uploading_duration":651,"executable":"ellipsoids-openmp","args":["3.dat","30.log","30.xoutput"],"id":141,"resource":"1024","request_start":1576623949528,"request_end":1576623955997,"request_duration":6469,"type":"1024"}
{"start":1576623949708,"end":1576623955992,"duration":6284,"downloading_duration":996,"execution_duration":4707,"uploading_duration":581,"executable":"ellipsoids-openmp","args":["0.dat","05.log","05.xoutput"],"id":11,"resource":"1024","request_start":1576623949417,"request_end":1576623956015,"request_duration":6598,"type":"1024"}
{"start":1576623949896,"end":1576623956000,"duration":6104,"downloading_duration":1098,"execution_duration":4408,"uploading_duration":598,"executable":"ellipsoids-openmp","args":["3.dat","33.log","33.xoutput"],"id":144,"resource":"1024","request_start":1576623949531,"request_end":1576623956024,"request_duration":6493,"type":"1024"}
{"start":1576623949861,"end":1576623956004,"duration":6143,"downloading_duration":987,"execution_duration":4540,"uploading_duration":616,"executable":"ellipsoids-openmp","args":["0.dat","021.log","021.xoutput"],"id":27,"resource":"1024","request_start":1576623949437,"request_end":1576623956028,"request_duration":6591,"type":"1024"}
{"start":1576623949873,"end":1576623956012,"duration":6139,"downloading_duration":983,"execution_duration":4560,"uploading_duration":596,"executable":"ellipsoids-openmp","args":["0.dat","034.log","034.xoutput"],"id":40,"resource":"1024","request_start":1576623949451,"request_end":1576623956034,"request_duration":6583,"type":"1024"}
{"start":1576623949890,"end":1576623956017,"duration":6127,"downloading_duration":989,"execution_duration":4575,"uploading_duration":563,"executable":"ellipsoids-openmp","args":["0.dat","043.log","043.xoutput"],"id":49,"resource":"1024","request_start":1576623949465,"request_end":1576623956040,"request_duration":6575,"type":"1024"}
{"start":1576623949883,"end":1576623956039,"duration":6156,"downloading_duration":1029,"execution_duration":4500,"uploading_duration":627,"executable":"ellipsoids-openmp","args":["0.dat","038.log","038.xoutput"],"id":44,"resource":"1024","request_start":1576623949459,"request_end":1576623956059,"request_duration":6600,"type":"1024"}
{"start":1576623949862,"end":1576623956069,"duration":6207,"downloading_duration":989,"execution_duration":4604,"uploading_duration":614,"executable":"ellipsoids-openmp","args":["0.dat","027.log","027.xoutput"],"id":33,"resource":"1024","request_start":1576623949443,"request_end":1576623956090,"request_duration":6647,"type":"1024"}
{"start":1576623949762,"end":1576623956072,"duration":6310,"downloading_duration":1077,"execution_duration":4612,"uploading_duration":621,"executable":"ellipsoids-openmp","args":["0.dat","019.log","019.xoutput"],"id":25,"resource":"1024","request_start":1576623949435,"request_end":1576623956095,"request_duration":6660,"type":"1024"}
{"start":1576623949760,"end":1576623956074,"duration":6314,"downloading_duration":1057,"execution_duration":4635,"uploading_duration":622,"executable":"ellipsoids-openmp","args":["0.dat","022.log","022.xoutput"],"id":28,"resource":"1024","request_start":1576623949438,"request_end":1576623956099,"request_duration":6661,"type":"1024"}
{"start":1576623949703,"end":1576623956082,"duration":6379,"downloading_duration":989,"execution_duration":4799,"uploading_duration":591,"executable":"ellipsoids-openmp","args":["0.dat","06.log","06.xoutput"],"id":12,"resource":"1024","request_start":1576623949419,"request_end":1576623956102,"request_duration":6683,"type":"1024"}
{"start":1576623949877,"end":1576623956082,"duration":6205,"downloading_duration":1078,"execution_duration":4542,"uploading_duration":585,"executable":"ellipsoids-openmp","args":["0.dat","036.log","036.xoutput"],"id":42,"resource":"1024","request_start":1576623949457,"request_end":1576623956106,"request_duration":6649,"type":"1024"}
{"start":1576623949837,"end":1576623956082,"duration":6245,"downloading_duration":1075,"execution_duration":4588,"uploading_duration":582,"executable":"ellipsoids-openmp","args":["0.dat","024.log","024.xoutput"],"id":30,"resource":"1024","request_start":1576623949440,"request_end":1576623956108,"request_duration":6668,"type":"1024"}
{"start":1576623949861,"end":1576623956104,"duration":6243,"downloading_duration":1037,"execution_duration":4584,"uploading_duration":622,"executable":"ellipsoids-openmp","args":["0.dat","031.log","031.xoutput"],"id":37,"resource":"1024","request_start":1576623949447,"request_end":1576623956125,"request_duration":6678,"type":"1024"}
{"start":1576623949871,"end":1576623956105,"duration":6234,"downloading_duration":1034,"execution_duration":4633,"uploading_duration":567,"executable":"ellipsoids-openmp","args":["0.dat","028.log","028.xoutput"],"id":34,"resource":"1024","request_start":1576623949444,"request_end":1576623956129,"request_duration":6685,"type":"1024"}
{"start":1576623949707,"end":1576623956109,"duration":6402,"downloading_duration":994,"execution_duration":4812,"uploading_duration":596,"executable":"ellipsoids-openmp","args":["0.dat","09.log","09.xoutput"],"id":15,"resource":"1024","request_start":1576623949423,"request_end":1576623956131,"request_duration":6708,"type":"1024"}
{"start":1576623949706,"end":1576623956126,"duration":6420,"downloading_duration":1006,"execution_duration":4840,"uploading_duration":574,"executable":"ellipsoids-openmp","args":["0.dat","07.log","07.xoutput"],"id":13,"resource":"1024","request_start":1576623949420,"request_end":1576623956147,"request_duration":6727,"type":"1024"}
{"start":1576623949701,"end":1576623956133,"duration":6432,"downloading_duration":982,"execution_duration":4780,"uploading_duration":670,"executable":"ellipsoids-openmp","args":["0.dat","04.log","04.xoutput"],"id":10,"resource":"1024","request_start":1576623949415,"request_end":1576623956153,"request_duration":6738,"type":"1024"}
{"start":1576623949869,"end":1576623956144,"duration":6275,"downloading_duration":1093,"execution_duration":4591,"uploading_duration":591,"executable":"ellipsoids-openmp","args":["0.dat","026.log","026.xoutput"],"id":32,"resource":"1024","request_start":1576623949442,"request_end":1576623956168,"request_duration":6726,"type":"1024"}
{"start":1576623949885,"end":1576623956162,"duration":6277,"downloading_duration":1081,"execution_duration":4628,"uploading_duration":568,"executable":"ellipsoids-openmp","args":["0.dat","044.log","044.xoutput"],"id":50,"resource":"1024","request_start":1576623949466,"request_end":1576623956183,"request_duration":6717,"type":"1024"}
{"start":1576623949762,"end":1576623956164,"duration":6402,"downloading_duration":1042,"execution_duration":4763,"uploading_duration":597,"executable":"ellipsoids-openmp","args":["0.dat","023.log","023.xoutput"],"id":29,"resource":"1024","request_start":1576623949439,"request_end":1576623956189,"request_duration":6750,"type":"1024"}
{"start":1576623949707,"end":1576623956166,"duration":6459,"downloading_duration":1082,"execution_duration":4788,"uploading_duration":589,"executable":"ellipsoids-openmp","args":["0.dat","010.log","010.xoutput"],"id":16,"resource":"1024","request_start":1576623949425,"request_end":1576623956191,"request_duration":6766,"type":"1024"}
{"start":1576623949719,"end":1576623956174,"duration":6455,"downloading_duration":1044,"execution_duration":4763,"uploading_duration":648,"executable":"ellipsoids-openmp","args":["0.dat","08.log","08.xoutput"],"id":14,"resource":"1024","request_start":1576623949422,"request_end":1576623956197,"request_duration":6775,"type":"1024"}
{"start":1576623949878,"end":1576623956176,"duration":6298,"downloading_duration":1031,"execution_duration":4639,"uploading_duration":628,"executable":"ellipsoids-openmp","args":["0.dat","032.log","032.xoutput"],"id":38,"resource":"1024","request_start":1576623949448,"request_end":1576623956199,"request_duration":6751,"type":"1024"}
{"start":1576623949759,"end":1576623956182,"duration":6423,"downloading_duration":1058,"execution_duration":4759,"uploading_duration":606,"executable":"ellipsoids-openmp","args":["0.dat","016.log","016.xoutput"],"id":22,"resource":"1024","request_start":1576623949432,"request_end":1576623956203,"request_duration":6771,"type":"1024"}
{"start":1576623949806,"end":1576623956183,"duration":6377,"downloading_duration":1003,"execution_duration":4782,"uploading_duration":592,"executable":"ellipsoids-openmp","args":["0.dat","018.log","018.xoutput"],"id":24,"resource":"1024","request_start":1576623949434,"request_end":1576623956208,"request_duration":6774,"type":"1024"}
{"start":1576623949758,"end":1576623956190,"duration":6432,"downloading_duration":1009,"execution_duration":4785,"uploading_duration":638,"executable":"ellipsoids-openmp","args":["0.dat","014.log","014.xoutput"],"id":20,"resource":"1024","request_start":1576623949430,"request_end":1576623956214,"request_duration":6784,"type":"1024"}
{"start":1576623949881,"end":1576623956198,"duration":6317,"downloading_duration":1004,"execution_duration":4660,"uploading_duration":653,"executable":"ellipsoids-openmp","args":["0.dat","039.log","039.xoutput"],"id":45,"resource":"1024","request_start":1576623949461,"request_end":1576623956220,"request_duration":6759,"type":"1024"}
{"start":1576623949870,"end":1576623956206,"duration":6336,"downloading_duration":1019,"execution_duration":4708,"uploading_duration":609,"executable":"ellipsoids-openmp","args":["0.dat","030.log","030.xoutput"],"id":36,"resource":"1024","request_start":1576623949446,"request_end":1576623956229,"request_duration":6783,"type":"1024"}
{"start":1576623949886,"end":1576623956218,"duration":6332,"downloading_duration":1076,"execution_duration":4648,"uploading_duration":608,"executable":"ellipsoids-openmp","args":["0.dat","02.log","02.xoutput"],"id":8,"resource":"1024","request_start":1576623949469,"request_end":1576623956239,"request_duration":6770,"type":"1024"}
{"start":1576623949883,"end":1576623956228,"duration":6345,"downloading_duration":1030,"execution_duration":4746,"uploading_duration":569,"executable":"ellipsoids-openmp","args":["0.dat","042.log","042.xoutput"],"id":48,"resource":"1024","request_start":1576623949464,"request_end":1576623956248,"request_duration":6784,"type":"1024"}
{"start":1576623949762,"end":1576623956246,"duration":6484,"downloading_duration":1081,"execution_duration":4798,"uploading_duration":605,"executable":"ellipsoids-openmp","args":["0.dat","017.log","017.xoutput"],"id":23,"resource":"1024","request_start":1576623949433,"request_end":1576623956269,"request_duration":6836,"type":"1024"}
{"start":1576623949859,"end":1576623956248,"duration":6389,"downloading_duration":1074,"execution_duration":4721,"uploading_duration":594,"executable":"ellipsoids-openmp","args":["0.dat","025.log","025.xoutput"],"id":31,"resource":"1024","request_start":1576623949441,"request_end":1576623956274,"request_duration":6833,"type":"1024"}
{"start":1576623949883,"end":1576623956286,"duration":6403,"downloading_duration":1003,"execution_duration":4816,"uploading_duration":584,"executable":"ellipsoids-openmp","args":["0.dat","040.log","040.xoutput"],"id":46,"resource":"1024","request_start":1576623949462,"request_end":1576623956308,"request_duration":6846,"type":"1024"}
{"start":1576623949887,"end":1576623956309,"duration":6422,"downloading_duration":1043,"execution_duration":4719,"uploading_duration":660,"executable":"ellipsoids-openmp","args":["0.dat","01.log","01.xoutput"],"id":7,"resource":"1024","request_start":1576623949468,"request_end":1576623956329,"request_duration":6861,"type":"1024"}
{"start":1576623949751,"end":1576623956309,"duration":6558,"downloading_duration":1011,"execution_duration":4838,"uploading_duration":709,"executable":"ellipsoids-openmp","args":["0.dat","013.log","013.xoutput"],"id":19,"resource":"1024","request_start":1576623949429,"request_end":1576623956334,"request_duration":6905,"type":"1024"}
{"start":1576623949886,"end":1576623956309,"duration":6423,"downloading_duration":999,"execution_duration":4820,"uploading_duration":604,"executable":"ellipsoids-openmp","args":["0.dat","00.log","00.xoutput"],"id":6,"resource":"1024","request_start":1576623949467,"request_end":1576623956337,"request_duration":6870,"type":"1024"}
{"start":1576623949878,"end":1576623956325,"duration":6447,"downloading_duration":1035,"execution_duration":4790,"uploading_duration":622,"executable":"ellipsoids-openmp","args":["0.dat","037.log","037.xoutput"],"id":43,"resource":"1024","request_start":1576623949458,"request_end":1576623956346,"request_duration":6888,"type":"1024"}
{"start":1576623949884,"end":1576623956334,"duration":6450,"downloading_duration":1076,"execution_duration":4681,"uploading_duration":693,"executable":"ellipsoids-openmp","args":["0.dat","041.log","041.xoutput"],"id":47,"resource":"1024","request_start":1576623949463,"request_end":1576623956354,"request_duration":6891,"type":"1024"}
{"start":1576623949880,"end":1576623956337,"duration":6457,"downloading_duration":1092,"execution_duration":4716,"uploading_duration":649,"executable":"ellipsoids-openmp","args":["0.dat","035.log","035.xoutput"],"id":41,"resource":"1024","request_start":1576623949452,"request_end":1576623956363,"request_duration":6911,"type":"1024"}
{"start":1576623949867,"end":1576623956344,"duration":6477,"downloading_duration":1009,"execution_duration":4800,"uploading_duration":668,"executable":"ellipsoids-openmp","args":["0.dat","029.log","029.xoutput"],"id":35,"resource":"1024","request_start":1576623949445,"request_end":1576623956369,"request_duration":6924,"type":"1024"}
{"start":1576623949887,"end":1576623956401,"duration":6514,"downloading_duration":996,"execution_duration":4760,"uploading_duration":758,"executable":"ellipsoids-openmp","args":["0.dat","03.log","03.xoutput"],"id":9,"resource":"1024","request_start":1576623949469,"request_end":1576623956427,"request_duration":6958,"type":"1024"}
{"start":1576623949751,"end":1576623956434,"duration":6683,"downloading_duration":1164,"execution_duration":4792,"uploading_duration":727,"executable":"ellipsoids-openmp","args":["0.dat","015.log","015.xoutput"],"id":21,"resource":"1024","request_start":1576623949431,"request_end":1576623956532,"request_duration":7101,"type":"1024"}
{"start":1576623949751,"end":1576623956508,"duration":6757,"downloading_duration":1006,"execution_duration":4832,"uploading_duration":919,"executable":"ellipsoids-openmp","args":["0.dat","011.log","011.xoutput"],"id":17,"resource":"1024","request_start":1576623949426,"request_end":1576623956541,"request_duration":7115,"type":"1024"}
{"start":1576623956065,"end":1576623961827,"duration":5762,"downloading_duration":997,"execution_duration":4200,"uploading_duration":565,"executable":"ellipsoids-openmp","args":["3.dat","316.log","316.xoutput"],"id":157,"resource":"1024","request_start":1576623949539,"request_end":1576623961850,"request_duration":12311,"type":"1024"}
{"start":1576623956006,"end":1576623961840,"duration":5834,"downloading_duration":1002,"execution_duration":4181,"uploading_duration":651,"executable":"ellipsoids-openmp","args":["3.dat","310.log","310.xoutput"],"id":151,"resource":"1024","request_start":1576623949535,"request_end":1576623961862,"request_duration":12327,"type":"1024"}
{"start":1576623955858,"end":1576623961855,"duration":5997,"downloading_duration":1070,"execution_duration":4322,"uploading_duration":605,"executable":"ellipsoids-openmp","args":["3.dat","35.log","35.xoutput"],"id":146,"resource":"1024","request_start":1576623949533,"request_end":1576623961876,"request_duration":12343,"type":"1024"}
{"start":1576623956037,"end":1576623961881,"duration":5844,"downloading_duration":1068,"execution_duration":4175,"uploading_duration":601,"executable":"ellipsoids-openmp","args":["3.dat","312.log","312.xoutput"],"id":153,"resource":"1024","request_start":1576623949537,"request_end":1576623961905,"request_duration":12368,"type":"1024"}
{"start":1576623955870,"end":1576623961898,"duration":6028,"downloading_duration":1083,"execution_duration":4335,"uploading_duration":610,"executable":"ellipsoids-openmp","args":["3.dat","36.log","36.xoutput"],"id":147,"resource":"1024","request_start":1576623949533,"request_end":1576623961920,"request_duration":12387,"type":"1024"}
{"start":1576623955997,"end":1576623961900,"duration":5903,"downloading_duration":1086,"execution_duration":4220,"uploading_duration":597,"executable":"ellipsoids-openmp","args":["3.dat","39.log","39.xoutput"],"id":150,"resource":"1024","request_start":1576623949535,"request_end":1576623961923,"request_duration":12388,"type":"1024"}
{"start":1576623955921,"end":1576623961904,"duration":5983,"downloading_duration":1033,"execution_duration":4391,"uploading_duration":559,"executable":"ellipsoids-openmp","args":["3.dat","37.log","37.xoutput"],"id":148,"resource":"1024","request_start":1576623949534,"request_end":1576623961927,"request_duration":12393,"type":"1024"}
{"start":1576623956175,"end":1576623961972,"duration":5797,"downloading_duration":995,"execution_duration":4184,"uploading_duration":618,"executable":"ellipsoids-openmp","args":["3.dat","326.log","326.xoutput"],"id":167,"resource":"1024","request_start":1576623949545,"request_end":1576623961994,"request_duration":12449,"type":"1024"}
{"start":1576623956052,"end":1576623961988,"duration":5936,"downloading_duration":1049,"execution_duration":4308,"uploading_duration":579,"executable":"ellipsoids-openmp","args":["3.dat","313.log","313.xoutput"],"id":154,"resource":"1024","request_start":1576623949537,"request_end":1576623962008,"request_duration":12471,"type":"1024"}
{"start":1576623956020,"end":1576623961989,"duration":5969,"downloading_duration":1076,"execution_duration":4286,"uploading_duration":607,"executable":"ellipsoids-openmp","args":["3.dat","311.log","311.xoutput"],"id":152,"resource":"1024","request_start":1576623949536,"request_end":1576623962011,"request_duration":12475,"type":"1024"}
{"start":1576623955991,"end":1576623961998,"duration":6007,"downloading_duration":1083,"execution_duration":4360,"uploading_duration":564,"executable":"ellipsoids-openmp","args":["3.dat","38.log","38.xoutput"],"id":149,"resource":"1024","request_start":1576623949534,"request_end":1576623962027,"request_duration":12493,"type":"1024"}
{"start":1576623956055,"end":1576623962039,"duration":5984,"downloading_duration":1018,"execution_duration":4338,"uploading_duration":628,"executable":"ellipsoids-openmp","args":["3.dat","314.log","314.xoutput"],"id":155,"resource":"1024","request_start":1576623949538,"request_end":1576623962060,"request_duration":12522,"type":"1024"}
{"start":1576623956112,"end":1576623962042,"duration":5930,"downloading_duration":1025,"execution_duration":4342,"uploading_duration":563,"executable":"ellipsoids-openmp","args":["3.dat","318.log","318.xoutput"],"id":159,"resource":"1024","request_start":1576623949540,"request_end":1576623962062,"request_duration":12522,"type":"1024"}
{"start":1576623956174,"end":1576623962046,"duration":5872,"downloading_duration":998,"execution_duration":4304,"uploading_duration":570,"executable":"ellipsoids-openmp","args":["3.dat","327.log","327.xoutput"],"id":168,"resource":"1024","request_start":1576623949545,"request_end":1576623962070,"request_duration":12525,"type":"1024"}
{"start":1576623956087,"end":1576623962082,"duration":5995,"downloading_duration":1090,"execution_duration":4281,"uploading_duration":624,"executable":"ellipsoids-openmp","args":["3.dat","317.log","317.xoutput"],"id":158,"resource":"1024","request_start":1576623949539,"request_end":1576623962103,"request_duration":12564,"type":"1024"}
{"start":1576623956178,"end":1576623962097,"duration":5919,"downloading_duration":1029,"execution_duration":4319,"uploading_duration":571,"executable":"ellipsoids-openmp","args":["3.dat","328.log","328.xoutput"],"id":169,"resource":"1024","request_start":1576623949546,"request_end":1576623962117,"request_duration":12571,"type":"1024"}
{"start":1576623956230,"end":1576623962095,"duration":5865,"downloading_duration":993,"execution_duration":4270,"uploading_duration":602,"executable":"ellipsoids-openmp","args":["3.dat","335.log","335.xoutput"],"id":176,"resource":"1024","request_start":1576623949551,"request_end":1576623962151,"request_duration":12600,"type":"1024"}
{"start":1576623956061,"end":1576623962127,"duration":6066,"downloading_duration":1042,"execution_duration":4417,"uploading_duration":607,"executable":"ellipsoids-openmp","args":["3.dat","315.log","315.xoutput"],"id":156,"resource":"1024","request_start":1576623949538,"request_end":1576623962153,"request_duration":12615,"type":"1024"}
{"start":1576623956172,"end":1576623962131,"duration":5959,"downloading_duration":1024,"execution_duration":4376,"uploading_duration":559,"executable":"ellipsoids-openmp","args":["3.dat","324.log","324.xoutput"],"id":165,"resource":"1024","request_start":1576623949543,"request_end":1576623962159,"request_duration":12616,"type":"1024"}
{"start":1576623956211,"end":1576623962142,"duration":5931,"downloading_duration":982,"execution_duration":4353,"uploading_duration":596,"executable":"ellipsoids-openmp","args":["3.dat","330.log","330.xoutput"],"id":171,"resource":"1024","request_start":1576623949547,"request_end":1576623962165,"request_duration":12618,"type":"1024"}
{"start":1576623956175,"end":1576623962159,"duration":5984,"downloading_duration":1076,"execution_duration":4190,"uploading_duration":718,"executable":"ellipsoids-openmp","args":["3.dat","325.log","325.xoutput"],"id":166,"resource":"1024","request_start":1576623949544,"request_end":1576623962189,"request_duration":12645,"type":"1024"}
{"start":1576623956235,"end":1576623962170,"duration":5935,"downloading_duration":998,"execution_duration":4325,"uploading_duration":612,"executable":"ellipsoids-openmp","args":["3.dat","336.log","336.xoutput"],"id":177,"resource":"1024","request_start":1576623949552,"request_end":1576623962195,"request_duration":12643,"type":"1024"}
{"start":1576623956194,"end":1576623962174,"duration":5980,"downloading_duration":1021,"execution_duration":4236,"uploading_duration":723,"executable":"ellipsoids-openmp","args":["3.dat","329.log","329.xoutput"],"id":170,"resource":"1024","request_start":1576623949546,"request_end":1576623962209,"request_duration":12663,"type":"1024"}
{"start":1576623956123,"end":1576623962175,"duration":6052,"downloading_duration":1010,"execution_duration":4388,"uploading_duration":654,"executable":"ellipsoids-openmp","args":["3.dat","319.log","319.xoutput"],"id":160,"resource":"1024","request_start":1576623949541,"request_end":1576623962211,"request_duration":12670,"type":"1024"}
{"start":1576623956282,"end":1576623962173,"duration":5891,"downloading_duration":1075,"execution_duration":4177,"uploading_duration":639,"executable":"ellipsoids-openmp","args":["3.dat","341.log","341.xoutput"],"id":182,"resource":"1024","request_start":1576623949556,"request_end":1576623962217,"request_duration":12661,"type":"1024"}
{"start":1576623956139,"end":1576623962214,"duration":6075,"downloading_duration":1108,"execution_duration":4381,"uploading_duration":586,"executable":"ellipsoids-openmp","args":["3.dat","322.log","322.xoutput"],"id":163,"resource":"1024","request_start":1576623949542,"request_end":1576623962235,"request_duration":12693,"type":"1024"}
{"start":1576623956227,"end":1576623962225,"duration":5998,"downloading_duration":1013,"execution_duration":4358,"uploading_duration":627,"executable":"ellipsoids-openmp","args":["3.dat","334.log","334.xoutput"],"id":175,"resource":"1024","request_start":1576623949550,"request_end":1576623962369,"request_duration":12819,"type":"1024"}
{"start":1576623956254,"end":1576623962261,"duration":6007,"downloading_duration":1036,"execution_duration":4305,"uploading_duration":666,"executable":"ellipsoids-openmp","args":["3.dat","339.log","339.xoutput"],"id":180,"resource":"1024","request_start":1576623949555,"request_end":1576623962373,"request_duration":12818,"type":"1024"}
{"start":1576623956298,"end":1576623962265,"duration":5967,"downloading_duration":999,"execution_duration":4358,"uploading_duration":610,"executable":"ellipsoids-openmp","args":["3.dat","343.log","343.xoutput"],"id":184,"resource":"1024","request_start":1576623949557,"request_end":1576623962378,"request_duration":12821,"type":"1024"}
{"start":1576623956245,"end":1576623962266,"duration":6021,"downloading_duration":1021,"execution_duration":4328,"uploading_duration":672,"executable":"ellipsoids-openmp","args":["3.dat","338.log","338.xoutput"],"id":179,"resource":"1024","request_start":1576623949554,"request_end":1576623962380,"request_duration":12826,"type":"1024"}
{"start":1576623956293,"end":1576623962324,"duration":6031,"downloading_duration":1044,"execution_duration":4388,"uploading_duration":599,"executable":"ellipsoids-openmp","args":["3.dat","342.log","342.xoutput"],"id":183,"resource":"1024","request_start":1576623949556,"request_end":1576623962383,"request_duration":12827,"type":"1024"}
{"start":1576623956135,"end":1576623962326,"duration":6191,"downloading_duration":982,"execution_duration":4535,"uploading_duration":674,"executable":"ellipsoids-openmp","args":["3.dat","323.log","323.xoutput"],"id":164,"resource":"1024","request_start":1576623949543,"request_end":1576623962385,"request_duration":12842,"type":"1024"}
{"start":1576623956330,"end":1576623962330,"duration":6000,"downloading_duration":1044,"execution_duration":4351,"uploading_duration":605,"executable":"ellipsoids-openmp","args":["3.dat","344.log","344.xoutput"],"id":185,"resource":"1024","request_start":1576623949557,"request_end":1576623962388,"request_duration":12831,"type":"1024"}
{"start":1576623956135,"end":1576623962353,"duration":6218,"downloading_duration":1028,"execution_duration":4217,"uploading_duration":973,"executable":"ellipsoids-openmp","args":["3.dat","321.log","321.xoutput"],"id":162,"resource":"1024","request_start":1576623949542,"request_end":1576623962398,"request_duration":12856,"type":"1024"}
{"start":1576623956273,"end":1576623962359,"duration":6086,"downloading_duration":1028,"execution_duration":4324,"uploading_duration":734,"executable":"ellipsoids-openmp","args":["3.dat","340.log","340.xoutput"],"id":181,"resource":"1024","request_start":1576623949555,"request_end":1576623962400,"request_duration":12845,"type":"1024"}
{"start":1576623956132,"end":1576623962374,"duration":6242,"downloading_duration":1047,"execution_duration":4402,"uploading_duration":793,"executable":"ellipsoids-openmp","args":["3.dat","320.log","320.xoutput"],"id":161,"resource":"1024","request_start":1576623949541,"request_end":1576623962409,"request_duration":12868,"type":"1024"}
{"start":1576623956221,"end":1576623962404,"duration":6183,"downloading_duration":1066,"execution_duration":4485,"uploading_duration":632,"executable":"ellipsoids-openmp","args":["3.dat","332.log","332.xoutput"],"id":173,"resource":"1024","request_start":1576623949548,"request_end":1576623962454,"request_duration":12906,"type":"1024"}
{"start":1576623956224,"end":1576623962449,"duration":6225,"downloading_duration":1010,"execution_duration":4397,"uploading_duration":818,"executable":"ellipsoids-openmp","args":["3.dat","333.log","333.xoutput"],"id":174,"resource":"1024","request_start":1576623949549,"request_end":1576623962475,"request_duration":12926,"type":"1024"}
{"start":1576623956381,"end":1576623962581,"duration":6200,"downloading_duration":1076,"execution_duration":4547,"uploading_duration":577,"executable":"ellipsoids-openmp","args":["2.dat","28.log","28.xoutput"],"id":104,"resource":"1024","request_start":1576623949560,"request_end":1576623962605,"request_duration":13045,"type":"1024"}
{"start":1576623956360,"end":1576623962587,"duration":6227,"downloading_duration":1011,"execution_duration":4636,"uploading_duration":580,"executable":"ellipsoids-openmp","args":["2.dat","25.log","25.xoutput"],"id":101,"resource":"1024","request_start":1576623949558,"request_end":1576623962609,"request_duration":13051,"type":"1024"}
{"start":1576623956392,"end":1576623962588,"duration":6196,"downloading_duration":990,"execution_duration":4622,"uploading_duration":584,"executable":"ellipsoids-openmp","args":["2.dat","210.log","210.xoutput"],"id":106,"resource":"1024","request_start":1576623949561,"request_end":1576623962612,"request_duration":13051,"type":"1024"}
{"start":1576623956365,"end":1576623962663,"duration":6298,"downloading_duration":991,"execution_duration":4708,"uploading_duration":599,"executable":"ellipsoids-openmp","args":["2.dat","26.log","26.xoutput"],"id":102,"resource":"1024","request_start":1576623949559,"request_end":1576623962685,"request_duration":13126,"type":"1024"}
{"start":1576623956453,"end":1576623962681,"duration":6228,"downloading_duration":997,"execution_duration":4644,"uploading_duration":587,"executable":"ellipsoids-openmp","args":["2.dat","211.log","211.xoutput"],"id":107,"resource":"1024","request_start":1576623949561,"request_end":1576623962705,"request_duration":13144,"type":"1024"}
{"start":1576623956368,"end":1576623962727,"duration":6359,"downloading_duration":1092,"execution_duration":4626,"uploading_duration":641,"executable":"ellipsoids-openmp","args":["2.dat","27.log","27.xoutput"],"id":103,"resource":"1024","request_start":1576623949559,"request_end":1576623962749,"request_duration":13190,"type":"1024"}
{"start":1576623956563,"end":1576623962729,"duration":6166,"downloading_duration":981,"execution_duration":4627,"uploading_duration":558,"executable":"ellipsoids-openmp","args":["2.dat","212.log","212.xoutput"],"id":108,"resource":"1024","request_start":1576623949562,"request_end":1576623962753,"request_duration":13191,"type":"1024"}
{"start":1576623956355,"end":1576623962834,"duration":6479,"downloading_duration":988,"execution_duration":4855,"uploading_duration":636,"executable":"ellipsoids-openmp","args":["2.dat","24.log","24.xoutput"],"id":100,"resource":"1024","request_start":1576623949558,"request_end":1576623962855,"request_duration":13297,"type":"1024"}
{"start":1576623956569,"end":1576623962857,"duration":6288,"downloading_duration":1044,"execution_duration":4610,"uploading_duration":634,"executable":"ellipsoids-openmp","args":["2.dat","213.log","213.xoutput"],"id":109,"resource":"1024","request_start":1576623949562,"request_end":1576623962878,"request_duration":13316,"type":"1024"}
{"start":1576623956392,"end":1576623962860,"duration":6468,"downloading_duration":1267,"execution_duration":4563,"uploading_duration":638,"executable":"ellipsoids-openmp","args":["2.dat","29.log","29.xoutput"],"id":105,"resource":"1024","request_start":1576623949560,"request_end":1576623962881,"request_duration":13321,"type":"1024"}
{"start":1576623956212,"end":1576623962861,"duration":6649,"downloading_duration":1081,"execution_duration":4299,"uploading_duration":1269,"executable":"ellipsoids-openmp","args":["3.dat","331.log","331.xoutput"],"id":172,"resource":"1024","request_start":1576623949547,"request_end":1576623962886,"request_duration":13339,"type":"1024"}
{"start":1576623956242,"end":1576623963073,"duration":6831,"downloading_duration":2136,"execution_duration":4099,"uploading_duration":596,"executable":"ellipsoids-openmp","args":["3.dat","337.log","337.xoutput"],"id":178,"resource":"1024","request_start":1576623949553,"request_end":1576623963094,"request_duration":13541,"type":"1024"}
{"start":1576623961951,"end":1576623967970,"duration":6019,"downloading_duration":1003,"execution_duration":4451,"uploading_duration":565,"executable":"ellipsoids-openmp","args":["2.dat","219.log","219.xoutput"],"id":115,"resource":"1024","request_start":1576623949568,"request_end":1576623967993,"request_duration":18425,"type":"1024"}
{"start":1576623961930,"end":1576623967970,"duration":6040,"downloading_duration":1080,"execution_duration":4395,"uploading_duration":565,"executable":"ellipsoids-openmp","args":["2.dat","217.log","217.xoutput"],"id":113,"resource":"1024","request_start":1576623949564,"request_end":1576623967996,"request_duration":18432,"type":"1024"}
{"start":1576623961887,"end":1576623968033,"duration":6146,"downloading_duration":1019,"execution_duration":4548,"uploading_duration":579,"executable":"ellipsoids-openmp","args":["2.dat","215.log","215.xoutput"],"id":111,"resource":"1024","request_start":1576623949563,"request_end":1576623968054,"request_duration":18491,"type":"1024"}
{"start":1576623961900,"end":1576623968044,"duration":6144,"downloading_duration":994,"execution_duration":4542,"uploading_duration":608,"executable":"ellipsoids-openmp","args":["2.dat","216.log","216.xoutput"],"id":112,"resource":"1024","request_start":1576623949564,"request_end":1576623968064,"request_duration":18500,"type":"1024"}
{"start":1576623962096,"end":1576623968062,"duration":5966,"downloading_duration":992,"execution_duration":4389,"uploading_duration":585,"executable":"ellipsoids-openmp","args":["2.dat","227.log","227.xoutput"],"id":123,"resource":"1024","request_start":1576623949573,"request_end":1576623968083,"request_duration":18510,"type":"1024"}
{"start":1576623962034,"end":1576623968109,"duration":6075,"downloading_duration":991,"execution_duration":4436,"uploading_duration":648,"executable":"ellipsoids-openmp","args":["2.dat","222.log","222.xoutput"],"id":118,"resource":"1024","request_start":1576623949570,"request_end":1576623968186,"request_duration":18616,"type":"1024"}
{"start":1576623962182,"end":1576623968147,"duration":5965,"downloading_duration":1036,"execution_duration":4356,"uploading_duration":573,"executable":"ellipsoids-openmp","args":["2.dat","231.log","231.xoutput"],"id":127,"resource":"1024","request_start":1576623949575,"request_end":1576623968190,"request_duration":18615,"type":"1024"}
{"start":1576623961944,"end":1576623968153,"duration":6209,"downloading_duration":988,"execution_duration":4631,"uploading_duration":590,"executable":"ellipsoids-openmp","args":["2.dat","218.log","218.xoutput"],"id":114,"resource":"1024","request_start":1576623949565,"request_end":1576623968192,"request_duration":18627,"type":"1024"}
{"start":1576623961875,"end":1576623968183,"duration":6308,"downloading_duration":1210,"execution_duration":4442,"uploading_duration":656,"executable":"ellipsoids-openmp","args":["2.dat","214.log","214.xoutput"],"id":110,"resource":"1024","request_start":1576623949563,"request_end":1576623968203,"request_duration":18640,"type":"1024"}
{"start":1576623962261,"end":1576623968219,"duration":5958,"downloading_duration":986,"execution_duration":4397,"uploading_duration":575,"executable":"ellipsoids-openmp","args":["2.dat","239.log","239.xoutput"],"id":135,"resource":"1024","request_start":1576623949579,"request_end":1576623968248,"request_duration":18669,"type":"1024"}
{"start":1576623962017,"end":1576623968253,"duration":6236,"downloading_duration":1165,"execution_duration":4478,"uploading_duration":593,"executable":"ellipsoids-openmp","args":["2.dat","221.log","221.xoutput"],"id":117,"resource":"1024","request_start":1576623949570,"request_end":1576623968325,"request_duration":18755,"type":"1024"}
{"start":1576623962092,"end":1576623968260,"duration":6168,"downloading_duration":1124,"execution_duration":4426,"uploading_duration":618,"executable":"ellipsoids-openmp","args":["2.dat","226.log","226.xoutput"],"id":122,"resource":"1024","request_start":1576623949572,"request_end":1576623968327,"request_duration":18755,"type":"1024"}
{"start":1576623962496,"end":1576623968269,"duration":5773,"downloading_duration":997,"execution_duration":4220,"uploading_duration":556,"executable":"ellipsoids-openmp","args":["1.dat","12.log","12.xoutput"],"id":53,"resource":"1024","request_start":1576623949634,"request_end":1576623968330,"request_duration":18696,"type":"1024"}
{"start":1576623962175,"end":1576623968269,"duration":6094,"downloading_duration":992,"execution_duration":4437,"uploading_duration":665,"executable":"ellipsoids-openmp","args":["2.dat","230.log","230.xoutput"],"id":126,"resource":"1024","request_start":1576623949574,"request_end":1576623968331,"request_duration":18757,"type":"1024"}
{"start":1576623962190,"end":1576623968291,"duration":6101,"downloading_duration":1007,"execution_duration":4534,"uploading_duration":560,"executable":"ellipsoids-openmp","args":["2.dat","232.log","232.xoutput"],"id":128,"resource":"1024","request_start":1576623949575,"request_end":1576623968335,"request_duration":18760,"type":"1024"}
{"start":1576623962129,"end":1576623968346,"duration":6217,"downloading_duration":998,"execution_duration":4646,"uploading_duration":573,"executable":"ellipsoids-openmp","args":["2.dat","228.log","228.xoutput"],"id":124,"resource":"1024","request_start":1576623949573,"request_end":1576623968367,"request_duration":18794,"type":"1024"}
{"start":1576623962052,"end":1576623968380,"duration":6328,"downloading_duration":1120,"execution_duration":4607,"uploading_duration":601,"executable":"ellipsoids-openmp","args":["2.dat","224.log","224.xoutput"],"id":120,"resource":"1024","request_start":1576623949571,"request_end":1576623968402,"request_duration":18831,"type":"1024"}
{"start":1576623962231,"end":1576623968404,"duration":6173,"downloading_duration":1019,"execution_duration":4591,"uploading_duration":563,"executable":"ellipsoids-openmp","args":["2.dat","236.log","236.xoutput"],"id":132,"resource":"1024","request_start":1576623949577,"request_end":1576623968427,"request_duration":18850,"type":"1024"}
{"start":1576623962040,"end":1576623968423,"duration":6383,"downloading_duration":1050,"execution_duration":4723,"uploading_duration":610,"executable":"ellipsoids-openmp","args":["2.dat","223.log","223.xoutput"],"id":119,"resource":"1024","request_start":1576623949571,"request_end":1576623968443,"request_duration":18872,"type":"1024"}
{"start":1576623962087,"end":1576623968425,"duration":6338,"downloading_duration":1106,"execution_duration":4624,"uploading_duration":608,"executable":"ellipsoids-openmp","args":["2.dat","225.log","225.xoutput"],"id":121,"resource":"1024","request_start":1576623949572,"request_end":1576623968449,"request_duration":18877,"type":"1024"}
{"start":1576623962139,"end":1576623968455,"duration":6316,"downloading_duration":1089,"execution_duration":4623,"uploading_duration":604,"executable":"ellipsoids-openmp","args":["2.dat","229.log","229.xoutput"],"id":125,"resource":"1024","request_start":1576623949574,"request_end":1576623968477,"request_duration":18903,"type":"1024"}
{"start":1576623962196,"end":1576623968460,"duration":6264,"downloading_duration":1040,"execution_duration":4638,"uploading_duration":586,"executable":"ellipsoids-openmp","args":["2.dat","233.log","233.xoutput"],"id":129,"resource":"1024","request_start":1576623949576,"request_end":1576623968485,"request_duration":18909,"type":"1024"}
{"start":1576623962215,"end":1576623968464,"duration":6249,"downloading_duration":1058,"execution_duration":4618,"uploading_duration":573,"executable":"ellipsoids-openmp","args":["2.dat","234.log","234.xoutput"],"id":130,"resource":"1024","request_start":1576623949576,"request_end":1576623968487,"request_duration":18911,"type":"1024"}
{"start":1576623962483,"end":1576623968476,"duration":5993,"downloading_duration":1050,"execution_duration":4340,"uploading_duration":603,"executable":"ellipsoids-openmp","args":["1.dat","11.log","11.xoutput"],"id":52,"resource":"1024","request_start":1576623949633,"request_end":1576623968497,"request_duration":18864,"type":"1024"}
{"start":1576623962628,"end":1576623968498,"duration":5870,"downloading_duration":994,"execution_duration":4286,"uploading_duration":590,"executable":"ellipsoids-openmp","args":["1.dat","13.log","13.xoutput"],"id":54,"resource":"1024","request_start":1576623949634,"request_end":1576623968519,"request_duration":18885,"type":"1024"}
{"start":1576623962216,"end":1576623968499,"duration":6283,"downloading_duration":1009,"execution_duration":4640,"uploading_duration":634,"executable":"ellipsoids-openmp","args":["2.dat","235.log","235.xoutput"],"id":131,"resource":"1024","request_start":1576623949577,"request_end":1576623968521,"request_duration":18944,"type":"1024"}
{"start":1576623962434,"end":1576623968514,"duration":6080,"downloading_duration":1035,"execution_duration":4403,"uploading_duration":642,"executable":"ellipsoids-openmp","args":["1.dat","10.log","10.xoutput"],"id":51,"resource":"1024","request_start":1576623949632,"request_end":1576623968539,"request_duration":18907,"type":"1024"}
{"start":1576623962413,"end":1576623968515,"duration":6102,"downloading_duration":1085,"execution_duration":4443,"uploading_duration":574,"executable":"ellipsoids-openmp","args":["2.dat","242.log","242.xoutput"],"id":138,"resource":"1024","request_start":1576623949580,"request_end":1576623968542,"request_duration":18962,"type":"1024"}
{"start":1576623962246,"end":1576623968525,"duration":6279,"downloading_duration":1094,"execution_duration":4564,"uploading_duration":621,"executable":"ellipsoids-openmp","args":["2.dat","238.log","238.xoutput"],"id":134,"resource":"1024","request_start":1576623949578,"request_end":1576623968550,"request_duration":18972,"type":"1024"}
{"start":1576623962640,"end":1576623968538,"duration":5898,"downloading_duration":1004,"execution_duration":4305,"uploading_duration":589,"executable":"ellipsoids-openmp","args":["1.dat","15.log","15.xoutput"],"id":56,"resource":"1024","request_start":1576623949635,"request_end":1576623968563,"request_duration":18928,"type":"1024"}
{"start":1576623962771,"end":1576623968540,"duration":5769,"downloading_duration":990,"execution_duration":4195,"uploading_duration":584,"executable":"ellipsoids-openmp","args":["1.dat","18.log","18.xoutput"],"id":59,"resource":"1024","request_start":1576623949637,"request_end":1576623968566,"request_duration":18929,"type":"1024"}
{"start":1576623961954,"end":1576623968541,"duration":6587,"downloading_duration":1085,"execution_duration":4472,"uploading_duration":1030,"executable":"ellipsoids-openmp","args":["2.dat","220.log","220.xoutput"],"id":116,"resource":"1024","request_start":1576623949569,"request_end":1576623968569,"request_duration":19000,"type":"1024"}
{"start":1576623962777,"end":1576623968553,"duration":5776,"downloading_duration":1054,"execution_duration":4151,"uploading_duration":571,"executable":"ellipsoids-openmp","args":["1.dat","19.log","19.xoutput"],"id":60,"resource":"1024","request_start":1576623949637,"request_end":1576623968585,"request_duration":18948,"type":"1024"}
{"start":1576623962903,"end":1576623968610,"duration":5707,"downloading_duration":996,"execution_duration":4161,"uploading_duration":550,"executable":"ellipsoids-openmp","args":["1.dat","111.log","111.xoutput"],"id":62,"resource":"1024","request_start":1576623949638,"request_end":1576623968631,"request_duration":18993,"type":"1024"}
{"start":1576623962635,"end":1576623968627,"duration":5992,"downloading_duration":1099,"execution_duration":4316,"uploading_duration":577,"executable":"ellipsoids-openmp","args":["1.dat","14.log","14.xoutput"],"id":55,"resource":"1024","request_start":1576623949635,"request_end":1576623968651,"request_duration":19016,"type":"1024"}
{"start":1576623962709,"end":1576623968628,"duration":5919,"downloading_duration":1084,"execution_duration":4236,"uploading_duration":599,"executable":"ellipsoids-openmp","args":["1.dat","16.log","16.xoutput"],"id":57,"resource":"1024","request_start":1576623949636,"request_end":1576623968656,"request_duration":19020,"type":"1024"}
{"start":1576623962416,"end":1576623968643,"duration":6227,"downloading_duration":1083,"execution_duration":4547,"uploading_duration":597,"executable":"ellipsoids-openmp","args":["2.dat","244.log","244.xoutput"],"id":140,"resource":"1024","request_start":1576623949581,"request_end":1576623968663,"request_duration":19082,"type":"1024"}
{"start":1576623962416,"end":1576623968649,"duration":6233,"downloading_duration":1010,"execution_duration":4626,"uploading_duration":597,"executable":"ellipsoids-openmp","args":["2.dat","20.log","20.xoutput"],"id":96,"resource":"1024","request_start":1576623949582,"request_end":1576623968669,"request_duration":19087,"type":"1024"}
{"start":1576623962424,"end":1576623968652,"duration":6228,"downloading_duration":987,"execution_duration":4641,"uploading_duration":600,"executable":"ellipsoids-openmp","args":["2.dat","22.log","22.xoutput"],"id":98,"resource":"1024","request_start":1576623949583,"request_end":1576623968676,"request_duration":19093,"type":"1024"}
{"start":1576623962409,"end":1576623968663,"duration":6254,"downloading_duration":1007,"execution_duration":4652,"uploading_duration":595,"executable":"ellipsoids-openmp","args":["2.dat","241.log","241.xoutput"],"id":137,"resource":"1024","request_start":1576623949580,"request_end":1576623968683,"request_duration":19103,"type":"1024"}
{"start":1576623962238,"end":1576623968664,"duration":6426,"downloading_duration":1022,"execution_duration":4809,"uploading_duration":595,"executable":"ellipsoids-openmp","args":["2.dat","237.log","237.xoutput"],"id":133,"resource":"1024","request_start":1576623949578,"request_end":1576623968686,"request_duration":19108,"type":"1024"}
{"start":1576623962412,"end":1576623968664,"duration":6252,"downloading_duration":1076,"execution_duration":4576,"uploading_duration":600,"executable":"ellipsoids-openmp","args":["2.dat","243.log","243.xoutput"],"id":139,"resource":"1024","request_start":1576623949581,"request_end":1576623968688,"request_duration":19107,"type":"1024"}
{"start":1576623962912,"end":1576623968701,"duration":5789,"downloading_duration":996,"execution_duration":4212,"uploading_duration":581,"executable":"ellipsoids-openmp","args":["1.dat","113.log","113.xoutput"],"id":64,"resource":"1024","request_start":1576623949639,"request_end":1576623968724,"request_duration":19085,"type":"1024"}
{"start":1576623962733,"end":1576623968702,"duration":5969,"downloading_duration":993,"execution_duration":4355,"uploading_duration":621,"executable":"ellipsoids-openmp","args":["1.dat","17.log","17.xoutput"],"id":58,"resource":"1024","request_start":1576623949636,"request_end":1576623968726,"request_duration":19090,"type":"1024"}
{"start":1576623962405,"end":1576623968702,"duration":6297,"downloading_duration":1131,"execution_duration":4589,"uploading_duration":577,"executable":"ellipsoids-openmp","args":["2.dat","240.log","240.xoutput"],"id":136,"resource":"1024","request_start":1576623949579,"request_end":1576623968729,"request_duration":19150,"type":"1024"}
{"start":1576623962426,"end":1576623968704,"duration":6278,"downloading_duration":989,"execution_duration":4626,"uploading_duration":663,"executable":"ellipsoids-openmp","args":["2.dat","23.log","23.xoutput"],"id":99,"resource":"1024","request_start":1576623949583,"request_end":1576623968735,"request_duration":19152,"type":"1024"}
{"start":1576623962908,"end":1576623968809,"duration":5901,"downloading_duration":997,"execution_duration":4278,"uploading_duration":626,"executable":"ellipsoids-openmp","args":["1.dat","112.log","112.xoutput"],"id":63,"resource":"1024","request_start":1576623949639,"request_end":1576623968830,"request_duration":19191,"type":"1024"}
{"start":1576623962881,"end":1576623968850,"duration":5969,"downloading_duration":1037,"execution_duration":4273,"uploading_duration":659,"executable":"ellipsoids-openmp","args":["1.dat","110.log","110.xoutput"],"id":61,"resource":"1024","request_start":1576623949638,"request_end":1576623968870,"request_duration":19232,"type":"1024"}
{"start":1576623962414,"end":1576623968936,"duration":6522,"downloading_duration":1301,"execution_duration":4630,"uploading_duration":591,"executable":"ellipsoids-openmp","args":["2.dat","21.log","21.xoutput"],"id":97,"resource":"1024","request_start":1576623949582,"request_end":1576623968958,"request_duration":19376,"type":"1024"}
{"start":1576623963126,"end":1576623969248,"duration":6122,"downloading_duration":1071,"execution_duration":4429,"uploading_duration":622,"executable":"ellipsoids-openmp","args":["1.dat","114.log","114.xoutput"],"id":65,"resource":"1024","request_start":1576623949640,"request_end":1576623969274,"request_duration":19634,"type":"1024"}
{"start":1576623968607,"end":1576623970258,"duration":1651,"downloading_duration":1252,"execution_duration":3,"uploading_duration":396,"executable":"mean-pack-ell","args":["00.xoutput","01.xoutput","02.xoutput","03.xoutput","04.xoutput","05.xoutput","06.xoutput","07.xoutput","08.xoutput","09.xoutput","010.xoutput","011.xoutput","012.xoutput","013.xoutput","014.xoutput","015.xoutput","016.xoutput","017.xoutput","018.xoutput","019.xoutput","020.xoutput","021.xoutput","022.xoutput","023.xoutput","024.xoutput","025.xoutput","026.xoutput","027.xoutput","028.xoutput","029.xoutput","030.xoutput","031.xoutput","032.xoutput","033.xoutput","034.xoutput","035.xoutput","036.xoutput","037.xoutput","038.xoutput","039.xoutput","040.xoutput","041.xoutput","042.xoutput","043.xoutput","044.xoutput","average_0.txt"],"id":186,"resource":"1024","request_start":1576623956561,"request_end":1576623970286,"request_duration":13725,"type":"1024"}
{"start":1576623969085,"end":1576623970644,"duration":1559,"downloading_duration":1172,"execution_duration":4,"uploading_duration":383,"executable":"mean-pack-ell","args":["20.xoutput","21.xoutput","22.xoutput","23.xoutput","24.xoutput","25.xoutput","26.xoutput","27.xoutput","28.xoutput","29.xoutput","210.xoutput","211.xoutput","212.xoutput","213.xoutput","214.xoutput","215.xoutput","216.xoutput","217.xoutput","218.xoutput","219.xoutput","220.xoutput","221.xoutput","222.xoutput","223.xoutput","224.xoutput","225.xoutput","226.xoutput","227.xoutput","228.xoutput","229.xoutput","230.xoutput","231.xoutput","232.xoutput","233.xoutput","234.xoutput","235.xoutput","236.xoutput","237.xoutput","238.xoutput","239.xoutput","240.xoutput","241.xoutput","242.xoutput","243.xoutput","244.xoutput","average_2.txt"],"id":188,"resource":"1024","request_start":1576623968971,"request_end":1576623970665,"request_duration":1694,"type":"1024"}
{"start":1576623968609,"end":1576623970667,"duration":2058,"downloading_duration":1680,"execution_duration":3,"uploading_duration":375,"executable":"mean-pack-ell","args":["30.xoutput","31.xoutput","32.xoutput","33.xoutput","34.xoutput","35.xoutput","36.xoutput","37.xoutput","38.xoutput","39.xoutput","310.xoutput","311.xoutput","312.xoutput","313.xoutput","314.xoutput","315.xoutput","316.xoutput","317.xoutput","318.xoutput","319.xoutput","320.xoutput","321.xoutput","322.xoutput","323.xoutput","324.xoutput","325.xoutput","326.xoutput","327.xoutput","328.xoutput","329.xoutput","330.xoutput","331.xoutput","332.xoutput","333.xoutput","334.xoutput","335.xoutput","336.xoutput","337.xoutput","338.xoutput","339.xoutput","340.xoutput","341.xoutput","342.xoutput","343.xoutput","344.xoutput","average_3.txt"],"id":189,"resource":"1024","request_start":1576623963100,"request_end":1576623970690,"request_duration":7590,"type":"1024"}
{"start":1576623968027,"end":1576623973786,"duration":5759,"downloading_duration":998,"execution_duration":4203,"uploading_duration":558,"executable":"ellipsoids-openmp","args":["1.dat","116.log","116.xoutput"],"id":67,"resource":"1024","request_start":1576623949641,"request_end":1576623973807,"request_duration":24166,"type":"1024"}
{"start":1576623968078,"end":1576623973956,"duration":5878,"downloading_duration":1035,"execution_duration":4241,"uploading_duration":602,"executable":"ellipsoids-openmp","args":["1.dat","117.log","117.xoutput"],"id":68,"resource":"1024","request_start":1576623949642,"request_end":1576623973978,"request_duration":24336,"type":"1024"}
{"start":1576623968217,"end":1576623974018,"duration":5801,"downloading_duration":1028,"execution_duration":4146,"uploading_duration":627,"executable":"ellipsoids-openmp","args":["1.dat","120.log","120.xoutput"],"id":71,"resource":"1024","request_start":1576623949643,"request_end":1576623974099,"request_duration":24456,"type":"1024"}
{"start":1576623968024,"end":1576623974202,"duration":6178,"downloading_duration":1094,"execution_duration":4436,"uploading_duration":648,"executable":"ellipsoids-openmp","args":["1.dat","115.log","115.xoutput"],"id":66,"resource":"1024","request_start":1576623949640,"request_end":1576623974227,"request_duration":24587,"type":"1024"}
{"start":1576623968111,"end":1576623974203,"duration":6092,"downloading_duration":1158,"execution_duration":4320,"uploading_duration":614,"executable":"ellipsoids-openmp","args":["1.dat","119.log","119.xoutput"],"id":70,"resource":"1024","request_start":1576623949643,"request_end":1576623974229,"request_duration":24586,"type":"1024"}
{"start":1576623968223,"end":1576623974213,"duration":5990,"downloading_duration":1085,"execution_duration":4337,"uploading_duration":568,"executable":"ellipsoids-openmp","args":["1.dat","121.log","121.xoutput"],"id":72,"resource":"1024","request_start":1576623949644,"request_end":1576623974237,"request_duration":24593,"type":"1024"}
{"start":1576623968363,"end":1576623974231,"duration":5868,"downloading_duration":987,"execution_duration":4268,"uploading_duration":613,"executable":"ellipsoids-openmp","args":["1.dat","128.log","128.xoutput"],"id":79,"resource":"1024","request_start":1576623949648,"request_end":1576623974254,"request_duration":24606,"type":"1024"}
{"start":1576623968282,"end":1576623974290,"duration":6008,"downloading_duration":997,"execution_duration":4282,"uploading_duration":729,"executable":"ellipsoids-openmp","args":["1.dat","124.log","124.xoutput"],"id":75,"resource":"1024","request_start":1576623949645,"request_end":1576623974314,"request_duration":24669,"type":"1024"}
{"start":1576623968230,"end":1576623974311,"duration":6081,"downloading_duration":1098,"execution_duration":4306,"uploading_duration":677,"executable":"ellipsoids-openmp","args":["1.dat","123.log","123.xoutput"],"id":74,"resource":"1024","request_start":1576623949645,"request_end":1576623974334,"request_duration":24689,"type":"1024"}
{"start":1576623968475,"end":1576623974324,"duration":5849,"downloading_duration":990,"execution_duration":4244,"uploading_duration":615,"executable":"ellipsoids-openmp","args":["1.dat","134.log","134.xoutput"],"id":85,"resource":"1024","request_start":1576623949651,"request_end":1576623974344,"request_duration":24693,"type":"1024"}
{"start":1576623968225,"end":1576623974328,"duration":6103,"downloading_duration":1191,"execution_duration":4294,"uploading_duration":618,"executable":"ellipsoids-openmp","args":["1.dat","122.log","122.xoutput"],"id":73,"resource":"1024","request_start":1576623949644,"request_end":1576623974354,"request_duration":24710,"type":"1024"}
{"start":1576623968451,"end":1576623974360,"duration":5909,"downloading_duration":984,"execution_duration":4362,"uploading_duration":563,"executable":"ellipsoids-openmp","args":["1.dat","132.log","132.xoutput"],"id":83,"resource":"1024","request_start":1576623949650,"request_end":1576623974382,"request_duration":24732,"type":"1024"}
{"start":1576623968420,"end":1576623974384,"duration":5964,"downloading_duration":1012,"execution_duration":4326,"uploading_duration":626,"executable":"ellipsoids-openmp","args":["1.dat","130.log","130.xoutput"],"id":81,"resource":"1024","request_start":1576623949649,"request_end":1576623974404,"request_duration":24755,"type":"1024"}
{"start":1576623968359,"end":1576623974393,"duration":6034,"downloading_duration":1072,"execution_duration":4379,"uploading_duration":583,"executable":"ellipsoids-openmp","args":["1.dat","125.log","125.xoutput"],"id":76,"resource":"1024","request_start":1576623949646,"request_end":1576623974415,"request_duration":24769,"type":"1024"}
{"start":1576623968467,"end":1576623974418,"duration":5951,"downloading_duration":1021,"execution_duration":4309,"uploading_duration":621,"executable":"ellipsoids-openmp","args":["1.dat","133.log","133.xoutput"],"id":84,"resource":"1024","request_start":1576623949651,"request_end":1576623974439,"request_duration":24788,"type":"1024"}
{"start":1576623968362,"end":1576623974428,"duration":6066,"downloading_duration":1087,"execution_duration":4367,"uploading_duration":612,"executable":"ellipsoids-openmp","args":["1.dat","126.log","126.xoutput"],"id":77,"resource":"1024","request_start":1576623949647,"request_end":1576623974450,"request_duration":24803,"type":"1024"}
{"start":1576623968086,"end":1576623974433,"duration":6347,"downloading_duration":1030,"execution_duration":4683,"uploading_duration":634,"executable":"ellipsoids-openmp","args":["1.dat","118.log","118.xoutput"],"id":69,"resource":"1024","request_start":1576623949642,"request_end":1576623974460,"request_duration":24818,"type":"1024"}
{"start":1576623968568,"end":1576623974460,"duration":5892,"downloading_duration":1004,"execution_duration":4256,"uploading_duration":632,"executable":"ellipsoids-openmp","args":["1.dat","142.log","142.xoutput"],"id":93,"resource":"1024","request_start":1576623949658,"request_end":1576623974481,"request_duration":24823,"type":"1024"}
{"start":1576623968513,"end":1576623974495,"duration":5982,"downloading_duration":1059,"execution_duration":4298,"uploading_duration":625,"executable":"ellipsoids-openmp","args":["1.dat","136.log","136.xoutput"],"id":87,"resource":"1024","request_start":1576623949653,"request_end":1576623974518,"request_duration":24865,"type":"1024"}
{"start":1576623968362,"end":1576623974518,"duration":6156,"downloading_duration":1154,"execution_duration":4281,"uploading_duration":721,"executable":"ellipsoids-openmp","args":["1.dat","129.log","129.xoutput"],"id":80,"resource":"1024","request_start":1576623949648,"request_end":1576623974540,"request_duration":24892,"type":"1024"}
{"start":1576623968508,"end":1576623974534,"duration":6026,"downloading_duration":1077,"execution_duration":4346,"uploading_duration":603,"executable":"ellipsoids-openmp","args":["1.dat","135.log","135.xoutput"],"id":86,"resource":"1024","request_start":1576623949652,"request_end":1576623974557,"request_duration":24905,"type":"1024"}
{"start":1576623968542,"end":1576623974540,"duration":5998,"downloading_duration":1107,"execution_duration":4253,"uploading_duration":638,"executable":"ellipsoids-openmp","args":["1.dat","139.log","139.xoutput"],"id":90,"resource":"1024","request_start":1576623949656,"request_end":1576623974562,"request_duration":24906,"type":"1024"}
{"start":1576623968515,"end":1576623974644,"duration":6129,"downloading_duration":1033,"execution_duration":4506,"uploading_duration":590,"executable":"ellipsoids-openmp","args":["1.dat","137.log","137.xoutput"],"id":88,"resource":"1024","request_start":1576623949654,"request_end":1576623974666,"request_duration":25012,"type":"1024"}
{"start":1576623968569,"end":1576623974667,"duration":6098,"downloading_duration":1084,"execution_duration":4323,"uploading_duration":691,"executable":"ellipsoids-openmp","args":["1.dat","141.log","141.xoutput"],"id":92,"resource":"1024","request_start":1576623949657,"request_end":1576623974687,"request_duration":25030,"type":"1024"}
{"start":1576623968428,"end":1576623974696,"duration":6268,"downloading_duration":1079,"execution_duration":4562,"uploading_duration":627,"executable":"ellipsoids-openmp","args":["1.dat","131.log","131.xoutput"],"id":82,"resource":"1024","request_start":1576623949649,"request_end":1576623974719,"request_duration":25070,"type":"1024"}
{"start":1576623968575,"end":1576623974716,"duration":6141,"downloading_duration":1133,"execution_duration":4401,"uploading_duration":607,"executable":"ellipsoids-openmp","args":["1.dat","143.log","143.xoutput"],"id":94,"resource":"1024","request_start":1576623949659,"request_end":1576623974737,"request_duration":25078,"type":"1024"}
{"start":1576623968588,"end":1576623974906,"duration":6318,"downloading_duration":1372,"execution_duration":4332,"uploading_duration":614,"executable":"ellipsoids-openmp","args":["1.dat","144.log","144.xoutput"],"id":95,"resource":"1024","request_start":1576623949659,"request_end":1576623974927,"request_duration":25268,"type":"1024"}
{"start":1576623968362,"end":1576623974936,"duration":6574,"downloading_duration":1147,"execution_duration":4863,"uploading_duration":564,"executable":"ellipsoids-openmp","args":["1.dat","127.log","127.xoutput"],"id":78,"resource":"1024","request_start":1576623949647,"request_end":1576623974956,"request_duration":25309,"type":"1024"}
{"start":1576623968520,"end":1576623974937,"duration":6417,"downloading_duration":1248,"execution_duration":4299,"uploading_duration":870,"executable":"ellipsoids-openmp","args":["1.dat","138.log","138.xoutput"],"id":89,"resource":"1024","request_start":1576623949655,"request_end":1576623974958,"request_duration":25303,"type":"1024"}
{"start":1576623968549,"end":1576623976032,"duration":7483,"downloading_duration":2595,"execution_duration":4321,"uploading_duration":567,"executable":"ellipsoids-openmp","args":["1.dat","140.log","140.xoutput"],"id":91,"resource":"1024","request_start":1576623949656,"request_end":1576623976058,"request_duration":26402,"type":"1024"}
{"start":1576623976174,"end":1576623977858,"duration":1684,"downloading_duration":1201,"execution_duration":3,"uploading_duration":480,"executable":"mean-pack-ell","args":["10.xoutput","11.xoutput","12.xoutput","13.xoutput","14.xoutput","15.xoutput","16.xoutput","17.xoutput","18.xoutput","19.xoutput","110.xoutput","111.xoutput","112.xoutput","113.xoutput","114.xoutput","115.xoutput","116.xoutput","117.xoutput","118.xoutput","119.xoutput","120.xoutput","121.xoutput","122.xoutput","123.xoutput","124.xoutput","125.xoutput","126.xoutput","127.xoutput","128.xoutput","129.xoutput","130.xoutput","131.xoutput","132.xoutput","133.xoutput","134.xoutput","135.xoutput","136.xoutput","137.xoutput","138.xoutput","139.xoutput","140.xoutput","141.xoutput","142.xoutput","143.xoutput","144.xoutput","average_1.txt"],"id":187,"resource":"1024","request_start":1576623976071,"request_end":1576623977903,"request_duration":1832,"type":"1024"}
{"start":1576623978035,"end":1576623978966,"duration":931,"downloading_duration":411,"execution_duration":118,"uploading_duration":402,"executable":"summary.js","args":[],"id":190,"resource":"1024","request_start":1576623977910,"request_end":1576623978985,"request_duration":1075,"type":"1024"}
