{"start":1576623884374,"end":1576623885489,"duration":1115,"downloading_duration":578,"execution_duration":124,"uploading_duration":413,"executable":"generateData.js","args":[],"id":1,"resource":"1024","request_start":1576623883725,"request_end":1576623885520,"request_duration":1795,"type":"1024"}
{"start":1576623885637,"end":1576623886499,"duration":862,"downloading_duration":375,"execution_duration":105,"uploading_duration":382,"executable":"createDat.js","args":["0.dat"],"id":2,"resource":"1024","request_start":1576623885526,"request_end":1576623886518,"request_duration":992,"type":"1024"}
{"start":1576623886104,"end":1576623887196,"duration":1092,"downloading_duration":566,"execution_duration":125,"uploading_duration":401,"executable":"createDat.js","args":["2.dat"],"id":4,"resource":"1024","request_start":1576623885531,"request_end":1576623887221,"request_duration":1690,"type":"1024"}
{"start":1576623886136,"end":1576623887213,"duration":1077,"downloading_duration":530,"execution_duration":142,"uploading_duration":405,"executable":"createDat.js","args":["3.dat"],"id":5,"resource":"1024","request_start":1576623885534,"request_end":1576623887240,"request_duration":1706,"type":"1024"}
{"start":1576623886122,"end":1576623887265,"duration":1143,"downloading_duration":531,"execution_duration":122,"uploading_duration":490,"executable":"createDat.js","args":["1.dat"],"id":3,"resource":"1024","request_start":1576623885529,"request_end":1576623887325,"request_duration":1796,"type":"1024"}
{"start":1576623886914,"end":1576623893083,"duration":6169,"downloading_duration":1089,"execution_duration":4456,"uploading_duration":624,"executable":"ellipsoids-openmp","args":["0.dat","04.log","04.xoutput"],"id":10,"resource":"1024","request_start":1576623886551,"request_end":1576623893108,"request_duration":6557,"type":"1024"}
{"start":1576623887376,"end":1576623893516,"duration":6140,"downloading_duration":1113,"execution_duration":4439,"uploading_duration":588,"executable":"ellipsoids-openmp","args":["0.dat","010.log","010.xoutput"],"id":16,"resource":"1024","request_start":1576623886566,"request_end":1576623893539,"request_duration":6973,"type":"1024"}
{"start":1576623887355,"end":1576623893606,"duration":6251,"downloading_duration":1161,"execution_duration":4536,"uploading_duration":554,"executable":"ellipsoids-openmp","args":["2.dat","28.log","28.xoutput"],"id":104,"resource":"1024","request_start":1576623887273,"request_end":1576623893632,"request_duration":6359,"type":"1024"}
{"start":1576623887380,"end":1576623893698,"duration":6318,"downloading_duration":1202,"execution_duration":4542,"uploading_duration":574,"executable":"ellipsoids-openmp","args":["0.dat","019.log","019.xoutput"],"id":25,"resource":"1024","request_start":1576623886577,"request_end":1576623893722,"request_duration":7145,"type":"1024"}
{"start":1576623887445,"end":1576623893719,"duration":6274,"downloading_duration":1005,"execution_duration":4676,"uploading_duration":593,"executable":"ellipsoids-openmp","args":["2.dat","24.log","24.xoutput"],"id":100,"resource":"1024","request_start":1576623887268,"request_end":1576623893741,"request_duration":6473,"type":"1024"}
{"start":1576623887425,"end":1576623893754,"duration":6329,"downloading_duration":1204,"execution_duration":4510,"uploading_duration":615,"executable":"ellipsoids-openmp","args":["0.dat","033.log","033.xoutput"],"id":39,"resource":"1024","request_start":1576623886589,"request_end":1576623893776,"request_duration":7187,"type":"1024"}
{"start":1576623887479,"end":1576623893761,"duration":6282,"downloading_duration":1200,"execution_duration":4456,"uploading_duration":626,"executable":"ellipsoids-openmp","args":["0.dat","02.log","02.xoutput"],"id":8,"resource":"1024","request_start":1576623886640,"request_end":1576623893784,"request_duration":7144,"type":"1024"}
{"start":1576623887381,"end":1576623893762,"duration":6381,"downloading_duration":1288,"execution_duration":4438,"uploading_duration":655,"executable":"ellipsoids-openmp","args":["0.dat","030.log","030.xoutput"],"id":36,"resource":"1024","request_start":1576623886587,"request_end":1576623893787,"request_duration":7200,"type":"1024"}
{"start":1576623887399,"end":1576623893768,"duration":6369,"downloading_duration":1174,"execution_duration":4601,"uploading_duration":594,"executable":"ellipsoids-openmp","args":["0.dat","023.log","023.xoutput"],"id":29,"resource":"1024","request_start":1576623886581,"request_end":1576623893792,"request_duration":7211,"type":"1024"}
{"start":1576623887454,"end":1576623893774,"duration":6320,"downloading_duration":1032,"execution_duration":4628,"uploading_duration":660,"executable":"ellipsoids-openmp","args":["2.dat","25.log","25.xoutput"],"id":101,"resource":"1024","request_start":1576623887269,"request_end":1576623893797,"request_duration":6528,"type":"1024"}
{"start":1576623887367,"end":1576623893785,"duration":6418,"downloading_duration":1196,"execution_duration":4603,"uploading_duration":619,"executable":"ellipsoids-openmp","args":["0.dat","012.log","012.xoutput"],"id":18,"resource":"1024","request_start":1576623886568,"request_end":1576623893808,"request_duration":7240,"type":"1024"}
{"start":1576623887417,"end":1576623893789,"duration":6372,"downloading_duration":1161,"execution_duration":4654,"uploading_duration":557,"executable":"ellipsoids-openmp","args":["0.dat","031.log","031.xoutput"],"id":37,"resource":"1024","request_start":1576623886588,"request_end":1576623893814,"request_duration":7226,"type":"1024"}
{"start":1576623887385,"end":1576623893800,"duration":6415,"downloading_duration":1221,"execution_duration":4599,"uploading_duration":595,"executable":"ellipsoids-openmp","args":["0.dat","025.log","025.xoutput"],"id":31,"resource":"1024","request_start":1576623886583,"request_end":1576623893825,"request_duration":7242,"type":"1024"}
{"start":1576623887429,"end":1576623893801,"duration":6372,"downloading_duration":1193,"execution_duration":4584,"uploading_duration":595,"executable":"ellipsoids-openmp","args":["0.dat","037.log","037.xoutput"],"id":43,"resource":"1024","request_start":1576623886599,"request_end":1576623893828,"request_duration":7229,"type":"1024"}
{"start":1576623887421,"end":1576623893805,"duration":6384,"downloading_duration":1229,"execution_duration":4560,"uploading_duration":595,"executable":"ellipsoids-openmp","args":["0.dat","040.log","040.xoutput"],"id":46,"resource":"1024","request_start":1576623886635,"request_end":1576623893831,"request_duration":7196,"type":"1024"}
{"start":1576623887437,"end":1576623893812,"duration":6375,"downloading_duration":1242,"execution_duration":4520,"uploading_duration":613,"executable":"ellipsoids-openmp","args":["0.dat","038.log","038.xoutput"],"id":44,"resource":"1024","request_start":1576623886600,"request_end":1576623893840,"request_duration":7240,"type":"1024"}
{"start":1576623887382,"end":1576623893813,"duration":6431,"downloading_duration":1174,"execution_duration":4679,"uploading_duration":578,"executable":"ellipsoids-openmp","args":["0.dat","014.log","014.xoutput"],"id":20,"resource":"1024","request_start":1576623886571,"request_end":1576623893842,"request_duration":7271,"type":"1024"}
{"start":1576623887388,"end":1576623893813,"duration":6425,"downloading_duration":1328,"execution_duration":4482,"uploading_duration":615,"executable":"ellipsoids-openmp","args":["0.dat","018.log","018.xoutput"],"id":24,"resource":"1024","request_start":1576623886575,"request_end":1576623893843,"request_duration":7268,"type":"1024"}
{"start":1576623887441,"end":1576623893821,"duration":6380,"downloading_duration":1227,"execution_duration":4542,"uploading_duration":611,"executable":"ellipsoids-openmp","args":["0.dat","041.log","041.xoutput"],"id":47,"resource":"1024","request_start":1576623886635,"request_end":1576623893856,"request_duration":7221,"type":"1024"}
{"start":1576623887466,"end":1576623893837,"duration":6371,"downloading_duration":1167,"execution_duration":4641,"uploading_duration":563,"executable":"ellipsoids-openmp","args":["0.dat","01.log","01.xoutput"],"id":7,"resource":"1024","request_start":1576623886640,"request_end":1576623893862,"request_duration":7222,"type":"1024"}
{"start":1576623887376,"end":1576623893847,"duration":6471,"downloading_duration":1297,"execution_duration":4561,"uploading_duration":613,"executable":"ellipsoids-openmp","args":["0.dat","024.log","024.xoutput"],"id":30,"resource":"1024","request_start":1576623886582,"request_end":1576623893870,"request_duration":7288,"type":"1024"}
{"start":1576623887404,"end":1576623893850,"duration":6446,"downloading_duration":1266,"execution_duration":4569,"uploading_duration":611,"executable":"ellipsoids-openmp","args":["0.dat","032.log","032.xoutput"],"id":38,"resource":"1024","request_start":1576623886589,"request_end":1576623893875,"request_duration":7286,"type":"1024"}
{"start":1576623887449,"end":1576623893858,"duration":6409,"downloading_duration":1306,"execution_duration":4526,"uploading_duration":577,"executable":"ellipsoids-openmp","args":["0.dat","043.log","043.xoutput"],"id":49,"resource":"1024","request_start":1576623886637,"request_end":1576623893882,"request_duration":7245,"type":"1024"}
{"start":1576623887407,"end":1576623893859,"duration":6452,"downloading_duration":1221,"execution_duration":4601,"uploading_duration":630,"executable":"ellipsoids-openmp","args":["0.dat","029.log","029.xoutput"],"id":35,"resource":"1024","request_start":1576623886586,"request_end":1576623893884,"request_duration":7298,"type":"1024"}
{"start":1576623887394,"end":1576623893865,"duration":6471,"downloading_duration":1233,"execution_duration":4660,"uploading_duration":578,"executable":"ellipsoids-openmp","args":["0.dat","015.log","015.xoutput"],"id":21,"resource":"1024","request_start":1576623886572,"request_end":1576623893911,"request_duration":7339,"type":"1024"}
{"start":1576623887393,"end":1576623893898,"duration":6505,"downloading_duration":1368,"execution_duration":4543,"uploading_duration":594,"executable":"ellipsoids-openmp","args":["0.dat","021.log","021.xoutput"],"id":27,"resource":"1024","request_start":1576623886579,"request_end":1576623893923,"request_duration":7344,"type":"1024"}
{"start":1576623887403,"end":1576623893897,"duration":6494,"downloading_duration":1346,"execution_duration":4541,"uploading_duration":607,"executable":"ellipsoids-openmp","args":["0.dat","07.log","07.xoutput"],"id":13,"resource":"1024","request_start":1576623886561,"request_end":1576623893926,"request_duration":7365,"type":"1024"}
{"start":1576623887424,"end":1576623893900,"duration":6476,"downloading_duration":1155,"execution_duration":4680,"uploading_duration":641,"executable":"ellipsoids-openmp","args":["0.dat","026.log","026.xoutput"],"id":32,"resource":"1024","request_start":1576623886584,"request_end":1576623893927,"request_duration":7343,"type":"1024"}
{"start":1576623887414,"end":1576623893907,"duration":6493,"downloading_duration":1309,"execution_duration":4585,"uploading_duration":599,"executable":"ellipsoids-openmp","args":["0.dat","028.log","028.xoutput"],"id":34,"resource":"1024","request_start":1576623886585,"request_end":1576623893933,"request_duration":7348,"type":"1024"}
{"start":1576623887384,"end":1576623893923,"duration":6539,"downloading_duration":1187,"execution_duration":4643,"uploading_duration":709,"executable":"ellipsoids-openmp","args":["0.dat","020.log","020.xoutput"],"id":26,"resource":"1024","request_start":1576623886578,"request_end":1576623893945,"request_duration":7367,"type":"1024"}
{"start":1576623887447,"end":1576623893930,"duration":6483,"downloading_duration":1268,"execution_duration":4556,"uploading_duration":659,"executable":"ellipsoids-openmp","args":["0.dat","03.log","03.xoutput"],"id":9,"resource":"1024","request_start":1576623886641,"request_end":1576623893950,"request_duration":7309,"type":"1024"}
{"start":1576623887388,"end":1576623893934,"duration":6546,"downloading_duration":1267,"execution_duration":4648,"uploading_duration":631,"executable":"ellipsoids-openmp","args":["0.dat","016.log","016.xoutput"],"id":22,"resource":"1024","request_start":1576623886573,"request_end":1576623893957,"request_duration":7384,"type":"1024"}
{"start":1576623887408,"end":1576623893944,"duration":6536,"downloading_duration":1322,"execution_duration":4635,"uploading_duration":579,"executable":"ellipsoids-openmp","args":["0.dat","09.log","09.xoutput"],"id":15,"resource":"1024","request_start":1576623886564,"request_end":1576623893966,"request_duration":7402,"type":"1024"}
{"start":1576623887386,"end":1576623893945,"duration":6559,"downloading_duration":1296,"execution_duration":4622,"uploading_duration":641,"executable":"ellipsoids-openmp","args":["0.dat","017.log","017.xoutput"],"id":23,"resource":"1024","request_start":1576623886574,"request_end":1576623893971,"request_duration":7397,"type":"1024"}
{"start":1576623887456,"end":1576623893947,"duration":6491,"downloading_duration":1266,"execution_duration":4645,"uploading_duration":580,"executable":"ellipsoids-openmp","args":["0.dat","042.log","042.xoutput"],"id":48,"resource":"1024","request_start":1576623886636,"request_end":1576623893971,"request_duration":7335,"type":"1024"}
{"start":1576623887411,"end":1576623893959,"duration":6548,"downloading_duration":1317,"execution_duration":4620,"uploading_duration":611,"executable":"ellipsoids-openmp","args":["0.dat","05.log","05.xoutput"],"id":11,"resource":"1024","request_start":1576623886554,"request_end":1576623894044,"request_duration":7490,"type":"1024"}
{"start":1576623887448,"end":1576623893965,"duration":6517,"downloading_duration":1324,"execution_duration":4609,"uploading_duration":584,"executable":"ellipsoids-openmp","args":["0.dat","00.log","00.xoutput"],"id":6,"resource":"1024","request_start":1576623886639,"request_end":1576623894048,"request_duration":7409,"type":"1024"}
{"start":1576623887427,"end":1576623893969,"duration":6542,"downloading_duration":1297,"execution_duration":4676,"uploading_duration":569,"executable":"ellipsoids-openmp","args":["0.dat","036.log","036.xoutput"],"id":42,"resource":"1024","request_start":1576623886594,"request_end":1576623894049,"request_duration":7455,"type":"1024"}
{"start":1576623887427,"end":1576623893996,"duration":6569,"downloading_duration":1294,"execution_duration":4636,"uploading_duration":639,"executable":"ellipsoids-openmp","args":["0.dat","034.log","034.xoutput"],"id":40,"resource":"1024","request_start":1576623886592,"request_end":1576623894055,"request_duration":7463,"type":"1024"}
{"start":1576623887412,"end":1576623893999,"duration":6587,"downloading_duration":1314,"execution_duration":4684,"uploading_duration":589,"executable":"ellipsoids-openmp","args":["0.dat","013.log","013.xoutput"],"id":19,"resource":"1024","request_start":1576623886570,"request_end":1576623894056,"request_duration":7486,"type":"1024"}
{"start":1576623887402,"end":1576623894001,"duration":6599,"downloading_duration":1179,"execution_duration":4796,"uploading_duration":624,"executable":"ellipsoids-openmp","args":["0.dat","011.log","011.xoutput"],"id":17,"resource":"1024","request_start":1576623886567,"request_end":1576623894057,"request_duration":7490,"type":"1024"}
{"start":1576623887408,"end":1576623894004,"duration":6596,"downloading_duration":1247,"execution_duration":4740,"uploading_duration":609,"executable":"ellipsoids-openmp","args":["0.dat","022.log","022.xoutput"],"id":28,"resource":"1024","request_start":1576623886580,"request_end":1576623894059,"request_duration":7479,"type":"1024"}
{"start":1576623887472,"end":1576623894021,"duration":6549,"downloading_duration":1304,"execution_duration":4640,"uploading_duration":605,"executable":"ellipsoids-openmp","args":["0.dat","044.log","044.xoutput"],"id":50,"resource":"1024","request_start":1576623886638,"request_end":1576623894063,"request_duration":7425,"type":"1024"}
{"start":1576623887411,"end":1576623894054,"duration":6643,"downloading_duration":1310,"execution_duration":4725,"uploading_duration":608,"executable":"ellipsoids-openmp","args":["0.dat","035.log","035.xoutput"],"id":41,"resource":"1024","request_start":1576623886593,"request_end":1576623894085,"request_duration":7492,"type":"1024"}
{"start":1576623887456,"end":1576623894127,"duration":6671,"downloading_duration":1317,"execution_duration":4633,"uploading_duration":721,"executable":"ellipsoids-openmp","args":["0.dat","039.log","039.xoutput"],"id":45,"resource":"1024","request_start":1576623886605,"request_end":1576623894151,"request_duration":7546,"type":"1024"}
{"start":1576623887908,"end":1576623894211,"duration":6303,"downloading_duration":1195,"execution_duration":4501,"uploading_duration":607,"executable":"ellipsoids-openmp","args":["2.dat","26.log","26.xoutput"],"id":102,"resource":"1024","request_start":1576623887270,"request_end":1576623894237,"request_duration":6967,"type":"1024"}
{"start":1576623887413,"end":1576623894233,"duration":6820,"downloading_duration":1224,"execution_duration":4581,"uploading_duration":1015,"executable":"ellipsoids-openmp","args":["0.dat","027.log","027.xoutput"],"id":33,"resource":"1024","request_start":1576623886584,"request_end":1576623894254,"request_duration":7670,"type":"1024"}
{"start":1576623887914,"end":1576623894335,"duration":6421,"downloading_duration":1274,"execution_duration":4480,"uploading_duration":667,"executable":"ellipsoids-openmp","args":["2.dat","27.log","27.xoutput"],"id":103,"resource":"1024","request_start":1576623887272,"request_end":1576623894358,"request_duration":7086,"type":"1024"}
{"start":1576623887418,"end":1576623894425,"duration":7007,"downloading_duration":1151,"execution_duration":4615,"uploading_duration":1241,"executable":"ellipsoids-openmp","args":["0.dat","06.log","06.xoutput"],"id":12,"resource":"1024","request_start":1576623886558,"request_end":1576623894448,"request_duration":7890,"type":"1024"}
{"start":1576623887401,"end":1576623894859,"duration":7458,"downloading_duration":2232,"execution_duration":4540,"uploading_duration":686,"executable":"ellipsoids-openmp","args":["0.dat","08.log","08.xoutput"],"id":14,"resource":"1024","request_start":1576623886563,"request_end":1576623894881,"request_duration":8318,"type":"1024"}
{"start":1576623893134,"end":1576623899621,"duration":6487,"downloading_duration":1081,"execution_duration":4754,"uploading_duration":652,"executable":"ellipsoids-openmp","args":["2.dat","29.log","29.xoutput"],"id":105,"resource":"1024","request_start":1576623887273,"request_end":1576623899641,"request_duration":12368,"type":"1024"}
{"start":1576623893564,"end":1576623899894,"duration":6330,"downloading_duration":1042,"execution_duration":4682,"uploading_duration":606,"executable":"ellipsoids-openmp","args":["2.dat","210.log","210.xoutput"],"id":106,"resource":"1024","request_start":1576623887274,"request_end":1576623899916,"request_duration":12642,"type":"1024"}
{"start":1576623893912,"end":1576623900025,"duration":6113,"downloading_duration":1083,"execution_duration":4414,"uploading_duration":616,"executable":"ellipsoids-openmp","args":["2.dat","232.log","232.xoutput"],"id":128,"resource":"1024","request_start":1576623887289,"request_end":1576623900104,"request_duration":12815,"type":"1024"}
{"start":1576623894109,"end":1576623900039,"duration":5930,"downloading_duration":1084,"execution_duration":4274,"uploading_duration":572,"executable":"ellipsoids-openmp","args":["3.dat","33.log","33.xoutput"],"id":144,"resource":"1024","request_start":1576623887345,"request_end":1576623900108,"request_duration":12763,"type":"1024"}
{"start":1576623893951,"end":1576623900088,"duration":6137,"downloading_duration":1091,"execution_duration":4460,"uploading_duration":586,"executable":"ellipsoids-openmp","args":["2.dat","235.log","235.xoutput"],"id":131,"resource":"1024","request_start":1576623887292,"request_end":1576623900121,"request_duration":12829,"type":"1024"}
{"start":1576623893765,"end":1576623900119,"duration":6354,"downloading_duration":1011,"execution_duration":4753,"uploading_duration":590,"executable":"ellipsoids-openmp","args":["2.dat","213.log","213.xoutput"],"id":109,"resource":"1024","request_start":1576623887276,"request_end":1576623900139,"request_duration":12863,"type":"1024"}
{"start":1576623894102,"end":1576623900119,"duration":6017,"downloading_duration":1069,"execution_duration":4336,"uploading_duration":612,"executable":"ellipsoids-openmp","args":["3.dat","30.log","30.xoutput"],"id":141,"resource":"1024","request_start":1576623887344,"request_end":1576623900142,"request_duration":12798,"type":"1024"}
{"start":1576623894100,"end":1576623900129,"duration":6029,"downloading_duration":1162,"execution_duration":4279,"uploading_duration":588,"executable":"ellipsoids-openmp","args":["3.dat","31.log","31.xoutput"],"id":142,"resource":"1024","request_start":1576623887344,"request_end":1576623900155,"request_duration":12811,"type":"1024"}
{"start":1576623893655,"end":1576623900168,"duration":6513,"downloading_duration":1062,"execution_duration":4819,"uploading_duration":632,"executable":"ellipsoids-openmp","args":["2.dat","211.log","211.xoutput"],"id":107,"resource":"1024","request_start":1576623887275,"request_end":1576623900188,"request_duration":12913,"type":"1024"}
{"start":1576623893937,"end":1576623900185,"duration":6248,"downloading_duration":1082,"execution_duration":4553,"uploading_duration":613,"executable":"ellipsoids-openmp","args":["2.dat","233.log","233.xoutput"],"id":129,"resource":"1024","request_start":1576623887290,"request_end":1576623900206,"request_duration":12916,"type":"1024"}
{"start":1576623893848,"end":1576623900186,"duration":6338,"downloading_duration":991,"execution_duration":4735,"uploading_duration":612,"executable":"ellipsoids-openmp","args":["2.dat","221.log","221.xoutput"],"id":117,"resource":"1024","request_start":1576623887282,"request_end":1576623900211,"request_duration":12929,"type":"1024"}
{"start":1576623894173,"end":1576623900206,"duration":6033,"downloading_duration":1073,"execution_duration":4321,"uploading_duration":639,"executable":"ellipsoids-openmp","args":["3.dat","34.log","34.xoutput"],"id":145,"resource":"1024","request_start":1576623887346,"request_end":1576623900229,"request_duration":12883,"type":"1024"}
{"start":1576623893902,"end":1576623900221,"duration":6319,"downloading_duration":1028,"execution_duration":4686,"uploading_duration":605,"executable":"ellipsoids-openmp","args":["2.dat","230.log","230.xoutput"],"id":126,"resource":"1024","request_start":1576623887288,"request_end":1576623900245,"request_duration":12957,"type":"1024"}
{"start":1576623893997,"end":1576623900224,"duration":6227,"downloading_duration":992,"execution_duration":4659,"uploading_duration":576,"executable":"ellipsoids-openmp","args":["2.dat","242.log","242.xoutput"],"id":138,"resource":"1024","request_start":1576623887296,"request_end":1576623900247,"request_duration":12951,"type":"1024"}
{"start":1576623893972,"end":1576623900229,"duration":6257,"downloading_duration":1162,"execution_duration":4437,"uploading_duration":658,"executable":"ellipsoids-openmp","args":["2.dat","239.log","239.xoutput"],"id":135,"resource":"1024","request_start":1576623887294,"request_end":1576623900253,"request_duration":12959,"type":"1024"}
{"start":1576623893821,"end":1576623900237,"duration":6416,"downloading_duration":1076,"execution_duration":4736,"uploading_duration":604,"executable":"ellipsoids-openmp","args":["2.dat","218.log","218.xoutput"],"id":114,"resource":"1024","request_start":1576623887280,"request_end":1576623900259,"request_duration":12979,"type":"1024"}
{"start":1576623894003,"end":1576623900248,"duration":6245,"downloading_duration":1017,"execution_duration":4605,"uploading_duration":623,"executable":"ellipsoids-openmp","args":["2.dat","243.log","243.xoutput"],"id":139,"resource":"1024","request_start":1576623887297,"request_end":1576623900270,"request_duration":12973,"type":"1024"}
{"start":1576623893890,"end":1576623900251,"duration":6361,"downloading_duration":1129,"execution_duration":4588,"uploading_duration":644,"executable":"ellipsoids-openmp","args":["2.dat","228.log","228.xoutput"],"id":124,"resource":"1024","request_start":1576623887287,"request_end":1576623900272,"request_duration":12985,"type":"1024"}
{"start":1576623893949,"end":1576623900264,"duration":6315,"downloading_duration":1103,"execution_duration":4640,"uploading_duration":572,"executable":"ellipsoids-openmp","args":["2.dat","236.log","236.xoutput"],"id":132,"resource":"1024","request_start":1576623887292,"request_end":1576623900289,"request_duration":12997,"type":"1024"}
{"start":1576623894099,"end":1576623900273,"duration":6174,"downloading_duration":1085,"execution_duration":4516,"uploading_duration":573,"executable":"ellipsoids-openmp","args":["2.dat","21.log","21.xoutput"],"id":97,"resource":"1024","request_start":1576623887298,"request_end":1576623900298,"request_duration":13000,"type":"1024"}
{"start":1576623893832,"end":1576623900283,"duration":6451,"downloading_duration":1076,"execution_duration":4779,"uploading_duration":596,"executable":"ellipsoids-openmp","args":["2.dat","219.log","219.xoutput"],"id":115,"resource":"1024","request_start":1576623887281,"request_end":1576623900304,"request_duration":13023,"type":"1024"}
{"start":1576623893752,"end":1576623900285,"duration":6533,"downloading_duration":1118,"execution_duration":4755,"uploading_duration":660,"executable":"ellipsoids-openmp","args":["2.dat","212.log","212.xoutput"],"id":108,"resource":"1024","request_start":1576623887276,"request_end":1576623900310,"request_duration":13034,"type":"1024"}
{"start":1576623893859,"end":1576623900294,"duration":6435,"downloading_duration":1053,"execution_duration":4741,"uploading_duration":641,"executable":"ellipsoids-openmp","args":["2.dat","223.log","223.xoutput"],"id":119,"resource":"1024","request_start":1576623887283,"request_end":1576623900317,"request_duration":13034,"type":"1024"}
{"start":1576623893988,"end":1576623900301,"duration":6313,"downloading_duration":1076,"execution_duration":4618,"uploading_duration":619,"executable":"ellipsoids-openmp","args":["2.dat","241.log","241.xoutput"],"id":137,"resource":"1024","request_start":1576623887296,"request_end":1576623900323,"request_duration":13027,"type":"1024"}
{"start":1576623893801,"end":1576623900303,"duration":6502,"downloading_duration":996,"execution_duration":4900,"uploading_duration":606,"executable":"ellipsoids-openmp","args":["2.dat","214.log","214.xoutput"],"id":110,"resource":"1024","request_start":1576623887277,"request_end":1576623900325,"request_duration":13048,"type":"1024"}
{"start":1576623893969,"end":1576623900312,"duration":6343,"downloading_duration":1036,"execution_duration":4643,"uploading_duration":664,"executable":"ellipsoids-openmp","args":["2.dat","238.log","238.xoutput"],"id":134,"resource":"1024","request_start":1576623887294,"request_end":1576623900332,"request_duration":13038,"type":"1024"}
{"start":1576623893838,"end":1576623900312,"duration":6474,"downloading_duration":1035,"execution_duration":4819,"uploading_duration":620,"executable":"ellipsoids-openmp","args":["2.dat","220.log","220.xoutput"],"id":116,"resource":"1024","request_start":1576623887282,"request_end":1576623900336,"request_duration":13054,"type":"1024"}
{"start":1576623894097,"end":1576623900325,"duration":6228,"downloading_duration":1023,"execution_duration":4606,"uploading_duration":599,"executable":"ellipsoids-openmp","args":["2.dat","23.log","23.xoutput"],"id":99,"resource":"1024","request_start":1576623887299,"request_end":1576623900347,"request_duration":13048,"type":"1024"}
{"start":1576623893954,"end":1576623900344,"duration":6390,"downloading_duration":1052,"execution_duration":4626,"uploading_duration":712,"executable":"ellipsoids-openmp","args":["2.dat","237.log","237.xoutput"],"id":133,"resource":"1024","request_start":1576623887293,"request_end":1576623900366,"request_duration":13073,"type":"1024"}
{"start":1576623893883,"end":1576623900354,"duration":6471,"downloading_duration":1056,"execution_duration":4807,"uploading_duration":608,"executable":"ellipsoids-openmp","args":["2.dat","227.log","227.xoutput"],"id":123,"resource":"1024","request_start":1576623887286,"request_end":1576623900376,"request_duration":13090,"type":"1024"}
{"start":1576623894261,"end":1576623900355,"duration":6094,"downloading_duration":1078,"execution_duration":4420,"uploading_duration":596,"executable":"ellipsoids-openmp","args":["3.dat","35.log","35.xoutput"],"id":146,"resource":"1024","request_start":1576623887346,"request_end":1576623900377,"request_duration":13031,"type":"1024"}
{"start":1576623893812,"end":1576623900360,"duration":6548,"downloading_duration":1171,"execution_duration":4807,"uploading_duration":570,"executable":"ellipsoids-openmp","args":["2.dat","217.log","217.xoutput"],"id":113,"resource":"1024","request_start":1576623887280,"request_end":1576623900382,"request_duration":13102,"type":"1024"}
{"start":1576623893895,"end":1576623900362,"duration":6467,"downloading_duration":1015,"execution_duration":4842,"uploading_duration":610,"executable":"ellipsoids-openmp","args":["2.dat","229.log","229.xoutput"],"id":125,"resource":"1024","request_start":1576623887288,"request_end":1576623900386,"request_duration":13098,"type":"1024"}
{"start":1576623893980,"end":1576623900378,"duration":6398,"downloading_duration":1019,"execution_duration":4763,"uploading_duration":616,"executable":"ellipsoids-openmp","args":["2.dat","240.log","240.xoutput"],"id":136,"resource":"1024","request_start":1576623887295,"request_end":1576623900399,"request_duration":13104,"type":"1024"}
{"start":1576623893907,"end":1576623900396,"duration":6489,"downloading_duration":1012,"execution_duration":4903,"uploading_duration":574,"executable":"ellipsoids-openmp","args":["2.dat","231.log","231.xoutput"],"id":127,"resource":"1024","request_start":1576623887289,"request_end":1576623900418,"request_duration":13129,"type":"1024"}
{"start":1576623893855,"end":1576623900401,"duration":6546,"downloading_duration":1078,"execution_duration":4842,"uploading_duration":626,"executable":"ellipsoids-openmp","args":["2.dat","222.log","222.xoutput"],"id":118,"resource":"1024","request_start":1576623887283,"request_end":1576623900426,"request_duration":13143,"type":"1024"}
{"start":1576623894097,"end":1576623900413,"duration":6316,"downloading_duration":1077,"execution_duration":4642,"uploading_duration":597,"executable":"ellipsoids-openmp","args":["2.dat","20.log","20.xoutput"],"id":96,"resource":"1024","request_start":1576623887298,"request_end":1576623900435,"request_duration":13137,"type":"1024"}
{"start":1576623893803,"end":1576623900417,"duration":6614,"downloading_duration":1180,"execution_duration":4783,"uploading_duration":651,"executable":"ellipsoids-openmp","args":["2.dat","215.log","215.xoutput"],"id":111,"resource":"1024","request_start":1576623887278,"request_end":1576623900442,"request_duration":13164,"type":"1024"}
{"start":1576623893865,"end":1576623900418,"duration":6553,"downloading_duration":1024,"execution_duration":4925,"uploading_duration":604,"executable":"ellipsoids-openmp","args":["2.dat","224.log","224.xoutput"],"id":120,"resource":"1024","request_start":1576623887284,"request_end":1576623900444,"request_duration":13160,"type":"1024"}
{"start":1576623894280,"end":1576623900420,"duration":6140,"downloading_duration":1042,"execution_duration":4401,"uploading_duration":697,"executable":"ellipsoids-openmp","args":["3.dat","36.log","36.xoutput"],"id":147,"resource":"1024","request_start":1576623887347,"request_end":1576623900448,"request_duration":13101,"type":"1024"}
{"start":1576623893871,"end":1576623900425,"duration":6554,"downloading_duration":1075,"execution_duration":4883,"uploading_duration":596,"executable":"ellipsoids-openmp","args":["2.dat","225.log","225.xoutput"],"id":121,"resource":"1024","request_start":1576623887285,"request_end":1576623900458,"request_duration":13173,"type":"1024"}
{"start":1576623893810,"end":1576623900433,"duration":6623,"downloading_duration":1112,"execution_duration":4875,"uploading_duration":636,"executable":"ellipsoids-openmp","args":["2.dat","216.log","216.xoutput"],"id":112,"resource":"1024","request_start":1576623887279,"request_end":1576623900461,"request_duration":13182,"type":"1024"}
{"start":1576623894083,"end":1576623900434,"duration":6351,"downloading_duration":1183,"execution_duration":4565,"uploading_duration":603,"executable":"ellipsoids-openmp","args":["2.dat","244.log","244.xoutput"],"id":140,"resource":"1024","request_start":1576623887297,"request_end":1576623900467,"request_duration":13170,"type":"1024"}
{"start":1576623893872,"end":1576623900444,"duration":6572,"downloading_duration":1089,"execution_duration":4915,"uploading_duration":568,"executable":"ellipsoids-openmp","args":["2.dat","226.log","226.xoutput"],"id":122,"resource":"1024","request_start":1576623887285,"request_end":1576623900469,"request_duration":13184,"type":"1024"}
{"start":1576623894382,"end":1576623900454,"duration":6072,"downloading_duration":1028,"execution_duration":4440,"uploading_duration":604,"executable":"ellipsoids-openmp","args":["3.dat","37.log","37.xoutput"],"id":148,"resource":"1024","request_start":1576623887347,"request_end":1576623900478,"request_duration":13131,"type":"1024"}
{"start":1576623893946,"end":1576623900463,"duration":6517,"downloading_duration":1016,"execution_duration":4869,"uploading_duration":632,"executable":"ellipsoids-openmp","args":["2.dat","234.log","234.xoutput"],"id":130,"resource":"1024","request_start":1576623887291,"request_end":1576623900486,"request_duration":13195,"type":"1024"}
{"start":1576623894096,"end":1576623900534,"duration":6438,"downloading_duration":1074,"execution_duration":4705,"uploading_duration":659,"executable":"ellipsoids-openmp","args":["2.dat","22.log","22.xoutput"],"id":98,"resource":"1024","request_start":1576623887299,"request_end":1576623900556,"request_duration":13257,"type":"1024"}
{"start":1576623894471,"end":1576623900544,"duration":6073,"downloading_duration":1048,"execution_duration":4307,"uploading_duration":718,"executable":"ellipsoids-openmp","args":["3.dat","38.log","38.xoutput"],"id":149,"resource":"1024","request_start":1576623887348,"request_end":1576623900608,"request_duration":13260,"type":"1024"}
{"start":1576623894903,"end":1576623900843,"duration":5940,"downloading_duration":1020,"execution_duration":4344,"uploading_duration":576,"executable":"ellipsoids-openmp","args":["3.dat","39.log","39.xoutput"],"id":150,"resource":"1024","request_start":1576623887348,"request_end":1576623900865,"request_duration":13517,"type":"1024"}
{"start":1576623894101,"end":1576623901504,"duration":7403,"downloading_duration":2740,"execution_duration":4083,"uploading_duration":580,"executable":"ellipsoids-openmp","args":["3.dat","32.log","32.xoutput"],"id":143,"resource":"1024","request_start":1576623887345,"request_end":1576623901530,"request_duration":14185,"type":"1024"}
{"start":1576623899667,"end":1576623905566,"duration":5899,"downloading_duration":994,"execution_duration":4313,"uploading_duration":592,"executable":"ellipsoids-openmp","args":["3.dat","310.log","310.xoutput"],"id":151,"resource":"1024","request_start":1576623887349,"request_end":1576623905589,"request_duration":18240,"type":"1024"}
{"start":1576623899943,"end":1576623905627,"duration":5684,"downloading_duration":1043,"execution_duration":4041,"uploading_duration":600,"executable":"ellipsoids-openmp","args":["3.dat","311.log","311.xoutput"],"id":152,"resource":"1024","request_start":1576623887350,"request_end":1576623905648,"request_duration":18298,"type":"1024"}
{"start":1576623900179,"end":1576623906049,"duration":5870,"downloading_duration":1077,"execution_duration":4221,"uploading_duration":572,"executable":"ellipsoids-openmp","args":["3.dat","317.log","317.xoutput"],"id":158,"resource":"1024","request_start":1576623887353,"request_end":1576623906070,"request_duration":18717,"type":"1024"}
{"start":1576623900142,"end":1576623906055,"duration":5913,"downloading_duration":1153,"execution_duration":4153,"uploading_duration":607,"executable":"ellipsoids-openmp","args":["3.dat","313.log","313.xoutput"],"id":154,"resource":"1024","request_start":1576623887351,"request_end":1576623906079,"request_duration":18728,"type":"1024"}
{"start":1576623900167,"end":1576623906143,"duration":5976,"downloading_duration":1068,"execution_duration":4314,"uploading_duration":594,"executable":"ellipsoids-openmp","args":["3.dat","316.log","316.xoutput"],"id":157,"resource":"1024","request_start":1576623887352,"request_end":1576623906165,"request_duration":18813,"type":"1024"}
{"start":1576623900349,"end":1576623906164,"duration":5815,"downloading_duration":1000,"execution_duration":4200,"uploading_duration":615,"executable":"ellipsoids-openmp","args":["3.dat","333.log","333.xoutput"],"id":174,"resource":"1024","request_start":1576623887361,"request_end":1576623906185,"request_duration":18824,"type":"1024"}
{"start":1576623900280,"end":1576623906217,"duration":5937,"downloading_duration":1041,"execution_duration":4339,"uploading_duration":557,"executable":"ellipsoids-openmp","args":["3.dat","323.log","323.xoutput"],"id":164,"resource":"1024","request_start":1576623887356,"request_end":1576623906238,"request_duration":18882,"type":"1024"}
{"start":1576623900229,"end":1576623906217,"duration":5988,"downloading_duration":1048,"execution_duration":4377,"uploading_duration":563,"executable":"ellipsoids-openmp","args":["3.dat","319.log","319.xoutput"],"id":160,"resource":"1024","request_start":1576623887354,"request_end":1576623906241,"request_duration":18887,"type":"1024"}
{"start":1576623900163,"end":1576623906217,"duration":6054,"downloading_duration":1040,"execution_duration":4319,"uploading_duration":695,"executable":"ellipsoids-openmp","args":["3.dat","315.log","315.xoutput"],"id":156,"resource":"1024","request_start":1576623887352,"request_end":1576623906243,"request_duration":18891,"type":"1024"}
{"start":1576623900234,"end":1576623906237,"duration":6003,"downloading_duration":1099,"execution_duration":4319,"uploading_duration":585,"executable":"ellipsoids-openmp","args":["3.dat","320.log","320.xoutput"],"id":161,"resource":"1024","request_start":1576623887354,"request_end":1576623906258,"request_duration":18904,"type":"1024"}
{"start":1576623900280,"end":1576623906266,"duration":5986,"downloading_duration":1032,"execution_duration":4328,"uploading_duration":626,"executable":"ellipsoids-openmp","args":["3.dat","324.log","324.xoutput"],"id":165,"resource":"1024","request_start":1576623887357,"request_end":1576623906288,"request_duration":18931,"type":"1024"}
{"start":1576623900293,"end":1576623906276,"duration":5983,"downloading_duration":992,"execution_duration":4360,"uploading_duration":631,"executable":"ellipsoids-openmp","args":["3.dat","326.log","326.xoutput"],"id":167,"resource":"1024","request_start":1576623887358,"request_end":1576623906300,"request_duration":18942,"type":"1024"}
{"start":1576623900508,"end":1576623906280,"duration":5772,"downloading_duration":1006,"execution_duration":4160,"uploading_duration":606,"executable":"ellipsoids-openmp","args":["1.dat","110.log","110.xoutput"],"id":61,"resource":"1024","request_start":1576623887386,"request_end":1576623906306,"request_duration":18920,"type":"1024"}
{"start":1576623900363,"end":1576623906282,"duration":5919,"downloading_duration":1015,"execution_duration":4301,"uploading_duration":603,"executable":"ellipsoids-openmp","args":["3.dat","336.log","336.xoutput"],"id":177,"resource":"1024","request_start":1576623887363,"request_end":1576623906309,"request_duration":18946,"type":"1024"}
{"start":1576623900331,"end":1576623906283,"duration":5952,"downloading_duration":1025,"execution_duration":4325,"uploading_duration":602,"executable":"ellipsoids-openmp","args":["3.dat","330.log","330.xoutput"],"id":171,"resource":"1024","request_start":1576623887360,"request_end":1576623906312,"request_duration":18952,"type":"1024"}
{"start":1576623900215,"end":1576623906287,"duration":6072,"downloading_duration":1009,"execution_duration":4481,"uploading_duration":582,"executable":"ellipsoids-openmp","args":["3.dat","318.log","318.xoutput"],"id":159,"resource":"1024","request_start":1576623887353,"request_end":1576623906317,"request_duration":18964,"type":"1024"}
{"start":1576623900300,"end":1576623906294,"duration":5994,"downloading_duration":1075,"execution_duration":4323,"uploading_duration":596,"executable":"ellipsoids-openmp","args":["3.dat","327.log","327.xoutput"],"id":168,"resource":"1024","request_start":1576623887358,"request_end":1576623906320,"request_duration":18962,"type":"1024"}
{"start":1576623900277,"end":1576623906323,"duration":6046,"downloading_duration":1010,"execution_duration":4409,"uploading_duration":627,"executable":"ellipsoids-openmp","args":["3.dat","322.log","322.xoutput"],"id":163,"resource":"1024","request_start":1576623887356,"request_end":1576623906346,"request_duration":18990,"type":"1024"}
{"start":1576623900350,"end":1576623906323,"duration":5973,"downloading_duration":1081,"execution_duration":4299,"uploading_duration":593,"executable":"ellipsoids-openmp","args":["3.dat","334.log","334.xoutput"],"id":175,"resource":"1024","request_start":1576623887362,"request_end":1576623906348,"request_duration":18986,"type":"1024"}
{"start":1576623900255,"end":1576623906332,"duration":6077,"downloading_duration":1082,"execution_duration":4427,"uploading_duration":568,"executable":"ellipsoids-openmp","args":["3.dat","321.log","321.xoutput"],"id":162,"resource":"1024","request_start":1576623887355,"request_end":1576623906356,"request_duration":19001,"type":"1024"}
{"start":1576623900137,"end":1576623906348,"duration":6211,"downloading_duration":1009,"execution_duration":4474,"uploading_duration":728,"executable":"ellipsoids-openmp","args":["3.dat","312.log","312.xoutput"],"id":153,"resource":"1024","request_start":1576623887350,"request_end":1576623906369,"request_duration":19019,"type":"1024"}
{"start":1576623900370,"end":1576623906346,"duration":5976,"downloading_duration":1005,"execution_duration":4319,"uploading_duration":652,"executable":"ellipsoids-openmp","args":["3.dat","337.log","337.xoutput"],"id":178,"resource":"1024","request_start":1576623887364,"request_end":1576623906373,"request_duration":19009,"type":"1024"}
{"start":1576623900356,"end":1576623906364,"duration":6008,"downloading_duration":1006,"execution_duration":4403,"uploading_duration":599,"executable":"ellipsoids-openmp","args":["3.dat","335.log","335.xoutput"],"id":176,"resource":"1024","request_start":1576623887363,"request_end":1576623906387,"request_duration":19024,"type":"1024"}
{"start":1576623900148,"end":1576623906367,"duration":6219,"downloading_duration":1241,"execution_duration":4265,"uploading_duration":713,"executable":"ellipsoids-openmp","args":["3.dat","314.log","314.xoutput"],"id":155,"resource":"1024","request_start":1576623887351,"request_end":1576623906390,"request_duration":19039,"type":"1024"}
{"start":1576623900413,"end":1576623906370,"duration":5957,"downloading_duration":1036,"execution_duration":4323,"uploading_duration":598,"executable":"ellipsoids-openmp","args":["3.dat","341.log","341.xoutput"],"id":182,"resource":"1024","request_start":1576623887366,"request_end":1576623906394,"request_duration":19028,"type":"1024"}
{"start":1576623900283,"end":1576623906357,"duration":6074,"downloading_duration":1028,"execution_duration":4331,"uploading_duration":715,"executable":"ellipsoids-openmp","args":["3.dat","325.log","325.xoutput"],"id":166,"resource":"1024","request_start":1576623887357,"request_end":1576623906398,"request_duration":19041,"type":"1024"}
{"start":1576623900388,"end":1576623906377,"duration":5989,"downloading_duration":1094,"execution_duration":4324,"uploading_duration":571,"executable":"ellipsoids-openmp","args":["3.dat","338.log","338.xoutput"],"id":179,"resource":"1024","request_start":1576623887364,"request_end":1576623906404,"request_duration":19040,"type":"1024"}
{"start":1576623900324,"end":1576623906377,"duration":6053,"downloading_duration":1005,"execution_duration":4288,"uploading_duration":760,"executable":"ellipsoids-openmp","args":["3.dat","329.log","329.xoutput"],"id":170,"resource":"1024","request_start":1576623887359,"request_end":1576623906406,"request_duration":19047,"type":"1024"}
{"start":1576623900418,"end":1576623906389,"duration":5971,"downloading_duration":1048,"execution_duration":4325,"uploading_duration":598,"executable":"ellipsoids-openmp","args":["3.dat","342.log","342.xoutput"],"id":183,"resource":"1024","request_start":1576623887366,"request_end":1576623906413,"request_duration":19047,"type":"1024"}
{"start":1576623900404,"end":1576623906408,"duration":6004,"downloading_duration":1087,"execution_duration":4345,"uploading_duration":572,"executable":"ellipsoids-openmp","args":["3.dat","340.log","340.xoutput"],"id":181,"resource":"1024","request_start":1576623887365,"request_end":1576623906429,"request_duration":19064,"type":"1024"}
{"start":1576623900486,"end":1576623906409,"duration":5923,"downloading_duration":1001,"execution_duration":4319,"uploading_duration":603,"executable":"ellipsoids-openmp","args":["1.dat","16.log","16.xoutput"],"id":57,"resource":"1024","request_start":1576623887384,"request_end":1576623906433,"request_duration":19049,"type":"1024"}
{"start":1576623900315,"end":1576623906409,"duration":6094,"downloading_duration":1119,"execution_duration":4343,"uploading_duration":632,"executable":"ellipsoids-openmp","args":["3.dat","328.log","328.xoutput"],"id":169,"resource":"1024","request_start":1576623887359,"request_end":1576623906434,"request_duration":19075,"type":"1024"}
{"start":1576623900466,"end":1576623906458,"duration":5992,"downloading_duration":1064,"execution_duration":4321,"uploading_duration":607,"executable":"ellipsoids-openmp","args":["1.dat","12.log","12.xoutput"],"id":53,"resource":"1024","request_start":1576623887382,"request_end":1576623906481,"request_duration":19099,"type":"1024"}
{"start":1576623900473,"end":1576623906461,"duration":5988,"downloading_duration":1033,"execution_duration":4344,"uploading_duration":611,"executable":"ellipsoids-openmp","args":["1.dat","14.log","14.xoutput"],"id":55,"resource":"1024","request_start":1576623887383,"request_end":1576623906484,"request_duration":19101,"type":"1024"}
{"start":1576623900336,"end":1576623906468,"duration":6132,"downloading_duration":1011,"execution_duration":4497,"uploading_duration":624,"executable":"ellipsoids-openmp","args":["3.dat","331.log","331.xoutput"],"id":172,"resource":"1024","request_start":1576623887360,"request_end":1576623906489,"request_duration":19129,"type":"1024"}
{"start":1576623900473,"end":1576623906483,"duration":6010,"downloading_duration":1014,"execution_duration":4356,"uploading_duration":640,"executable":"ellipsoids-openmp","args":["1.dat","13.log","13.xoutput"],"id":54,"resource":"1024","request_start":1576623887383,"request_end":1576623906505,"request_duration":19122,"type":"1024"}
{"start":1576623900480,"end":1576623906489,"duration":6009,"downloading_duration":1003,"execution_duration":4400,"uploading_duration":606,"executable":"ellipsoids-openmp","args":["1.dat","15.log","15.xoutput"],"id":56,"resource":"1024","request_start":1576623887384,"request_end":1576623906511,"request_duration":19127,"type":"1024"}
{"start":1576623900482,"end":1576623906491,"duration":6009,"downloading_duration":1000,"execution_duration":4329,"uploading_duration":680,"executable":"ellipsoids-openmp","args":["3.dat","344.log","344.xoutput"],"id":185,"resource":"1024","request_start":1576623887367,"request_end":1576623906514,"request_duration":19147,"type":"1024"}
{"start":1576623900506,"end":1576623906519,"duration":6013,"downloading_duration":1075,"execution_duration":4277,"uploading_duration":661,"executable":"ellipsoids-openmp","args":["1.dat","19.log","19.xoutput"],"id":60,"resource":"1024","request_start":1576623887386,"request_end":1576623906540,"request_duration":19154,"type":"1024"}
{"start":1576623900347,"end":1576623906570,"duration":6223,"downloading_duration":997,"execution_duration":4396,"uploading_duration":830,"executable":"ellipsoids-openmp","args":["3.dat","332.log","332.xoutput"],"id":173,"resource":"1024","request_start":1576623887361,"request_end":1576623906594,"request_duration":19233,"type":"1024"}
{"start":1576623900458,"end":1576623906594,"duration":6136,"downloading_duration":1175,"execution_duration":4307,"uploading_duration":654,"executable":"ellipsoids-openmp","args":["1.dat","11.log","11.xoutput"],"id":52,"resource":"1024","request_start":1576623887381,"request_end":1576623906615,"request_duration":19234,"type":"1024"}
{"start":1576623900401,"end":1576623906611,"duration":6210,"downloading_duration":1047,"execution_duration":4465,"uploading_duration":698,"executable":"ellipsoids-openmp","args":["3.dat","339.log","339.xoutput"],"id":180,"resource":"1024","request_start":1576623887365,"request_end":1576623906634,"request_duration":19269,"type":"1024"}
{"start":1576623900423,"end":1576623906626,"duration":6203,"downloading_duration":1078,"execution_duration":4453,"uploading_duration":672,"executable":"ellipsoids-openmp","args":["3.dat","343.log","343.xoutput"],"id":184,"resource":"1024","request_start":1576623887367,"request_end":1576623906651,"request_duration":19284,"type":"1024"}
{"start":1576623900636,"end":1576623906641,"duration":6005,"downloading_duration":1088,"execution_duration":4320,"uploading_duration":597,"executable":"ellipsoids-openmp","args":["1.dat","112.log","112.xoutput"],"id":63,"resource":"1024","request_start":1576623887387,"request_end":1576623906798,"request_duration":19411,"type":"1024"}
{"start":1576623900576,"end":1576623906724,"duration":6148,"downloading_duration":1020,"execution_duration":4438,"uploading_duration":690,"executable":"ellipsoids-openmp","args":["1.dat","111.log","111.xoutput"],"id":62,"resource":"1024","request_start":1576623887387,"request_end":1576623906807,"request_duration":19420,"type":"1024"}
{"start":1576623900493,"end":1576623906762,"duration":6269,"downloading_duration":1128,"execution_duration":4346,"uploading_duration":795,"executable":"ellipsoids-openmp","args":["1.dat","18.log","18.xoutput"],"id":59,"resource":"1024","request_start":1576623887385,"request_end":1576623906811,"request_duration":19426,"type":"1024"}
{"start":1576623900887,"end":1576623906963,"duration":6076,"downloading_duration":1097,"execution_duration":4379,"uploading_duration":600,"executable":"ellipsoids-openmp","args":["1.dat","113.log","113.xoutput"],"id":64,"resource":"1024","request_start":1576623887388,"request_end":1576623906985,"request_duration":19597,"type":"1024"}
{"start":1576623900455,"end":1576623907297,"duration":6842,"downloading_duration":1766,"execution_duration":4333,"uploading_duration":743,"executable":"ellipsoids-openmp","args":["1.dat","10.log","10.xoutput"],"id":51,"resource":"1024","request_start":1576623887381,"request_end":1576623907318,"request_duration":19937,"type":"1024"}
{"start":1576623900495,"end":1576623907621,"duration":7126,"downloading_duration":2023,"execution_duration":4503,"uploading_duration":600,"executable":"ellipsoids-openmp","args":["1.dat","17.log","17.xoutput"],"id":58,"resource":"1024","request_start":1576623887385,"request_end":1576623907646,"request_duration":20261,"type":"1024"}
{"start":1576623901553,"end":1576623907734,"duration":6181,"downloading_duration":1116,"execution_duration":4485,"uploading_duration":580,"executable":"ellipsoids-openmp","args":["1.dat","114.log","114.xoutput"],"id":65,"resource":"1024","request_start":1576623887388,"request_end":1576623907755,"request_duration":20367,"type":"1024"}
{"start":1576623906463,"end":1576623908103,"duration":1640,"downloading_duration":1223,"execution_duration":45,"uploading_duration":372,"executable":"mean-pack-ell","args":["00.xoutput","01.xoutput","02.xoutput","03.xoutput","04.xoutput","05.xoutput","06.xoutput","07.xoutput","08.xoutput","09.xoutput","010.xoutput","011.xoutput","012.xoutput","013.xoutput","014.xoutput","015.xoutput","016.xoutput","017.xoutput","018.xoutput","019.xoutput","020.xoutput","021.xoutput","022.xoutput","023.xoutput","024.xoutput","025.xoutput","026.xoutput","027.xoutput","028.xoutput","029.xoutput","030.xoutput","031.xoutput","032.xoutput","033.xoutput","034.xoutput","035.xoutput","036.xoutput","037.xoutput","038.xoutput","039.xoutput","040.xoutput","041.xoutput","042.xoutput","043.xoutput","044.xoutput","average_0.txt"],"id":186,"resource":"1024","request_start":1576623894891,"request_end":1576623908126,"request_duration":13235,"type":"1024"}
{"start":1576623906466,"end":1576623908460,"duration":1994,"downloading_duration":1606,"execution_duration":4,"uploading_duration":384,"executable":"mean-pack-ell","args":["20.xoutput","21.xoutput","22.xoutput","23.xoutput","24.xoutput","25.xoutput","26.xoutput","27.xoutput","28.xoutput","29.xoutput","210.xoutput","211.xoutput","212.xoutput","213.xoutput","214.xoutput","215.xoutput","216.xoutput","217.xoutput","218.xoutput","219.xoutput","220.xoutput","221.xoutput","222.xoutput","223.xoutput","224.xoutput","225.xoutput","226.xoutput","227.xoutput","228.xoutput","229.xoutput","230.xoutput","231.xoutput","232.xoutput","233.xoutput","234.xoutput","235.xoutput","236.xoutput","237.xoutput","238.xoutput","239.xoutput","240.xoutput","241.xoutput","242.xoutput","243.xoutput","244.xoutput","average_2.txt"],"id":188,"resource":"1024","request_start":1576623900576,"request_end":1576623908484,"request_duration":7908,"type":"1024"}
{"start":1576623906904,"end":1576623908465,"duration":1561,"downloading_duration":1177,"execution_duration":4,"uploading_duration":380,"executable":"mean-pack-ell","args":["30.xoutput","31.xoutput","32.xoutput","33.xoutput","34.xoutput","35.xoutput","36.xoutput","37.xoutput","38.xoutput","39.xoutput","310.xoutput","311.xoutput","312.xoutput","313.xoutput","314.xoutput","315.xoutput","316.xoutput","317.xoutput","318.xoutput","319.xoutput","320.xoutput","321.xoutput","322.xoutput","323.xoutput","324.xoutput","325.xoutput","326.xoutput","327.xoutput","328.xoutput","329.xoutput","330.xoutput","331.xoutput","332.xoutput","333.xoutput","334.xoutput","335.xoutput","336.xoutput","337.xoutput","338.xoutput","339.xoutput","340.xoutput","341.xoutput","342.xoutput","343.xoutput","344.xoutput","average_3.txt"],"id":189,"resource":"1024","request_start":1576623906669,"request_end":1576623908490,"request_duration":1821,"type":"1024"}
{"start":1576623905673,"end":1576623911663,"duration":5990,"downloading_duration":1002,"execution_duration":4353,"uploading_duration":635,"executable":"ellipsoids-openmp","args":["1.dat","116.log","116.xoutput"],"id":67,"resource":"1024","request_start":1576623887389,"request_end":1576623911684,"request_duration":24295,"type":"1024"}
{"start":1576623905611,"end":1576623911773,"duration":6162,"downloading_duration":1061,"execution_duration":4424,"uploading_duration":677,"executable":"ellipsoids-openmp","args":["1.dat","115.log","115.xoutput"],"id":66,"resource":"1024","request_start":1576623887389,"request_end":1576623911796,"request_duration":24407,"type":"1024"}
{"start":1576623906103,"end":1576623912035,"duration":5932,"downloading_duration":1025,"execution_duration":4343,"uploading_duration":564,"executable":"ellipsoids-openmp","args":["1.dat","118.log","118.xoutput"],"id":69,"resource":"1024","request_start":1576623887391,"request_end":1576623912055,"request_duration":24664,"type":"1024"}
{"start":1576623906104,"end":1576623912065,"duration":5961,"downloading_duration":985,"execution_duration":4343,"uploading_duration":633,"executable":"ellipsoids-openmp","args":["1.dat","117.log","117.xoutput"],"id":68,"resource":"1024","request_start":1576623887390,"request_end":1576623912088,"request_duration":24698,"type":"1024"}
{"start":1576623906266,"end":1576623912128,"duration":5862,"downloading_duration":997,"execution_duration":4242,"uploading_duration":623,"executable":"ellipsoids-openmp","args":["1.dat","122.log","122.xoutput"],"id":73,"resource":"1024","request_start":1576623887393,"request_end":1576623912148,"request_duration":24755,"type":"1024"}
{"start":1576623906350,"end":1576623912277,"duration":5927,"downloading_duration":1071,"execution_duration":4298,"uploading_duration":558,"executable":"ellipsoids-openmp","args":["1.dat","131.log","131.xoutput"],"id":82,"resource":"1024","request_start":1576623887398,"request_end":1576623912300,"request_duration":24902,"type":"1024"}
{"start":1576623906336,"end":1576623912299,"duration":5963,"downloading_duration":1004,"execution_duration":4400,"uploading_duration":559,"executable":"ellipsoids-openmp","args":["1.dat","129.log","129.xoutput"],"id":80,"resource":"1024","request_start":1576623887397,"request_end":1576623912320,"request_duration":24923,"type":"1024"}
{"start":1576623906191,"end":1576623912348,"duration":6157,"downloading_duration":1036,"execution_duration":4561,"uploading_duration":560,"executable":"ellipsoids-openmp","args":["1.dat","119.log","119.xoutput"],"id":70,"resource":"1024","request_start":1576623887392,"request_end":1576623912378,"request_duration":24986,"type":"1024"}
{"start":1576623906209,"end":1576623912375,"duration":6166,"downloading_duration":997,"execution_duration":4538,"uploading_duration":631,"executable":"ellipsoids-openmp","args":["1.dat","120.log","120.xoutput"],"id":71,"resource":"1024","request_start":1576623887392,"request_end":1576623912397,"request_duration":25005,"type":"1024"}
{"start":1576623906276,"end":1576623912381,"duration":6105,"downloading_duration":1051,"execution_duration":4416,"uploading_duration":638,"executable":"ellipsoids-openmp","args":["1.dat","123.log","123.xoutput"],"id":74,"resource":"1024","request_start":1576623887394,"request_end":1576623912405,"request_duration":25011,"type":"1024"}
{"start":1576623906392,"end":1576623912387,"duration":5995,"downloading_duration":991,"execution_duration":4418,"uploading_duration":586,"executable":"ellipsoids-openmp","args":["1.dat","135.log","135.xoutput"],"id":86,"resource":"1024","request_start":1576623887401,"request_end":1576623912408,"request_duration":25007,"type":"1024"}
{"start":1576623906336,"end":1576623912397,"duration":6061,"downloading_duration":1072,"execution_duration":4424,"uploading_duration":565,"executable":"ellipsoids-openmp","args":["1.dat","128.log","128.xoutput"],"id":79,"resource":"1024","request_start":1576623887397,"request_end":1576623912420,"request_duration":25023,"type":"1024"}
{"start":1576623906373,"end":1576623912426,"duration":6053,"downloading_duration":1030,"execution_duration":4364,"uploading_duration":659,"executable":"ellipsoids-openmp","args":["1.dat","132.log","132.xoutput"],"id":83,"resource":"1024","request_start":1576623887399,"request_end":1576623912450,"request_duration":25051,"type":"1024"}
{"start":1576623906384,"end":1576623912430,"duration":6046,"downloading_duration":1083,"execution_duration":4385,"uploading_duration":578,"executable":"ellipsoids-openmp","args":["1.dat","134.log","134.xoutput"],"id":85,"resource":"1024","request_start":1576623887400,"request_end":1576623912455,"request_duration":25055,"type":"1024"}
{"start":1576623906343,"end":1576623912436,"duration":6093,"downloading_duration":1120,"execution_duration":4381,"uploading_duration":592,"executable":"ellipsoids-openmp","args":["1.dat","130.log","130.xoutput"],"id":81,"resource":"1024","request_start":1576623887398,"request_end":1576623912460,"request_duration":25062,"type":"1024"}
{"start":1576623906263,"end":1576623912440,"duration":6177,"downloading_duration":1011,"execution_duration":4519,"uploading_duration":647,"executable":"ellipsoids-openmp","args":["1.dat","121.log","121.xoutput"],"id":72,"resource":"1024","request_start":1576623887393,"request_end":1576623912468,"request_duration":25075,"type":"1024"}
{"start":1576623906429,"end":1576623912474,"duration":6045,"downloading_duration":1068,"execution_duration":4393,"uploading_duration":584,"executable":"ellipsoids-openmp","args":["1.dat","141.log","141.xoutput"],"id":92,"resource":"1024","request_start":1576623887404,"request_end":1576623912499,"request_duration":25095,"type":"1024"}
{"start":1576623906328,"end":1576623912479,"duration":6151,"downloading_duration":1067,"execution_duration":4448,"uploading_duration":636,"executable":"ellipsoids-openmp","args":["1.dat","126.log","126.xoutput"],"id":77,"resource":"1024","request_start":1576623887396,"request_end":1576623912504,"request_duration":25108,"type":"1024"}
{"start":1576623906313,"end":1576623912490,"duration":6177,"downloading_duration":1033,"execution_duration":4487,"uploading_duration":657,"executable":"ellipsoids-openmp","args":["1.dat","125.log","125.xoutput"],"id":76,"resource":"1024","request_start":1576623887395,"request_end":1576623912526,"request_duration":25131,"type":"1024"}
{"start":1576623906330,"end":1576623912492,"duration":6162,"downloading_duration":1172,"execution_duration":4362,"uploading_duration":628,"executable":"ellipsoids-openmp","args":["1.dat","127.log","127.xoutput"],"id":78,"resource":"1024","request_start":1576623887396,"request_end":1576623912528,"request_duration":25132,"type":"1024"}
{"start":1576623906373,"end":1576623912500,"duration":6127,"downloading_duration":1078,"execution_duration":4478,"uploading_duration":571,"executable":"ellipsoids-openmp","args":["1.dat","133.log","133.xoutput"],"id":84,"resource":"1024","request_start":1576623887399,"request_end":1576623912533,"request_duration":25134,"type":"1024"}
{"start":1576623906427,"end":1576623912525,"duration":6098,"downloading_duration":1094,"execution_duration":4394,"uploading_duration":610,"executable":"ellipsoids-openmp","args":["1.dat","142.log","142.xoutput"],"id":93,"resource":"1024","request_start":1576623887405,"request_end":1576623912549,"request_duration":25144,"type":"1024"}
{"start":1576623906421,"end":1576623912551,"duration":6130,"downloading_duration":1133,"execution_duration":4439,"uploading_duration":558,"executable":"ellipsoids-openmp","args":["1.dat","138.log","138.xoutput"],"id":89,"resource":"1024","request_start":1576623887402,"request_end":1576623912580,"request_duration":25178,"type":"1024"}
{"start":1576623906411,"end":1576623912576,"duration":6165,"downloading_duration":1188,"execution_duration":4393,"uploading_duration":584,"executable":"ellipsoids-openmp","args":["1.dat","137.log","137.xoutput"],"id":88,"resource":"1024","request_start":1576623887402,"request_end":1576623912722,"request_duration":25320,"type":"1024"}
{"start":1576623906453,"end":1576623912581,"duration":6128,"downloading_duration":1150,"execution_duration":4373,"uploading_duration":605,"executable":"ellipsoids-openmp","args":["1.dat","144.log","144.xoutput"],"id":95,"resource":"1024","request_start":1576623887406,"request_end":1576623912724,"request_duration":25318,"type":"1024"}
{"start":1576623906427,"end":1576623912597,"duration":6170,"downloading_duration":1005,"execution_duration":4568,"uploading_duration":597,"executable":"ellipsoids-openmp","args":["1.dat","140.log","140.xoutput"],"id":91,"resource":"1024","request_start":1576623887403,"request_end":1576623912727,"request_duration":25324,"type":"1024"}
{"start":1576623906422,"end":1576623912600,"duration":6178,"downloading_duration":1088,"execution_duration":4517,"uploading_duration":573,"executable":"ellipsoids-openmp","args":["1.dat","139.log","139.xoutput"],"id":90,"resource":"1024","request_start":1576623887403,"request_end":1576623912730,"request_duration":25327,"type":"1024"}
{"start":1576623906282,"end":1576623912605,"duration":6323,"downloading_duration":1109,"execution_duration":4597,"uploading_duration":617,"executable":"ellipsoids-openmp","args":["1.dat","124.log","124.xoutput"],"id":75,"resource":"1024","request_start":1576623887395,"request_end":1576623912733,"request_duration":25338,"type":"1024"}
{"start":1576623906438,"end":1576623912635,"duration":6197,"downloading_duration":1114,"execution_duration":4369,"uploading_duration":714,"executable":"ellipsoids-openmp","args":["1.dat","143.log","143.xoutput"],"id":94,"resource":"1024","request_start":1576623887405,"request_end":1576623912741,"request_duration":25336,"type":"1024"}
{"start":1576623906410,"end":1576623912794,"duration":6384,"downloading_duration":1048,"execution_duration":4712,"uploading_duration":624,"executable":"ellipsoids-openmp","args":["1.dat","136.log","136.xoutput"],"id":87,"resource":"1024","request_start":1576623887401,"request_end":1576623912815,"request_duration":25414,"type":"1024"}
{"start":1576623912945,"end":1576623914569,"duration":1624,"downloading_duration":1142,"execution_duration":3,"uploading_duration":479,"executable":"mean-pack-ell","args":["10.xoutput","11.xoutput","12.xoutput","13.xoutput","14.xoutput","15.xoutput","16.xoutput","17.xoutput","18.xoutput","19.xoutput","110.xoutput","111.xoutput","112.xoutput","113.xoutput","114.xoutput","115.xoutput","116.xoutput","117.xoutput","118.xoutput","119.xoutput","120.xoutput","121.xoutput","122.xoutput","123.xoutput","124.xoutput","125.xoutput","126.xoutput","127.xoutput","128.xoutput","129.xoutput","130.xoutput","131.xoutput","132.xoutput","133.xoutput","134.xoutput","135.xoutput","136.xoutput","137.xoutput","138.xoutput","139.xoutput","140.xoutput","141.xoutput","142.xoutput","143.xoutput","144.xoutput","average_1.txt"],"id":187,"resource":"1024","request_start":1576623912828,"request_end":1576623914614,"request_duration":1786,"type":"1024"}
{"start":1576623914727,"end":1576623915748,"duration":1021,"downloading_duration":395,"execution_duration":151,"uploading_duration":475,"executable":"summary.js","args":[],"id":190,"resource":"1024","request_start":1576623914617,"request_end":1576623915767,"request_duration":1150,"type":"1024"}
