{"start":1576624010819,"end":1576624011753,"duration":934,"downloading_duration":444,"execution_duration":99,"uploading_duration":391,"executable":"generateData.js","args":[],"id":1,"resource":"1024","request_start":1576624010678,"request_end":1576624011784,"request_duration":1106,"type":"1024"}
{"start":1576624011923,"end":1576624012830,"duration":907,"downloading_duration":377,"execution_duration":111,"uploading_duration":419,"executable":"createDat.js","args":["2.dat"],"id":4,"resource":"1024","request_start":1576624011807,"request_end":1576624012858,"request_duration":1051,"type":"1024"}
{"start":1576624011926,"end":1576624012842,"duration":916,"downloading_duration":374,"execution_duration":121,"uploading_duration":421,"executable":"createDat.js","args":["1.dat"],"id":3,"resource":"1024","request_start":1576624011803,"request_end":1576624012874,"request_duration":1071,"type":"1024"}
{"start":1576624011925,"end":1576624012920,"duration":995,"downloading_duration":413,"execution_duration":111,"uploading_duration":471,"executable":"createDat.js","args":["3.dat"],"id":5,"resource":"1024","request_start":1576624011810,"request_end":1576624012995,"request_duration":1185,"type":"1024"}
{"start":1576624011922,"end":1576624012987,"duration":1065,"downloading_duration":378,"execution_duration":102,"uploading_duration":585,"executable":"createDat.js","args":["0.dat"],"id":2,"resource":"1024","request_start":1576624011799,"request_end":1576624013057,"request_duration":1258,"type":"1024"}
{"start":1576624013086,"end":1576624019146,"duration":6060,"downloading_duration":985,"execution_duration":4482,"uploading_duration":593,"executable":"ellipsoids-openmp","args":["1.dat","14.log","14.xoutput"],"id":55,"resource":"1024","request_start":1576624013007,"request_end":1576624019168,"request_duration":6161,"type":"1024"}
{"start":1576624013338,"end":1576624019307,"duration":5969,"downloading_duration":1025,"execution_duration":4384,"uploading_duration":560,"executable":"ellipsoids-openmp","args":["2.dat","216.log","216.xoutput"],"id":112,"resource":"1024","request_start":1576624012914,"request_end":1576624019328,"request_duration":6414,"type":"1024"}
{"start":1576624013403,"end":1576624019318,"duration":5915,"downloading_duration":1001,"execution_duration":4285,"uploading_duration":629,"executable":"ellipsoids-openmp","args":["1.dat","13.log","13.xoutput"],"id":54,"resource":"1024","request_start":1576624013007,"request_end":1576624019344,"request_duration":6337,"type":"1024"}
{"start":1576624013343,"end":1576624019336,"duration":5993,"downloading_duration":1030,"execution_duration":4374,"uploading_duration":589,"executable":"ellipsoids-openmp","args":["2.dat","220.log","220.xoutput"],"id":116,"resource":"1024","request_start":1576624012918,"request_end":1576624019357,"request_duration":6439,"type":"1024"}
{"start":1576624013311,"end":1576624019351,"duration":6040,"downloading_duration":1008,"execution_duration":4440,"uploading_duration":592,"executable":"ellipsoids-openmp","args":["2.dat","24.log","24.xoutput"],"id":100,"resource":"1024","request_start":1576624012900,"request_end":1576624019374,"request_duration":6474,"type":"1024"}
{"start":1576624013354,"end":1576624019364,"duration":6010,"downloading_duration":990,"execution_duration":4434,"uploading_duration":586,"executable":"ellipsoids-openmp","args":["2.dat","232.log","232.xoutput"],"id":128,"resource":"1024","request_start":1576624012932,"request_end":1576624019384,"request_duration":6452,"type":"1024"}
{"start":1576624013399,"end":1576624019369,"duration":5970,"downloading_duration":1084,"execution_duration":4292,"uploading_duration":594,"executable":"ellipsoids-openmp","args":["1.dat","10.log","10.xoutput"],"id":51,"resource":"1024","request_start":1576624013004,"request_end":1576624019390,"request_duration":6386,"type":"1024"}
{"start":1576624013354,"end":1576624019370,"duration":6016,"downloading_duration":989,"execution_duration":4436,"uploading_duration":591,"executable":"ellipsoids-openmp","args":["2.dat","228.log","228.xoutput"],"id":124,"resource":"1024","request_start":1576624012928,"request_end":1576624019395,"request_duration":6467,"type":"1024"}
{"start":1576624013354,"end":1576624019375,"duration":6021,"downloading_duration":978,"execution_duration":4457,"uploading_duration":586,"executable":"ellipsoids-openmp","args":["2.dat","230.log","230.xoutput"],"id":126,"resource":"1024","request_start":1576624012930,"request_end":1576624019398,"request_duration":6468,"type":"1024"}
{"start":1576624013371,"end":1576624019417,"duration":6046,"downloading_duration":994,"execution_duration":4483,"uploading_duration":569,"executable":"ellipsoids-openmp","args":["2.dat","20.log","20.xoutput"],"id":96,"resource":"1024","request_start":1576624012945,"request_end":1576624019437,"request_duration":6492,"type":"1024"}
{"start":1576624013359,"end":1576624019420,"duration":6061,"downloading_duration":1029,"execution_duration":4452,"uploading_duration":580,"executable":"ellipsoids-openmp","args":["2.dat","233.log","233.xoutput"],"id":129,"resource":"1024","request_start":1576624012932,"request_end":1576624019443,"request_duration":6511,"type":"1024"}
{"start":1576624013354,"end":1576624019455,"duration":6101,"downloading_duration":999,"execution_duration":4479,"uploading_duration":623,"executable":"ellipsoids-openmp","args":["2.dat","231.log","231.xoutput"],"id":127,"resource":"1024","request_start":1576624012931,"request_end":1576624019477,"request_duration":6546,"type":"1024"}
{"start":1576624013372,"end":1576624019461,"duration":6089,"downloading_duration":1081,"execution_duration":4447,"uploading_duration":561,"executable":"ellipsoids-openmp","args":["2.dat","242.log","242.xoutput"],"id":138,"resource":"1024","request_start":1576624012942,"request_end":1576624019484,"request_duration":6542,"type":"1024"}
{"start":1576624013346,"end":1576624019465,"duration":6119,"downloading_duration":1082,"execution_duration":4475,"uploading_duration":562,"executable":"ellipsoids-openmp","args":["2.dat","226.log","226.xoutput"],"id":122,"resource":"1024","request_start":1576624012924,"request_end":1576624019488,"request_duration":6564,"type":"1024"}
{"start":1576624013377,"end":1576624019475,"duration":6098,"downloading_duration":1004,"execution_duration":4503,"uploading_duration":591,"executable":"ellipsoids-openmp","args":["2.dat","244.log","244.xoutput"],"id":140,"resource":"1024","request_start":1576624012944,"request_end":1576624019497,"request_duration":6553,"type":"1024"}
{"start":1576624013332,"end":1576624019483,"duration":6151,"downloading_duration":1150,"execution_duration":4430,"uploading_duration":571,"executable":"ellipsoids-openmp","args":["2.dat","215.log","215.xoutput"],"id":111,"resource":"1024","request_start":1576624012913,"request_end":1576624019504,"request_duration":6591,"type":"1024"}
{"start":1576624013330,"end":1576624019487,"duration":6157,"downloading_duration":1103,"execution_duration":4425,"uploading_duration":629,"executable":"ellipsoids-openmp","args":["2.dat","218.log","218.xoutput"],"id":114,"resource":"1024","request_start":1576624012916,"request_end":1576624019517,"request_duration":6601,"type":"1024"}
{"start":1576624013319,"end":1576624019508,"duration":6189,"downloading_duration":1029,"execution_duration":4526,"uploading_duration":634,"executable":"ellipsoids-openmp","args":["2.dat","211.log","211.xoutput"],"id":107,"resource":"1024","request_start":1576624012909,"request_end":1576624019528,"request_duration":6619,"type":"1024"}
{"start":1576624013413,"end":1576624019511,"duration":6098,"downloading_duration":1036,"execution_duration":4495,"uploading_duration":567,"executable":"ellipsoids-openmp","args":["1.dat","11.log","11.xoutput"],"id":52,"resource":"1024","request_start":1576624013005,"request_end":1576624019531,"request_duration":6526,"type":"1024"}
{"start":1576624013364,"end":1576624019513,"duration":6149,"downloading_duration":1123,"execution_duration":4443,"uploading_duration":583,"executable":"ellipsoids-openmp","args":["2.dat","235.log","235.xoutput"],"id":131,"resource":"1024","request_start":1576624012934,"request_end":1576624019548,"request_duration":6614,"type":"1024"}
{"start":1576624013346,"end":1576624019521,"duration":6175,"downloading_duration":1088,"execution_duration":4454,"uploading_duration":633,"executable":"ellipsoids-openmp","args":["2.dat","223.log","223.xoutput"],"id":119,"resource":"1024","request_start":1576624012921,"request_end":1576624019551,"request_duration":6630,"type":"1024"}
{"start":1576624013308,"end":1576624019527,"duration":6219,"downloading_duration":1004,"execution_duration":4622,"uploading_duration":593,"executable":"ellipsoids-openmp","args":["2.dat","25.log","25.xoutput"],"id":101,"resource":"1024","request_start":1576624012902,"request_end":1576624019553,"request_duration":6651,"type":"1024"}
{"start":1576624013319,"end":1576624019532,"duration":6213,"downloading_duration":987,"execution_duration":4638,"uploading_duration":588,"executable":"ellipsoids-openmp","args":["2.dat","212.log","212.xoutput"],"id":108,"resource":"1024","request_start":1576624012910,"request_end":1576624019561,"request_duration":6651,"type":"1024"}
{"start":1576624013322,"end":1576624019534,"duration":6212,"downloading_duration":1152,"execution_duration":4482,"uploading_duration":578,"executable":"ellipsoids-openmp","args":["2.dat","214.log","214.xoutput"],"id":110,"resource":"1024","request_start":1576624012912,"request_end":1576624019562,"request_duration":6650,"type":"1024"}
{"start":1576624013350,"end":1576624019543,"duration":6193,"downloading_duration":1068,"execution_duration":4558,"uploading_duration":567,"executable":"ellipsoids-openmp","args":["2.dat","225.log","225.xoutput"],"id":121,"resource":"1024","request_start":1576624012923,"request_end":1576624019571,"request_duration":6648,"type":"1024"}
{"start":1576624013344,"end":1576624019545,"duration":6201,"downloading_duration":1000,"execution_duration":4618,"uploading_duration":583,"executable":"ellipsoids-openmp","args":["2.dat","222.log","222.xoutput"],"id":118,"resource":"1024","request_start":1576624012920,"request_end":1576624019575,"request_duration":6655,"type":"1024"}
{"start":1576624013377,"end":1576624019557,"duration":6180,"downloading_duration":1012,"execution_duration":4564,"uploading_duration":604,"executable":"ellipsoids-openmp","args":["2.dat","23.log","23.xoutput"],"id":99,"resource":"1024","request_start":1576624012947,"request_end":1576624019581,"request_duration":6634,"type":"1024"}
{"start":1576624013355,"end":1576624019561,"duration":6206,"downloading_duration":988,"execution_duration":4599,"uploading_duration":619,"executable":"ellipsoids-openmp","args":["2.dat","229.log","229.xoutput"],"id":125,"resource":"1024","request_start":1576624012929,"request_end":1576624019583,"request_duration":6654,"type":"1024"}
{"start":1576624013333,"end":1576624019564,"duration":6231,"downloading_duration":990,"execution_duration":4600,"uploading_duration":641,"executable":"ellipsoids-openmp","args":["2.dat","217.log","217.xoutput"],"id":113,"resource":"1024","request_start":1576624012915,"request_end":1576624019585,"request_duration":6670,"type":"1024"}
{"start":1576624013350,"end":1576624019564,"duration":6214,"downloading_duration":1000,"execution_duration":4590,"uploading_duration":624,"executable":"ellipsoids-openmp","args":["2.dat","227.log","227.xoutput"],"id":123,"resource":"1024","request_start":1576624012927,"request_end":1576624019591,"request_duration":6664,"type":"1024"}
{"start":1576624013319,"end":1576624019575,"duration":6256,"downloading_duration":1006,"execution_duration":4604,"uploading_duration":646,"executable":"ellipsoids-openmp","args":["2.dat","210.log","210.xoutput"],"id":106,"resource":"1024","request_start":1576624012908,"request_end":1576624019598,"request_duration":6690,"type":"1024"}
{"start":1576624013405,"end":1576624019580,"duration":6175,"downloading_duration":993,"execution_duration":4356,"uploading_duration":826,"executable":"ellipsoids-openmp","args":["1.dat","12.log","12.xoutput"],"id":53,"resource":"1024","request_start":1576624013006,"request_end":1576624019603,"request_duration":6597,"type":"1024"}
{"start":1576624013324,"end":1576624019584,"duration":6260,"downloading_duration":1086,"execution_duration":4600,"uploading_duration":574,"executable":"ellipsoids-openmp","args":["2.dat","213.log","213.xoutput"],"id":109,"resource":"1024","request_start":1576624012911,"request_end":1576624019608,"request_duration":6697,"type":"1024"}
{"start":1576624013313,"end":1576624019590,"duration":6277,"downloading_duration":1028,"execution_duration":4615,"uploading_duration":634,"executable":"ellipsoids-openmp","args":["2.dat","27.log","27.xoutput"],"id":103,"resource":"1024","request_start":1576624012904,"request_end":1576624019611,"request_duration":6707,"type":"1024"}
{"start":1576624013376,"end":1576624019590,"duration":6214,"downloading_duration":1000,"execution_duration":4638,"uploading_duration":576,"executable":"ellipsoids-openmp","args":["2.dat","21.log","21.xoutput"],"id":97,"resource":"1024","request_start":1576624012945,"request_end":1576624019613,"request_duration":6668,"type":"1024"}
{"start":1576624013363,"end":1576624019592,"duration":6229,"downloading_duration":991,"execution_duration":4639,"uploading_duration":599,"executable":"ellipsoids-openmp","args":["2.dat","238.log","238.xoutput"],"id":134,"resource":"1024","request_start":1576624012937,"request_end":1576624019619,"request_duration":6682,"type":"1024"}
{"start":1576624013358,"end":1576624019599,"duration":6241,"downloading_duration":1022,"execution_duration":4567,"uploading_duration":652,"executable":"ellipsoids-openmp","args":["2.dat","234.log","234.xoutput"],"id":130,"resource":"1024","request_start":1576624012933,"request_end":1576624019623,"request_duration":6690,"type":"1024"}
{"start":1576624013361,"end":1576624019625,"duration":6264,"downloading_duration":1013,"execution_duration":4641,"uploading_duration":610,"executable":"ellipsoids-openmp","args":["2.dat","237.log","237.xoutput"],"id":133,"resource":"1024","request_start":1576624012936,"request_end":1576624019650,"request_duration":6714,"type":"1024"}
{"start":1576624013335,"end":1576624019644,"duration":6309,"downloading_duration":1101,"execution_duration":4545,"uploading_duration":663,"executable":"ellipsoids-openmp","args":["2.dat","219.log","219.xoutput"],"id":115,"resource":"1024","request_start":1576624012917,"request_end":1576624019667,"request_duration":6750,"type":"1024"}
{"start":1576624013316,"end":1576624019668,"duration":6352,"downloading_duration":1073,"execution_duration":4665,"uploading_duration":614,"executable":"ellipsoids-openmp","args":["2.dat","26.log","26.xoutput"],"id":102,"resource":"1024","request_start":1576624012903,"request_end":1576624019690,"request_duration":6787,"type":"1024"}
{"start":1576624013334,"end":1576624019671,"duration":6337,"downloading_duration":1196,"execution_duration":4523,"uploading_duration":618,"executable":"ellipsoids-openmp","args":["2.dat","28.log","28.xoutput"],"id":104,"resource":"1024","request_start":1576624012906,"request_end":1576624019692,"request_duration":6786,"type":"1024"}
{"start":1576624013343,"end":1576624019677,"duration":6334,"downloading_duration":1068,"execution_duration":4578,"uploading_duration":688,"executable":"ellipsoids-openmp","args":["2.dat","224.log","224.xoutput"],"id":120,"resource":"1024","request_start":1576624012922,"request_end":1576624019700,"request_duration":6778,"type":"1024"}
{"start":1576624013369,"end":1576624019682,"duration":6313,"downloading_duration":992,"execution_duration":4635,"uploading_duration":686,"executable":"ellipsoids-openmp","args":["2.dat","243.log","243.xoutput"],"id":139,"resource":"1024","request_start":1576624012943,"request_end":1576624019704,"request_duration":6761,"type":"1024"}
{"start":1576624013377,"end":1576624019689,"duration":6312,"downloading_duration":1072,"execution_duration":4685,"uploading_duration":555,"executable":"ellipsoids-openmp","args":["2.dat","22.log","22.xoutput"],"id":98,"resource":"1024","request_start":1576624012946,"request_end":1576624019713,"request_duration":6767,"type":"1024"}
{"start":1576624013369,"end":1576624019692,"duration":6323,"downloading_duration":1019,"execution_duration":4635,"uploading_duration":669,"executable":"ellipsoids-openmp","args":["2.dat","240.log","240.xoutput"],"id":136,"resource":"1024","request_start":1576624012940,"request_end":1576624019716,"request_duration":6776,"type":"1024"}
{"start":1576624013368,"end":1576624019712,"duration":6344,"downloading_duration":1075,"execution_duration":4621,"uploading_duration":648,"executable":"ellipsoids-openmp","args":["2.dat","241.log","241.xoutput"],"id":137,"resource":"1024","request_start":1576624012940,"request_end":1576624019734,"request_duration":6794,"type":"1024"}
{"start":1576624013339,"end":1576624019729,"duration":6390,"downloading_duration":1121,"execution_duration":4584,"uploading_duration":685,"executable":"ellipsoids-openmp","args":["2.dat","221.log","221.xoutput"],"id":117,"resource":"1024","request_start":1576624012919,"request_end":1576624019751,"request_duration":6832,"type":"1024"}
{"start":1576624013364,"end":1576624019744,"duration":6380,"downloading_duration":1077,"execution_duration":4644,"uploading_duration":659,"executable":"ellipsoids-openmp","args":["2.dat","236.log","236.xoutput"],"id":132,"resource":"1024","request_start":1576624012935,"request_end":1576624019764,"request_duration":6829,"type":"1024"}
{"start":1576624013324,"end":1576624019748,"duration":6424,"downloading_duration":1039,"execution_duration":4644,"uploading_duration":741,"executable":"ellipsoids-openmp","args":["2.dat","29.log","29.xoutput"],"id":105,"resource":"1024","request_start":1576624012907,"request_end":1576624019773,"request_duration":6866,"type":"1024"}
{"start":1576624013371,"end":1576624020073,"duration":6702,"downloading_duration":1493,"execution_duration":4625,"uploading_duration":584,"executable":"ellipsoids-openmp","args":["2.dat","239.log","239.xoutput"],"id":135,"resource":"1024","request_start":1576624012939,"request_end":1576624020094,"request_duration":7155,"type":"1024"}
{"start":1576624019196,"end":1576624025114,"duration":5918,"downloading_duration":992,"execution_duration":4347,"uploading_duration":579,"executable":"ellipsoids-openmp","args":["1.dat","15.log","15.xoutput"],"id":56,"resource":"1024","request_start":1576624013008,"request_end":1576624025138,"request_duration":12130,"type":"1024"}
{"start":1576624019368,"end":1576624025239,"duration":5871,"downloading_duration":1031,"execution_duration":4278,"uploading_duration":562,"executable":"ellipsoids-openmp","args":["1.dat","17.log","17.xoutput"],"id":58,"resource":"1024","request_start":1576624013009,"request_end":1576624025261,"request_duration":12252,"type":"1024"}
{"start":1576624019356,"end":1576624025244,"duration":5888,"downloading_duration":1159,"execution_duration":4139,"uploading_duration":590,"executable":"ellipsoids-openmp","args":["1.dat","16.log","16.xoutput"],"id":57,"resource":"1024","request_start":1576624013009,"request_end":1576624025269,"request_duration":12260,"type":"1024"}
{"start":1576624019389,"end":1576624025263,"duration":5874,"downloading_duration":1025,"execution_duration":4295,"uploading_duration":554,"executable":"ellipsoids-openmp","args":["1.dat","18.log","18.xoutput"],"id":59,"resource":"1024","request_start":1576624013010,"request_end":1576624025285,"request_duration":12275,"type":"1024"}
{"start":1576624019408,"end":1576624025282,"duration":5874,"downloading_duration":986,"execution_duration":4285,"uploading_duration":603,"executable":"ellipsoids-openmp","args":["1.dat","110.log","110.xoutput"],"id":61,"resource":"1024","request_start":1576624013011,"request_end":1576624025303,"request_duration":12292,"type":"1024"}
{"start":1576624019424,"end":1576624025284,"duration":5860,"downloading_duration":1061,"execution_duration":4204,"uploading_duration":595,"executable":"ellipsoids-openmp","args":["1.dat","112.log","112.xoutput"],"id":63,"resource":"1024","request_start":1576624013012,"request_end":1576624025308,"request_duration":12296,"type":"1024"}
{"start":1576624019400,"end":1576624025303,"duration":5903,"downloading_duration":1019,"execution_duration":4261,"uploading_duration":623,"executable":"ellipsoids-openmp","args":["1.dat","19.log","19.xoutput"],"id":60,"resource":"1024","request_start":1576624013010,"request_end":1576624025324,"request_duration":12314,"type":"1024"}
{"start":1576624019416,"end":1576624025347,"duration":5931,"downloading_duration":1071,"execution_duration":4273,"uploading_duration":587,"executable":"ellipsoids-openmp","args":["1.dat","111.log","111.xoutput"],"id":62,"resource":"1024","request_start":1576624013011,"request_end":1576624025369,"request_duration":12358,"type":"1024"}
{"start":1576624019580,"end":1576624025364,"duration":5784,"downloading_duration":1033,"execution_duration":4170,"uploading_duration":581,"executable":"ellipsoids-openmp","args":["1.dat","125.log","125.xoutput"],"id":76,"resource":"1024","request_start":1576624013019,"request_end":1576624025386,"request_duration":12367,"type":"1024"}
{"start":1576624019540,"end":1576624025370,"duration":5830,"downloading_duration":1007,"execution_duration":4225,"uploading_duration":598,"executable":"ellipsoids-openmp","args":["1.dat","121.log","121.xoutput"],"id":72,"resource":"1024","request_start":1576624013017,"request_end":1576624025391,"request_duration":12374,"type":"1024"}
{"start":1576624019639,"end":1576624025372,"duration":5733,"downloading_duration":1084,"execution_duration":4070,"uploading_duration":579,"executable":"ellipsoids-openmp","args":["1.dat","138.log","138.xoutput"],"id":89,"resource":"1024","request_start":1576624013027,"request_end":1576624025394,"request_duration":12367,"type":"1024"}
{"start":1576624019599,"end":1576624025381,"duration":5782,"downloading_duration":991,"execution_duration":4177,"uploading_duration":614,"executable":"ellipsoids-openmp","args":["1.dat","130.log","130.xoutput"],"id":81,"resource":"1024","request_start":1576624013023,"request_end":1576624025404,"request_duration":12381,"type":"1024"}
{"start":1576624019504,"end":1576624025394,"duration":5890,"downloading_duration":994,"execution_duration":4276,"uploading_duration":620,"executable":"ellipsoids-openmp","args":["1.dat","116.log","116.xoutput"],"id":67,"resource":"1024","request_start":1576624013014,"request_end":1576624025417,"request_duration":12403,"type":"1024"}
{"start":1576624019513,"end":1576624025407,"duration":5894,"downloading_duration":1072,"execution_duration":4186,"uploading_duration":636,"executable":"ellipsoids-openmp","args":["1.dat","118.log","118.xoutput"],"id":69,"resource":"1024","request_start":1576624013015,"request_end":1576624025427,"request_duration":12412,"type":"1024"}
{"start":1576624019460,"end":1576624025416,"duration":5956,"downloading_duration":1036,"execution_duration":4316,"uploading_duration":604,"executable":"ellipsoids-openmp","args":["1.dat","114.log","114.xoutput"],"id":65,"resource":"1024","request_start":1576624013013,"request_end":1576624025440,"request_duration":12427,"type":"1024"}
{"start":1576624019579,"end":1576624025429,"duration":5850,"downloading_duration":996,"execution_duration":4272,"uploading_duration":582,"executable":"ellipsoids-openmp","args":["1.dat","126.log","126.xoutput"],"id":77,"resource":"1024","request_start":1576624013020,"request_end":1576624025449,"request_duration":12429,"type":"1024"}
{"start":1576624019588,"end":1576624025447,"duration":5859,"downloading_duration":1012,"execution_duration":4254,"uploading_duration":593,"executable":"ellipsoids-openmp","args":["1.dat","128.log","128.xoutput"],"id":79,"resource":"1024","request_start":1576624013021,"request_end":1576624025466,"request_duration":12445,"type":"1024"}
{"start":1576624019608,"end":1576624025477,"duration":5869,"downloading_duration":992,"execution_duration":4281,"uploading_duration":596,"executable":"ellipsoids-openmp","args":["1.dat","131.log","131.xoutput"],"id":82,"resource":"1024","request_start":1576624013023,"request_end":1576624025496,"request_duration":12473,"type":"1024"}
{"start":1576624019713,"end":1576624025479,"duration":5766,"downloading_duration":1005,"execution_duration":4184,"uploading_duration":577,"executable":"ellipsoids-openmp","args":["1.dat","144.log","144.xoutput"],"id":95,"resource":"1024","request_start":1576624013030,"request_end":1576624025498,"request_duration":12468,"type":"1024"}
{"start":1576624019736,"end":1576624025498,"duration":5762,"downloading_duration":993,"execution_duration":4156,"uploading_duration":613,"executable":"ellipsoids-openmp","args":["3.dat","31.log","31.xoutput"],"id":142,"resource":"1024","request_start":1576624013082,"request_end":1576624025524,"request_duration":12442,"type":"1024"}
{"start":1576624019551,"end":1576624025504,"duration":5953,"downloading_duration":1013,"execution_duration":4320,"uploading_duration":620,"executable":"ellipsoids-openmp","args":["1.dat","122.log","122.xoutput"],"id":73,"resource":"1024","request_start":1576624013018,"request_end":1576624025531,"request_duration":12513,"type":"1024"}
{"start":1576624019613,"end":1576624025541,"duration":5928,"downloading_duration":989,"execution_duration":4362,"uploading_duration":577,"executable":"ellipsoids-openmp","args":["1.dat","133.log","133.xoutput"],"id":84,"resource":"1024","request_start":1576624013024,"request_end":1576624025565,"request_duration":12541,"type":"1024"}
{"start":1576624019592,"end":1576624025551,"duration":5959,"downloading_duration":1071,"execution_duration":4288,"uploading_duration":600,"executable":"ellipsoids-openmp","args":["1.dat","129.log","129.xoutput"],"id":80,"resource":"1024","request_start":1576624013022,"request_end":1576624025571,"request_duration":12549,"type":"1024"}
{"start":1576624019720,"end":1576624025555,"duration":5835,"downloading_duration":1077,"execution_duration":4167,"uploading_duration":591,"executable":"ellipsoids-openmp","args":["3.dat","30.log","30.xoutput"],"id":141,"resource":"1024","request_start":1576624013081,"request_end":1576624025579,"request_duration":12498,"type":"1024"}
{"start":1576624019640,"end":1576624025565,"duration":5925,"downloading_duration":1030,"execution_duration":4327,"uploading_duration":568,"executable":"ellipsoids-openmp","args":["1.dat","139.log","139.xoutput"],"id":90,"resource":"1024","request_start":1576624013028,"request_end":1576624025587,"request_duration":12559,"type":"1024"}
{"start":1576624019624,"end":1576624025594,"duration":5970,"downloading_duration":990,"execution_duration":4373,"uploading_duration":607,"executable":"ellipsoids-openmp","args":["1.dat","134.log","134.xoutput"],"id":85,"resource":"1024","request_start":1576624013025,"request_end":1576624025613,"request_duration":12588,"type":"1024"}
{"start":1576624019648,"end":1576624025595,"duration":5947,"downloading_duration":1074,"execution_duration":4297,"uploading_duration":576,"executable":"ellipsoids-openmp","args":["1.dat","141.log","141.xoutput"],"id":92,"resource":"1024","request_start":1576624013029,"request_end":1576624025618,"request_duration":12589,"type":"1024"}
{"start":1576624019628,"end":1576624025613,"duration":5985,"downloading_duration":1033,"execution_duration":4369,"uploading_duration":583,"executable":"ellipsoids-openmp","args":["1.dat","135.log","135.xoutput"],"id":86,"resource":"1024","request_start":1576624013026,"request_end":1576624025633,"request_duration":12607,"type":"1024"}
{"start":1576624019588,"end":1576624025620,"duration":6032,"downloading_duration":1094,"execution_duration":4336,"uploading_duration":602,"executable":"ellipsoids-openmp","args":["1.dat","127.log","127.xoutput"],"id":78,"resource":"1024","request_start":1576624013021,"request_end":1576624025640,"request_duration":12619,"type":"1024"}
{"start":1576624019691,"end":1576624025634,"duration":5943,"downloading_duration":1027,"execution_duration":4341,"uploading_duration":575,"executable":"ellipsoids-openmp","args":["1.dat","143.log","143.xoutput"],"id":94,"resource":"1024","request_start":1576624013030,"request_end":1576624025656,"request_duration":12626,"type":"1024"}
{"start":1576624019425,"end":1576624025634,"duration":6209,"downloading_duration":1219,"execution_duration":4384,"uploading_duration":606,"executable":"ellipsoids-openmp","args":["1.dat","113.log","113.xoutput"],"id":64,"resource":"1024","request_start":1576624013013,"request_end":1576624025657,"request_duration":12644,"type":"1024"}
{"start":1576624019633,"end":1576624025636,"duration":6003,"downloading_duration":1026,"execution_duration":4362,"uploading_duration":615,"executable":"ellipsoids-openmp","args":["1.dat","137.log","137.xoutput"],"id":88,"resource":"1024","request_start":1576624013027,"request_end":1576624025657,"request_duration":12630,"type":"1024"}
{"start":1576624019626,"end":1576624025652,"duration":6026,"downloading_duration":1076,"execution_duration":4365,"uploading_duration":585,"executable":"ellipsoids-openmp","args":["1.dat","136.log","136.xoutput"],"id":87,"resource":"1024","request_start":1576624013026,"request_end":1576624025672,"request_duration":12646,"type":"1024"}
{"start":1576624019577,"end":1576624025656,"duration":6079,"downloading_duration":988,"execution_duration":4451,"uploading_duration":640,"executable":"ellipsoids-openmp","args":["1.dat","124.log","124.xoutput"],"id":75,"resource":"1024","request_start":1576624013019,"request_end":1576624025683,"request_duration":12664,"type":"1024"}
{"start":1576624019465,"end":1576624025669,"duration":6204,"downloading_duration":996,"execution_duration":4421,"uploading_duration":787,"executable":"ellipsoids-openmp","args":["1.dat","115.log","115.xoutput"],"id":66,"resource":"1024","request_start":1576624013014,"request_end":1576624025693,"request_duration":12679,"type":"1024"}
{"start":1576624019778,"end":1576624025693,"duration":5915,"downloading_duration":988,"execution_duration":4347,"uploading_duration":580,"executable":"ellipsoids-openmp","args":["3.dat","36.log","36.xoutput"],"id":147,"resource":"1024","request_start":1576624013085,"request_end":1576624025712,"request_duration":12627,"type":"1024"}
{"start":1576624019556,"end":1576624025713,"duration":6157,"downloading_duration":1129,"execution_duration":4234,"uploading_duration":794,"executable":"ellipsoids-openmp","args":["1.dat","123.log","123.xoutput"],"id":74,"resource":"1024","request_start":1576624013018,"request_end":1576624025733,"request_duration":12715,"type":"1024"}
{"start":1576624019738,"end":1576624025718,"duration":5980,"downloading_duration":1035,"execution_duration":4321,"uploading_duration":624,"executable":"ellipsoids-openmp","args":["3.dat","32.log","32.xoutput"],"id":143,"resource":"1024","request_start":1576624013083,"request_end":1576624025739,"request_duration":12656,"type":"1024"}
{"start":1576624019756,"end":1576624025727,"duration":5971,"downloading_duration":1072,"execution_duration":4284,"uploading_duration":615,"executable":"ellipsoids-openmp","args":["3.dat","35.log","35.xoutput"],"id":146,"resource":"1024","request_start":1576624013084,"request_end":1576624025749,"request_duration":12665,"type":"1024"}
{"start":1576624019643,"end":1576624025746,"duration":6103,"downloading_duration":1147,"execution_duration":4314,"uploading_duration":642,"executable":"ellipsoids-openmp","args":["1.dat","140.log","140.xoutput"],"id":91,"resource":"1024","request_start":1576624013028,"request_end":1576624025770,"request_duration":12742,"type":"1024"}
{"start":1576624019524,"end":1576624025753,"duration":6229,"downloading_duration":1012,"execution_duration":4330,"uploading_duration":887,"executable":"ellipsoids-openmp","args":["1.dat","120.log","120.xoutput"],"id":71,"resource":"1024","request_start":1576624013016,"request_end":1576624025781,"request_duration":12765,"type":"1024"}
{"start":1576624019739,"end":1576624025770,"duration":6031,"downloading_duration":1098,"execution_duration":4338,"uploading_duration":595,"executable":"ellipsoids-openmp","args":["3.dat","33.log","33.xoutput"],"id":144,"resource":"1024","request_start":1576624013083,"request_end":1576624025795,"request_duration":12712,"type":"1024"}
{"start":1576624019615,"end":1576624025811,"duration":6196,"downloading_duration":1161,"execution_duration":4457,"uploading_duration":578,"executable":"ellipsoids-openmp","args":["1.dat","132.log","132.xoutput"],"id":83,"resource":"1024","request_start":1576624013024,"request_end":1576624025835,"request_duration":12811,"type":"1024"}
{"start":1576624019787,"end":1576624025833,"duration":6046,"downloading_duration":1004,"execution_duration":4432,"uploading_duration":610,"executable":"ellipsoids-openmp","args":["3.dat","37.log","37.xoutput"],"id":148,"resource":"1024","request_start":1576624013085,"request_end":1576624025855,"request_duration":12770,"type":"1024"}
{"start":1576624019674,"end":1576624025876,"duration":6202,"downloading_duration":983,"execution_duration":4503,"uploading_duration":716,"executable":"ellipsoids-openmp","args":["1.dat","142.log","142.xoutput"],"id":93,"resource":"1024","request_start":1576624013029,"request_end":1576624025897,"request_duration":12868,"type":"1024"}
{"start":1576624019798,"end":1576624025895,"duration":6097,"downloading_duration":1074,"execution_duration":4360,"uploading_duration":663,"executable":"ellipsoids-openmp","args":["3.dat","38.log","38.xoutput"],"id":149,"resource":"1024","request_start":1576624013086,"request_end":1576624025917,"request_duration":12831,"type":"1024"}
{"start":1576624019521,"end":1576624025997,"duration":6476,"downloading_duration":1105,"execution_duration":4447,"uploading_duration":924,"executable":"ellipsoids-openmp","args":["1.dat","119.log","119.xoutput"],"id":70,"resource":"1024","request_start":1576624013016,"request_end":1576624026018,"request_duration":13002,"type":"1024"}
{"start":1576624020120,"end":1576624026140,"duration":6020,"downloading_duration":1088,"execution_duration":4358,"uploading_duration":574,"executable":"ellipsoids-openmp","args":["3.dat","39.log","39.xoutput"],"id":150,"resource":"1024","request_start":1576624013086,"request_end":1576624026163,"request_duration":13077,"type":"1024"}
{"start":1576624019738,"end":1576624026257,"duration":6519,"downloading_duration":1614,"execution_duration":4313,"uploading_duration":592,"executable":"ellipsoids-openmp","args":["3.dat","34.log","34.xoutput"],"id":145,"resource":"1024","request_start":1576624013084,"request_end":1576624026277,"request_duration":13193,"type":"1024"}
{"start":1576624019507,"end":1576624026465,"duration":6958,"downloading_duration":2035,"execution_duration":4321,"uploading_duration":602,"executable":"ellipsoids-openmp","args":["1.dat","117.log","117.xoutput"],"id":68,"resource":"1024","request_start":1576624013015,"request_end":1576624026485,"request_duration":13470,"type":"1024"}
{"start":1576624025283,"end":1576624030984,"duration":5701,"downloading_duration":986,"execution_duration":4145,"uploading_duration":570,"executable":"ellipsoids-openmp","args":["3.dat","311.log","311.xoutput"],"id":152,"resource":"1024","request_start":1576624013087,"request_end":1576624031004,"request_duration":17917,"type":"1024"}
{"start":1576624025420,"end":1576624031027,"duration":5607,"downloading_duration":1034,"execution_duration":4000,"uploading_duration":573,"executable":"ellipsoids-openmp","args":["3.dat","318.log","318.xoutput"],"id":159,"resource":"1024","request_start":1576624013091,"request_end":1576624031047,"request_duration":17956,"type":"1024"}
{"start":1576624025335,"end":1576624031073,"duration":5738,"downloading_duration":1084,"execution_duration":4051,"uploading_duration":603,"executable":"ellipsoids-openmp","args":["3.dat","315.log","315.xoutput"],"id":156,"resource":"1024","request_start":1576624013089,"request_end":1576624031094,"request_duration":18005,"type":"1024"}
{"start":1576624025164,"end":1576624031127,"duration":5963,"downloading_duration":1018,"execution_duration":4351,"uploading_duration":594,"executable":"ellipsoids-openmp","args":["3.dat","310.log","310.xoutput"],"id":151,"resource":"1024","request_start":1576624013087,"request_end":1576624031149,"request_duration":18062,"type":"1024"}
{"start":1576624025434,"end":1576624031137,"duration":5703,"downloading_duration":1073,"execution_duration":4062,"uploading_duration":568,"executable":"ellipsoids-openmp","args":["3.dat","321.log","321.xoutput"],"id":162,"resource":"1024","request_start":1576624013092,"request_end":1576624031157,"request_duration":18065,"type":"1024"}
{"start":1576624025293,"end":1576624031143,"duration":5850,"downloading_duration":1078,"execution_duration":4212,"uploading_duration":560,"executable":"ellipsoids-openmp","args":["3.dat","312.log","312.xoutput"],"id":153,"resource":"1024","request_start":1576624013088,"request_end":1576624031164,"request_duration":18076,"type":"1024"}
{"start":1576624025311,"end":1576624031157,"duration":5846,"downloading_duration":986,"execution_duration":4265,"uploading_duration":595,"executable":"ellipsoids-openmp","args":["3.dat","313.log","313.xoutput"],"id":154,"resource":"1024","request_start":1576624013088,"request_end":1576624031177,"request_duration":18089,"type":"1024"}
{"start":1576624025441,"end":1576624031202,"duration":5761,"downloading_duration":1006,"execution_duration":4196,"uploading_duration":559,"executable":"ellipsoids-openmp","args":["3.dat","322.log","322.xoutput"],"id":163,"resource":"1024","request_start":1576624013093,"request_end":1576624031224,"request_duration":18131,"type":"1024"}
{"start":1576624025468,"end":1576624031209,"duration":5741,"downloading_duration":1005,"execution_duration":4125,"uploading_duration":611,"executable":"ellipsoids-openmp","args":["3.dat","324.log","324.xoutput"],"id":165,"resource":"1024","request_start":1576624013094,"request_end":1576624031233,"request_duration":18139,"type":"1024"}
{"start":1576624025427,"end":1576624031227,"duration":5800,"downloading_duration":999,"execution_duration":4182,"uploading_duration":619,"executable":"ellipsoids-openmp","args":["3.dat","319.log","319.xoutput"],"id":160,"resource":"1024","request_start":1576624013091,"request_end":1576624031248,"request_duration":18157,"type":"1024"}
{"start":1576624025328,"end":1576624031240,"duration":5912,"downloading_duration":1002,"execution_duration":4344,"uploading_duration":566,"executable":"ellipsoids-openmp","args":["3.dat","314.log","314.xoutput"],"id":155,"resource":"1024","request_start":1576624013089,"request_end":1576624031265,"request_duration":18176,"type":"1024"}
{"start":1576624025451,"end":1576624031240,"duration":5789,"downloading_duration":989,"execution_duration":4199,"uploading_duration":601,"executable":"ellipsoids-openmp","args":["3.dat","323.log","323.xoutput"],"id":164,"resource":"1024","request_start":1576624013093,"request_end":1576624031267,"request_duration":18174,"type":"1024"}
{"start":1576624025423,"end":1576624031254,"duration":5831,"downloading_duration":1102,"execution_duration":4148,"uploading_duration":581,"executable":"ellipsoids-openmp","args":["3.dat","320.log","320.xoutput"],"id":161,"resource":"1024","request_start":1576624013092,"request_end":1576624031280,"request_duration":18188,"type":"1024"}
{"start":1576624025472,"end":1576624031258,"duration":5786,"downloading_duration":1033,"execution_duration":4123,"uploading_duration":630,"executable":"ellipsoids-openmp","args":["3.dat","325.log","325.xoutput"],"id":166,"resource":"1024","request_start":1576624013094,"request_end":1576624031282,"request_duration":18188,"type":"1024"}
{"start":1576624025402,"end":1576624031316,"duration":5914,"downloading_duration":1054,"execution_duration":4296,"uploading_duration":564,"executable":"ellipsoids-openmp","args":["3.dat","317.log","317.xoutput"],"id":158,"resource":"1024","request_start":1576624013090,"request_end":1576624031339,"request_duration":18249,"type":"1024"}
{"start":1576624025558,"end":1576624031341,"duration":5783,"downloading_duration":1035,"execution_duration":4139,"uploading_duration":609,"executable":"ellipsoids-openmp","args":["3.dat","330.log","330.xoutput"],"id":171,"resource":"1024","request_start":1576624013097,"request_end":1576624031363,"request_duration":18266,"type":"1024"}
{"start":1576624025519,"end":1576624031345,"duration":5826,"downloading_duration":1062,"execution_duration":4166,"uploading_duration":598,"executable":"ellipsoids-openmp","args":["3.dat","327.log","327.xoutput"],"id":168,"resource":"1024","request_start":1576624013095,"request_end":1576624031370,"request_duration":18275,"type":"1024"}
{"start":1576624025492,"end":1576624031365,"duration":5873,"downloading_duration":1054,"execution_duration":4218,"uploading_duration":601,"executable":"ellipsoids-openmp","args":["3.dat","326.log","326.xoutput"],"id":167,"resource":"1024","request_start":1576624013095,"request_end":1576624031386,"request_duration":18291,"type":"1024"}
{"start":1576624025590,"end":1576624031365,"duration":5775,"downloading_duration":994,"execution_duration":4212,"uploading_duration":569,"executable":"ellipsoids-openmp","args":["3.dat","331.log","331.xoutput"],"id":172,"resource":"1024","request_start":1576624013097,"request_end":1576624031389,"request_duration":18292,"type":"1024"}
{"start":1576624025642,"end":1576624031390,"duration":5748,"downloading_duration":993,"execution_duration":4181,"uploading_duration":574,"executable":"ellipsoids-openmp","args":["3.dat","336.log","336.xoutput"],"id":177,"resource":"1024","request_start":1576624013100,"request_end":1576624031414,"request_duration":18314,"type":"1024"}
{"start":1576624025598,"end":1576624031412,"duration":5814,"downloading_duration":1004,"execution_duration":4220,"uploading_duration":590,"executable":"ellipsoids-openmp","args":["3.dat","332.log","332.xoutput"],"id":173,"resource":"1024","request_start":1576624013098,"request_end":1576624031433,"request_duration":18335,"type":"1024"}
{"start":1576624025609,"end":1576624031417,"duration":5808,"downloading_duration":1073,"execution_duration":4110,"uploading_duration":625,"executable":"ellipsoids-openmp","args":["3.dat","334.log","334.xoutput"],"id":175,"resource":"1024","request_start":1576624013099,"request_end":1576624031444,"request_duration":18345,"type":"1024"}
{"start":1576624025526,"end":1576624031428,"duration":5902,"downloading_duration":983,"execution_duration":4330,"uploading_duration":589,"executable":"ellipsoids-openmp","args":["3.dat","328.log","328.xoutput"],"id":169,"resource":"1024","request_start":1576624013096,"request_end":1576624031450,"request_duration":18354,"type":"1024"}
{"start":1576624025662,"end":1576624031445,"duration":5783,"downloading_duration":1007,"execution_duration":4184,"uploading_duration":592,"executable":"ellipsoids-openmp","args":["3.dat","338.log","338.xoutput"],"id":179,"resource":"1024","request_start":1576624013101,"request_end":1576624031469,"request_duration":18368,"type":"1024"}
{"start":1576624025603,"end":1576624031463,"duration":5860,"downloading_duration":1100,"execution_duration":4190,"uploading_duration":570,"executable":"ellipsoids-openmp","args":["3.dat","333.log","333.xoutput"],"id":174,"resource":"1024","request_start":1576624013099,"request_end":1576624031484,"request_duration":18385,"type":"1024"}
{"start":1576624025551,"end":1576624031504,"duration":5953,"downloading_duration":992,"execution_duration":4371,"uploading_duration":590,"executable":"ellipsoids-openmp","args":["3.dat","329.log","329.xoutput"],"id":170,"resource":"1024","request_start":1576624013096,"request_end":1576624031527,"request_duration":18431,"type":"1024"}
{"start":1576624025728,"end":1576624031529,"duration":5801,"downloading_duration":1036,"execution_duration":4172,"uploading_duration":593,"executable":"ellipsoids-openmp","args":["3.dat","344.log","344.xoutput"],"id":185,"resource":"1024","request_start":1576624013104,"request_end":1576624031550,"request_duration":18446,"type":"1024"}
{"start":1576624025685,"end":1576624031531,"duration":5846,"downloading_duration":1055,"execution_duration":4181,"uploading_duration":610,"executable":"ellipsoids-openmp","args":["3.dat","339.log","339.xoutput"],"id":180,"resource":"1024","request_start":1576624013102,"request_end":1576624031553,"request_duration":18451,"type":"1024"}
{"start":1576624025686,"end":1576624031543,"duration":5857,"downloading_duration":1057,"execution_duration":4211,"uploading_duration":589,"executable":"ellipsoids-openmp","args":["3.dat","340.log","340.xoutput"],"id":181,"resource":"1024","request_start":1576624013102,"request_end":1576624031565,"request_duration":18463,"type":"1024"}
{"start":1576624025640,"end":1576624031549,"duration":5909,"downloading_duration":993,"execution_duration":4349,"uploading_duration":567,"executable":"ellipsoids-openmp","args":["3.dat","335.log","335.xoutput"],"id":176,"resource":"1024","request_start":1576624013100,"request_end":1576624031572,"request_duration":18472,"type":"1024"}
{"start":1576624025686,"end":1576624031549,"duration":5863,"downloading_duration":1005,"execution_duration":4262,"uploading_duration":596,"executable":"ellipsoids-openmp","args":["3.dat","341.log","341.xoutput"],"id":182,"resource":"1024","request_start":1576624013103,"request_end":1576624031575,"request_duration":18472,"type":"1024"}
{"start":1576624025719,"end":1576624031551,"duration":5832,"downloading_duration":1072,"execution_duration":4141,"uploading_duration":619,"executable":"ellipsoids-openmp","args":["3.dat","343.log","343.xoutput"],"id":184,"resource":"1024","request_start":1576624013104,"request_end":1576624031576,"request_duration":18472,"type":"1024"}
{"start":1576624025699,"end":1576624031635,"duration":5936,"downloading_duration":1047,"execution_duration":4262,"uploading_duration":627,"executable":"ellipsoids-openmp","args":["3.dat","342.log","342.xoutput"],"id":183,"resource":"1024","request_start":1576624013103,"request_end":1576624031657,"request_duration":18554,"type":"1024"}
{"start":1576624025349,"end":1576624031656,"duration":6307,"downloading_duration":1146,"execution_duration":4328,"uploading_duration":833,"executable":"ellipsoids-openmp","args":["3.dat","316.log","316.xoutput"],"id":157,"resource":"1024","request_start":1576624013090,"request_end":1576624031678,"request_duration":18588,"type":"1024"}
{"start":1576624025660,"end":1576624031672,"duration":6012,"downloading_duration":1084,"execution_duration":4229,"uploading_duration":699,"executable":"ellipsoids-openmp","args":["3.dat","337.log","337.xoutput"],"id":178,"resource":"1024","request_start":1576624013101,"request_end":1576624031692,"request_duration":18591,"type":"1024"}
{"start":1576624025779,"end":1576624031675,"duration":5896,"downloading_duration":996,"execution_duration":4322,"uploading_duration":578,"executable":"ellipsoids-openmp","args":["0.dat","07.log","07.xoutput"],"id":13,"resource":"1024","request_start":1576624013119,"request_end":1576624031700,"request_duration":18581,"type":"1024"}
{"start":1576624025757,"end":1576624031893,"duration":6136,"downloading_duration":1005,"execution_duration":4530,"uploading_duration":601,"executable":"ellipsoids-openmp","args":["0.dat","05.log","05.xoutput"],"id":11,"resource":"1024","request_start":1576624013118,"request_end":1576624031914,"request_duration":18796,"type":"1024"}
{"start":1576624025776,"end":1576624031981,"duration":6205,"downloading_duration":995,"execution_duration":4638,"uploading_duration":572,"executable":"ellipsoids-openmp","args":["0.dat","06.log","06.xoutput"],"id":12,"resource":"1024","request_start":1576624013118,"request_end":1576624032004,"request_duration":18886,"type":"1024"}
{"start":1576624025877,"end":1576624032000,"duration":6123,"downloading_duration":1109,"execution_duration":4428,"uploading_duration":586,"executable":"ellipsoids-openmp","args":["0.dat","012.log","012.xoutput"],"id":18,"resource":"1024","request_start":1576624013121,"request_end":1576624032021,"request_duration":18900,"type":"1024"}
{"start":1576624025736,"end":1576624032078,"duration":6342,"downloading_duration":1086,"execution_duration":4646,"uploading_duration":610,"executable":"ellipsoids-openmp","args":["0.dat","04.log","04.xoutput"],"id":10,"resource":"1024","request_start":1576624013117,"request_end":1576624032098,"request_duration":18981,"type":"1024"}
{"start":1576624025923,"end":1576624032183,"duration":6260,"downloading_duration":1005,"execution_duration":4623,"uploading_duration":632,"executable":"ellipsoids-openmp","args":["0.dat","013.log","013.xoutput"],"id":19,"resource":"1024","request_start":1576624013122,"request_end":1576624032204,"request_duration":19082,"type":"1024"}
{"start":1576624025861,"end":1576624032205,"duration":6344,"downloading_duration":1030,"execution_duration":4593,"uploading_duration":721,"executable":"ellipsoids-openmp","args":["0.dat","011.log","011.xoutput"],"id":17,"resource":"1024","request_start":1576624013121,"request_end":1576624032226,"request_duration":19105,"type":"1024"}
{"start":1576624025797,"end":1576624032207,"duration":6410,"downloading_duration":1012,"execution_duration":4787,"uploading_duration":611,"executable":"ellipsoids-openmp","args":["0.dat","08.log","08.xoutput"],"id":14,"resource":"1024","request_start":1576624013119,"request_end":1576624032229,"request_duration":19110,"type":"1024"}
{"start":1576624025802,"end":1576624032231,"duration":6429,"downloading_duration":1033,"execution_duration":4652,"uploading_duration":744,"executable":"ellipsoids-openmp","args":["0.dat","09.log","09.xoutput"],"id":15,"resource":"1024","request_start":1576624013120,"request_end":1576624032254,"request_duration":19134,"type":"1024"}
{"start":1576624025940,"end":1576624032254,"duration":6314,"downloading_duration":1039,"execution_duration":4639,"uploading_duration":636,"executable":"ellipsoids-openmp","args":["0.dat","014.log","014.xoutput"],"id":20,"resource":"1024","request_start":1576624013122,"request_end":1576624032275,"request_duration":19153,"type":"1024"}
{"start":1576624025828,"end":1576624032277,"duration":6449,"downloading_duration":1142,"execution_duration":4627,"uploading_duration":680,"executable":"ellipsoids-openmp","args":["0.dat","010.log","010.xoutput"],"id":16,"resource":"1024","request_start":1576624013120,"request_end":1576624032303,"request_duration":19183,"type":"1024"}
{"start":1576624026190,"end":1576624032311,"duration":6121,"downloading_duration":1030,"execution_duration":4454,"uploading_duration":637,"executable":"ellipsoids-openmp","args":["0.dat","016.log","016.xoutput"],"id":22,"resource":"1024","request_start":1576624013123,"request_end":1576624032333,"request_duration":19210,"type":"1024"}
{"start":1576624026044,"end":1576624032394,"duration":6350,"downloading_duration":1074,"execution_duration":4680,"uploading_duration":596,"executable":"ellipsoids-openmp","args":["0.dat","015.log","015.xoutput"],"id":21,"resource":"1024","request_start":1576624013123,"request_end":1576624032414,"request_duration":19291,"type":"1024"}
{"start":1576624026316,"end":1576624032500,"duration":6184,"downloading_duration":1001,"execution_duration":4568,"uploading_duration":615,"executable":"ellipsoids-openmp","args":["0.dat","017.log","017.xoutput"],"id":23,"resource":"1024","request_start":1576624013124,"request_end":1576624032606,"request_duration":19482,"type":"1024"}
{"start":1576624026516,"end":1576624032843,"duration":6327,"downloading_duration":1086,"execution_duration":4623,"uploading_duration":618,"executable":"ellipsoids-openmp","args":["0.dat","018.log","018.xoutput"],"id":24,"resource":"1024","request_start":1576624013124,"request_end":1576624032864,"request_duration":19740,"type":"1024"}
{"start":1576624031605,"end":1576624033262,"duration":1657,"downloading_duration":1269,"execution_duration":4,"uploading_duration":384,"executable":"mean-pack-ell","args":["20.xoutput","21.xoutput","22.xoutput","23.xoutput","24.xoutput","25.xoutput","26.xoutput","27.xoutput","28.xoutput","29.xoutput","210.xoutput","211.xoutput","212.xoutput","213.xoutput","214.xoutput","215.xoutput","216.xoutput","217.xoutput","218.xoutput","219.xoutput","220.xoutput","221.xoutput","222.xoutput","223.xoutput","224.xoutput","225.xoutput","226.xoutput","227.xoutput","228.xoutput","229.xoutput","230.xoutput","231.xoutput","232.xoutput","233.xoutput","234.xoutput","235.xoutput","236.xoutput","237.xoutput","238.xoutput","239.xoutput","240.xoutput","241.xoutput","242.xoutput","243.xoutput","244.xoutput","average_2.txt"],"id":188,"resource":"1024","request_start":1576624020118,"request_end":1576624033284,"request_duration":13166,"type":"1024"}
{"start":1576624031813,"end":1576624033372,"duration":1559,"downloading_duration":1160,"execution_duration":17,"uploading_duration":382,"executable":"mean-pack-ell","args":["30.xoutput","31.xoutput","32.xoutput","33.xoutput","34.xoutput","35.xoutput","36.xoutput","37.xoutput","38.xoutput","39.xoutput","310.xoutput","311.xoutput","312.xoutput","313.xoutput","314.xoutput","315.xoutput","316.xoutput","317.xoutput","318.xoutput","319.xoutput","320.xoutput","321.xoutput","322.xoutput","323.xoutput","324.xoutput","325.xoutput","326.xoutput","327.xoutput","328.xoutput","329.xoutput","330.xoutput","331.xoutput","332.xoutput","333.xoutput","334.xoutput","335.xoutput","336.xoutput","337.xoutput","338.xoutput","339.xoutput","340.xoutput","341.xoutput","342.xoutput","343.xoutput","344.xoutput","average_3.txt"],"id":189,"resource":"1024","request_start":1576624031706,"request_end":1576624033395,"request_duration":1689,"type":"1024"}
{"start":1576624031611,"end":1576624033607,"duration":1996,"downloading_duration":1104,"execution_duration":3,"uploading_duration":889,"executable":"mean-pack-ell","args":["10.xoutput","11.xoutput","12.xoutput","13.xoutput","14.xoutput","15.xoutput","16.xoutput","17.xoutput","18.xoutput","19.xoutput","110.xoutput","111.xoutput","112.xoutput","113.xoutput","114.xoutput","115.xoutput","116.xoutput","117.xoutput","118.xoutput","119.xoutput","120.xoutput","121.xoutput","122.xoutput","123.xoutput","124.xoutput","125.xoutput","126.xoutput","127.xoutput","128.xoutput","129.xoutput","130.xoutput","131.xoutput","132.xoutput","133.xoutput","134.xoutput","135.xoutput","136.xoutput","137.xoutput","138.xoutput","139.xoutput","140.xoutput","141.xoutput","142.xoutput","143.xoutput","144.xoutput","average_1.txt"],"id":187,"resource":"1024","request_start":1576624026491,"request_end":1576624033628,"request_duration":7137,"type":"1024"}
{"start":1576624031040,"end":1576624037135,"duration":6095,"downloading_duration":1027,"execution_duration":4507,"uploading_duration":561,"executable":"ellipsoids-openmp","args":["0.dat","019.log","019.xoutput"],"id":25,"resource":"1024","request_start":1576624013125,"request_end":1576624037158,"request_duration":24033,"type":"1024"}
{"start":1576624031120,"end":1576624037175,"duration":6055,"downloading_duration":1008,"execution_duration":4468,"uploading_duration":579,"executable":"ellipsoids-openmp","args":["0.dat","021.log","021.xoutput"],"id":27,"resource":"1024","request_start":1576624013126,"request_end":1576624037199,"request_duration":24073,"type":"1024"}
{"start":1576624031071,"end":1576624037239,"duration":6168,"downloading_duration":1023,"execution_duration":4537,"uploading_duration":608,"executable":"ellipsoids-openmp","args":["0.dat","020.log","020.xoutput"],"id":26,"resource":"1024","request_start":1576624013125,"request_end":1576624037259,"request_duration":24134,"type":"1024"}
{"start":1576624031173,"end":1576624037405,"duration":6232,"downloading_duration":1032,"execution_duration":4556,"uploading_duration":644,"executable":"ellipsoids-openmp","args":["0.dat","022.log","022.xoutput"],"id":28,"resource":"1024","request_start":1576624013127,"request_end":1576624037427,"request_duration":24300,"type":"1024"}
{"start":1576624031275,"end":1576624037408,"duration":6133,"downloading_duration":988,"execution_duration":4544,"uploading_duration":601,"executable":"ellipsoids-openmp","args":["0.dat","028.log","028.xoutput"],"id":34,"resource":"1024","request_start":1576624013130,"request_end":1576624037432,"request_duration":24302,"type":"1024"}
{"start":1576624031188,"end":1576624037462,"duration":6274,"downloading_duration":1061,"execution_duration":4582,"uploading_duration":631,"executable":"ellipsoids-openmp","args":["0.dat","024.log","024.xoutput"],"id":30,"resource":"1024","request_start":1576624013128,"request_end":1576624037483,"request_duration":24355,"type":"1024"}
{"start":1576624031199,"end":1576624037462,"duration":6263,"downloading_duration":1080,"execution_duration":4600,"uploading_duration":583,"executable":"ellipsoids-openmp","args":["0.dat","025.log","025.xoutput"],"id":31,"resource":"1024","request_start":1576624013128,"request_end":1576624037487,"request_duration":24359,"type":"1024"}
{"start":1576624031257,"end":1576624037469,"duration":6212,"downloading_duration":1081,"execution_duration":4561,"uploading_duration":570,"executable":"ellipsoids-openmp","args":["0.dat","027.log","027.xoutput"],"id":33,"resource":"1024","request_start":1576624013129,"request_end":1576624037490,"request_duration":24361,"type":"1024"}
{"start":1576624031251,"end":1576624037490,"duration":6239,"downloading_duration":987,"execution_duration":4617,"uploading_duration":635,"executable":"ellipsoids-openmp","args":["0.dat","026.log","026.xoutput"],"id":32,"resource":"1024","request_start":1576624013129,"request_end":1576624037514,"request_duration":24385,"type":"1024"}
{"start":1576624031289,"end":1576624037502,"duration":6213,"downloading_duration":1078,"execution_duration":4552,"uploading_duration":583,"executable":"ellipsoids-openmp","args":["0.dat","029.log","029.xoutput"],"id":35,"resource":"1024","request_start":1576624013130,"request_end":1576624037525,"request_duration":24395,"type":"1024"}
{"start":1576624031311,"end":1576624037558,"duration":6247,"downloading_duration":1014,"execution_duration":4581,"uploading_duration":652,"executable":"ellipsoids-openmp","args":["0.dat","032.log","032.xoutput"],"id":38,"resource":"1024","request_start":1576624013132,"request_end":1576624037579,"request_duration":24447,"type":"1024"}
{"start":1576624031182,"end":1576624037563,"duration":6381,"downloading_duration":1034,"execution_duration":4735,"uploading_duration":612,"executable":"ellipsoids-openmp","args":["0.dat","023.log","023.xoutput"],"id":29,"resource":"1024","request_start":1576624013127,"request_end":1576624037586,"request_duration":24459,"type":"1024"}
{"start":1576624031397,"end":1576624037616,"duration":6219,"downloading_duration":995,"execution_duration":4623,"uploading_duration":601,"executable":"ellipsoids-openmp","args":["0.dat","035.log","035.xoutput"],"id":41,"resource":"1024","request_start":1576624013133,"request_end":1576624037637,"request_duration":24504,"type":"1024"}
{"start":1576624031417,"end":1576624037634,"duration":6217,"downloading_duration":1035,"execution_duration":4598,"uploading_duration":584,"executable":"ellipsoids-openmp","args":["0.dat","036.log","036.xoutput"],"id":42,"resource":"1024","request_start":1576624013134,"request_end":1576624037654,"request_duration":24520,"type":"1024"}
{"start":1576624031305,"end":1576624037637,"duration":6332,"downloading_duration":1008,"execution_duration":4743,"uploading_duration":581,"executable":"ellipsoids-openmp","args":["0.dat","031.log","031.xoutput"],"id":37,"resource":"1024","request_start":1576624013131,"request_end":1576624037659,"request_duration":24528,"type":"1024"}
{"start":1576624031392,"end":1576624037669,"duration":6277,"downloading_duration":1030,"execution_duration":4674,"uploading_duration":573,"executable":"ellipsoids-openmp","args":["0.dat","034.log","034.xoutput"],"id":40,"resource":"1024","request_start":1576624013133,"request_end":1576624037691,"request_duration":24558,"type":"1024"}
{"start":1576624031467,"end":1576624037650,"duration":6183,"downloading_duration":989,"execution_duration":4602,"uploading_duration":592,"executable":"ellipsoids-openmp","args":["0.dat","040.log","040.xoutput"],"id":46,"resource":"1024","request_start":1576624013136,"request_end":1576624037706,"request_duration":24570,"type":"1024"}
{"start":1576624031509,"end":1576624037692,"duration":6183,"downloading_duration":1005,"execution_duration":4544,"uploading_duration":634,"executable":"ellipsoids-openmp","args":["0.dat","043.log","043.xoutput"],"id":49,"resource":"1024","request_start":1576624013138,"request_end":1576624037714,"request_duration":24576,"type":"1024"}
{"start":1576624031477,"end":1576624037708,"duration":6231,"downloading_duration":1085,"execution_duration":4527,"uploading_duration":619,"executable":"ellipsoids-openmp","args":["0.dat","041.log","041.xoutput"],"id":47,"resource":"1024","request_start":1576624013137,"request_end":1576624037729,"request_duration":24592,"type":"1024"}
{"start":1576624031578,"end":1576624037736,"duration":6158,"downloading_duration":1038,"execution_duration":4536,"uploading_duration":584,"executable":"ellipsoids-openmp","args":["0.dat","01.log","01.xoutput"],"id":7,"resource":"1024","request_start":1576624013139,"request_end":1576624037757,"request_duration":24618,"type":"1024"}
{"start":1576624031421,"end":1576624037742,"duration":6321,"downloading_duration":1086,"execution_duration":4633,"uploading_duration":602,"executable":"ellipsoids-openmp","args":["0.dat","037.log","037.xoutput"],"id":43,"resource":"1024","request_start":1576624013134,"request_end":1576624037764,"request_duration":24630,"type":"1024"}
{"start":1576624031439,"end":1576624037745,"duration":6306,"downloading_duration":995,"execution_duration":4726,"uploading_duration":585,"executable":"ellipsoids-openmp","args":["0.dat","038.log","038.xoutput"],"id":44,"resource":"1024","request_start":1576624013135,"request_end":1576624037766,"request_duration":24631,"type":"1024"}
{"start":1576624031293,"end":1576624037752,"duration":6459,"downloading_duration":1001,"execution_duration":4792,"uploading_duration":666,"executable":"ellipsoids-openmp","args":["0.dat","030.log","030.xoutput"],"id":36,"resource":"1024","request_start":1576624013131,"request_end":1576624037776,"request_duration":24645,"type":"1024"}
{"start":1576624031594,"end":1576624037778,"duration":6184,"downloading_duration":1089,"execution_duration":4493,"uploading_duration":602,"executable":"ellipsoids-openmp","args":["0.dat","02.log","02.xoutput"],"id":8,"resource":"1024","request_start":1576624013140,"request_end":1576624037800,"request_duration":24660,"type":"1024"}
{"start":1576624031556,"end":1576624037779,"duration":6223,"downloading_duration":1079,"execution_duration":4580,"uploading_duration":564,"executable":"ellipsoids-openmp","args":["0.dat","044.log","044.xoutput"],"id":50,"resource":"1024","request_start":1576624013138,"request_end":1576624037802,"request_duration":24664,"type":"1024"}
{"start":1576624031365,"end":1576624037786,"duration":6421,"downloading_duration":1098,"execution_duration":4761,"uploading_duration":562,"executable":"ellipsoids-openmp","args":["0.dat","033.log","033.xoutput"],"id":39,"resource":"1024","request_start":1576624013132,"request_end":1576624037814,"request_duration":24682,"type":"1024"}
{"start":1576624031462,"end":1576624037821,"duration":6359,"downloading_duration":994,"execution_duration":4740,"uploading_duration":625,"executable":"ellipsoids-openmp","args":["0.dat","039.log","039.xoutput"],"id":45,"resource":"1024","request_start":1576624013136,"request_end":1576624037846,"request_duration":24710,"type":"1024"}
{"start":1576624031595,"end":1576624037838,"duration":6243,"downloading_duration":1075,"execution_duration":4609,"uploading_duration":559,"executable":"ellipsoids-openmp","args":["0.dat","03.log","03.xoutput"],"id":9,"resource":"1024","request_start":1576624013141,"request_end":1576624037860,"request_duration":24719,"type":"1024"}
{"start":1576624031579,"end":1576624037851,"duration":6272,"downloading_duration":1021,"execution_duration":4658,"uploading_duration":593,"executable":"ellipsoids-openmp","args":["0.dat","00.log","00.xoutput"],"id":6,"resource":"1024","request_start":1576624013139,"request_end":1576624037874,"request_duration":24735,"type":"1024"}
{"start":1576624031494,"end":1576624037885,"duration":6391,"downloading_duration":1016,"execution_duration":4739,"uploading_duration":636,"executable":"ellipsoids-openmp","args":["0.dat","042.log","042.xoutput"],"id":48,"resource":"1024","request_start":1576624013137,"request_end":1576624037905,"request_duration":24768,"type":"1024"}
{"start":1576624038030,"end":1576624039652,"duration":1622,"downloading_duration":1235,"execution_duration":4,"uploading_duration":383,"executable":"mean-pack-ell","args":["00.xoutput","01.xoutput","02.xoutput","03.xoutput","04.xoutput","05.xoutput","06.xoutput","07.xoutput","08.xoutput","09.xoutput","010.xoutput","011.xoutput","012.xoutput","013.xoutput","014.xoutput","015.xoutput","016.xoutput","017.xoutput","018.xoutput","019.xoutput","020.xoutput","021.xoutput","022.xoutput","023.xoutput","024.xoutput","025.xoutput","026.xoutput","027.xoutput","028.xoutput","029.xoutput","030.xoutput","031.xoutput","032.xoutput","033.xoutput","034.xoutput","035.xoutput","036.xoutput","037.xoutput","038.xoutput","039.xoutput","040.xoutput","041.xoutput","042.xoutput","043.xoutput","044.xoutput","average_0.txt"],"id":186,"resource":"1024","request_start":1576624037917,"request_end":1576624039673,"request_duration":1756,"type":"1024"}
{"start":1576624039793,"end":1576624040732,"duration":939,"downloading_duration":433,"execution_duration":122,"uploading_duration":384,"executable":"summary.js","args":[],"id":190,"resource":"1024","request_start":1576624039685,"request_end":1576624040751,"request_duration":1066,"type":"1024"}
