{"start":1576528311042,"end":1576528312393,"duration":1351,"downloading_duration":432,"execution_duration":480,"uploading_duration":439,"executable":"generateData.js","args":[],"id":1,"resource":"256","request_start":1576528310714,"request_end":1576528312380,"request_duration":1666,"type":"256"}
{"start":1576528312569,"end":1576528313883,"duration":1314,"downloading_duration":381,"execution_duration":504,"uploading_duration":429,"executable":"createDat.js","args":["0.dat"],"id":2,"resource":"256","request_start":1576528312395,"request_end":1576528313860,"request_duration":1465,"type":"256"}
{"start":1576528312588,"end":1576528313965,"duration":1377,"downloading_duration":455,"execution_duration":505,"uploading_duration":417,"executable":"createDat.js","args":["1.dat"],"id":3,"resource":"256","request_start":1576528312400,"request_end":1576528313936,"request_duration":1536,"type":"256"}
{"start":1576528312578,"end":1576528314063,"duration":1485,"downloading_duration":462,"execution_duration":510,"uploading_duration":513,"executable":"createDat.js","args":["3.dat"],"id":5,"resource":"256","request_start":1576528312407,"request_end":1576528314044,"request_duration":1637,"type":"256"}
{"start":1576528312589,"end":1576528314077,"duration":1488,"downloading_duration":383,"execution_duration":667,"uploading_duration":438,"executable":"createDat.js","args":["2.dat"],"id":4,"resource":"256","request_start":1576528312403,"request_end":1576528314097,"request_duration":1694,"type":"256"}
{"start":1576528314176,"end":1576528333349,"duration":19173,"downloading_duration":1187,"execution_duration":17381,"uploading_duration":605,"executable":"ellipsoids-openmp","args":["1.dat","13.log","13.xoutput"],"id":19,"resource":"256","request_start":1576528313943,"request_end":1576528333342,"request_duration":19399,"type":"256"}
{"start":1576528314316,"end":1576528333482,"duration":19166,"downloading_duration":1226,"execution_duration":17323,"uploading_duration":617,"executable":"ellipsoids-openmp","args":["3.dat","33.log","33.xoutput"],"id":39,"resource":"256","request_start":1576528314077,"request_end":1576528333457,"request_duration":19380,"type":"256"}
{"start":1576528314169,"end":1576528333595,"duration":19426,"downloading_duration":1094,"execution_duration":17700,"uploading_duration":632,"executable":"ellipsoids-openmp","args":["1.dat","11.log","11.xoutput"],"id":17,"resource":"256","request_start":1576528313941,"request_end":1576528333569,"request_duration":19628,"type":"256"}
{"start":1576528314367,"end":1576528333844,"duration":19477,"downloading_duration":1174,"execution_duration":17698,"uploading_duration":605,"executable":"ellipsoids-openmp","args":["3.dat","39.log","39.xoutput"],"id":45,"resource":"256","request_start":1576528314092,"request_end":1576528333819,"request_duration":19727,"type":"256"}
{"start":1576528314177,"end":1576528333865,"duration":19688,"downloading_duration":1094,"execution_duration":17960,"uploading_duration":634,"executable":"ellipsoids-openmp","args":["1.dat","17.log","17.xoutput"],"id":23,"resource":"256","request_start":1576528313947,"request_end":1576528333840,"request_duration":19893,"type":"256"}
{"start":1576528314172,"end":1576528333868,"duration":19696,"downloading_duration":1205,"execution_duration":17860,"uploading_duration":631,"executable":"ellipsoids-openmp","args":["1.dat","10.log","10.xoutput"],"id":16,"resource":"256","request_start":1576528313940,"request_end":1576528333846,"request_duration":19906,"type":"256"}
{"start":1576528314172,"end":1576528333897,"duration":19725,"downloading_duration":1195,"execution_duration":17901,"uploading_duration":629,"executable":"ellipsoids-openmp","args":["1.dat","15.log","15.xoutput"],"id":21,"resource":"256","request_start":1576528313945,"request_end":1576528333869,"request_duration":19924,"type":"256"}
{"start":1576528314364,"end":1576528333965,"duration":19601,"downloading_duration":1139,"execution_duration":17820,"uploading_duration":642,"executable":"ellipsoids-openmp","args":["3.dat","38.log","38.xoutput"],"id":44,"resource":"256","request_start":1576528314090,"request_end":1576528333941,"request_duration":19851,"type":"256"}
{"start":1576528314349,"end":1576528333989,"duration":19640,"downloading_duration":1165,"execution_duration":17859,"uploading_duration":616,"executable":"ellipsoids-openmp","args":["3.dat","32.log","32.xoutput"],"id":38,"resource":"256","request_start":1576528314074,"request_end":1576528333956,"request_duration":19882,"type":"256"}
{"start":1576528314173,"end":1576528334030,"duration":19857,"downloading_duration":1163,"execution_duration":18120,"uploading_duration":574,"executable":"ellipsoids-openmp","args":["0.dat","09.log","09.xoutput"],"id":15,"resource":"256","request_start":1576528313899,"request_end":1576528334001,"request_duration":20102,"type":"256"}
{"start":1576528314312,"end":1576528334038,"duration":19726,"downloading_duration":1316,"execution_duration":17723,"uploading_duration":687,"executable":"ellipsoids-openmp","args":["3.dat","30.log","30.xoutput"],"id":36,"resource":"256","request_start":1576528314068,"request_end":1576528334013,"request_duration":19945,"type":"256"}
{"start":1576528314351,"end":1576528334071,"duration":19720,"downloading_duration":1359,"execution_duration":17740,"uploading_duration":621,"executable":"ellipsoids-openmp","args":["3.dat","34.log","34.xoutput"],"id":40,"resource":"256","request_start":1576528314079,"request_end":1576528334042,"request_duration":19963,"type":"256"}
{"start":1576528314329,"end":1576528334079,"duration":19750,"downloading_duration":1122,"execution_duration":18040,"uploading_duration":588,"executable":"ellipsoids-openmp","args":["3.dat","31.log","31.xoutput"],"id":37,"resource":"256","request_start":1576528314071,"request_end":1576528334051,"request_duration":19980,"type":"256"}
{"start":1576528314382,"end":1576528334119,"duration":19737,"downloading_duration":1113,"execution_duration":18021,"uploading_duration":603,"executable":"ellipsoids-openmp","args":["2.dat","29.log","29.xoutput"],"id":35,"resource":"256","request_start":1576528314117,"request_end":1576528334091,"request_duration":19974,"type":"256"}
{"start":1576528314185,"end":1576528334120,"duration":19935,"downloading_duration":1267,"execution_duration":18082,"uploading_duration":586,"executable":"ellipsoids-openmp","args":["0.dat","02.log","02.xoutput"],"id":8,"resource":"256","request_start":1576528313904,"request_end":1576528334106,"request_duration":20202,"type":"256"}
{"start":1576528314173,"end":1576528334166,"duration":19993,"downloading_duration":1236,"execution_duration":18099,"uploading_duration":658,"executable":"ellipsoids-openmp","args":["0.dat","03.log","03.xoutput"],"id":9,"resource":"256","request_start":1576528313906,"request_end":1576528334136,"request_duration":20230,"type":"256"}
{"start":1576528314177,"end":1576528334240,"duration":20063,"downloading_duration":1223,"execution_duration":18200,"uploading_duration":640,"executable":"ellipsoids-openmp","args":["1.dat","16.log","16.xoutput"],"id":22,"resource":"256","request_start":1576528313946,"request_end":1576528334212,"request_duration":20266,"type":"256"}
{"start":1576528314369,"end":1576528334243,"duration":19874,"downloading_duration":1166,"execution_duration":17960,"uploading_duration":748,"executable":"ellipsoids-openmp","args":["3.dat","36.log","36.xoutput"],"id":42,"resource":"256","request_start":1576528314088,"request_end":1576528334215,"request_duration":20127,"type":"256"}
{"start":1576528314378,"end":1576528334276,"duration":19898,"downloading_duration":1228,"execution_duration":18021,"uploading_duration":649,"executable":"ellipsoids-openmp","args":["2.dat","26.log","26.xoutput"],"id":32,"resource":"256","request_start":1576528314115,"request_end":1576528334246,"request_duration":20131,"type":"256"}
{"start":1576528314177,"end":1576528334333,"duration":20156,"downloading_duration":1139,"execution_duration":18322,"uploading_duration":695,"executable":"ellipsoids-openmp","args":["1.dat","12.log","12.xoutput"],"id":18,"resource":"256","request_start":1576528313942,"request_end":1576528334306,"request_duration":20364,"type":"256"}
{"start":1576528314346,"end":1576528334334,"duration":19988,"downloading_duration":1293,"execution_duration":18038,"uploading_duration":657,"executable":"ellipsoids-openmp","args":["3.dat","35.log","35.xoutput"],"id":41,"resource":"256","request_start":1576528314081,"request_end":1576528334309,"request_duration":20228,"type":"256"}
{"start":1576528314358,"end":1576528334370,"duration":20012,"downloading_duration":1274,"execution_duration":18119,"uploading_duration":619,"executable":"ellipsoids-openmp","args":["3.dat","37.log","37.xoutput"],"id":43,"resource":"256","request_start":1576528314089,"request_end":1576528334342,"request_duration":20253,"type":"256"}
{"start":1576528314168,"end":1576528334380,"duration":20212,"downloading_duration":1148,"execution_duration":18440,"uploading_duration":624,"executable":"ellipsoids-openmp","args":["0.dat","00.log","00.xoutput"],"id":6,"resource":"256","request_start":1576528313901,"request_end":1576528334356,"request_duration":20455,"type":"256"}
{"start":1576528314175,"end":1576528334391,"duration":20216,"downloading_duration":1195,"execution_duration":18420,"uploading_duration":601,"executable":"ellipsoids-openmp","args":["1.dat","18.log","18.xoutput"],"id":24,"resource":"256","request_start":1576528313948,"request_end":1576528334366,"request_duration":20418,"type":"256"}
{"start":1576528314375,"end":1576528334442,"duration":20067,"downloading_duration":1445,"execution_duration":17900,"uploading_duration":722,"executable":"ellipsoids-openmp","args":["2.dat","25.log","25.xoutput"],"id":31,"resource":"256","request_start":1576528314114,"request_end":1576528334414,"request_duration":20300,"type":"256"}
{"start":1576528314374,"end":1576528334476,"duration":20102,"downloading_duration":1334,"execution_duration":18161,"uploading_duration":607,"executable":"ellipsoids-openmp","args":["2.dat","28.log","28.xoutput"],"id":34,"resource":"256","request_start":1576528314116,"request_end":1576528334454,"request_duration":20338,"type":"256"}
{"start":1576528314197,"end":1576528334582,"duration":20385,"downloading_duration":1321,"execution_duration":18461,"uploading_duration":603,"executable":"ellipsoids-openmp","args":["1.dat","19.log","19.xoutput"],"id":25,"resource":"256","request_start":1576528313949,"request_end":1576528334550,"request_duration":20601,"type":"256"}
{"start":1576528314376,"end":1576528334639,"duration":20263,"downloading_duration":1405,"execution_duration":18221,"uploading_duration":637,"executable":"ellipsoids-openmp","args":["2.dat","24.log","24.xoutput"],"id":30,"resource":"256","request_start":1576528314112,"request_end":1576528334607,"request_duration":20495,"type":"256"}
{"start":1576528314151,"end":1576528334722,"duration":20571,"downloading_duration":1184,"execution_duration":18720,"uploading_duration":667,"executable":"ellipsoids-openmp","args":["0.dat","08.log","08.xoutput"],"id":14,"resource":"256","request_start":1576528313897,"request_end":1576528334693,"request_duration":20796,"type":"256"}
{"start":1576528314175,"end":1576528334725,"duration":20550,"downloading_duration":1080,"execution_duration":18521,"uploading_duration":949,"executable":"ellipsoids-openmp","args":["1.dat","14.log","14.xoutput"],"id":20,"resource":"256","request_start":1576528313944,"request_end":1576528334699,"request_duration":20755,"type":"256"}
{"start":1576528314124,"end":1576528334757,"duration":20633,"downloading_duration":1154,"execution_duration":18881,"uploading_duration":598,"executable":"ellipsoids-openmp","args":["0.dat","04.log","04.xoutput"],"id":10,"resource":"256","request_start":1576528313887,"request_end":1576528334728,"request_duration":20841,"type":"256"}
{"start":1576528314147,"end":1576528334761,"duration":20614,"downloading_duration":1242,"execution_duration":18702,"uploading_duration":670,"executable":"ellipsoids-openmp","args":["0.dat","07.log","07.xoutput"],"id":13,"resource":"256","request_start":1576528313895,"request_end":1576528334732,"request_duration":20837,"type":"256"}
{"start":1576528314150,"end":1576528334765,"duration":20615,"downloading_duration":1136,"execution_duration":18840,"uploading_duration":639,"executable":"ellipsoids-openmp","args":["0.dat","05.log","05.xoutput"],"id":11,"resource":"256","request_start":1576528313890,"request_end":1576528334738,"request_duration":20848,"type":"256"}
{"start":1576528314378,"end":1576528334775,"duration":20397,"downloading_duration":1102,"execution_duration":18642,"uploading_duration":653,"executable":"ellipsoids-openmp","args":["2.dat","21.log","21.xoutput"],"id":27,"resource":"256","request_start":1576528314109,"request_end":1576528334747,"request_duration":20638,"type":"256"}
{"start":1576528314152,"end":1576528334806,"duration":20654,"downloading_duration":1131,"execution_duration":18903,"uploading_duration":620,"executable":"ellipsoids-openmp","args":["0.dat","06.log","06.xoutput"],"id":12,"resource":"256","request_start":1576528313893,"request_end":1576528334780,"request_duration":20887,"type":"256"}
{"start":1576528314163,"end":1576528335043,"duration":20880,"downloading_duration":1180,"execution_duration":19100,"uploading_duration":600,"executable":"ellipsoids-openmp","args":["0.dat","01.log","01.xoutput"],"id":7,"resource":"256","request_start":1576528313903,"request_end":1576528335021,"request_duration":21118,"type":"256"}
{"start":1576528314366,"end":1576528335107,"duration":20741,"downloading_duration":1114,"execution_duration":18880,"uploading_duration":747,"executable":"ellipsoids-openmp","args":["2.dat","22.log","22.xoutput"],"id":28,"resource":"256","request_start":1576528314110,"request_end":1576528335078,"request_duration":20968,"type":"256"}
{"start":1576528314381,"end":1576528335368,"duration":20987,"downloading_duration":1302,"execution_duration":19061,"uploading_duration":624,"executable":"ellipsoids-openmp","args":["2.dat","27.log","27.xoutput"],"id":33,"resource":"256","request_start":1576528314115,"request_end":1576528335339,"request_duration":21224,"type":"256"}
{"start":1576528314371,"end":1576528335372,"duration":21001,"downloading_duration":1151,"execution_duration":19201,"uploading_duration":649,"executable":"ellipsoids-openmp","args":["2.dat","20.log","20.xoutput"],"id":26,"resource":"256","request_start":1576528314108,"request_end":1576528335347,"request_duration":21239,"type":"256"}
{"start":1576528314376,"end":1576528335410,"duration":21034,"downloading_duration":1233,"execution_duration":19160,"uploading_duration":641,"executable":"ellipsoids-openmp","args":["2.dat","23.log","23.xoutput"],"id":29,"resource":"256","request_start":1576528314111,"request_end":1576528335382,"request_duration":21271,"type":"256"}
{"start":1576528334499,"end":1576528336249,"duration":1750,"downloading_duration":1271,"execution_duration":40,"uploading_duration":439,"executable":"mean-pack-ell","args":["30.xoutput","31.xoutput","32.xoutput","33.xoutput","34.xoutput","35.xoutput","36.xoutput","37.xoutput","38.xoutput","39.xoutput","average_3.txt"],"id":49,"resource":"256","request_start":1576528334349,"request_end":1576528336225,"request_duration":1876,"type":"256"}
{"start":1576528334868,"end":1576528336528,"duration":1660,"downloading_duration":1217,"execution_duration":20,"uploading_duration":423,"executable":"mean-pack-ell","args":["10.xoutput","11.xoutput","12.xoutput","13.xoutput","14.xoutput","15.xoutput","16.xoutput","17.xoutput","18.xoutput","19.xoutput","average_1.txt"],"id":47,"resource":"256","request_start":1576528334702,"request_end":1576528336501,"request_duration":1799,"type":"256"}
{"start":1576528335189,"end":1576528336883,"duration":1694,"downloading_duration":1271,"execution_duration":21,"uploading_duration":402,"executable":"mean-pack-ell","args":["00.xoutput","01.xoutput","02.xoutput","03.xoutput","04.xoutput","05.xoutput","06.xoutput","07.xoutput","08.xoutput","09.xoutput","average_0.txt"],"id":46,"resource":"256","request_start":1576528335023,"request_end":1576528336856,"request_duration":1833,"type":"256"}
{"start":1576528335551,"end":1576528337147,"duration":1596,"downloading_duration":1178,"execution_duration":20,"uploading_duration":398,"executable":"mean-pack-ell","args":["20.xoutput","21.xoutput","22.xoutput","23.xoutput","24.xoutput","25.xoutput","26.xoutput","27.xoutput","28.xoutput","29.xoutput","average_2.txt"],"id":48,"resource":"256","request_start":1576528335395,"request_end":1576528337237,"request_duration":1842,"type":"256"}
{"start":1576528337402,"end":1576528338923,"duration":1521,"downloading_duration":528,"execution_duration":560,"uploading_duration":433,"executable":"summary.js","args":[],"id":50,"resource":"256","request_start":1576528337240,"request_end":1576528338896,"request_duration":1656,"type":"256"}
