{"start":1576628394245,"end":1576628395242,"duration":997,"downloading_duration":514,"execution_duration":84,"uploading_duration":399,"executable":"generateData.js","args":[],"id":1,"resource":"1536","request_start":1576628393593,"request_end":1576628395275,"request_duration":1682,"type":"1536"}
{"start":1576628395411,"end":1576628396231,"duration":820,"downloading_duration":372,"execution_duration":68,"uploading_duration":380,"executable":"createDat.js","args":["0.dat"],"id":2,"resource":"1536","request_start":1576628395290,"request_end":1576628396248,"request_duration":958,"type":"1536"}
{"start":1576628395888,"end":1576628396852,"duration":964,"downloading_duration":486,"execution_duration":80,"uploading_duration":398,"executable":"createDat.js","args":["3.dat"],"id":5,"resource":"1536","request_start":1576628395303,"request_end":1576628396872,"request_duration":1569,"type":"1536"}
{"start":1576628395889,"end":1576628396895,"duration":1006,"downloading_duration":537,"execution_duration":78,"uploading_duration":391,"executable":"createDat.js","args":["2.dat"],"id":4,"resource":"1536","request_start":1576628395300,"request_end":1576628396977,"request_duration":1677,"type":"1536"}
{"start":1576628395982,"end":1576628396953,"duration":971,"downloading_duration":508,"execution_duration":79,"uploading_duration":384,"executable":"createDat.js","args":["1.dat"],"id":3,"resource":"1536","request_start":1576628395295,"request_end":1576628397136,"request_duration":1841,"type":"1536"}
{"start":1576628397237,"end":1576628401273,"duration":4036,"downloading_duration":1144,"execution_duration":2327,"uploading_duration":565,"executable":"ellipsoids-openmp","args":["0.dat","043.log","043.xoutput"],"id":49,"resource":"1536","request_start":1576628396339,"request_end":1576628401293,"request_duration":4954,"type":"1536"}
{"start":1576628397231,"end":1576628401462,"duration":4231,"downloading_duration":1154,"execution_duration":2371,"uploading_duration":706,"executable":"ellipsoids-openmp","args":["0.dat","032.log","032.xoutput"],"id":38,"resource":"1536","request_start":1576628396327,"request_end":1576628401484,"request_duration":5157,"type":"1536"}
{"start":1576628396641,"end":1576628401583,"duration":4942,"downloading_duration":1004,"execution_duration":3256,"uploading_duration":682,"executable":"ellipsoids-openmp","args":["0.dat","04.log","04.xoutput"],"id":10,"resource":"1536","request_start":1576628396291,"request_end":1576628401603,"request_duration":5312,"type":"1536"}
{"start":1576628396899,"end":1576628401646,"duration":4747,"downloading_duration":1003,"execution_duration":3124,"uploading_duration":620,"executable":"ellipsoids-openmp","args":["0.dat","01.log","01.xoutput"],"id":7,"resource":"1536","request_start":1576628396345,"request_end":1576628401665,"request_duration":5320,"type":"1536"}
{"start":1576628397108,"end":1576628401773,"duration":4665,"downloading_duration":1115,"execution_duration":2930,"uploading_duration":620,"executable":"ellipsoids-openmp","args":["0.dat","06.log","06.xoutput"],"id":12,"resource":"1536","request_start":1576628396295,"request_end":1576628401792,"request_duration":5497,"type":"1536"}
{"start":1576628397253,"end":1576628401791,"duration":4538,"downloading_duration":991,"execution_duration":2961,"uploading_duration":586,"executable":"ellipsoids-openmp","args":["0.dat","02.log","02.xoutput"],"id":8,"resource":"1536","request_start":1576628396346,"request_end":1576628401809,"request_duration":5463,"type":"1536"}
{"start":1576628397128,"end":1576628401819,"duration":4691,"downloading_duration":1168,"execution_duration":2897,"uploading_duration":626,"executable":"ellipsoids-openmp","args":["0.dat","010.log","010.xoutput"],"id":16,"resource":"1536","request_start":1576628396302,"request_end":1576628401842,"request_duration":5540,"type":"1536"}
{"start":1576628397097,"end":1576628401827,"duration":4730,"downloading_duration":1222,"execution_duration":2883,"uploading_duration":625,"executable":"ellipsoids-openmp","args":["0.dat","09.log","09.xoutput"],"id":15,"resource":"1536","request_start":1576628396300,"request_end":1576628401849,"request_duration":5549,"type":"1536"}
{"start":1576628397158,"end":1576628401855,"duration":4697,"downloading_duration":1115,"execution_duration":2948,"uploading_duration":634,"executable":"ellipsoids-openmp","args":["0.dat","020.log","020.xoutput"],"id":26,"resource":"1536","request_start":1576628396316,"request_end":1576628401874,"request_duration":5558,"type":"1536"}
{"start":1576628397129,"end":1576628401866,"duration":4737,"downloading_duration":1182,"execution_duration":2960,"uploading_duration":595,"executable":"ellipsoids-openmp","args":["0.dat","05.log","05.xoutput"],"id":11,"resource":"1536","request_start":1576628396293,"request_end":1576628401888,"request_duration":5595,"type":"1536"}
{"start":1576628397168,"end":1576628401869,"duration":4701,"downloading_duration":1107,"execution_duration":2991,"uploading_duration":603,"executable":"ellipsoids-openmp","args":["0.dat","019.log","019.xoutput"],"id":25,"resource":"1536","request_start":1576628396315,"request_end":1576628401890,"request_duration":5575,"type":"1536"}
{"start":1576628397096,"end":1576628401876,"duration":4780,"downloading_duration":1299,"execution_duration":2867,"uploading_duration":614,"executable":"ellipsoids-openmp","args":["0.dat","011.log","011.xoutput"],"id":17,"resource":"1536","request_start":1576628396303,"request_end":1576628401896,"request_duration":5593,"type":"1536"}
{"start":1576628397245,"end":1576628401885,"duration":4640,"downloading_duration":1090,"execution_duration":2919,"uploading_duration":631,"executable":"ellipsoids-openmp","args":["0.dat","046.log","046.xoutput"],"id":52,"resource":"1536","request_start":1576628396341,"request_end":1576628401904,"request_duration":5563,"type":"1536"}
{"start":1576628397161,"end":1576628401885,"duration":4724,"downloading_duration":1241,"execution_duration":2912,"uploading_duration":571,"executable":"ellipsoids-openmp","args":["0.dat","022.log","022.xoutput"],"id":28,"resource":"1536","request_start":1576628396318,"request_end":1576628401906,"request_duration":5588,"type":"1536"}
{"start":1576628397102,"end":1576628401894,"duration":4792,"downloading_duration":1325,"execution_duration":2894,"uploading_duration":573,"executable":"ellipsoids-openmp","args":["0.dat","014.log","014.xoutput"],"id":20,"resource":"1536","request_start":1576628396307,"request_end":1576628401914,"request_duration":5607,"type":"1536"}
{"start":1576628397118,"end":1576628401896,"duration":4778,"downloading_duration":1195,"execution_duration":2991,"uploading_duration":592,"executable":"ellipsoids-openmp","args":["0.dat","08.log","08.xoutput"],"id":14,"resource":"1536","request_start":1576628396299,"request_end":1576628401916,"request_duration":5617,"type":"1536"}
{"start":1576628397116,"end":1576628401895,"duration":4779,"downloading_duration":1217,"execution_duration":2984,"uploading_duration":578,"executable":"ellipsoids-openmp","args":["0.dat","012.log","012.xoutput"],"id":18,"resource":"1536","request_start":1576628396304,"request_end":1576628401918,"request_duration":5614,"type":"1536"}
{"start":1576628397114,"end":1576628401903,"duration":4789,"downloading_duration":1220,"execution_duration":2928,"uploading_duration":641,"executable":"ellipsoids-openmp","args":["0.dat","017.log","017.xoutput"],"id":23,"resource":"1536","request_start":1576628396310,"request_end":1576628401925,"request_duration":5615,"type":"1536"}
{"start":1576628397300,"end":1576628401902,"duration":4602,"downloading_duration":1176,"execution_duration":2815,"uploading_duration":611,"executable":"ellipsoids-openmp","args":["0.dat","049.log","049.xoutput"],"id":55,"resource":"1536","request_start":1576628396344,"request_end":1576628401927,"request_duration":5583,"type":"1536"}
{"start":1576628397186,"end":1576628401904,"duration":4718,"downloading_duration":1088,"execution_duration":3063,"uploading_duration":567,"executable":"ellipsoids-openmp","args":["0.dat","03.log","03.xoutput"],"id":9,"resource":"1536","request_start":1576628396346,"request_end":1576628401929,"request_duration":5583,"type":"1536"}
{"start":1576628397164,"end":1576628401914,"duration":4750,"downloading_duration":1211,"execution_duration":2898,"uploading_duration":641,"executable":"ellipsoids-openmp","args":["0.dat","030.log","030.xoutput"],"id":36,"resource":"1536","request_start":1576628396325,"request_end":1576628401938,"request_duration":5613,"type":"1536"}
{"start":1576628397237,"end":1576628401915,"duration":4678,"downloading_duration":1114,"execution_duration":2961,"uploading_duration":603,"executable":"ellipsoids-openmp","args":["0.dat","042.log","042.xoutput"],"id":48,"resource":"1536","request_start":1576628396338,"request_end":1576628401940,"request_duration":5602,"type":"1536"}
{"start":1576628397101,"end":1576628401930,"duration":4829,"downloading_duration":1189,"execution_duration":2953,"uploading_duration":687,"executable":"ellipsoids-openmp","args":["0.dat","013.log","013.xoutput"],"id":19,"resource":"1536","request_start":1576628396305,"request_end":1576628401952,"request_duration":5647,"type":"1536"}
{"start":1576628397111,"end":1576628401955,"duration":4844,"downloading_duration":1253,"execution_duration":2990,"uploading_duration":601,"executable":"ellipsoids-openmp","args":["0.dat","07.log","07.xoutput"],"id":13,"resource":"1536","request_start":1576628396297,"request_end":1576628401978,"request_duration":5681,"type":"1536"}
{"start":1576628397156,"end":1576628401967,"duration":4811,"downloading_duration":1259,"execution_duration":2978,"uploading_duration":574,"executable":"ellipsoids-openmp","args":["0.dat","015.log","015.xoutput"],"id":21,"resource":"1536","request_start":1576628396308,"request_end":1576628401987,"request_duration":5679,"type":"1536"}
{"start":1576628397215,"end":1576628401969,"duration":4754,"downloading_duration":1194,"execution_duration":2981,"uploading_duration":579,"executable":"ellipsoids-openmp","args":["0.dat","039.log","039.xoutput"],"id":45,"resource":"1536","request_start":1576628396335,"request_end":1576628401990,"request_duration":5655,"type":"1536"}
{"start":1576628397203,"end":1576628401971,"duration":4768,"downloading_duration":1235,"execution_duration":2875,"uploading_duration":658,"executable":"ellipsoids-openmp","args":["0.dat","026.log","026.xoutput"],"id":32,"resource":"1536","request_start":1576628396322,"request_end":1576628401993,"request_duration":5671,"type":"1536"}
{"start":1576628397203,"end":1576628401986,"duration":4783,"downloading_duration":1264,"execution_duration":2948,"uploading_duration":571,"executable":"ellipsoids-openmp","args":["0.dat","029.log","029.xoutput"],"id":35,"resource":"1536","request_start":1576628396324,"request_end":1576628402005,"request_duration":5681,"type":"1536"}
{"start":1576628397291,"end":1576628401986,"duration":4695,"downloading_duration":1088,"execution_duration":3003,"uploading_duration":604,"executable":"ellipsoids-openmp","args":["0.dat","00.log","00.xoutput"],"id":6,"resource":"1536","request_start":1576628396345,"request_end":1576628402011,"request_duration":5666,"type":"1536"}
{"start":1576628397247,"end":1576628401987,"duration":4740,"downloading_duration":1143,"execution_duration":2984,"uploading_duration":613,"executable":"ellipsoids-openmp","args":["0.dat","048.log","048.xoutput"],"id":54,"resource":"1536","request_start":1576628396343,"request_end":1576628402013,"request_duration":5670,"type":"1536"}
{"start":1576628397122,"end":1576628401987,"duration":4865,"downloading_duration":1303,"execution_duration":2947,"uploading_duration":615,"executable":"ellipsoids-openmp","args":["0.dat","018.log","018.xoutput"],"id":24,"resource":"1536","request_start":1576628396314,"request_end":1576628402018,"request_duration":5704,"type":"1536"}
{"start":1576628397295,"end":1576628401990,"duration":4695,"downloading_duration":1151,"execution_duration":2975,"uploading_duration":569,"executable":"ellipsoids-openmp","args":["0.dat","047.log","047.xoutput"],"id":53,"resource":"1536","request_start":1576628396342,"request_end":1576628402020,"request_duration":5678,"type":"1536"}
{"start":1576628397182,"end":1576628401993,"duration":4811,"downloading_duration":1170,"execution_duration":3068,"uploading_duration":573,"executable":"ellipsoids-openmp","args":["0.dat","036.log","036.xoutput"],"id":42,"resource":"1536","request_start":1576628396331,"request_end":1576628402021,"request_duration":5690,"type":"1536"}
{"start":1576628397231,"end":1576628401997,"duration":4766,"downloading_duration":1137,"execution_duration":2991,"uploading_duration":638,"executable":"ellipsoids-openmp","args":["0.dat","034.log","034.xoutput"],"id":40,"resource":"1536","request_start":1576628396329,"request_end":1576628402022,"request_duration":5693,"type":"1536"}
{"start":1576628397237,"end":1576628402015,"duration":4778,"downloading_duration":1184,"execution_duration":2948,"uploading_duration":646,"executable":"ellipsoids-openmp","args":["0.dat","037.log","037.xoutput"],"id":43,"resource":"1536","request_start":1576628396332,"request_end":1576628402035,"request_duration":5703,"type":"1536"}
{"start":1576628397191,"end":1576628402053,"duration":4862,"downloading_duration":1212,"execution_duration":2998,"uploading_duration":652,"executable":"ellipsoids-openmp","args":["0.dat","024.log","024.xoutput"],"id":30,"resource":"1536","request_start":1576628396320,"request_end":1576628402073,"request_duration":5753,"type":"1536"}
{"start":1576628397181,"end":1576628402057,"duration":4876,"downloading_duration":1246,"execution_duration":2968,"uploading_duration":662,"executable":"ellipsoids-openmp","args":["0.dat","028.log","028.xoutput"],"id":34,"resource":"1536","request_start":1576628396324,"request_end":1576628402079,"request_duration":5755,"type":"1536"}
{"start":1576628397249,"end":1576628402063,"duration":4814,"downloading_duration":1262,"execution_duration":2963,"uploading_duration":589,"executable":"ellipsoids-openmp","args":["0.dat","040.log","040.xoutput"],"id":46,"resource":"1536","request_start":1576628396336,"request_end":1576628402084,"request_duration":5748,"type":"1536"}
{"start":1576628397172,"end":1576628402069,"duration":4897,"downloading_duration":1266,"execution_duration":2884,"uploading_duration":747,"executable":"ellipsoids-openmp","args":["0.dat","021.log","021.xoutput"],"id":27,"resource":"1536","request_start":1576628396317,"request_end":1576628402091,"request_duration":5774,"type":"1536"}
{"start":1576628397245,"end":1576628402073,"duration":4828,"downloading_duration":1232,"execution_duration":2979,"uploading_duration":617,"executable":"ellipsoids-openmp","args":["0.dat","038.log","038.xoutput"],"id":44,"resource":"1536","request_start":1576628396333,"request_end":1576628402094,"request_duration":5761,"type":"1536"}
{"start":1576628397168,"end":1576628402104,"duration":4936,"downloading_duration":1400,"execution_duration":2949,"uploading_duration":587,"executable":"ellipsoids-openmp","args":["0.dat","025.log","025.xoutput"],"id":31,"resource":"1536","request_start":1576628396321,"request_end":1576628402125,"request_duration":5804,"type":"1536"}
{"start":1576628397194,"end":1576628402141,"duration":4947,"downloading_duration":1427,"execution_duration":2853,"uploading_duration":667,"executable":"ellipsoids-openmp","args":["0.dat","023.log","023.xoutput"],"id":29,"resource":"1536","request_start":1576628396319,"request_end":1576628402158,"request_duration":5839,"type":"1536"}
{"start":1576628397236,"end":1576628402180,"duration":4944,"downloading_duration":1232,"execution_duration":2976,"uploading_duration":736,"executable":"ellipsoids-openmp","args":["0.dat","035.log","035.xoutput"],"id":41,"resource":"1536","request_start":1576628396330,"request_end":1576628402201,"request_duration":5871,"type":"1536"}
{"start":1576628397115,"end":1576628402188,"duration":5073,"downloading_duration":1334,"execution_duration":3113,"uploading_duration":626,"executable":"ellipsoids-openmp","args":["0.dat","016.log","016.xoutput"],"id":22,"resource":"1536","request_start":1576628396309,"request_end":1576628402207,"request_duration":5898,"type":"1536"}
{"start":1576628397190,"end":1576628402190,"duration":5000,"downloading_duration":1260,"execution_duration":3088,"uploading_duration":652,"executable":"ellipsoids-openmp","args":["0.dat","031.log","031.xoutput"],"id":37,"resource":"1536","request_start":1576628396326,"request_end":1576628402214,"request_duration":5888,"type":"1536"}
{"start":1576628397222,"end":1576628402233,"duration":5011,"downloading_duration":1237,"execution_duration":2966,"uploading_duration":808,"executable":"ellipsoids-openmp","args":["0.dat","041.log","041.xoutput"],"id":47,"resource":"1536","request_start":1576628396337,"request_end":1576628402256,"request_duration":5919,"type":"1536"}
{"start":1576628397235,"end":1576628402300,"duration":5065,"downloading_duration":1233,"execution_duration":3184,"uploading_duration":648,"executable":"ellipsoids-openmp","args":["0.dat","033.log","033.xoutput"],"id":39,"resource":"1536","request_start":1576628396328,"request_end":1576628402321,"request_duration":5993,"type":"1536"}
{"start":1576628397184,"end":1576628402306,"duration":5122,"downloading_duration":1135,"execution_duration":2980,"uploading_duration":1007,"executable":"ellipsoids-openmp","args":["0.dat","027.log","027.xoutput"],"id":33,"resource":"1536","request_start":1576628396323,"request_end":1576628402327,"request_duration":6004,"type":"1536"}
{"start":1576628397235,"end":1576628402430,"duration":5195,"downloading_duration":1417,"execution_duration":3092,"uploading_duration":686,"executable":"ellipsoids-openmp","args":["0.dat","044.log","044.xoutput"],"id":50,"resource":"1536","request_start":1576628396340,"request_end":1576628402451,"request_duration":6111,"type":"1536"}
{"start":1576628397231,"end":1576628402522,"duration":5291,"downloading_duration":1675,"execution_duration":2945,"uploading_duration":671,"executable":"ellipsoids-openmp","args":["0.dat","045.log","045.xoutput"],"id":51,"resource":"1536","request_start":1576628396340,"request_end":1576628402541,"request_duration":6201,"type":"1536"}
{"start":1576628401319,"end":1576628405708,"duration":4389,"downloading_duration":1207,"execution_duration":2515,"uploading_duration":667,"executable":"ellipsoids-openmp","args":["3.dat","30.log","30.xoutput"],"id":156,"resource":"1536","request_start":1576628396916,"request_end":1576628405727,"request_duration":8811,"type":"1536"}
{"start":1576628401508,"end":1576628405736,"duration":4228,"downloading_duration":1049,"execution_duration":2524,"uploading_duration":655,"executable":"ellipsoids-openmp","args":["3.dat","31.log","31.xoutput"],"id":157,"resource":"1536","request_start":1576628396917,"request_end":1576628405756,"request_duration":8839,"type":"1536"}
{"start":1576628401630,"end":1576628406222,"duration":4592,"downloading_duration":1074,"execution_duration":2865,"uploading_duration":653,"executable":"ellipsoids-openmp","args":["3.dat","32.log","32.xoutput"],"id":158,"resource":"1536","request_start":1576628396918,"request_end":1576628406243,"request_duration":9325,"type":"1536"}
{"start":1576628401955,"end":1576628406352,"duration":4397,"downloading_duration":1030,"execution_duration":2793,"uploading_duration":574,"executable":"ellipsoids-openmp","args":["3.dat","318.log","318.xoutput"],"id":174,"resource":"1536","request_start":1576628396929,"request_end":1576628406372,"request_duration":9443,"type":"1536"}
{"start":1576628401932,"end":1576628406369,"duration":4437,"downloading_duration":1091,"execution_duration":2762,"uploading_duration":584,"executable":"ellipsoids-openmp","args":["3.dat","312.log","312.xoutput"],"id":168,"resource":"1536","request_start":1576628396926,"request_end":1576628406390,"request_duration":9464,"type":"1536"}
{"start":1576628401921,"end":1576628406381,"duration":4460,"downloading_duration":1032,"execution_duration":2854,"uploading_duration":574,"executable":"ellipsoids-openmp","args":["3.dat","310.log","310.xoutput"],"id":166,"resource":"1536","request_start":1576628396924,"request_end":1576628406399,"request_duration":9475,"type":"1536"}
{"start":1576628401868,"end":1576628406389,"duration":4521,"downloading_duration":1080,"execution_duration":2871,"uploading_duration":570,"executable":"ellipsoids-openmp","args":["3.dat","36.log","36.xoutput"],"id":162,"resource":"1536","request_start":1576628396921,"request_end":1576628406409,"request_duration":9488,"type":"1536"}
{"start":1576628401844,"end":1576628406403,"duration":4559,"downloading_duration":1094,"execution_duration":2889,"uploading_duration":576,"executable":"ellipsoids-openmp","args":["3.dat","35.log","35.xoutput"],"id":161,"resource":"1536","request_start":1576628396920,"request_end":1576628406421,"request_duration":9501,"type":"1536"}
{"start":1576628401901,"end":1576628406410,"duration":4509,"downloading_duration":1077,"execution_duration":2795,"uploading_duration":637,"executable":"ellipsoids-openmp","args":["3.dat","38.log","38.xoutput"],"id":164,"resource":"1536","request_start":1576628396922,"request_end":1576628406428,"request_duration":9506,"type":"1536"}
{"start":1576628401955,"end":1576628406428,"duration":4473,"downloading_duration":1028,"execution_duration":2858,"uploading_duration":587,"executable":"ellipsoids-openmp","args":["3.dat","317.log","317.xoutput"],"id":173,"resource":"1536","request_start":1576628396929,"request_end":1576628406455,"request_duration":9526,"type":"1536"}
{"start":1576628401931,"end":1576628406441,"duration":4510,"downloading_duration":1024,"execution_duration":2899,"uploading_duration":587,"executable":"ellipsoids-openmp","args":["3.dat","313.log","313.xoutput"],"id":169,"resource":"1536","request_start":1576628396926,"request_end":1576628406462,"request_duration":9536,"type":"1536"}
{"start":1576628401969,"end":1576628406461,"duration":4492,"downloading_duration":1101,"execution_duration":2837,"uploading_duration":554,"executable":"ellipsoids-openmp","args":["3.dat","320.log","320.xoutput"],"id":176,"resource":"1536","request_start":1576628396931,"request_end":1576628406481,"request_duration":9550,"type":"1536"}
{"start":1576628402042,"end":1576628406468,"duration":4426,"downloading_duration":1057,"execution_duration":2755,"uploading_duration":614,"executable":"ellipsoids-openmp","args":["3.dat","329.log","329.xoutput"],"id":185,"resource":"1536","request_start":1576628396936,"request_end":1576628406490,"request_duration":9554,"type":"1536"}
{"start":1576628401875,"end":1576628406477,"duration":4602,"downloading_duration":1087,"execution_duration":2920,"uploading_duration":595,"executable":"ellipsoids-openmp","args":["3.dat","37.log","37.xoutput"],"id":163,"resource":"1536","request_start":1576628396922,"request_end":1576628406502,"request_duration":9580,"type":"1536"}
{"start":1576628401981,"end":1576628406482,"duration":4501,"downloading_duration":1079,"execution_duration":2779,"uploading_duration":643,"executable":"ellipsoids-openmp","args":["3.dat","322.log","322.xoutput"],"id":178,"resource":"1536","request_start":1576628396932,"request_end":1576628406505,"request_duration":9573,"type":"1536"}
{"start":1576628401925,"end":1576628406514,"duration":4589,"downloading_duration":1006,"execution_duration":2974,"uploading_duration":609,"executable":"ellipsoids-openmp","args":["3.dat","311.log","311.xoutput"],"id":167,"resource":"1536","request_start":1576628396925,"request_end":1576628406534,"request_duration":9609,"type":"1536"}
{"start":1576628401961,"end":1576628406516,"duration":4555,"downloading_duration":1033,"execution_duration":2916,"uploading_duration":606,"executable":"ellipsoids-openmp","args":["3.dat","319.log","319.xoutput"],"id":175,"resource":"1536","request_start":1576628396930,"request_end":1576628406537,"request_duration":9607,"type":"1536"}
{"start":1576628402011,"end":1576628406528,"duration":4517,"downloading_duration":1033,"execution_duration":2790,"uploading_duration":694,"executable":"ellipsoids-openmp","args":["3.dat","323.log","323.xoutput"],"id":179,"resource":"1536","request_start":1576628396932,"request_end":1576628406550,"request_duration":9618,"type":"1536"}
{"start":1576628401949,"end":1576628406533,"duration":4584,"downloading_duration":1022,"execution_duration":2899,"uploading_duration":663,"executable":"ellipsoids-openmp","args":["3.dat","316.log","316.xoutput"],"id":172,"resource":"1536","request_start":1576628396928,"request_end":1576628406555,"request_duration":9627,"type":"1536"}
{"start":1576628402062,"end":1576628406539,"duration":4477,"downloading_duration":1043,"execution_duration":2820,"uploading_duration":614,"executable":"ellipsoids-openmp","args":["3.dat","334.log","334.xoutput"],"id":190,"resource":"1536","request_start":1576628396939,"request_end":1576628406561,"request_duration":9622,"type":"1536"}
{"start":1576628402126,"end":1576628406550,"duration":4424,"downloading_duration":995,"execution_duration":2820,"uploading_duration":609,"executable":"ellipsoids-openmp","args":["3.dat","339.log","339.xoutput"],"id":195,"resource":"1536","request_start":1576628396942,"request_end":1576628406572,"request_duration":9630,"type":"1536"}
{"start":1576628402042,"end":1576628406551,"duration":4509,"downloading_duration":993,"execution_duration":2886,"uploading_duration":630,"executable":"ellipsoids-openmp","args":["3.dat","328.log","328.xoutput"],"id":184,"resource":"1536","request_start":1576628396935,"request_end":1576628406575,"request_duration":9640,"type":"1536"}
{"start":1576628401941,"end":1576628406552,"duration":4611,"downloading_duration":1021,"execution_duration":2949,"uploading_duration":641,"executable":"ellipsoids-openmp","args":["3.dat","314.log","314.xoutput"],"id":170,"resource":"1536","request_start":1576628396927,"request_end":1576628406577,"request_duration":9650,"type":"1536"}
{"start":1576628401968,"end":1576628406591,"duration":4623,"downloading_duration":1158,"execution_duration":2882,"uploading_duration":583,"executable":"ellipsoids-openmp","args":["3.dat","321.log","321.xoutput"],"id":177,"resource":"1536","request_start":1576628396931,"request_end":1576628406611,"request_duration":9680,"type":"1536"}
{"start":1576628401916,"end":1576628406600,"duration":4684,"downloading_duration":1181,"execution_duration":2892,"uploading_duration":611,"executable":"ellipsoids-openmp","args":["3.dat","39.log","39.xoutput"],"id":165,"resource":"1536","request_start":1576628396923,"request_end":1576628406623,"request_duration":9700,"type":"1536"}
{"start":1576628401827,"end":1576628406620,"duration":4793,"downloading_duration":989,"execution_duration":2924,"uploading_duration":880,"executable":"ellipsoids-openmp","args":["3.dat","34.log","34.xoutput"],"id":160,"resource":"1536","request_start":1576628396919,"request_end":1576628406640,"request_duration":9721,"type":"1536"}
{"start":1576628402050,"end":1576628406632,"duration":4582,"downloading_duration":1083,"execution_duration":2911,"uploading_duration":588,"executable":"ellipsoids-openmp","args":["3.dat","332.log","332.xoutput"],"id":188,"resource":"1536","request_start":1576628396938,"request_end":1576628406650,"request_duration":9712,"type":"1536"}
{"start":1576628402110,"end":1576628406633,"duration":4523,"downloading_duration":1000,"execution_duration":2834,"uploading_duration":689,"executable":"ellipsoids-openmp","args":["3.dat","336.log","336.xoutput"],"id":192,"resource":"1536","request_start":1576628396940,"request_end":1576628406656,"request_duration":9716,"type":"1536"}
{"start":1576628402017,"end":1576628406636,"duration":4619,"downloading_duration":1052,"execution_duration":2885,"uploading_duration":682,"executable":"ellipsoids-openmp","args":["3.dat","324.log","324.xoutput"],"id":180,"resource":"1536","request_start":1576628396933,"request_end":1576628406658,"request_duration":9725,"type":"1536"}
{"start":1576628402053,"end":1576628406658,"duration":4605,"downloading_duration":1120,"execution_duration":2864,"uploading_duration":621,"executable":"ellipsoids-openmp","args":["3.dat","333.log","333.xoutput"],"id":189,"resource":"1536","request_start":1576628396938,"request_end":1576628406677,"request_duration":9739,"type":"1536"}
{"start":1576628402098,"end":1576628406658,"duration":4560,"downloading_duration":1064,"execution_duration":2817,"uploading_duration":679,"executable":"ellipsoids-openmp","args":["3.dat","335.log","335.xoutput"],"id":191,"resource":"1536","request_start":1576628396940,"request_end":1576628406679,"request_duration":9739,"type":"1536"}
{"start":1576628401952,"end":1576628406667,"duration":4715,"downloading_duration":1200,"execution_duration":2882,"uploading_duration":633,"executable":"ellipsoids-openmp","args":["3.dat","315.log","315.xoutput"],"id":171,"resource":"1536","request_start":1576628396928,"request_end":1576628406685,"request_duration":9757,"type":"1536"}
{"start":1576628402024,"end":1576628406671,"duration":4647,"downloading_duration":1096,"execution_duration":2789,"uploading_duration":762,"executable":"ellipsoids-openmp","args":["3.dat","326.log","326.xoutput"],"id":182,"resource":"1536","request_start":1576628396934,"request_end":1576628406693,"request_duration":9759,"type":"1536"}
{"start":1576628402119,"end":1576628406730,"duration":4611,"downloading_duration":1068,"execution_duration":2951,"uploading_duration":592,"executable":"ellipsoids-openmp","args":["3.dat","338.log","338.xoutput"],"id":194,"resource":"1536","request_start":1576628396941,"request_end":1576628406874,"request_duration":9933,"type":"1536"}
{"start":1576628402234,"end":1576628406755,"duration":4521,"downloading_duration":1043,"execution_duration":2910,"uploading_duration":568,"executable":"ellipsoids-openmp","args":["3.dat","343.log","343.xoutput"],"id":199,"resource":"1536","request_start":1576628396947,"request_end":1576628406879,"request_duration":9932,"type":"1536"}
{"start":1576628402227,"end":1576628406759,"duration":4532,"downloading_duration":1081,"execution_duration":2853,"uploading_duration":598,"executable":"ellipsoids-openmp","args":["3.dat","342.log","342.xoutput"],"id":198,"resource":"1536","request_start":1576628396943,"request_end":1576628406881,"request_duration":9938,"type":"1536"}
{"start":1576628402018,"end":1576628406769,"duration":4751,"downloading_duration":1094,"execution_duration":3051,"uploading_duration":606,"executable":"ellipsoids-openmp","args":["3.dat","325.log","325.xoutput"],"id":181,"resource":"1536","request_start":1576628396934,"request_end":1576628406884,"request_duration":9950,"type":"1536"}
{"start":1576628402030,"end":1576628406773,"duration":4743,"downloading_duration":1117,"execution_duration":2779,"uploading_duration":847,"executable":"ellipsoids-openmp","args":["3.dat","327.log","327.xoutput"],"id":183,"resource":"1536","request_start":1576628396935,"request_end":1576628406887,"request_duration":9952,"type":"1536"}
{"start":1576628402051,"end":1576628406787,"duration":4736,"downloading_duration":1180,"execution_duration":2903,"uploading_duration":653,"executable":"ellipsoids-openmp","args":["3.dat","331.log","331.xoutput"],"id":187,"resource":"1536","request_start":1576628396937,"request_end":1576628406890,"request_duration":9953,"type":"1536"}
{"start":1576628402282,"end":1576628406789,"duration":4507,"downloading_duration":1005,"execution_duration":2876,"uploading_duration":626,"executable":"ellipsoids-openmp","args":["3.dat","345.log","345.xoutput"],"id":201,"resource":"1536","request_start":1576628396948,"request_end":1576628406893,"request_duration":9945,"type":"1536"}
{"start":1576628402240,"end":1576628406794,"duration":4554,"downloading_duration":1031,"execution_duration":2918,"uploading_duration":605,"executable":"ellipsoids-openmp","args":["3.dat","344.log","344.xoutput"],"id":200,"resource":"1536","request_start":1576628396948,"request_end":1576628406895,"request_duration":9947,"type":"1536"}
{"start":1576628402157,"end":1576628406802,"duration":4645,"downloading_duration":1134,"execution_duration":2877,"uploading_duration":634,"executable":"ellipsoids-openmp","args":["3.dat","340.log","340.xoutput"],"id":196,"resource":"1536","request_start":1576628396942,"request_end":1576628406907,"request_duration":9965,"type":"1536"}
{"start":1576628402347,"end":1576628406859,"duration":4512,"downloading_duration":1030,"execution_duration":2924,"uploading_duration":558,"executable":"ellipsoids-openmp","args":["3.dat","346.log","346.xoutput"],"id":202,"resource":"1536","request_start":1576628396949,"request_end":1576628406918,"request_duration":9969,"type":"1536"}
{"start":1576628402355,"end":1576628406862,"duration":4507,"downloading_duration":1071,"execution_duration":2825,"uploading_duration":611,"executable":"ellipsoids-openmp","args":["3.dat","347.log","347.xoutput"],"id":203,"resource":"1536","request_start":1576628396949,"request_end":1576628406920,"request_duration":9971,"type":"1536"}
{"start":1576628402049,"end":1576628406879,"duration":4830,"downloading_duration":1078,"execution_duration":2792,"uploading_duration":960,"executable":"ellipsoids-openmp","args":["3.dat","330.log","330.xoutput"],"id":186,"resource":"1536","request_start":1576628396937,"request_end":1576628406923,"request_duration":9986,"type":"1536"}
{"start":1576628402114,"end":1576628406900,"duration":4786,"downloading_duration":1145,"execution_duration":2870,"uploading_duration":771,"executable":"ellipsoids-openmp","args":["3.dat","337.log","337.xoutput"],"id":193,"resource":"1536","request_start":1576628396941,"request_end":1576628406929,"request_duration":9988,"type":"1536"}
{"start":1576628402184,"end":1576628407001,"duration":4817,"downloading_duration":1352,"execution_duration":2843,"uploading_duration":622,"executable":"ellipsoids-openmp","args":["3.dat","341.log","341.xoutput"],"id":197,"resource":"1536","request_start":1576628396943,"request_end":1576628407033,"request_duration":10090,"type":"1536"}
{"start":1576628402479,"end":1576628407003,"duration":4524,"downloading_duration":1084,"execution_duration":2880,"uploading_duration":560,"executable":"ellipsoids-openmp","args":["3.dat","348.log","348.xoutput"],"id":204,"resource":"1536","request_start":1576628396950,"request_end":1576628407035,"request_duration":10085,"type":"1536"}
{"start":1576628402568,"end":1576628407110,"duration":4542,"downloading_duration":1019,"execution_duration":2891,"uploading_duration":632,"executable":"ellipsoids-openmp","args":["3.dat","349.log","349.xoutput"],"id":205,"resource":"1536","request_start":1576628396950,"request_end":1576628407130,"request_duration":10180,"type":"1536"}
{"start":1576628401691,"end":1576628407934,"duration":6243,"downloading_duration":2753,"execution_duration":2847,"uploading_duration":643,"executable":"ellipsoids-openmp","args":["3.dat","33.log","33.xoutput"],"id":159,"resource":"1536","request_start":1576628396918,"request_end":1576628407954,"request_duration":11036,"type":"1536"}
{"start":1576628405757,"end":1576628409870,"duration":4113,"downloading_duration":1021,"execution_duration":2429,"uploading_duration":663,"executable":"ellipsoids-openmp","args":["2.dat","20.log","20.xoutput"],"id":106,"resource":"1536","request_start":1576628397006,"request_end":1576628409892,"request_duration":12886,"type":"1536"}
{"start":1576628405781,"end":1576628409878,"duration":4097,"downloading_duration":1111,"execution_duration":2422,"uploading_duration":564,"executable":"ellipsoids-openmp","args":["2.dat","21.log","21.xoutput"],"id":107,"resource":"1536","request_start":1576628397007,"request_end":1576628409899,"request_duration":12892,"type":"1536"}
{"start":1576628406269,"end":1576628410972,"duration":4703,"downloading_duration":1010,"execution_duration":3041,"uploading_duration":652,"executable":"ellipsoids-openmp","args":["2.dat","22.log","22.xoutput"],"id":108,"resource":"1536","request_start":1576628397007,"request_end":1576628410992,"request_duration":13985,"type":"1536"}
{"start":1576628406476,"end":1576628410987,"duration":4511,"downloading_duration":1029,"execution_duration":2885,"uploading_duration":597,"executable":"ellipsoids-openmp","args":["2.dat","29.log","29.xoutput"],"id":115,"resource":"1536","request_start":1576628397011,"request_end":1576628411008,"request_duration":13997,"type":"1536"}
{"start":1576628406418,"end":1576628411014,"duration":4596,"downloading_duration":1016,"execution_duration":2972,"uploading_duration":608,"executable":"ellipsoids-openmp","args":["2.dat","24.log","24.xoutput"],"id":110,"resource":"1536","request_start":1576628397008,"request_end":1576628411031,"request_duration":14023,"type":"1536"}
{"start":1576628406455,"end":1576628411038,"duration":4583,"downloading_duration":1001,"execution_duration":2977,"uploading_duration":605,"executable":"ellipsoids-openmp","args":["2.dat","28.log","28.xoutput"],"id":114,"resource":"1536","request_start":1576628397010,"request_end":1576628411056,"request_duration":14046,"type":"1536"}
{"start":1576628406603,"end":1576628411064,"duration":4461,"downloading_duration":1022,"execution_duration":2848,"uploading_duration":591,"executable":"ellipsoids-openmp","args":["2.dat","221.log","221.xoutput"],"id":127,"resource":"1536","request_start":1576628397017,"request_end":1576628411084,"request_duration":14067,"type":"1536"}
{"start":1576628406488,"end":1576628411100,"duration":4612,"downloading_duration":1094,"execution_duration":2931,"uploading_duration":587,"executable":"ellipsoids-openmp","args":["2.dat","210.log","210.xoutput"],"id":116,"resource":"1536","request_start":1576628397012,"request_end":1576628411121,"request_duration":14109,"type":"1536"}
{"start":1576628406397,"end":1576628411114,"duration":4717,"downloading_duration":1108,"execution_duration":2948,"uploading_duration":661,"executable":"ellipsoids-openmp","args":["2.dat","23.log","23.xoutput"],"id":109,"resource":"1536","request_start":1576628397008,"request_end":1576628411131,"request_duration":14123,"type":"1536"}
{"start":1576628406436,"end":1576628411117,"duration":4681,"downloading_duration":1027,"execution_duration":3057,"uploading_duration":597,"executable":"ellipsoids-openmp","args":["2.dat","26.log","26.xoutput"],"id":112,"resource":"1536","request_start":1576628397009,"request_end":1576628411136,"request_duration":14127,"type":"1536"}
{"start":1576628406506,"end":1576628411132,"duration":4626,"downloading_duration":1045,"execution_duration":3013,"uploading_duration":568,"executable":"ellipsoids-openmp","args":["2.dat","211.log","211.xoutput"],"id":117,"resource":"1536","request_start":1576628397012,"request_end":1576628411152,"request_duration":14140,"type":"1536"}
{"start":1576628406530,"end":1576628411148,"duration":4618,"downloading_duration":1015,"execution_duration":2983,"uploading_duration":620,"executable":"ellipsoids-openmp","args":["2.dat","213.log","213.xoutput"],"id":119,"resource":"1536","request_start":1576628397013,"request_end":1576628411166,"request_duration":14153,"type":"1536"}
{"start":1576628406584,"end":1576628411203,"duration":4619,"downloading_duration":1022,"execution_duration":2979,"uploading_duration":618,"executable":"ellipsoids-openmp","args":["2.dat","218.log","218.xoutput"],"id":124,"resource":"1536","request_start":1576628397016,"request_end":1576628411224,"request_duration":14208,"type":"1536"}
{"start":1576628406426,"end":1576628411213,"duration":4787,"downloading_duration":1100,"execution_duration":3086,"uploading_duration":601,"executable":"ellipsoids-openmp","args":["2.dat","25.log","25.xoutput"],"id":111,"resource":"1536","request_start":1576628397009,"request_end":1576628411231,"request_duration":14222,"type":"1536"}
{"start":1576628406604,"end":1576628411214,"duration":4610,"downloading_duration":1034,"execution_duration":2941,"uploading_duration":635,"executable":"ellipsoids-openmp","args":["2.dat","222.log","222.xoutput"],"id":128,"resource":"1536","request_start":1576628397018,"request_end":1576628411241,"request_duration":14223,"type":"1536"}
{"start":1576628406447,"end":1576628411233,"duration":4786,"downloading_duration":1023,"execution_duration":3038,"uploading_duration":725,"executable":"ellipsoids-openmp","args":["2.dat","27.log","27.xoutput"],"id":113,"resource":"1536","request_start":1576628397010,"request_end":1576628411251,"request_duration":14241,"type":"1536"}
{"start":1576628406517,"end":1576628411241,"duration":4724,"downloading_duration":1102,"execution_duration":3021,"uploading_duration":601,"executable":"ellipsoids-openmp","args":["2.dat","212.log","212.xoutput"],"id":118,"resource":"1536","request_start":1576628397013,"request_end":1576628411260,"request_duration":14247,"type":"1536"}
{"start":1576628406537,"end":1576628411278,"duration":4741,"downloading_duration":1012,"execution_duration":2999,"uploading_duration":730,"executable":"ellipsoids-openmp","args":["2.dat","214.log","214.xoutput"],"id":120,"resource":"1536","request_start":1576628397014,"request_end":1576628411301,"request_duration":14287,"type":"1536"}
{"start":1576628406589,"end":1576628411295,"duration":4706,"downloading_duration":1089,"execution_duration":3042,"uploading_duration":575,"executable":"ellipsoids-openmp","args":["2.dat","219.log","219.xoutput"],"id":125,"resource":"1536","request_start":1576628397016,"request_end":1576628411314,"request_duration":14298,"type":"1536"}
{"start":1576628406721,"end":1576628411302,"duration":4581,"downloading_duration":1160,"execution_duration":2849,"uploading_duration":572,"executable":"ellipsoids-openmp","args":["2.dat","232.log","232.xoutput"],"id":138,"resource":"1536","request_start":1576628397023,"request_end":1576628411321,"request_duration":14298,"type":"1536"}
{"start":1576628406665,"end":1576628411319,"duration":4654,"downloading_duration":1033,"execution_duration":2976,"uploading_duration":645,"executable":"ellipsoids-openmp","args":["2.dat","225.log","225.xoutput"],"id":131,"resource":"1536","request_start":1576628397019,"request_end":1576628411343,"request_duration":14324,"type":"1536"}
{"start":1576628406595,"end":1576628411332,"duration":4737,"downloading_duration":1083,"execution_duration":3053,"uploading_duration":601,"executable":"ellipsoids-openmp","args":["2.dat","220.log","220.xoutput"],"id":126,"resource":"1536","request_start":1576628397017,"request_end":1576628411351,"request_duration":14334,"type":"1536"}
{"start":1576628406566,"end":1576628411338,"duration":4772,"downloading_duration":1132,"execution_duration":3059,"uploading_duration":581,"executable":"ellipsoids-openmp","args":["2.dat","216.log","216.xoutput"],"id":122,"resource":"1536","request_start":1576628397015,"request_end":1576628411357,"request_duration":14342,"type":"1536"}
{"start":1576628406640,"end":1576628411340,"duration":4700,"downloading_duration":1109,"execution_duration":2919,"uploading_duration":672,"executable":"ellipsoids-openmp","args":["2.dat","223.log","223.xoutput"],"id":129,"resource":"1536","request_start":1576628397018,"request_end":1576628411359,"request_duration":14341,"type":"1536"}
{"start":1576628406558,"end":1576628411341,"duration":4783,"downloading_duration":1043,"execution_duration":3129,"uploading_duration":611,"executable":"ellipsoids-openmp","args":["2.dat","215.log","215.xoutput"],"id":121,"resource":"1536","request_start":1576628397014,"request_end":1576628411364,"request_duration":14350,"type":"1536"}
{"start":1576628406679,"end":1576628411355,"duration":4676,"downloading_duration":1030,"execution_duration":3025,"uploading_duration":621,"executable":"ellipsoids-openmp","args":["2.dat","226.log","226.xoutput"],"id":132,"resource":"1536","request_start":1576628397020,"request_end":1576628411374,"request_duration":14354,"type":"1536"}
{"start":1576628406691,"end":1576628411367,"duration":4676,"downloading_duration":1025,"execution_duration":3032,"uploading_duration":619,"executable":"ellipsoids-openmp","args":["2.dat","228.log","228.xoutput"],"id":134,"resource":"1536","request_start":1576628397021,"request_end":1576628411386,"request_duration":14365,"type":"1536"}
{"start":1576628406701,"end":1576628411381,"duration":4680,"downloading_duration":1038,"execution_duration":2977,"uploading_duration":665,"executable":"ellipsoids-openmp","args":["2.dat","229.log","229.xoutput"],"id":135,"resource":"1536","request_start":1576628397021,"request_end":1576628411399,"request_duration":14378,"type":"1536"}
{"start":1576628406710,"end":1576628411386,"duration":4676,"downloading_duration":1050,"execution_duration":2980,"uploading_duration":646,"executable":"ellipsoids-openmp","args":["2.dat","230.log","230.xoutput"],"id":136,"resource":"1536","request_start":1576628397022,"request_end":1576628411407,"request_duration":14385,"type":"1536"}
{"start":1576628406716,"end":1576628411412,"duration":4696,"downloading_duration":1018,"execution_duration":3037,"uploading_duration":641,"executable":"ellipsoids-openmp","args":["2.dat","231.log","231.xoutput"],"id":137,"resource":"1536","request_start":1576628397022,"request_end":1576628411430,"request_duration":14408,"type":"1536"}
{"start":1576628406578,"end":1576628411460,"duration":4882,"downloading_duration":1093,"execution_duration":2963,"uploading_duration":826,"executable":"ellipsoids-openmp","args":["2.dat","217.log","217.xoutput"],"id":123,"resource":"1536","request_start":1576628397015,"request_end":1576628411480,"request_duration":14465,"type":"1536"}
{"start":1576628406682,"end":1576628411516,"duration":4834,"downloading_duration":1125,"execution_duration":3082,"uploading_duration":627,"executable":"ellipsoids-openmp","args":["2.dat","227.log","227.xoutput"],"id":133,"resource":"1536","request_start":1576628397020,"request_end":1576628411536,"request_duration":14516,"type":"1536"}
{"start":1576628406648,"end":1576628411528,"duration":4880,"downloading_duration":1016,"execution_duration":3077,"uploading_duration":787,"executable":"ellipsoids-openmp","args":["2.dat","224.log","224.xoutput"],"id":130,"resource":"1536","request_start":1576628397019,"request_end":1576628411551,"request_duration":14532,"type":"1536"}
{"start":1576628406956,"end":1576628411568,"duration":4612,"downloading_duration":1031,"execution_duration":2982,"uploading_duration":599,"executable":"ellipsoids-openmp","args":["2.dat","243.log","243.xoutput"],"id":149,"resource":"1536","request_start":1576628397028,"request_end":1576628411589,"request_duration":14561,"type":"1536"}
{"start":1576628406959,"end":1576628411593,"duration":4634,"downloading_duration":1040,"execution_duration":2940,"uploading_duration":654,"executable":"ellipsoids-openmp","args":["2.dat","244.log","244.xoutput"],"id":150,"resource":"1536","request_start":1576628397029,"request_end":1576628411662,"request_duration":14633,"type":"1536"}
{"start":1576628406927,"end":1576628411602,"duration":4675,"downloading_duration":1016,"execution_duration":3078,"uploading_duration":581,"executable":"ellipsoids-openmp","args":["2.dat","240.log","240.xoutput"],"id":146,"resource":"1536","request_start":1576628397027,"request_end":1576628411668,"request_duration":14641,"type":"1536"}
{"start":1576628406923,"end":1576628411644,"duration":4721,"downloading_duration":1137,"execution_duration":2978,"uploading_duration":606,"executable":"ellipsoids-openmp","args":["2.dat","234.log","234.xoutput"],"id":140,"resource":"1536","request_start":1576628397024,"request_end":1576628411678,"request_duration":14654,"type":"1536"}
{"start":1576628406926,"end":1576628411656,"duration":4730,"downloading_duration":1025,"execution_duration":3064,"uploading_duration":641,"executable":"ellipsoids-openmp","args":["2.dat","235.log","235.xoutput"],"id":141,"resource":"1536","request_start":1576628397024,"request_end":1576628411681,"request_duration":14657,"type":"1536"}
{"start":1576628406956,"end":1576628411681,"duration":4725,"downloading_duration":1068,"execution_duration":3093,"uploading_duration":564,"executable":"ellipsoids-openmp","args":["2.dat","245.log","245.xoutput"],"id":151,"resource":"1536","request_start":1576628397029,"request_end":1576628411779,"request_duration":14750,"type":"1536"}
{"start":1576628406924,"end":1576628411686,"duration":4762,"downloading_duration":1023,"execution_duration":3084,"uploading_duration":655,"executable":"ellipsoids-openmp","args":["2.dat","236.log","236.xoutput"],"id":142,"resource":"1536","request_start":1576628397025,"request_end":1576628411781,"request_duration":14756,"type":"1536"}
{"start":1576628406924,"end":1576628411696,"duration":4772,"downloading_duration":1083,"execution_duration":3088,"uploading_duration":601,"executable":"ellipsoids-openmp","args":["2.dat","237.log","237.xoutput"],"id":143,"resource":"1536","request_start":1576628397025,"request_end":1576628411784,"request_duration":14759,"type":"1536"}
{"start":1576628406917,"end":1576628411705,"duration":4788,"downloading_duration":1128,"execution_duration":3038,"uploading_duration":622,"executable":"ellipsoids-openmp","args":["2.dat","233.log","233.xoutput"],"id":139,"resource":"1536","request_start":1576628397023,"request_end":1576628411788,"request_duration":14765,"type":"1536"}
{"start":1576628406954,"end":1576628411711,"duration":4757,"downloading_duration":1065,"execution_duration":3053,"uploading_duration":639,"executable":"ellipsoids-openmp","args":["2.dat","242.log","242.xoutput"],"id":148,"resource":"1536","request_start":1576628397028,"request_end":1576628411791,"request_duration":14763,"type":"1536"}
{"start":1576628406923,"end":1576628411746,"duration":4823,"downloading_duration":1102,"execution_duration":3096,"uploading_duration":625,"executable":"ellipsoids-openmp","args":["2.dat","239.log","239.xoutput"],"id":145,"resource":"1536","request_start":1576628397026,"request_end":1576628411794,"request_duration":14768,"type":"1536"}
{"start":1576628407059,"end":1576628411787,"duration":4728,"downloading_duration":1033,"execution_duration":3058,"uploading_duration":637,"executable":"ellipsoids-openmp","args":["2.dat","246.log","246.xoutput"],"id":152,"resource":"1536","request_start":1576628397030,"request_end":1576628411812,"request_duration":14782,"type":"1536"}
{"start":1576628407067,"end":1576628411790,"duration":4723,"downloading_duration":1033,"execution_duration":3018,"uploading_duration":672,"executable":"ellipsoids-openmp","args":["2.dat","247.log","247.xoutput"],"id":153,"resource":"1536","request_start":1576628397030,"request_end":1576628411815,"request_duration":14785,"type":"1536"}
{"start":1576628406924,"end":1576628411813,"duration":4889,"downloading_duration":1160,"execution_duration":3157,"uploading_duration":572,"executable":"ellipsoids-openmp","args":["2.dat","238.log","238.xoutput"],"id":144,"resource":"1536","request_start":1576628397026,"request_end":1576628411833,"request_duration":14807,"type":"1536"}
{"start":1576628407161,"end":1576628411973,"duration":4812,"downloading_duration":1144,"execution_duration":3067,"uploading_duration":601,"executable":"ellipsoids-openmp","args":["2.dat","248.log","248.xoutput"],"id":154,"resource":"1536","request_start":1576628397031,"request_end":1576628411991,"request_duration":14960,"type":"1536"}
{"start":1576628407981,"end":1576628412620,"duration":4639,"downloading_duration":1059,"execution_duration":2972,"uploading_duration":608,"executable":"ellipsoids-openmp","args":["2.dat","249.log","249.xoutput"],"id":155,"resource":"1536","request_start":1576628397031,"request_end":1576628412642,"request_duration":15611,"type":"1536"}
{"start":1576628406952,"end":1576628413378,"duration":6426,"downloading_duration":2753,"execution_duration":3074,"uploading_duration":599,"executable":"ellipsoids-openmp","args":["2.dat","241.log","241.xoutput"],"id":147,"resource":"1536","request_start":1576628397027,"request_end":1576628413397,"request_duration":16370,"type":"1536"}
{"start":1576628409918,"end":1576628413942,"duration":4024,"downloading_duration":983,"execution_duration":2417,"uploading_duration":624,"executable":"ellipsoids-openmp","args":["1.dat","144.log","144.xoutput"],"id":100,"resource":"1536","request_start":1576628397176,"request_end":1576628413963,"request_duration":16787,"type":"1536"}
{"start":1576628409925,"end":1576628414094,"duration":4169,"downloading_duration":1117,"execution_duration":2436,"uploading_duration":616,"executable":"ellipsoids-openmp","args":["1.dat","145.log","145.xoutput"],"id":101,"resource":"1536","request_start":1576628397177,"request_end":1576628414114,"request_duration":16937,"type":"1536"}
{"start":1576628411033,"end":1576628415448,"duration":4415,"downloading_duration":1002,"execution_duration":2781,"uploading_duration":632,"executable":"ellipsoids-openmp","args":["1.dat","147.log","147.xoutput"],"id":103,"resource":"1536","request_start":1576628397181,"request_end":1576628415468,"request_duration":18287,"type":"1536"}
{"start":1576628411018,"end":1576628415469,"duration":4451,"downloading_duration":1034,"execution_duration":2843,"uploading_duration":574,"executable":"ellipsoids-openmp","args":["1.dat","146.log","146.xoutput"],"id":102,"resource":"1536","request_start":1576628397179,"request_end":1576628415491,"request_duration":18312,"type":"1536"}
{"start":1576628411061,"end":1576628415500,"duration":4439,"downloading_duration":1024,"execution_duration":2810,"uploading_duration":605,"executable":"ellipsoids-openmp","args":["1.dat","148.log","148.xoutput"],"id":104,"resource":"1536","request_start":1576628397182,"request_end":1576628415529,"request_duration":18347,"type":"1536"}
{"start":1576628411080,"end":1576628415586,"duration":4506,"downloading_duration":990,"execution_duration":2867,"uploading_duration":649,"executable":"ellipsoids-openmp","args":["1.dat","149.log","149.xoutput"],"id":105,"resource":"1536","request_start":1576628397183,"request_end":1576628415736,"request_duration":18553,"type":"1536"}
{"start":1576628411149,"end":1576628415604,"duration":4455,"downloading_duration":996,"execution_duration":2859,"uploading_duration":600,"executable":"ellipsoids-openmp","args":["1.dat","11.log","11.xoutput"],"id":57,"resource":"1536","request_start":1576628397185,"request_end":1576628415740,"request_duration":18555,"type":"1536"}
{"start":1576628411116,"end":1576628415611,"duration":4495,"downloading_duration":1084,"execution_duration":2840,"uploading_duration":571,"executable":"ellipsoids-openmp","args":["1.dat","10.log","10.xoutput"],"id":56,"resource":"1536","request_start":1576628397184,"request_end":1576628415745,"request_duration":18561,"type":"1536"}
{"start":1576628411165,"end":1576628415644,"duration":4479,"downloading_duration":1032,"execution_duration":2847,"uploading_duration":600,"executable":"ellipsoids-openmp","args":["1.dat","12.log","12.xoutput"],"id":58,"resource":"1536","request_start":1576628397186,"request_end":1576628415748,"request_duration":18562,"type":"1536"}
{"start":1576628413994,"end":1576628415673,"duration":1679,"downloading_duration":1237,"execution_duration":3,"uploading_duration":439,"executable":"mean-pack-ell","args":["00.xoutput","01.xoutput","02.xoutput","03.xoutput","04.xoutput","05.xoutput","06.xoutput","07.xoutput","08.xoutput","09.xoutput","010.xoutput","011.xoutput","012.xoutput","013.xoutput","014.xoutput","015.xoutput","016.xoutput","017.xoutput","018.xoutput","019.xoutput","020.xoutput","021.xoutput","022.xoutput","023.xoutput","024.xoutput","025.xoutput","026.xoutput","027.xoutput","028.xoutput","029.xoutput","030.xoutput","031.xoutput","032.xoutput","033.xoutput","034.xoutput","035.xoutput","036.xoutput","037.xoutput","038.xoutput","039.xoutput","040.xoutput","041.xoutput","042.xoutput","043.xoutput","044.xoutput","045.xoutput","046.xoutput","047.xoutput","048.xoutput","049.xoutput","average_0.txt"],"id":206,"resource":"1536","request_start":1576628402554,"request_end":1576628415752,"request_duration":13198,"type":"1536"}
{"start":1576628411260,"end":1576628415710,"duration":4450,"downloading_duration":1001,"execution_duration":2828,"uploading_duration":621,"executable":"ellipsoids-openmp","args":["1.dat","17.log","17.xoutput"],"id":63,"resource":"1536","request_start":1576628397191,"request_end":1576628415771,"request_duration":18580,"type":"1536"}
{"start":1576628411281,"end":1576628415712,"duration":4431,"downloading_duration":1029,"execution_duration":2831,"uploading_duration":571,"executable":"ellipsoids-openmp","args":["1.dat","19.log","19.xoutput"],"id":65,"resource":"1536","request_start":1576628397192,"request_end":1576628415773,"request_duration":18581,"type":"1536"}
{"start":1576628411289,"end":1576628415713,"duration":4424,"downloading_duration":1014,"execution_duration":2804,"uploading_duration":606,"executable":"ellipsoids-openmp","args":["1.dat","110.log","110.xoutput"],"id":66,"resource":"1536","request_start":1576628397193,"request_end":1576628415775,"request_duration":18582,"type":"1536"}
{"start":1576628411169,"end":1576628415717,"duration":4548,"downloading_duration":1037,"execution_duration":2840,"uploading_duration":671,"executable":"ellipsoids-openmp","args":["1.dat","13.log","13.xoutput"],"id":59,"resource":"1536","request_start":1576628397187,"request_end":1576628415778,"request_duration":18591,"type":"1536"}
{"start":1576628411179,"end":1576628415732,"duration":4553,"downloading_duration":1016,"execution_duration":2898,"uploading_duration":639,"executable":"ellipsoids-openmp","args":["1.dat","14.log","14.xoutput"],"id":60,"resource":"1536","request_start":1576628397188,"request_end":1576628415779,"request_duration":18591,"type":"1536"}
{"start":1576628414154,"end":1576628415741,"duration":1587,"downloading_duration":1184,"execution_duration":4,"uploading_duration":399,"executable":"mean-pack-ell","args":["30.xoutput","31.xoutput","32.xoutput","33.xoutput","34.xoutput","35.xoutput","36.xoutput","37.xoutput","38.xoutput","39.xoutput","310.xoutput","311.xoutput","312.xoutput","313.xoutput","314.xoutput","315.xoutput","316.xoutput","317.xoutput","318.xoutput","319.xoutput","320.xoutput","321.xoutput","322.xoutput","323.xoutput","324.xoutput","325.xoutput","326.xoutput","327.xoutput","328.xoutput","329.xoutput","330.xoutput","331.xoutput","332.xoutput","333.xoutput","334.xoutput","335.xoutput","336.xoutput","337.xoutput","338.xoutput","339.xoutput","340.xoutput","341.xoutput","342.xoutput","343.xoutput","344.xoutput","345.xoutput","346.xoutput","347.xoutput","348.xoutput","349.xoutput","average_3.txt"],"id":209,"resource":"1536","request_start":1576628407971,"request_end":1576628415787,"request_duration":7816,"type":"1536"}
{"start":1576628411342,"end":1576628415764,"duration":4422,"downloading_duration":997,"execution_duration":2845,"uploading_duration":580,"executable":"ellipsoids-openmp","args":["1.dat","112.log","112.xoutput"],"id":68,"resource":"1536","request_start":1576628397195,"request_end":1576628415795,"request_duration":18600,"type":"1536"}
{"start":1576628411378,"end":1576628415818,"duration":4440,"downloading_duration":1006,"execution_duration":2825,"uploading_duration":609,"executable":"ellipsoids-openmp","args":["1.dat","115.log","115.xoutput"],"id":71,"resource":"1536","request_start":1576628397200,"request_end":1576628415841,"request_duration":18641,"type":"1536"}
{"start":1576628411396,"end":1576628415818,"duration":4422,"downloading_duration":1080,"execution_duration":2758,"uploading_duration":584,"executable":"ellipsoids-openmp","args":["1.dat","118.log","118.xoutput"],"id":74,"resource":"1536","request_start":1576628397202,"request_end":1576628415844,"request_duration":18642,"type":"1536"}
{"start":1576628411396,"end":1576628415849,"duration":4453,"downloading_duration":1024,"execution_duration":2843,"uploading_duration":586,"executable":"ellipsoids-openmp","args":["1.dat","117.log","117.xoutput"],"id":73,"resource":"1536","request_start":1576628397202,"request_end":1576628415869,"request_duration":18667,"type":"1536"}
{"start":1576628411251,"end":1576628415894,"duration":4643,"downloading_duration":1155,"execution_duration":2909,"uploading_duration":579,"executable":"ellipsoids-openmp","args":["1.dat","16.log","16.xoutput"],"id":62,"resource":"1536","request_start":1576628397190,"request_end":1576628415913,"request_duration":18723,"type":"1536"}
{"start":1576628411427,"end":1576628415894,"duration":4467,"downloading_duration":1043,"execution_duration":2833,"uploading_duration":591,"executable":"ellipsoids-openmp","args":["1.dat","121.log","121.xoutput"],"id":77,"resource":"1536","request_start":1576628397204,"request_end":1576628415915,"request_duration":18711,"type":"1536"}
{"start":1576628411346,"end":1576628415901,"duration":4555,"downloading_duration":1016,"execution_duration":2924,"uploading_duration":615,"executable":"ellipsoids-openmp","args":["1.dat","113.log","113.xoutput"],"id":69,"resource":"1536","request_start":1576628397196,"request_end":1576628415920,"request_duration":18724,"type":"1536"}
{"start":1576628411192,"end":1576628415920,"duration":4728,"downloading_duration":1159,"execution_duration":2883,"uploading_duration":686,"executable":"ellipsoids-openmp","args":["1.dat","15.log","15.xoutput"],"id":61,"resource":"1536","request_start":1576628397189,"request_end":1576628415941,"request_duration":18752,"type":"1536"}
{"start":1576628411370,"end":1576628415946,"duration":4576,"downloading_duration":1006,"execution_duration":2936,"uploading_duration":634,"executable":"ellipsoids-openmp","args":["1.dat","114.log","114.xoutput"],"id":70,"resource":"1536","request_start":1576628397199,"request_end":1576628415964,"request_duration":18765,"type":"1536"}
{"start":1576628411413,"end":1576628415955,"duration":4542,"downloading_duration":1023,"execution_duration":2936,"uploading_duration":583,"executable":"ellipsoids-openmp","args":["1.dat","120.log","120.xoutput"],"id":76,"resource":"1536","request_start":1576628397204,"request_end":1576628415975,"request_duration":18771,"type":"1536"}
{"start":1576628411334,"end":1576628416005,"duration":4671,"downloading_duration":1083,"execution_duration":2962,"uploading_duration":626,"executable":"ellipsoids-openmp","args":["1.dat","111.log","111.xoutput"],"id":67,"resource":"1536","request_start":1576628397194,"request_end":1576628416024,"request_duration":18830,"type":"1536"}
{"start":1576628411445,"end":1576628416013,"duration":4568,"downloading_duration":1094,"execution_duration":2904,"uploading_duration":570,"executable":"ellipsoids-openmp","args":["1.dat","122.log","122.xoutput"],"id":78,"resource":"1536","request_start":1576628397205,"request_end":1576628416034,"request_duration":18829,"type":"1536"}
{"start":1576628411399,"end":1576628416025,"duration":4626,"downloading_duration":1132,"execution_duration":2920,"uploading_duration":574,"executable":"ellipsoids-openmp","args":["1.dat","116.log","116.xoutput"],"id":72,"resource":"1536","request_start":1576628397201,"request_end":1576628416044,"request_duration":18843,"type":"1536"}
{"start":1576628411576,"end":1576628416046,"duration":4470,"downloading_duration":989,"execution_duration":2872,"uploading_duration":609,"executable":"ellipsoids-openmp","args":["1.dat","126.log","126.xoutput"],"id":82,"resource":"1536","request_start":1576628397207,"request_end":1576628416067,"request_duration":18860,"type":"1536"}
{"start":1576628411402,"end":1576628416056,"duration":4654,"downloading_duration":1095,"execution_duration":2950,"uploading_duration":609,"executable":"ellipsoids-openmp","args":["1.dat","119.log","119.xoutput"],"id":75,"resource":"1536","request_start":1576628397203,"request_end":1576628416076,"request_duration":18873,"type":"1536"}
{"start":1576628411458,"end":1576628416067,"duration":4609,"downloading_duration":1022,"execution_duration":2945,"uploading_duration":642,"executable":"ellipsoids-openmp","args":["1.dat","123.log","123.xoutput"],"id":79,"resource":"1536","request_start":1576628397205,"request_end":1576628416087,"request_duration":18882,"type":"1536"}
{"start":1576628411711,"end":1576628416107,"duration":4396,"downloading_duration":993,"execution_duration":2810,"uploading_duration":593,"executable":"ellipsoids-openmp","args":["1.dat","131.log","131.xoutput"],"id":87,"resource":"1536","request_start":1576628397210,"request_end":1576628416126,"request_duration":18916,"type":"1536"}
{"start":1576628411514,"end":1576628416139,"duration":4625,"downloading_duration":1032,"execution_duration":2963,"uploading_duration":630,"executable":"ellipsoids-openmp","args":["1.dat","124.log","124.xoutput"],"id":80,"resource":"1536","request_start":1576628397206,"request_end":1576628416159,"request_duration":18953,"type":"1536"}
{"start":1576628411707,"end":1576628416169,"duration":4462,"downloading_duration":1013,"execution_duration":2871,"uploading_duration":578,"executable":"ellipsoids-openmp","args":["1.dat","130.log","130.xoutput"],"id":86,"resource":"1536","request_start":1576628397210,"request_end":1576628416189,"request_duration":18979,"type":"1536"}
{"start":1576628411563,"end":1576628416189,"duration":4626,"downloading_duration":1077,"execution_duration":2980,"uploading_duration":569,"executable":"ellipsoids-openmp","args":["1.dat","125.log","125.xoutput"],"id":81,"resource":"1536","request_start":1576628397207,"request_end":1576628416208,"request_duration":19001,"type":"1536"}
{"start":1576628411841,"end":1576628416233,"duration":4392,"downloading_duration":1089,"execution_duration":2732,"uploading_duration":571,"executable":"ellipsoids-openmp","args":["1.dat","138.log","138.xoutput"],"id":94,"resource":"1536","request_start":1576628397214,"request_end":1576628416251,"request_duration":19037,"type":"1536"}
{"start":1576628411614,"end":1576628416238,"duration":4624,"downloading_duration":991,"execution_duration":2965,"uploading_duration":668,"executable":"ellipsoids-openmp","args":["1.dat","127.log","127.xoutput"],"id":83,"resource":"1536","request_start":1576628397208,"request_end":1576628416262,"request_duration":19054,"type":"1536"}
{"start":1576628411848,"end":1576628416338,"duration":4490,"downloading_duration":1012,"execution_duration":2853,"uploading_duration":625,"executable":"ellipsoids-openmp","args":["1.dat","139.log","139.xoutput"],"id":95,"resource":"1536","request_start":1576628397215,"request_end":1576628416356,"request_duration":19141,"type":"1536"}
{"start":1576628411833,"end":1576628416343,"duration":4510,"downloading_duration":1068,"execution_duration":2830,"uploading_duration":612,"executable":"ellipsoids-openmp","args":["1.dat","133.log","133.xoutput"],"id":89,"resource":"1536","request_start":1576628397212,"request_end":1576628416363,"request_duration":19151,"type":"1536"}
{"start":1576628411861,"end":1576628416370,"duration":4509,"downloading_duration":1032,"execution_duration":2869,"uploading_duration":608,"executable":"ellipsoids-openmp","args":["1.dat","140.log","140.xoutput"],"id":96,"resource":"1536","request_start":1576628397246,"request_end":1576628416392,"request_duration":19146,"type":"1536"}
{"start":1576628411834,"end":1576628416389,"duration":4555,"downloading_duration":1070,"execution_duration":2840,"uploading_duration":645,"executable":"ellipsoids-openmp","args":["1.dat","137.log","137.xoutput"],"id":93,"resource":"1536","request_start":1576628397214,"request_end":1576628416406,"request_duration":19192,"type":"1536"}
{"start":1576628411838,"end":1576628416389,"duration":4551,"downloading_duration":998,"execution_duration":2946,"uploading_duration":607,"executable":"ellipsoids-openmp","args":["1.dat","134.log","134.xoutput"],"id":90,"resource":"1536","request_start":1576628397212,"request_end":1576628416408,"request_duration":19196,"type":"1536"}
{"start":1576628411701,"end":1576628416404,"duration":4703,"downloading_duration":1146,"execution_duration":2959,"uploading_duration":598,"executable":"ellipsoids-openmp","args":["1.dat","128.log","128.xoutput"],"id":84,"resource":"1536","request_start":1576628397208,"request_end":1576628416424,"request_duration":19216,"type":"1536"}
{"start":1576628411701,"end":1576628416431,"duration":4730,"downloading_duration":1152,"execution_duration":2953,"uploading_duration":625,"executable":"ellipsoids-openmp","args":["1.dat","129.log","129.xoutput"],"id":85,"resource":"1536","request_start":1576628397209,"request_end":1576628416454,"request_duration":19245,"type":"1536"}
{"start":1576628412024,"end":1576628416441,"duration":4417,"downloading_duration":1002,"execution_duration":2863,"uploading_duration":552,"executable":"ellipsoids-openmp","args":["1.dat","141.log","141.xoutput"],"id":97,"resource":"1536","request_start":1576628397248,"request_end":1576628416463,"request_duration":19215,"type":"1536"}
{"start":1576628411835,"end":1576628416476,"duration":4641,"downloading_duration":1077,"execution_duration":2918,"uploading_duration":646,"executable":"ellipsoids-openmp","args":["1.dat","135.log","135.xoutput"],"id":91,"resource":"1536","request_start":1576628397213,"request_end":1576628416497,"request_duration":19284,"type":"1536"}
{"start":1576628411821,"end":1576628416564,"duration":4743,"downloading_duration":1213,"execution_duration":2893,"uploading_duration":637,"executable":"ellipsoids-openmp","args":["1.dat","132.log","132.xoutput"],"id":88,"resource":"1536","request_start":1576628397211,"request_end":1576628416584,"request_duration":19373,"type":"1536"}
{"start":1576628411835,"end":1576628416578,"duration":4743,"downloading_duration":1291,"execution_duration":2785,"uploading_duration":667,"executable":"ellipsoids-openmp","args":["1.dat","136.log","136.xoutput"],"id":92,"resource":"1536","request_start":1576628397213,"request_end":1576628416596,"request_duration":19383,"type":"1536"}
{"start":1576628411269,"end":1576628416674,"duration":5405,"downloading_duration":1031,"execution_duration":2940,"uploading_duration":1434,"executable":"ellipsoids-openmp","args":["1.dat","18.log","18.xoutput"],"id":64,"resource":"1536","request_start":1576628397192,"request_end":1576628416694,"request_duration":19502,"type":"1536"}
{"start":1576628415503,"end":1576628417046,"duration":1543,"downloading_duration":1168,"execution_duration":3,"uploading_duration":372,"executable":"mean-pack-ell","args":["20.xoutput","21.xoutput","22.xoutput","23.xoutput","24.xoutput","25.xoutput","26.xoutput","27.xoutput","28.xoutput","29.xoutput","210.xoutput","211.xoutput","212.xoutput","213.xoutput","214.xoutput","215.xoutput","216.xoutput","217.xoutput","218.xoutput","219.xoutput","220.xoutput","221.xoutput","222.xoutput","223.xoutput","224.xoutput","225.xoutput","226.xoutput","227.xoutput","228.xoutput","229.xoutput","230.xoutput","231.xoutput","232.xoutput","233.xoutput","234.xoutput","235.xoutput","236.xoutput","237.xoutput","238.xoutput","239.xoutput","240.xoutput","241.xoutput","242.xoutput","243.xoutput","244.xoutput","245.xoutput","246.xoutput","247.xoutput","248.xoutput","249.xoutput","average_2.txt"],"id":208,"resource":"1536","request_start":1576628413425,"request_end":1576628417066,"request_duration":3641,"type":"1536"}
{"start":1576628412671,"end":1576628417242,"duration":4571,"downloading_duration":1086,"execution_duration":2774,"uploading_duration":711,"executable":"ellipsoids-openmp","args":["1.dat","142.log","142.xoutput"],"id":98,"resource":"1536","request_start":1576628397251,"request_end":1576628417261,"request_duration":20010,"type":"1536"}
{"start":1576628413423,"end":1576628417933,"duration":4510,"downloading_duration":1040,"execution_duration":2836,"uploading_duration":634,"executable":"ellipsoids-openmp","args":["1.dat","143.log","143.xoutput"],"id":99,"resource":"1536","request_start":1576628397256,"request_end":1576628417952,"request_duration":20696,"type":"1536"}
{"start":1576628418076,"end":1576628419654,"duration":1578,"downloading_duration":1176,"execution_duration":3,"uploading_duration":399,"executable":"mean-pack-ell","args":["10.xoutput","11.xoutput","12.xoutput","13.xoutput","14.xoutput","15.xoutput","16.xoutput","17.xoutput","18.xoutput","19.xoutput","110.xoutput","111.xoutput","112.xoutput","113.xoutput","114.xoutput","115.xoutput","116.xoutput","117.xoutput","118.xoutput","119.xoutput","120.xoutput","121.xoutput","122.xoutput","123.xoutput","124.xoutput","125.xoutput","126.xoutput","127.xoutput","128.xoutput","129.xoutput","130.xoutput","131.xoutput","132.xoutput","133.xoutput","134.xoutput","135.xoutput","136.xoutput","137.xoutput","138.xoutput","139.xoutput","140.xoutput","141.xoutput","142.xoutput","143.xoutput","144.xoutput","145.xoutput","146.xoutput","147.xoutput","148.xoutput","149.xoutput","average_1.txt"],"id":207,"resource":"1536","request_start":1576628417966,"request_end":1576628419674,"request_duration":1708,"type":"1536"}
{"start":1576628419880,"end":1576628420747,"duration":867,"downloading_duration":391,"execution_duration":76,"uploading_duration":400,"executable":"summary.js","args":[],"id":210,"resource":"1536","request_start":1576628419681,"request_end":1576628420764,"request_duration":1083,"type":"1536"}
