{"start":1576628421539,"end":1576628422405,"duration":866,"downloading_duration":382,"execution_duration":72,"uploading_duration":412,"executable":"generateData.js","args":[],"id":1,"resource":"1536","request_start":1576628421273,"request_end":1576628422434,"request_duration":1161,"type":"1536"}
{"start":1576628422574,"end":1576628423418,"duration":844,"downloading_duration":384,"execution_duration":70,"uploading_duration":390,"executable":"createDat.js","args":["2.dat"],"id":4,"resource":"1536","request_start":1576628422459,"request_end":1576628423437,"request_duration":978,"type":"1536"}
{"start":1576628422584,"end":1576628423458,"duration":874,"downloading_duration":412,"execution_duration":73,"uploading_duration":389,"executable":"createDat.js","args":["0.dat"],"id":2,"resource":"1536","request_start":1576628422450,"request_end":1576628423479,"request_duration":1029,"type":"1536"}
{"start":1576628422593,"end":1576628423467,"duration":874,"downloading_duration":403,"execution_duration":65,"uploading_duration":406,"executable":"createDat.js","args":["3.dat"],"id":5,"resource":"1536","request_start":1576628422463,"request_end":1576628423557,"request_duration":1094,"type":"1536"}
{"start":1576628422587,"end":1576628423469,"duration":882,"downloading_duration":426,"execution_duration":71,"uploading_duration":385,"executable":"createDat.js","args":["1.dat"],"id":3,"resource":"1536","request_start":1576628422456,"request_end":1576628423557,"request_duration":1101,"type":"1536"}
{"start":1576628423935,"end":1576628427880,"duration":3945,"downloading_duration":995,"execution_duration":2314,"uploading_duration":636,"executable":"ellipsoids-openmp","args":["2.dat","237.log","237.xoutput"],"id":143,"resource":"1536","request_start":1576628423523,"request_end":1576628427902,"request_duration":4379,"type":"1536"}
{"start":1576628423951,"end":1576628428117,"duration":4166,"downloading_duration":1199,"execution_duration":2310,"uploading_duration":657,"executable":"ellipsoids-openmp","args":["2.dat","242.log","242.xoutput"],"id":148,"resource":"1536","request_start":1576628423527,"request_end":1576628428137,"request_duration":4610,"type":"1536"}
{"start":1576628423591,"end":1576628428124,"duration":4533,"downloading_duration":979,"execution_duration":2909,"uploading_duration":645,"executable":"ellipsoids-openmp","args":["2.dat","249.log","249.xoutput"],"id":155,"resource":"1536","request_start":1576628423532,"request_end":1576628428145,"request_duration":4613,"type":"1536"}
{"start":1576628423591,"end":1576628428174,"duration":4583,"downloading_duration":993,"execution_duration":3020,"uploading_duration":570,"executable":"ellipsoids-openmp","args":["2.dat","248.log","248.xoutput"],"id":154,"resource":"1536","request_start":1576628423532,"request_end":1576628428194,"request_duration":4662,"type":"1536"}
{"start":1576628423773,"end":1576628428199,"duration":4426,"downloading_duration":990,"execution_duration":2836,"uploading_duration":600,"executable":"ellipsoids-openmp","args":["2.dat","20.log","20.xoutput"],"id":106,"resource":"1536","request_start":1576628423480,"request_end":1576628428218,"request_duration":4738,"type":"1536"}
{"start":1576628423889,"end":1576628428307,"duration":4418,"downloading_duration":999,"execution_duration":2849,"uploading_duration":570,"executable":"ellipsoids-openmp","args":["2.dat","229.log","229.xoutput"],"id":135,"resource":"1536","request_start":1576628423514,"request_end":1576628428326,"request_duration":4812,"type":"1536"}
{"start":1576628423796,"end":1576628428349,"duration":4553,"downloading_duration":1075,"execution_duration":2898,"uploading_duration":580,"executable":"ellipsoids-openmp","args":["2.dat","27.log","27.xoutput"],"id":113,"resource":"1536","request_start":1576628423490,"request_end":1576628428367,"request_duration":4877,"type":"1536"}
{"start":1576628423890,"end":1576628428354,"duration":4464,"downloading_duration":996,"execution_duration":2886,"uploading_duration":582,"executable":"ellipsoids-openmp","args":["2.dat","218.log","218.xoutput"],"id":124,"resource":"1536","request_start":1576628423504,"request_end":1576628428374,"request_duration":4870,"type":"1536"}
{"start":1576628423790,"end":1576628428362,"duration":4572,"downloading_duration":1047,"execution_duration":2952,"uploading_duration":573,"executable":"ellipsoids-openmp","args":["2.dat","24.log","24.xoutput"],"id":110,"resource":"1536","request_start":1576628423487,"request_end":1576628428381,"request_duration":4894,"type":"1536"}
{"start":1576628423946,"end":1576628428391,"duration":4445,"downloading_duration":1037,"execution_duration":2763,"uploading_duration":645,"executable":"ellipsoids-openmp","args":["2.dat","247.log","247.xoutput"],"id":153,"resource":"1536","request_start":1576628423531,"request_end":1576628428410,"request_duration":4879,"type":"1536"}
{"start":1576628423812,"end":1576628428394,"duration":4582,"downloading_duration":1006,"execution_duration":2965,"uploading_duration":611,"executable":"ellipsoids-openmp","args":["2.dat","211.log","211.xoutput"],"id":117,"resource":"1536","request_start":1576628423495,"request_end":1576628428415,"request_duration":4920,"type":"1536"}
{"start":1576628423794,"end":1576628428395,"duration":4601,"downloading_duration":1035,"execution_duration":3000,"uploading_duration":566,"executable":"ellipsoids-openmp","args":["2.dat","25.log","25.xoutput"],"id":111,"resource":"1536","request_start":1576628423488,"request_end":1576628428420,"request_duration":4932,"type":"1536"}
{"start":1576628423886,"end":1576628428399,"duration":4513,"downloading_duration":1013,"execution_duration":2902,"uploading_duration":598,"executable":"ellipsoids-openmp","args":["2.dat","224.log","224.xoutput"],"id":130,"resource":"1536","request_start":1576628423509,"request_end":1576628428423,"request_duration":4914,"type":"1536"}
{"start":1576628423846,"end":1576628428414,"duration":4568,"downloading_duration":1012,"execution_duration":2985,"uploading_duration":571,"executable":"ellipsoids-openmp","args":["2.dat","212.log","212.xoutput"],"id":118,"resource":"1536","request_start":1576628423498,"request_end":1576628428432,"request_duration":4934,"type":"1536"}
{"start":1576628423774,"end":1576628428416,"duration":4642,"downloading_duration":1137,"execution_duration":2899,"uploading_duration":606,"executable":"ellipsoids-openmp","args":["2.dat","21.log","21.xoutput"],"id":107,"resource":"1536","request_start":1576628423482,"request_end":1576628428438,"request_duration":4956,"type":"1536"}
{"start":1576628423862,"end":1576628428429,"duration":4567,"downloading_duration":1041,"execution_duration":2913,"uploading_duration":613,"executable":"ellipsoids-openmp","args":["2.dat","213.log","213.xoutput"],"id":119,"resource":"1536","request_start":1576628423500,"request_end":1576628428446,"request_duration":4946,"type":"1536"}
{"start":1576628423793,"end":1576628428430,"duration":4637,"downloading_duration":1052,"execution_duration":2980,"uploading_duration":605,"executable":"ellipsoids-openmp","args":["2.dat","23.log","23.xoutput"],"id":109,"resource":"1536","request_start":1576628423485,"request_end":1576628428450,"request_duration":4965,"type":"1536"}
{"start":1576628423929,"end":1576628428441,"duration":4512,"downloading_duration":1036,"execution_duration":2892,"uploading_duration":584,"executable":"ellipsoids-openmp","args":["2.dat","235.log","235.xoutput"],"id":141,"resource":"1536","request_start":1576628423521,"request_end":1576628428463,"request_duration":4942,"type":"1536"}
{"start":1576628423853,"end":1576628428439,"duration":4586,"downloading_duration":992,"execution_duration":3009,"uploading_duration":585,"executable":"ellipsoids-openmp","args":["2.dat","215.log","215.xoutput"],"id":121,"resource":"1536","request_start":1576628423501,"request_end":1576628428465,"request_duration":4964,"type":"1536"}
{"start":1576628423845,"end":1576628428442,"duration":4597,"downloading_duration":1178,"execution_duration":2852,"uploading_duration":567,"executable":"ellipsoids-openmp","args":["2.dat","214.log","214.xoutput"],"id":120,"resource":"1536","request_start":1576628423500,"request_end":1576628428468,"request_duration":4968,"type":"1536"}
{"start":1576628423952,"end":1576628428443,"duration":4491,"downloading_duration":1073,"execution_duration":2804,"uploading_duration":614,"executable":"ellipsoids-openmp","args":["2.dat","245.log","245.xoutput"],"id":151,"resource":"1536","request_start":1576628423529,"request_end":1576628428472,"request_duration":4943,"type":"1536"}
{"start":1576628423886,"end":1576628428474,"duration":4588,"downloading_duration":1042,"execution_duration":2898,"uploading_duration":648,"executable":"ellipsoids-openmp","args":["2.dat","230.log","230.xoutput"],"id":136,"resource":"1536","request_start":1576628423515,"request_end":1576628428493,"request_duration":4978,"type":"1536"}
{"start":1576628423887,"end":1576628428475,"duration":4588,"downloading_duration":987,"execution_duration":2984,"uploading_duration":617,"executable":"ellipsoids-openmp","args":["2.dat","227.log","227.xoutput"],"id":133,"resource":"1536","request_start":1576628423512,"request_end":1576628428499,"request_duration":4987,"type":"1536"}
{"start":1576628423887,"end":1576628428476,"duration":4589,"downloading_duration":1012,"execution_duration":3004,"uploading_duration":573,"executable":"ellipsoids-openmp","args":["2.dat","228.log","228.xoutput"],"id":134,"resource":"1536","request_start":1576628423513,"request_end":1576628428499,"request_duration":4986,"type":"1536"}
{"start":1576628423940,"end":1576628428477,"duration":4537,"downloading_duration":998,"execution_duration":2882,"uploading_duration":657,"executable":"ellipsoids-openmp","args":["2.dat","236.log","236.xoutput"],"id":142,"resource":"1536","request_start":1576628423522,"request_end":1576628428500,"request_duration":4978,"type":"1536"}
{"start":1576628423938,"end":1576628428476,"duration":4538,"downloading_duration":1008,"execution_duration":2888,"uploading_duration":642,"executable":"ellipsoids-openmp","args":["2.dat","239.log","239.xoutput"],"id":145,"resource":"1536","request_start":1576628423524,"request_end":1576628428501,"request_duration":4977,"type":"1536"}
{"start":1576628423801,"end":1576628428481,"duration":4680,"downloading_duration":1071,"execution_duration":2981,"uploading_duration":628,"executable":"ellipsoids-openmp","args":["2.dat","26.log","26.xoutput"],"id":112,"resource":"1536","request_start":1576628423489,"request_end":1576628428512,"request_duration":5023,"type":"1536"}
{"start":1576628423854,"end":1576628428481,"duration":4627,"downloading_duration":1002,"execution_duration":3009,"uploading_duration":616,"executable":"ellipsoids-openmp","args":["2.dat","219.log","219.xoutput"],"id":125,"resource":"1536","request_start":1576628423505,"request_end":1576628428513,"request_duration":5008,"type":"1536"}
{"start":1576628423855,"end":1576628428493,"duration":4638,"downloading_duration":994,"execution_duration":2990,"uploading_duration":654,"executable":"ellipsoids-openmp","args":["2.dat","217.log","217.xoutput"],"id":123,"resource":"1536","request_start":1576628423503,"request_end":1576628428522,"request_duration":5019,"type":"1536"}
{"start":1576628423934,"end":1576628428494,"duration":4560,"downloading_duration":1024,"execution_duration":2947,"uploading_duration":589,"executable":"ellipsoids-openmp","args":["2.dat","233.log","233.xoutput"],"id":139,"resource":"1536","request_start":1576628423518,"request_end":1576628428523,"request_duration":5005,"type":"1536"}
{"start":1576628423935,"end":1576628428495,"duration":4560,"downloading_duration":1024,"execution_duration":2925,"uploading_duration":611,"executable":"ellipsoids-openmp","args":["2.dat","240.log","240.xoutput"],"id":146,"resource":"1536","request_start":1576628423525,"request_end":1576628428524,"request_duration":4999,"type":"1536"}
{"start":1576628423889,"end":1576628428497,"duration":4608,"downloading_duration":995,"execution_duration":2999,"uploading_duration":614,"executable":"ellipsoids-openmp","args":["2.dat","231.log","231.xoutput"],"id":137,"resource":"1536","request_start":1576628423516,"request_end":1576628428525,"request_duration":5009,"type":"1536"}
{"start":1576628423938,"end":1576628428496,"duration":4558,"downloading_duration":997,"execution_duration":2934,"uploading_duration":627,"executable":"ellipsoids-openmp","args":["2.dat","244.log","244.xoutput"],"id":150,"resource":"1536","request_start":1576628423528,"request_end":1576628428527,"request_duration":4999,"type":"1536"}
{"start":1576628423936,"end":1576628428497,"duration":4561,"downloading_duration":1015,"execution_duration":2967,"uploading_duration":579,"executable":"ellipsoids-openmp","args":["2.dat","232.log","232.xoutput"],"id":138,"resource":"1536","request_start":1576628423517,"request_end":1576628428527,"request_duration":5010,"type":"1536"}
{"start":1576628423894,"end":1576628428512,"duration":4618,"downloading_duration":1076,"execution_duration":2967,"uploading_duration":575,"executable":"ellipsoids-openmp","args":["2.dat","222.log","222.xoutput"],"id":128,"resource":"1536","request_start":1576628423508,"request_end":1576628428540,"request_duration":5032,"type":"1536"}
{"start":1576628423886,"end":1576628428545,"duration":4659,"downloading_duration":1094,"execution_duration":2996,"uploading_duration":569,"executable":"ellipsoids-openmp","args":["2.dat","223.log","223.xoutput"],"id":129,"resource":"1536","request_start":1576628423509,"request_end":1576628428566,"request_duration":5057,"type":"1536"}
{"start":1576628423885,"end":1576628428559,"duration":4674,"downloading_duration":1171,"execution_duration":2937,"uploading_duration":566,"executable":"ellipsoids-openmp","args":["2.dat","220.log","220.xoutput"],"id":126,"resource":"1536","request_start":1576628423506,"request_end":1576628428579,"request_duration":5073,"type":"1536"}
{"start":1576628423843,"end":1576628428565,"duration":4722,"downloading_duration":1112,"execution_duration":2998,"uploading_duration":612,"executable":"ellipsoids-openmp","args":["2.dat","216.log","216.xoutput"],"id":122,"resource":"1536","request_start":1576628423502,"request_end":1576628428585,"request_duration":5083,"type":"1536"}
{"start":1576628423882,"end":1576628428568,"duration":4686,"downloading_duration":1082,"execution_duration":3008,"uploading_duration":596,"executable":"ellipsoids-openmp","args":["2.dat","226.log","226.xoutput"],"id":132,"resource":"1536","request_start":1576628423511,"request_end":1576628428587,"request_duration":5076,"type":"1536"}
{"start":1576628423943,"end":1576628428578,"duration":4635,"downloading_duration":1073,"execution_duration":2962,"uploading_duration":600,"executable":"ellipsoids-openmp","args":["2.dat","241.log","241.xoutput"],"id":147,"resource":"1536","request_start":1576628423526,"request_end":1576628428596,"request_duration":5070,"type":"1536"}
{"start":1576628423873,"end":1576628428585,"duration":4712,"downloading_duration":1148,"execution_duration":2961,"uploading_duration":603,"executable":"ellipsoids-openmp","args":["2.dat","221.log","221.xoutput"],"id":127,"resource":"1536","request_start":1576628423507,"request_end":1576628428604,"request_duration":5097,"type":"1536"}
{"start":1576628423950,"end":1576628428587,"duration":4637,"downloading_duration":1073,"execution_duration":2946,"uploading_duration":618,"executable":"ellipsoids-openmp","args":["2.dat","243.log","243.xoutput"],"id":149,"resource":"1536","request_start":1576628423528,"request_end":1576628428606,"request_duration":5078,"type":"1536"}
{"start":1576628423806,"end":1576628428595,"duration":4789,"downloading_duration":1169,"execution_duration":2974,"uploading_duration":646,"executable":"ellipsoids-openmp","args":["2.dat","28.log","28.xoutput"],"id":114,"resource":"1536","request_start":1576628423492,"request_end":1576628428614,"request_duration":5122,"type":"1536"}
{"start":1576628423942,"end":1576628428628,"duration":4686,"downloading_duration":1067,"execution_duration":3024,"uploading_duration":595,"executable":"ellipsoids-openmp","args":["2.dat","238.log","238.xoutput"],"id":144,"resource":"1536","request_start":1576628423523,"request_end":1576628428646,"request_duration":5123,"type":"1536"}
{"start":1576628423936,"end":1576628428672,"duration":4736,"downloading_duration":1042,"execution_duration":3063,"uploading_duration":631,"executable":"ellipsoids-openmp","args":["2.dat","234.log","234.xoutput"],"id":140,"resource":"1536","request_start":1576628423519,"request_end":1576628428691,"request_duration":5172,"type":"1536"}
{"start":1576628423814,"end":1576628428681,"duration":4867,"downloading_duration":1187,"execution_duration":3061,"uploading_duration":619,"executable":"ellipsoids-openmp","args":["2.dat","210.log","210.xoutput"],"id":116,"resource":"1536","request_start":1576628423494,"request_end":1576628428699,"request_duration":5205,"type":"1536"}
{"start":1576628423789,"end":1576628428682,"duration":4893,"downloading_duration":1034,"execution_duration":3115,"uploading_duration":744,"executable":"ellipsoids-openmp","args":["2.dat","29.log","29.xoutput"],"id":115,"resource":"1536","request_start":1576628423493,"request_end":1576628428701,"request_duration":5208,"type":"1536"}
{"start":1576628423955,"end":1576628428732,"duration":4777,"downloading_duration":1160,"execution_duration":2981,"uploading_duration":636,"executable":"ellipsoids-openmp","args":["2.dat","246.log","246.xoutput"],"id":152,"resource":"1536","request_start":1576628423530,"request_end":1576628428753,"request_duration":5223,"type":"1536"}
{"start":1576628423888,"end":1576628428770,"duration":4882,"downloading_duration":1000,"execution_duration":3023,"uploading_duration":859,"executable":"ellipsoids-openmp","args":["2.dat","225.log","225.xoutput"],"id":131,"resource":"1536","request_start":1576628423510,"request_end":1576628428791,"request_duration":5281,"type":"1536"}
{"start":1576628423789,"end":1576628428890,"duration":5101,"downloading_duration":1007,"execution_duration":3012,"uploading_duration":1082,"executable":"ellipsoids-openmp","args":["2.dat","22.log","22.xoutput"],"id":108,"resource":"1536","request_start":1576628423484,"request_end":1576628428911,"request_duration":5427,"type":"1536"}
{"start":1576628427928,"end":1576628431815,"duration":3887,"downloading_duration":1018,"execution_duration":2309,"uploading_duration":560,"executable":"ellipsoids-openmp","args":["0.dat","04.log","04.xoutput"],"id":10,"resource":"1536","request_start":1576628423590,"request_end":1576628431836,"request_duration":8246,"type":"1536"}
{"start":1576628428173,"end":1576628432187,"duration":4014,"downloading_duration":1072,"execution_duration":2372,"uploading_duration":570,"executable":"ellipsoids-openmp","args":["0.dat","06.log","06.xoutput"],"id":12,"resource":"1536","request_start":1576628423592,"request_end":1576628432207,"request_duration":8615,"type":"1536"}
{"start":1576628428167,"end":1576628432893,"duration":4726,"downloading_duration":1085,"execution_duration":3028,"uploading_duration":613,"executable":"ellipsoids-openmp","args":["0.dat","05.log","05.xoutput"],"id":11,"resource":"1536","request_start":1576628423591,"request_end":1576628432915,"request_duration":9324,"type":"1536"}
{"start":1576628428450,"end":1576628432953,"duration":4503,"downloading_duration":987,"execution_duration":2948,"uploading_duration":568,"executable":"ellipsoids-openmp","args":["0.dat","016.log","016.xoutput"],"id":22,"resource":"1536","request_start":1576628423597,"request_end":1576628432977,"request_duration":9380,"type":"1536"}
{"start":1576628428250,"end":1576628432975,"duration":4725,"downloading_duration":1093,"execution_duration":3033,"uploading_duration":599,"executable":"ellipsoids-openmp","args":["0.dat","08.log","08.xoutput"],"id":14,"resource":"1536","request_start":1576628423593,"request_end":1576628432995,"request_duration":9402,"type":"1536"}
{"start":1576628428401,"end":1576628432978,"duration":4577,"downloading_duration":977,"execution_duration":2992,"uploading_duration":608,"executable":"ellipsoids-openmp","args":["0.dat","011.log","011.xoutput"],"id":17,"resource":"1536","request_start":1576628423594,"request_end":1576628432997,"request_duration":9403,"type":"1536"}
{"start":1576628428481,"end":1576628433037,"duration":4556,"downloading_duration":1023,"execution_duration":2890,"uploading_duration":643,"executable":"ellipsoids-openmp","args":["0.dat","020.log","020.xoutput"],"id":26,"resource":"1536","request_start":1576628423603,"request_end":1576628433057,"request_duration":9454,"type":"1536"}
{"start":1576628428449,"end":1576628433047,"duration":4598,"downloading_duration":999,"execution_duration":3009,"uploading_duration":590,"executable":"ellipsoids-openmp","args":["0.dat","014.log","014.xoutput"],"id":20,"resource":"1536","request_start":1576628423596,"request_end":1576628433073,"request_duration":9477,"type":"1536"}
{"start":1576628428225,"end":1576628433063,"duration":4838,"downloading_duration":1085,"execution_duration":3109,"uploading_duration":644,"executable":"ellipsoids-openmp","args":["0.dat","07.log","07.xoutput"],"id":13,"resource":"1536","request_start":1576628423592,"request_end":1576628433089,"request_duration":9497,"type":"1536"}
{"start":1576628428355,"end":1576628433119,"duration":4764,"downloading_duration":1086,"execution_duration":3063,"uploading_duration":615,"executable":"ellipsoids-openmp","args":["0.dat","09.log","09.xoutput"],"id":15,"resource":"1536","request_start":1576628423593,"request_end":1576628433200,"request_duration":9607,"type":"1536"}
{"start":1576628428393,"end":1576628433145,"duration":4752,"downloading_duration":1069,"execution_duration":3053,"uploading_duration":630,"executable":"ellipsoids-openmp","args":["0.dat","010.log","010.xoutput"],"id":16,"resource":"1536","request_start":1576628423594,"request_end":1576628433201,"request_duration":9607,"type":"1536"}
{"start":1576628428468,"end":1576628433163,"duration":4695,"downloading_duration":1078,"execution_duration":2999,"uploading_duration":618,"executable":"ellipsoids-openmp","args":["0.dat","018.log","018.xoutput"],"id":24,"resource":"1536","request_start":1576628423602,"request_end":1576628433204,"request_duration":9602,"type":"1536"}
{"start":1576628428451,"end":1576628433174,"duration":4723,"downloading_duration":1080,"execution_duration":3043,"uploading_duration":600,"executable":"ellipsoids-openmp","args":["0.dat","015.log","015.xoutput"],"id":21,"resource":"1536","request_start":1576628423597,"request_end":1576628433207,"request_duration":9610,"type":"1536"}
{"start":1576628428464,"end":1576628433175,"duration":4711,"downloading_duration":1094,"execution_duration":3024,"uploading_duration":593,"executable":"ellipsoids-openmp","args":["0.dat","017.log","017.xoutput"],"id":23,"resource":"1536","request_start":1576628423601,"request_end":1576628433209,"request_duration":9608,"type":"1536"}
{"start":1576628428561,"end":1576628433182,"duration":4621,"downloading_duration":1014,"execution_duration":3039,"uploading_duration":568,"executable":"ellipsoids-openmp","args":["0.dat","036.log","036.xoutput"],"id":42,"resource":"1536","request_start":1576628423614,"request_end":1576628433218,"request_duration":9604,"type":"1536"}
{"start":1576628428502,"end":1576628433183,"duration":4681,"downloading_duration":1042,"execution_duration":3080,"uploading_duration":559,"executable":"ellipsoids-openmp","args":["0.dat","023.log","023.xoutput"],"id":29,"resource":"1536","request_start":1576628423605,"request_end":1576628433220,"request_duration":9615,"type":"1536"}
{"start":1576628428489,"end":1576628433189,"duration":4700,"downloading_duration":1072,"execution_duration":3011,"uploading_duration":617,"executable":"ellipsoids-openmp","args":["0.dat","021.log","021.xoutput"],"id":27,"resource":"1536","request_start":1576628423603,"request_end":1576628433226,"request_duration":9623,"type":"1536"}
{"start":1576628428562,"end":1576628433203,"duration":4641,"downloading_duration":1050,"execution_duration":2968,"uploading_duration":623,"executable":"ellipsoids-openmp","args":["0.dat","037.log","037.xoutput"],"id":43,"resource":"1536","request_start":1576628423615,"request_end":1576628433230,"request_duration":9615,"type":"1536"}
{"start":1576628428572,"end":1576628433216,"duration":4644,"downloading_duration":1091,"execution_duration":2981,"uploading_duration":572,"executable":"ellipsoids-openmp","args":["0.dat","038.log","038.xoutput"],"id":44,"resource":"1536","request_start":1576628423615,"request_end":1576628433238,"request_duration":9623,"type":"1536"}
{"start":1576628428527,"end":1576628433224,"duration":4697,"downloading_duration":1078,"execution_duration":3042,"uploading_duration":577,"executable":"ellipsoids-openmp","args":["0.dat","026.log","026.xoutput"],"id":32,"resource":"1536","request_start":1576628423606,"request_end":1576628433256,"request_duration":9650,"type":"1536"}
{"start":1576628428594,"end":1576628433226,"duration":4632,"downloading_duration":1068,"execution_duration":2966,"uploading_duration":598,"executable":"ellipsoids-openmp","args":["0.dat","039.log","039.xoutput"],"id":45,"resource":"1536","request_start":1576628423616,"request_end":1576628433258,"request_duration":9642,"type":"1536"}
{"start":1576628428538,"end":1576628433227,"duration":4689,"downloading_duration":1062,"execution_duration":3045,"uploading_duration":582,"executable":"ellipsoids-openmp","args":["0.dat","030.log","030.xoutput"],"id":36,"resource":"1536","request_start":1576628423609,"request_end":1576628433261,"request_duration":9652,"type":"1536"}
{"start":1576628428531,"end":1576628433257,"duration":4726,"downloading_duration":1083,"execution_duration":3071,"uploading_duration":572,"executable":"ellipsoids-openmp","args":["0.dat","027.log","027.xoutput"],"id":33,"resource":"1536","request_start":1576628423608,"request_end":1576628433287,"request_duration":9679,"type":"1536"}
{"start":1576628428456,"end":1576628433261,"duration":4805,"downloading_duration":1080,"execution_duration":3079,"uploading_duration":646,"executable":"ellipsoids-openmp","args":["0.dat","013.log","013.xoutput"],"id":19,"resource":"1536","request_start":1576628423596,"request_end":1576628433289,"request_duration":9693,"type":"1536"}
{"start":1576628428561,"end":1576628433263,"duration":4702,"downloading_duration":1045,"execution_duration":3066,"uploading_duration":591,"executable":"ellipsoids-openmp","args":["0.dat","035.log","035.xoutput"],"id":41,"resource":"1536","request_start":1576628423613,"request_end":1576628433291,"request_duration":9678,"type":"1536"}
{"start":1576628428531,"end":1576628433264,"duration":4733,"downloading_duration":1109,"execution_duration":3065,"uploading_duration":559,"executable":"ellipsoids-openmp","args":["0.dat","028.log","028.xoutput"],"id":34,"resource":"1536","request_start":1576628423608,"request_end":1576628433294,"request_duration":9686,"type":"1536"}
{"start":1576628428560,"end":1576628433271,"duration":4711,"downloading_duration":991,"execution_duration":3054,"uploading_duration":666,"executable":"ellipsoids-openmp","args":["0.dat","033.log","033.xoutput"],"id":39,"resource":"1536","request_start":1576628423611,"request_end":1576628433297,"request_duration":9686,"type":"1536"}
{"start":1576628428561,"end":1576628433282,"duration":4721,"downloading_duration":1137,"execution_duration":3019,"uploading_duration":565,"executable":"ellipsoids-openmp","args":["0.dat","034.log","034.xoutput"],"id":40,"resource":"1536","request_start":1576628423612,"request_end":1576628433305,"request_duration":9693,"type":"1536"}
{"start":1576628428501,"end":1576628433297,"duration":4796,"downloading_duration":1093,"execution_duration":3036,"uploading_duration":667,"executable":"ellipsoids-openmp","args":["0.dat","022.log","022.xoutput"],"id":28,"resource":"1536","request_start":1576628423604,"request_end":1576628433316,"request_duration":9712,"type":"1536"}
{"start":1576628428636,"end":1576628433301,"duration":4665,"downloading_duration":1001,"execution_duration":3046,"uploading_duration":618,"executable":"ellipsoids-openmp","args":["0.dat","043.log","043.xoutput"],"id":49,"resource":"1536","request_start":1576628423618,"request_end":1576628433323,"request_duration":9705,"type":"1536"}
{"start":1576628428474,"end":1576628433304,"duration":4830,"downloading_duration":1094,"execution_duration":3002,"uploading_duration":734,"executable":"ellipsoids-openmp","args":["0.dat","019.log","019.xoutput"],"id":25,"resource":"1536","request_start":1576628423602,"request_end":1576628433327,"request_duration":9725,"type":"1536"}
{"start":1576628428555,"end":1576628433308,"duration":4753,"downloading_duration":1039,"execution_duration":3105,"uploading_duration":609,"executable":"ellipsoids-openmp","args":["0.dat","032.log","032.xoutput"],"id":38,"resource":"1536","request_start":1576628423611,"request_end":1576628433329,"request_duration":9718,"type":"1536"}
{"start":1576628428407,"end":1576628433315,"duration":4908,"downloading_duration":1000,"execution_duration":3173,"uploading_duration":735,"executable":"ellipsoids-openmp","args":["0.dat","012.log","012.xoutput"],"id":18,"resource":"1536","request_start":1576628423595,"request_end":1576628433343,"request_duration":9748,"type":"1536"}
{"start":1576628428533,"end":1576628433318,"duration":4785,"downloading_duration":1094,"execution_duration":3075,"uploading_duration":616,"executable":"ellipsoids-openmp","args":["0.dat","029.log","029.xoutput"],"id":35,"resource":"1536","request_start":1576628423609,"request_end":1576628433345,"request_duration":9736,"type":"1536"}
{"start":1576628428508,"end":1576628433320,"duration":4812,"downloading_duration":1167,"execution_duration":3047,"uploading_duration":598,"executable":"ellipsoids-openmp","args":["0.dat","024.log","024.xoutput"],"id":30,"resource":"1536","request_start":1576628423605,"request_end":1576628433348,"request_duration":9743,"type":"1536"}
{"start":1576628428619,"end":1576628433323,"duration":4704,"downloading_duration":1033,"execution_duration":3094,"uploading_duration":577,"executable":"ellipsoids-openmp","args":["0.dat","041.log","041.xoutput"],"id":47,"resource":"1536","request_start":1576628423617,"request_end":1576628433349,"request_duration":9732,"type":"1536"}
{"start":1576628428606,"end":1576628433323,"duration":4717,"downloading_duration":1007,"execution_duration":3072,"uploading_duration":638,"executable":"ellipsoids-openmp","args":["0.dat","040.log","040.xoutput"],"id":46,"resource":"1536","request_start":1576628423616,"request_end":1576628433351,"request_duration":9735,"type":"1536"}
{"start":1576628428632,"end":1576628433346,"duration":4714,"downloading_duration":1084,"execution_duration":3014,"uploading_duration":616,"executable":"ellipsoids-openmp","args":["0.dat","044.log","044.xoutput"],"id":50,"resource":"1536","request_start":1576628423619,"request_end":1576628433368,"request_duration":9749,"type":"1536"}
{"start":1576628428547,"end":1576628433348,"duration":4801,"downloading_duration":1111,"execution_duration":3104,"uploading_duration":586,"executable":"ellipsoids-openmp","args":["0.dat","031.log","031.xoutput"],"id":37,"resource":"1536","request_start":1576628423610,"request_end":1576628433370,"request_duration":9760,"type":"1536"}
{"start":1576628428627,"end":1576628433359,"duration":4732,"downloading_duration":1029,"execution_duration":3140,"uploading_duration":563,"executable":"ellipsoids-openmp","args":["0.dat","042.log","042.xoutput"],"id":48,"resource":"1536","request_start":1576628423618,"request_end":1576628433378,"request_duration":9760,"type":"1536"}
{"start":1576628428734,"end":1576628433366,"duration":4632,"downloading_duration":1034,"execution_duration":3018,"uploading_duration":580,"executable":"ellipsoids-openmp","args":["0.dat","00.log","00.xoutput"],"id":6,"resource":"1536","request_start":1576628423622,"request_end":1576628433384,"request_duration":9762,"type":"1536"}
{"start":1576628428639,"end":1576628433398,"duration":4759,"downloading_duration":1020,"execution_duration":3183,"uploading_duration":556,"executable":"ellipsoids-openmp","args":["0.dat","045.log","045.xoutput"],"id":51,"resource":"1536","request_start":1576628423620,"request_end":1576628433420,"request_duration":9800,"type":"1536"}
{"start":1576628428524,"end":1576628433409,"duration":4885,"downloading_duration":1068,"execution_duration":3200,"uploading_duration":617,"executable":"ellipsoids-openmp","args":["0.dat","025.log","025.xoutput"],"id":31,"resource":"1536","request_start":1576628423606,"request_end":1576628433429,"request_duration":9823,"type":"1536"}
{"start":1576628428646,"end":1576628433417,"duration":4771,"downloading_duration":1071,"execution_duration":3076,"uploading_duration":624,"executable":"ellipsoids-openmp","args":["0.dat","046.log","046.xoutput"],"id":52,"resource":"1536","request_start":1576628423620,"request_end":1576628433435,"request_duration":9815,"type":"1536"}
{"start":1576628428816,"end":1576628433493,"duration":4677,"downloading_duration":987,"execution_duration":3082,"uploading_duration":608,"executable":"ellipsoids-openmp","args":["0.dat","02.log","02.xoutput"],"id":8,"resource":"1536","request_start":1576628423623,"request_end":1576628433514,"request_duration":9891,"type":"1536"}
{"start":1576628428778,"end":1576628433552,"duration":4774,"downloading_duration":988,"execution_duration":3220,"uploading_duration":566,"executable":"ellipsoids-openmp","args":["0.dat","01.log","01.xoutput"],"id":7,"resource":"1536","request_start":1576628423622,"request_end":1576628433571,"request_duration":9949,"type":"1536"}
{"start":1576628428727,"end":1576628433562,"duration":4835,"downloading_duration":1094,"execution_duration":3134,"uploading_duration":607,"executable":"ellipsoids-openmp","args":["0.dat","049.log","049.xoutput"],"id":55,"resource":"1536","request_start":1576628423621,"request_end":1576628433581,"request_duration":9960,"type":"1536"}
{"start":1576628428717,"end":1576628433745,"duration":5028,"downloading_duration":1165,"execution_duration":3206,"uploading_duration":657,"executable":"ellipsoids-openmp","args":["0.dat","048.log","048.xoutput"],"id":54,"resource":"1536","request_start":1576628423621,"request_end":1576628433764,"request_duration":10143,"type":"1536"}
{"start":1576628428939,"end":1576628433842,"duration":4903,"downloading_duration":1013,"execution_duration":3210,"uploading_duration":680,"executable":"ellipsoids-openmp","args":["0.dat","03.log","03.xoutput"],"id":9,"resource":"1536","request_start":1576628423623,"request_end":1576628433862,"request_duration":10239,"type":"1536"}
{"start":1576628428674,"end":1576628434191,"duration":5517,"downloading_duration":1833,"execution_duration":3095,"uploading_duration":589,"executable":"ellipsoids-openmp","args":["0.dat","047.log","047.xoutput"],"id":53,"resource":"1536","request_start":1576628423621,"request_end":1576628434212,"request_duration":10591,"type":"1536"}
{"start":1576628431866,"end":1576628435950,"duration":4084,"downloading_duration":996,"execution_duration":2478,"uploading_duration":610,"executable":"ellipsoids-openmp","args":["3.dat","30.log","30.xoutput"],"id":156,"resource":"1536","request_start":1576628423661,"request_end":1576628435970,"request_duration":12309,"type":"1536"}
{"start":1576628432232,"end":1576628436269,"duration":4037,"downloading_duration":1083,"execution_duration":2340,"uploading_duration":614,"executable":"ellipsoids-openmp","args":["3.dat","31.log","31.xoutput"],"id":157,"resource":"1536","request_start":1576628423661,"request_end":1576628436290,"request_duration":12629,"type":"1536"}
{"start":1576628433099,"end":1576628437355,"duration":4256,"downloading_duration":1012,"execution_duration":2664,"uploading_duration":580,"executable":"ellipsoids-openmp","args":["3.dat","37.log","37.xoutput"],"id":163,"resource":"1536","request_start":1576628423665,"request_end":1576628437374,"request_duration":13709,"type":"1536"}
{"start":1576628432948,"end":1576628437357,"duration":4409,"downloading_duration":1084,"execution_duration":2740,"uploading_duration":585,"executable":"ellipsoids-openmp","args":["3.dat","32.log","32.xoutput"],"id":158,"resource":"1536","request_start":1576628423662,"request_end":1576628437381,"request_duration":13719,"type":"1536"}
{"start":1576628433024,"end":1576628437410,"duration":4386,"downloading_duration":1002,"execution_duration":2770,"uploading_duration":614,"executable":"ellipsoids-openmp","args":["3.dat","34.log","34.xoutput"],"id":160,"resource":"1536","request_start":1576628423663,"request_end":1576628437431,"request_duration":13768,"type":"1536"}
{"start":1576628433029,"end":1576628437421,"duration":4392,"downloading_duration":1056,"execution_duration":2716,"uploading_duration":620,"executable":"ellipsoids-openmp","args":["3.dat","35.log","35.xoutput"],"id":161,"resource":"1536","request_start":1576628423663,"request_end":1576628437442,"request_duration":13779,"type":"1536"}
{"start":1576628433119,"end":1576628437469,"duration":4350,"downloading_duration":1075,"execution_duration":2681,"uploading_duration":594,"executable":"ellipsoids-openmp","args":["3.dat","38.log","38.xoutput"],"id":164,"resource":"1536","request_start":1576628423665,"request_end":1576628437491,"request_duration":13826,"type":"1536"}
{"start":1576628433084,"end":1576628437513,"duration":4429,"downloading_duration":995,"execution_duration":2789,"uploading_duration":645,"executable":"ellipsoids-openmp","args":["3.dat","36.log","36.xoutput"],"id":162,"resource":"1536","request_start":1576628423664,"request_end":1576628437532,"request_duration":13868,"type":"1536"}
{"start":1576628433230,"end":1576628437518,"duration":4288,"downloading_duration":991,"execution_duration":2731,"uploading_duration":566,"executable":"ellipsoids-openmp","args":["3.dat","310.log","310.xoutput"],"id":166,"resource":"1536","request_start":1576628423666,"request_end":1576628437542,"request_duration":13876,"type":"1536"}
{"start":1576628433236,"end":1576628437552,"duration":4316,"downloading_duration":985,"execution_duration":2719,"uploading_duration":612,"executable":"ellipsoids-openmp","args":["3.dat","311.log","311.xoutput"],"id":167,"resource":"1536","request_start":1576628423667,"request_end":1576628437574,"request_duration":13907,"type":"1536"}
{"start":1576628433233,"end":1576628437563,"duration":4330,"downloading_duration":1004,"execution_duration":2688,"uploading_duration":638,"executable":"ellipsoids-openmp","args":["3.dat","39.log","39.xoutput"],"id":165,"resource":"1536","request_start":1576628423666,"request_end":1576628437582,"request_duration":13916,"type":"1536"}
{"start":1576628433003,"end":1576628437568,"duration":4565,"downloading_duration":1099,"execution_duration":2838,"uploading_duration":628,"executable":"ellipsoids-openmp","args":["3.dat","33.log","33.xoutput"],"id":159,"resource":"1536","request_start":1576628423662,"request_end":1576628437591,"request_duration":13929,"type":"1536"}
{"start":1576628433265,"end":1576628437594,"duration":4329,"downloading_duration":1041,"execution_duration":2705,"uploading_duration":583,"executable":"ellipsoids-openmp","args":["3.dat","318.log","318.xoutput"],"id":174,"resource":"1536","request_start":1576628423670,"request_end":1576628437614,"request_duration":13944,"type":"1536"}
{"start":1576628433319,"end":1576628437602,"duration":4283,"downloading_duration":1004,"execution_duration":2721,"uploading_duration":558,"executable":"ellipsoids-openmp","args":["3.dat","322.log","322.xoutput"],"id":178,"resource":"1536","request_start":1576628423672,"request_end":1576628437621,"request_duration":13949,"type":"1536"}
{"start":1576628433259,"end":1576628437620,"duration":4361,"downloading_duration":1018,"execution_duration":2728,"uploading_duration":615,"executable":"ellipsoids-openmp","args":["3.dat","316.log","316.xoutput"],"id":172,"resource":"1536","request_start":1576628423669,"request_end":1576628437639,"request_duration":13970,"type":"1536"}
{"start":1576628433319,"end":1576628437637,"duration":4318,"downloading_duration":989,"execution_duration":2761,"uploading_duration":568,"executable":"ellipsoids-openmp","args":["3.dat","325.log","325.xoutput"],"id":181,"resource":"1536","request_start":1576628423674,"request_end":1576628437656,"request_duration":13982,"type":"1536"}
{"start":1576628433239,"end":1576628437655,"duration":4416,"downloading_duration":1079,"execution_duration":2714,"uploading_duration":623,"executable":"ellipsoids-openmp","args":["3.dat","313.log","313.xoutput"],"id":169,"resource":"1536","request_start":1576628423668,"request_end":1576628437673,"request_duration":14005,"type":"1536"}
{"start":1576628433397,"end":1576628437657,"duration":4260,"downloading_duration":1036,"execution_duration":2645,"uploading_duration":579,"executable":"ellipsoids-openmp","args":["3.dat","338.log","338.xoutput"],"id":194,"resource":"1536","request_start":1576628423681,"request_end":1576628437681,"request_duration":14000,"type":"1536"}
{"start":1576628433306,"end":1576628437664,"duration":4358,"downloading_duration":1082,"execution_duration":2693,"uploading_duration":583,"executable":"ellipsoids-openmp","args":["3.dat","321.log","321.xoutput"],"id":177,"resource":"1536","request_start":1576628423672,"request_end":1576628437684,"request_duration":14012,"type":"1536"}
{"start":1576628433255,"end":1576628437672,"duration":4417,"downloading_duration":1080,"execution_duration":2733,"uploading_duration":604,"executable":"ellipsoids-openmp","args":["3.dat","315.log","315.xoutput"],"id":171,"resource":"1536","request_start":1576628423669,"request_end":1576628437694,"request_duration":14025,"type":"1536"}
{"start":1576628433344,"end":1576628437672,"duration":4328,"downloading_duration":988,"execution_duration":2776,"uploading_duration":564,"executable":"ellipsoids-openmp","args":["3.dat","328.log","328.xoutput"],"id":184,"resource":"1536","request_start":1576628423675,"request_end":1576628437698,"request_duration":14023,"type":"1536"}
{"start":1576628433323,"end":1576628437676,"duration":4353,"downloading_duration":1033,"execution_duration":2728,"uploading_duration":592,"executable":"ellipsoids-openmp","args":["3.dat","326.log","326.xoutput"],"id":182,"resource":"1536","request_start":1576628423674,"request_end":1576628437700,"request_duration":14026,"type":"1536"}
{"start":1576628433337,"end":1576628437682,"duration":4345,"downloading_duration":988,"execution_duration":2788,"uploading_duration":569,"executable":"ellipsoids-openmp","args":["3.dat","327.log","327.xoutput"],"id":183,"resource":"1536","request_start":1576628423675,"request_end":1576628437708,"request_duration":14033,"type":"1536"}
{"start":1576628433376,"end":1576628437688,"duration":4312,"downloading_duration":987,"execution_duration":2695,"uploading_duration":630,"executable":"ellipsoids-openmp","args":["3.dat","334.log","334.xoutput"],"id":190,"resource":"1536","request_start":1576628423678,"request_end":1576628437710,"request_duration":14032,"type":"1536"}
{"start":1576628433404,"end":1576628437712,"duration":4308,"downloading_duration":1021,"execution_duration":2680,"uploading_duration":607,"executable":"ellipsoids-openmp","args":["3.dat","339.log","339.xoutput"],"id":195,"resource":"1536","request_start":1576628423681,"request_end":1576628437732,"request_duration":14051,"type":"1536"}
{"start":1576628433291,"end":1576628437720,"duration":4429,"downloading_duration":999,"execution_duration":2688,"uploading_duration":742,"executable":"ellipsoids-openmp","args":["3.dat","319.log","319.xoutput"],"id":175,"resource":"1536","request_start":1576628423671,"request_end":1576628437742,"request_duration":14071,"type":"1536"}
{"start":1576628433460,"end":1576628437724,"duration":4264,"downloading_duration":1016,"execution_duration":2660,"uploading_duration":588,"executable":"ellipsoids-openmp","args":["3.dat","341.log","341.xoutput"],"id":197,"resource":"1536","request_start":1576628423682,"request_end":1576628437745,"request_duration":14063,"type":"1536"}
{"start":1576628433397,"end":1576628437744,"duration":4347,"downloading_duration":1078,"execution_duration":2683,"uploading_duration":586,"executable":"ellipsoids-openmp","args":["3.dat","337.log","337.xoutput"],"id":193,"resource":"1536","request_start":1576628423680,"request_end":1576628437773,"request_duration":14093,"type":"1536"}
{"start":1576628433258,"end":1576628437751,"duration":4493,"downloading_duration":1040,"execution_duration":2802,"uploading_duration":651,"executable":"ellipsoids-openmp","args":["3.dat","317.log","317.xoutput"],"id":173,"resource":"1536","request_start":1576628423670,"request_end":1576628437775,"request_duration":14105,"type":"1536"}
{"start":1576628433380,"end":1576628437759,"duration":4379,"downloading_duration":1006,"execution_duration":2790,"uploading_duration":583,"executable":"ellipsoids-openmp","args":["3.dat","336.log","336.xoutput"],"id":192,"resource":"1536","request_start":1576628423679,"request_end":1576628437786,"request_duration":14107,"type":"1536"}
{"start":1576628433356,"end":1576628437767,"duration":4411,"downloading_duration":1065,"execution_duration":2766,"uploading_duration":580,"executable":"ellipsoids-openmp","args":["3.dat","330.log","330.xoutput"],"id":186,"resource":"1536","request_start":1576628423676,"request_end":1576628437789,"request_duration":14113,"type":"1536"}
{"start":1576628433322,"end":1576628437770,"duration":4448,"downloading_duration":1038,"execution_duration":2765,"uploading_duration":645,"executable":"ellipsoids-openmp","args":["3.dat","323.log","323.xoutput"],"id":179,"resource":"1536","request_start":1576628423673,"request_end":1576628437800,"request_duration":14127,"type":"1536"}
{"start":1576628433319,"end":1576628437772,"duration":4453,"downloading_duration":1098,"execution_duration":2782,"uploading_duration":573,"executable":"ellipsoids-openmp","args":["3.dat","324.log","324.xoutput"],"id":180,"resource":"1536","request_start":1576628423673,"request_end":1576628437803,"request_duration":14130,"type":"1536"}
{"start":1576628433376,"end":1576628437774,"duration":4398,"downloading_duration":1047,"execution_duration":2636,"uploading_duration":715,"executable":"ellipsoids-openmp","args":["3.dat","333.log","333.xoutput"],"id":189,"resource":"1536","request_start":1576628423678,"request_end":1576628437807,"request_duration":14129,"type":"1536"}
{"start":1576628433302,"end":1576628437775,"duration":4473,"downloading_duration":993,"execution_duration":2711,"uploading_duration":769,"executable":"ellipsoids-openmp","args":["3.dat","320.log","320.xoutput"],"id":176,"resource":"1536","request_start":1576628423671,"request_end":1576628437808,"request_duration":14137,"type":"1536"}
{"start":1576628433357,"end":1576628437777,"duration":4420,"downloading_duration":1017,"execution_duration":2789,"uploading_duration":614,"executable":"ellipsoids-openmp","args":["3.dat","331.log","331.xoutput"],"id":187,"resource":"1536","request_start":1576628423677,"request_end":1576628437809,"request_duration":14132,"type":"1536"}
{"start":1576628433244,"end":1576628437874,"duration":4630,"downloading_duration":1036,"execution_duration":2790,"uploading_duration":804,"executable":"ellipsoids-openmp","args":["3.dat","314.log","314.xoutput"],"id":170,"resource":"1536","request_start":1576628423668,"request_end":1576628437897,"request_duration":14229,"type":"1536"}
{"start":1576628433465,"end":1576628437884,"duration":4419,"downloading_duration":1065,"execution_duration":2762,"uploading_duration":592,"executable":"ellipsoids-openmp","args":["3.dat","342.log","342.xoutput"],"id":198,"resource":"1536","request_start":1576628423683,"request_end":1576628437906,"request_duration":14223,"type":"1536"}
{"start":1576628433411,"end":1576628437889,"duration":4478,"downloading_duration":1080,"execution_duration":2780,"uploading_duration":618,"executable":"ellipsoids-openmp","args":["3.dat","340.log","340.xoutput"],"id":196,"resource":"1536","request_start":1576628423682,"request_end":1576628437909,"request_duration":14227,"type":"1536"}
{"start":1576628433350,"end":1576628437891,"duration":4541,"downloading_duration":1106,"execution_duration":2798,"uploading_duration":637,"executable":"ellipsoids-openmp","args":["3.dat","329.log","329.xoutput"],"id":185,"resource":"1536","request_start":1576628423676,"request_end":1576628437914,"request_duration":14238,"type":"1536"}
{"start":1576628433371,"end":1576628437899,"duration":4528,"downloading_duration":1171,"execution_duration":2751,"uploading_duration":606,"executable":"ellipsoids-openmp","args":["3.dat","332.log","332.xoutput"],"id":188,"resource":"1536","request_start":1576628423677,"request_end":1576628437922,"request_duration":14245,"type":"1536"}
{"start":1576628433542,"end":1576628437930,"duration":4388,"downloading_duration":993,"execution_duration":2776,"uploading_duration":619,"executable":"ellipsoids-openmp","args":["3.dat","344.log","344.xoutput"],"id":200,"resource":"1536","request_start":1576628423684,"request_end":1576628437951,"request_duration":14267,"type":"1536"}
{"start":1576628433376,"end":1576628437973,"duration":4597,"downloading_duration":1002,"execution_duration":2801,"uploading_duration":794,"executable":"ellipsoids-openmp","args":["3.dat","335.log","335.xoutput"],"id":191,"resource":"1536","request_start":1576628423679,"request_end":1576628437991,"request_duration":14312,"type":"1536"}
{"start":1576628433465,"end":1576628438007,"duration":4542,"downloading_duration":1173,"execution_duration":2785,"uploading_duration":584,"executable":"ellipsoids-openmp","args":["3.dat","343.log","343.xoutput"],"id":199,"resource":"1536","request_start":1576628423683,"request_end":1576628438026,"request_duration":14343,"type":"1536"}
{"start":1576628433238,"end":1576628438010,"duration":4772,"downloading_duration":1467,"execution_duration":2689,"uploading_duration":616,"executable":"ellipsoids-openmp","args":["3.dat","312.log","312.xoutput"],"id":168,"resource":"1536","request_start":1576628423667,"request_end":1576628438029,"request_duration":14362,"type":"1536"}
{"start":1576628433604,"end":1576628438069,"duration":4465,"downloading_duration":1075,"execution_duration":2820,"uploading_duration":570,"executable":"ellipsoids-openmp","args":["3.dat","346.log","346.xoutput"],"id":202,"resource":"1536","request_start":1576628423685,"request_end":1576628438093,"request_duration":14408,"type":"1536"}
{"start":1576628433598,"end":1576628438144,"duration":4546,"downloading_duration":1117,"execution_duration":2788,"uploading_duration":641,"executable":"ellipsoids-openmp","args":["3.dat","345.log","345.xoutput"],"id":201,"resource":"1536","request_start":1576628423684,"request_end":1576628438162,"request_duration":14478,"type":"1536"}
{"start":1576628433797,"end":1576628438311,"duration":4514,"downloading_duration":1084,"execution_duration":2839,"uploading_duration":591,"executable":"ellipsoids-openmp","args":["3.dat","347.log","347.xoutput"],"id":203,"resource":"1536","request_start":1576628423685,"request_end":1576628438330,"request_duration":14645,"type":"1536"}
{"start":1576628433889,"end":1576628438350,"duration":4461,"downloading_duration":1067,"execution_duration":2802,"uploading_duration":592,"executable":"ellipsoids-openmp","args":["3.dat","348.log","348.xoutput"],"id":204,"resource":"1536","request_start":1576628423686,"request_end":1576628438371,"request_duration":14685,"type":"1536"}
{"start":1576628434241,"end":1576628438855,"duration":4614,"downloading_duration":997,"execution_duration":3052,"uploading_duration":565,"executable":"ellipsoids-openmp","args":["3.dat","349.log","349.xoutput"],"id":205,"resource":"1536","request_start":1576628423686,"request_end":1576628438876,"request_duration":15190,"type":"1536"}
{"start":1576628435996,"end":1576628439992,"duration":3996,"downloading_duration":1006,"execution_duration":2427,"uploading_duration":563,"executable":"ellipsoids-openmp","args":["1.dat","144.log","144.xoutput"],"id":100,"resource":"1536","request_start":1576628423687,"request_end":1576628440012,"request_duration":16325,"type":"1536"}
{"start":1576628436316,"end":1576628440668,"duration":4352,"downloading_duration":1389,"execution_duration":2411,"uploading_duration":552,"executable":"ellipsoids-openmp","args":["1.dat","145.log","145.xoutput"],"id":101,"resource":"1536","request_start":1576628423687,"request_end":1576628440692,"request_duration":17005,"type":"1536"}
{"start":1576628440044,"end":1576628441638,"duration":1594,"downloading_duration":1193,"execution_duration":3,"uploading_duration":398,"executable":"mean-pack-ell","args":["20.xoutput","21.xoutput","22.xoutput","23.xoutput","24.xoutput","25.xoutput","26.xoutput","27.xoutput","28.xoutput","29.xoutput","210.xoutput","211.xoutput","212.xoutput","213.xoutput","214.xoutput","215.xoutput","216.xoutput","217.xoutput","218.xoutput","219.xoutput","220.xoutput","221.xoutput","222.xoutput","223.xoutput","224.xoutput","225.xoutput","226.xoutput","227.xoutput","228.xoutput","229.xoutput","230.xoutput","231.xoutput","232.xoutput","233.xoutput","234.xoutput","235.xoutput","236.xoutput","237.xoutput","238.xoutput","239.xoutput","240.xoutput","241.xoutput","242.xoutput","243.xoutput","244.xoutput","245.xoutput","246.xoutput","247.xoutput","248.xoutput","249.xoutput","average_2.txt"],"id":208,"resource":"1536","request_start":1576628428928,"request_end":1576628441657,"request_duration":12729,"type":"1536"}
{"start":1576628437409,"end":1576628441875,"duration":4466,"downloading_duration":984,"execution_duration":2900,"uploading_duration":582,"executable":"ellipsoids-openmp","args":["1.dat","147.log","147.xoutput"],"id":103,"resource":"1536","request_start":1576628423688,"request_end":1576628441896,"request_duration":18208,"type":"1536"}
{"start":1576628437460,"end":1576628441907,"duration":4447,"downloading_duration":986,"execution_duration":2906,"uploading_duration":555,"executable":"ellipsoids-openmp","args":["1.dat","148.log","148.xoutput"],"id":104,"resource":"1536","request_start":1576628423689,"request_end":1576628441926,"request_duration":18237,"type":"1536"}
{"start":1576628437468,"end":1576628441908,"duration":4440,"downloading_duration":1003,"execution_duration":2854,"uploading_duration":583,"executable":"ellipsoids-openmp","args":["1.dat","149.log","149.xoutput"],"id":105,"resource":"1536","request_start":1576628423689,"request_end":1576628441928,"request_duration":18239,"type":"1536"}
{"start":1576628437516,"end":1576628442032,"duration":4516,"downloading_duration":1042,"execution_duration":2897,"uploading_duration":577,"executable":"ellipsoids-openmp","args":["1.dat","10.log","10.xoutput"],"id":56,"resource":"1536","request_start":1576628423690,"request_end":1576628442051,"request_duration":18361,"type":"1536"}
{"start":1576628437559,"end":1576628442039,"duration":4480,"downloading_duration":1076,"execution_duration":2811,"uploading_duration":593,"executable":"ellipsoids-openmp","args":["1.dat","11.log","11.xoutput"],"id":57,"resource":"1536","request_start":1576628423690,"request_end":1576628442058,"request_duration":18368,"type":"1536"}
{"start":1576628437569,"end":1576628442057,"duration":4488,"downloading_duration":991,"execution_duration":2894,"uploading_duration":603,"executable":"ellipsoids-openmp","args":["1.dat","12.log","12.xoutput"],"id":58,"resource":"1536","request_start":1576628423691,"request_end":1576628442076,"request_duration":18385,"type":"1536"}
{"start":1576628437404,"end":1576628442120,"duration":4716,"downloading_duration":1081,"execution_duration":2908,"uploading_duration":727,"executable":"ellipsoids-openmp","args":["1.dat","146.log","146.xoutput"],"id":102,"resource":"1536","request_start":1576628423688,"request_end":1576628442141,"request_duration":18453,"type":"1536"}
{"start":1576628437639,"end":1576628442125,"duration":4486,"downloading_duration":1028,"execution_duration":2857,"uploading_duration":601,"executable":"ellipsoids-openmp","args":["1.dat","16.log","16.xoutput"],"id":62,"resource":"1536","request_start":1576628423693,"request_end":1576628442144,"request_duration":18451,"type":"1536"}
{"start":1576628437682,"end":1576628442155,"duration":4473,"downloading_duration":1015,"execution_duration":2847,"uploading_duration":611,"executable":"ellipsoids-openmp","args":["1.dat","19.log","19.xoutput"],"id":65,"resource":"1536","request_start":1576628423694,"request_end":1576628442173,"request_duration":18479,"type":"1536"}
{"start":1576628437739,"end":1576628442178,"duration":4439,"downloading_duration":997,"execution_duration":2852,"uploading_duration":590,"executable":"ellipsoids-openmp","args":["1.dat","117.log","117.xoutput"],"id":73,"resource":"1536","request_start":1576628423698,"request_end":1576628442196,"request_duration":18498,"type":"1536"}
{"start":1576628437665,"end":1576628442178,"duration":4513,"downloading_duration":996,"execution_duration":2938,"uploading_duration":579,"executable":"ellipsoids-openmp","args":["1.dat","18.log","18.xoutput"],"id":64,"resource":"1536","request_start":1576628423694,"request_end":1576628442198,"request_duration":18504,"type":"1536"}
{"start":1576628437617,"end":1576628442185,"duration":4568,"downloading_duration":1019,"execution_duration":2966,"uploading_duration":583,"executable":"ellipsoids-openmp","args":["1.dat","14.log","14.xoutput"],"id":60,"resource":"1536","request_start":1576628423692,"request_end":1576628442207,"request_duration":18515,"type":"1536"}
{"start":1576628437601,"end":1576628442190,"duration":4589,"downloading_duration":966,"execution_duration":3057,"uploading_duration":566,"executable":"ellipsoids-openmp","args":["1.dat","13.log","13.xoutput"],"id":59,"resource":"1536","request_start":1576628423691,"request_end":1576628442210,"request_duration":18519,"type":"1536"}
{"start":1576628437622,"end":1576628442234,"duration":4612,"downloading_duration":1042,"execution_duration":2983,"uploading_duration":587,"executable":"ellipsoids-openmp","args":["1.dat","15.log","15.xoutput"],"id":61,"resource":"1536","request_start":1576628423692,"request_end":1576628442255,"request_duration":18563,"type":"1536"}
{"start":1576628437724,"end":1576628442255,"duration":4531,"downloading_duration":1024,"execution_duration":2940,"uploading_duration":567,"executable":"ellipsoids-openmp","args":["1.dat","114.log","114.xoutput"],"id":70,"resource":"1536","request_start":1576628423697,"request_end":1576628442274,"request_duration":18577,"type":"1536"}
{"start":1576628437718,"end":1576628442267,"duration":4549,"downloading_duration":1059,"execution_duration":2916,"uploading_duration":574,"executable":"ellipsoids-openmp","args":["1.dat","113.log","113.xoutput"],"id":69,"resource":"1536","request_start":1576628423696,"request_end":1576628442289,"request_duration":18593,"type":"1536"}
{"start":1576628437707,"end":1576628442276,"duration":4569,"downloading_duration":1047,"execution_duration":2920,"uploading_duration":602,"executable":"ellipsoids-openmp","args":["1.dat","111.log","111.xoutput"],"id":67,"resource":"1536","request_start":1576628423695,"request_end":1576628442298,"request_duration":18603,"type":"1536"}
{"start":1576628437734,"end":1576628442318,"duration":4584,"downloading_duration":1000,"execution_duration":2959,"uploading_duration":625,"executable":"ellipsoids-openmp","args":["1.dat","116.log","116.xoutput"],"id":72,"resource":"1536","request_start":1576628423698,"request_end":1576628442339,"request_duration":18641,"type":"1536"}
{"start":1576628437698,"end":1576628442320,"duration":4622,"downloading_duration":988,"execution_duration":2953,"uploading_duration":681,"executable":"ellipsoids-openmp","args":["1.dat","110.log","110.xoutput"],"id":66,"resource":"1536","request_start":1576628423695,"request_end":1576628442346,"request_duration":18651,"type":"1536"}
{"start":1576628437769,"end":1576628442321,"duration":4552,"downloading_duration":989,"execution_duration":2880,"uploading_duration":683,"executable":"ellipsoids-openmp","args":["1.dat","119.log","119.xoutput"],"id":75,"resource":"1536","request_start":1576628423700,"request_end":1576628442348,"request_duration":18648,"type":"1536"}
{"start":1576628437837,"end":1576628442345,"duration":4508,"downloading_duration":1080,"execution_duration":2856,"uploading_duration":572,"executable":"ellipsoids-openmp","args":["1.dat","127.log","127.xoutput"],"id":83,"resource":"1536","request_start":1576628423704,"request_end":1576628442363,"request_duration":18659,"type":"1536"}
{"start":1576628437799,"end":1576628442344,"duration":4545,"downloading_duration":987,"execution_duration":2958,"uploading_duration":600,"executable":"ellipsoids-openmp","args":["1.dat","121.log","121.xoutput"],"id":77,"resource":"1536","request_start":1576628423701,"request_end":1576628442365,"request_duration":18664,"type":"1536"}
{"start":1576628437716,"end":1576628442348,"duration":4632,"downloading_duration":1052,"execution_duration":2942,"uploading_duration":638,"executable":"ellipsoids-openmp","args":["1.dat","112.log","112.xoutput"],"id":68,"resource":"1536","request_start":1576628423696,"request_end":1576628442370,"request_duration":18674,"type":"1536"}
{"start":1576628437757,"end":1576628442349,"duration":4592,"downloading_duration":1111,"execution_duration":2886,"uploading_duration":595,"executable":"ellipsoids-openmp","args":["1.dat","118.log","118.xoutput"],"id":74,"resource":"1536","request_start":1576628423699,"request_end":1576628442371,"request_duration":18672,"type":"1536"}
{"start":1576628440727,"end":1576628442359,"duration":1632,"downloading_duration":1106,"execution_duration":3,"uploading_duration":523,"executable":"mean-pack-ell","args":["00.xoutput","01.xoutput","02.xoutput","03.xoutput","04.xoutput","05.xoutput","06.xoutput","07.xoutput","08.xoutput","09.xoutput","010.xoutput","011.xoutput","012.xoutput","013.xoutput","014.xoutput","015.xoutput","016.xoutput","017.xoutput","018.xoutput","019.xoutput","020.xoutput","021.xoutput","022.xoutput","023.xoutput","024.xoutput","025.xoutput","026.xoutput","027.xoutput","028.xoutput","029.xoutput","030.xoutput","031.xoutput","032.xoutput","033.xoutput","034.xoutput","035.xoutput","036.xoutput","037.xoutput","038.xoutput","039.xoutput","040.xoutput","041.xoutput","042.xoutput","043.xoutput","044.xoutput","045.xoutput","046.xoutput","047.xoutput","048.xoutput","049.xoutput","average_0.txt"],"id":206,"resource":"1536","request_start":1576628434237,"request_end":1576628442379,"request_duration":8142,"type":"1536"}
{"start":1576628437836,"end":1576628442399,"duration":4563,"downloading_duration":1011,"execution_duration":2824,"uploading_duration":728,"executable":"ellipsoids-openmp","args":["1.dat","129.log","129.xoutput"],"id":85,"resource":"1536","request_start":1576628423705,"request_end":1576628442428,"request_duration":18723,"type":"1536"}
{"start":1576628437816,"end":1576628442403,"duration":4587,"downloading_duration":1072,"execution_duration":2953,"uploading_duration":562,"executable":"ellipsoids-openmp","args":["1.dat","123.log","123.xoutput"],"id":79,"resource":"1536","request_start":1576628423702,"request_end":1576628442430,"request_duration":18728,"type":"1536"}
{"start":1576628437949,"end":1576628442415,"duration":4466,"downloading_duration":1121,"execution_duration":2765,"uploading_duration":580,"executable":"ellipsoids-openmp","args":["1.dat","133.log","133.xoutput"],"id":89,"resource":"1536","request_start":1576628423707,"request_end":1576628442441,"request_duration":18734,"type":"1536"}
{"start":1576628437730,"end":1576628442432,"duration":4702,"downloading_duration":1018,"execution_duration":3100,"uploading_duration":584,"executable":"ellipsoids-openmp","args":["1.dat","115.log","115.xoutput"],"id":71,"resource":"1536","request_start":1576628423697,"request_end":1576628442451,"request_duration":18754,"type":"1536"}
{"start":1576628438059,"end":1576628442446,"duration":4387,"downloading_duration":1012,"execution_duration":2800,"uploading_duration":575,"executable":"ellipsoids-openmp","args":["1.dat","138.log","138.xoutput"],"id":94,"resource":"1536","request_start":1576628423710,"request_end":1576628442464,"request_duration":18754,"type":"1536"}
{"start":1576628437955,"end":1576628442467,"duration":4512,"downloading_duration":1069,"execution_duration":2800,"uploading_duration":643,"executable":"ellipsoids-openmp","args":["1.dat","134.log","134.xoutput"],"id":90,"resource":"1536","request_start":1576628423708,"request_end":1576628442486,"request_duration":18778,"type":"1536"}
{"start":1576628437802,"end":1576628442509,"duration":4707,"downloading_duration":979,"execution_duration":3136,"uploading_duration":592,"executable":"ellipsoids-openmp","args":["1.dat","122.log","122.xoutput"],"id":78,"resource":"1536","request_start":1576628423701,"request_end":1576628442529,"request_duration":18828,"type":"1536"}
{"start":1576628437833,"end":1576628442526,"duration":4693,"downloading_duration":1118,"execution_duration":2993,"uploading_duration":582,"executable":"ellipsoids-openmp","args":["1.dat","126.log","126.xoutput"],"id":82,"resource":"1536","request_start":1576628423703,"request_end":1576628442546,"request_duration":18843,"type":"1536"}
{"start":1576628437649,"end":1576628442528,"duration":4879,"downloading_duration":1090,"execution_duration":3085,"uploading_duration":704,"executable":"ellipsoids-openmp","args":["1.dat","17.log","17.xoutput"],"id":63,"resource":"1536","request_start":1576628423693,"request_end":1576628442549,"request_duration":18856,"type":"1536"}
{"start":1576628437934,"end":1576628442538,"duration":4604,"downloading_duration":984,"execution_duration":3007,"uploading_duration":613,"executable":"ellipsoids-openmp","args":["1.dat","131.log","131.xoutput"],"id":87,"resource":"1536","request_start":1576628423706,"request_end":1576628442556,"request_duration":18850,"type":"1536"}
{"start":1576628438051,"end":1576628442550,"duration":4499,"downloading_duration":1075,"execution_duration":2837,"uploading_duration":587,"executable":"ellipsoids-openmp","args":["1.dat","137.log","137.xoutput"],"id":93,"resource":"1536","request_start":1576628423710,"request_end":1576628442571,"request_duration":18861,"type":"1536"}
{"start":1576628437975,"end":1576628442556,"duration":4581,"downloading_duration":1071,"execution_duration":2907,"uploading_duration":603,"executable":"ellipsoids-openmp","args":["1.dat","135.log","135.xoutput"],"id":91,"resource":"1536","request_start":1576628423708,"request_end":1576628442576,"request_duration":18868,"type":"1536"}
{"start":1576628437936,"end":1576628442558,"duration":4622,"downloading_duration":1035,"execution_duration":2940,"uploading_duration":647,"executable":"ellipsoids-openmp","args":["1.dat","132.log","132.xoutput"],"id":88,"resource":"1536","request_start":1576628423707,"request_end":1576628442580,"request_duration":18873,"type":"1536"}
{"start":1576628437777,"end":1576628442565,"duration":4788,"downloading_duration":1091,"execution_duration":3119,"uploading_duration":578,"executable":"ellipsoids-openmp","args":["1.dat","120.log","120.xoutput"],"id":76,"resource":"1536","request_start":1576628423700,"request_end":1576628442588,"request_duration":18888,"type":"1536"}
{"start":1576628437831,"end":1576628442574,"duration":4743,"downloading_duration":1072,"execution_duration":3058,"uploading_duration":613,"executable":"ellipsoids-openmp","args":["1.dat","125.log","125.xoutput"],"id":81,"resource":"1536","request_start":1576628423703,"request_end":1576628442600,"request_duration":18897,"type":"1536"}
{"start":1576628437821,"end":1576628442597,"duration":4776,"downloading_duration":1044,"execution_duration":3139,"uploading_duration":593,"executable":"ellipsoids-openmp","args":["1.dat","124.log","124.xoutput"],"id":80,"resource":"1536","request_start":1576628423702,"request_end":1576628442619,"request_duration":18917,"type":"1536"}
{"start":1576628438019,"end":1576628442604,"duration":4585,"downloading_duration":978,"execution_duration":3039,"uploading_duration":568,"executable":"ellipsoids-openmp","args":["1.dat","136.log","136.xoutput"],"id":92,"resource":"1536","request_start":1576628423709,"request_end":1576628442630,"request_duration":18921,"type":"1536"}
{"start":1576628438121,"end":1576628442636,"duration":4515,"downloading_duration":1005,"execution_duration":2926,"uploading_duration":584,"executable":"ellipsoids-openmp","args":["1.dat","139.log","139.xoutput"],"id":95,"resource":"1536","request_start":1576628423711,"request_end":1576628442654,"request_duration":18943,"type":"1536"}
{"start":1576628438190,"end":1576628442787,"duration":4597,"downloading_duration":1038,"execution_duration":2871,"uploading_duration":688,"executable":"ellipsoids-openmp","args":["1.dat","140.log","140.xoutput"],"id":96,"resource":"1536","request_start":1576628423711,"request_end":1576628442804,"request_duration":19093,"type":"1536"}
{"start":1576628438400,"end":1576628442806,"duration":4406,"downloading_duration":985,"execution_duration":2811,"uploading_duration":610,"executable":"ellipsoids-openmp","args":["1.dat","142.log","142.xoutput"],"id":98,"resource":"1536","request_start":1576628423712,"request_end":1576628442942,"request_duration":19230,"type":"1536"}
{"start":1576628437838,"end":1576628442829,"duration":4991,"downloading_duration":1083,"execution_duration":3338,"uploading_duration":570,"executable":"ellipsoids-openmp","args":["1.dat","128.log","128.xoutput"],"id":84,"resource":"1536","request_start":1576628423705,"request_end":1576628442949,"request_duration":19244,"type":"1536"}
{"start":1576628438355,"end":1576628442859,"duration":4504,"downloading_duration":996,"execution_duration":2909,"uploading_duration":599,"executable":"ellipsoids-openmp","args":["1.dat","141.log","141.xoutput"],"id":97,"resource":"1536","request_start":1576628423712,"request_end":1576628442951,"request_duration":19239,"type":"1536"}
{"start":1576628437924,"end":1576628443166,"duration":5242,"downloading_duration":1037,"execution_duration":3595,"uploading_duration":610,"executable":"ellipsoids-openmp","args":["1.dat","130.log","130.xoutput"],"id":86,"resource":"1536","request_start":1576628423706,"request_end":1576628443184,"request_duration":19478,"type":"1536"}
{"start":1576628438904,"end":1576628443417,"duration":4513,"downloading_duration":1084,"execution_duration":2859,"uploading_duration":570,"executable":"ellipsoids-openmp","args":["1.dat","143.log","143.xoutput"],"id":99,"resource":"1536","request_start":1576628423713,"request_end":1576628443436,"request_duration":19723,"type":"1536"}
{"start":1576628441689,"end":1576628443686,"duration":1997,"downloading_duration":1507,"execution_duration":4,"uploading_duration":486,"executable":"mean-pack-ell","args":["30.xoutput","31.xoutput","32.xoutput","33.xoutput","34.xoutput","35.xoutput","36.xoutput","37.xoutput","38.xoutput","39.xoutput","310.xoutput","311.xoutput","312.xoutput","313.xoutput","314.xoutput","315.xoutput","316.xoutput","317.xoutput","318.xoutput","319.xoutput","320.xoutput","321.xoutput","322.xoutput","323.xoutput","324.xoutput","325.xoutput","326.xoutput","327.xoutput","328.xoutput","329.xoutput","330.xoutput","331.xoutput","332.xoutput","333.xoutput","334.xoutput","335.xoutput","336.xoutput","337.xoutput","338.xoutput","339.xoutput","340.xoutput","341.xoutput","342.xoutput","343.xoutput","344.xoutput","345.xoutput","346.xoutput","347.xoutput","348.xoutput","349.xoutput","average_3.txt"],"id":209,"resource":"1536","request_start":1576628438893,"request_end":1576628443706,"request_duration":4813,"type":"1536"}
{"start":1576628443570,"end":1576628445049,"duration":1479,"downloading_duration":1089,"execution_duration":3,"uploading_duration":387,"executable":"mean-pack-ell","args":["10.xoutput","11.xoutput","12.xoutput","13.xoutput","14.xoutput","15.xoutput","16.xoutput","17.xoutput","18.xoutput","19.xoutput","110.xoutput","111.xoutput","112.xoutput","113.xoutput","114.xoutput","115.xoutput","116.xoutput","117.xoutput","118.xoutput","119.xoutput","120.xoutput","121.xoutput","122.xoutput","123.xoutput","124.xoutput","125.xoutput","126.xoutput","127.xoutput","128.xoutput","129.xoutput","130.xoutput","131.xoutput","132.xoutput","133.xoutput","134.xoutput","135.xoutput","136.xoutput","137.xoutput","138.xoutput","139.xoutput","140.xoutput","141.xoutput","142.xoutput","143.xoutput","144.xoutput","145.xoutput","146.xoutput","147.xoutput","148.xoutput","149.xoutput","average_1.txt"],"id":207,"resource":"1536","request_start":1576628443453,"request_end":1576628445072,"request_duration":1619,"type":"1536"}
{"start":1576628445188,"end":1576628446165,"duration":977,"downloading_duration":495,"execution_duration":68,"uploading_duration":414,"executable":"summary.js","args":[],"id":210,"resource":"1536","request_start":1576628445079,"request_end":1576628446181,"request_duration":1102,"type":"1536"}
