{"start":1576628502275,"end":1576628503122,"duration":847,"downloading_duration":372,"execution_duration":74,"uploading_duration":401,"executable":"generateData.js","args":[],"id":1,"resource":"1536","request_start":1576628502107,"request_end":1576628503151,"request_duration":1044,"type":"1536"}
{"start":1576628503281,"end":1576628504108,"duration":827,"downloading_duration":378,"execution_duration":70,"uploading_duration":379,"executable":"createDat.js","args":["1.dat"],"id":3,"resource":"1536","request_start":1576628503172,"request_end":1576628504125,"request_duration":953,"type":"1536"}
{"start":1576628503289,"end":1576628504128,"duration":839,"downloading_duration":383,"execution_duration":71,"uploading_duration":385,"executable":"createDat.js","args":["0.dat"],"id":2,"resource":"1536","request_start":1576628503166,"request_end":1576628504153,"request_duration":987,"type":"1536"}
{"start":1576628503302,"end":1576628504214,"duration":912,"downloading_duration":369,"execution_duration":73,"uploading_duration":470,"executable":"createDat.js","args":["3.dat"],"id":5,"resource":"1536","request_start":1576628503180,"request_end":1576628504261,"request_duration":1081,"type":"1536"}
{"start":1576628503371,"end":1576628504357,"duration":986,"downloading_duration":524,"execution_duration":78,"uploading_duration":384,"executable":"createDat.js","args":["2.dat"],"id":4,"resource":"1536","request_start":1576628503177,"request_end":1576628504406,"request_duration":1229,"type":"1536"}
{"start":1576628504293,"end":1576628508341,"duration":4048,"downloading_duration":1011,"execution_duration":2397,"uploading_duration":640,"executable":"ellipsoids-openmp","args":["1.dat","142.log","142.xoutput"],"id":98,"resource":"1536","request_start":1576628504223,"request_end":1576628508362,"request_duration":4139,"type":"1536"}
{"start":1576628504611,"end":1576628508904,"duration":4293,"downloading_duration":1011,"execution_duration":2681,"uploading_duration":601,"executable":"ellipsoids-openmp","args":["1.dat","130.log","130.xoutput"],"id":86,"resource":"1536","request_start":1576628504213,"request_end":1576628508925,"request_duration":4712,"type":"1536"}
{"start":1576628504516,"end":1576628508919,"duration":4403,"downloading_duration":1002,"execution_duration":2819,"uploading_duration":582,"executable":"ellipsoids-openmp","args":["1.dat","148.log","148.xoutput"],"id":104,"resource":"1536","request_start":1576628504179,"request_end":1576628508939,"request_duration":4760,"type":"1536"}
{"start":1576628504515,"end":1576628508926,"duration":4411,"downloading_duration":996,"execution_duration":2840,"uploading_duration":575,"executable":"ellipsoids-openmp","args":["1.dat","13.log","13.xoutput"],"id":59,"resource":"1536","request_start":1576628504185,"request_end":1576628508947,"request_duration":4762,"type":"1536"}
{"start":1576628504431,"end":1576628508931,"duration":4500,"downloading_duration":1028,"execution_duration":2868,"uploading_duration":604,"executable":"ellipsoids-openmp","args":["1.dat","143.log","143.xoutput"],"id":99,"resource":"1536","request_start":1576628504223,"request_end":1576628508952,"request_duration":4729,"type":"1536"}
{"start":1576628504515,"end":1576628508943,"duration":4428,"downloading_duration":1002,"execution_duration":2827,"uploading_duration":599,"executable":"ellipsoids-openmp","args":["1.dat","145.log","145.xoutput"],"id":101,"resource":"1536","request_start":1576628504174,"request_end":1576628508964,"request_duration":4790,"type":"1536"}
{"start":1576628504513,"end":1576628508951,"duration":4438,"downloading_duration":1081,"execution_duration":2647,"uploading_duration":710,"executable":"ellipsoids-openmp","args":["1.dat","149.log","149.xoutput"],"id":105,"resource":"1536","request_start":1576628504180,"request_end":1576628508972,"request_duration":4792,"type":"1536"}
{"start":1576628504537,"end":1576628508947,"duration":4410,"downloading_duration":989,"execution_duration":2776,"uploading_duration":645,"executable":"ellipsoids-openmp","args":["1.dat","17.log","17.xoutput"],"id":63,"resource":"1536","request_start":1576628504192,"request_end":1576628508974,"request_duration":4782,"type":"1536"}
{"start":1576628504541,"end":1576628508955,"duration":4414,"downloading_duration":1072,"execution_duration":2777,"uploading_duration":565,"executable":"ellipsoids-openmp","args":["1.dat","113.log","113.xoutput"],"id":69,"resource":"1536","request_start":1576628504197,"request_end":1576628508976,"request_duration":4779,"type":"1536"}
{"start":1576628504589,"end":1576628508956,"duration":4367,"downloading_duration":992,"execution_duration":2778,"uploading_duration":597,"executable":"ellipsoids-openmp","args":["1.dat","121.log","121.xoutput"],"id":77,"resource":"1536","request_start":1576628504204,"request_end":1576628508979,"request_duration":4775,"type":"1536"}
{"start":1576628504602,"end":1576628508962,"duration":4360,"downloading_duration":1000,"execution_duration":2767,"uploading_duration":593,"executable":"ellipsoids-openmp","args":["1.dat","129.log","129.xoutput"],"id":85,"resource":"1536","request_start":1576628504212,"request_end":1576628508988,"request_duration":4776,"type":"1536"}
{"start":1576628504613,"end":1576628508985,"duration":4372,"downloading_duration":1011,"execution_duration":2752,"uploading_duration":609,"executable":"ellipsoids-openmp","args":["1.dat","132.log","132.xoutput"],"id":88,"resource":"1536","request_start":1576628504215,"request_end":1576628509004,"request_duration":4789,"type":"1536"}
{"start":1576628504542,"end":1576628508998,"duration":4456,"downloading_duration":995,"execution_duration":2893,"uploading_duration":568,"executable":"ellipsoids-openmp","args":["1.dat","110.log","110.xoutput"],"id":66,"resource":"1536","request_start":1576628504195,"request_end":1576628509016,"request_duration":4821,"type":"1536"}
{"start":1576628504516,"end":1576628509020,"duration":4504,"downloading_duration":1031,"execution_duration":2874,"uploading_duration":599,"executable":"ellipsoids-openmp","args":["1.dat","10.log","10.xoutput"],"id":56,"resource":"1536","request_start":1576628504181,"request_end":1576628509040,"request_duration":4859,"type":"1536"}
{"start":1576628504536,"end":1576628509021,"duration":4485,"downloading_duration":996,"execution_duration":2887,"uploading_duration":602,"executable":"ellipsoids-openmp","args":["1.dat","146.log","146.xoutput"],"id":102,"resource":"1536","request_start":1576628504176,"request_end":1576628509042,"request_duration":4866,"type":"1536"}
{"start":1576628504573,"end":1576628509022,"duration":4449,"downloading_duration":985,"execution_duration":2899,"uploading_duration":565,"executable":"ellipsoids-openmp","args":["1.dat","117.log","117.xoutput"],"id":73,"resource":"1536","request_start":1576628504201,"request_end":1576628509046,"request_duration":4845,"type":"1536"}
{"start":1576628504517,"end":1576628509032,"duration":4515,"downloading_duration":1091,"execution_duration":2854,"uploading_duration":570,"executable":"ellipsoids-openmp","args":["1.dat","11.log","11.xoutput"],"id":57,"resource":"1536","request_start":1576628504183,"request_end":1576628509053,"request_duration":4870,"type":"1536"}
{"start":1576628504612,"end":1576628509036,"duration":4424,"downloading_duration":993,"execution_duration":2852,"uploading_duration":579,"executable":"ellipsoids-openmp","args":["1.dat","131.log","131.xoutput"],"id":87,"resource":"1536","request_start":1576628504214,"request_end":1576628509056,"request_duration":4842,"type":"1536"}
{"start":1576628504570,"end":1576628509039,"duration":4469,"downloading_duration":1024,"execution_duration":2879,"uploading_duration":566,"executable":"ellipsoids-openmp","args":["1.dat","115.log","115.xoutput"],"id":71,"resource":"1536","request_start":1576628504199,"request_end":1576628509061,"request_duration":4862,"type":"1536"}
{"start":1576628504642,"end":1576628509046,"duration":4404,"downloading_duration":1006,"execution_duration":2747,"uploading_duration":651,"executable":"ellipsoids-openmp","args":["1.dat","137.log","137.xoutput"],"id":93,"resource":"1536","request_start":1576628504219,"request_end":1576628509070,"request_duration":4851,"type":"1536"}
{"start":1576628504570,"end":1576628509048,"duration":4478,"downloading_duration":992,"execution_duration":2862,"uploading_duration":624,"executable":"ellipsoids-openmp","args":["1.dat","114.log","114.xoutput"],"id":70,"resource":"1536","request_start":1576628504198,"request_end":1576628509072,"request_duration":4874,"type":"1536"}
{"start":1576628504568,"end":1576628509048,"duration":4480,"downloading_duration":1087,"execution_duration":2826,"uploading_duration":567,"executable":"ellipsoids-openmp","args":["1.dat","111.log","111.xoutput"],"id":67,"resource":"1536","request_start":1576628504196,"request_end":1576628509074,"request_duration":4878,"type":"1536"}
{"start":1576628504543,"end":1576628509057,"duration":4514,"downloading_duration":1001,"execution_duration":2887,"uploading_duration":626,"executable":"ellipsoids-openmp","args":["1.dat","112.log","112.xoutput"],"id":68,"resource":"1536","request_start":1576628504196,"request_end":1576628509086,"request_duration":4890,"type":"1536"}
{"start":1576628504533,"end":1576628509067,"duration":4534,"downloading_duration":1086,"execution_duration":2852,"uploading_duration":596,"executable":"ellipsoids-openmp","args":["1.dat","19.log","19.xoutput"],"id":65,"resource":"1536","request_start":1576628504194,"request_end":1576628509088,"request_duration":4894,"type":"1536"}
{"start":1576628504588,"end":1576628509077,"duration":4489,"downloading_duration":997,"execution_duration":2902,"uploading_duration":590,"executable":"ellipsoids-openmp","args":["1.dat","120.log","120.xoutput"],"id":76,"resource":"1536","request_start":1576628504203,"request_end":1576628509095,"request_duration":4892,"type":"1536"}
{"start":1576628504605,"end":1576628509081,"duration":4476,"downloading_duration":996,"execution_duration":2857,"uploading_duration":623,"executable":"ellipsoids-openmp","args":["1.dat","128.log","128.xoutput"],"id":84,"resource":"1536","request_start":1576628504210,"request_end":1576628509102,"request_duration":4892,"type":"1536"}
{"start":1576628504570,"end":1576628509087,"duration":4517,"downloading_duration":1073,"execution_duration":2809,"uploading_duration":635,"executable":"ellipsoids-openmp","args":["1.dat","116.log","116.xoutput"],"id":72,"resource":"1536","request_start":1576628504200,"request_end":1576628509107,"request_duration":4907,"type":"1536"}
{"start":1576628504515,"end":1576628509091,"duration":4576,"downloading_duration":1058,"execution_duration":2862,"uploading_duration":656,"executable":"ellipsoids-openmp","args":["1.dat","147.log","147.xoutput"],"id":103,"resource":"1536","request_start":1576628504177,"request_end":1576628509112,"request_duration":4935,"type":"1536"}
{"start":1576628504538,"end":1576628509092,"duration":4554,"downloading_duration":1085,"execution_duration":2862,"uploading_duration":607,"executable":"ellipsoids-openmp","args":["1.dat","16.log","16.xoutput"],"id":62,"resource":"1536","request_start":1576628504191,"request_end":1576628509114,"request_duration":4923,"type":"1536"}
{"start":1576628504533,"end":1576628509097,"duration":4564,"downloading_duration":1107,"execution_duration":2872,"uploading_duration":585,"executable":"ellipsoids-openmp","args":["1.dat","12.log","12.xoutput"],"id":58,"resource":"1536","request_start":1576628504184,"request_end":1576628509116,"request_duration":4932,"type":"1536"}
{"start":1576628504605,"end":1576628509104,"duration":4499,"downloading_duration":1038,"execution_duration":2862,"uploading_duration":599,"executable":"ellipsoids-openmp","args":["1.dat","127.log","127.xoutput"],"id":83,"resource":"1536","request_start":1576628504209,"request_end":1576628509125,"request_duration":4916,"type":"1536"}
{"start":1576628504637,"end":1576628509109,"duration":4472,"downloading_duration":992,"execution_duration":2878,"uploading_duration":602,"executable":"ellipsoids-openmp","args":["1.dat","140.log","140.xoutput"],"id":96,"resource":"1536","request_start":1576628504221,"request_end":1576628509280,"request_duration":5059,"type":"1536"}
{"start":1576628504597,"end":1576628509116,"duration":4519,"downloading_duration":1008,"execution_duration":2867,"uploading_duration":644,"executable":"ellipsoids-openmp","args":["1.dat","123.log","123.xoutput"],"id":79,"resource":"1536","request_start":1576628504206,"request_end":1576628509284,"request_duration":5078,"type":"1536"}
{"start":1576628504575,"end":1576628509126,"duration":4551,"downloading_duration":1075,"execution_duration":2866,"uploading_duration":610,"executable":"ellipsoids-openmp","args":["1.dat","119.log","119.xoutput"],"id":75,"resource":"1536","request_start":1576628504203,"request_end":1576628509286,"request_duration":5083,"type":"1536"}
{"start":1576628504571,"end":1576628509123,"duration":4552,"downloading_duration":1084,"execution_duration":2902,"uploading_duration":566,"executable":"ellipsoids-openmp","args":["1.dat","118.log","118.xoutput"],"id":74,"resource":"1536","request_start":1576628504202,"request_end":1576628509287,"request_duration":5085,"type":"1536"}
{"start":1576628504641,"end":1576628509127,"duration":4486,"downloading_duration":1027,"execution_duration":2872,"uploading_duration":587,"executable":"ellipsoids-openmp","args":["1.dat","141.log","141.xoutput"],"id":97,"resource":"1536","request_start":1576628504222,"request_end":1576628509290,"request_duration":5068,"type":"1536"}
{"start":1576628504643,"end":1576628509128,"duration":4485,"downloading_duration":998,"execution_duration":2849,"uploading_duration":638,"executable":"ellipsoids-openmp","args":["1.dat","139.log","139.xoutput"],"id":95,"resource":"1536","request_start":1576628504220,"request_end":1576628509292,"request_duration":5072,"type":"1536"}
{"start":1576628504600,"end":1576628509137,"duration":4537,"downloading_duration":1084,"execution_duration":2762,"uploading_duration":691,"executable":"ellipsoids-openmp","args":["1.dat","122.log","122.xoutput"],"id":78,"resource":"1536","request_start":1576628504205,"request_end":1576628509295,"request_duration":5090,"type":"1536"}
{"start":1576628504539,"end":1576628509137,"duration":4598,"downloading_duration":1155,"execution_duration":2818,"uploading_duration":625,"executable":"ellipsoids-openmp","args":["1.dat","18.log","18.xoutput"],"id":64,"resource":"1536","request_start":1576628504193,"request_end":1576628509296,"request_duration":5103,"type":"1536"}
{"start":1576628504534,"end":1576628509147,"duration":4613,"downloading_duration":1093,"execution_duration":2937,"uploading_duration":583,"executable":"ellipsoids-openmp","args":["1.dat","15.log","15.xoutput"],"id":61,"resource":"1536","request_start":1576628504187,"request_end":1576628509299,"request_duration":5112,"type":"1536"}
{"start":1576628504611,"end":1576628509170,"duration":4559,"downloading_duration":997,"execution_duration":2884,"uploading_duration":678,"executable":"ellipsoids-openmp","args":["1.dat","125.log","125.xoutput"],"id":81,"resource":"1536","request_start":1576628504208,"request_end":1576628509300,"request_duration":5092,"type":"1536"}
{"start":1576628504642,"end":1576628509208,"duration":4566,"downloading_duration":1055,"execution_duration":2901,"uploading_duration":610,"executable":"ellipsoids-openmp","args":["1.dat","138.log","138.xoutput"],"id":94,"resource":"1536","request_start":1576628504220,"request_end":1576628509302,"request_duration":5082,"type":"1536"}
{"start":1576628504599,"end":1576628509214,"duration":4615,"downloading_duration":1072,"execution_duration":2890,"uploading_duration":653,"executable":"ellipsoids-openmp","args":["1.dat","124.log","124.xoutput"],"id":80,"resource":"1536","request_start":1576628504207,"request_end":1576628509303,"request_duration":5096,"type":"1536"}
{"start":1576628504516,"end":1576628509231,"duration":4715,"downloading_duration":1000,"execution_duration":2895,"uploading_duration":820,"executable":"ellipsoids-openmp","args":["1.dat","144.log","144.xoutput"],"id":100,"resource":"1536","request_start":1576628504172,"request_end":1576628509305,"request_duration":5133,"type":"1536"}
{"start":1576628504605,"end":1576628509263,"duration":4658,"downloading_duration":1077,"execution_duration":2899,"uploading_duration":682,"executable":"ellipsoids-openmp","args":["1.dat","126.log","126.xoutput"],"id":82,"resource":"1536","request_start":1576628504208,"request_end":1576628509332,"request_duration":5124,"type":"1536"}
{"start":1576628505145,"end":1576628509273,"duration":4128,"downloading_duration":1022,"execution_duration":2464,"uploading_duration":642,"executable":"ellipsoids-openmp","args":["1.dat","136.log","136.xoutput"],"id":92,"resource":"1536","request_start":1576628504218,"request_end":1576628509334,"request_duration":5116,"type":"1536"}
{"start":1576628504536,"end":1576628509500,"duration":4964,"downloading_duration":1095,"execution_duration":2803,"uploading_duration":1066,"executable":"ellipsoids-openmp","args":["1.dat","14.log","14.xoutput"],"id":60,"resource":"1536","request_start":1576628504186,"request_end":1576628509521,"request_duration":5335,"type":"1536"}
{"start":1576628505085,"end":1576628509546,"duration":4461,"downloading_duration":1079,"execution_duration":2765,"uploading_duration":617,"executable":"ellipsoids-openmp","args":["1.dat","133.log","133.xoutput"],"id":89,"resource":"1536","request_start":1576628504215,"request_end":1576628509566,"request_duration":5351,"type":"1536"}
{"start":1576628505139,"end":1576628509552,"duration":4413,"downloading_duration":1075,"execution_duration":2751,"uploading_duration":587,"executable":"ellipsoids-openmp","args":["1.dat","135.log","135.xoutput"],"id":91,"resource":"1536","request_start":1576628504217,"request_end":1576628509571,"request_duration":5354,"type":"1536"}
{"start":1576628505139,"end":1576628509690,"duration":4551,"downloading_duration":1074,"execution_duration":2851,"uploading_duration":626,"executable":"ellipsoids-openmp","args":["1.dat","134.log","134.xoutput"],"id":90,"resource":"1536","request_start":1576628504216,"request_end":1576628509711,"request_duration":5495,"type":"1536"}
{"start":1576628508391,"end":1576628512405,"duration":4014,"downloading_duration":1008,"execution_duration":2378,"uploading_duration":628,"executable":"ellipsoids-openmp","args":["0.dat","04.log","04.xoutput"],"id":10,"resource":"1536","request_start":1576628504284,"request_end":1576628512426,"request_duration":8142,"type":"1536"}
{"start":1576628509324,"end":1576628513282,"duration":3958,"downloading_duration":989,"execution_duration":2402,"uploading_duration":567,"executable":"ellipsoids-openmp","args":["0.dat","035.log","035.xoutput"],"id":41,"resource":"1536","request_start":1576628504305,"request_end":1576628513302,"request_duration":8997,"type":"1536"}
{"start":1576628508980,"end":1576628513523,"duration":4543,"downloading_duration":1002,"execution_duration":2950,"uploading_duration":591,"executable":"ellipsoids-openmp","args":["0.dat","08.log","08.xoutput"],"id":14,"resource":"1536","request_start":1576628504286,"request_end":1576628513542,"request_duration":9256,"type":"1536"}
{"start":1576628508971,"end":1576628513553,"duration":4582,"downloading_duration":1011,"execution_duration":2967,"uploading_duration":604,"executable":"ellipsoids-openmp","args":["0.dat","07.log","07.xoutput"],"id":13,"resource":"1536","request_start":1576628504285,"request_end":1576628513574,"request_duration":9289,"type":"1536"}
{"start":1576628508967,"end":1576628513567,"duration":4600,"downloading_duration":1000,"execution_duration":3005,"uploading_duration":595,"executable":"ellipsoids-openmp","args":["0.dat","06.log","06.xoutput"],"id":12,"resource":"1536","request_start":1576628504285,"request_end":1576628513586,"request_duration":9301,"type":"1536"}
{"start":1576628508952,"end":1576628513586,"duration":4634,"downloading_duration":1021,"execution_duration":3044,"uploading_duration":569,"executable":"ellipsoids-openmp","args":["0.dat","05.log","05.xoutput"],"id":11,"resource":"1536","request_start":1576628504284,"request_end":1576628513604,"request_duration":9320,"type":"1536"}
{"start":1576628509001,"end":1576628513623,"duration":4622,"downloading_duration":1037,"execution_duration":2987,"uploading_duration":598,"executable":"ellipsoids-openmp","args":["0.dat","010.log","010.xoutput"],"id":16,"resource":"1536","request_start":1576628504287,"request_end":1576628513644,"request_duration":9357,"type":"1536"}
{"start":1576628509002,"end":1576628513654,"duration":4652,"downloading_duration":1014,"execution_duration":3041,"uploading_duration":597,"executable":"ellipsoids-openmp","args":["0.dat","012.log","012.xoutput"],"id":18,"resource":"1536","request_start":1576628504288,"request_end":1576628513671,"request_duration":9383,"type":"1536"}
{"start":1576628509073,"end":1576628513684,"duration":4611,"downloading_duration":992,"execution_duration":3047,"uploading_duration":572,"executable":"ellipsoids-openmp","args":["0.dat","019.log","019.xoutput"],"id":25,"resource":"1536","request_start":1576628504292,"request_end":1576628513706,"request_duration":9414,"type":"1536"}
{"start":1576628509072,"end":1576628513717,"duration":4645,"downloading_duration":1033,"execution_duration":3025,"uploading_duration":587,"executable":"ellipsoids-openmp","args":["0.dat","017.log","017.xoutput"],"id":23,"resource":"1536","request_start":1576628504291,"request_end":1576628513739,"request_duration":9448,"type":"1536"}
{"start":1576628509019,"end":1576628513767,"duration":4748,"downloading_duration":985,"execution_duration":3155,"uploading_duration":608,"executable":"ellipsoids-openmp","args":["0.dat","014.log","014.xoutput"],"id":20,"resource":"1536","request_start":1576628504289,"request_end":1576628513786,"request_duration":9497,"type":"1536"}
{"start":1576628509146,"end":1576628513781,"duration":4635,"downloading_duration":994,"execution_duration":3007,"uploading_duration":634,"executable":"ellipsoids-openmp","args":["0.dat","031.log","031.xoutput"],"id":37,"resource":"1536","request_start":1576628504300,"request_end":1576628513801,"request_duration":9501,"type":"1536"}
{"start":1576628509005,"end":1576628513784,"duration":4779,"downloading_duration":1081,"execution_duration":3129,"uploading_duration":569,"executable":"ellipsoids-openmp","args":["0.dat","011.log","011.xoutput"],"id":17,"resource":"1536","request_start":1576628504287,"request_end":1576628513804,"request_duration":9517,"type":"1536"}
{"start":1576628509030,"end":1576628513786,"duration":4756,"downloading_duration":995,"execution_duration":3163,"uploading_duration":598,"executable":"ellipsoids-openmp","args":["0.dat","015.log","015.xoutput"],"id":21,"resource":"1536","request_start":1576628504290,"request_end":1576628513808,"request_duration":9518,"type":"1536"}
{"start":1576628508999,"end":1576628513815,"duration":4816,"downloading_duration":1071,"execution_duration":3143,"uploading_duration":602,"executable":"ellipsoids-openmp","args":["0.dat","09.log","09.xoutput"],"id":15,"resource":"1536","request_start":1576628504286,"request_end":1576628513833,"request_duration":9547,"type":"1536"}
{"start":1576628509071,"end":1576628513841,"duration":4770,"downloading_duration":995,"execution_duration":3162,"uploading_duration":613,"executable":"ellipsoids-openmp","args":["0.dat","018.log","018.xoutput"],"id":24,"resource":"1536","request_start":1576628504292,"request_end":1576628513860,"request_duration":9568,"type":"1536"}
{"start":1576628509096,"end":1576628513862,"duration":4766,"downloading_duration":1079,"execution_duration":3093,"uploading_duration":594,"executable":"ellipsoids-openmp","args":["0.dat","023.log","023.xoutput"],"id":29,"resource":"1536","request_start":1576628504294,"request_end":1576628513880,"request_duration":9586,"type":"1536"}
{"start":1576628509087,"end":1576628513866,"duration":4779,"downloading_duration":1073,"execution_duration":3145,"uploading_duration":561,"executable":"ellipsoids-openmp","args":["0.dat","022.log","022.xoutput"],"id":28,"resource":"1536","request_start":1576628504294,"request_end":1576628513891,"request_duration":9597,"type":"1536"}
{"start":1576628509139,"end":1576628513869,"duration":4730,"downloading_duration":1061,"execution_duration":3071,"uploading_duration":598,"executable":"ellipsoids-openmp","args":["0.dat","030.log","030.xoutput"],"id":36,"resource":"1536","request_start":1576628504299,"request_end":1576628513895,"request_duration":9596,"type":"1536"}
{"start":1576628509009,"end":1576628513871,"duration":4862,"downloading_duration":1075,"execution_duration":3219,"uploading_duration":568,"executable":"ellipsoids-openmp","args":["0.dat","013.log","013.xoutput"],"id":19,"resource":"1536","request_start":1576628504289,"request_end":1576628513897,"request_duration":9608,"type":"1536"}
{"start":1576628509081,"end":1576628513879,"duration":4798,"downloading_duration":1069,"execution_duration":3147,"uploading_duration":582,"executable":"ellipsoids-openmp","args":["0.dat","020.log","020.xoutput"],"id":26,"resource":"1536","request_start":1576628504293,"request_end":1576628513904,"request_duration":9611,"type":"1536"}
{"start":1576628509161,"end":1576628513899,"duration":4738,"downloading_duration":1008,"execution_duration":3166,"uploading_duration":564,"executable":"ellipsoids-openmp","args":["0.dat","034.log","034.xoutput"],"id":40,"resource":"1536","request_start":1576628504302,"request_end":1576628513915,"request_duration":9613,"type":"1536"}
{"start":1576628509089,"end":1576628513916,"duration":4827,"downloading_duration":1034,"execution_duration":3146,"uploading_duration":647,"executable":"ellipsoids-openmp","args":["0.dat","021.log","021.xoutput"],"id":27,"resource":"1536","request_start":1576628504293,"request_end":1576628513935,"request_duration":9642,"type":"1536"}
{"start":1576628509101,"end":1576628513958,"duration":4857,"downloading_duration":1028,"execution_duration":3235,"uploading_duration":594,"executable":"ellipsoids-openmp","args":["0.dat","024.log","024.xoutput"],"id":30,"resource":"1536","request_start":1576628504295,"request_end":1576628513976,"request_duration":9681,"type":"1536"}
{"start":1576628509366,"end":1576628513966,"duration":4600,"downloading_duration":1033,"execution_duration":3014,"uploading_duration":553,"executable":"ellipsoids-openmp","args":["0.dat","049.log","049.xoutput"],"id":55,"resource":"1536","request_start":1576628504313,"request_end":1576628513986,"request_duration":9673,"type":"1536"}
{"start":1576628509127,"end":1576628513977,"duration":4850,"downloading_duration":1001,"execution_duration":3210,"uploading_duration":639,"executable":"ellipsoids-openmp","args":["0.dat","028.log","028.xoutput"],"id":34,"resource":"1536","request_start":1576628504298,"request_end":1576628513994,"request_duration":9696,"type":"1536"}
{"start":1576628509363,"end":1576628513977,"duration":4614,"downloading_duration":981,"execution_duration":3065,"uploading_duration":568,"executable":"ellipsoids-openmp","args":["0.dat","048.log","048.xoutput"],"id":54,"resource":"1536","request_start":1576628504312,"request_end":1576628513996,"request_duration":9684,"type":"1536"}
{"start":1576628509146,"end":1576628513985,"duration":4839,"downloading_duration":1080,"execution_duration":3116,"uploading_duration":643,"executable":"ellipsoids-openmp","args":["0.dat","032.log","032.xoutput"],"id":38,"resource":"1536","request_start":1576628504300,"request_end":1576628514006,"request_duration":9706,"type":"1536"}
{"start":1576628509132,"end":1576628513996,"duration":4864,"downloading_duration":1020,"execution_duration":3118,"uploading_duration":726,"executable":"ellipsoids-openmp","args":["0.dat","029.log","029.xoutput"],"id":35,"resource":"1536","request_start":1576628504299,"request_end":1576628514016,"request_duration":9717,"type":"1536"}
{"start":1576628509101,"end":1576628514025,"duration":4924,"downloading_duration":1180,"execution_duration":3145,"uploading_duration":599,"executable":"ellipsoids-openmp","args":["0.dat","025.log","025.xoutput"],"id":31,"resource":"1536","request_start":1576628504296,"request_end":1576628514044,"request_duration":9748,"type":"1536"}
{"start":1576628509323,"end":1576628514029,"duration":4706,"downloading_duration":986,"execution_duration":3169,"uploading_duration":551,"executable":"ellipsoids-openmp","args":["0.dat","036.log","036.xoutput"],"id":42,"resource":"1536","request_start":1576628504306,"request_end":1576628514049,"request_duration":9743,"type":"1536"}
{"start":1576628509144,"end":1576628514057,"duration":4913,"downloading_duration":1015,"execution_duration":3293,"uploading_duration":605,"executable":"ellipsoids-openmp","args":["0.dat","033.log","033.xoutput"],"id":39,"resource":"1536","request_start":1576628504301,"request_end":1576628514076,"request_duration":9775,"type":"1536"}
{"start":1576628509340,"end":1576628514068,"duration":4728,"downloading_duration":996,"execution_duration":3150,"uploading_duration":582,"executable":"ellipsoids-openmp","args":["0.dat","047.log","047.xoutput"],"id":53,"resource":"1536","request_start":1576628504312,"request_end":1576628514091,"request_duration":9779,"type":"1536"}
{"start":1576628509118,"end":1576628514098,"duration":4980,"downloading_duration":1076,"execution_duration":3050,"uploading_duration":854,"executable":"ellipsoids-openmp","args":["0.dat","027.log","027.xoutput"],"id":33,"resource":"1536","request_start":1576628504297,"request_end":1576628514116,"request_duration":9819,"type":"1536"}
{"start":1576628509111,"end":1576628514105,"duration":4994,"downloading_duration":1011,"execution_duration":3129,"uploading_duration":854,"executable":"ellipsoids-openmp","args":["0.dat","026.log","026.xoutput"],"id":32,"resource":"1536","request_start":1576628504296,"request_end":1576628514124,"request_duration":9828,"type":"1536"}
{"start":1576628509339,"end":1576628514108,"duration":4769,"downloading_duration":993,"execution_duration":3171,"uploading_duration":605,"executable":"ellipsoids-openmp","args":["0.dat","044.log","044.xoutput"],"id":50,"resource":"1536","request_start":1576628504310,"request_end":1576628514130,"request_duration":9820,"type":"1536"}
{"start":1576628509330,"end":1576628514127,"duration":4797,"downloading_duration":1072,"execution_duration":3134,"uploading_duration":591,"executable":"ellipsoids-openmp","args":["0.dat","039.log","039.xoutput"],"id":45,"resource":"1536","request_start":1576628504308,"request_end":1576628514146,"request_duration":9838,"type":"1536"}
{"start":1576628509339,"end":1576628514143,"duration":4804,"downloading_duration":1107,"execution_duration":3122,"uploading_duration":575,"executable":"ellipsoids-openmp","args":["0.dat","046.log","046.xoutput"],"id":52,"resource":"1536","request_start":1576628504311,"request_end":1576628514163,"request_duration":9852,"type":"1536"}
{"start":1576628509335,"end":1576628514145,"duration":4810,"downloading_duration":1033,"execution_duration":3206,"uploading_duration":571,"executable":"ellipsoids-openmp","args":["0.dat","040.log","040.xoutput"],"id":46,"resource":"1536","request_start":1576628504308,"request_end":1576628514167,"request_duration":9859,"type":"1536"}
{"start":1576628509331,"end":1576628514155,"duration":4824,"downloading_duration":1113,"execution_duration":3092,"uploading_duration":619,"executable":"ellipsoids-openmp","args":["0.dat","038.log","038.xoutput"],"id":44,"resource":"1536","request_start":1576628504307,"request_end":1576628514176,"request_duration":9869,"type":"1536"}
{"start":1576628509042,"end":1576628514159,"duration":5117,"downloading_duration":1291,"execution_duration":3264,"uploading_duration":562,"executable":"ellipsoids-openmp","args":["0.dat","016.log","016.xoutput"],"id":22,"resource":"1536","request_start":1576628504291,"request_end":1576628514178,"request_duration":9887,"type":"1536"}
{"start":1576628509334,"end":1576628514168,"duration":4834,"downloading_duration":993,"execution_duration":3176,"uploading_duration":665,"executable":"ellipsoids-openmp","args":["0.dat","042.log","042.xoutput"],"id":48,"resource":"1536","request_start":1576628504309,"request_end":1576628514186,"request_duration":9877,"type":"1536"}
{"start":1576628509334,"end":1576628514188,"duration":4854,"downloading_duration":1020,"execution_duration":3233,"uploading_duration":601,"executable":"ellipsoids-openmp","args":["0.dat","043.log","043.xoutput"],"id":49,"resource":"1536","request_start":1576628504310,"request_end":1576628514206,"request_duration":9896,"type":"1536"}
{"start":1576628509341,"end":1576628514244,"duration":4903,"downloading_duration":1208,"execution_duration":3087,"uploading_duration":608,"executable":"ellipsoids-openmp","args":["0.dat","045.log","045.xoutput"],"id":51,"resource":"1536","request_start":1576628504311,"request_end":1576628514264,"request_duration":9953,"type":"1536"}
{"start":1576628509331,"end":1576628514268,"duration":4937,"downloading_duration":1076,"execution_duration":3081,"uploading_duration":780,"executable":"ellipsoids-openmp","args":["0.dat","037.log","037.xoutput"],"id":43,"resource":"1536","request_start":1576628504307,"request_end":1576628514286,"request_duration":9979,"type":"1536"}
{"start":1576628509740,"end":1576628514383,"duration":4643,"downloading_duration":1032,"execution_duration":3044,"uploading_duration":567,"executable":"ellipsoids-openmp","args":["0.dat","03.log","03.xoutput"],"id":9,"resource":"1536","request_start":1576628504315,"request_end":1576628514401,"request_duration":10086,"type":"1536"}
{"start":1576628509335,"end":1576628514404,"duration":5069,"downloading_duration":1194,"execution_duration":3080,"uploading_duration":795,"executable":"ellipsoids-openmp","args":["0.dat","041.log","041.xoutput"],"id":47,"resource":"1536","request_start":1576628504309,"request_end":1576628514424,"request_duration":10115,"type":"1536"}
{"start":1576628509597,"end":1576628514414,"duration":4817,"downloading_duration":1023,"execution_duration":3136,"uploading_duration":658,"executable":"ellipsoids-openmp","args":["0.dat","01.log","01.xoutput"],"id":7,"resource":"1536","request_start":1576628504314,"request_end":1576628514434,"request_duration":10120,"type":"1536"}
{"start":1576628509547,"end":1576628514445,"duration":4898,"downloading_duration":1121,"execution_duration":3139,"uploading_duration":638,"executable":"ellipsoids-openmp","args":["0.dat","00.log","00.xoutput"],"id":6,"resource":"1536","request_start":1576628504314,"request_end":1576628514464,"request_duration":10150,"type":"1536"}
{"start":1576628509603,"end":1576628515287,"duration":5684,"downloading_duration":2021,"execution_duration":3045,"uploading_duration":618,"executable":"ellipsoids-openmp","args":["0.dat","02.log","02.xoutput"],"id":8,"resource":"1536","request_start":1576628504315,"request_end":1576628515306,"request_duration":10991,"type":"1536"}
{"start":1576628512453,"end":1576628516551,"duration":4098,"downloading_duration":991,"execution_duration":2477,"uploading_duration":630,"executable":"ellipsoids-openmp","args":["3.dat","30.log","30.xoutput"],"id":156,"resource":"1536","request_start":1576628504377,"request_end":1576628516571,"request_duration":12194,"type":"1536"}
{"start":1576628513339,"end":1576628517384,"duration":4045,"downloading_duration":989,"execution_duration":2469,"uploading_duration":587,"executable":"ellipsoids-openmp","args":["3.dat","31.log","31.xoutput"],"id":157,"resource":"1536","request_start":1576628504378,"request_end":1576628517405,"request_duration":13027,"type":"1536"}
{"start":1576628513730,"end":1576628518105,"duration":4375,"downloading_duration":1003,"execution_duration":2820,"uploading_duration":552,"executable":"ellipsoids-openmp","args":["3.dat","38.log","38.xoutput"],"id":164,"resource":"1536","request_start":1576628504383,"request_end":1576628518125,"request_duration":13742,"type":"1536"}
{"start":1576628513614,"end":1576628518118,"duration":4504,"downloading_duration":1004,"execution_duration":2932,"uploading_duration":568,"executable":"ellipsoids-openmp","args":["3.dat","34.log","34.xoutput"],"id":160,"resource":"1536","request_start":1576628504380,"request_end":1576628518137,"request_duration":13757,"type":"1536"}
{"start":1576628513605,"end":1576628518123,"duration":4518,"downloading_duration":1001,"execution_duration":2899,"uploading_duration":618,"executable":"ellipsoids-openmp","args":["3.dat","33.log","33.xoutput"],"id":159,"resource":"1536","request_start":1576628504379,"request_end":1576628518141,"request_duration":13762,"type":"1536"}
{"start":1576628513574,"end":1576628518155,"duration":4581,"downloading_duration":1085,"execution_duration":2874,"uploading_duration":622,"executable":"ellipsoids-openmp","args":["3.dat","32.log","32.xoutput"],"id":158,"resource":"1536","request_start":1576628504379,"request_end":1576628518174,"request_duration":13795,"type":"1536"}
{"start":1576628513631,"end":1576628518199,"duration":4568,"downloading_duration":1083,"execution_duration":2870,"uploading_duration":615,"executable":"ellipsoids-openmp","args":["3.dat","35.log","35.xoutput"],"id":161,"resource":"1536","request_start":1576628504381,"request_end":1576628518218,"request_duration":13837,"type":"1536"}
{"start":1576628513671,"end":1576628518215,"duration":4544,"downloading_duration":1037,"execution_duration":2954,"uploading_duration":553,"executable":"ellipsoids-openmp","args":["3.dat","36.log","36.xoutput"],"id":162,"resource":"1536","request_start":1576628504381,"request_end":1576628518233,"request_duration":13852,"type":"1536"}
{"start":1576628513841,"end":1576628518331,"duration":4490,"downloading_duration":985,"execution_duration":2889,"uploading_duration":616,"executable":"ellipsoids-openmp","args":["3.dat","313.log","313.xoutput"],"id":169,"resource":"1536","request_start":1576628504385,"request_end":1576628518351,"request_duration":13966,"type":"1536"}
{"start":1576628513809,"end":1576628518365,"duration":4556,"downloading_duration":997,"execution_duration":2936,"uploading_duration":623,"executable":"ellipsoids-openmp","args":["3.dat","310.log","310.xoutput"],"id":166,"resource":"1536","request_start":1576628504384,"request_end":1576628518384,"request_duration":14000,"type":"1536"}
{"start":1576628513888,"end":1576628518388,"duration":4500,"downloading_duration":990,"execution_duration":2943,"uploading_duration":567,"executable":"ellipsoids-openmp","args":["3.dat","315.log","315.xoutput"],"id":171,"resource":"1536","request_start":1576628504387,"request_end":1576628518407,"request_duration":14020,"type":"1536"}
{"start":1576628513862,"end":1576628518390,"duration":4528,"downloading_duration":985,"execution_duration":2954,"uploading_duration":589,"executable":"ellipsoids-openmp","args":["3.dat","314.log","314.xoutput"],"id":170,"resource":"1536","request_start":1576628504386,"request_end":1576628518409,"request_duration":14023,"type":"1536"}
{"start":1576628514021,"end":1576628518396,"duration":4375,"downloading_duration":999,"execution_duration":2798,"uploading_duration":578,"executable":"ellipsoids-openmp","args":["3.dat","325.log","325.xoutput"],"id":181,"resource":"1536","request_start":1576628504392,"request_end":1576628518415,"request_duration":14023,"type":"1536"}
{"start":1576628513698,"end":1576628518407,"duration":4709,"downloading_duration":1091,"execution_duration":2993,"uploading_duration":625,"executable":"ellipsoids-openmp","args":["3.dat","37.log","37.xoutput"],"id":163,"resource":"1536","request_start":1576628504382,"request_end":1576628518426,"request_duration":14044,"type":"1536"}
{"start":1576628513826,"end":1576628518408,"duration":4582,"downloading_duration":1075,"execution_duration":2885,"uploading_duration":622,"executable":"ellipsoids-openmp","args":["3.dat","311.log","311.xoutput"],"id":167,"resource":"1536","request_start":1576628504384,"request_end":1576628518428,"request_duration":14044,"type":"1536"}
{"start":1576628513945,"end":1576628518455,"duration":4510,"downloading_duration":1018,"execution_duration":2904,"uploading_duration":588,"executable":"ellipsoids-openmp","args":["3.dat","321.log","321.xoutput"],"id":177,"resource":"1536","request_start":1576628504390,"request_end":1576628518474,"request_duration":14084,"type":"1536"}
{"start":1576628513921,"end":1576628518466,"duration":4545,"downloading_duration":1021,"execution_duration":2911,"uploading_duration":613,"executable":"ellipsoids-openmp","args":["3.dat","317.log","317.xoutput"],"id":173,"resource":"1536","request_start":1576628504388,"request_end":1576628518486,"request_duration":14098,"type":"1536"}
{"start":1576628513929,"end":1576628518474,"duration":4545,"downloading_duration":1003,"execution_duration":2964,"uploading_duration":578,"executable":"ellipsoids-openmp","args":["3.dat","319.log","319.xoutput"],"id":175,"resource":"1536","request_start":1576628504389,"request_end":1576628518494,"request_duration":14105,"type":"1536"}
{"start":1576628513963,"end":1576628518480,"duration":4517,"downloading_duration":1079,"execution_duration":2856,"uploading_duration":582,"executable":"ellipsoids-openmp","args":["3.dat","322.log","322.xoutput"],"id":178,"resource":"1536","request_start":1576628504390,"request_end":1576628518498,"request_duration":14108,"type":"1536"}
{"start":1576628513932,"end":1576628518489,"duration":4557,"downloading_duration":1060,"execution_duration":2900,"uploading_duration":597,"executable":"ellipsoids-openmp","args":["3.dat","320.log","320.xoutput"],"id":176,"resource":"1536","request_start":1576628504389,"request_end":1576628518511,"request_duration":14122,"type":"1536"}
{"start":1576628513910,"end":1576628518497,"duration":4587,"downloading_duration":1071,"execution_duration":2942,"uploading_duration":574,"executable":"ellipsoids-openmp","args":["3.dat","316.log","316.xoutput"],"id":172,"resource":"1536","request_start":1576628504387,"request_end":1576628518514,"request_duration":14127,"type":"1536"}
{"start":1576628513770,"end":1576628518534,"duration":4764,"downloading_duration":1270,"execution_duration":2870,"uploading_duration":624,"executable":"ellipsoids-openmp","args":["3.dat","39.log","39.xoutput"],"id":165,"resource":"1536","request_start":1576628504383,"request_end":1576628518557,"request_duration":14174,"type":"1536"}
{"start":1576628513932,"end":1576628518548,"duration":4616,"downloading_duration":1063,"execution_duration":2946,"uploading_duration":607,"executable":"ellipsoids-openmp","args":["3.dat","318.log","318.xoutput"],"id":174,"resource":"1536","request_start":1576628504388,"request_end":1576628518567,"request_duration":14179,"type":"1536"}
{"start":1576628514012,"end":1576628518551,"duration":4539,"downloading_duration":1024,"execution_duration":2907,"uploading_duration":608,"executable":"ellipsoids-openmp","args":["3.dat","324.log","324.xoutput"],"id":180,"resource":"1536","request_start":1576628504391,"request_end":1576628518572,"request_duration":14181,"type":"1536"}
{"start":1576628514040,"end":1576628518586,"duration":4546,"downloading_duration":990,"execution_duration":2971,"uploading_duration":585,"executable":"ellipsoids-openmp","args":["3.dat","328.log","328.xoutput"],"id":184,"resource":"1536","request_start":1576628504393,"request_end":1576628518606,"request_duration":14213,"type":"1536"}
{"start":1576628514028,"end":1576628518591,"duration":4563,"downloading_duration":1022,"execution_duration":2953,"uploading_duration":588,"executable":"ellipsoids-openmp","args":["3.dat","326.log","326.xoutput"],"id":182,"resource":"1536","request_start":1576628504392,"request_end":1576628518612,"request_duration":14220,"type":"1536"}
{"start":1576628514071,"end":1576628518597,"duration":4526,"downloading_duration":1019,"execution_duration":2912,"uploading_duration":595,"executable":"ellipsoids-openmp","args":["3.dat","329.log","329.xoutput"],"id":185,"resource":"1536","request_start":1576628504394,"request_end":1576628518621,"request_duration":14227,"type":"1536"}
{"start":1576628514031,"end":1576628518608,"duration":4577,"downloading_duration":987,"execution_duration":2956,"uploading_duration":634,"executable":"ellipsoids-openmp","args":["3.dat","327.log","327.xoutput"],"id":183,"resource":"1536","request_start":1576628504393,"request_end":1576628518630,"request_duration":14237,"type":"1536"}
{"start":1576628513834,"end":1576628518626,"duration":4792,"downloading_duration":1161,"execution_duration":3019,"uploading_duration":612,"executable":"ellipsoids-openmp","args":["3.dat","312.log","312.xoutput"],"id":168,"resource":"1536","request_start":1576628504385,"request_end":1576628518646,"request_duration":14261,"type":"1536"}
{"start":1576628514218,"end":1576628518631,"duration":4413,"downloading_duration":1072,"execution_duration":2751,"uploading_duration":590,"executable":"ellipsoids-openmp","args":["3.dat","341.log","341.xoutput"],"id":197,"resource":"1536","request_start":1576628504400,"request_end":1576628518651,"request_duration":14251,"type":"1536"}
{"start":1576628514160,"end":1576628518643,"duration":4483,"downloading_duration":980,"execution_duration":2926,"uploading_duration":577,"executable":"ellipsoids-openmp","args":["3.dat","335.log","335.xoutput"],"id":191,"resource":"1536","request_start":1576628504397,"request_end":1576628518661,"request_duration":14264,"type":"1536"}
{"start":1576628514115,"end":1576628518650,"duration":4535,"downloading_duration":1019,"execution_duration":2932,"uploading_duration":584,"executable":"ellipsoids-openmp","args":["3.dat","332.log","332.xoutput"],"id":188,"resource":"1536","request_start":1576628504395,"request_end":1576628518670,"request_duration":14275,"type":"1536"}
{"start":1576628514003,"end":1576628518659,"duration":4656,"downloading_duration":1021,"execution_duration":2935,"uploading_duration":700,"executable":"ellipsoids-openmp","args":["3.dat","323.log","323.xoutput"],"id":179,"resource":"1536","request_start":1576628504391,"request_end":1576628518677,"request_duration":14286,"type":"1536"}
{"start":1576628514206,"end":1576628518662,"duration":4456,"downloading_duration":1035,"execution_duration":2876,"uploading_duration":545,"executable":"ellipsoids-openmp","args":["3.dat","339.log","339.xoutput"],"id":195,"resource":"1536","request_start":1576628504399,"request_end":1576628518685,"request_duration":14286,"type":"1536"}
{"start":1576628514147,"end":1576628518679,"duration":4532,"downloading_duration":998,"execution_duration":2938,"uploading_duration":596,"executable":"ellipsoids-openmp","args":["3.dat","333.log","333.xoutput"],"id":189,"resource":"1536","request_start":1576628504396,"request_end":1576628518698,"request_duration":14302,"type":"1536"}
{"start":1576628514077,"end":1576628518698,"duration":4621,"downloading_duration":1023,"execution_duration":2990,"uploading_duration":608,"executable":"ellipsoids-openmp","args":["3.dat","330.log","330.xoutput"],"id":186,"resource":"1536","request_start":1576628504394,"request_end":1576628518720,"request_duration":14326,"type":"1536"}
{"start":1576628514192,"end":1576628518726,"duration":4534,"downloading_duration":1091,"execution_duration":2881,"uploading_duration":562,"executable":"ellipsoids-openmp","args":["3.dat","337.log","337.xoutput"],"id":193,"resource":"1536","request_start":1576628504398,"request_end":1576628518746,"request_duration":14348,"type":"1536"}
{"start":1576628514103,"end":1576628518749,"duration":4646,"downloading_duration":999,"execution_duration":2963,"uploading_duration":684,"executable":"ellipsoids-openmp","args":["3.dat","331.log","331.xoutput"],"id":187,"resource":"1536","request_start":1576628504395,"request_end":1576628518770,"request_duration":14375,"type":"1536"}
{"start":1576628514153,"end":1576628518783,"duration":4630,"downloading_duration":1072,"execution_duration":2950,"uploading_duration":608,"executable":"ellipsoids-openmp","args":["3.dat","334.log","334.xoutput"],"id":190,"resource":"1536","request_start":1576628504396,"request_end":1576628518805,"request_duration":14409,"type":"1536"}
{"start":1576628514200,"end":1576628518793,"duration":4593,"downloading_duration":1014,"execution_duration":2890,"uploading_duration":689,"executable":"ellipsoids-openmp","args":["3.dat","338.log","338.xoutput"],"id":194,"resource":"1536","request_start":1576628504398,"request_end":1576628518811,"request_duration":14413,"type":"1536"}
{"start":1576628514230,"end":1576628518867,"duration":4637,"downloading_duration":1085,"execution_duration":2937,"uploading_duration":615,"executable":"ellipsoids-openmp","args":["3.dat","342.log","342.xoutput"],"id":198,"resource":"1536","request_start":1576628504400,"request_end":1576628518968,"request_duration":14568,"type":"1536"}
{"start":1576628514316,"end":1576628518883,"duration":4567,"downloading_duration":1081,"execution_duration":2847,"uploading_duration":639,"executable":"ellipsoids-openmp","args":["3.dat","344.log","344.xoutput"],"id":200,"resource":"1536","request_start":1576628504401,"request_end":1576628518972,"request_duration":14571,"type":"1536"}
{"start":1576628514466,"end":1576628518938,"duration":4472,"downloading_duration":1000,"execution_duration":2887,"uploading_duration":585,"executable":"ellipsoids-openmp","args":["3.dat","347.log","347.xoutput"],"id":203,"resource":"1536","request_start":1576628504403,"request_end":1576628518977,"request_duration":14574,"type":"1536"}
{"start":1576628514426,"end":1576628518954,"duration":4528,"downloading_duration":1010,"execution_duration":2810,"uploading_duration":708,"executable":"ellipsoids-openmp","args":["3.dat","345.log","345.xoutput"],"id":201,"resource":"1536","request_start":1576628504402,"request_end":1576628518989,"request_duration":14587,"type":"1536"}
{"start":1576628514296,"end":1576628518990,"duration":4694,"downloading_duration":1074,"execution_duration":2997,"uploading_duration":623,"executable":"ellipsoids-openmp","args":["3.dat","343.log","343.xoutput"],"id":199,"resource":"1536","request_start":1576628504401,"request_end":1576628519010,"request_duration":14609,"type":"1536"}
{"start":1576628514179,"end":1576628518992,"duration":4813,"downloading_duration":1000,"execution_duration":2875,"uploading_duration":938,"executable":"ellipsoids-openmp","args":["3.dat","336.log","336.xoutput"],"id":192,"resource":"1536","request_start":1576628504397,"request_end":1576628519013,"request_duration":14616,"type":"1536"}
{"start":1576628514493,"end":1576628519084,"duration":4591,"downloading_duration":1035,"execution_duration":2940,"uploading_duration":616,"executable":"ellipsoids-openmp","args":["3.dat","348.log","348.xoutput"],"id":204,"resource":"1536","request_start":1576628504403,"request_end":1576628519104,"request_duration":14701,"type":"1536"}
{"start":1576628514213,"end":1576628519145,"duration":4932,"downloading_duration":1415,"execution_duration":2953,"uploading_duration":564,"executable":"ellipsoids-openmp","args":["3.dat","340.log","340.xoutput"],"id":196,"resource":"1536","request_start":1576628504399,"request_end":1576628519164,"request_duration":14765,"type":"1536"}
{"start":1576628514452,"end":1576628519165,"duration":4713,"downloading_duration":1091,"execution_duration":2903,"uploading_duration":719,"executable":"ellipsoids-openmp","args":["3.dat","346.log","346.xoutput"],"id":202,"resource":"1536","request_start":1576628504402,"request_end":1576628519184,"request_duration":14782,"type":"1536"}
{"start":1576628515337,"end":1576628520049,"duration":4712,"downloading_duration":1297,"execution_duration":2832,"uploading_duration":583,"executable":"ellipsoids-openmp","args":["3.dat","349.log","349.xoutput"],"id":205,"resource":"1536","request_start":1576628504404,"request_end":1576628520073,"request_duration":15669,"type":"1536"}
{"start":1576628516599,"end":1576628520687,"duration":4088,"downloading_duration":1091,"execution_duration":2375,"uploading_duration":622,"executable":"ellipsoids-openmp","args":["2.dat","20.log","20.xoutput"],"id":106,"resource":"1536","request_start":1576628504420,"request_end":1576628520707,"request_duration":16287,"type":"1536"}
{"start":1576628517439,"end":1576628521346,"duration":3907,"downloading_duration":987,"execution_duration":2355,"uploading_duration":565,"executable":"ellipsoids-openmp","args":["2.dat","21.log","21.xoutput"],"id":107,"resource":"1536","request_start":1576628504420,"request_end":1576628521365,"request_duration":16945,"type":"1536"}
{"start":1576628520738,"end":1576628522431,"duration":1693,"downloading_duration":1205,"execution_duration":3,"uploading_duration":485,"executable":"mean-pack-ell","args":["10.xoutput","11.xoutput","12.xoutput","13.xoutput","14.xoutput","15.xoutput","16.xoutput","17.xoutput","18.xoutput","19.xoutput","110.xoutput","111.xoutput","112.xoutput","113.xoutput","114.xoutput","115.xoutput","116.xoutput","117.xoutput","118.xoutput","119.xoutput","120.xoutput","121.xoutput","122.xoutput","123.xoutput","124.xoutput","125.xoutput","126.xoutput","127.xoutput","128.xoutput","129.xoutput","130.xoutput","131.xoutput","132.xoutput","133.xoutput","134.xoutput","135.xoutput","136.xoutput","137.xoutput","138.xoutput","139.xoutput","140.xoutput","141.xoutput","142.xoutput","143.xoutput","144.xoutput","145.xoutput","146.xoutput","147.xoutput","148.xoutput","149.xoutput","average_1.txt"],"id":207,"resource":"1536","request_start":1576628509722,"request_end":1576628522451,"request_duration":12729,"type":"1536"}
{"start":1576628518198,"end":1576628522795,"duration":4597,"downloading_duration":1074,"execution_duration":2910,"uploading_duration":613,"executable":"ellipsoids-openmp","args":["2.dat","25.log","25.xoutput"],"id":111,"resource":"1536","request_start":1576628504423,"request_end":1576628522814,"request_duration":18391,"type":"1536"}
{"start":1576628518183,"end":1576628522800,"duration":4617,"downloading_duration":1074,"execution_duration":2939,"uploading_duration":604,"executable":"ellipsoids-openmp","args":["2.dat","24.log","24.xoutput"],"id":110,"resource":"1536","request_start":1576628504423,"request_end":1576628522821,"request_duration":18398,"type":"1536"}
{"start":1576628518155,"end":1576628522815,"duration":4660,"downloading_duration":1086,"execution_duration":2984,"uploading_duration":590,"executable":"ellipsoids-openmp","args":["2.dat","22.log","22.xoutput"],"id":108,"resource":"1536","request_start":1576628504421,"request_end":1576628522833,"request_duration":18412,"type":"1536"}
{"start":1576628518260,"end":1576628522829,"duration":4569,"downloading_duration":1021,"execution_duration":2943,"uploading_duration":605,"executable":"ellipsoids-openmp","args":["2.dat","27.log","27.xoutput"],"id":113,"resource":"1536","request_start":1576628504424,"request_end":1576628522847,"request_duration":18423,"type":"1536"}
{"start":1576628518176,"end":1576628522829,"duration":4653,"downloading_duration":1001,"execution_duration":3069,"uploading_duration":583,"executable":"ellipsoids-openmp","args":["2.dat","23.log","23.xoutput"],"id":109,"resource":"1536","request_start":1576628504422,"request_end":1576628522852,"request_duration":18430,"type":"1536"}
{"start":1576628518248,"end":1576628522897,"duration":4649,"downloading_duration":979,"execution_duration":3100,"uploading_duration":570,"executable":"ellipsoids-openmp","args":["2.dat","26.log","26.xoutput"],"id":112,"resource":"1536","request_start":1576628504424,"request_end":1576628522916,"request_duration":18492,"type":"1536"}
{"start":1576628518411,"end":1576628522900,"duration":4489,"downloading_duration":981,"execution_duration":2913,"uploading_duration":595,"executable":"ellipsoids-openmp","args":["2.dat","29.log","29.xoutput"],"id":115,"resource":"1536","request_start":1576628504425,"request_end":1576628522922,"request_duration":18497,"type":"1536"}
{"start":1576628521395,"end":1576628522928,"duration":1533,"downloading_duration":1161,"execution_duration":3,"uploading_duration":369,"executable":"mean-pack-ell","args":["00.xoutput","01.xoutput","02.xoutput","03.xoutput","04.xoutput","05.xoutput","06.xoutput","07.xoutput","08.xoutput","09.xoutput","010.xoutput","011.xoutput","012.xoutput","013.xoutput","014.xoutput","015.xoutput","016.xoutput","017.xoutput","018.xoutput","019.xoutput","020.xoutput","021.xoutput","022.xoutput","023.xoutput","024.xoutput","025.xoutput","026.xoutput","027.xoutput","028.xoutput","029.xoutput","030.xoutput","031.xoutput","032.xoutput","033.xoutput","034.xoutput","035.xoutput","036.xoutput","037.xoutput","038.xoutput","039.xoutput","040.xoutput","041.xoutput","042.xoutput","043.xoutput","044.xoutput","045.xoutput","046.xoutput","047.xoutput","048.xoutput","049.xoutput","average_0.txt"],"id":206,"resource":"1536","request_start":1576628515326,"request_end":1576628522948,"request_duration":7622,"type":"1536"}
{"start":1576628518446,"end":1576628522954,"duration":4508,"downloading_duration":973,"execution_duration":2981,"uploading_duration":554,"executable":"ellipsoids-openmp","args":["2.dat","212.log","212.xoutput"],"id":118,"resource":"1536","request_start":1576628504427,"request_end":1576628522972,"request_duration":18545,"type":"1536"}
{"start":1576628518379,"end":1576628522957,"duration":4578,"downloading_duration":1049,"execution_duration":2971,"uploading_duration":558,"executable":"ellipsoids-openmp","args":["2.dat","28.log","28.xoutput"],"id":114,"resource":"1536","request_start":1576628504425,"request_end":1576628522977,"request_duration":18552,"type":"1536"}
{"start":1576628518461,"end":1576628523065,"duration":4604,"downloading_duration":997,"execution_duration":3010,"uploading_duration":597,"executable":"ellipsoids-openmp","args":["2.dat","214.log","214.xoutput"],"id":120,"resource":"1536","request_start":1576628504428,"request_end":1576628523083,"request_duration":18655,"type":"1536"}
{"start":1576628518499,"end":1576628523081,"duration":4582,"downloading_duration":1003,"execution_duration":2957,"uploading_duration":622,"executable":"ellipsoids-openmp","args":["2.dat","215.log","215.xoutput"],"id":121,"resource":"1536","request_start":1576628504429,"request_end":1576628523101,"request_duration":18672,"type":"1536"}
{"start":1576628518434,"end":1576628523149,"duration":4715,"downloading_duration":1092,"execution_duration":2997,"uploading_duration":626,"executable":"ellipsoids-openmp","args":["2.dat","210.log","210.xoutput"],"id":116,"resource":"1536","request_start":1576628504426,"request_end":1576628523167,"request_duration":18741,"type":"1536"}
{"start":1576628518512,"end":1576628523163,"duration":4651,"downloading_duration":1003,"execution_duration":3055,"uploading_duration":593,"executable":"ellipsoids-openmp","args":["2.dat","216.log","216.xoutput"],"id":122,"resource":"1536","request_start":1576628504432,"request_end":1576628523181,"request_duration":18749,"type":"1536"}
{"start":1576628518600,"end":1576628523195,"duration":4595,"downloading_duration":1017,"execution_duration":2961,"uploading_duration":617,"executable":"ellipsoids-openmp","args":["2.dat","223.log","223.xoutput"],"id":129,"resource":"1536","request_start":1576628504436,"request_end":1576628523214,"request_duration":18778,"type":"1536"}
{"start":1576628518452,"end":1576628523207,"duration":4755,"downloading_duration":1078,"execution_duration":3069,"uploading_duration":608,"executable":"ellipsoids-openmp","args":["2.dat","213.log","213.xoutput"],"id":119,"resource":"1536","request_start":1576628504428,"request_end":1576628523224,"request_duration":18796,"type":"1536"}
{"start":1576628518437,"end":1576628523226,"duration":4789,"downloading_duration":1105,"execution_duration":3049,"uploading_duration":635,"executable":"ellipsoids-openmp","args":["2.dat","211.log","211.xoutput"],"id":117,"resource":"1536","request_start":1576628504427,"request_end":1576628523245,"request_duration":18818,"type":"1536"}
{"start":1576628518669,"end":1576628523241,"duration":4572,"downloading_duration":985,"execution_duration":2990,"uploading_duration":597,"executable":"ellipsoids-openmp","args":["2.dat","227.log","227.xoutput"],"id":133,"resource":"1536","request_start":1576628504438,"request_end":1576628523261,"request_duration":18823,"type":"1536"}
{"start":1576628518544,"end":1576628523245,"duration":4701,"downloading_duration":1043,"execution_duration":3058,"uploading_duration":600,"executable":"ellipsoids-openmp","args":["2.dat","220.log","220.xoutput"],"id":126,"resource":"1536","request_start":1576628504435,"request_end":1576628523271,"request_duration":18836,"type":"1536"}
{"start":1576628518592,"end":1576628523268,"duration":4676,"downloading_duration":994,"execution_duration":3083,"uploading_duration":599,"executable":"ellipsoids-openmp","args":["2.dat","222.log","222.xoutput"],"id":128,"resource":"1536","request_start":1576628504436,"request_end":1576628523289,"request_duration":18853,"type":"1536"}
{"start":1576628518644,"end":1576628523268,"duration":4624,"downloading_duration":997,"execution_duration":3008,"uploading_duration":619,"executable":"ellipsoids-openmp","args":["2.dat","226.log","226.xoutput"],"id":132,"resource":"1536","request_start":1576628504437,"request_end":1576628523291,"request_duration":18854,"type":"1536"}
{"start":1576628518528,"end":1576628523269,"duration":4741,"downloading_duration":1064,"execution_duration":3067,"uploading_duration":610,"executable":"ellipsoids-openmp","args":["2.dat","218.log","218.xoutput"],"id":124,"resource":"1536","request_start":1576628504433,"request_end":1576628523295,"request_duration":18862,"type":"1536"}
{"start":1576628518747,"end":1576628523299,"duration":4552,"downloading_duration":1016,"execution_duration":2932,"uploading_duration":604,"executable":"ellipsoids-openmp","args":["2.dat","235.log","235.xoutput"],"id":141,"resource":"1536","request_start":1576628504443,"request_end":1576628523321,"request_duration":18878,"type":"1536"}
{"start":1576628518639,"end":1576628523307,"duration":4668,"downloading_duration":1001,"execution_duration":2895,"uploading_duration":772,"executable":"ellipsoids-openmp","args":["2.dat","225.log","225.xoutput"],"id":131,"resource":"1536","request_start":1576628504437,"request_end":1576628523326,"request_duration":18889,"type":"1536"}
{"start":1576628518522,"end":1576628523307,"duration":4785,"downloading_duration":1217,"execution_duration":2980,"uploading_duration":588,"executable":"ellipsoids-openmp","args":["2.dat","217.log","217.xoutput"],"id":123,"resource":"1536","request_start":1576628504432,"request_end":1576628523328,"request_duration":18896,"type":"1536"}
{"start":1576628518677,"end":1576628523382,"duration":4705,"downloading_duration":998,"execution_duration":2994,"uploading_duration":713,"executable":"ellipsoids-openmp","args":["2.dat","229.log","229.xoutput"],"id":135,"resource":"1536","request_start":1576628504439,"request_end":1576628523401,"request_duration":18962,"type":"1536"}
{"start":1576628518727,"end":1576628523390,"duration":4663,"downloading_duration":1068,"execution_duration":2950,"uploading_duration":645,"executable":"ellipsoids-openmp","args":["2.dat","234.log","234.xoutput"],"id":140,"resource":"1536","request_start":1576628504442,"request_end":1576628523413,"request_duration":18971,"type":"1536"}
{"start":1576628518772,"end":1576628523404,"duration":4632,"downloading_duration":1063,"execution_duration":2954,"uploading_duration":615,"executable":"ellipsoids-openmp","args":["2.dat","236.log","236.xoutput"],"id":142,"resource":"1536","request_start":1576628504444,"request_end":1576628523425,"request_duration":18981,"type":"1536"}
{"start":1576628518700,"end":1576628523409,"duration":4709,"downloading_duration":996,"execution_duration":3027,"uploading_duration":686,"executable":"ellipsoids-openmp","args":["2.dat","231.log","231.xoutput"],"id":137,"resource":"1536","request_start":1576628504440,"request_end":1576628523430,"request_duration":18990,"type":"1536"}
{"start":1576628518704,"end":1576628523424,"duration":4720,"downloading_duration":1085,"execution_duration":3018,"uploading_duration":617,"executable":"ellipsoids-openmp","args":["2.dat","232.log","232.xoutput"],"id":138,"resource":"1536","request_start":1576628504441,"request_end":1576628523443,"request_duration":19002,"type":"1536"}
{"start":1576628518836,"end":1576628523460,"duration":4624,"downloading_duration":1078,"execution_duration":2953,"uploading_duration":593,"executable":"ellipsoids-openmp","args":["2.dat","239.log","239.xoutput"],"id":145,"resource":"1536","request_start":1576628504445,"request_end":1576628523478,"request_duration":19033,"type":"1536"}
{"start":1576628518677,"end":1576628523475,"duration":4798,"downloading_duration":1081,"execution_duration":3132,"uploading_duration":585,"executable":"ellipsoids-openmp","args":["2.dat","228.log","228.xoutput"],"id":134,"resource":"1536","request_start":1576628504439,"request_end":1576628523493,"request_duration":19054,"type":"1536"}
{"start":1576628518688,"end":1576628523537,"duration":4849,"downloading_duration":1182,"execution_duration":3042,"uploading_duration":625,"executable":"ellipsoids-openmp","args":["2.dat","230.log","230.xoutput"],"id":136,"resource":"1536","request_start":1576628504440,"request_end":1576628523556,"request_duration":19116,"type":"1536"}
{"start":1576628518585,"end":1576628523558,"duration":4973,"downloading_duration":1071,"execution_duration":2921,"uploading_duration":981,"executable":"ellipsoids-openmp","args":["2.dat","221.log","221.xoutput"],"id":127,"resource":"1536","request_start":1576628504435,"request_end":1576628523580,"request_duration":19145,"type":"1536"}
{"start":1576628519016,"end":1576628523570,"duration":4554,"downloading_duration":993,"execution_duration":2984,"uploading_duration":577,"executable":"ellipsoids-openmp","args":["2.dat","243.log","243.xoutput"],"id":149,"resource":"1536","request_start":1576628504447,"request_end":1576628523590,"request_duration":19143,"type":"1536"}
{"start":1576628518795,"end":1576628523591,"duration":4796,"downloading_duration":1056,"execution_duration":3078,"uploading_duration":662,"executable":"ellipsoids-openmp","args":["2.dat","237.log","237.xoutput"],"id":143,"resource":"1536","request_start":1576628504444,"request_end":1576628523614,"request_duration":19170,"type":"1536"}
{"start":1576628518540,"end":1576628523679,"duration":5139,"downloading_duration":1081,"execution_duration":2884,"uploading_duration":1174,"executable":"ellipsoids-openmp","args":["2.dat","219.log","219.xoutput"],"id":125,"resource":"1536","request_start":1576628504433,"request_end":1576628523697,"request_duration":19264,"type":"1536"}
{"start":1576628518829,"end":1576628523680,"duration":4851,"downloading_duration":1152,"execution_duration":2991,"uploading_duration":708,"executable":"ellipsoids-openmp","args":["2.dat","238.log","238.xoutput"],"id":144,"resource":"1536","request_start":1576628504445,"request_end":1576628523702,"request_duration":19257,"type":"1536"}
{"start":1576628519012,"end":1576628523721,"duration":4709,"downloading_duration":1007,"execution_duration":3080,"uploading_duration":622,"executable":"ellipsoids-openmp","args":["2.dat","241.log","241.xoutput"],"id":147,"resource":"1536","request_start":1576628504446,"request_end":1576628523741,"request_duration":19295,"type":"1536"}
{"start":1576628519011,"end":1576628523729,"duration":4718,"downloading_duration":1035,"execution_duration":2960,"uploading_duration":723,"executable":"ellipsoids-openmp","args":["2.dat","242.log","242.xoutput"],"id":148,"resource":"1536","request_start":1576628504447,"request_end":1576628523750,"request_duration":19303,"type":"1536"}
{"start":1576628519190,"end":1576628523733,"duration":4543,"downloading_duration":986,"execution_duration":2961,"uploading_duration":596,"executable":"ellipsoids-openmp","args":["2.dat","247.log","247.xoutput"],"id":153,"resource":"1536","request_start":1576628504450,"request_end":1576628523755,"request_duration":19305,"type":"1536"}
{"start":1576628519045,"end":1576628523737,"duration":4692,"downloading_duration":1026,"execution_duration":3063,"uploading_duration":603,"executable":"ellipsoids-openmp","args":["2.dat","245.log","245.xoutput"],"id":151,"resource":"1536","request_start":1576628504448,"request_end":1576628523808,"request_duration":19360,"type":"1536"}
{"start":1576628519038,"end":1576628523787,"duration":4749,"downloading_duration":1043,"execution_duration":3014,"uploading_duration":692,"executable":"ellipsoids-openmp","args":["2.dat","244.log","244.xoutput"],"id":150,"resource":"1536","request_start":1576628504448,"request_end":1576628523816,"request_duration":19368,"type":"1536"}
{"start":1576628518711,"end":1576628523935,"duration":5224,"downloading_duration":992,"execution_duration":3098,"uploading_duration":1134,"executable":"ellipsoids-openmp","args":["2.dat","233.log","233.xoutput"],"id":139,"resource":"1536","request_start":1576628504441,"request_end":1576628523956,"request_duration":19515,"type":"1536"}
{"start":1576628519212,"end":1576628524007,"duration":4795,"downloading_duration":1144,"execution_duration":3072,"uploading_duration":579,"executable":"ellipsoids-openmp","args":["2.dat","248.log","248.xoutput"],"id":154,"resource":"1536","request_start":1576628504450,"request_end":1576628524026,"request_duration":19576,"type":"1536"}
{"start":1576628522485,"end":1576628524030,"duration":1545,"downloading_duration":1151,"execution_duration":4,"uploading_duration":390,"executable":"mean-pack-ell","args":["30.xoutput","31.xoutput","32.xoutput","33.xoutput","34.xoutput","35.xoutput","36.xoutput","37.xoutput","38.xoutput","39.xoutput","310.xoutput","311.xoutput","312.xoutput","313.xoutput","314.xoutput","315.xoutput","316.xoutput","317.xoutput","318.xoutput","319.xoutput","320.xoutput","321.xoutput","322.xoutput","323.xoutput","324.xoutput","325.xoutput","326.xoutput","327.xoutput","328.xoutput","329.xoutput","330.xoutput","331.xoutput","332.xoutput","333.xoutput","334.xoutput","335.xoutput","336.xoutput","337.xoutput","338.xoutput","339.xoutput","340.xoutput","341.xoutput","342.xoutput","343.xoutput","344.xoutput","345.xoutput","346.xoutput","347.xoutput","348.xoutput","349.xoutput","average_3.txt"],"id":209,"resource":"1536","request_start":1576628520089,"request_end":1576628524051,"request_duration":3962,"type":"1536"}
{"start":1576628519004,"end":1576628524131,"duration":5127,"downloading_duration":1444,"execution_duration":3059,"uploading_duration":624,"executable":"ellipsoids-openmp","args":["2.dat","240.log","240.xoutput"],"id":146,"resource":"1536","request_start":1576628504446,"request_end":1576628524151,"request_duration":19705,"type":"1536"}
{"start":1576628520101,"end":1576628524789,"duration":4688,"downloading_duration":1070,"execution_duration":3046,"uploading_duration":572,"executable":"ellipsoids-openmp","args":["2.dat","249.log","249.xoutput"],"id":155,"resource":"1536","request_start":1576628504451,"request_end":1576628524811,"request_duration":20360,"type":"1536"}
{"start":1576628519131,"end":1576628525802,"duration":6671,"downloading_duration":2937,"execution_duration":3155,"uploading_duration":579,"executable":"ellipsoids-openmp","args":["2.dat","246.log","246.xoutput"],"id":152,"resource":"1536","request_start":1576628504449,"request_end":1576628525874,"request_duration":21425,"type":"1536"}
{"start":1576628518632,"end":1576628529695,"duration":11063,"downloading_duration":7336,"execution_duration":3112,"uploading_duration":615,"executable":"ellipsoids-openmp","args":["2.dat","224.log","224.xoutput"],"id":130,"resource":"1536","request_start":1576628504437,"request_end":1576628529773,"request_duration":25336,"type":"1536"}
{"start":1576628529897,"end":1576628531969,"duration":2072,"downloading_duration":1389,"execution_duration":4,"uploading_duration":679,"executable":"mean-pack-ell","args":["20.xoutput","21.xoutput","22.xoutput","23.xoutput","24.xoutput","25.xoutput","26.xoutput","27.xoutput","28.xoutput","29.xoutput","210.xoutput","211.xoutput","212.xoutput","213.xoutput","214.xoutput","215.xoutput","216.xoutput","217.xoutput","218.xoutput","219.xoutput","220.xoutput","221.xoutput","222.xoutput","223.xoutput","224.xoutput","225.xoutput","226.xoutput","227.xoutput","228.xoutput","229.xoutput","230.xoutput","231.xoutput","232.xoutput","233.xoutput","234.xoutput","235.xoutput","236.xoutput","237.xoutput","238.xoutput","239.xoutput","240.xoutput","241.xoutput","242.xoutput","243.xoutput","244.xoutput","245.xoutput","246.xoutput","247.xoutput","248.xoutput","249.xoutput","average_2.txt"],"id":208,"resource":"1536","request_start":1576628529788,"request_end":1576628531987,"request_duration":2199,"type":"1536"}
{"start":1576628532104,"end":1576628532992,"duration":888,"downloading_duration":388,"execution_duration":72,"uploading_duration":428,"executable":"summary.js","args":[],"id":210,"resource":"1536","request_start":1576628531994,"request_end":1576628533008,"request_duration":1014,"type":"1536"}
