{"start":1576628476083,"end":1576628476939,"duration":856,"downloading_duration":378,"execution_duration":70,"uploading_duration":408,"executable":"generateData.js","args":[],"id":1,"resource":"1536","request_start":1576628475920,"request_end":1576628476970,"request_duration":1050,"type":"1536"}
{"start":1576628477192,"end":1576628478057,"duration":865,"downloading_duration":382,"execution_duration":71,"uploading_duration":412,"executable":"createDat.js","args":["0.dat"],"id":2,"resource":"1536","request_start":1576628476984,"request_end":1576628478074,"request_duration":1090,"type":"1536"}
{"start":1576628477200,"end":1576628478065,"duration":865,"downloading_duration":403,"execution_duration":73,"uploading_duration":389,"executable":"createDat.js","args":["2.dat"],"id":4,"resource":"1536","request_start":1576628476993,"request_end":1576628478094,"request_duration":1101,"type":"1536"}
{"start":1576628477195,"end":1576628478071,"duration":876,"downloading_duration":400,"execution_duration":76,"uploading_duration":400,"executable":"createDat.js","args":["3.dat"],"id":5,"resource":"1536","request_start":1576628476996,"request_end":1576628478101,"request_duration":1105,"type":"1536"}
{"start":1576628477192,"end":1576628478130,"duration":938,"downloading_duration":366,"execution_duration":71,"uploading_duration":501,"executable":"createDat.js","args":["1.dat"],"id":3,"resource":"1536","request_start":1576628476989,"request_end":1576628478240,"request_duration":1251,"type":"1536"}
{"start":1576628478484,"end":1576628482452,"duration":3968,"downloading_duration":990,"execution_duration":2409,"uploading_duration":569,"executable":"ellipsoids-openmp","args":["0.dat","011.log","011.xoutput"],"id":17,"resource":"1536","request_start":1576628478141,"request_end":1576628482473,"request_duration":4332,"type":"1536"}
{"start":1576628478484,"end":1576628482606,"duration":4122,"downloading_duration":1071,"execution_duration":2396,"uploading_duration":655,"executable":"ellipsoids-openmp","args":["0.dat","04.log","04.xoutput"],"id":10,"resource":"1536","request_start":1576628478133,"request_end":1576628482642,"request_duration":4509,"type":"1536"}
{"start":1576628478547,"end":1576628483102,"duration":4555,"downloading_duration":1045,"execution_duration":2898,"uploading_duration":612,"executable":"ellipsoids-openmp","args":["0.dat","029.log","029.xoutput"],"id":35,"resource":"1536","request_start":1576628478157,"request_end":1576628483123,"request_duration":4966,"type":"1536"}
{"start":1576628478592,"end":1576628483152,"duration":4560,"downloading_duration":988,"execution_duration":2959,"uploading_duration":613,"executable":"ellipsoids-openmp","args":["0.dat","00.log","00.xoutput"],"id":6,"resource":"1536","request_start":1576628478178,"request_end":1576628483173,"request_duration":4995,"type":"1536"}
{"start":1576628478554,"end":1576628483127,"duration":4573,"downloading_duration":1040,"execution_duration":2900,"uploading_duration":633,"executable":"ellipsoids-openmp","args":["0.dat","038.log","038.xoutput"],"id":44,"resource":"1536","request_start":1576628478165,"request_end":1576628483182,"request_duration":5017,"type":"1536"}
{"start":1576628478518,"end":1576628483158,"duration":4640,"downloading_duration":1003,"execution_duration":3043,"uploading_duration":594,"executable":"ellipsoids-openmp","args":["0.dat","08.log","08.xoutput"],"id":14,"resource":"1536","request_start":1576628478138,"request_end":1576628483184,"request_duration":5046,"type":"1536"}
{"start":1576628478544,"end":1576628483180,"duration":4636,"downloading_duration":987,"execution_duration":3067,"uploading_duration":582,"executable":"ellipsoids-openmp","args":["0.dat","030.log","030.xoutput"],"id":36,"resource":"1536","request_start":1576628478157,"request_end":1576628483199,"request_duration":5042,"type":"1536"}
{"start":1576628478546,"end":1576628483180,"duration":4634,"downloading_duration":1087,"execution_duration":2942,"uploading_duration":605,"executable":"ellipsoids-openmp","args":["0.dat","033.log","033.xoutput"],"id":39,"resource":"1536","request_start":1576628478160,"request_end":1576628483202,"request_duration":5042,"type":"1536"}
{"start":1576628478588,"end":1576628483181,"duration":4593,"downloading_duration":985,"execution_duration":3034,"uploading_duration":574,"executable":"ellipsoids-openmp","args":["0.dat","047.log","047.xoutput"],"id":53,"resource":"1536","request_start":1576628478175,"request_end":1576628483204,"request_duration":5029,"type":"1536"}
{"start":1576628478538,"end":1576628483184,"duration":4646,"downloading_duration":994,"execution_duration":3031,"uploading_duration":621,"executable":"ellipsoids-openmp","args":["0.dat","021.log","021.xoutput"],"id":27,"resource":"1536","request_start":1576628478150,"request_end":1576628483206,"request_duration":5056,"type":"1536"}
{"start":1576628478562,"end":1576628483193,"duration":4631,"downloading_duration":998,"execution_duration":3033,"uploading_duration":600,"executable":"ellipsoids-openmp","args":["0.dat","043.log","043.xoutput"],"id":49,"resource":"1536","request_start":1576628478171,"request_end":1576628483213,"request_duration":5042,"type":"1536"}
{"start":1576628478484,"end":1576628483196,"duration":4712,"downloading_duration":1041,"execution_duration":3095,"uploading_duration":576,"executable":"ellipsoids-openmp","args":["0.dat","05.log","05.xoutput"],"id":11,"resource":"1536","request_start":1576628478134,"request_end":1576628483219,"request_duration":5085,"type":"1536"}
{"start":1576628478552,"end":1576628483196,"duration":4644,"downloading_duration":1058,"execution_duration":3009,"uploading_duration":577,"executable":"ellipsoids-openmp","args":["0.dat","040.log","040.xoutput"],"id":46,"resource":"1536","request_start":1576628478168,"request_end":1576628483221,"request_duration":5053,"type":"1536"}
{"start":1576628478554,"end":1576628483199,"duration":4645,"downloading_duration":1018,"execution_duration":2983,"uploading_duration":644,"executable":"ellipsoids-openmp","args":["0.dat","039.log","039.xoutput"],"id":45,"resource":"1536","request_start":1576628478167,"request_end":1576628483223,"request_duration":5056,"type":"1536"}
{"start":1576628478557,"end":1576628483203,"duration":4646,"downloading_duration":1038,"execution_duration":3043,"uploading_duration":565,"executable":"ellipsoids-openmp","args":["0.dat","036.log","036.xoutput"],"id":42,"resource":"1536","request_start":1576628478163,"request_end":1576628483231,"request_duration":5068,"type":"1536"}
{"start":1576628478539,"end":1576628483206,"duration":4667,"downloading_duration":1058,"execution_duration":3056,"uploading_duration":553,"executable":"ellipsoids-openmp","args":["0.dat","023.log","023.xoutput"],"id":29,"resource":"1536","request_start":1576628478151,"request_end":1576628483233,"request_duration":5082,"type":"1536"}
{"start":1576628478523,"end":1576628483207,"duration":4684,"downloading_duration":981,"execution_duration":3061,"uploading_duration":642,"executable":"ellipsoids-openmp","args":["0.dat","012.log","012.xoutput"],"id":18,"resource":"1536","request_start":1576628478141,"request_end":1576628483235,"request_duration":5094,"type":"1536"}
{"start":1576628478548,"end":1576628483212,"duration":4664,"downloading_duration":1010,"execution_duration":3081,"uploading_duration":573,"executable":"ellipsoids-openmp","args":["0.dat","035.log","035.xoutput"],"id":41,"resource":"1536","request_start":1576628478163,"request_end":1576628483237,"request_duration":5074,"type":"1536"}
{"start":1576628478590,"end":1576628483212,"duration":4622,"downloading_duration":980,"execution_duration":3013,"uploading_duration":629,"executable":"ellipsoids-openmp","args":["0.dat","01.log","01.xoutput"],"id":7,"resource":"1536","request_start":1576628478178,"request_end":1576628483238,"request_duration":5060,"type":"1536"}
{"start":1576628478484,"end":1576628483214,"duration":4730,"downloading_duration":992,"execution_duration":2905,"uploading_duration":833,"executable":"ellipsoids-openmp","args":["0.dat","06.log","06.xoutput"],"id":12,"resource":"1536","request_start":1576628478135,"request_end":1576628483264,"request_duration":5129,"type":"1536"}
{"start":1576628478518,"end":1576628483216,"duration":4698,"downloading_duration":1048,"execution_duration":3073,"uploading_duration":577,"executable":"ellipsoids-openmp","args":["0.dat","07.log","07.xoutput"],"id":13,"resource":"1536","request_start":1576628478137,"request_end":1576628483268,"request_duration":5131,"type":"1536"}
{"start":1576628478589,"end":1576628483222,"duration":4633,"downloading_duration":993,"execution_duration":3042,"uploading_duration":598,"executable":"ellipsoids-openmp","args":["0.dat","044.log","044.xoutput"],"id":50,"resource":"1536","request_start":1576628478172,"request_end":1576628483270,"request_duration":5098,"type":"1536"}
{"start":1576628478543,"end":1576628483238,"duration":4695,"downloading_duration":1015,"execution_duration":3069,"uploading_duration":611,"executable":"ellipsoids-openmp","args":["0.dat","025.log","025.xoutput"],"id":31,"resource":"1536","request_start":1576628478153,"request_end":1576628483272,"request_duration":5119,"type":"1536"}
{"start":1576628478537,"end":1576628483245,"duration":4708,"downloading_duration":1049,"execution_duration":3005,"uploading_duration":654,"executable":"ellipsoids-openmp","args":["0.dat","020.log","020.xoutput"],"id":26,"resource":"1536","request_start":1576628478149,"request_end":1576628483274,"request_duration":5125,"type":"1536"}
{"start":1576628478542,"end":1576628483249,"duration":4707,"downloading_duration":1033,"execution_duration":3096,"uploading_duration":578,"executable":"ellipsoids-openmp","args":["0.dat","027.log","027.xoutput"],"id":33,"resource":"1536","request_start":1576628478155,"request_end":1576628483283,"request_duration":5128,"type":"1536"}
{"start":1576628478527,"end":1576628483251,"duration":4724,"downloading_duration":993,"execution_duration":3064,"uploading_duration":667,"executable":"ellipsoids-openmp","args":["0.dat","019.log","019.xoutput"],"id":25,"resource":"1536","request_start":1576628478148,"request_end":1576628483287,"request_duration":5139,"type":"1536"}
{"start":1576628478550,"end":1576628483252,"duration":4702,"downloading_duration":1028,"execution_duration":3076,"uploading_duration":598,"executable":"ellipsoids-openmp","args":["0.dat","034.log","034.xoutput"],"id":40,"resource":"1536","request_start":1576628478162,"request_end":1576628483289,"request_duration":5127,"type":"1536"}
{"start":1576628478527,"end":1576628483254,"duration":4727,"downloading_duration":987,"execution_duration":3183,"uploading_duration":557,"executable":"ellipsoids-openmp","args":["0.dat","016.log","016.xoutput"],"id":22,"resource":"1536","request_start":1576628478145,"request_end":1576628483290,"request_duration":5145,"type":"1536"}
{"start":1576628478547,"end":1576628483255,"duration":4708,"downloading_duration":1006,"execution_duration":3051,"uploading_duration":651,"executable":"ellipsoids-openmp","args":["0.dat","028.log","028.xoutput"],"id":34,"resource":"1536","request_start":1576628478156,"request_end":1576628483292,"request_duration":5136,"type":"1536"}
{"start":1576628478522,"end":1576628483257,"duration":4735,"downloading_duration":1025,"execution_duration":3083,"uploading_duration":627,"executable":"ellipsoids-openmp","args":["0.dat","010.log","010.xoutput"],"id":16,"resource":"1536","request_start":1576628478140,"request_end":1576628483294,"request_duration":5154,"type":"1536"}
{"start":1576628478526,"end":1576628483262,"duration":4736,"downloading_duration":1094,"execution_duration":3060,"uploading_duration":582,"executable":"ellipsoids-openmp","args":["0.dat","017.log","017.xoutput"],"id":23,"resource":"1536","request_start":1576628478146,"request_end":1576628483296,"request_duration":5150,"type":"1536"}
{"start":1576628478561,"end":1576628483264,"duration":4703,"downloading_duration":1031,"execution_duration":3031,"uploading_duration":641,"executable":"ellipsoids-openmp","args":["0.dat","042.log","042.xoutput"],"id":48,"resource":"1536","request_start":1576628478170,"request_end":1576628483297,"request_duration":5127,"type":"1536"}
{"start":1576628478524,"end":1576628483267,"duration":4743,"downloading_duration":1121,"execution_duration":3022,"uploading_duration":600,"executable":"ellipsoids-openmp","args":["0.dat","015.log","015.xoutput"],"id":21,"resource":"1536","request_start":1576628478144,"request_end":1576628483309,"request_duration":5165,"type":"1536"}
{"start":1576628478589,"end":1576628483274,"duration":4685,"downloading_duration":1045,"execution_duration":3003,"uploading_duration":637,"executable":"ellipsoids-openmp","args":["0.dat","048.log","048.xoutput"],"id":54,"resource":"1536","request_start":1576628478175,"request_end":1576628483312,"request_duration":5137,"type":"1536"}
{"start":1576628478542,"end":1576628483278,"duration":4736,"downloading_duration":1011,"execution_duration":3077,"uploading_duration":648,"executable":"ellipsoids-openmp","args":["0.dat","022.log","022.xoutput"],"id":28,"resource":"1536","request_start":1576628478150,"request_end":1576628483319,"request_duration":5169,"type":"1536"}
{"start":1576628478527,"end":1576628483279,"duration":4752,"downloading_duration":1057,"execution_duration":3059,"uploading_duration":636,"executable":"ellipsoids-openmp","args":["0.dat","018.log","018.xoutput"],"id":24,"resource":"1536","request_start":1576628478147,"request_end":1576628483321,"request_duration":5174,"type":"1536"}
{"start":1576628478547,"end":1576628483291,"duration":4744,"downloading_duration":1083,"execution_duration":3068,"uploading_duration":593,"executable":"ellipsoids-openmp","args":["0.dat","031.log","031.xoutput"],"id":37,"resource":"1536","request_start":1576628478158,"request_end":1576628483324,"request_duration":5166,"type":"1536"}
{"start":1576628478526,"end":1576628483307,"duration":4781,"downloading_duration":999,"execution_duration":3178,"uploading_duration":604,"executable":"ellipsoids-openmp","args":["0.dat","014.log","014.xoutput"],"id":20,"resource":"1536","request_start":1576628478143,"request_end":1576628483349,"request_duration":5206,"type":"1536"}
{"start":1576628478552,"end":1576628483311,"duration":4759,"downloading_duration":1034,"execution_duration":3167,"uploading_duration":558,"executable":"ellipsoids-openmp","args":["0.dat","037.log","037.xoutput"],"id":43,"resource":"1536","request_start":1576628478164,"request_end":1576628483350,"request_duration":5186,"type":"1536"}
{"start":1576628478548,"end":1576628483345,"duration":4797,"downloading_duration":1166,"execution_duration":3044,"uploading_duration":587,"executable":"ellipsoids-openmp","args":["0.dat","032.log","032.xoutput"],"id":38,"resource":"1536","request_start":1576628478159,"request_end":1576628483378,"request_duration":5219,"type":"1536"}
{"start":1576628478609,"end":1576628483345,"duration":4736,"downloading_duration":1074,"execution_duration":3018,"uploading_duration":644,"executable":"ellipsoids-openmp","args":["0.dat","03.log","03.xoutput"],"id":9,"resource":"1536","request_start":1576628478236,"request_end":1576628483380,"request_duration":5144,"type":"1536"}
{"start":1576628478582,"end":1576628483367,"duration":4785,"downloading_duration":1016,"execution_duration":3163,"uploading_duration":606,"executable":"ellipsoids-openmp","args":["0.dat","049.log","049.xoutput"],"id":55,"resource":"1536","request_start":1576628478177,"request_end":1576628483388,"request_duration":5211,"type":"1536"}
{"start":1576628478527,"end":1576628483374,"duration":4847,"downloading_duration":987,"execution_duration":3178,"uploading_duration":682,"executable":"ellipsoids-openmp","args":["0.dat","024.log","024.xoutput"],"id":30,"resource":"1536","request_start":1576628478152,"request_end":1576628483397,"request_duration":5245,"type":"1536"}
{"start":1576628478546,"end":1576628483380,"duration":4834,"downloading_duration":1083,"execution_duration":3143,"uploading_duration":608,"executable":"ellipsoids-openmp","args":["0.dat","026.log","026.xoutput"],"id":32,"resource":"1536","request_start":1576628478154,"request_end":1576628483402,"request_duration":5248,"type":"1536"}
{"start":1576628478588,"end":1576628483393,"duration":4805,"downloading_duration":1084,"execution_duration":3090,"uploading_duration":631,"executable":"ellipsoids-openmp","args":["0.dat","046.log","046.xoutput"],"id":52,"resource":"1536","request_start":1576628478174,"request_end":1576628483416,"request_duration":5242,"type":"1536"}
{"start":1576628478556,"end":1576628483417,"duration":4861,"downloading_duration":1268,"execution_duration":3016,"uploading_duration":577,"executable":"ellipsoids-openmp","args":["0.dat","041.log","041.xoutput"],"id":47,"resource":"1536","request_start":1576628478169,"request_end":1576628483436,"request_duration":5267,"type":"1536"}
{"start":1576628478485,"end":1576628483494,"duration":5009,"downloading_duration":1001,"execution_duration":3072,"uploading_duration":936,"executable":"ellipsoids-openmp","args":["0.dat","09.log","09.xoutput"],"id":15,"resource":"1536","request_start":1576628478139,"request_end":1576628483514,"request_duration":5375,"type":"1536"}
{"start":1576628478591,"end":1576628483524,"duration":4933,"downloading_duration":1184,"execution_duration":3063,"uploading_duration":686,"executable":"ellipsoids-openmp","args":["0.dat","02.log","02.xoutput"],"id":8,"resource":"1536","request_start":1576628478179,"request_end":1576628483543,"request_duration":5364,"type":"1536"}
{"start":1576628478591,"end":1576628483777,"duration":5186,"downloading_duration":990,"execution_duration":3095,"uploading_duration":1101,"executable":"ellipsoids-openmp","args":["0.dat","045.log","045.xoutput"],"id":51,"resource":"1536","request_start":1576628478173,"request_end":1576628483958,"request_duration":5785,"type":"1536"}
{"start":1576628478524,"end":1576628484963,"duration":6439,"downloading_duration":1077,"execution_duration":3057,"uploading_duration":2305,"executable":"ellipsoids-openmp","args":["0.dat","013.log","013.xoutput"],"id":19,"resource":"1536","request_start":1576628478142,"request_end":1576628484986,"request_duration":6844,"type":"1536"}
{"start":1576628482499,"end":1576628486474,"duration":3975,"downloading_duration":998,"execution_duration":2370,"uploading_duration":607,"executable":"ellipsoids-openmp","args":["2.dat","20.log","20.xoutput"],"id":106,"resource":"1536","request_start":1576628478256,"request_end":1576628486495,"request_duration":8239,"type":"1536"}
{"start":1576628482674,"end":1576628486678,"duration":4004,"downloading_duration":1017,"execution_duration":2402,"uploading_duration":585,"executable":"ellipsoids-openmp","args":["2.dat","21.log","21.xoutput"],"id":107,"resource":"1536","request_start":1576628478256,"request_end":1576628486697,"request_duration":8441,"type":"1536"}
{"start":1576628483301,"end":1576628487638,"duration":4337,"downloading_duration":1002,"execution_duration":2773,"uploading_duration":562,"executable":"ellipsoids-openmp","args":["2.dat","222.log","222.xoutput"],"id":128,"resource":"1536","request_start":1576628478268,"request_end":1576628487657,"request_duration":9389,"type":"1536"}
{"start":1576628483248,"end":1576628487698,"duration":4450,"downloading_duration":999,"execution_duration":2839,"uploading_duration":612,"executable":"ellipsoids-openmp","args":["2.dat","211.log","211.xoutput"],"id":117,"resource":"1536","request_start":1576628478262,"request_end":1576628487892,"request_duration":9630,"type":"1536"}
{"start":1576628483262,"end":1576628487725,"duration":4463,"downloading_duration":990,"execution_duration":2905,"uploading_duration":568,"executable":"ellipsoids-openmp","args":["2.dat","214.log","214.xoutput"],"id":120,"resource":"1536","request_start":1576628478264,"request_end":1576628487897,"request_duration":9633,"type":"1536"}
{"start":1576628483230,"end":1576628487797,"duration":4567,"downloading_duration":1064,"execution_duration":2936,"uploading_duration":567,"executable":"ellipsoids-openmp","args":["2.dat","26.log","26.xoutput"],"id":112,"resource":"1536","request_start":1576628478259,"request_end":1576628487901,"request_duration":9642,"type":"1536"}
{"start":1576628483151,"end":1576628487800,"duration":4649,"downloading_duration":1079,"execution_duration":2975,"uploading_duration":595,"executable":"ellipsoids-openmp","args":["2.dat","22.log","22.xoutput"],"id":108,"resource":"1536","request_start":1576628478257,"request_end":1576628487903,"request_duration":9646,"type":"1536"}
{"start":1576628483302,"end":1576628487839,"duration":4537,"downloading_duration":999,"execution_duration":2923,"uploading_duration":615,"executable":"ellipsoids-openmp","args":["2.dat","223.log","223.xoutput"],"id":129,"resource":"1536","request_start":1576628478268,"request_end":1576628487906,"request_duration":9638,"type":"1536"}
{"start":1576628483264,"end":1576628487841,"duration":4577,"downloading_duration":1033,"execution_duration":2956,"uploading_duration":588,"executable":"ellipsoids-openmp","args":["2.dat","216.log","216.xoutput"],"id":122,"resource":"1536","request_start":1576628478265,"request_end":1576628487909,"request_duration":9644,"type":"1536"}
{"start":1576628483212,"end":1576628487842,"duration":4630,"downloading_duration":997,"execution_duration":3024,"uploading_duration":609,"executable":"ellipsoids-openmp","args":["2.dat","24.log","24.xoutput"],"id":110,"resource":"1536","request_start":1576628478258,"request_end":1576628487913,"request_duration":9655,"type":"1536"}
{"start":1576628483215,"end":1576628487845,"duration":4630,"downloading_duration":1073,"execution_duration":2950,"uploading_duration":607,"executable":"ellipsoids-openmp","args":["2.dat","25.log","25.xoutput"],"id":111,"resource":"1536","request_start":1576628478259,"request_end":1576628487915,"request_duration":9656,"type":"1536"}
{"start":1576628483300,"end":1576628487847,"duration":4547,"downloading_duration":992,"execution_duration":2997,"uploading_duration":558,"executable":"ellipsoids-openmp","args":["2.dat","221.log","221.xoutput"],"id":127,"resource":"1536","request_start":1576628478267,"request_end":1576628487917,"request_duration":9650,"type":"1536"}
{"start":1576628483326,"end":1576628487851,"duration":4525,"downloading_duration":1001,"execution_duration":2845,"uploading_duration":679,"executable":"ellipsoids-openmp","args":["2.dat","228.log","228.xoutput"],"id":134,"resource":"1536","request_start":1576628478275,"request_end":1576628487918,"request_duration":9643,"type":"1536"}
{"start":1576628483323,"end":1576628487863,"duration":4540,"downloading_duration":1074,"execution_duration":2884,"uploading_duration":582,"executable":"ellipsoids-openmp","args":["2.dat","226.log","226.xoutput"],"id":132,"resource":"1536","request_start":1576628478271,"request_end":1576628487920,"request_duration":9649,"type":"1536"}
{"start":1576628483344,"end":1576628487888,"duration":4544,"downloading_duration":1014,"execution_duration":2954,"uploading_duration":576,"executable":"ellipsoids-openmp","args":["2.dat","233.log","233.xoutput"],"id":139,"resource":"1536","request_start":1576628478278,"request_end":1576628487932,"request_duration":9654,"type":"1536"}
{"start":1576628483264,"end":1576628487889,"duration":4625,"downloading_duration":994,"execution_duration":3001,"uploading_duration":630,"executable":"ellipsoids-openmp","args":["2.dat","215.log","215.xoutput"],"id":121,"resource":"1536","request_start":1576628478264,"request_end":1576628487933,"request_duration":9669,"type":"1536"}
{"start":1576628483354,"end":1576628487896,"duration":4542,"downloading_duration":1036,"execution_duration":2893,"uploading_duration":613,"executable":"ellipsoids-openmp","args":["2.dat","236.log","236.xoutput"],"id":142,"resource":"1536","request_start":1576628478279,"request_end":1576628487939,"request_duration":9660,"type":"1536"}
{"start":1576628483381,"end":1576628487896,"duration":4515,"downloading_duration":982,"execution_duration":2975,"uploading_duration":558,"executable":"ellipsoids-openmp","args":["2.dat","237.log","237.xoutput"],"id":143,"resource":"1536","request_start":1576628478280,"request_end":1576628487940,"request_duration":9660,"type":"1536"}
{"start":1576628483207,"end":1576628487902,"duration":4695,"downloading_duration":991,"execution_duration":3009,"uploading_duration":695,"executable":"ellipsoids-openmp","args":["2.dat","23.log","23.xoutput"],"id":109,"resource":"1536","request_start":1576628478257,"request_end":1576628487943,"request_duration":9686,"type":"1536"}
{"start":1576628483268,"end":1576628487903,"duration":4635,"downloading_duration":990,"execution_duration":2992,"uploading_duration":653,"executable":"ellipsoids-openmp","args":["2.dat","218.log","218.xoutput"],"id":124,"resource":"1536","request_start":1576628478266,"request_end":1576628487944,"request_duration":9678,"type":"1536"}
{"start":1576628483347,"end":1576628487904,"duration":4557,"downloading_duration":992,"execution_duration":2860,"uploading_duration":705,"executable":"ellipsoids-openmp","args":["2.dat","234.log","234.xoutput"],"id":140,"resource":"1536","request_start":1576628478278,"request_end":1576628487946,"request_duration":9668,"type":"1536"}
{"start":1576628483323,"end":1576628487907,"duration":4584,"downloading_duration":999,"execution_duration":3003,"uploading_duration":582,"executable":"ellipsoids-openmp","args":["2.dat","227.log","227.xoutput"],"id":133,"resource":"1536","request_start":1576628478274,"request_end":1576628487947,"request_duration":9673,"type":"1536"}
{"start":1576628483329,"end":1576628487920,"duration":4591,"downloading_duration":994,"execution_duration":3025,"uploading_duration":572,"executable":"ellipsoids-openmp","args":["2.dat","231.log","231.xoutput"],"id":137,"resource":"1536","request_start":1576628478277,"request_end":1576628487966,"request_duration":9689,"type":"1536"}
{"start":1576628483327,"end":1576628487926,"duration":4599,"downloading_duration":1064,"execution_duration":2940,"uploading_duration":595,"executable":"ellipsoids-openmp","args":["2.dat","230.log","230.xoutput"],"id":136,"resource":"1536","request_start":1576628478276,"request_end":1576628487967,"request_duration":9691,"type":"1536"}
{"start":1576628483254,"end":1576628487945,"duration":4691,"downloading_duration":1085,"execution_duration":3038,"uploading_duration":568,"executable":"ellipsoids-openmp","args":["2.dat","213.log","213.xoutput"],"id":119,"resource":"1536","request_start":1576628478263,"request_end":1576628487987,"request_duration":9724,"type":"1536"}
{"start":1576628483353,"end":1576628487956,"duration":4603,"downloading_duration":1029,"execution_duration":2974,"uploading_duration":600,"executable":"ellipsoids-openmp","args":["2.dat","235.log","235.xoutput"],"id":141,"resource":"1536","request_start":1576628478279,"request_end":1576628487991,"request_duration":9712,"type":"1536"}
{"start":1576628483343,"end":1576628487958,"duration":4615,"downloading_duration":1101,"execution_duration":2902,"uploading_duration":612,"executable":"ellipsoids-openmp","args":["2.dat","232.log","232.xoutput"],"id":138,"resource":"1536","request_start":1576628478277,"request_end":1576628487993,"request_duration":9716,"type":"1536"}
{"start":1576628483234,"end":1576628487970,"duration":4736,"downloading_duration":1083,"execution_duration":3051,"uploading_duration":602,"executable":"ellipsoids-openmp","args":["2.dat","28.log","28.xoutput"],"id":114,"resource":"1536","request_start":1576628478260,"request_end":1576628488001,"request_duration":9741,"type":"1536"}
{"start":1576628483235,"end":1576628487975,"duration":4740,"downloading_duration":1088,"execution_duration":3068,"uploading_duration":584,"executable":"ellipsoids-openmp","args":["2.dat","27.log","27.xoutput"],"id":113,"resource":"1536","request_start":1576628478260,"request_end":1576628488005,"request_duration":9745,"type":"1536"}
{"start":1576628483402,"end":1576628487980,"duration":4578,"downloading_duration":988,"execution_duration":2995,"uploading_duration":595,"executable":"ellipsoids-openmp","args":["2.dat","239.log","239.xoutput"],"id":145,"resource":"1536","request_start":1576628478281,"request_end":1576628488008,"request_duration":9727,"type":"1536"}
{"start":1576628483298,"end":1576628487986,"duration":4688,"downloading_duration":1088,"execution_duration":2968,"uploading_duration":632,"executable":"ellipsoids-openmp","args":["2.dat","220.log","220.xoutput"],"id":126,"resource":"1536","request_start":1576628478267,"request_end":1576628488016,"request_duration":9749,"type":"1536"}
{"start":1576628483381,"end":1576628487986,"duration":4605,"downloading_duration":1096,"execution_duration":2950,"uploading_duration":559,"executable":"ellipsoids-openmp","args":["2.dat","238.log","238.xoutput"],"id":144,"resource":"1536","request_start":1576628478280,"request_end":1576628488018,"request_duration":9738,"type":"1536"}
{"start":1576628483424,"end":1576628487989,"duration":4565,"downloading_duration":1000,"execution_duration":2956,"uploading_duration":609,"executable":"ellipsoids-openmp","args":["2.dat","242.log","242.xoutput"],"id":148,"resource":"1536","request_start":1576628478282,"request_end":1576628488021,"request_duration":9739,"type":"1536"}
{"start":1576628483242,"end":1576628487991,"duration":4749,"downloading_duration":1026,"execution_duration":3119,"uploading_duration":604,"executable":"ellipsoids-openmp","args":["2.dat","210.log","210.xoutput"],"id":116,"resource":"1536","request_start":1576628478262,"request_end":1576628488023,"request_duration":9761,"type":"1536"}
{"start":1576628483247,"end":1576628487996,"duration":4749,"downloading_duration":1026,"execution_duration":3048,"uploading_duration":675,"executable":"ellipsoids-openmp","args":["2.dat","212.log","212.xoutput"],"id":118,"resource":"1536","request_start":1576628478263,"request_end":1576628488029,"request_duration":9766,"type":"1536"}
{"start":1576628483299,"end":1576628488016,"duration":4717,"downloading_duration":1081,"execution_duration":3057,"uploading_duration":579,"executable":"ellipsoids-openmp","args":["2.dat","219.log","219.xoutput"],"id":125,"resource":"1536","request_start":1576628478266,"request_end":1576628488040,"request_duration":9774,"type":"1536"}
{"start":1576628483417,"end":1576628488015,"duration":4598,"downloading_duration":1035,"execution_duration":2964,"uploading_duration":599,"executable":"ellipsoids-openmp","args":["2.dat","241.log","241.xoutput"],"id":147,"resource":"1536","request_start":1576628478282,"request_end":1576628488040,"request_duration":9758,"type":"1536"}
{"start":1576628483410,"end":1576628488020,"duration":4610,"downloading_duration":1069,"execution_duration":2949,"uploading_duration":592,"executable":"ellipsoids-openmp","args":["2.dat","240.log","240.xoutput"],"id":146,"resource":"1536","request_start":1576628478281,"request_end":1576628488042,"request_duration":9761,"type":"1536"}
{"start":1576628483468,"end":1576628488031,"duration":4563,"downloading_duration":1075,"execution_duration":2865,"uploading_duration":623,"executable":"ellipsoids-openmp","args":["2.dat","245.log","245.xoutput"],"id":151,"resource":"1536","request_start":1576628478284,"request_end":1576628488052,"request_duration":9768,"type":"1536"}
{"start":1576628483237,"end":1576628488047,"duration":4810,"downloading_duration":1153,"execution_duration":2923,"uploading_duration":734,"executable":"ellipsoids-openmp","args":["2.dat","29.log","29.xoutput"],"id":115,"resource":"1536","request_start":1576628478261,"request_end":1576628488065,"request_duration":9804,"type":"1536"}
{"start":1576628483323,"end":1576628488065,"duration":4742,"downloading_duration":1010,"execution_duration":3053,"uploading_duration":679,"executable":"ellipsoids-openmp","args":["2.dat","225.log","225.xoutput"],"id":131,"resource":"1536","request_start":1576628478270,"request_end":1576628488086,"request_duration":9816,"type":"1536"}
{"start":1576628483444,"end":1576628488114,"duration":4670,"downloading_duration":1114,"execution_duration":2964,"uploading_duration":592,"executable":"ellipsoids-openmp","args":["2.dat","244.log","244.xoutput"],"id":150,"resource":"1536","request_start":1576628478283,"request_end":1576628488134,"request_duration":9851,"type":"1536"}
{"start":1576628483430,"end":1576628488171,"duration":4741,"downloading_duration":1070,"execution_duration":3047,"uploading_duration":624,"executable":"ellipsoids-openmp","args":["2.dat","243.log","243.xoutput"],"id":149,"resource":"1536","request_start":1576628478283,"request_end":1576628488191,"request_duration":9908,"type":"1536"}
{"start":1576628483540,"end":1576628488181,"duration":4641,"downloading_duration":1076,"execution_duration":2895,"uploading_duration":670,"executable":"ellipsoids-openmp","args":["2.dat","246.log","246.xoutput"],"id":152,"resource":"1536","request_start":1576628478284,"request_end":1576628488201,"request_duration":9917,"type":"1536"}
{"start":1576628483571,"end":1576628488369,"duration":4798,"downloading_duration":1233,"execution_duration":2978,"uploading_duration":587,"executable":"ellipsoids-openmp","args":["2.dat","247.log","247.xoutput"],"id":153,"resource":"1536","request_start":1576628478285,"request_end":1576628488391,"request_duration":10106,"type":"1536"}
{"start":1576628483262,"end":1576628488377,"duration":5115,"downloading_duration":1598,"execution_duration":2960,"uploading_duration":557,"executable":"ellipsoids-openmp","args":["2.dat","217.log","217.xoutput"],"id":123,"resource":"1536","request_start":1576628478265,"request_end":1576628488401,"request_duration":10136,"type":"1536"}
{"start":1576628483998,"end":1576628488507,"duration":4509,"downloading_duration":993,"execution_duration":2904,"uploading_duration":612,"executable":"ellipsoids-openmp","args":["2.dat","248.log","248.xoutput"],"id":154,"resource":"1536","request_start":1576628478285,"request_end":1576628488526,"request_duration":10241,"type":"1536"}
{"start":1576628483318,"end":1576628488708,"duration":5390,"downloading_duration":1776,"execution_duration":3059,"uploading_duration":555,"executable":"ellipsoids-openmp","args":["2.dat","224.log","224.xoutput"],"id":130,"resource":"1536","request_start":1576628478269,"request_end":1576628488726,"request_duration":10457,"type":"1536"}
{"start":1576628483326,"end":1576628489599,"duration":6273,"downloading_duration":2711,"execution_duration":2906,"uploading_duration":656,"executable":"ellipsoids-openmp","args":["2.dat","229.log","229.xoutput"],"id":135,"resource":"1536","request_start":1576628478276,"request_end":1576628489621,"request_duration":11345,"type":"1536"}
{"start":1576628485014,"end":1576628489683,"duration":4669,"downloading_duration":1087,"execution_duration":2977,"uploading_duration":605,"executable":"ellipsoids-openmp","args":["2.dat","249.log","249.xoutput"],"id":155,"resource":"1536","request_start":1576628478286,"request_end":1576628489702,"request_duration":11416,"type":"1536"}
{"start":1576628486522,"end":1576628490428,"duration":3906,"downloading_duration":992,"execution_duration":2330,"uploading_duration":584,"executable":"ellipsoids-openmp","args":["3.dat","30.log","30.xoutput"],"id":156,"resource":"1536","request_start":1576628478325,"request_end":1576628490445,"request_duration":12120,"type":"1536"}
{"start":1576628486723,"end":1576628490690,"duration":3967,"downloading_duration":990,"execution_duration":2387,"uploading_duration":590,"executable":"ellipsoids-openmp","args":["3.dat","31.log","31.xoutput"],"id":157,"resource":"1536","request_start":1576628478325,"request_end":1576628490709,"request_duration":12384,"type":"1536"}
{"start":1576628487686,"end":1576628492019,"duration":4333,"downloading_duration":1068,"execution_duration":2709,"uploading_duration":556,"executable":"ellipsoids-openmp","args":["3.dat","32.log","32.xoutput"],"id":158,"resource":"1536","request_start":1576628478326,"request_end":1576628492048,"request_duration":13722,"type":"1536"}
{"start":1576628487949,"end":1576628492293,"duration":4344,"downloading_duration":995,"execution_duration":2782,"uploading_duration":567,"executable":"ellipsoids-openmp","args":["3.dat","312.log","312.xoutput"],"id":168,"resource":"1536","request_start":1576628478331,"request_end":1576628492311,"request_duration":13980,"type":"1536"}
{"start":1576628487939,"end":1576628492327,"duration":4388,"downloading_duration":980,"execution_duration":2817,"uploading_duration":591,"executable":"ellipsoids-openmp","args":["3.dat","35.log","35.xoutput"],"id":161,"resource":"1536","request_start":1576628478328,"request_end":1576628492347,"request_duration":14019,"type":"1536"}
{"start":1576628487975,"end":1576628492357,"duration":4382,"downloading_duration":997,"execution_duration":2738,"uploading_duration":647,"executable":"ellipsoids-openmp","args":["3.dat","320.log","320.xoutput"],"id":176,"resource":"1536","request_start":1576628478335,"request_end":1576628492377,"request_duration":14042,"type":"1536"}
{"start":1576628487971,"end":1576628492367,"duration":4396,"downloading_duration":983,"execution_duration":2812,"uploading_duration":601,"executable":"ellipsoids-openmp","args":["3.dat","316.log","316.xoutput"],"id":172,"resource":"1536","request_start":1576628478333,"request_end":1576628492386,"request_duration":14053,"type":"1536"}
{"start":1576628487940,"end":1576628492389,"duration":4449,"downloading_duration":993,"execution_duration":2890,"uploading_duration":566,"executable":"ellipsoids-openmp","args":["3.dat","36.log","36.xoutput"],"id":162,"resource":"1536","request_start":1576628478328,"request_end":1576628492411,"request_duration":14083,"type":"1536"}
{"start":1576628487973,"end":1576628492413,"duration":4440,"downloading_duration":981,"execution_duration":2869,"uploading_duration":590,"executable":"ellipsoids-openmp","args":["3.dat","317.log","317.xoutput"],"id":173,"resource":"1536","request_start":1576628478334,"request_end":1576628492432,"request_duration":14098,"type":"1536"}
{"start":1576628487992,"end":1576628492452,"duration":4460,"downloading_duration":1064,"execution_duration":2827,"uploading_duration":569,"executable":"ellipsoids-openmp","args":["3.dat","322.log","322.xoutput"],"id":178,"resource":"1536","request_start":1576628478336,"request_end":1576628492471,"request_duration":14135,"type":"1536"}
{"start":1576628487946,"end":1576628492479,"duration":4533,"downloading_duration":1067,"execution_duration":2873,"uploading_duration":593,"executable":"ellipsoids-openmp","args":["3.dat","39.log","39.xoutput"],"id":165,"resource":"1536","request_start":1576628478330,"request_end":1576628492498,"request_duration":14168,"type":"1536"}
{"start":1576628487981,"end":1576628492480,"duration":4499,"downloading_duration":983,"execution_duration":2900,"uploading_duration":616,"executable":"ellipsoids-openmp","args":["3.dat","321.log","321.xoutput"],"id":177,"resource":"1536","request_start":1576628478336,"request_end":1576628492504,"request_duration":14168,"type":"1536"}
{"start":1576628487935,"end":1576628492492,"duration":4557,"downloading_duration":978,"execution_duration":2951,"uploading_duration":628,"executable":"ellipsoids-openmp","args":["3.dat","33.log","33.xoutput"],"id":159,"resource":"1536","request_start":1576628478327,"request_end":1576628492512,"request_duration":14185,"type":"1536"}
{"start":1576628488035,"end":1576628492558,"duration":4523,"downloading_duration":993,"execution_duration":2925,"uploading_duration":605,"executable":"ellipsoids-openmp","args":["3.dat","328.log","328.xoutput"],"id":184,"resource":"1536","request_start":1576628478339,"request_end":1576628492577,"request_duration":14238,"type":"1536"}
{"start":1576628488024,"end":1576628492560,"duration":4536,"downloading_duration":998,"execution_duration":2965,"uploading_duration":573,"executable":"ellipsoids-openmp","args":["3.dat","326.log","326.xoutput"],"id":182,"resource":"1536","request_start":1576628478338,"request_end":1576628492579,"request_duration":14241,"type":"1536"}
{"start":1576628488066,"end":1576628492564,"duration":4498,"downloading_duration":1019,"execution_duration":2896,"uploading_duration":583,"executable":"ellipsoids-openmp","args":["3.dat","335.log","335.xoutput"],"id":191,"resource":"1536","request_start":1576628478343,"request_end":1576628492586,"request_duration":14243,"type":"1536"}
{"start":1576628487943,"end":1576628492572,"duration":4629,"downloading_duration":1055,"execution_duration":2903,"uploading_duration":671,"executable":"ellipsoids-openmp","args":["3.dat","310.log","310.xoutput"],"id":166,"resource":"1536","request_start":1576628478330,"request_end":1576628492591,"request_duration":14261,"type":"1536"}
{"start":1576628487973,"end":1576628492572,"duration":4599,"downloading_duration":1077,"execution_duration":2960,"uploading_duration":562,"executable":"ellipsoids-openmp","args":["3.dat","318.log","318.xoutput"],"id":174,"resource":"1536","request_start":1576628478334,"request_end":1576628492594,"request_duration":14260,"type":"1536"}
{"start":1576628488047,"end":1576628492570,"duration":4523,"downloading_duration":999,"execution_duration":2865,"uploading_duration":659,"executable":"ellipsoids-openmp","args":["3.dat","330.log","330.xoutput"],"id":186,"resource":"1536","request_start":1576628478340,"request_end":1576628492597,"request_duration":14257,"type":"1536"}
{"start":1576628488051,"end":1576628492574,"duration":4523,"downloading_duration":994,"execution_duration":2884,"uploading_duration":645,"executable":"ellipsoids-openmp","args":["3.dat","333.log","333.xoutput"],"id":189,"resource":"1536","request_start":1576628478342,"request_end":1576628492600,"request_duration":14258,"type":"1536"}
{"start":1576628488039,"end":1576628492579,"duration":4540,"downloading_duration":1000,"execution_duration":2850,"uploading_duration":690,"executable":"ellipsoids-openmp","args":["3.dat","329.log","329.xoutput"],"id":185,"resource":"1536","request_start":1576628478340,"request_end":1576628492608,"request_duration":14268,"type":"1536"}
{"start":1576628487961,"end":1576628492581,"duration":4620,"downloading_duration":1040,"execution_duration":2953,"uploading_duration":627,"executable":"ellipsoids-openmp","args":["3.dat","315.log","315.xoutput"],"id":171,"resource":"1536","request_start":1576628478333,"request_end":1576628492610,"request_duration":14277,"type":"1536"}
{"start":1576628488094,"end":1576628492597,"duration":4503,"downloading_duration":1000,"execution_duration":2927,"uploading_duration":576,"executable":"ellipsoids-openmp","args":["3.dat","339.log","339.xoutput"],"id":195,"resource":"1536","request_start":1576628478345,"request_end":1576628492621,"request_duration":14276,"type":"1536"}
{"start":1576628488048,"end":1576628492599,"duration":4551,"downloading_duration":1027,"execution_duration":2964,"uploading_duration":560,"executable":"ellipsoids-openmp","args":["3.dat","331.log","331.xoutput"],"id":187,"resource":"1536","request_start":1576628478341,"request_end":1576628492623,"request_duration":14282,"type":"1536"}
{"start":1576628488159,"end":1576628492601,"duration":4442,"downloading_duration":1044,"execution_duration":2824,"uploading_duration":574,"executable":"ellipsoids-openmp","args":["3.dat","341.log","341.xoutput"],"id":197,"resource":"1536","request_start":1576628478346,"request_end":1576628492628,"request_duration":14282,"type":"1536"}
{"start":1576628488063,"end":1576628492606,"duration":4543,"downloading_duration":976,"execution_duration":2900,"uploading_duration":667,"executable":"ellipsoids-openmp","args":["3.dat","334.log","334.xoutput"],"id":190,"resource":"1536","request_start":1576628478342,"request_end":1576628492631,"request_duration":14289,"type":"1536"}
{"start":1576628488019,"end":1576628492608,"duration":4589,"downloading_duration":1009,"execution_duration":2899,"uploading_duration":681,"executable":"ellipsoids-openmp","args":["3.dat","324.log","324.xoutput"],"id":180,"resource":"1536","request_start":1576628478337,"request_end":1576628492633,"request_duration":14296,"type":"1536"}
{"start":1576628487940,"end":1576628492617,"duration":4677,"downloading_duration":1091,"execution_duration":2970,"uploading_duration":616,"executable":"ellipsoids-openmp","args":["3.dat","38.log","38.xoutput"],"id":164,"resource":"1536","request_start":1576628478329,"request_end":1576628492642,"request_duration":14313,"type":"1536"}
{"start":1576628487948,"end":1576628492623,"duration":4675,"downloading_duration":994,"execution_duration":2794,"uploading_duration":887,"executable":"ellipsoids-openmp","args":["3.dat","311.log","311.xoutput"],"id":167,"resource":"1536","request_start":1576628478331,"request_end":1576628492647,"request_duration":14316,"type":"1536"}
{"start":1576628487948,"end":1576628492633,"duration":4685,"downloading_duration":1154,"execution_duration":2948,"uploading_duration":583,"executable":"ellipsoids-openmp","args":["3.dat","313.log","313.xoutput"],"id":169,"resource":"1536","request_start":1576628478332,"request_end":1576628492657,"request_duration":14325,"type":"1536"}
{"start":1576628487937,"end":1576628492647,"duration":4710,"downloading_duration":1075,"execution_duration":2993,"uploading_duration":642,"executable":"ellipsoids-openmp","args":["3.dat","34.log","34.xoutput"],"id":160,"resource":"1536","request_start":1576628478327,"request_end":1576628492666,"request_duration":14339,"type":"1536"}
{"start":1576628488080,"end":1576628492647,"duration":4567,"downloading_duration":982,"execution_duration":2923,"uploading_duration":662,"executable":"ellipsoids-openmp","args":["3.dat","338.log","338.xoutput"],"id":194,"resource":"1536","request_start":1576628478344,"request_end":1576628492668,"request_duration":14324,"type":"1536"}
{"start":1576628488000,"end":1576628492669,"duration":4669,"downloading_duration":1072,"execution_duration":2952,"uploading_duration":645,"executable":"ellipsoids-openmp","args":["3.dat","323.log","323.xoutput"],"id":179,"resource":"1536","request_start":1576628478337,"request_end":1576628492689,"request_duration":14352,"type":"1536"}
{"start":1576628487957,"end":1576628492672,"duration":4715,"downloading_duration":1083,"execution_duration":3009,"uploading_duration":623,"executable":"ellipsoids-openmp","args":["3.dat","314.log","314.xoutput"],"id":170,"resource":"1536","request_start":1576628478332,"request_end":1576628492694,"request_duration":14362,"type":"1536"}
{"start":1576628488071,"end":1576628492673,"duration":4602,"downloading_duration":1009,"execution_duration":2944,"uploading_duration":649,"executable":"ellipsoids-openmp","args":["3.dat","337.log","337.xoutput"],"id":193,"resource":"1536","request_start":1576628478344,"request_end":1576628492695,"request_duration":14351,"type":"1536"}
{"start":1576628488112,"end":1576628492678,"duration":4566,"downloading_duration":1032,"execution_duration":2909,"uploading_duration":625,"executable":"ellipsoids-openmp","args":["3.dat","340.log","340.xoutput"],"id":196,"resource":"1536","request_start":1576628478345,"request_end":1576628492697,"request_duration":14352,"type":"1536"}
{"start":1576628488073,"end":1576628492710,"duration":4637,"downloading_duration":1029,"execution_duration":2871,"uploading_duration":737,"executable":"ellipsoids-openmp","args":["3.dat","336.log","336.xoutput"],"id":192,"resource":"1536","request_start":1576628478343,"request_end":1576628492727,"request_duration":14384,"type":"1536"}
{"start":1576628487938,"end":1576628492719,"duration":4781,"downloading_duration":1139,"execution_duration":2963,"uploading_duration":679,"executable":"ellipsoids-openmp","args":["3.dat","37.log","37.xoutput"],"id":163,"resource":"1536","request_start":1576628478329,"request_end":1576628492741,"request_duration":14412,"type":"1536"}
{"start":1576628487977,"end":1576628492750,"duration":4773,"downloading_duration":1161,"execution_duration":3012,"uploading_duration":600,"executable":"ellipsoids-openmp","args":["3.dat","319.log","319.xoutput"],"id":175,"resource":"1536","request_start":1576628478335,"request_end":1576628492771,"request_duration":14436,"type":"1536"}
{"start":1576628488054,"end":1576628492769,"duration":4715,"downloading_duration":1070,"execution_duration":3049,"uploading_duration":596,"executable":"ellipsoids-openmp","args":["3.dat","332.log","332.xoutput"],"id":188,"resource":"1536","request_start":1576628478341,"request_end":1576628492791,"request_duration":14450,"type":"1536"}
{"start":1576628488254,"end":1576628492921,"duration":4667,"downloading_duration":1083,"execution_duration":3001,"uploading_duration":583,"executable":"ellipsoids-openmp","args":["3.dat","342.log","342.xoutput"],"id":198,"resource":"1536","request_start":1576628478346,"request_end":1576628492941,"request_duration":14595,"type":"1536"}
{"start":1576628488027,"end":1576628492967,"duration":4940,"downloading_duration":1191,"execution_duration":3009,"uploading_duration":740,"executable":"ellipsoids-openmp","args":["3.dat","325.log","325.xoutput"],"id":181,"resource":"1536","request_start":1576628478338,"request_end":1576628492986,"request_duration":14648,"type":"1536"}
{"start":1576628488227,"end":1576628492990,"duration":4763,"downloading_duration":1295,"execution_duration":2869,"uploading_duration":599,"executable":"ellipsoids-openmp","args":["3.dat","343.log","343.xoutput"],"id":199,"resource":"1536","request_start":1576628478347,"request_end":1576628493011,"request_duration":14664,"type":"1536"}
{"start":1576628488418,"end":1576628493009,"duration":4591,"downloading_duration":980,"execution_duration":3041,"uploading_duration":570,"executable":"ellipsoids-openmp","args":["3.dat","344.log","344.xoutput"],"id":200,"resource":"1536","request_start":1576628478347,"request_end":1576628493031,"request_duration":14684,"type":"1536"}
{"start":1576628488555,"end":1576628493058,"duration":4503,"downloading_duration":1030,"execution_duration":2881,"uploading_duration":592,"executable":"ellipsoids-openmp","args":["3.dat","346.log","346.xoutput"],"id":202,"resource":"1536","request_start":1576628478348,"request_end":1576628493077,"request_duration":14729,"type":"1536"}
{"start":1576628488429,"end":1576628493094,"duration":4665,"downloading_duration":1003,"execution_duration":3038,"uploading_duration":624,"executable":"ellipsoids-openmp","args":["3.dat","345.log","345.xoutput"],"id":201,"resource":"1536","request_start":1576628478348,"request_end":1576628493114,"request_duration":14766,"type":"1536"}
{"start":1576628488753,"end":1576628493230,"duration":4477,"downloading_duration":1011,"execution_duration":2849,"uploading_duration":617,"executable":"ellipsoids-openmp","args":["3.dat","347.log","347.xoutput"],"id":203,"resource":"1536","request_start":1576628478349,"request_end":1576628493249,"request_duration":14900,"type":"1536"}
{"start":1576628488029,"end":1576628493427,"duration":5398,"downloading_duration":2024,"execution_duration":2790,"uploading_duration":584,"executable":"ellipsoids-openmp","args":["3.dat","327.log","327.xoutput"],"id":183,"resource":"1536","request_start":1576628478339,"request_end":1576628493446,"request_duration":15107,"type":"1536"}
{"start":1576628489647,"end":1576628494073,"duration":4426,"downloading_duration":985,"execution_duration":2836,"uploading_duration":605,"executable":"ellipsoids-openmp","args":["3.dat","348.log","348.xoutput"],"id":204,"resource":"1536","request_start":1576628478349,"request_end":1576628494092,"request_duration":15743,"type":"1536"}
{"start":1576628489731,"end":1576628494136,"duration":4405,"downloading_duration":993,"execution_duration":2807,"uploading_duration":605,"executable":"ellipsoids-openmp","args":["3.dat","349.log","349.xoutput"],"id":205,"resource":"1536","request_start":1576628478350,"request_end":1576628494155,"request_duration":15805,"type":"1536"}
{"start":1576628490478,"end":1576628494423,"duration":3945,"downloading_duration":996,"execution_duration":2375,"uploading_duration":574,"executable":"ellipsoids-openmp","args":["1.dat","144.log","144.xoutput"],"id":100,"resource":"1536","request_start":1576628478371,"request_end":1576628494442,"request_duration":16071,"type":"1536"}
{"start":1576628490736,"end":1576628494635,"duration":3899,"downloading_duration":997,"execution_duration":2321,"uploading_duration":581,"executable":"ellipsoids-openmp","args":["1.dat","145.log","145.xoutput"],"id":101,"resource":"1536","request_start":1576628478372,"request_end":1576628494655,"request_duration":16283,"type":"1536"}
{"start":1576628494477,"end":1576628496035,"duration":1558,"downloading_duration":1181,"execution_duration":4,"uploading_duration":373,"executable":"mean-pack-ell","args":["00.xoutput","01.xoutput","02.xoutput","03.xoutput","04.xoutput","05.xoutput","06.xoutput","07.xoutput","08.xoutput","09.xoutput","010.xoutput","011.xoutput","012.xoutput","013.xoutput","014.xoutput","015.xoutput","016.xoutput","017.xoutput","018.xoutput","019.xoutput","020.xoutput","021.xoutput","022.xoutput","023.xoutput","024.xoutput","025.xoutput","026.xoutput","027.xoutput","028.xoutput","029.xoutput","030.xoutput","031.xoutput","032.xoutput","033.xoutput","034.xoutput","035.xoutput","036.xoutput","037.xoutput","038.xoutput","039.xoutput","040.xoutput","041.xoutput","042.xoutput","043.xoutput","044.xoutput","045.xoutput","046.xoutput","047.xoutput","048.xoutput","049.xoutput","average_0.txt"],"id":206,"resource":"1536","request_start":1576628485005,"request_end":1576628496056,"request_duration":11051,"type":"1536"}
{"start":1576628494688,"end":1576628496168,"duration":1480,"downloading_duration":1109,"execution_duration":3,"uploading_duration":368,"executable":"mean-pack-ell","args":["20.xoutput","21.xoutput","22.xoutput","23.xoutput","24.xoutput","25.xoutput","26.xoutput","27.xoutput","28.xoutput","29.xoutput","210.xoutput","211.xoutput","212.xoutput","213.xoutput","214.xoutput","215.xoutput","216.xoutput","217.xoutput","218.xoutput","219.xoutput","220.xoutput","221.xoutput","222.xoutput","223.xoutput","224.xoutput","225.xoutput","226.xoutput","227.xoutput","228.xoutput","229.xoutput","230.xoutput","231.xoutput","232.xoutput","233.xoutput","234.xoutput","235.xoutput","236.xoutput","237.xoutput","238.xoutput","239.xoutput","240.xoutput","241.xoutput","242.xoutput","243.xoutput","244.xoutput","245.xoutput","246.xoutput","247.xoutput","248.xoutput","249.xoutput","average_2.txt"],"id":208,"resource":"1536","request_start":1576628489725,"request_end":1576628496188,"request_duration":6463,"type":"1536"}
{"start":1576628492078,"end":1576628496603,"duration":4525,"downloading_duration":1071,"execution_duration":2771,"uploading_duration":683,"executable":"ellipsoids-openmp","args":["1.dat","146.log","146.xoutput"],"id":102,"resource":"1536","request_start":1576628478373,"request_end":1576628496624,"request_duration":18251,"type":"1536"}
{"start":1576628492339,"end":1576628496698,"duration":4359,"downloading_duration":992,"execution_duration":2790,"uploading_duration":577,"executable":"ellipsoids-openmp","args":["1.dat","147.log","147.xoutput"],"id":103,"resource":"1536","request_start":1576628478373,"request_end":1576628496719,"request_duration":18346,"type":"1536"}
{"start":1576628492373,"end":1576628496698,"duration":4325,"downloading_duration":1013,"execution_duration":2707,"uploading_duration":605,"executable":"ellipsoids-openmp","args":["1.dat","148.log","148.xoutput"],"id":104,"resource":"1536","request_start":1576628478374,"request_end":1576628496722,"request_duration":18348,"type":"1536"}
{"start":1576628492404,"end":1576628496774,"duration":4370,"downloading_duration":989,"execution_duration":2783,"uploading_duration":598,"executable":"ellipsoids-openmp","args":["1.dat","149.log","149.xoutput"],"id":105,"resource":"1536","request_start":1576628478374,"request_end":1576628496795,"request_duration":18421,"type":"1536"}
{"start":1576628492410,"end":1576628496821,"duration":4411,"downloading_duration":1007,"execution_duration":2778,"uploading_duration":626,"executable":"ellipsoids-openmp","args":["1.dat","10.log","10.xoutput"],"id":56,"resource":"1536","request_start":1576628478375,"request_end":1576628496841,"request_duration":18466,"type":"1536"}
{"start":1576628492497,"end":1576628496830,"duration":4333,"downloading_duration":998,"execution_duration":2736,"uploading_duration":599,"executable":"ellipsoids-openmp","args":["1.dat","13.log","13.xoutput"],"id":59,"resource":"1536","request_start":1576628478377,"request_end":1576628496848,"request_duration":18471,"type":"1536"}
{"start":1576628492526,"end":1576628496882,"duration":4356,"downloading_duration":986,"execution_duration":2800,"uploading_duration":570,"executable":"ellipsoids-openmp","args":["1.dat","14.log","14.xoutput"],"id":60,"resource":"1536","request_start":1576628478378,"request_end":1576628496901,"request_duration":18523,"type":"1536"}
{"start":1576628492457,"end":1576628496907,"duration":4450,"downloading_duration":1037,"execution_duration":2840,"uploading_duration":573,"executable":"ellipsoids-openmp","args":["1.dat","12.log","12.xoutput"],"id":58,"resource":"1536","request_start":1576628478376,"request_end":1576628496925,"request_duration":18549,"type":"1536"}
{"start":1576628492529,"end":1576628496907,"duration":4378,"downloading_duration":1084,"execution_duration":2695,"uploading_duration":599,"executable":"ellipsoids-openmp","args":["1.dat","15.log","15.xoutput"],"id":61,"resource":"1536","request_start":1576628478378,"request_end":1576628496927,"request_duration":18549,"type":"1536"}
{"start":1576628492617,"end":1576628496930,"duration":4313,"downloading_duration":1003,"execution_duration":2722,"uploading_duration":588,"executable":"ellipsoids-openmp","args":["1.dat","110.log","110.xoutput"],"id":66,"resource":"1536","request_start":1576628478384,"request_end":1576628496951,"request_duration":18567,"type":"1536"}
{"start":1576628492624,"end":1576628496950,"duration":4326,"downloading_duration":1042,"execution_duration":2676,"uploading_duration":608,"executable":"ellipsoids-openmp","args":["1.dat","111.log","111.xoutput"],"id":67,"resource":"1536","request_start":1576628478385,"request_end":1576628496969,"request_duration":18584,"type":"1536"}
{"start":1576628492538,"end":1576628496956,"duration":4418,"downloading_duration":1010,"execution_duration":2798,"uploading_duration":610,"executable":"ellipsoids-openmp","args":["1.dat","16.log","16.xoutput"],"id":62,"resource":"1536","request_start":1576628478379,"request_end":1576628496974,"request_duration":18595,"type":"1536"}
{"start":1576628492602,"end":1576628496973,"duration":4371,"downloading_duration":1023,"execution_duration":2765,"uploading_duration":583,"executable":"ellipsoids-openmp","args":["1.dat","18.log","18.xoutput"],"id":64,"resource":"1536","request_start":1576628478383,"request_end":1576628496994,"request_duration":18611,"type":"1536"}
{"start":1576628492610,"end":1576628496982,"duration":4372,"downloading_duration":990,"execution_duration":2780,"uploading_duration":602,"executable":"ellipsoids-openmp","args":["1.dat","19.log","19.xoutput"],"id":65,"resource":"1536","request_start":1576628478384,"request_end":1576628497001,"request_duration":18617,"type":"1536"}
{"start":1576628492441,"end":1576628496983,"duration":4542,"downloading_duration":1078,"execution_duration":2867,"uploading_duration":597,"executable":"ellipsoids-openmp","args":["1.dat","11.log","11.xoutput"],"id":57,"resource":"1536","request_start":1576628478376,"request_end":1576628497004,"request_duration":18628,"type":"1536"}
{"start":1576628492641,"end":1576628497015,"duration":4374,"downloading_duration":1054,"execution_duration":2757,"uploading_duration":563,"executable":"ellipsoids-openmp","args":["1.dat","115.log","115.xoutput"],"id":71,"resource":"1536","request_start":1576628478387,"request_end":1576628497035,"request_duration":18648,"type":"1536"}
{"start":1576628492626,"end":1576628497022,"duration":4396,"downloading_duration":1086,"execution_duration":2747,"uploading_duration":563,"executable":"ellipsoids-openmp","args":["1.dat","112.log","112.xoutput"],"id":68,"resource":"1536","request_start":1576628478385,"request_end":1576628497047,"request_duration":18662,"type":"1536"}
{"start":1576628492690,"end":1576628497032,"duration":4342,"downloading_duration":1073,"execution_duration":2678,"uploading_duration":591,"executable":"ellipsoids-openmp","args":["1.dat","123.log","123.xoutput"],"id":79,"resource":"1536","request_start":1576628478392,"request_end":1576628497056,"request_duration":18664,"type":"1536"}
{"start":1576628492682,"end":1576628497043,"duration":4361,"downloading_duration":996,"execution_duration":2776,"uploading_duration":589,"executable":"ellipsoids-openmp","args":["1.dat","122.log","122.xoutput"],"id":78,"resource":"1536","request_start":1576628478391,"request_end":1576628497064,"request_duration":18673,"type":"1536"}
{"start":1576628492661,"end":1576628497059,"duration":4398,"downloading_duration":1038,"execution_duration":2615,"uploading_duration":745,"executable":"ellipsoids-openmp","args":["1.dat","120.log","120.xoutput"],"id":76,"resource":"1536","request_start":1576628478390,"request_end":1576628497081,"request_duration":18691,"type":"1536"}
{"start":1576628492626,"end":1576628497071,"duration":4445,"downloading_duration":1084,"execution_duration":2800,"uploading_duration":561,"executable":"ellipsoids-openmp","args":["1.dat","113.log","113.xoutput"],"id":69,"resource":"1536","request_start":1576628478386,"request_end":1576628497090,"request_duration":18704,"type":"1536"}
{"start":1576628492633,"end":1576628497077,"duration":4444,"downloading_duration":995,"execution_duration":2786,"uploading_duration":663,"executable":"ellipsoids-openmp","args":["1.dat","114.log","114.xoutput"],"id":70,"resource":"1536","request_start":1576628478387,"request_end":1576628497097,"request_duration":18710,"type":"1536"}
{"start":1576628492756,"end":1576628497089,"duration":4333,"downloading_duration":1080,"execution_duration":2664,"uploading_duration":589,"executable":"ellipsoids-openmp","args":["1.dat","130.log","130.xoutput"],"id":86,"resource":"1536","request_start":1576628478397,"request_end":1576628497105,"request_duration":18708,"type":"1536"}
{"start":1576628492673,"end":1576628497116,"duration":4443,"downloading_duration":1073,"execution_duration":2797,"uploading_duration":573,"executable":"ellipsoids-openmp","args":["1.dat","121.log","121.xoutput"],"id":77,"resource":"1536","request_start":1576628478390,"request_end":1576628497136,"request_duration":18746,"type":"1536"}
{"start":1576628492603,"end":1576628497120,"duration":4517,"downloading_duration":1028,"execution_duration":2858,"uploading_duration":631,"executable":"ellipsoids-openmp","args":["1.dat","17.log","17.xoutput"],"id":63,"resource":"1536","request_start":1576628478383,"request_end":1576628497139,"request_duration":18756,"type":"1536"}
{"start":1576628492695,"end":1576628497130,"duration":4435,"downloading_duration":1072,"execution_duration":2773,"uploading_duration":590,"executable":"ellipsoids-openmp","args":["1.dat","124.log","124.xoutput"],"id":80,"resource":"1536","request_start":1576628478393,"request_end":1576628497153,"request_duration":18760,"type":"1536"}
{"start":1576628492729,"end":1576628497130,"duration":4401,"downloading_duration":1169,"execution_duration":2643,"uploading_duration":589,"executable":"ellipsoids-openmp","args":["1.dat","128.log","128.xoutput"],"id":84,"resource":"1536","request_start":1576628478396,"request_end":1576628497157,"request_duration":18761,"type":"1536"}
{"start":1576628492697,"end":1576628497135,"duration":4438,"downloading_duration":1024,"execution_duration":2736,"uploading_duration":678,"executable":"ellipsoids-openmp","args":["1.dat","125.log","125.xoutput"],"id":81,"resource":"1536","request_start":1576628478394,"request_end":1576628497159,"request_duration":18765,"type":"1536"}
{"start":1576628492727,"end":1576628497167,"duration":4440,"downloading_duration":1007,"execution_duration":2866,"uploading_duration":567,"executable":"ellipsoids-openmp","args":["1.dat","129.log","129.xoutput"],"id":85,"resource":"1536","request_start":1576628478396,"request_end":1576628497186,"request_duration":18790,"type":"1536"}
{"start":1576628492661,"end":1576628497188,"duration":4527,"downloading_duration":1078,"execution_duration":2818,"uploading_duration":631,"executable":"ellipsoids-openmp","args":["1.dat","118.log","118.xoutput"],"id":74,"resource":"1536","request_start":1576628478389,"request_end":1576628497210,"request_duration":18821,"type":"1536"}
{"start":1576628492648,"end":1576628497217,"duration":4569,"downloading_duration":1067,"execution_duration":2697,"uploading_duration":805,"executable":"ellipsoids-openmp","args":["1.dat","116.log","116.xoutput"],"id":72,"resource":"1536","request_start":1576628478388,"request_end":1576628497238,"request_duration":18850,"type":"1536"}
{"start":1576628492661,"end":1576628497231,"duration":4570,"downloading_duration":979,"execution_duration":2864,"uploading_duration":727,"executable":"ellipsoids-openmp","args":["1.dat","119.log","119.xoutput"],"id":75,"resource":"1536","request_start":1576628478389,"request_end":1576628497249,"request_duration":18860,"type":"1536"}
{"start":1576628492818,"end":1576628497234,"duration":4416,"downloading_duration":1030,"execution_duration":2776,"uploading_duration":610,"executable":"ellipsoids-openmp","args":["1.dat","133.log","133.xoutput"],"id":89,"resource":"1536","request_start":1576628478398,"request_end":1576628497256,"request_duration":18858,"type":"1536"}
{"start":1576628492727,"end":1576628497246,"duration":4519,"downloading_duration":990,"execution_duration":2870,"uploading_duration":659,"executable":"ellipsoids-openmp","args":["1.dat","127.log","127.xoutput"],"id":83,"resource":"1536","request_start":1576628478395,"request_end":1576628497265,"request_duration":18870,"type":"1536"}
{"start":1576628492721,"end":1576628497251,"duration":4530,"downloading_duration":1081,"execution_duration":2808,"uploading_duration":641,"executable":"ellipsoids-openmp","args":["1.dat","126.log","126.xoutput"],"id":82,"resource":"1536","request_start":1576628478394,"request_end":1576628497270,"request_duration":18876,"type":"1536"}
{"start":1576628492800,"end":1576628497271,"duration":4471,"downloading_duration":1086,"execution_duration":2769,"uploading_duration":616,"executable":"ellipsoids-openmp","args":["1.dat","132.log","132.xoutput"],"id":88,"resource":"1536","request_start":1576628478398,"request_end":1576628497291,"request_duration":18893,"type":"1536"}
{"start":1576628492654,"end":1576628497292,"duration":4638,"downloading_duration":1037,"execution_duration":2806,"uploading_duration":795,"executable":"ellipsoids-openmp","args":["1.dat","117.log","117.xoutput"],"id":73,"resource":"1536","request_start":1576628478388,"request_end":1576628497313,"request_duration":18925,"type":"1536"}
{"start":1576628492767,"end":1576628497391,"duration":4624,"downloading_duration":1211,"execution_duration":2774,"uploading_duration":639,"executable":"ellipsoids-openmp","args":["1.dat","131.log","131.xoutput"],"id":87,"resource":"1536","request_start":1576628478397,"request_end":1576628497411,"request_duration":19014,"type":"1536"}
{"start":1576628492970,"end":1576628497455,"duration":4485,"downloading_duration":1074,"execution_duration":2790,"uploading_duration":621,"executable":"ellipsoids-openmp","args":["1.dat","134.log","134.xoutput"],"id":90,"resource":"1536","request_start":1576628478399,"request_end":1576628497625,"request_duration":19226,"type":"1536"}
{"start":1576628493066,"end":1576628497499,"duration":4433,"downloading_duration":995,"execution_duration":2836,"uploading_duration":602,"executable":"ellipsoids-openmp","args":["1.dat","137.log","137.xoutput"],"id":93,"resource":"1536","request_start":1576628478401,"request_end":1576628497630,"request_duration":19229,"type":"1536"}
{"start":1576628493037,"end":1576628497541,"duration":4504,"downloading_duration":1069,"execution_duration":2876,"uploading_duration":559,"executable":"ellipsoids-openmp","args":["1.dat","136.log","136.xoutput"],"id":92,"resource":"1536","request_start":1576628478400,"request_end":1576628497634,"request_duration":19234,"type":"1536"}
{"start":1576628493011,"end":1576628497580,"duration":4569,"downloading_duration":1161,"execution_duration":2818,"uploading_duration":590,"executable":"ellipsoids-openmp","args":["1.dat","135.log","135.xoutput"],"id":91,"resource":"1536","request_start":1576628478399,"request_end":1576628497640,"request_duration":19241,"type":"1536"}
{"start":1576628493275,"end":1576628497766,"duration":4491,"downloading_duration":999,"execution_duration":2868,"uploading_duration":624,"executable":"ellipsoids-openmp","args":["1.dat","140.log","140.xoutput"],"id":96,"resource":"1536","request_start":1576628478402,"request_end":1576628497785,"request_duration":19383,"type":"1536"}
{"start":1576628493104,"end":1576628497771,"duration":4667,"downloading_duration":1092,"execution_duration":2986,"uploading_duration":589,"executable":"ellipsoids-openmp","args":["1.dat","138.log","138.xoutput"],"id":94,"resource":"1536","request_start":1576628478401,"request_end":1576628497790,"request_duration":19389,"type":"1536"}
{"start":1576628493143,"end":1576628497810,"duration":4667,"downloading_duration":1200,"execution_duration":2843,"uploading_duration":624,"executable":"ellipsoids-openmp","args":["1.dat","139.log","139.xoutput"],"id":95,"resource":"1536","request_start":1576628478402,"request_end":1576628497831,"request_duration":19429,"type":"1536"}
{"start":1576628493471,"end":1576628497996,"duration":4525,"downloading_duration":1130,"execution_duration":2793,"uploading_duration":602,"executable":"ellipsoids-openmp","args":["1.dat","141.log","141.xoutput"],"id":97,"resource":"1536","request_start":1576628478403,"request_end":1576628498015,"request_duration":19612,"type":"1536"}
{"start":1576628496089,"end":1576628498227,"duration":2138,"downloading_duration":1713,"execution_duration":4,"uploading_duration":421,"executable":"mean-pack-ell","args":["30.xoutput","31.xoutput","32.xoutput","33.xoutput","34.xoutput","35.xoutput","36.xoutput","37.xoutput","38.xoutput","39.xoutput","310.xoutput","311.xoutput","312.xoutput","313.xoutput","314.xoutput","315.xoutput","316.xoutput","317.xoutput","318.xoutput","319.xoutput","320.xoutput","321.xoutput","322.xoutput","323.xoutput","324.xoutput","325.xoutput","326.xoutput","327.xoutput","328.xoutput","329.xoutput","330.xoutput","331.xoutput","332.xoutput","333.xoutput","334.xoutput","335.xoutput","336.xoutput","337.xoutput","338.xoutput","339.xoutput","340.xoutput","341.xoutput","342.xoutput","343.xoutput","344.xoutput","345.xoutput","346.xoutput","347.xoutput","348.xoutput","349.xoutput","average_3.txt"],"id":209,"resource":"1536","request_start":1576628494174,"request_end":1576628498246,"request_duration":4072,"type":"1536"}
{"start":1576628494119,"end":1576628498653,"duration":4534,"downloading_duration":1085,"execution_duration":2721,"uploading_duration":728,"executable":"ellipsoids-openmp","args":["1.dat","142.log","142.xoutput"],"id":98,"resource":"1536","request_start":1576628478404,"request_end":1576628498671,"request_duration":20267,"type":"1536"}
{"start":1576628494183,"end":1576628498670,"duration":4487,"downloading_duration":1115,"execution_duration":2782,"uploading_duration":590,"executable":"ellipsoids-openmp","args":["1.dat","143.log","143.xoutput"],"id":99,"resource":"1536","request_start":1576628478404,"request_end":1576628498691,"request_duration":20287,"type":"1536"}
{"start":1576628498903,"end":1576628500466,"duration":1563,"downloading_duration":1169,"execution_duration":3,"uploading_duration":391,"executable":"mean-pack-ell","args":["10.xoutput","11.xoutput","12.xoutput","13.xoutput","14.xoutput","15.xoutput","16.xoutput","17.xoutput","18.xoutput","19.xoutput","110.xoutput","111.xoutput","112.xoutput","113.xoutput","114.xoutput","115.xoutput","116.xoutput","117.xoutput","118.xoutput","119.xoutput","120.xoutput","121.xoutput","122.xoutput","123.xoutput","124.xoutput","125.xoutput","126.xoutput","127.xoutput","128.xoutput","129.xoutput","130.xoutput","131.xoutput","132.xoutput","133.xoutput","134.xoutput","135.xoutput","136.xoutput","137.xoutput","138.xoutput","139.xoutput","140.xoutput","141.xoutput","142.xoutput","143.xoutput","144.xoutput","145.xoutput","146.xoutput","147.xoutput","148.xoutput","149.xoutput","average_1.txt"],"id":207,"resource":"1536","request_start":1576628498718,"request_end":1576628500484,"request_duration":1766,"type":"1536"}
{"start":1576628500649,"end":1576628501568,"duration":919,"downloading_duration":391,"execution_duration":102,"uploading_duration":426,"executable":"summary.js","args":[],"id":210,"resource":"1536","request_start":1576628500490,"request_end":1576628501584,"request_duration":1094,"type":"1536"}
