{"start":1576529723040,"end":1576529723879,"duration":839,"downloading_duration":374,"execution_duration":62,"uploading_duration":403,"executable":"generateData.js","args":[],"id":1,"resource":"3008","request_start":1576529722859,"request_end":1576529723877,"request_duration":1018,"type":"3008"}
{"start":1576529724034,"end":1576529724870,"duration":836,"downloading_duration":371,"execution_duration":61,"uploading_duration":404,"executable":"createDat.js","args":["0.dat"],"id":2,"resource":"3008","request_start":1576529723880,"request_end":1576529724866,"request_duration":986,"type":"3008"}
{"start":1576529724041,"end":1576529724876,"duration":835,"downloading_duration":384,"execution_duration":59,"uploading_duration":392,"executable":"createDat.js","args":["3.dat"],"id":5,"resource":"3008","request_start":1576529723884,"request_end":1576529724876,"request_duration":992,"type":"3008"}
{"start":1576529724038,"end":1576529724881,"duration":843,"downloading_duration":393,"execution_duration":64,"uploading_duration":386,"executable":"createDat.js","args":["1.dat"],"id":3,"resource":"3008","request_start":1576529723881,"request_end":1576529724881,"request_duration":1000,"type":"3008"}
{"start":1576529724036,"end":1576529724923,"duration":887,"downloading_duration":379,"execution_duration":62,"uploading_duration":446,"executable":"createDat.js","args":["2.dat"],"id":4,"resource":"3008","request_start":1576529723883,"request_end":1576529724933,"request_duration":1050,"type":"3008"}
{"start":1576529725126,"end":1576529728242,"duration":3116,"downloading_duration":1002,"execution_duration":1465,"uploading_duration":649,"executable":"ellipsoids-openmp","args":["0.dat","05.log","05.xoutput"],"id":11,"resource":"3008","request_start":1576529724894,"request_end":1576529728241,"request_duration":3347,"type":"3008"}
{"start":1576529725259,"end":1576529728287,"duration":3028,"downloading_duration":989,"execution_duration":1410,"uploading_duration":629,"executable":"ellipsoids-openmp","args":["3.dat","37.log","37.xoutput"],"id":43,"resource":"3008","request_start":1576529724928,"request_end":1576529728285,"request_duration":3357,"type":"3008"}
{"start":1576529725206,"end":1576529728313,"duration":3107,"downloading_duration":989,"execution_duration":1493,"uploading_duration":625,"executable":"ellipsoids-openmp","args":["0.dat","09.log","09.xoutput"],"id":15,"resource":"3008","request_start":1576529724901,"request_end":1576529728310,"request_duration":3409,"type":"3008"}
{"start":1576529725122,"end":1576529728313,"duration":3191,"downloading_duration":1068,"execution_duration":1516,"uploading_duration":607,"executable":"ellipsoids-openmp","args":["0.dat","04.log","04.xoutput"],"id":10,"resource":"3008","request_start":1576529724892,"request_end":1576529728311,"request_duration":3419,"type":"3008"}
{"start":1576529725201,"end":1576529728328,"duration":3127,"downloading_duration":1044,"execution_duration":1506,"uploading_duration":577,"executable":"ellipsoids-openmp","args":["0.dat","07.log","07.xoutput"],"id":13,"resource":"3008","request_start":1576529724898,"request_end":1576529728323,"request_duration":3425,"type":"3008"}
{"start":1576529725310,"end":1576529728334,"duration":3024,"downloading_duration":997,"execution_duration":1459,"uploading_duration":568,"executable":"ellipsoids-openmp","args":["1.dat","18.log","18.xoutput"],"id":24,"resource":"3008","request_start":1576529724941,"request_end":1576529728331,"request_duration":3390,"type":"3008"}
{"start":1576529725257,"end":1576529728335,"duration":3078,"downloading_duration":990,"execution_duration":1444,"uploading_duration":644,"executable":"ellipsoids-openmp","args":["3.dat","34.log","34.xoutput"],"id":40,"resource":"3008","request_start":1576529724924,"request_end":1576529728335,"request_duration":3411,"type":"3008"}
{"start":1576529725262,"end":1576529728336,"duration":3074,"downloading_duration":1028,"execution_duration":1475,"uploading_duration":571,"executable":"ellipsoids-openmp","args":["3.dat","39.log","39.xoutput"],"id":45,"resource":"3008","request_start":1576529724930,"request_end":1576529728337,"request_duration":3407,"type":"3008"}
{"start":1576529725274,"end":1576529728343,"duration":3069,"downloading_duration":1000,"execution_duration":1455,"uploading_duration":614,"executable":"ellipsoids-openmp","args":["3.dat","35.log","35.xoutput"],"id":41,"resource":"3008","request_start":1576529724925,"request_end":1576529728345,"request_duration":3420,"type":"3008"}
{"start":1576529725206,"end":1576529728344,"duration":3138,"downloading_duration":1023,"execution_duration":1518,"uploading_duration":597,"executable":"ellipsoids-openmp","args":["0.dat","02.log","02.xoutput"],"id":8,"resource":"3008","request_start":1576529724906,"request_end":1576529728348,"request_duration":3442,"type":"3008"}
{"start":1576529725303,"end":1576529728345,"duration":3042,"downloading_duration":986,"execution_duration":1496,"uploading_duration":560,"executable":"ellipsoids-openmp","args":["3.dat","38.log","38.xoutput"],"id":44,"resource":"3008","request_start":1576529724929,"request_end":1576529728348,"request_duration":3419,"type":"3008"}
{"start":1576529725201,"end":1576529728347,"duration":3146,"downloading_duration":1031,"execution_duration":1531,"uploading_duration":584,"executable":"ellipsoids-openmp","args":["0.dat","08.log","08.xoutput"],"id":14,"resource":"3008","request_start":1576529724899,"request_end":1576529728349,"request_duration":3450,"type":"3008"}
{"start":1576529725216,"end":1576529728350,"duration":3134,"downloading_duration":995,"execution_duration":1543,"uploading_duration":596,"executable":"ellipsoids-openmp","args":["0.dat","01.log","01.xoutput"],"id":7,"resource":"3008","request_start":1576529724904,"request_end":1576529728353,"request_duration":3449,"type":"3008"}
{"start":1576529725261,"end":1576529728366,"duration":3105,"downloading_duration":991,"execution_duration":1496,"uploading_duration":618,"executable":"ellipsoids-openmp","args":["3.dat","33.log","33.xoutput"],"id":39,"resource":"3008","request_start":1576529724923,"request_end":1576529728366,"request_duration":3443,"type":"3008"}
{"start":1576529725253,"end":1576529728370,"duration":3117,"downloading_duration":1004,"execution_duration":1505,"uploading_duration":608,"executable":"ellipsoids-openmp","args":["3.dat","30.log","30.xoutput"],"id":36,"resource":"3008","request_start":1576529724918,"request_end":1576529728367,"request_duration":3449,"type":"3008"}
{"start":1576529725333,"end":1576529728381,"duration":3048,"downloading_duration":1007,"execution_duration":1475,"uploading_duration":566,"executable":"ellipsoids-openmp","args":["1.dat","16.log","16.xoutput"],"id":22,"resource":"3008","request_start":1576529724939,"request_end":1576529728383,"request_duration":3444,"type":"3008"}
{"start":1576529725274,"end":1576529728391,"duration":3117,"downloading_duration":1071,"execution_duration":1462,"uploading_duration":584,"executable":"ellipsoids-openmp","args":["3.dat","32.log","32.xoutput"],"id":38,"resource":"3008","request_start":1576529724921,"request_end":1576529728392,"request_duration":3471,"type":"3008"}
{"start":1576529725115,"end":1576529728391,"duration":3276,"downloading_duration":1082,"execution_duration":1621,"uploading_duration":573,"executable":"ellipsoids-openmp","args":["0.dat","06.log","06.xoutput"],"id":12,"resource":"3008","request_start":1576529724896,"request_end":1576529728394,"request_duration":3498,"type":"3008"}
{"start":1576529725207,"end":1576529728393,"duration":3186,"downloading_duration":1076,"execution_duration":1544,"uploading_duration":566,"executable":"ellipsoids-openmp","args":["0.dat","00.log","00.xoutput"],"id":6,"resource":"3008","request_start":1576529724902,"request_end":1576529728395,"request_duration":3493,"type":"3008"}
{"start":1576529725254,"end":1576529728396,"duration":3142,"downloading_duration":1064,"execution_duration":1484,"uploading_duration":594,"executable":"ellipsoids-openmp","args":["3.dat","31.log","31.xoutput"],"id":37,"resource":"3008","request_start":1576529724920,"request_end":1576529728405,"request_duration":3485,"type":"3008"}
{"start":1576529725284,"end":1576529728404,"duration":3120,"downloading_duration":1011,"execution_duration":1470,"uploading_duration":639,"executable":"ellipsoids-openmp","args":["1.dat","13.log","13.xoutput"],"id":19,"resource":"3008","request_start":1576529724936,"request_end":1576529728409,"request_duration":3473,"type":"3008"}
{"start":1576529725318,"end":1576529728410,"duration":3092,"downloading_duration":1099,"execution_duration":1401,"uploading_duration":592,"executable":"ellipsoids-openmp","args":["1.dat","11.log","11.xoutput"],"id":17,"resource":"3008","request_start":1576529724935,"request_end":1576529728422,"request_duration":3487,"type":"3008"}
{"start":1576529725272,"end":1576529728428,"duration":3156,"downloading_duration":1077,"execution_duration":1480,"uploading_duration":599,"executable":"ellipsoids-openmp","args":["1.dat","10.log","10.xoutput"],"id":16,"resource":"3008","request_start":1576529724933,"request_end":1576529728431,"request_duration":3498,"type":"3008"}
{"start":1576529725307,"end":1576529728429,"duration":3122,"downloading_duration":1091,"execution_duration":1464,"uploading_duration":567,"executable":"ellipsoids-openmp","args":["1.dat","15.log","15.xoutput"],"id":21,"resource":"3008","request_start":1576529724938,"request_end":1576529728434,"request_duration":3496,"type":"3008"}
{"start":1576529725206,"end":1576529728428,"duration":3222,"downloading_duration":1100,"execution_duration":1555,"uploading_duration":567,"executable":"ellipsoids-openmp","args":["0.dat","03.log","03.xoutput"],"id":9,"resource":"3008","request_start":1576529724907,"request_end":1576529728434,"request_duration":3527,"type":"3008"}
{"start":1576529725330,"end":1576529728433,"duration":3103,"downloading_duration":987,"execution_duration":1534,"uploading_duration":582,"executable":"ellipsoids-openmp","args":["1.dat","19.log","19.xoutput"],"id":25,"resource":"3008","request_start":1576529724942,"request_end":1576529728446,"request_duration":3504,"type":"3008"}
{"start":1576529725356,"end":1576529728441,"duration":3085,"downloading_duration":993,"execution_duration":1475,"uploading_duration":617,"executable":"ellipsoids-openmp","args":["2.dat","24.log","24.xoutput"],"id":30,"resource":"3008","request_start":1576529725010,"request_end":1576529728455,"request_duration":3445,"type":"3008"}
{"start":1576529725334,"end":1576529728474,"duration":3140,"downloading_duration":1084,"execution_duration":1446,"uploading_duration":610,"executable":"ellipsoids-openmp","args":["1.dat","17.log","17.xoutput"],"id":23,"resource":"3008","request_start":1576529724940,"request_end":1576529728470,"request_duration":3530,"type":"3008"}
{"start":1576529725333,"end":1576529728479,"duration":3146,"downloading_duration":1092,"execution_duration":1479,"uploading_duration":575,"executable":"ellipsoids-openmp","args":["2.dat","21.log","21.xoutput"],"id":27,"resource":"3008","request_start":1576529725006,"request_end":1576529728481,"request_duration":3475,"type":"3008"}
{"start":1576529725361,"end":1576529728511,"duration":3150,"downloading_duration":1060,"execution_duration":1522,"uploading_duration":568,"executable":"ellipsoids-openmp","args":["2.dat","27.log","27.xoutput"],"id":33,"resource":"3008","request_start":1576529725016,"request_end":1576529728507,"request_duration":3491,"type":"3008"}
{"start":1576529725260,"end":1576529728511,"duration":3251,"downloading_duration":1070,"execution_duration":1489,"uploading_duration":692,"executable":"ellipsoids-openmp","args":["3.dat","36.log","36.xoutput"],"id":42,"resource":"3008","request_start":1576529724927,"request_end":1576529728509,"request_duration":3582,"type":"3008"}
{"start":1576529725361,"end":1576529728520,"duration":3159,"downloading_duration":1073,"execution_duration":1501,"uploading_duration":585,"executable":"ellipsoids-openmp","args":["2.dat","26.log","26.xoutput"],"id":32,"resource":"3008","request_start":1576529725014,"request_end":1576529728517,"request_duration":3503,"type":"3008"}
{"start":1576529725333,"end":1576529728521,"duration":3188,"downloading_duration":998,"execution_duration":1585,"uploading_duration":605,"executable":"ellipsoids-openmp","args":["2.dat","20.log","20.xoutput"],"id":26,"resource":"3008","request_start":1576529725004,"request_end":1576529728525,"request_duration":3521,"type":"3008"}
{"start":1576529725353,"end":1576529728539,"duration":3186,"downloading_duration":995,"execution_duration":1602,"uploading_duration":589,"executable":"ellipsoids-openmp","args":["2.dat","28.log","28.xoutput"],"id":34,"resource":"3008","request_start":1576529725017,"request_end":1576529728535,"request_duration":3518,"type":"3008"}
{"start":1576529725364,"end":1576529728562,"duration":3198,"downloading_duration":1171,"execution_duration":1466,"uploading_duration":561,"executable":"ellipsoids-openmp","args":["2.dat","29.log","29.xoutput"],"id":35,"resource":"3008","request_start":1576529725019,"request_end":1576529728565,"request_duration":3546,"type":"3008"}
{"start":1576529725334,"end":1576529728577,"duration":3243,"downloading_duration":1082,"execution_duration":1518,"uploading_duration":643,"executable":"ellipsoids-openmp","args":["2.dat","22.log","22.xoutput"],"id":28,"resource":"3008","request_start":1576529725007,"request_end":1576529728582,"request_duration":3575,"type":"3008"}
{"start":1576529725325,"end":1576529728579,"duration":3254,"downloading_duration":1247,"execution_duration":1443,"uploading_duration":564,"executable":"ellipsoids-openmp","args":["1.dat","12.log","12.xoutput"],"id":18,"resource":"3008","request_start":1576529724936,"request_end":1576529728584,"request_duration":3648,"type":"3008"}
{"start":1576529725337,"end":1576529728605,"duration":3268,"downloading_duration":1100,"execution_duration":1579,"uploading_duration":589,"executable":"ellipsoids-openmp","args":["2.dat","23.log","23.xoutput"],"id":29,"resource":"3008","request_start":1576529725008,"request_end":1576529728607,"request_duration":3599,"type":"3008"}
{"start":1576529725305,"end":1576529728726,"duration":3421,"downloading_duration":1247,"execution_duration":1457,"uploading_duration":717,"executable":"ellipsoids-openmp","args":["1.dat","14.log","14.xoutput"],"id":20,"resource":"3008","request_start":1576529724937,"request_end":1576529728723,"request_duration":3786,"type":"3008"}
{"start":1576529725383,"end":1576529728756,"duration":3373,"downloading_duration":1264,"execution_duration":1522,"uploading_duration":587,"executable":"ellipsoids-openmp","args":["2.dat","25.log","25.xoutput"],"id":31,"resource":"3008","request_start":1576529725012,"request_end":1576529728757,"request_duration":3745,"type":"3008"}
{"start":1576529728577,"end":1576529729894,"duration":1317,"downloading_duration":932,"execution_duration":3,"uploading_duration":382,"executable":"mean-pack-ell","args":["00.xoutput","01.xoutput","02.xoutput","03.xoutput","04.xoutput","05.xoutput","06.xoutput","07.xoutput","08.xoutput","09.xoutput","average_0.txt"],"id":46,"resource":"3008","request_start":1576529728436,"request_end":1576529729900,"request_duration":1464,"type":"3008"}
{"start":1576529728647,"end":1576529730096,"duration":1449,"downloading_duration":1069,"execution_duration":3,"uploading_duration":377,"executable":"mean-pack-ell","args":["30.xoutput","31.xoutput","32.xoutput","33.xoutput","34.xoutput","35.xoutput","36.xoutput","37.xoutput","38.xoutput","39.xoutput","average_3.txt"],"id":49,"resource":"3008","request_start":1576529728511,"request_end":1576529730094,"request_duration":1583,"type":"3008"}
{"start":1576529728894,"end":1576529730271,"duration":1377,"downloading_duration":954,"execution_duration":3,"uploading_duration":420,"executable":"mean-pack-ell","args":["20.xoutput","21.xoutput","22.xoutput","23.xoutput","24.xoutput","25.xoutput","26.xoutput","27.xoutput","28.xoutput","29.xoutput","average_2.txt"],"id":48,"resource":"3008","request_start":1576529728759,"request_end":1576529730269,"request_duration":1510,"type":"3008"}
{"start":1576529728855,"end":1576529730285,"duration":1430,"downloading_duration":998,"execution_duration":3,"uploading_duration":429,"executable":"mean-pack-ell","args":["10.xoutput","11.xoutput","12.xoutput","13.xoutput","14.xoutput","15.xoutput","16.xoutput","17.xoutput","18.xoutput","19.xoutput","average_1.txt"],"id":47,"resource":"3008","request_start":1576529728725,"request_end":1576529730281,"request_duration":1556,"type":"3008"}
{"start":1576529730406,"end":1576529731366,"duration":960,"downloading_duration":483,"execution_duration":62,"uploading_duration":415,"executable":"summary.js","args":[],"id":50,"resource":"3008","request_start":1576529730284,"request_end":1576529731362,"request_duration":1078,"type":"3008"}
