{"start":1576546405966,"end":1576546406782,"duration":816,"downloading_duration":372,"execution_duration":61,"uploading_duration":383,"executable":"generateData.js","args":[],"id":1,"resource":"2560","request_start":1576546405636,"request_end":1576546406805,"request_duration":1169,"type":"2560"}
{"start":1576546406928,"end":1576546407761,"duration":833,"downloading_duration":378,"execution_duration":61,"uploading_duration":394,"executable":"createDat.js","args":["1.dat"],"id":3,"resource":"2560","request_start":1576546406809,"request_end":1576546407776,"request_duration":967,"type":"2560"}
{"start":1576546406929,"end":1576546407763,"duration":834,"downloading_duration":381,"execution_duration":61,"uploading_duration":392,"executable":"createDat.js","args":["2.dat"],"id":4,"resource":"2560","request_start":1576546406810,"request_end":1576546407784,"request_duration":974,"type":"2560"}
{"start":1576546406918,"end":1576546407806,"duration":888,"downloading_duration":423,"execution_duration":62,"uploading_duration":403,"executable":"createDat.js","args":["0.dat"],"id":2,"resource":"2560","request_start":1576546406807,"request_end":1576546407851,"request_duration":1044,"type":"2560"}
{"start":1576546406936,"end":1576546407822,"duration":886,"downloading_duration":384,"execution_duration":62,"uploading_duration":440,"executable":"createDat.js","args":["3.dat"],"id":5,"resource":"2560","request_start":1576546406811,"request_end":1576546407851,"request_duration":1040,"type":"2560"}
{"start":1576546408259,"end":1576546411244,"duration":2985,"downloading_duration":1028,"execution_duration":1357,"uploading_duration":600,"executable":"ellipsoids-openmp","args":["2.dat","210.log","210.xoutput"],"id":56,"resource":"2560","request_start":1576546407861,"request_end":1576546411263,"request_duration":3402,"type":"2560"}
{"start":1576546408202,"end":1576546411476,"duration":3274,"downloading_duration":1005,"execution_duration":1712,"uploading_duration":557,"executable":"ellipsoids-openmp","args":["1.dat","116.log","116.xoutput"],"id":42,"resource":"2560","request_start":1576546407804,"request_end":1576546411496,"request_duration":3692,"type":"2560"}
{"start":1576546408194,"end":1576546411481,"duration":3287,"downloading_duration":984,"execution_duration":1665,"uploading_duration":638,"executable":"ellipsoids-openmp","args":["1.dat","11.log","11.xoutput"],"id":27,"resource":"2560","request_start":1576546407791,"request_end":1576546411499,"request_duration":3708,"type":"2560"}
{"start":1576546408195,"end":1576546411482,"duration":3287,"downloading_duration":998,"execution_duration":1690,"uploading_duration":599,"executable":"ellipsoids-openmp","args":["1.dat","16.log","16.xoutput"],"id":32,"resource":"2560","request_start":1576546407795,"request_end":1576546411504,"request_duration":3709,"type":"2560"}
{"start":1576546408205,"end":1576546411487,"duration":3282,"downloading_duration":996,"execution_duration":1721,"uploading_duration":565,"executable":"ellipsoids-openmp","args":["1.dat","115.log","115.xoutput"],"id":41,"resource":"2560","request_start":1576546407803,"request_end":1576546411513,"request_duration":3710,"type":"2560"}
{"start":1576546408221,"end":1576546411506,"duration":3285,"downloading_duration":997,"execution_duration":1727,"uploading_duration":561,"executable":"ellipsoids-openmp","args":["1.dat","111.log","111.xoutput"],"id":37,"resource":"2560","request_start":1576546407800,"request_end":1576546411527,"request_duration":3727,"type":"2560"}
{"start":1576546408206,"end":1576546411518,"duration":3312,"downloading_duration":990,"execution_duration":1709,"uploading_duration":613,"executable":"ellipsoids-openmp","args":["1.dat","118.log","118.xoutput"],"id":44,"resource":"2560","request_start":1576546407806,"request_end":1576546411536,"request_duration":3730,"type":"2560"}
{"start":1576546408215,"end":1576546411521,"duration":3306,"downloading_duration":991,"execution_duration":1713,"uploading_duration":602,"executable":"ellipsoids-openmp","args":["1.dat","15.log","15.xoutput"],"id":31,"resource":"2560","request_start":1576546407794,"request_end":1576546411542,"request_duration":3748,"type":"2560"}
{"start":1576546408187,"end":1576546411542,"duration":3355,"downloading_duration":994,"execution_duration":1738,"uploading_duration":623,"executable":"ellipsoids-openmp","args":["1.dat","10.log","10.xoutput"],"id":26,"resource":"2560","request_start":1576546407789,"request_end":1576546411560,"request_duration":3771,"type":"2560"}
{"start":1576546408202,"end":1576546411545,"duration":3343,"downloading_duration":1072,"execution_duration":1693,"uploading_duration":578,"executable":"ellipsoids-openmp","args":["1.dat","113.log","113.xoutput"],"id":39,"resource":"2560","request_start":1576546407802,"request_end":1576546411562,"request_duration":3760,"type":"2560"}
{"start":1576546408215,"end":1576546411557,"duration":3342,"downloading_duration":1067,"execution_duration":1700,"uploading_duration":575,"executable":"ellipsoids-openmp","args":["1.dat","114.log","114.xoutput"],"id":40,"resource":"2560","request_start":1576546407802,"request_end":1576546411763,"request_duration":3961,"type":"2560"}
{"start":1576546408195,"end":1576546411561,"duration":3366,"downloading_duration":1037,"execution_duration":1761,"uploading_duration":568,"executable":"ellipsoids-openmp","args":["1.dat","18.log","18.xoutput"],"id":34,"resource":"2560","request_start":1576546407797,"request_end":1576546411765,"request_duration":3968,"type":"2560"}
{"start":1576546408269,"end":1576546411577,"duration":3308,"downloading_duration":1021,"execution_duration":1688,"uploading_duration":599,"executable":"ellipsoids-openmp","args":["2.dat","218.log","218.xoutput"],"id":64,"resource":"2560","request_start":1576546407870,"request_end":1576546411767,"request_duration":3897,"type":"2560"}
{"start":1576546408265,"end":1576546411590,"duration":3325,"downloading_duration":987,"execution_duration":1737,"uploading_duration":601,"executable":"ellipsoids-openmp","args":["2.dat","214.log","214.xoutput"],"id":60,"resource":"2560","request_start":1576546407865,"request_end":1576546411770,"request_duration":3905,"type":"2560"}
{"start":1576546408256,"end":1576546411604,"duration":3348,"downloading_duration":993,"execution_duration":1721,"uploading_duration":634,"executable":"ellipsoids-openmp","args":["2.dat","27.log","27.xoutput"],"id":53,"resource":"2560","request_start":1576546407858,"request_end":1576546411772,"request_duration":3914,"type":"2560"}
{"start":1576546408259,"end":1576546411592,"duration":3333,"downloading_duration":997,"execution_duration":1761,"uploading_duration":575,"executable":"ellipsoids-openmp","args":["2.dat","217.log","217.xoutput"],"id":63,"resource":"2560","request_start":1576546407869,"request_end":1576546411775,"request_duration":3906,"type":"2560"}
{"start":1576546408199,"end":1576546411602,"duration":3403,"downloading_duration":1072,"execution_duration":1769,"uploading_duration":562,"executable":"ellipsoids-openmp","args":["1.dat","112.log","112.xoutput"],"id":38,"resource":"2560","request_start":1576546407801,"request_end":1576546411777,"request_duration":3976,"type":"2560"}
{"start":1576546408274,"end":1576546411604,"duration":3330,"downloading_duration":991,"execution_duration":1783,"uploading_duration":556,"executable":"ellipsoids-openmp","args":["2.dat","25.log","25.xoutput"],"id":51,"resource":"2560","request_start":1576546407857,"request_end":1576546411779,"request_duration":3922,"type":"2560"}
{"start":1576546408280,"end":1576546411605,"duration":3325,"downloading_duration":1032,"execution_duration":1719,"uploading_duration":574,"executable":"ellipsoids-openmp","args":["2.dat","215.log","215.xoutput"],"id":61,"resource":"2560","request_start":1576546407867,"request_end":1576546411785,"request_duration":3918,"type":"2560"}
{"start":1576546408279,"end":1576546411616,"duration":3337,"downloading_duration":984,"execution_duration":1762,"uploading_duration":591,"executable":"ellipsoids-openmp","args":["2.dat","29.log","29.xoutput"],"id":55,"resource":"2560","request_start":1576546407860,"request_end":1576546411791,"request_duration":3931,"type":"2560"}
{"start":1576546408199,"end":1576546411617,"duration":3418,"downloading_duration":1042,"execution_duration":1787,"uploading_duration":589,"executable":"ellipsoids-openmp","args":["1.dat","110.log","110.xoutput"],"id":36,"resource":"2560","request_start":1576546407799,"request_end":1576546411792,"request_duration":3993,"type":"2560"}
{"start":1576546408190,"end":1576546411617,"duration":3427,"downloading_duration":1068,"execution_duration":1767,"uploading_duration":592,"executable":"ellipsoids-openmp","args":["1.dat","12.log","12.xoutput"],"id":28,"resource":"2560","request_start":1576546407792,"request_end":1576546411792,"request_duration":4000,"type":"2560"}
{"start":1576546408251,"end":1576546411618,"duration":3367,"downloading_duration":1001,"execution_duration":1785,"uploading_duration":581,"executable":"ellipsoids-openmp","args":["2.dat","22.log","22.xoutput"],"id":48,"resource":"2560","request_start":1576546407854,"request_end":1576546411793,"request_duration":3939,"type":"2560"}
{"start":1576546408335,"end":1576546411621,"duration":3286,"downloading_duration":987,"execution_duration":1741,"uploading_duration":558,"executable":"ellipsoids-openmp","args":["0.dat","07.log","07.xoutput"],"id":13,"resource":"2560","request_start":1576546407888,"request_end":1576546411793,"request_duration":3905,"type":"2560"}
{"start":1576546408269,"end":1576546411620,"duration":3351,"downloading_duration":1020,"execution_duration":1728,"uploading_duration":603,"executable":"ellipsoids-openmp","args":["2.dat","213.log","213.xoutput"],"id":59,"resource":"2560","request_start":1576546407864,"request_end":1576546411793,"request_duration":3929,"type":"2560"}
{"start":1576546408257,"end":1576546411633,"duration":3376,"downloading_duration":1093,"execution_duration":1686,"uploading_duration":597,"executable":"ellipsoids-openmp","args":["2.dat","28.log","28.xoutput"],"id":54,"resource":"2560","request_start":1576546407859,"request_end":1576546411793,"request_duration":3934,"type":"2560"}
{"start":1576546408188,"end":1576546411636,"duration":3448,"downloading_duration":1150,"execution_duration":1686,"uploading_duration":612,"executable":"ellipsoids-openmp","args":["1.dat","14.log","14.xoutput"],"id":30,"resource":"2560","request_start":1576546407793,"request_end":1576546411794,"request_duration":4001,"type":"2560"}
{"start":1576546408250,"end":1576546411638,"duration":3388,"downloading_duration":1065,"execution_duration":1709,"uploading_duration":614,"executable":"ellipsoids-openmp","args":["2.dat","20.log","20.xoutput"],"id":46,"resource":"2560","request_start":1576546407852,"request_end":1576546411794,"request_duration":3942,"type":"2560"}
{"start":1576546408248,"end":1576546411647,"duration":3399,"downloading_duration":1141,"execution_duration":1693,"uploading_duration":565,"executable":"ellipsoids-openmp","args":["1.dat","117.log","117.xoutput"],"id":43,"resource":"2560","request_start":1576546407805,"request_end":1576546411794,"request_duration":3989,"type":"2560"}
{"start":1576546408205,"end":1576546411651,"duration":3446,"downloading_duration":1035,"execution_duration":1781,"uploading_duration":630,"executable":"ellipsoids-openmp","args":["1.dat","119.log","119.xoutput"],"id":45,"resource":"2560","request_start":1576546407807,"request_end":1576546411794,"request_duration":3987,"type":"2560"}
{"start":1576546408274,"end":1576546411662,"duration":3388,"downloading_duration":991,"execution_duration":1761,"uploading_duration":636,"executable":"ellipsoids-openmp","args":["2.dat","216.log","216.xoutput"],"id":62,"resource":"2560","request_start":1576546407868,"request_end":1576546411795,"request_duration":3927,"type":"2560"}
{"start":1576546408201,"end":1576546411667,"duration":3466,"downloading_duration":1085,"execution_duration":1785,"uploading_duration":596,"executable":"ellipsoids-openmp","args":["1.dat","19.log","19.xoutput"],"id":35,"resource":"2560","request_start":1576546407798,"request_end":1576546411797,"request_duration":3999,"type":"2560"}
{"start":1576546408271,"end":1576546411669,"duration":3398,"downloading_duration":1007,"execution_duration":1758,"uploading_duration":633,"executable":"ellipsoids-openmp","args":["0.dat","04.log","04.xoutput"],"id":10,"resource":"2560","request_start":1576546407886,"request_end":1576546411797,"request_duration":3911,"type":"2560"}
{"start":1576546408264,"end":1576546411674,"duration":3410,"downloading_duration":1081,"execution_duration":1748,"uploading_duration":581,"executable":"ellipsoids-openmp","args":["2.dat","212.log","212.xoutput"],"id":58,"resource":"2560","request_start":1576546407863,"request_end":1576546411798,"request_duration":3935,"type":"2560"}
{"start":1576546408360,"end":1576546411675,"duration":3315,"downloading_duration":1006,"execution_duration":1740,"uploading_duration":569,"executable":"ellipsoids-openmp","args":["0.dat","013.log","013.xoutput"],"id":19,"resource":"2560","request_start":1576546407893,"request_end":1576546411798,"request_duration":3905,"type":"2560"}
{"start":1576546408252,"end":1576546411675,"duration":3423,"downloading_duration":1073,"execution_duration":1751,"uploading_duration":599,"executable":"ellipsoids-openmp","args":["2.dat","26.log","26.xoutput"],"id":52,"resource":"2560","request_start":1576546407857,"request_end":1576546411798,"request_duration":3941,"type":"2560"}
{"start":1576546408253,"end":1576546411678,"duration":3425,"downloading_duration":1003,"execution_duration":1831,"uploading_duration":591,"executable":"ellipsoids-openmp","args":["2.dat","21.log","21.xoutput"],"id":47,"resource":"2560","request_start":1576546407853,"request_end":1576546411799,"request_duration":3946,"type":"2560"}
{"start":1576546408273,"end":1576546411680,"duration":3407,"downloading_duration":992,"execution_duration":1812,"uploading_duration":603,"executable":"ellipsoids-openmp","args":["2.dat","211.log","211.xoutput"],"id":57,"resource":"2560","request_start":1576546407862,"request_end":1576546411799,"request_duration":3937,"type":"2560"}
{"start":1576546408294,"end":1576546411696,"duration":3402,"downloading_duration":985,"execution_duration":1771,"uploading_duration":646,"executable":"ellipsoids-openmp","args":["0.dat","08.log","08.xoutput"],"id":14,"resource":"2560","request_start":1576546407889,"request_end":1576546411801,"request_duration":3912,"type":"2560"}
{"start":1576546408259,"end":1576546411699,"duration":3440,"downloading_duration":1030,"execution_duration":1764,"uploading_duration":646,"executable":"ellipsoids-openmp","args":["2.dat","24.log","24.xoutput"],"id":50,"resource":"2560","request_start":1576546407856,"request_end":1576546411802,"request_duration":3946,"type":"2560"}
{"start":1576546408193,"end":1576546411703,"duration":3510,"downloading_duration":1156,"execution_duration":1747,"uploading_duration":607,"executable":"ellipsoids-openmp","args":["1.dat","13.log","13.xoutput"],"id":29,"resource":"2560","request_start":1576546407793,"request_end":1576546411803,"request_duration":4010,"type":"2560"}
{"start":1576546408194,"end":1576546411703,"duration":3509,"downloading_duration":1075,"execution_duration":1786,"uploading_duration":648,"executable":"ellipsoids-openmp","args":["1.dat","17.log","17.xoutput"],"id":33,"resource":"2560","request_start":1576546407796,"request_end":1576546411803,"request_duration":4007,"type":"2560"}
{"start":1576546408326,"end":1576546411712,"duration":3386,"downloading_duration":986,"execution_duration":1707,"uploading_duration":693,"executable":"ellipsoids-openmp","args":["0.dat","05.log","05.xoutput"],"id":11,"resource":"2560","request_start":1576546407887,"request_end":1576546411806,"request_duration":3919,"type":"2560"}
{"start":1576546408333,"end":1576546411751,"duration":3418,"downloading_duration":1081,"execution_duration":1746,"uploading_duration":591,"executable":"ellipsoids-openmp","args":["0.dat","012.log","012.xoutput"],"id":18,"resource":"2560","request_start":1576546407892,"request_end":1576546411860,"request_duration":3968,"type":"2560"}
{"start":1576546408337,"end":1576546411756,"duration":3419,"downloading_duration":1090,"execution_duration":1710,"uploading_duration":619,"executable":"ellipsoids-openmp","args":["0.dat","09.log","09.xoutput"],"id":15,"resource":"2560","request_start":1576546407890,"request_end":1576546411862,"request_duration":3972,"type":"2560"}
{"start":1576546408354,"end":1576546411758,"duration":3404,"downloading_duration":997,"execution_duration":1837,"uploading_duration":570,"executable":"ellipsoids-openmp","args":["0.dat","06.log","06.xoutput"],"id":12,"resource":"2560","request_start":1576546407888,"request_end":1576546411863,"request_duration":3975,"type":"2560"}
{"start":1576546408276,"end":1576546411797,"duration":3521,"downloading_duration":1151,"execution_duration":1788,"uploading_duration":582,"executable":"ellipsoids-openmp","args":["2.dat","23.log","23.xoutput"],"id":49,"resource":"2560","request_start":1576546407855,"request_end":1576546411867,"request_duration":4012,"type":"2560"}
{"start":1576546408359,"end":1576546411801,"duration":3442,"downloading_duration":1088,"execution_duration":1748,"uploading_duration":606,"executable":"ellipsoids-openmp","args":["0.dat","010.log","010.xoutput"],"id":16,"resource":"2560","request_start":1576546407891,"request_end":1576546411869,"request_duration":3978,"type":"2560"}
{"start":1576546408350,"end":1576546411802,"duration":3452,"downloading_duration":1112,"execution_duration":1734,"uploading_duration":606,"executable":"ellipsoids-openmp","args":["0.dat","011.log","011.xoutput"],"id":17,"resource":"2560","request_start":1576546407892,"request_end":1576546411871,"request_duration":3979,"type":"2560"}
{"start":1576546408270,"end":1576546411896,"duration":3626,"downloading_duration":1186,"execution_duration":1772,"uploading_duration":668,"executable":"ellipsoids-openmp","args":["2.dat","219.log","219.xoutput"],"id":65,"resource":"2560","request_start":1576546407871,"request_end":1576546411951,"request_duration":4080,"type":"2560"}
{"start":1576546412123,"end":1576546413498,"duration":1375,"downloading_duration":1004,"execution_duration":3,"uploading_duration":368,"executable":"mean-pack-ell","args":["20.xoutput","21.xoutput","22.xoutput","23.xoutput","24.xoutput","25.xoutput","26.xoutput","27.xoutput","28.xoutput","29.xoutput","210.xoutput","211.xoutput","212.xoutput","213.xoutput","214.xoutput","215.xoutput","216.xoutput","217.xoutput","218.xoutput","219.xoutput","average_2.txt"],"id":88,"resource":"2560","request_start":1576546411959,"request_end":1576546413520,"request_duration":1561,"type":"2560"}
{"start":1576546412126,"end":1576546413540,"duration":1414,"downloading_duration":947,"execution_duration":2,"uploading_duration":465,"executable":"mean-pack-ell","args":["10.xoutput","11.xoutput","12.xoutput","13.xoutput","14.xoutput","15.xoutput","16.xoutput","17.xoutput","18.xoutput","19.xoutput","110.xoutput","111.xoutput","112.xoutput","113.xoutput","114.xoutput","115.xoutput","116.xoutput","117.xoutput","118.xoutput","119.xoutput","average_1.txt"],"id":87,"resource":"2560","request_start":1576546411805,"request_end":1576546413565,"request_duration":1760,"type":"2560"}
{"start":1576546411290,"end":1576546414441,"duration":3151,"downloading_duration":1155,"execution_duration":1423,"uploading_duration":573,"executable":"ellipsoids-openmp","args":["0.dat","014.log","014.xoutput"],"id":20,"resource":"2560","request_start":1576546407894,"request_end":1576546414461,"request_duration":6567,"type":"2560"}
{"start":1576546411570,"end":1576546414891,"duration":3321,"downloading_duration":1000,"execution_duration":1759,"uploading_duration":562,"executable":"ellipsoids-openmp","args":["0.dat","01.log","01.xoutput"],"id":7,"resource":"2560","request_start":1576546407900,"request_end":1576546414910,"request_duration":7010,"type":"2560"}
{"start":1576546411586,"end":1576546414903,"duration":3317,"downloading_duration":997,"execution_duration":1740,"uploading_duration":580,"executable":"ellipsoids-openmp","args":["0.dat","02.log","02.xoutput"],"id":8,"resource":"2560","request_start":1576546407901,"request_end":1576546414922,"request_duration":7021,"type":"2560"}
{"start":1576546411552,"end":1576546415005,"duration":3453,"downloading_duration":1070,"execution_duration":1747,"uploading_duration":636,"executable":"ellipsoids-openmp","args":["0.dat","019.log","019.xoutput"],"id":25,"resource":"2560","request_start":1576546407897,"request_end":1576546415024,"request_duration":7127,"type":"2560"}
{"start":1576546411531,"end":1576546415024,"duration":3493,"downloading_duration":1078,"execution_duration":1794,"uploading_duration":621,"executable":"ellipsoids-openmp","args":["0.dat","017.log","017.xoutput"],"id":23,"resource":"2560","request_start":1576546407896,"request_end":1576546415042,"request_duration":7146,"type":"2560"}
{"start":1576546411563,"end":1576546415026,"duration":3463,"downloading_duration":989,"execution_duration":1803,"uploading_duration":671,"executable":"ellipsoids-openmp","args":["0.dat","00.log","00.xoutput"],"id":6,"resource":"2560","request_start":1576546407900,"request_end":1576546415044,"request_duration":7144,"type":"2560"}
{"start":1576546411591,"end":1576546415037,"duration":3446,"downloading_duration":1077,"execution_duration":1764,"uploading_duration":605,"executable":"ellipsoids-openmp","args":["0.dat","03.log","03.xoutput"],"id":9,"resource":"2560","request_start":1576546407901,"request_end":1576546415057,"request_duration":7156,"type":"2560"}
{"start":1576546411528,"end":1576546415043,"duration":3515,"downloading_duration":1073,"execution_duration":1771,"uploading_duration":671,"executable":"ellipsoids-openmp","args":["0.dat","015.log","015.xoutput"],"id":21,"resource":"2560","request_start":1576546407895,"request_end":1576546415079,"request_duration":7184,"type":"2560"}
{"start":1576546411533,"end":1576546415063,"duration":3530,"downloading_duration":1086,"execution_duration":1788,"uploading_duration":656,"executable":"ellipsoids-openmp","args":["0.dat","016.log","016.xoutput"],"id":22,"resource":"2560","request_start":1576546407895,"request_end":1576546415086,"request_duration":7191,"type":"2560"}
{"start":1576546411840,"end":1576546415077,"duration":3237,"downloading_duration":993,"execution_duration":1638,"uploading_duration":606,"executable":"ellipsoids-openmp","args":["3.dat","31.log","31.xoutput"],"id":67,"resource":"2560","request_start":1576546407902,"request_end":1576546415096,"request_duration":7194,"type":"2560"}
{"start":1576546411838,"end":1576546415098,"duration":3260,"downloading_duration":991,"execution_duration":1648,"uploading_duration":621,"executable":"ellipsoids-openmp","args":["3.dat","33.log","33.xoutput"],"id":69,"resource":"2560","request_start":1576546407903,"request_end":1576546415121,"request_duration":7218,"type":"2560"}
{"start":1576546411840,"end":1576546415112,"duration":3272,"downloading_duration":995,"execution_duration":1635,"uploading_duration":642,"executable":"ellipsoids-openmp","args":["3.dat","34.log","34.xoutput"],"id":70,"resource":"2560","request_start":1576546407904,"request_end":1576546415133,"request_duration":7229,"type":"2560"}
{"start":1576546411853,"end":1576546415123,"duration":3270,"downloading_duration":1054,"execution_duration":1654,"uploading_duration":562,"executable":"ellipsoids-openmp","args":["3.dat","317.log","317.xoutput"],"id":83,"resource":"2560","request_start":1576546407911,"request_end":1576546415141,"request_duration":7230,"type":"2560"}
{"start":1576546411853,"end":1576546415124,"duration":3271,"downloading_duration":978,"execution_duration":1721,"uploading_duration":572,"executable":"ellipsoids-openmp","args":["3.dat","319.log","319.xoutput"],"id":85,"resource":"2560","request_start":1576546407913,"request_end":1576546415146,"request_duration":7233,"type":"2560"}
{"start":1576546411849,"end":1576546415141,"duration":3292,"downloading_duration":1073,"execution_duration":1657,"uploading_duration":562,"executable":"ellipsoids-openmp","args":["3.dat","315.log","315.xoutput"],"id":81,"resource":"2560","request_start":1576546407910,"request_end":1576546415160,"request_duration":7250,"type":"2560"}
{"start":1576546411851,"end":1576546415151,"duration":3300,"downloading_duration":995,"execution_duration":1736,"uploading_duration":569,"executable":"ellipsoids-openmp","args":["3.dat","314.log","314.xoutput"],"id":80,"resource":"2560","request_start":1576546407910,"request_end":1576546415170,"request_duration":7260,"type":"2560"}
{"start":1576546411847,"end":1576546415158,"duration":3311,"downloading_duration":1015,"execution_duration":1700,"uploading_duration":596,"executable":"ellipsoids-openmp","args":["3.dat","311.log","311.xoutput"],"id":77,"resource":"2560","request_start":1576546407908,"request_end":1576546415175,"request_duration":7267,"type":"2560"}
{"start":1576546411841,"end":1576546415172,"duration":3331,"downloading_duration":992,"execution_duration":1730,"uploading_duration":609,"executable":"ellipsoids-openmp","args":["3.dat","36.log","36.xoutput"],"id":72,"resource":"2560","request_start":1576546407905,"request_end":1576546415190,"request_duration":7285,"type":"2560"}
{"start":1576546411843,"end":1576546415175,"duration":3332,"downloading_duration":1080,"execution_duration":1665,"uploading_duration":587,"executable":"ellipsoids-openmp","args":["3.dat","39.log","39.xoutput"],"id":75,"resource":"2560","request_start":1576546407907,"request_end":1576546415196,"request_duration":7289,"type":"2560"}
{"start":1576546411849,"end":1576546415192,"duration":3343,"downloading_duration":1041,"execution_duration":1707,"uploading_duration":595,"executable":"ellipsoids-openmp","args":["3.dat","312.log","312.xoutput"],"id":78,"resource":"2560","request_start":1576546407909,"request_end":1576546415220,"request_duration":7311,"type":"2560"}
{"start":1576546411835,"end":1576546415196,"duration":3361,"downloading_duration":1083,"execution_duration":1695,"uploading_duration":583,"executable":"ellipsoids-openmp","args":["3.dat","30.log","30.xoutput"],"id":66,"resource":"2560","request_start":1576546407902,"request_end":1576546415222,"request_duration":7320,"type":"2560"}
{"start":1576546411839,"end":1576546415208,"duration":3369,"downloading_duration":1081,"execution_duration":1699,"uploading_duration":589,"executable":"ellipsoids-openmp","args":["3.dat","32.log","32.xoutput"],"id":68,"resource":"2560","request_start":1576546407903,"request_end":1576546415230,"request_duration":7327,"type":"2560"}
{"start":1576546411854,"end":1576546415232,"duration":3378,"downloading_duration":1076,"execution_duration":1705,"uploading_duration":597,"executable":"ellipsoids-openmp","args":["3.dat","316.log","316.xoutput"],"id":82,"resource":"2560","request_start":1576546407911,"request_end":1576546415252,"request_duration":7341,"type":"2560"}
{"start":1576546411846,"end":1576546415232,"duration":3386,"downloading_duration":1071,"execution_duration":1756,"uploading_duration":559,"executable":"ellipsoids-openmp","args":["3.dat","310.log","310.xoutput"],"id":76,"resource":"2560","request_start":1576546407908,"request_end":1576546415254,"request_duration":7346,"type":"2560"}
{"start":1576546411853,"end":1576546415256,"duration":3403,"downloading_duration":1131,"execution_duration":1676,"uploading_duration":596,"executable":"ellipsoids-openmp","args":["3.dat","318.log","318.xoutput"],"id":84,"resource":"2560","request_start":1576546407912,"request_end":1576546415275,"request_duration":7363,"type":"2560"}
{"start":1576546411853,"end":1576546415269,"duration":3416,"downloading_duration":1039,"execution_duration":1748,"uploading_duration":629,"executable":"ellipsoids-openmp","args":["3.dat","313.log","313.xoutput"],"id":79,"resource":"2560","request_start":1576546407909,"request_end":1576546415287,"request_duration":7378,"type":"2560"}
{"start":1576546411845,"end":1576546415278,"duration":3433,"downloading_duration":1183,"execution_duration":1682,"uploading_duration":568,"executable":"ellipsoids-openmp","args":["3.dat","38.log","38.xoutput"],"id":74,"resource":"2560","request_start":1576546407906,"request_end":1576546415299,"request_duration":7393,"type":"2560"}
{"start":1576546411843,"end":1576546415287,"duration":3444,"downloading_duration":1091,"execution_duration":1735,"uploading_duration":618,"executable":"ellipsoids-openmp","args":["3.dat","37.log","37.xoutput"],"id":73,"resource":"2560","request_start":1576546407906,"request_end":1576546415305,"request_duration":7399,"type":"2560"}
{"start":1576546411839,"end":1576546415311,"duration":3472,"downloading_duration":1080,"execution_duration":1772,"uploading_duration":620,"executable":"ellipsoids-openmp","args":["3.dat","35.log","35.xoutput"],"id":71,"resource":"2560","request_start":1576546407904,"request_end":1576546415331,"request_duration":7427,"type":"2560"}
{"start":1576546411541,"end":1576546415368,"duration":3827,"downloading_duration":1046,"execution_duration":1844,"uploading_duration":937,"executable":"ellipsoids-openmp","args":["0.dat","018.log","018.xoutput"],"id":24,"resource":"2560","request_start":1576546407896,"request_end":1576546415388,"request_duration":7492,"type":"2560"}
{"start":1576546415784,"end":1576546417177,"duration":1393,"downloading_duration":1007,"execution_duration":2,"uploading_duration":384,"executable":"mean-pack-ell","args":["30.xoutput","31.xoutput","32.xoutput","33.xoutput","34.xoutput","35.xoutput","36.xoutput","37.xoutput","38.xoutput","39.xoutput","310.xoutput","311.xoutput","312.xoutput","313.xoutput","314.xoutput","315.xoutput","316.xoutput","317.xoutput","318.xoutput","319.xoutput","average_3.txt"],"id":89,"resource":"2560","request_start":1576546415343,"request_end":1576546417198,"request_duration":1855,"type":"2560"}
{"start":1576546415675,"end":1576546417261,"duration":1586,"downloading_duration":1049,"execution_duration":3,"uploading_duration":534,"executable":"mean-pack-ell","args":["00.xoutput","01.xoutput","02.xoutput","03.xoutput","04.xoutput","05.xoutput","06.xoutput","07.xoutput","08.xoutput","09.xoutput","010.xoutput","011.xoutput","012.xoutput","013.xoutput","014.xoutput","015.xoutput","016.xoutput","017.xoutput","018.xoutput","019.xoutput","average_0.txt"],"id":86,"resource":"2560","request_start":1576546415393,"request_end":1576546417280,"request_duration":1887,"type":"2560"}
{"start":1576546417397,"end":1576546418237,"duration":840,"downloading_duration":399,"execution_duration":63,"uploading_duration":378,"executable":"summary.js","args":[],"id":90,"resource":"2560","request_start":1576546417287,"request_end":1576546418254,"request_duration":967,"type":"2560"}
