{"start":1576624329261,"end":1576624330657,"duration":1396,"downloading_duration":946,"execution_duration":64,"uploading_duration":386,"executable":"generateData.js","args":[],"id":1,"resource":"2560","request_start":1576624329026,"request_end":1576624330690,"request_duration":1664,"type":"2560"}
{"start":1576624330824,"end":1576624331657,"duration":833,"downloading_duration":382,"execution_duration":63,"uploading_duration":388,"executable":"createDat.js","args":["0.dat"],"id":2,"resource":"2560","request_start":1576624330706,"request_end":1576624331676,"request_duration":970,"type":"2560"}
{"start":1576624330836,"end":1576624331661,"duration":825,"downloading_duration":378,"execution_duration":67,"uploading_duration":380,"executable":"createDat.js","args":["1.dat"],"id":3,"resource":"2560","request_start":1576624330711,"request_end":1576624331680,"request_duration":969,"type":"2560"}
{"start":1576624330842,"end":1576624331699,"duration":857,"downloading_duration":399,"execution_duration":61,"uploading_duration":397,"executable":"createDat.js","args":["3.dat"],"id":5,"resource":"2560","request_start":1576624330717,"request_end":1576624331724,"request_duration":1007,"type":"2560"}
{"start":1576624330847,"end":1576624331747,"duration":900,"downloading_duration":429,"execution_duration":62,"uploading_duration":409,"executable":"createDat.js","args":["2.dat"],"id":4,"resource":"2560","request_start":1576624330714,"request_end":1576624331833,"request_duration":1119,"type":"2560"}
{"start":1576624332058,"end":1576624335429,"duration":3371,"downloading_duration":1029,"execution_duration":1790,"uploading_duration":552,"executable":"ellipsoids-openmp","args":["0.dat","06.log","06.xoutput"],"id":12,"resource":"2560","request_start":1576624331730,"request_end":1576624335453,"request_duration":3723,"type":"2560"}
{"start":1576624332056,"end":1576624335501,"duration":3445,"downloading_duration":1015,"execution_duration":1822,"uploading_duration":608,"executable":"ellipsoids-openmp","args":["0.dat","08.log","08.xoutput"],"id":14,"resource":"2560","request_start":1576624331733,"request_end":1576624335523,"request_duration":3790,"type":"2560"}
{"start":1576624332123,"end":1576624335505,"duration":3382,"downloading_duration":994,"execution_duration":1825,"uploading_duration":563,"executable":"ellipsoids-openmp","args":["0.dat","09.log","09.xoutput"],"id":15,"resource":"2560","request_start":1576624331735,"request_end":1576624335526,"request_duration":3791,"type":"2560"}
{"start":1576624332059,"end":1576624335535,"duration":3476,"downloading_duration":1083,"execution_duration":1827,"uploading_duration":566,"executable":"ellipsoids-openmp","args":["0.dat","010.log","010.xoutput"],"id":16,"resource":"2560","request_start":1576624331736,"request_end":1576624335556,"request_duration":3820,"type":"2560"}
{"start":1576624332056,"end":1576624335541,"duration":3485,"downloading_duration":1024,"execution_duration":1815,"uploading_duration":646,"executable":"ellipsoids-openmp","args":["0.dat","04.log","04.xoutput"],"id":10,"resource":"2560","request_start":1576624331726,"request_end":1576624335566,"request_duration":3840,"type":"2560"}
{"start":1576624332056,"end":1576624335560,"duration":3504,"downloading_duration":997,"execution_duration":1909,"uploading_duration":598,"executable":"ellipsoids-openmp","args":["0.dat","05.log","05.xoutput"],"id":11,"resource":"2560","request_start":1576624331728,"request_end":1576624335583,"request_duration":3855,"type":"2560"}
{"start":1576624332159,"end":1576624335577,"duration":3418,"downloading_duration":992,"execution_duration":1818,"uploading_duration":608,"executable":"ellipsoids-openmp","args":["0.dat","016.log","016.xoutput"],"id":22,"resource":"2560","request_start":1576624331743,"request_end":1576624335599,"request_duration":3856,"type":"2560"}
{"start":1576624332194,"end":1576624335581,"duration":3387,"downloading_duration":1002,"execution_duration":1828,"uploading_duration":557,"executable":"ellipsoids-openmp","args":["0.dat","026.log","026.xoutput"],"id":32,"resource":"2560","request_start":1576624331759,"request_end":1576624335602,"request_duration":3843,"type":"2560"}
{"start":1576624332056,"end":1576624335583,"duration":3527,"downloading_duration":1084,"execution_duration":1847,"uploading_duration":596,"executable":"ellipsoids-openmp","args":["0.dat","013.log","013.xoutput"],"id":19,"resource":"2560","request_start":1576624331740,"request_end":1576624335616,"request_duration":3876,"type":"2560"}
{"start":1576624332183,"end":1576624335589,"duration":3406,"downloading_duration":1069,"execution_duration":1748,"uploading_duration":589,"executable":"ellipsoids-openmp","args":["0.dat","020.log","020.xoutput"],"id":26,"resource":"2560","request_start":1576624331749,"request_end":1576624335618,"request_duration":3869,"type":"2560"}
{"start":1576624332258,"end":1576624335592,"duration":3334,"downloading_duration":1011,"execution_duration":1757,"uploading_duration":566,"executable":"ellipsoids-openmp","args":["0.dat","040.log","040.xoutput"],"id":46,"resource":"2560","request_start":1576624331775,"request_end":1576624335620,"request_duration":3845,"type":"2560"}
{"start":1576624332059,"end":1576624335596,"duration":3537,"downloading_duration":1078,"execution_duration":1860,"uploading_duration":599,"executable":"ellipsoids-openmp","args":["0.dat","07.log","07.xoutput"],"id":13,"resource":"2560","request_start":1576624331732,"request_end":1576624335621,"request_duration":3889,"type":"2560"}
{"start":1576624332257,"end":1576624335605,"duration":3348,"downloading_duration":989,"execution_duration":1805,"uploading_duration":554,"executable":"ellipsoids-openmp","args":["0.dat","036.log","036.xoutput"],"id":42,"resource":"2560","request_start":1576624331770,"request_end":1576624335630,"request_duration":3860,"type":"2560"}
{"start":1576624332164,"end":1576624335606,"duration":3442,"downloading_duration":1080,"execution_duration":1778,"uploading_duration":584,"executable":"ellipsoids-openmp","args":["0.dat","023.log","023.xoutput"],"id":29,"resource":"2560","request_start":1576624331752,"request_end":1576624335632,"request_duration":3880,"type":"2560"}
{"start":1576624332163,"end":1576624335607,"duration":3444,"downloading_duration":1080,"execution_duration":1789,"uploading_duration":575,"executable":"ellipsoids-openmp","args":["0.dat","015.log","015.xoutput"],"id":21,"resource":"2560","request_start":1576624331742,"request_end":1576624335633,"request_duration":3891,"type":"2560"}
{"start":1576624332162,"end":1576624335613,"duration":3451,"downloading_duration":1078,"execution_duration":1795,"uploading_duration":578,"executable":"ellipsoids-openmp","args":["0.dat","017.log","017.xoutput"],"id":23,"resource":"2560","request_start":1576624331745,"request_end":1576624335641,"request_duration":3896,"type":"2560"}
{"start":1576624332189,"end":1576624335612,"duration":3423,"downloading_duration":995,"execution_duration":1808,"uploading_duration":620,"executable":"ellipsoids-openmp","args":["0.dat","025.log","025.xoutput"],"id":31,"resource":"2560","request_start":1576624331755,"request_end":1576624335642,"request_duration":3887,"type":"2560"}
{"start":1576624332165,"end":1576624335613,"duration":3448,"downloading_duration":1037,"execution_duration":1845,"uploading_duration":566,"executable":"ellipsoids-openmp","args":["0.dat","021.log","021.xoutput"],"id":27,"resource":"2560","request_start":1576624331750,"request_end":1576624335643,"request_duration":3893,"type":"2560"}
{"start":1576624332193,"end":1576624335620,"duration":3427,"downloading_duration":1028,"execution_duration":1838,"uploading_duration":561,"executable":"ellipsoids-openmp","args":["0.dat","032.log","032.xoutput"],"id":38,"resource":"2560","request_start":1576624331766,"request_end":1576624335645,"request_duration":3879,"type":"2560"}
{"start":1576624332267,"end":1576624335641,"duration":3374,"downloading_duration":987,"execution_duration":1781,"uploading_duration":606,"executable":"ellipsoids-openmp","args":["1.dat","13.log","13.xoutput"],"id":54,"resource":"2560","request_start":1576624331843,"request_end":1576624335661,"request_duration":3818,"type":"2560"}
{"start":1576624332197,"end":1576624335641,"duration":3444,"downloading_duration":1002,"execution_duration":1846,"uploading_duration":596,"executable":"ellipsoids-openmp","args":["0.dat","038.log","038.xoutput"],"id":44,"resource":"2560","request_start":1576624331772,"request_end":1576624335664,"request_duration":3892,"type":"2560"}
{"start":1576624332268,"end":1576624335643,"duration":3375,"downloading_duration":980,"execution_duration":1809,"uploading_duration":586,"executable":"ellipsoids-openmp","args":["1.dat","10.log","10.xoutput"],"id":51,"resource":"2560","request_start":1576624331838,"request_end":1576624335665,"request_duration":3827,"type":"2560"}
{"start":1576624332264,"end":1576624335654,"duration":3390,"downloading_duration":1000,"execution_duration":1820,"uploading_duration":570,"executable":"ellipsoids-openmp","args":["0.dat","02.log","02.xoutput"],"id":8,"resource":"2560","request_start":1576624331782,"request_end":1576624335675,"request_duration":3893,"type":"2560"}
{"start":1576624332270,"end":1576624335659,"duration":3389,"downloading_duration":996,"execution_duration":1835,"uploading_duration":558,"executable":"ellipsoids-openmp","args":["0.dat","043.log","043.xoutput"],"id":49,"resource":"2560","request_start":1576624331778,"request_end":1576624335678,"request_duration":3900,"type":"2560"}
{"start":1576624332191,"end":1576624335663,"duration":3472,"downloading_duration":1057,"execution_duration":1821,"uploading_duration":594,"executable":"ellipsoids-openmp","args":["0.dat","029.log","029.xoutput"],"id":35,"resource":"2560","request_start":1576624331762,"request_end":1576624335685,"request_duration":3923,"type":"2560"}
{"start":1576624332270,"end":1576624335663,"duration":3393,"downloading_duration":1035,"execution_duration":1726,"uploading_duration":632,"executable":"ellipsoids-openmp","args":["1.dat","14.log","14.xoutput"],"id":55,"resource":"2560","request_start":1576624331845,"request_end":1576624335687,"request_duration":3842,"type":"2560"}
{"start":1576624332163,"end":1576624335664,"duration":3501,"downloading_duration":1168,"execution_duration":1771,"uploading_duration":562,"executable":"ellipsoids-openmp","args":["0.dat","014.log","014.xoutput"],"id":20,"resource":"2560","request_start":1576624331741,"request_end":1576624335694,"request_duration":3953,"type":"2560"}
{"start":1576624332264,"end":1576624335666,"duration":3402,"downloading_duration":994,"execution_duration":1821,"uploading_duration":587,"executable":"ellipsoids-openmp","args":["0.dat","03.log","03.xoutput"],"id":9,"resource":"2560","request_start":1576624331782,"request_end":1576624335696,"request_duration":3914,"type":"2560"}
{"start":1576624332187,"end":1576624335671,"duration":3484,"downloading_duration":1085,"execution_duration":1831,"uploading_duration":568,"executable":"ellipsoids-openmp","args":["0.dat","022.log","022.xoutput"],"id":28,"resource":"2560","request_start":1576624331751,"request_end":1576624335700,"request_duration":3949,"type":"2560"}
{"start":1576624332120,"end":1576624335676,"duration":3556,"downloading_duration":1091,"execution_duration":1884,"uploading_duration":581,"executable":"ellipsoids-openmp","args":["0.dat","012.log","012.xoutput"],"id":18,"resource":"2560","request_start":1576624331739,"request_end":1576624335710,"request_duration":3971,"type":"2560"}
{"start":1576624332189,"end":1576624335678,"duration":3489,"downloading_duration":1013,"execution_duration":1871,"uploading_duration":605,"executable":"ellipsoids-openmp","args":["0.dat","027.log","027.xoutput"],"id":33,"resource":"2560","request_start":1576624331760,"request_end":1576624335712,"request_duration":3952,"type":"2560"}
{"start":1576624332188,"end":1576624335683,"duration":3495,"downloading_duration":1012,"execution_duration":1786,"uploading_duration":697,"executable":"ellipsoids-openmp","args":["0.dat","024.log","024.xoutput"],"id":30,"resource":"2560","request_start":1576624331753,"request_end":1576624335713,"request_duration":3960,"type":"2560"}
{"start":1576624332282,"end":1576624335690,"duration":3408,"downloading_duration":1005,"execution_duration":1813,"uploading_duration":590,"executable":"ellipsoids-openmp","args":["0.dat","042.log","042.xoutput"],"id":48,"resource":"2560","request_start":1576624331777,"request_end":1576624335716,"request_duration":3939,"type":"2560"}
{"start":1576624332258,"end":1576624335699,"duration":3441,"downloading_duration":1029,"execution_duration":1841,"uploading_duration":571,"executable":"ellipsoids-openmp","args":["0.dat","041.log","041.xoutput"],"id":47,"resource":"2560","request_start":1576624331776,"request_end":1576624335725,"request_duration":3949,"type":"2560"}
{"start":1576624332264,"end":1576624335702,"duration":3438,"downloading_duration":998,"execution_duration":1890,"uploading_duration":550,"executable":"ellipsoids-openmp","args":["0.dat","00.log","00.xoutput"],"id":6,"resource":"2560","request_start":1576624331779,"request_end":1576624335726,"request_duration":3947,"type":"2560"}
{"start":1576624332189,"end":1576624335707,"duration":3518,"downloading_duration":1062,"execution_duration":1862,"uploading_duration":594,"executable":"ellipsoids-openmp","args":["0.dat","031.log","031.xoutput"],"id":37,"resource":"2560","request_start":1576624331765,"request_end":1576624335732,"request_duration":3967,"type":"2560"}
{"start":1576624332195,"end":1576624335710,"duration":3515,"downloading_duration":1027,"execution_duration":1906,"uploading_duration":582,"executable":"ellipsoids-openmp","args":["0.dat","033.log","033.xoutput"],"id":39,"resource":"2560","request_start":1576624331767,"request_end":1576624335734,"request_duration":3967,"type":"2560"}
{"start":1576624332262,"end":1576624335717,"duration":3455,"downloading_duration":994,"execution_duration":1855,"uploading_duration":606,"executable":"ellipsoids-openmp","args":["0.dat","037.log","037.xoutput"],"id":43,"resource":"2560","request_start":1576624331771,"request_end":1576624335742,"request_duration":3971,"type":"2560"}
{"start":1576624332262,"end":1576624335721,"duration":3459,"downloading_duration":1028,"execution_duration":1827,"uploading_duration":604,"executable":"ellipsoids-openmp","args":["0.dat","01.log","01.xoutput"],"id":7,"resource":"2560","request_start":1576624331781,"request_end":1576624335744,"request_duration":3963,"type":"2560"}
{"start":1576624332264,"end":1576624335722,"duration":3458,"downloading_duration":1078,"execution_duration":1774,"uploading_duration":606,"executable":"ellipsoids-openmp","args":["0.dat","044.log","044.xoutput"],"id":50,"resource":"2560","request_start":1576624331778,"request_end":1576624335745,"request_duration":3967,"type":"2560"}
{"start":1576624332161,"end":1576624335728,"duration":3567,"downloading_duration":1141,"execution_duration":1849,"uploading_duration":577,"executable":"ellipsoids-openmp","args":["0.dat","019.log","019.xoutput"],"id":25,"resource":"2560","request_start":1576624331747,"request_end":1576624335754,"request_duration":4007,"type":"2560"}
{"start":1576624332256,"end":1576624335729,"duration":3473,"downloading_duration":1069,"execution_duration":1840,"uploading_duration":564,"executable":"ellipsoids-openmp","args":["0.dat","034.log","034.xoutput"],"id":40,"resource":"2560","request_start":1576624331768,"request_end":1576624335756,"request_duration":3988,"type":"2560"}
{"start":1576624332254,"end":1576624335730,"duration":3476,"downloading_duration":1084,"execution_duration":1802,"uploading_duration":590,"executable":"ellipsoids-openmp","args":["0.dat","030.log","030.xoutput"],"id":36,"resource":"2560","request_start":1576624331763,"request_end":1576624335757,"request_duration":3994,"type":"2560"}
{"start":1576624332189,"end":1576624335737,"duration":3548,"downloading_duration":1189,"execution_duration":1791,"uploading_duration":568,"executable":"ellipsoids-openmp","args":["0.dat","028.log","028.xoutput"],"id":34,"resource":"2560","request_start":1576624331761,"request_end":1576624335766,"request_duration":4005,"type":"2560"}
{"start":1576624332056,"end":1576624335753,"duration":3697,"downloading_duration":1105,"execution_duration":1899,"uploading_duration":693,"executable":"ellipsoids-openmp","args":["0.dat","011.log","011.xoutput"],"id":17,"resource":"2560","request_start":1576624331737,"request_end":1576624335773,"request_duration":4036,"type":"2560"}
{"start":1576624332166,"end":1576624335758,"duration":3592,"downloading_duration":1153,"execution_duration":1824,"uploading_duration":615,"executable":"ellipsoids-openmp","args":["0.dat","018.log","018.xoutput"],"id":24,"resource":"2560","request_start":1576624331746,"request_end":1576624335778,"request_duration":4032,"type":"2560"}
{"start":1576624332266,"end":1576624335798,"duration":3532,"downloading_duration":1162,"execution_duration":1745,"uploading_duration":625,"executable":"ellipsoids-openmp","args":["1.dat","11.log","11.xoutput"],"id":52,"resource":"2560","request_start":1576624331840,"request_end":1576624335823,"request_duration":3983,"type":"2560"}
{"start":1576624332259,"end":1576624335824,"duration":3565,"downloading_duration":1161,"execution_duration":1854,"uploading_duration":550,"executable":"ellipsoids-openmp","args":["0.dat","039.log","039.xoutput"],"id":45,"resource":"2560","request_start":1576624331774,"request_end":1576624335845,"request_duration":4071,"type":"2560"}
{"start":1576624332272,"end":1576624335967,"duration":3695,"downloading_duration":1079,"execution_duration":1769,"uploading_duration":847,"executable":"ellipsoids-openmp","args":["1.dat","12.log","12.xoutput"],"id":53,"resource":"2560","request_start":1576624331842,"request_end":1576624335989,"request_duration":4147,"type":"2560"}
{"start":1576624335483,"end":1576624338771,"duration":3288,"downloading_duration":1080,"execution_duration":1642,"uploading_duration":566,"executable":"ellipsoids-openmp","args":["1.dat","15.log","15.xoutput"],"id":56,"resource":"2560","request_start":1576624331846,"request_end":1576624338871,"request_duration":7025,"type":"2560"}
{"start":1576624335641,"end":1576624338852,"duration":3211,"downloading_duration":992,"execution_duration":1651,"uploading_duration":568,"executable":"ellipsoids-openmp","args":["1.dat","112.log","112.xoutput"],"id":63,"resource":"2560","request_start":1576624331852,"request_end":1576624338881,"request_duration":7029,"type":"2560"}
{"start":1576624335577,"end":1576624338853,"duration":3276,"downloading_duration":1000,"execution_duration":1688,"uploading_duration":588,"executable":"ellipsoids-openmp","args":["1.dat","18.log","18.xoutput"],"id":59,"resource":"2560","request_start":1576624331849,"request_end":1576624338882,"request_duration":7033,"type":"2560"}
{"start":1576624335600,"end":1576624338854,"duration":3254,"downloading_duration":984,"execution_duration":1678,"uploading_duration":592,"executable":"ellipsoids-openmp","args":["1.dat","19.log","19.xoutput"],"id":60,"resource":"2560","request_start":1576624331849,"request_end":1576624338883,"request_duration":7034,"type":"2560"}
{"start":1576624335645,"end":1576624338857,"duration":3212,"downloading_duration":994,"execution_duration":1659,"uploading_duration":559,"executable":"ellipsoids-openmp","args":["1.dat","113.log","113.xoutput"],"id":64,"resource":"2560","request_start":1576624331852,"request_end":1576624338885,"request_duration":7033,"type":"2560"}
{"start":1576624335631,"end":1576624338867,"duration":3236,"downloading_duration":995,"execution_duration":1615,"uploading_duration":626,"executable":"ellipsoids-openmp","args":["1.dat","111.log","111.xoutput"],"id":62,"resource":"2560","request_start":1576624331851,"request_end":1576624338930,"request_duration":7079,"type":"2560"}
{"start":1576624335652,"end":1576624338887,"duration":3235,"downloading_duration":978,"execution_duration":1676,"uploading_duration":581,"executable":"ellipsoids-openmp","args":["1.dat","116.log","116.xoutput"],"id":67,"resource":"2560","request_start":1576624331855,"request_end":1576624338936,"request_duration":7081,"type":"2560"}
{"start":1576624335613,"end":1576624338911,"duration":3298,"downloading_duration":1080,"execution_duration":1667,"uploading_duration":551,"executable":"ellipsoids-openmp","args":["1.dat","110.log","110.xoutput"],"id":61,"resource":"2560","request_start":1576624331850,"request_end":1576624338943,"request_duration":7093,"type":"2560"}
{"start":1576624335674,"end":1576624338918,"duration":3244,"downloading_duration":1001,"execution_duration":1663,"uploading_duration":580,"executable":"ellipsoids-openmp","args":["1.dat","118.log","118.xoutput"],"id":69,"resource":"2560","request_start":1576624331856,"request_end":1576624338950,"request_duration":7094,"type":"2560"}
{"start":1576624335706,"end":1576624338928,"duration":3222,"downloading_duration":990,"execution_duration":1676,"uploading_duration":556,"executable":"ellipsoids-openmp","args":["1.dat","128.log","128.xoutput"],"id":79,"resource":"2560","request_start":1576624331862,"request_end":1576624338952,"request_duration":7090,"type":"2560"}
{"start":1576624335675,"end":1576624338932,"duration":3257,"downloading_duration":997,"execution_duration":1625,"uploading_duration":635,"executable":"ellipsoids-openmp","args":["1.dat","119.log","119.xoutput"],"id":70,"resource":"2560","request_start":1576624331857,"request_end":1576624338954,"request_duration":7097,"type":"2560"}
{"start":1576624335712,"end":1576624338947,"duration":3235,"downloading_duration":1085,"execution_duration":1570,"uploading_duration":580,"executable":"ellipsoids-openmp","args":["1.dat","129.log","129.xoutput"],"id":80,"resource":"2560","request_start":1576624331863,"request_end":1576624338967,"request_duration":7104,"type":"2560"}
{"start":1576624335679,"end":1576624338956,"duration":3277,"downloading_duration":992,"execution_duration":1652,"uploading_duration":633,"executable":"ellipsoids-openmp","args":["1.dat","121.log","121.xoutput"],"id":72,"resource":"2560","request_start":1576624331858,"request_end":1576624338977,"request_duration":7119,"type":"2560"}
{"start":1576624335731,"end":1576624338961,"duration":3230,"downloading_duration":998,"execution_duration":1629,"uploading_duration":603,"executable":"ellipsoids-openmp","args":["1.dat","132.log","132.xoutput"],"id":83,"resource":"2560","request_start":1576624331865,"request_end":1576624338983,"request_duration":7118,"type":"2560"}
{"start":1576624335742,"end":1576624338966,"duration":3224,"downloading_duration":1029,"execution_duration":1635,"uploading_duration":560,"executable":"ellipsoids-openmp","args":["1.dat","137.log","137.xoutput"],"id":88,"resource":"2560","request_start":1576624331867,"request_end":1576624338988,"request_duration":7121,"type":"2560"}
{"start":1576624335646,"end":1576624338972,"duration":3326,"downloading_duration":988,"execution_duration":1671,"uploading_duration":667,"executable":"ellipsoids-openmp","args":["1.dat","114.log","114.xoutput"],"id":65,"resource":"2560","request_start":1576624331853,"request_end":1576624338994,"request_duration":7141,"type":"2560"}
{"start":1576624335702,"end":1576624338978,"duration":3276,"downloading_duration":990,"execution_duration":1685,"uploading_duration":601,"executable":"ellipsoids-openmp","args":["1.dat","127.log","127.xoutput"],"id":78,"resource":"2560","request_start":1576624331862,"request_end":1576624339001,"request_duration":7139,"type":"2560"}
{"start":1576624335732,"end":1576624338981,"duration":3249,"downloading_duration":1028,"execution_duration":1654,"uploading_duration":567,"executable":"ellipsoids-openmp","args":["1.dat","133.log","133.xoutput"],"id":84,"resource":"2560","request_start":1576624331865,"request_end":1576624339005,"request_duration":7140,"type":"2560"}
{"start":1576624335648,"end":1576624338993,"duration":3345,"downloading_duration":1078,"execution_duration":1639,"uploading_duration":628,"executable":"ellipsoids-openmp","args":["1.dat","115.log","115.xoutput"],"id":66,"resource":"2560","request_start":1576624331854,"request_end":1576624339013,"request_duration":7159,"type":"2560"}
{"start":1576624335745,"end":1576624339002,"duration":3257,"downloading_duration":995,"execution_duration":1676,"uploading_duration":586,"executable":"ellipsoids-openmp","args":["1.dat","136.log","136.xoutput"],"id":87,"resource":"2560","request_start":1576624331867,"request_end":1576624339022,"request_duration":7155,"type":"2560"}
{"start":1576624335712,"end":1576624339007,"duration":3295,"downloading_duration":1016,"execution_duration":1679,"uploading_duration":600,"executable":"ellipsoids-openmp","args":["1.dat","126.log","126.xoutput"],"id":77,"resource":"2560","request_start":1576624331861,"request_end":1576624339030,"request_duration":7169,"type":"2560"}
{"start":1576624335664,"end":1576624339020,"duration":3356,"downloading_duration":1152,"execution_duration":1622,"uploading_duration":582,"executable":"ellipsoids-openmp","args":["1.dat","117.log","117.xoutput"],"id":68,"resource":"2560","request_start":1576624331856,"request_end":1576624339040,"request_duration":7184,"type":"2560"}
{"start":1576624335807,"end":1576624339021,"duration":3214,"downloading_duration":985,"execution_duration":1667,"uploading_duration":562,"executable":"ellipsoids-openmp","args":["3.dat","35.log","35.xoutput"],"id":146,"resource":"2560","request_start":1576624331959,"request_end":1576624339042,"request_duration":7083,"type":"2560"}
{"start":1576624335688,"end":1576624339024,"duration":3336,"downloading_duration":1069,"execution_duration":1641,"uploading_duration":626,"executable":"ellipsoids-openmp","args":["1.dat","124.log","124.xoutput"],"id":75,"resource":"2560","request_start":1576624331860,"request_end":1576624339048,"request_duration":7188,"type":"2560"}
{"start":1576624335692,"end":1576624339025,"duration":3333,"downloading_duration":1086,"execution_duration":1686,"uploading_duration":561,"executable":"ellipsoids-openmp","args":["1.dat","125.log","125.xoutput"],"id":76,"resource":"2560","request_start":1576624331861,"request_end":1576624339048,"request_duration":7187,"type":"2560"}
{"start":1576624335681,"end":1576624339029,"duration":3348,"downloading_duration":1023,"execution_duration":1718,"uploading_duration":607,"executable":"ellipsoids-openmp","args":["1.dat","122.log","122.xoutput"],"id":73,"resource":"2560","request_start":1576624331859,"request_end":1576624339062,"request_duration":7203,"type":"2560"}
{"start":1576624335769,"end":1576624339043,"duration":3274,"downloading_duration":1054,"execution_duration":1647,"uploading_duration":573,"executable":"ellipsoids-openmp","args":["1.dat","142.log","142.xoutput"],"id":93,"resource":"2560","request_start":1576624331870,"request_end":1576624339064,"request_duration":7194,"type":"2560"}
{"start":1576624335790,"end":1576624339047,"duration":3257,"downloading_duration":1015,"execution_duration":1600,"uploading_duration":642,"executable":"ellipsoids-openmp","args":["3.dat","31.log","31.xoutput"],"id":142,"resource":"2560","request_start":1576624331957,"request_end":1576624339071,"request_duration":7114,"type":"2560"}
{"start":1576624335677,"end":1576624339054,"duration":3377,"downloading_duration":1074,"execution_duration":1709,"uploading_duration":594,"executable":"ellipsoids-openmp","args":["1.dat","120.log","120.xoutput"],"id":71,"resource":"2560","request_start":1576624331857,"request_end":1576624339073,"request_duration":7216,"type":"2560"}
{"start":1576624335716,"end":1576624339054,"duration":3338,"downloading_duration":1057,"execution_duration":1682,"uploading_duration":599,"executable":"ellipsoids-openmp","args":["1.dat","130.log","130.xoutput"],"id":81,"resource":"2560","request_start":1576624331863,"request_end":1576624339081,"request_duration":7218,"type":"2560"}
{"start":1576624335678,"end":1576624339063,"duration":3385,"downloading_duration":1105,"execution_duration":1700,"uploading_duration":580,"executable":"ellipsoids-openmp","args":["1.dat","123.log","123.xoutput"],"id":74,"resource":"2560","request_start":1576624331859,"request_end":1576624339083,"request_duration":7224,"type":"2560"}
{"start":1576624335724,"end":1576624339065,"duration":3341,"downloading_duration":997,"execution_duration":1686,"uploading_duration":658,"executable":"ellipsoids-openmp","args":["1.dat","131.log","131.xoutput"],"id":82,"resource":"2560","request_start":1576624331864,"request_end":1576624339087,"request_duration":7223,"type":"2560"}
{"start":1576624335785,"end":1576624339079,"duration":3294,"downloading_duration":1077,"execution_duration":1609,"uploading_duration":608,"executable":"ellipsoids-openmp","args":["3.dat","30.log","30.xoutput"],"id":141,"resource":"2560","request_start":1576624331957,"request_end":1576624339103,"request_duration":7146,"type":"2560"}
{"start":1576624335763,"end":1576624339092,"duration":3329,"downloading_duration":1019,"execution_duration":1711,"uploading_duration":599,"executable":"ellipsoids-openmp","args":["1.dat","139.log","139.xoutput"],"id":90,"resource":"2560","request_start":1576624331868,"request_end":1576624339113,"request_duration":7245,"type":"2560"}
{"start":1576624335774,"end":1576624339097,"duration":3323,"downloading_duration":1066,"execution_duration":1696,"uploading_duration":561,"executable":"ellipsoids-openmp","args":["1.dat","143.log","143.xoutput"],"id":94,"resource":"2560","request_start":1576624331870,"request_end":1576624339118,"request_duration":7248,"type":"2560"}
{"start":1576624335744,"end":1576624339106,"duration":3362,"downloading_duration":1031,"execution_duration":1684,"uploading_duration":647,"executable":"ellipsoids-openmp","args":["1.dat","135.log","135.xoutput"],"id":86,"resource":"2560","request_start":1576624331866,"request_end":1576624339126,"request_duration":7260,"type":"2560"}
{"start":1576624335848,"end":1576624339108,"duration":3260,"downloading_duration":1017,"execution_duration":1652,"uploading_duration":591,"executable":"ellipsoids-openmp","args":["3.dat","36.log","36.xoutput"],"id":147,"resource":"2560","request_start":1576624331960,"request_end":1576624339128,"request_duration":7168,"type":"2560"}
{"start":1576624335755,"end":1576624339109,"duration":3354,"downloading_duration":1024,"execution_duration":1722,"uploading_duration":608,"executable":"ellipsoids-openmp","args":["1.dat","138.log","138.xoutput"],"id":89,"resource":"2560","request_start":1576624331868,"request_end":1576624339132,"request_duration":7264,"type":"2560"}
{"start":1576624335738,"end":1576624339110,"duration":3372,"downloading_duration":1068,"execution_duration":1703,"uploading_duration":601,"executable":"ellipsoids-openmp","args":["1.dat","134.log","134.xoutput"],"id":85,"resource":"2560","request_start":1576624331866,"request_end":1576624339135,"request_duration":7269,"type":"2560"}
{"start":1576624335789,"end":1576624339111,"duration":3322,"downloading_duration":988,"execution_duration":1746,"uploading_duration":588,"executable":"ellipsoids-openmp","args":["3.dat","32.log","32.xoutput"],"id":143,"resource":"2560","request_start":1576624331958,"request_end":1576624339137,"request_duration":7179,"type":"2560"}
{"start":1576624335791,"end":1576624339117,"duration":3326,"downloading_duration":1042,"execution_duration":1649,"uploading_duration":635,"executable":"ellipsoids-openmp","args":["3.dat","33.log","33.xoutput"],"id":144,"resource":"2560","request_start":1576624331958,"request_end":1576624339144,"request_duration":7186,"type":"2560"}
{"start":1576624335764,"end":1576624339123,"duration":3359,"downloading_duration":1078,"execution_duration":1648,"uploading_duration":633,"executable":"ellipsoids-openmp","args":["1.dat","140.log","140.xoutput"],"id":91,"resource":"2560","request_start":1576624331869,"request_end":1576624339147,"request_duration":7278,"type":"2560"}
{"start":1576624335774,"end":1576624339143,"duration":3369,"downloading_duration":993,"execution_duration":1704,"uploading_duration":672,"executable":"ellipsoids-openmp","args":["1.dat","144.log","144.xoutput"],"id":95,"resource":"2560","request_start":1576624331871,"request_end":1576624339162,"request_duration":7291,"type":"2560"}
{"start":1576624335798,"end":1576624339177,"duration":3379,"downloading_duration":1102,"execution_duration":1696,"uploading_duration":581,"executable":"ellipsoids-openmp","args":["3.dat","34.log","34.xoutput"],"id":145,"resource":"2560","request_start":1576624331959,"request_end":1576624339197,"request_duration":7238,"type":"2560"}
{"start":1576624335762,"end":1576624339182,"duration":3420,"downloading_duration":1072,"execution_duration":1685,"uploading_duration":663,"executable":"ellipsoids-openmp","args":["1.dat","141.log","141.xoutput"],"id":92,"resource":"2560","request_start":1576624331869,"request_end":1576624339202,"request_duration":7333,"type":"2560"}
{"start":1576624335869,"end":1576624339231,"duration":3362,"downloading_duration":1091,"execution_duration":1675,"uploading_duration":596,"executable":"ellipsoids-openmp","args":["3.dat","37.log","37.xoutput"],"id":148,"resource":"2560","request_start":1576624331960,"request_end":1576624339253,"request_duration":7293,"type":"2560"}
{"start":1576624335549,"end":1576624339379,"duration":3830,"downloading_duration":1038,"execution_duration":1646,"uploading_duration":1146,"executable":"ellipsoids-openmp","args":["1.dat","16.log","16.xoutput"],"id":57,"resource":"2560","request_start":1576624331847,"request_end":1576624339402,"request_duration":7555,"type":"2560"}
{"start":1576624336013,"end":1576624339440,"duration":3427,"downloading_duration":1072,"execution_duration":1759,"uploading_duration":596,"executable":"ellipsoids-openmp","args":["3.dat","38.log","38.xoutput"],"id":149,"resource":"2560","request_start":1576624331961,"request_end":1576624339462,"request_duration":7501,"type":"2560"}
{"start":1576624335557,"end":1576624339874,"duration":4317,"downloading_duration":1035,"execution_duration":1665,"uploading_duration":1617,"executable":"ellipsoids-openmp","args":["1.dat","17.log","17.xoutput"],"id":58,"resource":"2560","request_start":1576624331848,"request_end":1576624339895,"request_duration":8047,"type":"2560"}
{"start":1576624338913,"end":1576624342205,"duration":3292,"downloading_duration":989,"execution_duration":1711,"uploading_duration":592,"executable":"ellipsoids-openmp","args":["3.dat","313.log","313.xoutput"],"id":154,"resource":"2560","request_start":1576624331963,"request_end":1576624342226,"request_duration":10263,"type":"2560"}
{"start":1576624338913,"end":1576624342220,"duration":3307,"downloading_duration":993,"execution_duration":1723,"uploading_duration":591,"executable":"ellipsoids-openmp","args":["3.dat","312.log","312.xoutput"],"id":153,"resource":"2560","request_start":1576624331963,"request_end":1576624342241,"request_duration":10278,"type":"2560"}
{"start":1576624338907,"end":1576624342239,"duration":3332,"downloading_duration":980,"execution_duration":1763,"uploading_duration":589,"executable":"ellipsoids-openmp","args":["3.dat","310.log","310.xoutput"],"id":151,"resource":"2560","request_start":1576624331962,"request_end":1576624342261,"request_duration":10299,"type":"2560"}
{"start":1576624338912,"end":1576624342243,"duration":3331,"downloading_duration":994,"execution_duration":1765,"uploading_duration":572,"executable":"ellipsoids-openmp","args":["3.dat","311.log","311.xoutput"],"id":152,"resource":"2560","request_start":1576624331962,"request_end":1576624342265,"request_duration":10303,"type":"2560"}
{"start":1576624338968,"end":1576624342244,"duration":3276,"downloading_duration":1014,"execution_duration":1702,"uploading_duration":560,"executable":"ellipsoids-openmp","args":["3.dat","314.log","314.xoutput"],"id":155,"resource":"2560","request_start":1576624331964,"request_end":1576624342266,"request_duration":10302,"type":"2560"}
{"start":1576624338902,"end":1576624342260,"duration":3358,"downloading_duration":1016,"execution_duration":1745,"uploading_duration":597,"executable":"ellipsoids-openmp","args":["3.dat","39.log","39.xoutput"],"id":150,"resource":"2560","request_start":1576624331961,"request_end":1576624342281,"request_duration":10320,"type":"2560"}
{"start":1576624338982,"end":1576624342261,"duration":3279,"downloading_duration":985,"execution_duration":1712,"uploading_duration":582,"executable":"ellipsoids-openmp","args":["3.dat","319.log","319.xoutput"],"id":160,"resource":"2560","request_start":1576624331966,"request_end":1576624342283,"request_duration":10317,"type":"2560"}
{"start":1576624339003,"end":1576624342290,"duration":3287,"downloading_duration":993,"execution_duration":1734,"uploading_duration":560,"executable":"ellipsoids-openmp","args":["3.dat","321.log","321.xoutput"],"id":162,"resource":"2560","request_start":1576624331967,"request_end":1576624342309,"request_duration":10342,"type":"2560"}
{"start":1576624338976,"end":1576624342291,"duration":3315,"downloading_duration":1075,"execution_duration":1677,"uploading_duration":563,"executable":"ellipsoids-openmp","args":["3.dat","317.log","317.xoutput"],"id":158,"resource":"2560","request_start":1576624331965,"request_end":1576624342314,"request_duration":10349,"type":"2560"}
{"start":1576624338970,"end":1576624342305,"duration":3335,"downloading_duration":998,"execution_duration":1735,"uploading_duration":602,"executable":"ellipsoids-openmp","args":["3.dat","315.log","315.xoutput"],"id":156,"resource":"2560","request_start":1576624331964,"request_end":1576624342326,"request_duration":10362,"type":"2560"}
{"start":1576624339085,"end":1576624342309,"duration":3224,"downloading_duration":1002,"execution_duration":1669,"uploading_duration":553,"executable":"ellipsoids-openmp","args":["3.dat","333.log","333.xoutput"],"id":174,"resource":"2560","request_start":1576624331974,"request_end":1576624342330,"request_duration":10356,"type":"2560"}
{"start":1576624339040,"end":1576624342316,"duration":3276,"downloading_duration":1035,"execution_duration":1675,"uploading_duration":566,"executable":"ellipsoids-openmp","args":["3.dat","327.log","327.xoutput"],"id":168,"resource":"2560","request_start":1576624331970,"request_end":1576624342337,"request_duration":10367,"type":"2560"}
{"start":1576624339033,"end":1576624342323,"duration":3290,"downloading_duration":983,"execution_duration":1749,"uploading_duration":558,"executable":"ellipsoids-openmp","args":["3.dat","326.log","326.xoutput"],"id":167,"resource":"2560","request_start":1576624331970,"request_end":1576624342345,"request_duration":10375,"type":"2560"}
{"start":1576624338981,"end":1576624342324,"duration":3343,"downloading_duration":1071,"execution_duration":1696,"uploading_duration":576,"executable":"ellipsoids-openmp","args":["3.dat","318.log","318.xoutput"],"id":159,"resource":"2560","request_start":1576624331966,"request_end":1576624342347,"request_duration":10381,"type":"2560"}
{"start":1576624339096,"end":1576624342333,"duration":3237,"downloading_duration":967,"execution_duration":1697,"uploading_duration":573,"executable":"ellipsoids-openmp","args":["3.dat","336.log","336.xoutput"],"id":177,"resource":"2560","request_start":1576624331975,"request_end":1576624342357,"request_duration":10382,"type":"2560"}
{"start":1576624339050,"end":1576624342335,"duration":3285,"downloading_duration":993,"execution_duration":1694,"uploading_duration":598,"executable":"ellipsoids-openmp","args":["3.dat","328.log","328.xoutput"],"id":169,"resource":"2560","request_start":1576624331971,"request_end":1576624342363,"request_duration":10392,"type":"2560"}
{"start":1576624339035,"end":1576624342329,"duration":3294,"downloading_duration":1008,"execution_duration":1695,"uploading_duration":591,"executable":"ellipsoids-openmp","args":["3.dat","325.log","325.xoutput"],"id":166,"resource":"2560","request_start":1576624331969,"request_end":1576624342367,"request_duration":10398,"type":"2560"}
{"start":1576624339081,"end":1576624342359,"duration":3278,"downloading_duration":993,"execution_duration":1681,"uploading_duration":604,"executable":"ellipsoids-openmp","args":["3.dat","331.log","331.xoutput"],"id":172,"resource":"2560","request_start":1576624331972,"request_end":1576624342380,"request_duration":10408,"type":"2560"}
{"start":1576624339079,"end":1576624342361,"duration":3282,"downloading_duration":1004,"execution_duration":1698,"uploading_duration":580,"executable":"ellipsoids-openmp","args":["3.dat","330.log","330.xoutput"],"id":171,"resource":"2560","request_start":1576624331972,"request_end":1576624342385,"request_duration":10413,"type":"2560"}
{"start":1576624339010,"end":1576624342367,"duration":3357,"downloading_duration":1037,"execution_duration":1748,"uploading_duration":572,"executable":"ellipsoids-openmp","args":["3.dat","322.log","322.xoutput"],"id":163,"resource":"2560","request_start":1576624331968,"request_end":1576624342389,"request_duration":10421,"type":"2560"}
{"start":1576624339028,"end":1576624342367,"duration":3339,"downloading_duration":1079,"execution_duration":1698,"uploading_duration":562,"executable":"ellipsoids-openmp","args":["3.dat","324.log","324.xoutput"],"id":165,"resource":"2560","request_start":1576624331969,"request_end":1576624342390,"request_duration":10421,"type":"2560"}
{"start":1576624339158,"end":1576624342378,"duration":3220,"downloading_duration":1003,"execution_duration":1660,"uploading_duration":557,"executable":"ellipsoids-openmp","args":["3.dat","343.log","343.xoutput"],"id":184,"resource":"2560","request_start":1576624331979,"request_end":1576624342402,"request_duration":10423,"type":"2560"}
{"start":1576624339129,"end":1576624342394,"duration":3265,"downloading_duration":984,"execution_duration":1663,"uploading_duration":618,"executable":"ellipsoids-openmp","args":["3.dat","341.log","341.xoutput"],"id":182,"resource":"2560","request_start":1576624331978,"request_end":1576624342414,"request_duration":10436,"type":"2560"}
{"start":1576624338997,"end":1576624342407,"duration":3410,"downloading_duration":1043,"execution_duration":1714,"uploading_duration":653,"executable":"ellipsoids-openmp","args":["3.dat","320.log","320.xoutput"],"id":161,"resource":"2560","request_start":1576624331967,"request_end":1576624342428,"request_duration":10461,"type":"2560"}
{"start":1576624339088,"end":1576624342423,"duration":3335,"downloading_duration":990,"execution_duration":1733,"uploading_duration":612,"executable":"ellipsoids-openmp","args":["3.dat","334.log","334.xoutput"],"id":175,"resource":"2560","request_start":1576624331974,"request_end":1576624342442,"request_duration":10468,"type":"2560"}
{"start":1576624338970,"end":1576624342424,"duration":3454,"downloading_duration":1156,"execution_duration":1675,"uploading_duration":623,"executable":"ellipsoids-openmp","args":["3.dat","316.log","316.xoutput"],"id":157,"resource":"2560","request_start":1576624331965,"request_end":1576624342444,"request_duration":10479,"type":"2560"}
{"start":1576624339013,"end":1576624342425,"duration":3412,"downloading_duration":989,"execution_duration":1736,"uploading_duration":687,"executable":"ellipsoids-openmp","args":["3.dat","323.log","323.xoutput"],"id":164,"resource":"2560","request_start":1576624331968,"request_end":1576624342449,"request_duration":10481,"type":"2560"}
{"start":1576624339108,"end":1576624342427,"duration":3319,"downloading_duration":970,"execution_duration":1765,"uploading_duration":584,"executable":"ellipsoids-openmp","args":["3.dat","339.log","339.xoutput"],"id":180,"resource":"2560","request_start":1576624331977,"request_end":1576624342453,"request_duration":10476,"type":"2560"}
{"start":1576624339080,"end":1576624342462,"duration":3382,"downloading_duration":1072,"execution_duration":1698,"uploading_duration":612,"executable":"ellipsoids-openmp","args":["3.dat","329.log","329.xoutput"],"id":170,"resource":"2560","request_start":1576624331971,"request_end":1576624342481,"request_duration":10510,"type":"2560"}
{"start":1576624339089,"end":1576624342491,"duration":3402,"downloading_duration":1086,"execution_duration":1739,"uploading_duration":577,"executable":"ellipsoids-openmp","args":["3.dat","335.log","335.xoutput"],"id":176,"resource":"2560","request_start":1576624331975,"request_end":1576624342510,"request_duration":10535,"type":"2560"}
{"start":1576624339109,"end":1576624342492,"duration":3383,"downloading_duration":1077,"execution_duration":1682,"uploading_duration":624,"executable":"ellipsoids-openmp","args":["3.dat","338.log","338.xoutput"],"id":179,"resource":"2560","request_start":1576624331976,"request_end":1576624342513,"request_duration":10537,"type":"2560"}
{"start":1576624339153,"end":1576624342525,"duration":3372,"downloading_duration":1101,"execution_duration":1671,"uploading_duration":600,"executable":"ellipsoids-openmp","args":["3.dat","344.log","344.xoutput"],"id":185,"resource":"2560","request_start":1576624331979,"request_end":1576624342545,"request_duration":10566,"type":"2560"}
{"start":1576624339101,"end":1576624342526,"duration":3425,"downloading_duration":1078,"execution_duration":1787,"uploading_duration":560,"executable":"ellipsoids-openmp","args":["3.dat","337.log","337.xoutput"],"id":178,"resource":"2560","request_start":1576624331976,"request_end":1576624342548,"request_duration":10572,"type":"2560"}
{"start":1576624339169,"end":1576624342574,"duration":3405,"downloading_duration":1022,"execution_duration":1830,"uploading_duration":553,"executable":"ellipsoids-openmp","args":["2.dat","26.log","26.xoutput"],"id":102,"resource":"2560","request_start":1576624331986,"request_end":1576624342592,"request_duration":10606,"type":"2560"}
{"start":1576624339148,"end":1576624342577,"duration":3429,"downloading_duration":1159,"execution_duration":1683,"uploading_duration":587,"executable":"ellipsoids-openmp","args":["3.dat","342.log","342.xoutput"],"id":183,"resource":"2560","request_start":1576624331978,"request_end":1576624342597,"request_duration":10619,"type":"2560"}
{"start":1576624339230,"end":1576624342585,"duration":3355,"downloading_duration":983,"execution_duration":1808,"uploading_duration":564,"executable":"ellipsoids-openmp","args":["2.dat","212.log","212.xoutput"],"id":108,"resource":"2560","request_start":1576624331990,"request_end":1576624342605,"request_duration":10615,"type":"2560"}
{"start":1576624339111,"end":1576624342590,"duration":3479,"downloading_duration":1075,"execution_duration":1728,"uploading_duration":676,"executable":"ellipsoids-openmp","args":["3.dat","340.log","340.xoutput"],"id":181,"resource":"2560","request_start":1576624331977,"request_end":1576624342612,"request_duration":10635,"type":"2560"}
{"start":1576624339164,"end":1576624342624,"duration":3460,"downloading_duration":1117,"execution_duration":1786,"uploading_duration":557,"executable":"ellipsoids-openmp","args":["2.dat","27.log","27.xoutput"],"id":103,"resource":"2560","request_start":1576624331986,"request_end":1576624342799,"request_duration":10813,"type":"2560"}
{"start":1576624339173,"end":1576624342631,"duration":3458,"downloading_duration":1029,"execution_duration":1845,"uploading_duration":584,"executable":"ellipsoids-openmp","args":["2.dat","28.log","28.xoutput"],"id":104,"resource":"2560","request_start":1576624331988,"request_end":1576624342801,"request_duration":10813,"type":"2560"}
{"start":1576624339154,"end":1576624342645,"duration":3491,"downloading_duration":1061,"execution_duration":1817,"uploading_duration":613,"executable":"ellipsoids-openmp","args":["2.dat","24.log","24.xoutput"],"id":100,"resource":"2560","request_start":1576624331985,"request_end":1576624342804,"request_duration":10819,"type":"2560"}
{"start":1576624339195,"end":1576624342679,"duration":3484,"downloading_duration":1047,"execution_duration":1828,"uploading_duration":609,"executable":"ellipsoids-openmp","args":["2.dat","210.log","210.xoutput"],"id":106,"resource":"2560","request_start":1576624331989,"request_end":1576624342807,"request_duration":10818,"type":"2560"}
{"start":1576624339278,"end":1576624342687,"duration":3409,"downloading_duration":1035,"execution_duration":1800,"uploading_duration":574,"executable":"ellipsoids-openmp","args":["2.dat","213.log","213.xoutput"],"id":109,"resource":"2560","request_start":1576624331991,"request_end":1576624342810,"request_duration":10819,"type":"2560"}
{"start":1576624339222,"end":1576624342709,"duration":3487,"downloading_duration":1035,"execution_duration":1832,"uploading_duration":620,"executable":"ellipsoids-openmp","args":["2.dat","211.log","211.xoutput"],"id":107,"resource":"2560","request_start":1576624331990,"request_end":1576624342812,"request_duration":10822,"type":"2560"}
{"start":1576624339162,"end":1576624342747,"duration":3585,"downloading_duration":1151,"execution_duration":1869,"uploading_duration":565,"executable":"ellipsoids-openmp","args":["2.dat","25.log","25.xoutput"],"id":101,"resource":"2560","request_start":1576624331985,"request_end":1576624342837,"request_duration":10852,"type":"2560"}
{"start":1576624339086,"end":1576624342785,"duration":3699,"downloading_duration":1317,"execution_duration":1723,"uploading_duration":659,"executable":"ellipsoids-openmp","args":["3.dat","332.log","332.xoutput"],"id":173,"resource":"2560","request_start":1576624331973,"request_end":1576624342839,"request_duration":10866,"type":"2560"}
{"start":1576624339425,"end":1576624342856,"duration":3431,"downloading_duration":1030,"execution_duration":1812,"uploading_duration":589,"executable":"ellipsoids-openmp","args":["2.dat","214.log","214.xoutput"],"id":110,"resource":"2560","request_start":1576624331991,"request_end":1576624342876,"request_duration":10885,"type":"2560"}
{"start":1576624339179,"end":1576624342923,"duration":3744,"downloading_duration":1080,"execution_duration":1825,"uploading_duration":839,"executable":"ellipsoids-openmp","args":["2.dat","29.log","29.xoutput"],"id":105,"resource":"2560","request_start":1576624331989,"request_end":1576624342942,"request_duration":10953,"type":"2560"}
{"start":1576624339490,"end":1576624343049,"duration":3559,"downloading_duration":1171,"execution_duration":1803,"uploading_duration":585,"executable":"ellipsoids-openmp","args":["2.dat","215.log","215.xoutput"],"id":111,"resource":"2560","request_start":1576624331992,"request_end":1576624343067,"request_duration":11075,"type":"2560"}
{"start":1576624339924,"end":1576624343380,"duration":3456,"downloading_duration":992,"execution_duration":1837,"uploading_duration":627,"executable":"ellipsoids-openmp","args":["2.dat","216.log","216.xoutput"],"id":112,"resource":"2560","request_start":1576624331992,"request_end":1576624343403,"request_duration":11411,"type":"2560"}
{"start":1576624342579,"end":1576624344014,"duration":1435,"downloading_duration":1044,"execution_duration":3,"uploading_duration":388,"executable":"mean-pack-ell","args":["10.xoutput","11.xoutput","12.xoutput","13.xoutput","14.xoutput","15.xoutput","16.xoutput","17.xoutput","18.xoutput","19.xoutput","110.xoutput","111.xoutput","112.xoutput","113.xoutput","114.xoutput","115.xoutput","116.xoutput","117.xoutput","118.xoutput","119.xoutput","120.xoutput","121.xoutput","122.xoutput","123.xoutput","124.xoutput","125.xoutput","126.xoutput","127.xoutput","128.xoutput","129.xoutput","130.xoutput","131.xoutput","132.xoutput","133.xoutput","134.xoutput","135.xoutput","136.xoutput","137.xoutput","138.xoutput","139.xoutput","140.xoutput","141.xoutput","142.xoutput","143.xoutput","144.xoutput","average_1.txt"],"id":187,"resource":"2560","request_start":1576624339922,"request_end":1576624344035,"request_duration":4113,"type":"2560"}
{"start":1576624342973,"end":1576624344475,"duration":1502,"downloading_duration":1122,"execution_duration":3,"uploading_duration":377,"executable":"mean-pack-ell","args":["30.xoutput","31.xoutput","32.xoutput","33.xoutput","34.xoutput","35.xoutput","36.xoutput","37.xoutput","38.xoutput","39.xoutput","310.xoutput","311.xoutput","312.xoutput","313.xoutput","314.xoutput","315.xoutput","316.xoutput","317.xoutput","318.xoutput","319.xoutput","320.xoutput","321.xoutput","322.xoutput","323.xoutput","324.xoutput","325.xoutput","326.xoutput","327.xoutput","328.xoutput","329.xoutput","330.xoutput","331.xoutput","332.xoutput","333.xoutput","334.xoutput","335.xoutput","336.xoutput","337.xoutput","338.xoutput","339.xoutput","340.xoutput","341.xoutput","342.xoutput","343.xoutput","344.xoutput","average_3.txt"],"id":189,"resource":"2560","request_start":1576624342858,"request_end":1576624344495,"request_duration":1637,"type":"2560"}
{"start":1576624332207,"end":1576624345374,"duration":13167,"downloading_duration":10752,"execution_duration":1807,"uploading_duration":608,"executable":"ellipsoids-openmp","args":["0.dat","035.log","035.xoutput"],"id":41,"resource":"2560","request_start":1576624331769,"request_end":1576624345396,"request_duration":13627,"type":"2560"}
{"start":1576624342402,"end":1576624345685,"duration":3283,"downloading_duration":985,"execution_duration":1738,"uploading_duration":560,"executable":"ellipsoids-openmp","args":["2.dat","232.log","232.xoutput"],"id":128,"resource":"2560","request_start":1576624332001,"request_end":1576624345706,"request_duration":13705,"type":"2560"}
{"start":1576624342252,"end":1576624345697,"duration":3445,"downloading_duration":1000,"execution_duration":1778,"uploading_duration":667,"executable":"ellipsoids-openmp","args":["2.dat","217.log","217.xoutput"],"id":113,"resource":"2560","request_start":1576624331993,"request_end":1576624345716,"request_duration":13723,"type":"2560"}
{"start":1576624342298,"end":1576624345720,"duration":3422,"downloading_duration":1032,"execution_duration":1816,"uploading_duration":574,"executable":"ellipsoids-openmp","args":["2.dat","220.log","220.xoutput"],"id":116,"resource":"2560","request_start":1576624331994,"request_end":1576624345742,"request_duration":13748,"type":"2560"}
{"start":1576624342274,"end":1576624345739,"duration":3465,"downloading_duration":1079,"execution_duration":1762,"uploading_duration":624,"executable":"ellipsoids-openmp","args":["2.dat","218.log","218.xoutput"],"id":114,"resource":"2560","request_start":1576624331993,"request_end":1576624345769,"request_duration":13776,"type":"2560"}
{"start":1576624342397,"end":1576624345755,"duration":3358,"downloading_duration":995,"execution_duration":1801,"uploading_duration":562,"executable":"ellipsoids-openmp","args":["2.dat","231.log","231.xoutput"],"id":127,"resource":"2560","request_start":1576624332000,"request_end":1576624345778,"request_duration":13778,"type":"2560"}
{"start":1576624342369,"end":1576624345762,"duration":3393,"downloading_duration":992,"execution_duration":1815,"uploading_duration":586,"executable":"ellipsoids-openmp","args":["2.dat","229.log","229.xoutput"],"id":125,"resource":"2560","request_start":1576624331999,"request_end":1576624345782,"request_duration":13783,"type":"2560"}
{"start":1576624342429,"end":1576624345770,"duration":3341,"downloading_duration":987,"execution_duration":1765,"uploading_duration":589,"executable":"ellipsoids-openmp","args":["2.dat","238.log","238.xoutput"],"id":134,"resource":"2560","request_start":1576624332005,"request_end":1576624345792,"request_duration":13787,"type":"2560"}
{"start":1576624342313,"end":1576624345771,"duration":3458,"downloading_duration":1066,"execution_duration":1810,"uploading_duration":582,"executable":"ellipsoids-openmp","args":["2.dat","223.log","223.xoutput"],"id":119,"resource":"2560","request_start":1576624331996,"request_end":1576624345795,"request_duration":13799,"type":"2560"}
{"start":1576624342358,"end":1576624345775,"duration":3417,"downloading_duration":1080,"execution_duration":1736,"uploading_duration":601,"executable":"ellipsoids-openmp","args":["2.dat","227.log","227.xoutput"],"id":123,"resource":"2560","request_start":1576624331998,"request_end":1576624345797,"request_duration":13799,"type":"2560"}
{"start":1576624342441,"end":1576624345780,"duration":3339,"downloading_duration":1009,"execution_duration":1745,"uploading_duration":585,"executable":"ellipsoids-openmp","args":["2.dat","239.log","239.xoutput"],"id":135,"resource":"2560","request_start":1576624332006,"request_end":1576624345809,"request_duration":13803,"type":"2560"}
{"start":1576624342484,"end":1576624345786,"duration":3302,"downloading_duration":990,"execution_duration":1751,"uploading_duration":561,"executable":"ellipsoids-openmp","args":["2.dat","244.log","244.xoutput"],"id":140,"resource":"2560","request_start":1576624332009,"request_end":1576624345813,"request_duration":13804,"type":"2560"}
{"start":1576624342361,"end":1576624345789,"duration":3428,"downloading_duration":1030,"execution_duration":1839,"uploading_duration":559,"executable":"ellipsoids-openmp","args":["2.dat","228.log","228.xoutput"],"id":124,"resource":"2560","request_start":1576624331999,"request_end":1576624345815,"request_duration":13816,"type":"2560"}
{"start":1576624342289,"end":1576624345800,"duration":3511,"downloading_duration":1127,"execution_duration":1784,"uploading_duration":600,"executable":"ellipsoids-openmp","args":["2.dat","219.log","219.xoutput"],"id":115,"resource":"2560","request_start":1576624331994,"request_end":1576624345824,"request_duration":13830,"type":"2560"}
{"start":1576624342354,"end":1576624345815,"duration":3461,"downloading_duration":1028,"execution_duration":1819,"uploading_duration":614,"executable":"ellipsoids-openmp","args":["2.dat","226.log","226.xoutput"],"id":122,"resource":"2560","request_start":1576624331998,"request_end":1576624345835,"request_duration":13837,"type":"2560"}
{"start":1576624342455,"end":1576624345817,"duration":3362,"downloading_duration":999,"execution_duration":1771,"uploading_duration":592,"executable":"ellipsoids-openmp","args":["2.dat","240.log","240.xoutput"],"id":136,"resource":"2560","request_start":1576624332007,"request_end":1576624345843,"request_duration":13836,"type":"2560"}
{"start":1576624342374,"end":1576624345821,"duration":3447,"downloading_duration":1031,"execution_duration":1838,"uploading_duration":578,"executable":"ellipsoids-openmp","args":["2.dat","230.log","230.xoutput"],"id":126,"resource":"2560","request_start":1576624332000,"request_end":1576624345845,"request_duration":13845,"type":"2560"}
{"start":1576624342415,"end":1576624345822,"duration":3407,"downloading_duration":994,"execution_duration":1806,"uploading_duration":607,"executable":"ellipsoids-openmp","args":["2.dat","235.log","235.xoutput"],"id":131,"resource":"2560","request_start":1576624332003,"request_end":1576624345848,"request_duration":13845,"type":"2560"}
{"start":1576624342422,"end":1576624345823,"duration":3401,"downloading_duration":1015,"execution_duration":1800,"uploading_duration":586,"executable":"ellipsoids-openmp","args":["2.dat","237.log","237.xoutput"],"id":133,"resource":"2560","request_start":1576624332005,"request_end":1576624345849,"request_duration":13844,"type":"2560"}
{"start":1576624342300,"end":1576624345835,"duration":3535,"downloading_duration":1074,"execution_duration":1861,"uploading_duration":600,"executable":"ellipsoids-openmp","args":["2.dat","221.log","221.xoutput"],"id":117,"resource":"2560","request_start":1576624331995,"request_end":1576624345857,"request_duration":13862,"type":"2560"}
{"start":1576624342305,"end":1576624345855,"duration":3550,"downloading_duration":1155,"execution_duration":1843,"uploading_duration":552,"executable":"ellipsoids-openmp","args":["2.dat","222.log","222.xoutput"],"id":118,"resource":"2560","request_start":1576624331996,"request_end":1576624345879,"request_duration":13883,"type":"2560"}
{"start":1576624342339,"end":1576624345858,"duration":3519,"downloading_duration":1074,"execution_duration":1886,"uploading_duration":559,"executable":"ellipsoids-openmp","args":["2.dat","224.log","224.xoutput"],"id":120,"resource":"2560","request_start":1576624331997,"request_end":1576624345881,"request_duration":13884,"type":"2560"}
{"start":1576624342416,"end":1576624345862,"duration":3446,"downloading_duration":1052,"execution_duration":1786,"uploading_duration":608,"executable":"ellipsoids-openmp","args":["2.dat","236.log","236.xoutput"],"id":132,"resource":"2560","request_start":1576624332004,"request_end":1576624345890,"request_duration":13886,"type":"2560"}
{"start":1576624342345,"end":1576624345864,"duration":3519,"downloading_duration":1082,"execution_duration":1872,"uploading_duration":565,"executable":"ellipsoids-openmp","args":["2.dat","225.log","225.xoutput"],"id":121,"resource":"2560","request_start":1576624331997,"request_end":1576624345892,"request_duration":13895,"type":"2560"}
{"start":1576624342472,"end":1576624345871,"duration":3399,"downloading_duration":1000,"execution_duration":1767,"uploading_duration":632,"executable":"ellipsoids-openmp","args":["2.dat","242.log","242.xoutput"],"id":138,"resource":"2560","request_start":1576624332009,"request_end":1576624345898,"request_duration":13889,"type":"2560"}
{"start":1576624342535,"end":1576624345887,"duration":3352,"downloading_duration":1031,"execution_duration":1762,"uploading_duration":559,"executable":"ellipsoids-openmp","args":["2.dat","21.log","21.xoutput"],"id":97,"resource":"2560","request_start":1576624332011,"request_end":1576624345920,"request_duration":13909,"type":"2560"}
{"start":1576624342401,"end":1576624345895,"duration":3494,"downloading_duration":1097,"execution_duration":1820,"uploading_duration":577,"executable":"ellipsoids-openmp","args":["2.dat","233.log","233.xoutput"],"id":129,"resource":"2560","request_start":1576624332001,"request_end":1576624345922,"request_duration":13921,"type":"2560"}
{"start":1576624342474,"end":1576624345906,"duration":3432,"downloading_duration":1036,"execution_duration":1778,"uploading_duration":618,"executable":"ellipsoids-openmp","args":["2.dat","243.log","243.xoutput"],"id":139,"resource":"2560","request_start":1576624332009,"request_end":1576624345932,"request_duration":13923,"type":"2560"}
{"start":1576624342510,"end":1576624345948,"duration":3438,"downloading_duration":1038,"execution_duration":1780,"uploading_duration":620,"executable":"ellipsoids-openmp","args":["2.dat","20.log","20.xoutput"],"id":96,"resource":"2560","request_start":1576624332010,"request_end":1576624345967,"request_duration":13957,"type":"2560"}
{"start":1576624342574,"end":1576624345967,"duration":3393,"downloading_duration":987,"execution_duration":1826,"uploading_duration":580,"executable":"ellipsoids-openmp","args":["2.dat","23.log","23.xoutput"],"id":99,"resource":"2560","request_start":1576624332012,"request_end":1576624345987,"request_duration":13975,"type":"2560"}
{"start":1576624342474,"end":1576624345988,"duration":3514,"downloading_duration":1032,"execution_duration":1868,"uploading_duration":614,"executable":"ellipsoids-openmp","args":["2.dat","241.log","241.xoutput"],"id":137,"resource":"2560","request_start":1576624332008,"request_end":1576624346007,"request_duration":13999,"type":"2560"}
{"start":1576624342404,"end":1576624345991,"duration":3587,"downloading_duration":1073,"execution_duration":1878,"uploading_duration":636,"executable":"ellipsoids-openmp","args":["2.dat","234.log","234.xoutput"],"id":130,"resource":"2560","request_start":1576624332002,"request_end":1576624346009,"request_duration":14007,"type":"2560"}
{"start":1576624342540,"end":1576624346095,"duration":3555,"downloading_duration":1172,"execution_duration":1816,"uploading_duration":567,"executable":"ellipsoids-openmp","args":["2.dat","22.log","22.xoutput"],"id":98,"resource":"2560","request_start":1576624332011,"request_end":1576624346115,"request_duration":14104,"type":"2560"}
{"start":1576624345533,"end":1576624346967,"duration":1434,"downloading_duration":1055,"execution_duration":4,"uploading_duration":375,"executable":"mean-pack-ell","args":["00.xoutput","01.xoutput","02.xoutput","03.xoutput","04.xoutput","05.xoutput","06.xoutput","07.xoutput","08.xoutput","09.xoutput","010.xoutput","011.xoutput","012.xoutput","013.xoutput","014.xoutput","015.xoutput","016.xoutput","017.xoutput","018.xoutput","019.xoutput","020.xoutput","021.xoutput","022.xoutput","023.xoutput","024.xoutput","025.xoutput","026.xoutput","027.xoutput","028.xoutput","029.xoutput","030.xoutput","031.xoutput","032.xoutput","033.xoutput","034.xoutput","035.xoutput","036.xoutput","037.xoutput","038.xoutput","039.xoutput","040.xoutput","041.xoutput","042.xoutput","043.xoutput","044.xoutput","average_0.txt"],"id":186,"resource":"2560","request_start":1576624345409,"request_end":1576624346988,"request_duration":1579,"type":"2560"}
{"start":1576624346245,"end":1576624347718,"duration":1473,"downloading_duration":1076,"execution_duration":4,"uploading_duration":393,"executable":"mean-pack-ell","args":["20.xoutput","21.xoutput","22.xoutput","23.xoutput","24.xoutput","25.xoutput","26.xoutput","27.xoutput","28.xoutput","29.xoutput","210.xoutput","211.xoutput","212.xoutput","213.xoutput","214.xoutput","215.xoutput","216.xoutput","217.xoutput","218.xoutput","219.xoutput","220.xoutput","221.xoutput","222.xoutput","223.xoutput","224.xoutput","225.xoutput","226.xoutput","227.xoutput","228.xoutput","229.xoutput","230.xoutput","231.xoutput","232.xoutput","233.xoutput","234.xoutput","235.xoutput","236.xoutput","237.xoutput","238.xoutput","239.xoutput","240.xoutput","241.xoutput","242.xoutput","243.xoutput","244.xoutput","average_2.txt"],"id":188,"resource":"2560","request_start":1576624346129,"request_end":1576624347740,"request_duration":1611,"type":"2560"}
{"start":1576624347854,"end":1576624348786,"duration":932,"downloading_duration":442,"execution_duration":68,"uploading_duration":422,"executable":"summary.js","args":[],"id":190,"resource":"2560","request_start":1576624347747,"request_end":1576624348803,"request_duration":1056,"type":"2560"}
