{"start":1576624349470,"end":1576624350284,"duration":814,"downloading_duration":375,"execution_duration":64,"uploading_duration":375,"executable":"generateData.js","args":[],"id":1,"resource":"2560","request_start":1576624349301,"request_end":1576624350316,"request_duration":1015,"type":"2560"}
{"start":1576624350450,"end":1576624351287,"duration":837,"downloading_duration":376,"execution_duration":62,"uploading_duration":399,"executable":"createDat.js","args":["0.dat"],"id":2,"resource":"2560","request_start":1576624350330,"request_end":1576624351306,"request_duration":976,"type":"2560"}
{"start":1576624350474,"end":1576624351299,"duration":825,"downloading_duration":376,"execution_duration":62,"uploading_duration":387,"executable":"createDat.js","args":["1.dat"],"id":3,"resource":"2560","request_start":1576624350335,"request_end":1576624351330,"request_duration":995,"type":"2560"}
{"start":1576624350468,"end":1576624351303,"duration":835,"downloading_duration":374,"execution_duration":63,"uploading_duration":398,"executable":"createDat.js","args":["2.dat"],"id":4,"resource":"2560","request_start":1576624350339,"request_end":1576624351334,"request_duration":995,"type":"2560"}
{"start":1576624350456,"end":1576624351303,"duration":847,"downloading_duration":377,"execution_duration":62,"uploading_duration":408,"executable":"createDat.js","args":["3.dat"],"id":5,"resource":"2560","request_start":1576624350342,"request_end":1576624351335,"request_duration":993,"type":"2560"}
{"start":1576624351765,"end":1576624355158,"duration":3393,"downloading_duration":1016,"execution_duration":1758,"uploading_duration":619,"executable":"ellipsoids-openmp","args":["0.dat","012.log","012.xoutput"],"id":18,"resource":"2560","request_start":1576624351372,"request_end":1576624355180,"request_duration":3808,"type":"2560"}
{"start":1576624351762,"end":1576624355168,"duration":3406,"downloading_duration":1023,"execution_duration":1805,"uploading_duration":578,"executable":"ellipsoids-openmp","args":["0.dat","04.log","04.xoutput"],"id":10,"resource":"2560","request_start":1576624351364,"request_end":1576624355190,"request_duration":3826,"type":"2560"}
{"start":1576624351760,"end":1576624355178,"duration":3418,"downloading_duration":975,"execution_duration":1834,"uploading_duration":609,"executable":"ellipsoids-openmp","args":["0.dat","011.log","011.xoutput"],"id":17,"resource":"2560","request_start":1576624351371,"request_end":1576624355197,"request_duration":3826,"type":"2560"}
{"start":1576624351765,"end":1576624355184,"duration":3419,"downloading_duration":992,"execution_duration":1833,"uploading_duration":594,"executable":"ellipsoids-openmp","args":["0.dat","010.log","010.xoutput"],"id":16,"resource":"2560","request_start":1576624351370,"request_end":1576624355206,"request_duration":3836,"type":"2560"}
{"start":1576624351760,"end":1576624355201,"duration":3441,"downloading_duration":997,"execution_duration":1816,"uploading_duration":628,"executable":"ellipsoids-openmp","args":["0.dat","08.log","08.xoutput"],"id":14,"resource":"2560","request_start":1576624351369,"request_end":1576624355224,"request_duration":3855,"type":"2560"}
{"start":1576624351762,"end":1576624355205,"duration":3443,"downloading_duration":1000,"execution_duration":1839,"uploading_duration":604,"executable":"ellipsoids-openmp","args":["0.dat","05.log","05.xoutput"],"id":11,"resource":"2560","request_start":1576624351365,"request_end":1576624355235,"request_duration":3870,"type":"2560"}
{"start":1576624351766,"end":1576624355238,"duration":3472,"downloading_duration":1076,"execution_duration":1812,"uploading_duration":584,"executable":"ellipsoids-openmp","args":["0.dat","09.log","09.xoutput"],"id":15,"resource":"2560","request_start":1576624351370,"request_end":1576624355259,"request_duration":3889,"type":"2560"}
{"start":1576624351959,"end":1576624355243,"duration":3284,"downloading_duration":987,"execution_duration":1747,"uploading_duration":550,"executable":"ellipsoids-openmp","args":["0.dat","030.log","030.xoutput"],"id":36,"resource":"2560","request_start":1576624351392,"request_end":1576624355264,"request_duration":3872,"type":"2560"}
{"start":1576624351767,"end":1576624355244,"duration":3477,"downloading_duration":1094,"execution_duration":1806,"uploading_duration":577,"executable":"ellipsoids-openmp","args":["0.dat","015.log","015.xoutput"],"id":21,"resource":"2560","request_start":1576624351375,"request_end":1576624355268,"request_duration":3893,"type":"2560"}
{"start":1576624352025,"end":1576624355275,"duration":3250,"downloading_duration":1074,"execution_duration":1575,"uploading_duration":601,"executable":"ellipsoids-openmp","args":["1.dat","12.log","12.xoutput"],"id":53,"resource":"2560","request_start":1576624351497,"request_end":1576624355302,"request_duration":3805,"type":"2560"}
{"start":1576624351956,"end":1576624355298,"duration":3342,"downloading_duration":989,"execution_duration":1756,"uploading_duration":597,"executable":"ellipsoids-openmp","args":["0.dat","028.log","028.xoutput"],"id":34,"resource":"2560","request_start":1576624351390,"request_end":1576624355331,"request_duration":3941,"type":"2560"}
{"start":1576624352049,"end":1576624355302,"duration":3253,"downloading_duration":994,"execution_duration":1654,"uploading_duration":605,"executable":"ellipsoids-openmp","args":["1.dat","13.log","13.xoutput"],"id":54,"resource":"2560","request_start":1576624351497,"request_end":1576624355333,"request_duration":3836,"type":"2560"}
{"start":1576624351762,"end":1576624355311,"duration":3549,"downloading_duration":991,"execution_duration":1891,"uploading_duration":667,"executable":"ellipsoids-openmp","args":["0.dat","013.log","013.xoutput"],"id":19,"resource":"2560","request_start":1576624351373,"request_end":1576624355336,"request_duration":3963,"type":"2560"}
{"start":1576624351949,"end":1576624355311,"duration":3362,"downloading_duration":1002,"execution_duration":1763,"uploading_duration":597,"executable":"ellipsoids-openmp","args":["0.dat","018.log","018.xoutput"],"id":24,"resource":"2560","request_start":1576624351381,"request_end":1576624355339,"request_duration":3958,"type":"2560"}
{"start":1576624351762,"end":1576624355288,"duration":3526,"downloading_duration":1064,"execution_duration":1889,"uploading_duration":573,"executable":"ellipsoids-openmp","args":["0.dat","06.log","06.xoutput"],"id":12,"resource":"2560","request_start":1576624351366,"request_end":1576624355346,"request_duration":3980,"type":"2560"}
{"start":1576624352051,"end":1576624355316,"duration":3265,"downloading_duration":1007,"execution_duration":1687,"uploading_duration":571,"executable":"ellipsoids-openmp","args":["1.dat","14.log","14.xoutput"],"id":55,"resource":"2560","request_start":1576624351498,"request_end":1576624355351,"request_duration":3853,"type":"2560"}
{"start":1576624351761,"end":1576624355326,"duration":3565,"downloading_duration":986,"execution_duration":1805,"uploading_duration":774,"executable":"ellipsoids-openmp","args":["0.dat","07.log","07.xoutput"],"id":13,"resource":"2560","request_start":1576624351367,"request_end":1576624355355,"request_duration":3988,"type":"2560"}
{"start":1576624351946,"end":1576624355327,"duration":3381,"downloading_duration":982,"execution_duration":1839,"uploading_duration":560,"executable":"ellipsoids-openmp","args":["0.dat","023.log","023.xoutput"],"id":29,"resource":"2560","request_start":1576624351385,"request_end":1576624355357,"request_duration":3972,"type":"2560"}
{"start":1576624351955,"end":1576624355337,"duration":3382,"downloading_duration":1005,"execution_duration":1765,"uploading_duration":612,"executable":"ellipsoids-openmp","args":["0.dat","026.log","026.xoutput"],"id":32,"resource":"2560","request_start":1576624351388,"request_end":1576624355368,"request_duration":3980,"type":"2560"}
{"start":1576624351946,"end":1576624355341,"duration":3395,"downloading_duration":992,"execution_duration":1813,"uploading_duration":590,"executable":"ellipsoids-openmp","args":["0.dat","022.log","022.xoutput"],"id":28,"resource":"2560","request_start":1576624351384,"request_end":1576624355370,"request_duration":3986,"type":"2560"}
{"start":1576624351946,"end":1576624355346,"duration":3400,"downloading_duration":998,"execution_duration":1764,"uploading_duration":638,"executable":"ellipsoids-openmp","args":["0.dat","019.log","019.xoutput"],"id":25,"resource":"2560","request_start":1576624351382,"request_end":1576624355371,"request_duration":3989,"type":"2560"}
{"start":1576624352045,"end":1576624355377,"duration":3332,"downloading_duration":1075,"execution_duration":1655,"uploading_duration":602,"executable":"ellipsoids-openmp","args":["1.dat","10.log","10.xoutput"],"id":51,"resource":"2560","request_start":1576624351495,"request_end":1576624355397,"request_duration":3902,"type":"2560"}
{"start":1576624351956,"end":1576624355379,"duration":3423,"downloading_duration":1004,"execution_duration":1786,"uploading_duration":633,"executable":"ellipsoids-openmp","args":["0.dat","025.log","025.xoutput"],"id":31,"resource":"2560","request_start":1576624351387,"request_end":1576624355402,"request_duration":4015,"type":"2560"}
{"start":1576624351925,"end":1576624355380,"duration":3455,"downloading_duration":1036,"execution_duration":1853,"uploading_duration":566,"executable":"ellipsoids-openmp","args":["0.dat","017.log","017.xoutput"],"id":23,"resource":"2560","request_start":1576624351380,"request_end":1576624355403,"request_duration":4023,"type":"2560"}
{"start":1576624351991,"end":1576624355382,"duration":3391,"downloading_duration":998,"execution_duration":1822,"uploading_duration":571,"executable":"ellipsoids-openmp","args":["0.dat","035.log","035.xoutput"],"id":41,"resource":"2560","request_start":1576624351396,"request_end":1576624355404,"request_duration":4008,"type":"2560"}
{"start":1576624351958,"end":1576624355387,"duration":3429,"downloading_duration":1012,"execution_duration":1815,"uploading_duration":602,"executable":"ellipsoids-openmp","args":["0.dat","032.log","032.xoutput"],"id":38,"resource":"2560","request_start":1576624351394,"request_end":1576624355433,"request_duration":4039,"type":"2560"}
{"start":1576624352021,"end":1576624355399,"duration":3378,"downloading_duration":1029,"execution_duration":1759,"uploading_duration":590,"executable":"ellipsoids-openmp","args":["0.dat","03.log","03.xoutput"],"id":9,"resource":"2560","request_start":1576624351409,"request_end":1576624355434,"request_duration":4025,"type":"2560"}
{"start":1576624352007,"end":1576624355402,"duration":3395,"downloading_duration":992,"execution_duration":1765,"uploading_duration":638,"executable":"ellipsoids-openmp","args":["0.dat","042.log","042.xoutput"],"id":48,"resource":"2560","request_start":1576624351404,"request_end":1576624355435,"request_duration":4031,"type":"2560"}
{"start":1576624351937,"end":1576624355402,"duration":3465,"downloading_duration":1068,"execution_duration":1843,"uploading_duration":554,"executable":"ellipsoids-openmp","args":["0.dat","016.log","016.xoutput"],"id":22,"resource":"2560","request_start":1576624351376,"request_end":1576624355436,"request_duration":4060,"type":"2560"}
{"start":1576624351991,"end":1576624355411,"duration":3420,"downloading_duration":1015,"execution_duration":1832,"uploading_duration":573,"executable":"ellipsoids-openmp","args":["0.dat","036.log","036.xoutput"],"id":42,"resource":"2560","request_start":1576624351397,"request_end":1576624355447,"request_duration":4050,"type":"2560"}
{"start":1576624351951,"end":1576624355418,"duration":3467,"downloading_duration":1033,"execution_duration":1853,"uploading_duration":581,"executable":"ellipsoids-openmp","args":["0.dat","027.log","027.xoutput"],"id":33,"resource":"2560","request_start":1576624351389,"request_end":1576624355451,"request_duration":4062,"type":"2560"}
{"start":1576624351961,"end":1576624355418,"duration":3457,"downloading_duration":1011,"execution_duration":1811,"uploading_duration":635,"executable":"ellipsoids-openmp","args":["0.dat","033.log","033.xoutput"],"id":39,"resource":"2560","request_start":1576624351394,"request_end":1576624355453,"request_duration":4059,"type":"2560"}
{"start":1576624351947,"end":1576624355419,"duration":3472,"downloading_duration":1086,"execution_duration":1795,"uploading_duration":591,"executable":"ellipsoids-openmp","args":["0.dat","020.log","020.xoutput"],"id":26,"resource":"2560","request_start":1576624351382,"request_end":1576624355454,"request_duration":4072,"type":"2560"}
{"start":1576624351952,"end":1576624355422,"duration":3470,"downloading_duration":1023,"execution_duration":1828,"uploading_duration":619,"executable":"ellipsoids-openmp","args":["0.dat","021.log","021.xoutput"],"id":27,"resource":"2560","request_start":1576624351383,"request_end":1576624355460,"request_duration":4077,"type":"2560"}
{"start":1576624351943,"end":1576624355438,"duration":3495,"downloading_duration":1066,"execution_duration":1868,"uploading_duration":561,"executable":"ellipsoids-openmp","args":["0.dat","014.log","014.xoutput"],"id":20,"resource":"2560","request_start":1576624351374,"request_end":1576624355472,"request_duration":4098,"type":"2560"}
{"start":1576624352001,"end":1576624355460,"duration":3459,"downloading_duration":1066,"execution_duration":1797,"uploading_duration":596,"executable":"ellipsoids-openmp","args":["0.dat","039.log","039.xoutput"],"id":45,"resource":"2560","request_start":1576624351401,"request_end":1576624355494,"request_duration":4093,"type":"2560"}
{"start":1576624352004,"end":1576624355493,"duration":3489,"downloading_duration":1079,"execution_duration":1844,"uploading_duration":566,"executable":"ellipsoids-openmp","args":["0.dat","038.log","038.xoutput"],"id":44,"resource":"2560","request_start":1576624351399,"request_end":1576624355575,"request_duration":4176,"type":"2560"}
{"start":1576624351972,"end":1576624355497,"duration":3525,"downloading_duration":1076,"execution_duration":1888,"uploading_duration":561,"executable":"ellipsoids-openmp","args":["0.dat","031.log","031.xoutput"],"id":37,"resource":"2560","request_start":1576624351393,"request_end":1576624355577,"request_duration":4184,"type":"2560"}
{"start":1576624352014,"end":1576624355499,"duration":3485,"downloading_duration":994,"execution_duration":1878,"uploading_duration":613,"executable":"ellipsoids-openmp","args":["0.dat","01.log","01.xoutput"],"id":7,"resource":"2560","request_start":1576624351407,"request_end":1576624355579,"request_duration":4172,"type":"2560"}
{"start":1576624352044,"end":1576624355500,"duration":3456,"downloading_duration":1167,"execution_duration":1686,"uploading_duration":603,"executable":"ellipsoids-openmp","args":["1.dat","11.log","11.xoutput"],"id":52,"resource":"2560","request_start":1576624351496,"request_end":1576624355581,"request_duration":4085,"type":"2560"}
{"start":1576624351957,"end":1576624355519,"duration":3562,"downloading_duration":1084,"execution_duration":1877,"uploading_duration":601,"executable":"ellipsoids-openmp","args":["0.dat","029.log","029.xoutput"],"id":35,"resource":"2560","request_start":1576624351391,"request_end":1576624355585,"request_duration":4194,"type":"2560"}
{"start":1576624352025,"end":1576624355519,"duration":3494,"downloading_duration":1104,"execution_duration":1829,"uploading_duration":561,"executable":"ellipsoids-openmp","args":["0.dat","02.log","02.xoutput"],"id":8,"resource":"2560","request_start":1576624351408,"request_end":1576624355588,"request_duration":4180,"type":"2560"}
{"start":1576624351999,"end":1576624355523,"duration":3524,"downloading_duration":1077,"execution_duration":1886,"uploading_duration":561,"executable":"ellipsoids-openmp","args":["0.dat","041.log","041.xoutput"],"id":47,"resource":"2560","request_start":1576624351403,"request_end":1576624355589,"request_duration":4186,"type":"2560"}
{"start":1576624351997,"end":1576624355534,"duration":3537,"downloading_duration":1084,"execution_duration":1822,"uploading_duration":631,"executable":"ellipsoids-openmp","args":["0.dat","040.log","040.xoutput"],"id":46,"resource":"2560","request_start":1576624351402,"request_end":1576624355591,"request_duration":4189,"type":"2560"}
{"start":1576624351973,"end":1576624355552,"duration":3579,"downloading_duration":1125,"execution_duration":1864,"uploading_duration":590,"executable":"ellipsoids-openmp","args":["0.dat","034.log","034.xoutput"],"id":40,"resource":"2560","request_start":1576624351395,"request_end":1576624355600,"request_duration":4205,"type":"2560"}
{"start":1576624351947,"end":1576624355576,"duration":3629,"downloading_duration":1167,"execution_duration":1879,"uploading_duration":583,"executable":"ellipsoids-openmp","args":["0.dat","024.log","024.xoutput"],"id":30,"resource":"2560","request_start":1576624351386,"request_end":1576624355602,"request_duration":4216,"type":"2560"}
{"start":1576624352015,"end":1576624355593,"duration":3578,"downloading_duration":1074,"execution_duration":1908,"uploading_duration":596,"executable":"ellipsoids-openmp","args":["0.dat","00.log","00.xoutput"],"id":6,"resource":"2560","request_start":1576624351406,"request_end":1576624355612,"request_duration":4206,"type":"2560"}
{"start":1576624351994,"end":1576624355600,"duration":3606,"downloading_duration":1109,"execution_duration":1881,"uploading_duration":616,"executable":"ellipsoids-openmp","args":["0.dat","037.log","037.xoutput"],"id":43,"resource":"2560","request_start":1576624351398,"request_end":1576624355619,"request_duration":4221,"type":"2560"}
{"start":1576624352011,"end":1576624355637,"duration":3626,"downloading_duration":1155,"execution_duration":1876,"uploading_duration":595,"executable":"ellipsoids-openmp","args":["0.dat","044.log","044.xoutput"],"id":50,"resource":"2560","request_start":1576624351405,"request_end":1576624355658,"request_duration":4253,"type":"2560"}
{"start":1576624352015,"end":1576624355726,"duration":3711,"downloading_duration":1091,"execution_duration":1913,"uploading_duration":707,"executable":"ellipsoids-openmp","args":["0.dat","043.log","043.xoutput"],"id":49,"resource":"2560","request_start":1576624351404,"request_end":1576624355745,"request_duration":4341,"type":"2560"}
{"start":1576624355235,"end":1576624358462,"duration":3227,"downloading_duration":980,"execution_duration":1682,"uploading_duration":565,"executable":"ellipsoids-openmp","args":["1.dat","18.log","18.xoutput"],"id":59,"resource":"2560","request_start":1576624351501,"request_end":1576624358483,"request_duration":6982,"type":"2560"}
{"start":1576624355226,"end":1576624358494,"duration":3268,"downloading_duration":982,"execution_duration":1692,"uploading_duration":594,"executable":"ellipsoids-openmp","args":["1.dat","17.log","17.xoutput"],"id":58,"resource":"2560","request_start":1576624351500,"request_end":1576624358517,"request_duration":7017,"type":"2560"}
{"start":1576624355264,"end":1576624358545,"duration":3281,"downloading_duration":1010,"execution_duration":1711,"uploading_duration":560,"executable":"ellipsoids-openmp","args":["1.dat","110.log","110.xoutput"],"id":61,"resource":"2560","request_start":1576624351502,"request_end":1576624358565,"request_duration":7063,"type":"2560"}
{"start":1576624355296,"end":1576624358568,"duration":3272,"downloading_duration":977,"execution_duration":1734,"uploading_duration":561,"executable":"ellipsoids-openmp","args":["1.dat","112.log","112.xoutput"],"id":63,"resource":"2560","request_start":1576624351503,"request_end":1576624358587,"request_duration":7084,"type":"2560"}
{"start":1576624355253,"end":1576624358569,"duration":3316,"downloading_duration":990,"execution_duration":1709,"uploading_duration":617,"executable":"ellipsoids-openmp","args":["1.dat","19.log","19.xoutput"],"id":60,"resource":"2560","request_start":1576624351501,"request_end":1576624358593,"request_duration":7092,"type":"2560"}
{"start":1576624355216,"end":1576624358574,"duration":3358,"downloading_duration":1036,"execution_duration":1699,"uploading_duration":623,"executable":"ellipsoids-openmp","args":["1.dat","15.log","15.xoutput"],"id":56,"resource":"2560","request_start":1576624351499,"request_end":1576624358595,"request_duration":7096,"type":"2560"}
{"start":1576624355367,"end":1576624358592,"duration":3225,"downloading_duration":979,"execution_duration":1688,"uploading_duration":558,"executable":"ellipsoids-openmp","args":["1.dat","117.log","117.xoutput"],"id":68,"resource":"2560","request_start":1576624351506,"request_end":1576624358614,"request_duration":7108,"type":"2560"}
{"start":1576624355300,"end":1576624358613,"duration":3313,"downloading_duration":1026,"execution_duration":1629,"uploading_duration":658,"executable":"ellipsoids-openmp","args":["1.dat","113.log","113.xoutput"],"id":64,"resource":"2560","request_start":1576624351503,"request_end":1576624358637,"request_duration":7134,"type":"2560"}
{"start":1576624355220,"end":1576624358637,"duration":3417,"downloading_duration":1074,"execution_duration":1712,"uploading_duration":631,"executable":"ellipsoids-openmp","args":["1.dat","16.log","16.xoutput"],"id":57,"resource":"2560","request_start":1576624351500,"request_end":1576624358658,"request_duration":7158,"type":"2560"}
{"start":1576624355366,"end":1576624358643,"duration":3277,"downloading_duration":993,"execution_duration":1699,"uploading_duration":585,"executable":"ellipsoids-openmp","args":["1.dat","118.log","118.xoutput"],"id":69,"resource":"2560","request_start":1576624351506,"request_end":1576624358665,"request_duration":7159,"type":"2560"}
{"start":1576624355336,"end":1576624358645,"duration":3309,"downloading_duration":988,"execution_duration":1762,"uploading_duration":559,"executable":"ellipsoids-openmp","args":["1.dat","114.log","114.xoutput"],"id":65,"resource":"2560","request_start":1576624351504,"request_end":1576624358667,"request_duration":7163,"type":"2560"}
{"start":1576624355385,"end":1576624358652,"duration":3267,"downloading_duration":1000,"execution_duration":1653,"uploading_duration":614,"executable":"ellipsoids-openmp","args":["1.dat","122.log","122.xoutput"],"id":73,"resource":"2560","request_start":1576624351508,"request_end":1576624358679,"request_duration":7171,"type":"2560"}
{"start":1576624355366,"end":1576624358666,"duration":3300,"downloading_duration":1009,"execution_duration":1693,"uploading_duration":598,"executable":"ellipsoids-openmp","args":["1.dat","116.log","116.xoutput"],"id":67,"resource":"2560","request_start":1576624351505,"request_end":1576624358688,"request_duration":7183,"type":"2560"}
{"start":1576624355380,"end":1576624358670,"duration":3290,"downloading_duration":989,"execution_duration":1732,"uploading_duration":569,"executable":"ellipsoids-openmp","args":["1.dat","120.log","120.xoutput"],"id":71,"resource":"2560","request_start":1576624351507,"request_end":1576624358690,"request_duration":7183,"type":"2560"}
{"start":1576624355465,"end":1576624358691,"duration":3226,"downloading_duration":995,"execution_duration":1633,"uploading_duration":598,"executable":"ellipsoids-openmp","args":["1.dat","133.log","133.xoutput"],"id":84,"resource":"2560","request_start":1576624351514,"request_end":1576624358711,"request_duration":7197,"type":"2560"}
{"start":1576624355358,"end":1576624358695,"duration":3337,"downloading_duration":986,"execution_duration":1693,"uploading_duration":658,"executable":"ellipsoids-openmp","args":["1.dat","115.log","115.xoutput"],"id":66,"resource":"2560","request_start":1576624351505,"request_end":1576624358717,"request_duration":7212,"type":"2560"}
{"start":1576624355296,"end":1576624358699,"duration":3403,"downloading_duration":1104,"execution_duration":1741,"uploading_duration":558,"executable":"ellipsoids-openmp","args":["1.dat","111.log","111.xoutput"],"id":62,"resource":"2560","request_start":1576624351502,"request_end":1576624358724,"request_duration":7222,"type":"2560"}
{"start":1576624355373,"end":1576624358703,"duration":3330,"downloading_duration":982,"execution_duration":1732,"uploading_duration":616,"executable":"ellipsoids-openmp","args":["1.dat","119.log","119.xoutput"],"id":70,"resource":"2560","request_start":1576624351507,"request_end":1576624358727,"request_duration":7220,"type":"2560"}
{"start":1576624355425,"end":1576624358707,"duration":3282,"downloading_duration":1038,"execution_duration":1655,"uploading_duration":589,"executable":"ellipsoids-openmp","args":["1.dat","126.log","126.xoutput"],"id":77,"resource":"2560","request_start":1576624351510,"request_end":1576624358737,"request_duration":7227,"type":"2560"}
{"start":1576624355393,"end":1576624358713,"duration":3320,"downloading_duration":995,"execution_duration":1690,"uploading_duration":635,"executable":"ellipsoids-openmp","args":["1.dat","123.log","123.xoutput"],"id":74,"resource":"2560","request_start":1576624351509,"request_end":1576624358746,"request_duration":7237,"type":"2560"}
{"start":1576624355518,"end":1576624358732,"duration":3214,"downloading_duration":994,"execution_duration":1643,"uploading_duration":577,"executable":"ellipsoids-openmp","args":["1.dat","140.log","140.xoutput"],"id":91,"resource":"2560","request_start":1576624351518,"request_end":1576624358760,"request_duration":7242,"type":"2560"}
{"start":1576624355500,"end":1576624358750,"duration":3250,"downloading_duration":989,"execution_duration":1701,"uploading_duration":560,"executable":"ellipsoids-openmp","args":["1.dat","139.log","139.xoutput"],"id":90,"resource":"2560","request_start":1576624351517,"request_end":1576624358771,"request_duration":7254,"type":"2560"}
{"start":1576624355401,"end":1576624358756,"duration":3355,"downloading_duration":1077,"execution_duration":1707,"uploading_duration":571,"executable":"ellipsoids-openmp","args":["1.dat","124.log","124.xoutput"],"id":75,"resource":"2560","request_start":1576624351509,"request_end":1576624358776,"request_duration":7267,"type":"2560"}
{"start":1576624355382,"end":1576624358757,"duration":3375,"downloading_duration":1069,"execution_duration":1744,"uploading_duration":562,"executable":"ellipsoids-openmp","args":["1.dat","121.log","121.xoutput"],"id":72,"resource":"2560","request_start":1576624351508,"request_end":1576624358780,"request_duration":7272,"type":"2560"}
{"start":1576624355482,"end":1576624358775,"duration":3293,"downloading_duration":1026,"execution_duration":1697,"uploading_duration":570,"executable":"ellipsoids-openmp","args":["1.dat","135.log","135.xoutput"],"id":86,"resource":"2560","request_start":1576624351515,"request_end":1576624358794,"request_duration":7279,"type":"2560"}
{"start":1576624355435,"end":1576624358786,"duration":3351,"downloading_duration":1079,"execution_duration":1671,"uploading_duration":601,"executable":"ellipsoids-openmp","args":["1.dat","128.log","128.xoutput"],"id":79,"resource":"2560","request_start":1576624351512,"request_end":1576624358808,"request_duration":7296,"type":"2560"}
{"start":1576624355464,"end":1576624358812,"duration":3348,"downloading_duration":1014,"execution_duration":1750,"uploading_duration":584,"executable":"ellipsoids-openmp","args":["1.dat","132.log","132.xoutput"],"id":83,"resource":"2560","request_start":1576624351514,"request_end":1576624358835,"request_duration":7321,"type":"2560"}
{"start":1576624355485,"end":1576624358820,"duration":3335,"downloading_duration":1090,"execution_duration":1681,"uploading_duration":564,"executable":"ellipsoids-openmp","args":["1.dat","137.log","137.xoutput"],"id":88,"resource":"2560","request_start":1576624351516,"request_end":1576624358840,"request_duration":7324,"type":"2560"}
{"start":1576624355466,"end":1576624358831,"duration":3365,"downloading_duration":1075,"execution_duration":1687,"uploading_duration":603,"executable":"ellipsoids-openmp","args":["1.dat","130.log","130.xoutput"],"id":81,"resource":"2560","request_start":1576624351513,"request_end":1576624358852,"request_duration":7339,"type":"2560"}
{"start":1576624355432,"end":1576624358845,"duration":3413,"downloading_duration":1115,"execution_duration":1702,"uploading_duration":596,"executable":"ellipsoids-openmp","args":["1.dat","127.log","127.xoutput"],"id":78,"resource":"2560","request_start":1576624351511,"request_end":1576624358865,"request_duration":7354,"type":"2560"}
{"start":1576624355616,"end":1576624358874,"duration":3258,"downloading_duration":990,"execution_duration":1686,"uploading_duration":582,"executable":"ellipsoids-openmp","args":["2.dat","24.log","24.xoutput"],"id":100,"resource":"2560","request_start":1576624351563,"request_end":1576624358894,"request_duration":7331,"type":"2560"}
{"start":1576624355432,"end":1576624358876,"duration":3444,"downloading_duration":1114,"execution_duration":1771,"uploading_duration":559,"executable":"ellipsoids-openmp","args":["1.dat","129.log","129.xoutput"],"id":80,"resource":"2560","request_start":1576624351512,"request_end":1576624358896,"request_duration":7384,"type":"2560"}
{"start":1576624355465,"end":1576624358888,"duration":3423,"downloading_duration":1148,"execution_duration":1719,"uploading_duration":556,"executable":"ellipsoids-openmp","args":["1.dat","131.log","131.xoutput"],"id":82,"resource":"2560","request_start":1576624351513,"request_end":1576624358913,"request_duration":7400,"type":"2560"}
{"start":1576624355613,"end":1576624358901,"duration":3288,"downloading_duration":1005,"execution_duration":1724,"uploading_duration":559,"executable":"ellipsoids-openmp","args":["1.dat","144.log","144.xoutput"],"id":95,"resource":"2560","request_start":1576624351520,"request_end":1576624358924,"request_duration":7404,"type":"2560"}
{"start":1576624355609,"end":1576624358912,"duration":3303,"downloading_duration":1014,"execution_duration":1712,"uploading_duration":577,"executable":"ellipsoids-openmp","args":["1.dat","141.log","141.xoutput"],"id":92,"resource":"2560","request_start":1576624351518,"request_end":1576624358931,"request_duration":7413,"type":"2560"}
{"start":1576624355489,"end":1576624358913,"duration":3424,"downloading_duration":1110,"execution_duration":1701,"uploading_duration":613,"executable":"ellipsoids-openmp","args":["1.dat","138.log","138.xoutput"],"id":89,"resource":"2560","request_start":1576624351517,"request_end":1576624358934,"request_duration":7417,"type":"2560"}
{"start":1576624355611,"end":1576624358928,"duration":3317,"downloading_duration":997,"execution_duration":1744,"uploading_duration":576,"executable":"ellipsoids-openmp","args":["1.dat","142.log","142.xoutput"],"id":93,"resource":"2560","request_start":1576624351519,"request_end":1576624358947,"request_duration":7428,"type":"2560"}
{"start":1576624355613,"end":1576624358929,"duration":3316,"downloading_duration":1004,"execution_duration":1737,"uploading_duration":575,"executable":"ellipsoids-openmp","args":["1.dat","143.log","143.xoutput"],"id":94,"resource":"2560","request_start":1576624351520,"request_end":1576624358954,"request_duration":7434,"type":"2560"}
{"start":1576624355621,"end":1576624358977,"duration":3356,"downloading_duration":1055,"execution_duration":1713,"uploading_duration":588,"executable":"ellipsoids-openmp","args":["2.dat","26.log","26.xoutput"],"id":102,"resource":"2560","request_start":1576624351565,"request_end":1576624358997,"request_duration":7432,"type":"2560"}
{"start":1576624355648,"end":1576624358999,"duration":3351,"downloading_duration":1075,"execution_duration":1697,"uploading_duration":579,"executable":"ellipsoids-openmp","args":["2.dat","211.log","211.xoutput"],"id":107,"resource":"2560","request_start":1576624351576,"request_end":1576624359017,"request_duration":7441,"type":"2560"}
{"start":1576624355633,"end":1576624359005,"duration":3372,"downloading_duration":1002,"execution_duration":1737,"uploading_duration":633,"executable":"ellipsoids-openmp","args":["2.dat","29.log","29.xoutput"],"id":105,"resource":"2560","request_start":1576624351574,"request_end":1576624359024,"request_duration":7450,"type":"2560"}
{"start":1576624355685,"end":1576624359021,"duration":3336,"downloading_duration":987,"execution_duration":1748,"uploading_duration":601,"executable":"ellipsoids-openmp","args":["2.dat","212.log","212.xoutput"],"id":108,"resource":"2560","request_start":1576624351577,"request_end":1576624359040,"request_duration":7463,"type":"2560"}
{"start":1576624355615,"end":1576624359022,"duration":3407,"downloading_duration":1035,"execution_duration":1750,"uploading_duration":622,"executable":"ellipsoids-openmp","args":["2.dat","25.log","25.xoutput"],"id":101,"resource":"2560","request_start":1576624351564,"request_end":1576624359041,"request_duration":7477,"type":"2560"}
{"start":1576624355780,"end":1576624359045,"duration":3265,"downloading_duration":1002,"execution_duration":1701,"uploading_duration":562,"executable":"ellipsoids-openmp","args":["2.dat","213.log","213.xoutput"],"id":109,"resource":"2560","request_start":1576624351579,"request_end":1576624359064,"request_duration":7485,"type":"2560"}
{"start":1576624355623,"end":1576624359046,"duration":3423,"downloading_duration":996,"execution_duration":1724,"uploading_duration":703,"executable":"ellipsoids-openmp","args":["2.dat","27.log","27.xoutput"],"id":103,"resource":"2560","request_start":1576624351572,"request_end":1576624359066,"request_duration":7494,"type":"2560"}
{"start":1576624355482,"end":1576624359088,"duration":3606,"downloading_duration":1274,"execution_duration":1719,"uploading_duration":613,"executable":"ellipsoids-openmp","args":["1.dat","136.log","136.xoutput"],"id":87,"resource":"2560","request_start":1576624351516,"request_end":1576624359106,"request_duration":7590,"type":"2560"}
{"start":1576624355643,"end":1576624359097,"duration":3454,"downloading_duration":1062,"execution_duration":1765,"uploading_duration":627,"executable":"ellipsoids-openmp","args":["2.dat","210.log","210.xoutput"],"id":106,"resource":"2560","request_start":1576624351575,"request_end":1576624359117,"request_duration":7542,"type":"2560"}
{"start":1576624355403,"end":1576624359131,"duration":3728,"downloading_duration":1393,"execution_duration":1718,"uploading_duration":617,"executable":"ellipsoids-openmp","args":["1.dat","125.log","125.xoutput"],"id":76,"resource":"2560","request_start":1576624351510,"request_end":1576624359151,"request_duration":7641,"type":"2560"}
{"start":1576624355628,"end":1576624359181,"duration":3553,"downloading_duration":1169,"execution_duration":1781,"uploading_duration":603,"executable":"ellipsoids-openmp","args":["2.dat","28.log","28.xoutput"],"id":104,"resource":"2560","request_start":1576624351573,"request_end":1576624359217,"request_duration":7644,"type":"2560"}
{"start":1576624355479,"end":1576624360516,"duration":5037,"downloading_duration":2817,"execution_duration":1637,"uploading_duration":583,"executable":"ellipsoids-openmp","args":["1.dat","134.log","134.xoutput"],"id":85,"resource":"2560","request_start":1576624351515,"request_end":1576624360537,"request_duration":9022,"type":"2560"}
{"start":1576624358508,"end":1576624361920,"duration":3412,"downloading_duration":1033,"execution_duration":1789,"uploading_duration":590,"executable":"ellipsoids-openmp","args":["2.dat","214.log","214.xoutput"],"id":110,"resource":"2560","request_start":1576624351580,"request_end":1576624361938,"request_duration":10358,"type":"2560"}
{"start":1576624358542,"end":1576624361929,"duration":3387,"downloading_duration":981,"execution_duration":1828,"uploading_duration":578,"executable":"ellipsoids-openmp","args":["2.dat","215.log","215.xoutput"],"id":111,"resource":"2560","request_start":1576624351581,"request_end":1576624361946,"request_duration":10365,"type":"2560"}
{"start":1576624358696,"end":1576624362058,"duration":3362,"downloading_duration":1003,"execution_duration":1748,"uploading_duration":611,"executable":"ellipsoids-openmp","args":["2.dat","224.log","224.xoutput"],"id":120,"resource":"2560","request_start":1576624351588,"request_end":1576624362078,"request_duration":10490,"type":"2560"}
{"start":1576624358627,"end":1576624362058,"duration":3431,"downloading_duration":1114,"execution_duration":1750,"uploading_duration":567,"executable":"ellipsoids-openmp","args":["2.dat","219.log","219.xoutput"],"id":115,"resource":"2560","request_start":1576624351584,"request_end":1576624362080,"request_duration":10496,"type":"2560"}
{"start":1576624358683,"end":1576624362058,"duration":3375,"downloading_duration":992,"execution_duration":1797,"uploading_duration":586,"executable":"ellipsoids-openmp","args":["2.dat","222.log","222.xoutput"],"id":118,"resource":"2560","request_start":1576624351587,"request_end":1576624362082,"request_duration":10495,"type":"2560"}
{"start":1576624358614,"end":1576624362066,"duration":3452,"downloading_duration":1034,"execution_duration":1742,"uploading_duration":676,"executable":"ellipsoids-openmp","args":["2.dat","217.log","217.xoutput"],"id":113,"resource":"2560","request_start":1576624351582,"request_end":1576624362090,"request_duration":10508,"type":"2560"}
{"start":1576624358724,"end":1576624362083,"duration":3359,"downloading_duration":1001,"execution_duration":1781,"uploading_duration":577,"executable":"ellipsoids-openmp","args":["2.dat","227.log","227.xoutput"],"id":123,"resource":"2560","request_start":1576624351591,"request_end":1576624362102,"request_duration":10511,"type":"2560"}
{"start":1576624358796,"end":1576624362087,"duration":3291,"downloading_duration":986,"execution_duration":1757,"uploading_duration":548,"executable":"ellipsoids-openmp","args":["2.dat","235.log","235.xoutput"],"id":131,"resource":"2560","request_start":1576624351596,"request_end":1576624362109,"request_duration":10513,"type":"2560"}
{"start":1576624358719,"end":1576624362095,"duration":3376,"downloading_duration":1010,"execution_duration":1762,"uploading_duration":604,"executable":"ellipsoids-openmp","args":["2.dat","226.log","226.xoutput"],"id":122,"resource":"2560","request_start":1576624351590,"request_end":1576624362115,"request_duration":10525,"type":"2560"}
{"start":1576624358770,"end":1576624362117,"duration":3347,"downloading_duration":980,"execution_duration":1782,"uploading_duration":585,"executable":"ellipsoids-openmp","args":["2.dat","233.log","233.xoutput"],"id":129,"resource":"2560","request_start":1576624351595,"request_end":1576624362135,"request_duration":10540,"type":"2560"}
{"start":1576624358640,"end":1576624362122,"duration":3482,"downloading_duration":1013,"execution_duration":1875,"uploading_duration":594,"executable":"ellipsoids-openmp","args":["2.dat","220.log","220.xoutput"],"id":116,"resource":"2560","request_start":1576624351585,"request_end":1576624362142,"request_duration":10557,"type":"2560"}
{"start":1576624358666,"end":1576624362127,"duration":3461,"downloading_duration":1078,"execution_duration":1784,"uploading_duration":599,"executable":"ellipsoids-openmp","args":["2.dat","221.log","221.xoutput"],"id":117,"resource":"2560","request_start":1576624351586,"request_end":1576624362152,"request_duration":10566,"type":"2560"}
{"start":1576624358745,"end":1576624362142,"duration":3397,"downloading_duration":994,"execution_duration":1807,"uploading_duration":596,"executable":"ellipsoids-openmp","args":["2.dat","229.log","229.xoutput"],"id":125,"resource":"2560","request_start":1576624351592,"request_end":1576624362164,"request_duration":10572,"type":"2560"}
{"start":1576624358736,"end":1576624362165,"duration":3429,"downloading_duration":1017,"execution_duration":1836,"uploading_duration":576,"executable":"ellipsoids-openmp","args":["2.dat","228.log","228.xoutput"],"id":124,"resource":"2560","request_start":1576624351591,"request_end":1576624362185,"request_duration":10594,"type":"2560"}
{"start":1576624358841,"end":1576624362192,"duration":3351,"downloading_duration":988,"execution_duration":1778,"uploading_duration":585,"executable":"ellipsoids-openmp","args":["2.dat","239.log","239.xoutput"],"id":135,"resource":"2560","request_start":1576624351599,"request_end":1576624362214,"request_duration":10615,"type":"2560"}
{"start":1576624358696,"end":1576624362194,"duration":3498,"downloading_duration":1101,"execution_duration":1789,"uploading_duration":608,"executable":"ellipsoids-openmp","args":["2.dat","223.log","223.xoutput"],"id":119,"resource":"2560","request_start":1576624351588,"request_end":1576624362216,"request_duration":10628,"type":"2560"}
{"start":1576624358765,"end":1576624362195,"duration":3430,"downloading_duration":1084,"execution_duration":1789,"uploading_duration":557,"executable":"ellipsoids-openmp","args":["2.dat","232.log","232.xoutput"],"id":128,"resource":"2560","request_start":1576624351594,"request_end":1576624362219,"request_duration":10625,"type":"2560"}
{"start":1576624358819,"end":1576624362203,"duration":3384,"downloading_duration":1010,"execution_duration":1804,"uploading_duration":570,"executable":"ellipsoids-openmp","args":["2.dat","238.log","238.xoutput"],"id":134,"resource":"2560","request_start":1576624351598,"request_end":1576624362226,"request_duration":10628,"type":"2560"}
{"start":1576624358620,"end":1576624362215,"duration":3595,"downloading_duration":1252,"execution_duration":1780,"uploading_duration":563,"executable":"ellipsoids-openmp","args":["2.dat","218.log","218.xoutput"],"id":114,"resource":"2560","request_start":1576624351583,"request_end":1576624362236,"request_duration":10653,"type":"2560"}
{"start":1576624358750,"end":1576624362238,"duration":3488,"downloading_duration":1062,"execution_duration":1727,"uploading_duration":699,"executable":"ellipsoids-openmp","args":["2.dat","230.log","230.xoutput"],"id":126,"resource":"2560","request_start":1576624351593,"request_end":1576624362256,"request_duration":10663,"type":"2560"}
{"start":1576624358757,"end":1576624362238,"duration":3481,"downloading_duration":1092,"execution_duration":1782,"uploading_duration":607,"executable":"ellipsoids-openmp","args":["2.dat","231.log","231.xoutput"],"id":127,"resource":"2560","request_start":1576624351593,"request_end":1576624362261,"request_duration":10668,"type":"2560"}
{"start":1576624358879,"end":1576624362244,"duration":3365,"downloading_duration":1066,"execution_duration":1737,"uploading_duration":562,"executable":"ellipsoids-openmp","args":["2.dat","241.log","241.xoutput"],"id":137,"resource":"2560","request_start":1576624351600,"request_end":1576624362267,"request_duration":10667,"type":"2560"}
{"start":1576624358804,"end":1576624362247,"duration":3443,"downloading_duration":1067,"execution_duration":1791,"uploading_duration":585,"executable":"ellipsoids-openmp","args":["2.dat","236.log","236.xoutput"],"id":132,"resource":"2560","request_start":1576624351597,"request_end":1576624362273,"request_duration":10676,"type":"2560"}
{"start":1576624358938,"end":1576624362262,"duration":3324,"downloading_duration":989,"execution_duration":1731,"uploading_duration":604,"executable":"ellipsoids-openmp","args":["2.dat","21.log","21.xoutput"],"id":97,"resource":"2560","request_start":1576624351603,"request_end":1576624362281,"request_duration":10678,"type":"2560"}
{"start":1576624358923,"end":1576624362265,"duration":3342,"downloading_duration":1019,"execution_duration":1762,"uploading_duration":561,"executable":"ellipsoids-openmp","args":["2.dat","244.log","244.xoutput"],"id":140,"resource":"2560","request_start":1576624351601,"request_end":1576624362285,"request_duration":10684,"type":"2560"}
{"start":1576624358792,"end":1576624362268,"duration":3476,"downloading_duration":1107,"execution_duration":1769,"uploading_duration":600,"executable":"ellipsoids-openmp","args":["2.dat","234.log","234.xoutput"],"id":130,"resource":"2560","request_start":1576624351595,"request_end":1576624362287,"request_duration":10692,"type":"2560"}
{"start":1576624358957,"end":1576624362270,"duration":3313,"downloading_duration":988,"execution_duration":1751,"uploading_duration":574,"executable":"ellipsoids-openmp","args":["2.dat","23.log","23.xoutput"],"id":99,"resource":"2560","request_start":1576624351604,"request_end":1576624362294,"request_duration":10690,"type":"2560"}
{"start":1576624358809,"end":1576624362278,"duration":3469,"downloading_duration":1072,"execution_duration":1778,"uploading_duration":619,"executable":"ellipsoids-openmp","args":["2.dat","237.log","237.xoutput"],"id":133,"resource":"2560","request_start":1576624351597,"request_end":1576624362299,"request_duration":10702,"type":"2560"}
{"start":1576624358709,"end":1576624362315,"duration":3606,"downloading_duration":1162,"execution_duration":1832,"uploading_duration":612,"executable":"ellipsoids-openmp","args":["2.dat","225.log","225.xoutput"],"id":121,"resource":"2560","request_start":1576624351589,"request_end":1576624362335,"request_duration":10746,"type":"2560"}
{"start":1576624358894,"end":1576624362319,"duration":3425,"downloading_duration":1079,"execution_duration":1738,"uploading_duration":608,"executable":"ellipsoids-openmp","args":["2.dat","243.log","243.xoutput"],"id":139,"resource":"2560","request_start":1576624351601,"request_end":1576624362341,"request_duration":10740,"type":"2560"}
{"start":1576624359046,"end":1576624362327,"duration":3281,"downloading_duration":1034,"execution_duration":1681,"uploading_duration":566,"executable":"ellipsoids-openmp","args":["3.dat","34.log","34.xoutput"],"id":145,"resource":"2560","request_start":1576624351606,"request_end":1576624362346,"request_duration":10740,"type":"2560"}
{"start":1576624358888,"end":1576624362328,"duration":3440,"downloading_duration":1078,"execution_duration":1780,"uploading_duration":582,"executable":"ellipsoids-openmp","args":["2.dat","242.log","242.xoutput"],"id":138,"resource":"2560","request_start":1576624351600,"request_end":1576624362347,"request_duration":10747,"type":"2560"}
{"start":1576624359022,"end":1576624362336,"duration":3314,"downloading_duration":1012,"execution_duration":1670,"uploading_duration":632,"executable":"ellipsoids-openmp","args":["3.dat","33.log","33.xoutput"],"id":144,"resource":"2560","request_start":1576624351606,"request_end":1576624362362,"request_duration":10756,"type":"2560"}
{"start":1576624358980,"end":1576624362336,"duration":3356,"downloading_duration":990,"execution_duration":1750,"uploading_duration":616,"executable":"ellipsoids-openmp","args":["3.dat","32.log","32.xoutput"],"id":143,"resource":"2560","request_start":1576624351605,"request_end":1576624362363,"request_duration":10758,"type":"2560"}
{"start":1576624358860,"end":1576624362343,"duration":3483,"downloading_duration":1080,"execution_duration":1808,"uploading_duration":595,"executable":"ellipsoids-openmp","args":["2.dat","240.log","240.xoutput"],"id":136,"resource":"2560","request_start":1576624351599,"request_end":1576624362365,"request_duration":10766,"type":"2560"}
{"start":1576624359073,"end":1576624362348,"duration":3275,"downloading_duration":994,"execution_duration":1655,"uploading_duration":626,"executable":"ellipsoids-openmp","args":["3.dat","37.log","37.xoutput"],"id":148,"resource":"2560","request_start":1576624351608,"request_end":1576624362372,"request_duration":10764,"type":"2560"}
{"start":1576624359089,"end":1576624362350,"duration":3261,"downloading_duration":1015,"execution_duration":1683,"uploading_duration":563,"executable":"ellipsoids-openmp","args":["3.dat","38.log","38.xoutput"],"id":149,"resource":"2560","request_start":1576624351609,"request_end":1576624362376,"request_duration":10767,"type":"2560"}
{"start":1576624359053,"end":1576624362355,"duration":3302,"downloading_duration":1079,"execution_duration":1664,"uploading_duration":559,"executable":"ellipsoids-openmp","args":["3.dat","35.log","35.xoutput"],"id":146,"resource":"2560","request_start":1576624351607,"request_end":1576624362378,"request_duration":10771,"type":"2560"}
{"start":1576624358973,"end":1576624362357,"duration":3384,"downloading_duration":1023,"execution_duration":1715,"uploading_duration":646,"executable":"ellipsoids-openmp","args":["3.dat","31.log","31.xoutput"],"id":142,"resource":"2560","request_start":1576624351605,"request_end":1576624362386,"request_duration":10781,"type":"2560"}
{"start":1576624358592,"end":1576624362405,"duration":3813,"downloading_duration":1061,"execution_duration":1819,"uploading_duration":933,"executable":"ellipsoids-openmp","args":["2.dat","216.log","216.xoutput"],"id":112,"resource":"2560","request_start":1576624351582,"request_end":1576624362424,"request_duration":10842,"type":"2560"}
{"start":1576624359098,"end":1576624362413,"duration":3315,"downloading_duration":1085,"execution_duration":1667,"uploading_duration":563,"executable":"ellipsoids-openmp","args":["3.dat","39.log","39.xoutput"],"id":150,"resource":"2560","request_start":1576624351609,"request_end":1576624362434,"request_duration":10825,"type":"2560"}
{"start":1576624358926,"end":1576624362452,"duration":3526,"downloading_duration":1072,"execution_duration":1769,"uploading_duration":685,"executable":"ellipsoids-openmp","args":["2.dat","20.log","20.xoutput"],"id":96,"resource":"2560","request_start":1576624351602,"request_end":1576624362470,"request_duration":10868,"type":"2560"}
{"start":1576624359067,"end":1576624362479,"duration":3412,"downloading_duration":1015,"execution_duration":1700,"uploading_duration":697,"executable":"ellipsoids-openmp","args":["3.dat","36.log","36.xoutput"],"id":147,"resource":"2560","request_start":1576624351608,"request_end":1576624362502,"request_duration":10894,"type":"2560"}
{"start":1576624358957,"end":1576624362496,"duration":3539,"downloading_duration":1268,"execution_duration":1683,"uploading_duration":588,"executable":"ellipsoids-openmp","args":["3.dat","30.log","30.xoutput"],"id":141,"resource":"2560","request_start":1576624351604,"request_end":1576624362515,"request_duration":10911,"type":"2560"}
{"start":1576624359177,"end":1576624362496,"duration":3319,"downloading_duration":999,"execution_duration":1724,"uploading_duration":596,"executable":"ellipsoids-openmp","args":["3.dat","312.log","312.xoutput"],"id":153,"resource":"2560","request_start":1576624351611,"request_end":1576624362520,"request_duration":10909,"type":"2560"}
{"start":1576624359142,"end":1576624362525,"duration":3383,"downloading_duration":1117,"execution_duration":1679,"uploading_duration":587,"executable":"ellipsoids-openmp","args":["3.dat","311.log","311.xoutput"],"id":152,"resource":"2560","request_start":1576624351610,"request_end":1576624362546,"request_duration":10936,"type":"2560"}
{"start":1576624359244,"end":1576624362535,"duration":3291,"downloading_duration":985,"execution_duration":1666,"uploading_duration":640,"executable":"ellipsoids-openmp","args":["3.dat","313.log","313.xoutput"],"id":154,"resource":"2560","request_start":1576624351612,"request_end":1576624362554,"request_duration":10942,"type":"2560"}
{"start":1576624358951,"end":1576624363816,"duration":4865,"downloading_duration":2502,"execution_duration":1798,"uploading_duration":565,"executable":"ellipsoids-openmp","args":["2.dat","22.log","22.xoutput"],"id":98,"resource":"2560","request_start":1576624351603,"request_end":1576624363839,"request_duration":12236,"type":"2560"}
{"start":1576624362387,"end":1576624363885,"duration":1498,"downloading_duration":1091,"execution_duration":3,"uploading_duration":404,"executable":"mean-pack-ell","args":["10.xoutput","11.xoutput","12.xoutput","13.xoutput","14.xoutput","15.xoutput","16.xoutput","17.xoutput","18.xoutput","19.xoutput","110.xoutput","111.xoutput","112.xoutput","113.xoutput","114.xoutput","115.xoutput","116.xoutput","117.xoutput","118.xoutput","119.xoutput","120.xoutput","121.xoutput","122.xoutput","123.xoutput","124.xoutput","125.xoutput","126.xoutput","127.xoutput","128.xoutput","129.xoutput","130.xoutput","131.xoutput","132.xoutput","133.xoutput","134.xoutput","135.xoutput","136.xoutput","137.xoutput","138.xoutput","139.xoutput","140.xoutput","141.xoutput","142.xoutput","143.xoutput","144.xoutput","average_1.txt"],"id":187,"resource":"2560","request_start":1576624360551,"request_end":1576624363905,"request_duration":3354,"type":"2560"}
{"start":1576624360565,"end":1576624363946,"duration":3381,"downloading_duration":1079,"execution_duration":1743,"uploading_duration":559,"executable":"ellipsoids-openmp","args":["3.dat","314.log","314.xoutput"],"id":155,"resource":"2560","request_start":1576624351612,"request_end":1576624363967,"request_duration":12355,"type":"2560"}
{"start":1576624362389,"end":1576624364278,"duration":1889,"downloading_duration":1431,"execution_duration":3,"uploading_duration":455,"executable":"mean-pack-ell","args":["00.xoutput","01.xoutput","02.xoutput","03.xoutput","04.xoutput","05.xoutput","06.xoutput","07.xoutput","08.xoutput","09.xoutput","010.xoutput","011.xoutput","012.xoutput","013.xoutput","014.xoutput","015.xoutput","016.xoutput","017.xoutput","018.xoutput","019.xoutput","020.xoutput","021.xoutput","022.xoutput","023.xoutput","024.xoutput","025.xoutput","026.xoutput","027.xoutput","028.xoutput","029.xoutput","030.xoutput","031.xoutput","032.xoutput","033.xoutput","034.xoutput","035.xoutput","036.xoutput","037.xoutput","038.xoutput","039.xoutput","040.xoutput","041.xoutput","042.xoutput","043.xoutput","044.xoutput","average_0.txt"],"id":186,"resource":"2560","request_start":1576624355760,"request_end":1576624364301,"request_duration":8541,"type":"2560"}
{"start":1576624361965,"end":1576624365310,"duration":3345,"downloading_duration":1077,"execution_duration":1701,"uploading_duration":567,"executable":"ellipsoids-openmp","args":["3.dat","315.log","315.xoutput"],"id":156,"resource":"2560","request_start":1576624351613,"request_end":1576624365334,"request_duration":13721,"type":"2560"}
{"start":1576624361973,"end":1576624365322,"duration":3349,"downloading_duration":1064,"execution_duration":1674,"uploading_duration":611,"executable":"ellipsoids-openmp","args":["3.dat","316.log","316.xoutput"],"id":157,"resource":"2560","request_start":1576624351613,"request_end":1576624365344,"request_duration":13731,"type":"2560"}
{"start":1576624362105,"end":1576624365336,"duration":3231,"downloading_duration":1030,"execution_duration":1615,"uploading_duration":586,"executable":"ellipsoids-openmp","args":["3.dat","317.log","317.xoutput"],"id":158,"resource":"2560","request_start":1576624351614,"request_end":1576624365355,"request_duration":13741,"type":"2560"}
{"start":1576624362111,"end":1576624365352,"duration":3241,"downloading_duration":1033,"execution_duration":1651,"uploading_duration":557,"executable":"ellipsoids-openmp","args":["3.dat","319.log","319.xoutput"],"id":160,"resource":"2560","request_start":1576624351615,"request_end":1576624365373,"request_duration":13758,"type":"2560"}
{"start":1576624362145,"end":1576624365374,"duration":3229,"downloading_duration":995,"execution_duration":1634,"uploading_duration":600,"executable":"ellipsoids-openmp","args":["3.dat","323.log","323.xoutput"],"id":164,"resource":"2560","request_start":1576624351617,"request_end":1576624365395,"request_duration":13778,"type":"2560"}
{"start":1576624362173,"end":1576624365395,"duration":3222,"downloading_duration":1000,"execution_duration":1641,"uploading_duration":581,"executable":"ellipsoids-openmp","args":["3.dat","325.log","325.xoutput"],"id":166,"resource":"2560","request_start":1576624351618,"request_end":1576624365416,"request_duration":13798,"type":"2560"}
{"start":1576624362193,"end":1576624365445,"duration":3252,"downloading_duration":992,"execution_duration":1700,"uploading_duration":560,"executable":"ellipsoids-openmp","args":["3.dat","327.log","327.xoutput"],"id":168,"resource":"2560","request_start":1576624351619,"request_end":1576624365465,"request_duration":13846,"type":"2560"}
{"start":1576624362117,"end":1576624365446,"duration":3329,"downloading_duration":1069,"execution_duration":1677,"uploading_duration":583,"executable":"ellipsoids-openmp","args":["3.dat","320.log","320.xoutput"],"id":161,"resource":"2560","request_start":1576624351615,"request_end":1576624365467,"request_duration":13852,"type":"2560"}
{"start":1576624363961,"end":1576624365452,"duration":1491,"downloading_duration":1115,"execution_duration":5,"uploading_duration":371,"executable":"mean-pack-ell","args":["20.xoutput","21.xoutput","22.xoutput","23.xoutput","24.xoutput","25.xoutput","26.xoutput","27.xoutput","28.xoutput","29.xoutput","210.xoutput","211.xoutput","212.xoutput","213.xoutput","214.xoutput","215.xoutput","216.xoutput","217.xoutput","218.xoutput","219.xoutput","220.xoutput","221.xoutput","222.xoutput","223.xoutput","224.xoutput","225.xoutput","226.xoutput","227.xoutput","228.xoutput","229.xoutput","230.xoutput","231.xoutput","232.xoutput","233.xoutput","234.xoutput","235.xoutput","236.xoutput","237.xoutput","238.xoutput","239.xoutput","240.xoutput","241.xoutput","242.xoutput","243.xoutput","244.xoutput","average_2.txt"],"id":188,"resource":"2560","request_start":1576624363852,"request_end":1576624365473,"request_duration":1621,"type":"2560"}
{"start":1576624362128,"end":1576624365472,"duration":3344,"downloading_duration":1023,"execution_duration":1760,"uploading_duration":561,"executable":"ellipsoids-openmp","args":["3.dat","321.log","321.xoutput"],"id":162,"resource":"2560","request_start":1576624351616,"request_end":1576624365493,"request_duration":13877,"type":"2560"}
{"start":1576624362159,"end":1576624365511,"duration":3352,"downloading_duration":1006,"execution_duration":1752,"uploading_duration":594,"executable":"ellipsoids-openmp","args":["3.dat","324.log","324.xoutput"],"id":165,"resource":"2560","request_start":1576624351617,"request_end":1576624365534,"request_duration":13917,"type":"2560"}
{"start":1576624362137,"end":1576624365519,"duration":3382,"downloading_duration":1088,"execution_duration":1664,"uploading_duration":630,"executable":"ellipsoids-openmp","args":["3.dat","322.log","322.xoutput"],"id":163,"resource":"2560","request_start":1576624351616,"request_end":1576624365544,"request_duration":13928,"type":"2560"}
{"start":1576624362240,"end":1576624365521,"duration":3281,"downloading_duration":989,"execution_duration":1685,"uploading_duration":607,"executable":"ellipsoids-openmp","args":["3.dat","329.log","329.xoutput"],"id":170,"resource":"2560","request_start":1576624351620,"request_end":1576624365546,"request_duration":13926,"type":"2560"}
{"start":1576624362253,"end":1576624365544,"duration":3291,"downloading_duration":1009,"execution_duration":1680,"uploading_duration":602,"executable":"ellipsoids-openmp","args":["3.dat","330.log","330.xoutput"],"id":171,"resource":"2560","request_start":1576624351620,"request_end":1576624365565,"request_duration":13945,"type":"2560"}
{"start":1576624362329,"end":1576624365559,"duration":3230,"downloading_duration":1047,"execution_duration":1625,"uploading_duration":558,"executable":"ellipsoids-openmp","args":["3.dat","342.log","342.xoutput"],"id":183,"resource":"2560","request_start":1576624351627,"request_end":1576624365581,"request_duration":13954,"type":"2560"}
{"start":1576624362250,"end":1576624365566,"duration":3316,"downloading_duration":1003,"execution_duration":1687,"uploading_duration":626,"executable":"ellipsoids-openmp","args":["3.dat","331.log","331.xoutput"],"id":172,"resource":"2560","request_start":1576624351621,"request_end":1576624365593,"request_duration":13972,"type":"2560"}
{"start":1576624362258,"end":1576624365589,"duration":3331,"downloading_duration":1082,"execution_duration":1673,"uploading_duration":576,"executable":"ellipsoids-openmp","args":["3.dat","332.log","332.xoutput"],"id":173,"resource":"2560","request_start":1576624351621,"request_end":1576624365607,"request_duration":13986,"type":"2560"}
{"start":1576624362298,"end":1576624365607,"duration":3309,"downloading_duration":1067,"execution_duration":1649,"uploading_duration":593,"executable":"ellipsoids-openmp","args":["3.dat","336.log","336.xoutput"],"id":177,"resource":"2560","request_start":1576624351624,"request_end":1576624365624,"request_duration":14000,"type":"2560"}
{"start":1576624362362,"end":1576624365623,"duration":3261,"downloading_duration":984,"execution_duration":1678,"uploading_duration":599,"executable":"ellipsoids-openmp","args":["3.dat","343.log","343.xoutput"],"id":184,"resource":"2560","request_start":1576624351628,"request_end":1576624365645,"request_duration":14017,"type":"2560"}
{"start":1576624362289,"end":1576624365634,"duration":3345,"downloading_duration":1080,"execution_duration":1700,"uploading_duration":565,"executable":"ellipsoids-openmp","args":["3.dat","335.log","335.xoutput"],"id":176,"resource":"2560","request_start":1576624351623,"request_end":1576624365655,"request_duration":14032,"type":"2560"}
{"start":1576624362311,"end":1576624365636,"duration":3325,"downloading_duration":1072,"execution_duration":1650,"uploading_duration":603,"executable":"ellipsoids-openmp","args":["3.dat","338.log","338.xoutput"],"id":179,"resource":"2560","request_start":1576624351625,"request_end":1576624365657,"request_duration":14032,"type":"2560"}
{"start":1576624362283,"end":1576624365659,"duration":3376,"downloading_duration":1089,"execution_duration":1683,"uploading_duration":604,"executable":"ellipsoids-openmp","args":["3.dat","334.log","334.xoutput"],"id":175,"resource":"2560","request_start":1576624351622,"request_end":1576624365679,"request_duration":14057,"type":"2560"}
{"start":1576624362294,"end":1576624365662,"duration":3368,"downloading_duration":1088,"execution_duration":1694,"uploading_duration":586,"executable":"ellipsoids-openmp","args":["3.dat","333.log","333.xoutput"],"id":174,"resource":"2560","request_start":1576624351622,"request_end":1576624365683,"request_duration":14061,"type":"2560"}
{"start":1576624362311,"end":1576624365672,"duration":3361,"downloading_duration":1036,"execution_duration":1706,"uploading_duration":619,"executable":"ellipsoids-openmp","args":["3.dat","339.log","339.xoutput"],"id":180,"resource":"2560","request_start":1576624351625,"request_end":1576624365691,"request_duration":14066,"type":"2560"}
{"start":1576624362314,"end":1576624365683,"duration":3369,"downloading_duration":974,"execution_duration":1694,"uploading_duration":701,"executable":"ellipsoids-openmp","args":["3.dat","340.log","340.xoutput"],"id":181,"resource":"2560","request_start":1576624351626,"request_end":1576624365703,"request_duration":14077,"type":"2560"}
{"start":1576624362321,"end":1576624365734,"duration":3413,"downloading_duration":1065,"execution_duration":1665,"uploading_duration":683,"executable":"ellipsoids-openmp","args":["3.dat","341.log","341.xoutput"],"id":182,"resource":"2560","request_start":1576624351626,"request_end":1576624365753,"request_duration":14127,"type":"2560"}
{"start":1576624362304,"end":1576624365926,"duration":3622,"downloading_duration":1087,"execution_duration":1691,"uploading_duration":844,"executable":"ellipsoids-openmp","args":["3.dat","337.log","337.xoutput"],"id":178,"resource":"2560","request_start":1576624351624,"request_end":1576624365945,"request_duration":14321,"type":"2560"}
{"start":1576624362366,"end":1576624365958,"duration":3592,"downloading_duration":1253,"execution_duration":1729,"uploading_duration":610,"executable":"ellipsoids-openmp","args":["3.dat","344.log","344.xoutput"],"id":185,"resource":"2560","request_start":1576624351628,"request_end":1576624365980,"request_duration":14352,"type":"2560"}
{"start":1576624362187,"end":1576624365965,"duration":3778,"downloading_duration":1429,"execution_duration":1727,"uploading_duration":622,"executable":"ellipsoids-openmp","args":["3.dat","326.log","326.xoutput"],"id":167,"resource":"2560","request_start":1576624351618,"request_end":1576624365982,"request_duration":14364,"type":"2560"}
{"start":1576624362208,"end":1576624366076,"duration":3868,"downloading_duration":1494,"execution_duration":1740,"uploading_duration":634,"executable":"ellipsoids-openmp","args":["3.dat","328.log","328.xoutput"],"id":169,"resource":"2560","request_start":1576624351619,"request_end":1576624366096,"request_duration":14477,"type":"2560"}
{"start":1576624362111,"end":1576624366697,"duration":4586,"downloading_duration":1006,"execution_duration":1712,"uploading_duration":1868,"executable":"ellipsoids-openmp","args":["3.dat","318.log","318.xoutput"],"id":159,"resource":"2560","request_start":1576624351614,"request_end":1576624366719,"request_duration":15105,"type":"2560"}
{"start":1576624359133,"end":1576624373289,"duration":14156,"downloading_duration":11869,"execution_duration":1681,"uploading_duration":606,"executable":"ellipsoids-openmp","args":["3.dat","310.log","310.xoutput"],"id":151,"resource":"2560","request_start":1576624351610,"request_end":1576624373307,"request_duration":21697,"type":"2560"}
{"start":1576624373433,"end":1576624374938,"duration":1505,"downloading_duration":1131,"execution_duration":3,"uploading_duration":371,"executable":"mean-pack-ell","args":["30.xoutput","31.xoutput","32.xoutput","33.xoutput","34.xoutput","35.xoutput","36.xoutput","37.xoutput","38.xoutput","39.xoutput","310.xoutput","311.xoutput","312.xoutput","313.xoutput","314.xoutput","315.xoutput","316.xoutput","317.xoutput","318.xoutput","319.xoutput","320.xoutput","321.xoutput","322.xoutput","323.xoutput","324.xoutput","325.xoutput","326.xoutput","327.xoutput","328.xoutput","329.xoutput","330.xoutput","331.xoutput","332.xoutput","333.xoutput","334.xoutput","335.xoutput","336.xoutput","337.xoutput","338.xoutput","339.xoutput","340.xoutput","341.xoutput","342.xoutput","343.xoutput","344.xoutput","average_3.txt"],"id":189,"resource":"2560","request_start":1576624373325,"request_end":1576624374959,"request_duration":1634,"type":"2560"}
{"start":1576624375082,"end":1576624375973,"duration":891,"downloading_duration":384,"execution_duration":62,"uploading_duration":445,"executable":"summary.js","args":[],"id":190,"resource":"2560","request_start":1576624374967,"request_end":1576624375993,"request_duration":1026,"type":"2560"}
