{"start":1576624309277,"end":1576624310094,"duration":817,"downloading_duration":378,"execution_duration":63,"uploading_duration":376,"executable":"generateData.js","args":[],"id":1,"resource":"2560","request_start":1576624309120,"request_end":1576624310123,"request_duration":1003,"type":"2560"}
{"start":1576624310275,"end":1576624311147,"duration":872,"downloading_duration":382,"execution_duration":63,"uploading_duration":427,"executable":"createDat.js","args":["1.dat"],"id":3,"resource":"2560","request_start":1576624310141,"request_end":1576624311165,"request_duration":1024,"type":"2560"}
{"start":1576624310261,"end":1576624311145,"duration":884,"downloading_duration":429,"execution_duration":63,"uploading_duration":392,"executable":"createDat.js","args":["3.dat"],"id":5,"resource":"2560","request_start":1576624310147,"request_end":1576624311167,"request_duration":1020,"type":"2560"}
{"start":1576624310289,"end":1576624311156,"duration":867,"downloading_duration":377,"execution_duration":64,"uploading_duration":426,"executable":"createDat.js","args":["0.dat"],"id":2,"resource":"2560","request_start":1576624310137,"request_end":1576624311191,"request_duration":1054,"type":"2560"}
{"start":1576624310297,"end":1576624311169,"duration":872,"downloading_duration":381,"execution_duration":60,"uploading_duration":431,"executable":"createDat.js","args":["2.dat"],"id":4,"resource":"2560","request_start":1576624310143,"request_end":1576624311199,"request_duration":1056,"type":"2560"}
{"start":1576624311905,"end":1576624315075,"duration":3170,"downloading_duration":1002,"execution_duration":1596,"uploading_duration":572,"executable":"ellipsoids-openmp","args":["1.dat","19.log","19.xoutput"],"id":60,"resource":"2560","request_start":1576624311242,"request_end":1576624315098,"request_duration":3856,"type":"2560"}
{"start":1576624311935,"end":1576624315140,"duration":3205,"downloading_duration":1007,"execution_duration":1644,"uploading_duration":554,"executable":"ellipsoids-openmp","args":["1.dat","139.log","139.xoutput"],"id":90,"resource":"2560","request_start":1576624311271,"request_end":1576624315160,"request_duration":3889,"type":"2560"}
{"start":1576624311947,"end":1576624315144,"duration":3197,"downloading_duration":983,"execution_duration":1651,"uploading_duration":563,"executable":"ellipsoids-openmp","args":["1.dat","142.log","142.xoutput"],"id":93,"resource":"2560","request_start":1576624311274,"request_end":1576624315167,"request_duration":3893,"type":"2560"}
{"start":1576624311902,"end":1576624315151,"duration":3249,"downloading_duration":1002,"execution_duration":1682,"uploading_duration":565,"executable":"ellipsoids-openmp","args":["1.dat","18.log","18.xoutput"],"id":59,"resource":"2560","request_start":1576624311241,"request_end":1576624315171,"request_duration":3930,"type":"2560"}
{"start":1576624311923,"end":1576624315169,"duration":3246,"downloading_duration":1072,"execution_duration":1614,"uploading_duration":560,"executable":"ellipsoids-openmp","args":["1.dat","16.log","16.xoutput"],"id":57,"resource":"2560","request_start":1576624311239,"request_end":1576624315187,"request_duration":3948,"type":"2560"}
{"start":1576624311938,"end":1576624315174,"duration":3236,"downloading_duration":1030,"execution_duration":1610,"uploading_duration":596,"executable":"ellipsoids-openmp","args":["1.dat","126.log","126.xoutput"],"id":77,"resource":"2560","request_start":1576624311258,"request_end":1576624315192,"request_duration":3934,"type":"2560"}
{"start":1576624311907,"end":1576624315174,"duration":3267,"downloading_duration":993,"execution_duration":1714,"uploading_duration":560,"executable":"ellipsoids-openmp","args":["1.dat","15.log","15.xoutput"],"id":56,"resource":"2560","request_start":1576624311236,"request_end":1576624315194,"request_duration":3958,"type":"2560"}
{"start":1576624311906,"end":1576624315181,"duration":3275,"downloading_duration":993,"execution_duration":1697,"uploading_duration":585,"executable":"ellipsoids-openmp","args":["1.dat","111.log","111.xoutput"],"id":62,"resource":"2560","request_start":1576624311244,"request_end":1576624315202,"request_duration":3958,"type":"2560"}
{"start":1576624311943,"end":1576624315182,"duration":3239,"downloading_duration":1001,"execution_duration":1652,"uploading_duration":586,"executable":"ellipsoids-openmp","args":["1.dat","128.log","128.xoutput"],"id":79,"resource":"2560","request_start":1576624311259,"request_end":1576624315203,"request_duration":3944,"type":"2560"}
{"start":1576624311893,"end":1576624315187,"duration":3294,"downloading_duration":1071,"execution_duration":1658,"uploading_duration":565,"executable":"ellipsoids-openmp","args":["1.dat","14.log","14.xoutput"],"id":55,"resource":"2560","request_start":1576624311235,"request_end":1576624315208,"request_duration":3973,"type":"2560"}
{"start":1576624311908,"end":1576624315188,"duration":3280,"downloading_duration":991,"execution_duration":1695,"uploading_duration":594,"executable":"ellipsoids-openmp","args":["1.dat","17.log","17.xoutput"],"id":58,"resource":"2560","request_start":1576624311240,"request_end":1576624315214,"request_duration":3974,"type":"2560"}
{"start":1576624311918,"end":1576624315190,"duration":3272,"downloading_duration":1033,"execution_duration":1666,"uploading_duration":573,"executable":"ellipsoids-openmp","args":["1.dat","112.log","112.xoutput"],"id":63,"resource":"2560","request_start":1576624311245,"request_end":1576624315217,"request_duration":3972,"type":"2560"}
{"start":1576624311895,"end":1576624315194,"duration":3299,"downloading_duration":1067,"execution_duration":1668,"uploading_duration":564,"executable":"ellipsoids-openmp","args":["1.dat","13.log","13.xoutput"],"id":54,"resource":"2560","request_start":1576624311234,"request_end":1576624315232,"request_duration":3998,"type":"2560"}
{"start":1576624311935,"end":1576624315196,"duration":3261,"downloading_duration":1028,"execution_duration":1637,"uploading_duration":596,"executable":"ellipsoids-openmp","args":["1.dat","120.log","120.xoutput"],"id":71,"resource":"2560","request_start":1576624311252,"request_end":1576624315233,"request_duration":3981,"type":"2560"}
{"start":1576624311876,"end":1576624315196,"duration":3320,"downloading_duration":997,"execution_duration":1690,"uploading_duration":633,"executable":"ellipsoids-openmp","args":["1.dat","10.log","10.xoutput"],"id":51,"resource":"2560","request_start":1576624311229,"request_end":1576624315235,"request_duration":4006,"type":"2560"}
{"start":1576624311902,"end":1576624315200,"duration":3298,"downloading_duration":1045,"execution_duration":1620,"uploading_duration":633,"executable":"ellipsoids-openmp","args":["1.dat","12.log","12.xoutput"],"id":53,"resource":"2560","request_start":1576624311233,"request_end":1576624315236,"request_duration":4003,"type":"2560"}
{"start":1576624311924,"end":1576624315198,"duration":3274,"downloading_duration":1075,"execution_duration":1620,"uploading_duration":579,"executable":"ellipsoids-openmp","args":["1.dat","113.log","113.xoutput"],"id":64,"resource":"2560","request_start":1576624311246,"request_end":1576624315238,"request_duration":3992,"type":"2560"}
{"start":1576624311945,"end":1576624315208,"duration":3263,"downloading_duration":1002,"execution_duration":1675,"uploading_duration":586,"executable":"ellipsoids-openmp","args":["1.dat","131.log","131.xoutput"],"id":82,"resource":"2560","request_start":1576624311263,"request_end":1576624315239,"request_duration":3976,"type":"2560"}
{"start":1576624311954,"end":1576624315208,"duration":3254,"downloading_duration":990,"execution_duration":1663,"uploading_duration":601,"executable":"ellipsoids-openmp","args":["1.dat","144.log","144.xoutput"],"id":95,"resource":"2560","request_start":1576624311275,"request_end":1576624315241,"request_duration":3966,"type":"2560"}
{"start":1576624311941,"end":1576624315209,"duration":3268,"downloading_duration":1026,"execution_duration":1653,"uploading_duration":589,"executable":"ellipsoids-openmp","args":["1.dat","130.log","130.xoutput"],"id":81,"resource":"2560","request_start":1576624311262,"request_end":1576624315243,"request_duration":3981,"type":"2560"}
{"start":1576624311930,"end":1576624315213,"duration":3283,"downloading_duration":1006,"execution_duration":1680,"uploading_duration":597,"executable":"ellipsoids-openmp","args":["1.dat","137.log","137.xoutput"],"id":88,"resource":"2560","request_start":1576624311269,"request_end":1576624315244,"request_duration":3975,"type":"2560"}
{"start":1576624311949,"end":1576624315218,"duration":3269,"downloading_duration":1004,"execution_duration":1667,"uploading_duration":598,"executable":"ellipsoids-openmp","args":["1.dat","133.log","133.xoutput"],"id":84,"resource":"2560","request_start":1576624311265,"request_end":1576624315252,"request_duration":3987,"type":"2560"}
{"start":1576624311906,"end":1576624315216,"duration":3310,"downloading_duration":1082,"execution_duration":1658,"uploading_duration":570,"executable":"ellipsoids-openmp","args":["1.dat","11.log","11.xoutput"],"id":52,"resource":"2560","request_start":1576624311231,"request_end":1576624315254,"request_duration":4023,"type":"2560"}
{"start":1576624311971,"end":1576624315219,"duration":3248,"downloading_duration":1001,"execution_duration":1674,"uploading_duration":573,"executable":"ellipsoids-openmp","args":["3.dat","32.log","32.xoutput"],"id":143,"resource":"2560","request_start":1576624311334,"request_end":1576624315255,"request_duration":3921,"type":"2560"}
{"start":1576624311912,"end":1576624315226,"duration":3314,"downloading_duration":1000,"execution_duration":1735,"uploading_duration":579,"executable":"ellipsoids-openmp","args":["1.dat","114.log","114.xoutput"],"id":65,"resource":"2560","request_start":1576624311247,"request_end":1576624315256,"request_duration":4009,"type":"2560"}
{"start":1576624311952,"end":1576624315241,"duration":3289,"downloading_duration":1020,"execution_duration":1682,"uploading_duration":587,"executable":"ellipsoids-openmp","args":["1.dat","135.log","135.xoutput"],"id":86,"resource":"2560","request_start":1576624311268,"request_end":1576624315263,"request_duration":3995,"type":"2560"}
{"start":1576624311922,"end":1576624315243,"duration":3321,"downloading_duration":1032,"execution_duration":1620,"uploading_duration":669,"executable":"ellipsoids-openmp","args":["1.dat","116.log","116.xoutput"],"id":67,"resource":"2560","request_start":1576624311249,"request_end":1576624315267,"request_duration":4018,"type":"2560"}
{"start":1576624311957,"end":1576624315256,"duration":3299,"downloading_duration":1064,"execution_duration":1656,"uploading_duration":579,"executable":"ellipsoids-openmp","args":["1.dat","138.log","138.xoutput"],"id":89,"resource":"2560","request_start":1576624311270,"request_end":1576624315279,"request_duration":4009,"type":"2560"}
{"start":1576624311969,"end":1576624315259,"duration":3290,"downloading_duration":994,"execution_duration":1711,"uploading_duration":585,"executable":"ellipsoids-openmp","args":["1.dat","140.log","140.xoutput"],"id":91,"resource":"2560","request_start":1576624311272,"request_end":1576624315283,"request_duration":4011,"type":"2560"}
{"start":1576624311939,"end":1576624315264,"duration":3325,"downloading_duration":1082,"execution_duration":1662,"uploading_duration":581,"executable":"ellipsoids-openmp","args":["1.dat","134.log","134.xoutput"],"id":85,"resource":"2560","request_start":1576624311265,"request_end":1576624315292,"request_duration":4027,"type":"2560"}
{"start":1576624311952,"end":1576624315277,"duration":3325,"downloading_duration":1065,"execution_duration":1656,"uploading_duration":604,"executable":"ellipsoids-openmp","args":["1.dat","141.log","141.xoutput"],"id":92,"resource":"2560","request_start":1576624311273,"request_end":1576624315309,"request_duration":4036,"type":"2560"}
{"start":1576624311936,"end":1576624315278,"duration":3342,"downloading_duration":1023,"execution_duration":1703,"uploading_duration":616,"executable":"ellipsoids-openmp","args":["1.dat","119.log","119.xoutput"],"id":70,"resource":"2560","request_start":1576624311251,"request_end":1576624315311,"request_duration":4060,"type":"2560"}
{"start":1576624311934,"end":1576624315278,"duration":3344,"downloading_duration":1023,"execution_duration":1670,"uploading_duration":651,"executable":"ellipsoids-openmp","args":["1.dat","122.log","122.xoutput"],"id":73,"resource":"2560","request_start":1576624311254,"request_end":1576624315313,"request_duration":4059,"type":"2560"}
{"start":1576624311935,"end":1576624315281,"duration":3346,"downloading_duration":1003,"execution_duration":1759,"uploading_duration":584,"executable":"ellipsoids-openmp","args":["1.dat","124.log","124.xoutput"],"id":75,"resource":"2560","request_start":1576624311256,"request_end":1576624315315,"request_duration":4059,"type":"2560"}
{"start":1576624311969,"end":1576624315290,"duration":3321,"downloading_duration":1029,"execution_duration":1725,"uploading_duration":567,"executable":"ellipsoids-openmp","args":["3.dat","31.log","31.xoutput"],"id":142,"resource":"2560","request_start":1576624311331,"request_end":1576624315459,"request_duration":4128,"type":"2560"}
{"start":1576624311923,"end":1576624315293,"duration":3370,"downloading_duration":1086,"execution_duration":1670,"uploading_duration":614,"executable":"ellipsoids-openmp","args":["1.dat","129.log","129.xoutput"],"id":80,"resource":"2560","request_start":1576624311260,"request_end":1576624315461,"request_duration":4201,"type":"2560"}
{"start":1576624311937,"end":1576624315304,"duration":3367,"downloading_duration":1084,"execution_duration":1695,"uploading_duration":588,"executable":"ellipsoids-openmp","args":["1.dat","127.log","127.xoutput"],"id":78,"resource":"2560","request_start":1576624311258,"request_end":1576624315463,"request_duration":4205,"type":"2560"}
{"start":1576624311956,"end":1576624315308,"duration":3352,"downloading_duration":1080,"execution_duration":1671,"uploading_duration":601,"executable":"ellipsoids-openmp","args":["1.dat","136.log","136.xoutput"],"id":87,"resource":"2560","request_start":1576624311269,"request_end":1576624315465,"request_duration":4196,"type":"2560"}
{"start":1576624311993,"end":1576624315307,"duration":3314,"downloading_duration":1125,"execution_duration":1604,"uploading_duration":585,"executable":"ellipsoids-openmp","args":["3.dat","33.log","33.xoutput"],"id":144,"resource":"2560","request_start":1576624311336,"request_end":1576624315468,"request_duration":4132,"type":"2560"}
{"start":1576624311939,"end":1576624315313,"duration":3374,"downloading_duration":1074,"execution_duration":1709,"uploading_duration":591,"executable":"ellipsoids-openmp","args":["1.dat","123.log","123.xoutput"],"id":74,"resource":"2560","request_start":1576624311255,"request_end":1576624315469,"request_duration":4214,"type":"2560"}
{"start":1576624311946,"end":1576624315315,"duration":3369,"downloading_duration":1082,"execution_duration":1714,"uploading_duration":573,"executable":"ellipsoids-openmp","args":["1.dat","125.log","125.xoutput"],"id":76,"resource":"2560","request_start":1576624311257,"request_end":1576624315473,"request_duration":4216,"type":"2560"}
{"start":1576624311948,"end":1576624315318,"duration":3370,"downloading_duration":1088,"execution_duration":1722,"uploading_duration":560,"executable":"ellipsoids-openmp","args":["1.dat","143.log","143.xoutput"],"id":94,"resource":"2560","request_start":1576624311274,"request_end":1576624315476,"request_duration":4202,"type":"2560"}
{"start":1576624311926,"end":1576624315322,"duration":3396,"downloading_duration":1084,"execution_duration":1721,"uploading_duration":591,"executable":"ellipsoids-openmp","args":["1.dat","115.log","115.xoutput"],"id":66,"resource":"2560","request_start":1576624311248,"request_end":1576624315478,"request_duration":4230,"type":"2560"}
{"start":1576624311983,"end":1576624315328,"duration":3345,"downloading_duration":1053,"execution_duration":1694,"uploading_duration":598,"executable":"ellipsoids-openmp","args":["3.dat","30.log","30.xoutput"],"id":141,"resource":"2560","request_start":1576624311326,"request_end":1576624315480,"request_duration":4154,"type":"2560"}
{"start":1576624311923,"end":1576624315354,"duration":3431,"downloading_duration":1089,"execution_duration":1775,"uploading_duration":567,"executable":"ellipsoids-openmp","args":["1.dat","117.log","117.xoutput"],"id":68,"resource":"2560","request_start":1576624311250,"request_end":1576624315483,"request_duration":4233,"type":"2560"}
{"start":1576624311927,"end":1576624315397,"duration":3470,"downloading_duration":1068,"execution_duration":1757,"uploading_duration":645,"executable":"ellipsoids-openmp","args":["1.dat","121.log","121.xoutput"],"id":72,"resource":"2560","request_start":1576624311253,"request_end":1576624315486,"request_duration":4233,"type":"2560"}
{"start":1576624311931,"end":1576624315412,"duration":3481,"downloading_duration":1162,"execution_duration":1651,"uploading_duration":668,"executable":"ellipsoids-openmp","args":["1.dat","118.log","118.xoutput"],"id":69,"resource":"2560","request_start":1576624311251,"request_end":1576624315488,"request_duration":4237,"type":"2560"}
{"start":1576624311981,"end":1576624315429,"duration":3448,"downloading_duration":1169,"execution_duration":1670,"uploading_duration":609,"executable":"ellipsoids-openmp","args":["3.dat","34.log","34.xoutput"],"id":145,"resource":"2560","request_start":1576624311339,"request_end":1576624315490,"request_duration":4151,"type":"2560"}
{"start":1576624311943,"end":1576624315472,"duration":3529,"downloading_duration":1280,"execution_duration":1632,"uploading_duration":617,"executable":"ellipsoids-openmp","args":["1.dat","132.log","132.xoutput"],"id":83,"resource":"2560","request_start":1576624311264,"request_end":1576624315518,"request_duration":4254,"type":"2560"}
{"start":1576624311920,"end":1576624316545,"duration":4625,"downloading_duration":2301,"execution_duration":1707,"uploading_duration":617,"executable":"ellipsoids-openmp","args":["1.dat","110.log","110.xoutput"],"id":61,"resource":"2560","request_start":1576624311243,"request_end":1576624316565,"request_duration":5322,"type":"2560"}
{"start":1576624315236,"end":1576624318491,"duration":3255,"downloading_duration":1066,"execution_duration":1610,"uploading_duration":579,"executable":"ellipsoids-openmp","args":["3.dat","314.log","314.xoutput"],"id":155,"resource":"2560","request_start":1576624311351,"request_end":1576624318513,"request_duration":7162,"type":"2560"}
{"start":1576624315346,"end":1576624318492,"duration":3146,"downloading_duration":992,"execution_duration":1575,"uploading_duration":579,"executable":"ellipsoids-openmp","args":["3.dat","336.log","336.xoutput"],"id":177,"resource":"2560","request_start":1576624311368,"request_end":1576624318516,"request_duration":7148,"type":"2560"}
{"start":1576624315284,"end":1576624318494,"duration":3210,"downloading_duration":1035,"execution_duration":1615,"uploading_duration":560,"executable":"ellipsoids-openmp","args":["3.dat","328.log","328.xoutput"],"id":169,"resource":"2560","request_start":1576624311362,"request_end":1576624318517,"request_duration":7155,"type":"2560"}
{"start":1576624315261,"end":1576624318500,"duration":3239,"downloading_duration":988,"execution_duration":1657,"uploading_duration":594,"executable":"ellipsoids-openmp","args":["3.dat","315.log","315.xoutput"],"id":156,"resource":"2560","request_start":1576624311352,"request_end":1576624318523,"request_duration":7171,"type":"2560"}
{"start":1576624315265,"end":1576624318508,"duration":3243,"downloading_duration":998,"execution_duration":1688,"uploading_duration":557,"executable":"ellipsoids-openmp","args":["3.dat","317.log","317.xoutput"],"id":158,"resource":"2560","request_start":1576624311353,"request_end":1576624318529,"request_duration":7176,"type":"2560"}
{"start":1576624315233,"end":1576624318512,"duration":3279,"downloading_duration":999,"execution_duration":1671,"uploading_duration":609,"executable":"ellipsoids-openmp","args":["3.dat","310.log","310.xoutput"],"id":151,"resource":"2560","request_start":1576624311346,"request_end":1576624318533,"request_duration":7187,"type":"2560"}
{"start":1576624315188,"end":1576624318519,"duration":3331,"downloading_duration":1021,"execution_duration":1708,"uploading_duration":602,"executable":"ellipsoids-openmp","args":["3.dat","36.log","36.xoutput"],"id":147,"resource":"2560","request_start":1576624311342,"request_end":1576624318542,"request_duration":7200,"type":"2560"}
{"start":1576624315220,"end":1576624318525,"duration":3305,"downloading_duration":1092,"execution_duration":1651,"uploading_duration":562,"executable":"ellipsoids-openmp","args":["3.dat","39.log","39.xoutput"],"id":150,"resource":"2560","request_start":1576624311345,"request_end":1576624318546,"request_duration":7201,"type":"2560"}
{"start":1576624315129,"end":1576624318529,"duration":3400,"downloading_duration":1075,"execution_duration":1710,"uploading_duration":615,"executable":"ellipsoids-openmp","args":["3.dat","35.log","35.xoutput"],"id":146,"resource":"2560","request_start":1576624311341,"request_end":1576624318548,"request_duration":7207,"type":"2560"}
{"start":1576624315227,"end":1576624318530,"duration":3303,"downloading_duration":1024,"execution_duration":1694,"uploading_duration":585,"executable":"ellipsoids-openmp","args":["3.dat","312.log","312.xoutput"],"id":153,"resource":"2560","request_start":1576624311348,"request_end":1576624318554,"request_duration":7206,"type":"2560"}
{"start":1576624315266,"end":1576624318542,"duration":3276,"downloading_duration":998,"execution_duration":1695,"uploading_duration":583,"executable":"ellipsoids-openmp","args":["3.dat","321.log","321.xoutput"],"id":162,"resource":"2560","request_start":1576624311357,"request_end":1576624318563,"request_duration":7206,"type":"2560"}
{"start":1576624315224,"end":1576624318556,"duration":3332,"downloading_duration":1092,"execution_duration":1661,"uploading_duration":579,"executable":"ellipsoids-openmp","args":["3.dat","311.log","311.xoutput"],"id":152,"resource":"2560","request_start":1576624311347,"request_end":1576624318578,"request_duration":7231,"type":"2560"}
{"start":1576624315235,"end":1576624318561,"duration":3326,"downloading_duration":1014,"execution_duration":1666,"uploading_duration":646,"executable":"ellipsoids-openmp","args":["3.dat","313.log","313.xoutput"],"id":154,"resource":"2560","request_start":1576624311349,"request_end":1576624318582,"request_duration":7233,"type":"2560"}
{"start":1576624315213,"end":1576624318573,"duration":3360,"downloading_duration":1085,"execution_duration":1699,"uploading_duration":576,"executable":"ellipsoids-openmp","args":["3.dat","38.log","38.xoutput"],"id":149,"resource":"2560","request_start":1576624311344,"request_end":1576624318597,"request_duration":7253,"type":"2560"}
{"start":1576624315266,"end":1576624318587,"duration":3321,"downloading_duration":1070,"execution_duration":1664,"uploading_duration":587,"executable":"ellipsoids-openmp","args":["3.dat","318.log","318.xoutput"],"id":159,"resource":"2560","request_start":1576624311354,"request_end":1576624318615,"request_duration":7261,"type":"2560"}
{"start":1576624315265,"end":1576624318591,"duration":3326,"downloading_duration":996,"execution_duration":1721,"uploading_duration":609,"executable":"ellipsoids-openmp","args":["3.dat","322.log","322.xoutput"],"id":163,"resource":"2560","request_start":1576624311357,"request_end":1576624318617,"request_duration":7260,"type":"2560"}
{"start":1576624315274,"end":1576624318601,"duration":3327,"downloading_duration":1088,"execution_duration":1647,"uploading_duration":592,"executable":"ellipsoids-openmp","args":["3.dat","324.log","324.xoutput"],"id":165,"resource":"2560","request_start":1576624311359,"request_end":1576624318622,"request_duration":7263,"type":"2560"}
{"start":1576624315320,"end":1576624318608,"duration":3288,"downloading_duration":982,"execution_duration":1735,"uploading_duration":571,"executable":"ellipsoids-openmp","args":["3.dat","334.log","334.xoutput"],"id":175,"resource":"2560","request_start":1576624311366,"request_end":1576624318630,"request_duration":7264,"type":"2560"}
{"start":1576624315287,"end":1576624318612,"duration":3325,"downloading_duration":1081,"execution_duration":1648,"uploading_duration":596,"executable":"ellipsoids-openmp","args":["3.dat","330.log","330.xoutput"],"id":171,"resource":"2560","request_start":1576624311364,"request_end":1576624318637,"request_duration":7273,"type":"2560"}
{"start":1576624315286,"end":1576624318613,"duration":3327,"downloading_duration":1001,"execution_duration":1707,"uploading_duration":619,"executable":"ellipsoids-openmp","args":["3.dat","329.log","329.xoutput"],"id":170,"resource":"2560","request_start":1576624311363,"request_end":1576624318639,"request_duration":7276,"type":"2560"}
{"start":1576624315264,"end":1576624318622,"duration":3358,"downloading_duration":1082,"execution_duration":1693,"uploading_duration":583,"executable":"ellipsoids-openmp","args":["3.dat","316.log","316.xoutput"],"id":157,"resource":"2560","request_start":1576624311353,"request_end":1576624318645,"request_duration":7292,"type":"2560"}
{"start":1576624315295,"end":1576624318622,"duration":3327,"downloading_duration":1109,"execution_duration":1628,"uploading_duration":590,"executable":"ellipsoids-openmp","args":["3.dat","331.log","331.xoutput"],"id":172,"resource":"2560","request_start":1576624311364,"request_end":1576624318647,"request_duration":7283,"type":"2560"}
{"start":1576624315311,"end":1576624318626,"duration":3315,"downloading_duration":1013,"execution_duration":1716,"uploading_duration":586,"executable":"ellipsoids-openmp","args":["3.dat","332.log","332.xoutput"],"id":173,"resource":"2560","request_start":1576624311365,"request_end":1576624318650,"request_duration":7285,"type":"2560"}
{"start":1576624315340,"end":1576624318642,"duration":3302,"downloading_duration":1013,"execution_duration":1704,"uploading_duration":585,"executable":"ellipsoids-openmp","args":["3.dat","335.log","335.xoutput"],"id":176,"resource":"2560","request_start":1576624311368,"request_end":1576624318661,"request_duration":7293,"type":"2560"}
{"start":1576624315271,"end":1576624318652,"duration":3381,"downloading_duration":1071,"execution_duration":1710,"uploading_duration":600,"executable":"ellipsoids-openmp","args":["3.dat","325.log","325.xoutput"],"id":166,"resource":"2560","request_start":1576624311360,"request_end":1576624318671,"request_duration":7311,"type":"2560"}
{"start":1576624315317,"end":1576624318656,"duration":3339,"downloading_duration":982,"execution_duration":1741,"uploading_duration":616,"executable":"ellipsoids-openmp","args":["3.dat","333.log","333.xoutput"],"id":174,"resource":"2560","request_start":1576624311365,"request_end":1576624318680,"request_duration":7315,"type":"2560"}
{"start":1576624315344,"end":1576624318659,"duration":3315,"downloading_duration":1020,"execution_duration":1668,"uploading_duration":627,"executable":"ellipsoids-openmp","args":["3.dat","338.log","338.xoutput"],"id":179,"resource":"2560","request_start":1576624311369,"request_end":1576624318682,"request_duration":7313,"type":"2560"}
{"start":1576624315274,"end":1576624318664,"duration":3390,"downloading_duration":1080,"execution_duration":1704,"uploading_duration":606,"executable":"ellipsoids-openmp","args":["3.dat","323.log","323.xoutput"],"id":164,"resource":"2560","request_start":1576624311358,"request_end":1576624318690,"request_duration":7332,"type":"2560"}
{"start":1576624315266,"end":1576624318669,"duration":3403,"downloading_duration":1075,"execution_duration":1716,"uploading_duration":612,"executable":"ellipsoids-openmp","args":["3.dat","320.log","320.xoutput"],"id":161,"resource":"2560","request_start":1576624311356,"request_end":1576624318692,"request_duration":7336,"type":"2560"}
{"start":1576624315283,"end":1576624318672,"duration":3389,"downloading_duration":1064,"execution_duration":1712,"uploading_duration":613,"executable":"ellipsoids-openmp","args":["3.dat","327.log","327.xoutput"],"id":168,"resource":"2560","request_start":1576624311361,"request_end":1576624318696,"request_duration":7335,"type":"2560"}
{"start":1576624315198,"end":1576624318689,"duration":3491,"downloading_duration":1181,"execution_duration":1707,"uploading_duration":603,"executable":"ellipsoids-openmp","args":["3.dat","37.log","37.xoutput"],"id":148,"resource":"2560","request_start":1576624311343,"request_end":1576624318709,"request_duration":7366,"type":"2560"}
{"start":1576624315266,"end":1576624318713,"duration":3447,"downloading_duration":1082,"execution_duration":1719,"uploading_duration":646,"executable":"ellipsoids-openmp","args":["3.dat","319.log","319.xoutput"],"id":160,"resource":"2560","request_start":1576624311355,"request_end":1576624318732,"request_duration":7377,"type":"2560"}
{"start":1576624315346,"end":1576624318743,"duration":3397,"downloading_duration":1032,"execution_duration":1733,"uploading_duration":632,"executable":"ellipsoids-openmp","args":["3.dat","337.log","337.xoutput"],"id":178,"resource":"2560","request_start":1576624311369,"request_end":1576624318763,"request_duration":7394,"type":"2560"}
{"start":1576624315526,"end":1576624318756,"duration":3230,"downloading_duration":1022,"execution_duration":1652,"uploading_duration":556,"executable":"ellipsoids-openmp","args":["3.dat","342.log","342.xoutput"],"id":183,"resource":"2560","request_start":1576624311372,"request_end":1576624318775,"request_duration":7403,"type":"2560"}
{"start":1576624315281,"end":1576624318758,"duration":3477,"downloading_duration":1178,"execution_duration":1704,"uploading_duration":595,"executable":"ellipsoids-openmp","args":["3.dat","326.log","326.xoutput"],"id":167,"resource":"2560","request_start":1576624311361,"request_end":1576624318780,"request_duration":7419,"type":"2560"}
{"start":1576624315517,"end":1576624318765,"duration":3248,"downloading_duration":1044,"execution_duration":1622,"uploading_duration":582,"executable":"ellipsoids-openmp","args":["3.dat","339.log","339.xoutput"],"id":180,"resource":"2560","request_start":1576624311370,"request_end":1576624318788,"request_duration":7418,"type":"2560"}
{"start":1576624315524,"end":1576624318853,"duration":3329,"downloading_duration":1009,"execution_duration":1741,"uploading_duration":579,"executable":"ellipsoids-openmp","args":["3.dat","341.log","341.xoutput"],"id":182,"resource":"2560","request_start":1576624311371,"request_end":1576624318872,"request_duration":7501,"type":"2560"}
{"start":1576624315525,"end":1576624318910,"duration":3385,"downloading_duration":1098,"execution_duration":1721,"uploading_duration":566,"executable":"ellipsoids-openmp","args":["3.dat","343.log","343.xoutput"],"id":184,"resource":"2560","request_start":1576624311372,"request_end":1576624318928,"request_duration":7556,"type":"2560"}
{"start":1576624315535,"end":1576624318911,"duration":3376,"downloading_duration":997,"execution_duration":1774,"uploading_duration":605,"executable":"ellipsoids-openmp","args":["0.dat","09.log","09.xoutput"],"id":15,"resource":"2560","request_start":1576624311418,"request_end":1576624318932,"request_duration":7514,"type":"2560"}
{"start":1576624315545,"end":1576624318916,"duration":3371,"downloading_duration":999,"execution_duration":1788,"uploading_duration":584,"executable":"ellipsoids-openmp","args":["0.dat","012.log","012.xoutput"],"id":18,"resource":"2560","request_start":1576624311422,"request_end":1576624318940,"request_duration":7518,"type":"2560"}
{"start":1576624315534,"end":1576624318929,"duration":3395,"downloading_duration":1013,"execution_duration":1766,"uploading_duration":616,"executable":"ellipsoids-openmp","args":["0.dat","04.log","04.xoutput"],"id":10,"resource":"2560","request_start":1576624311415,"request_end":1576624318947,"request_duration":7532,"type":"2560"}
{"start":1576624315535,"end":1576624318938,"duration":3403,"downloading_duration":997,"execution_duration":1832,"uploading_duration":574,"executable":"ellipsoids-openmp","args":["0.dat","011.log","011.xoutput"],"id":17,"resource":"2560","request_start":1576624311422,"request_end":1576624318957,"request_duration":7535,"type":"2560"}
{"start":1576624315534,"end":1576624318948,"duration":3414,"downloading_duration":1086,"execution_duration":1720,"uploading_duration":608,"executable":"ellipsoids-openmp","args":["0.dat","08.log","08.xoutput"],"id":14,"resource":"2560","request_start":1576624311418,"request_end":1576624318969,"request_duration":7551,"type":"2560"}
{"start":1576624315535,"end":1576624318962,"duration":3427,"downloading_duration":989,"execution_duration":1771,"uploading_duration":667,"executable":"ellipsoids-openmp","args":["0.dat","010.log","010.xoutput"],"id":16,"resource":"2560","request_start":1576624311421,"request_end":1576624318983,"request_duration":7562,"type":"2560"}
{"start":1576624315531,"end":1576624318958,"duration":3427,"downloading_duration":1024,"execution_duration":1781,"uploading_duration":622,"executable":"ellipsoids-openmp","args":["0.dat","05.log","05.xoutput"],"id":11,"resource":"2560","request_start":1576624311416,"request_end":1576624318986,"request_duration":7570,"type":"2560"}
{"start":1576624315532,"end":1576624319020,"duration":3488,"downloading_duration":1078,"execution_duration":1796,"uploading_duration":614,"executable":"ellipsoids-openmp","args":["0.dat","07.log","07.xoutput"],"id":13,"resource":"2560","request_start":1576624311417,"request_end":1576624319041,"request_duration":7624,"type":"2560"}
{"start":1576624315528,"end":1576624319035,"duration":3507,"downloading_duration":1156,"execution_duration":1654,"uploading_duration":697,"executable":"ellipsoids-openmp","args":["3.dat","344.log","344.xoutput"],"id":185,"resource":"2560","request_start":1576624311373,"request_end":1576624319057,"request_duration":7684,"type":"2560"}
{"start":1576624315533,"end":1576624319045,"duration":3512,"downloading_duration":1006,"execution_duration":1788,"uploading_duration":718,"executable":"ellipsoids-openmp","args":["0.dat","06.log","06.xoutput"],"id":12,"resource":"2560","request_start":1576624311417,"request_end":1576624319064,"request_duration":7647,"type":"2560"}
{"start":1576624315525,"end":1576624319108,"duration":3583,"downloading_duration":1075,"execution_duration":1678,"uploading_duration":830,"executable":"ellipsoids-openmp","args":["3.dat","340.log","340.xoutput"],"id":181,"resource":"2560","request_start":1576624311371,"request_end":1576624319129,"request_duration":7758,"type":"2560"}
{"start":1576624316594,"end":1576624320010,"duration":3416,"downloading_duration":1028,"execution_duration":1816,"uploading_duration":572,"executable":"ellipsoids-openmp","args":["0.dat","013.log","013.xoutput"],"id":19,"resource":"2560","request_start":1576624311423,"request_end":1576624320033,"request_duration":8610,"type":"2560"}
{"start":1576624318614,"end":1576624321909,"duration":3295,"downloading_duration":995,"execution_duration":1714,"uploading_duration":586,"executable":"ellipsoids-openmp","args":["0.dat","026.log","026.xoutput"],"id":32,"resource":"2560","request_start":1576624311429,"request_end":1576624321929,"request_duration":10500,"type":"2560"}
{"start":1576624318557,"end":1576624321940,"duration":3383,"downloading_duration":997,"execution_duration":1821,"uploading_duration":565,"executable":"ellipsoids-openmp","args":["0.dat","019.log","019.xoutput"],"id":25,"resource":"2560","request_start":1576624311426,"request_end":1576624321963,"request_duration":10537,"type":"2560"}
{"start":1576624318558,"end":1576624321969,"duration":3411,"downloading_duration":998,"execution_duration":1806,"uploading_duration":607,"executable":"ellipsoids-openmp","args":["0.dat","018.log","018.xoutput"],"id":24,"resource":"2560","request_start":1576624311425,"request_end":1576624321989,"request_duration":10564,"type":"2560"}
{"start":1576624318567,"end":1576624321979,"duration":3412,"downloading_duration":1003,"execution_duration":1820,"uploading_duration":589,"executable":"ellipsoids-openmp","args":["0.dat","020.log","020.xoutput"],"id":26,"resource":"2560","request_start":1576624311426,"request_end":1576624321999,"request_duration":10573,"type":"2560"}
{"start":1576624318594,"end":1576624321991,"duration":3397,"downloading_duration":989,"execution_duration":1749,"uploading_duration":659,"executable":"ellipsoids-openmp","args":["0.dat","024.log","024.xoutput"],"id":30,"resource":"2560","request_start":1576624311428,"request_end":1576624322012,"request_duration":10584,"type":"2560"}
{"start":1576624318541,"end":1576624322013,"duration":3472,"downloading_duration":1151,"execution_duration":1723,"uploading_duration":598,"executable":"ellipsoids-openmp","args":["0.dat","014.log","014.xoutput"],"id":20,"resource":"2560","request_start":1576624311423,"request_end":1576624322032,"request_duration":10609,"type":"2560"}
{"start":1576624318548,"end":1576624322018,"duration":3470,"downloading_duration":1077,"execution_duration":1792,"uploading_duration":601,"executable":"ellipsoids-openmp","args":["0.dat","016.log","016.xoutput"],"id":22,"resource":"2560","request_start":1576624311424,"request_end":1576624322040,"request_duration":10616,"type":"2560"}
{"start":1576624318545,"end":1576624322023,"duration":3478,"downloading_duration":1026,"execution_duration":1865,"uploading_duration":587,"executable":"ellipsoids-openmp","args":["0.dat","015.log","015.xoutput"],"id":21,"resource":"2560","request_start":1576624311424,"request_end":1576624322046,"request_duration":10622,"type":"2560"}
{"start":1576624318649,"end":1576624322042,"duration":3393,"downloading_duration":992,"execution_duration":1839,"uploading_duration":562,"executable":"ellipsoids-openmp","args":["0.dat","029.log","029.xoutput"],"id":35,"resource":"2560","request_start":1576624311431,"request_end":1576624322063,"request_duration":10632,"type":"2560"}
{"start":1576624318554,"end":1576624322050,"duration":3496,"downloading_duration":994,"execution_duration":1859,"uploading_duration":643,"executable":"ellipsoids-openmp","args":["0.dat","017.log","017.xoutput"],"id":23,"resource":"2560","request_start":1576624311425,"request_end":1576624322071,"request_duration":10646,"type":"2560"}
{"start":1576624318588,"end":1576624322058,"duration":3470,"downloading_duration":1094,"execution_duration":1812,"uploading_duration":564,"executable":"ellipsoids-openmp","args":["0.dat","023.log","023.xoutput"],"id":29,"resource":"2560","request_start":1576624311428,"request_end":1576624322078,"request_duration":10650,"type":"2560"}
{"start":1576624318580,"end":1576624322068,"duration":3488,"downloading_duration":1011,"execution_duration":1888,"uploading_duration":589,"executable":"ellipsoids-openmp","args":["0.dat","022.log","022.xoutput"],"id":28,"resource":"2560","request_start":1576624311427,"request_end":1576624322100,"request_duration":10673,"type":"2560"}
{"start":1576624318673,"end":1576624322070,"duration":3397,"downloading_duration":998,"execution_duration":1822,"uploading_duration":577,"executable":"ellipsoids-openmp","args":["0.dat","034.log","034.xoutput"],"id":40,"resource":"2560","request_start":1576624311433,"request_end":1576624322103,"request_duration":10670,"type":"2560"}
{"start":1576624318575,"end":1576624322079,"duration":3504,"downloading_duration":1090,"execution_duration":1833,"uploading_duration":581,"executable":"ellipsoids-openmp","args":["0.dat","021.log","021.xoutput"],"id":27,"resource":"2560","request_start":1576624311427,"request_end":1576624322105,"request_duration":10678,"type":"2560"}
{"start":1576624318655,"end":1576624322081,"duration":3426,"downloading_duration":996,"execution_duration":1771,"uploading_duration":659,"executable":"ellipsoids-openmp","args":["0.dat","030.log","030.xoutput"],"id":36,"resource":"2560","request_start":1576624311431,"request_end":1576624322113,"request_duration":10682,"type":"2560"}
{"start":1576624318608,"end":1576624322088,"duration":3480,"downloading_duration":993,"execution_duration":1887,"uploading_duration":600,"executable":"ellipsoids-openmp","args":["0.dat","025.log","025.xoutput"],"id":31,"resource":"2560","request_start":1576624311429,"request_end":1576624322115,"request_duration":10686,"type":"2560"}
{"start":1576624318660,"end":1576624322089,"duration":3429,"downloading_duration":1030,"execution_duration":1830,"uploading_duration":569,"executable":"ellipsoids-openmp","args":["0.dat","031.log","031.xoutput"],"id":37,"resource":"2560","request_start":1576624311432,"request_end":1576624322117,"request_duration":10685,"type":"2560"}
{"start":1576624318677,"end":1576624322106,"duration":3429,"downloading_duration":1001,"execution_duration":1839,"uploading_duration":589,"executable":"ellipsoids-openmp","args":["0.dat","035.log","035.xoutput"],"id":41,"resource":"2560","request_start":1576624311434,"request_end":1576624322133,"request_duration":10699,"type":"2560"}
{"start":1576624318662,"end":1576624322117,"duration":3455,"downloading_duration":1073,"execution_duration":1797,"uploading_duration":585,"executable":"ellipsoids-openmp","args":["0.dat","032.log","032.xoutput"],"id":38,"resource":"2560","request_start":1576624311432,"request_end":1576624322140,"request_duration":10708,"type":"2560"}
{"start":1576624318624,"end":1576624322144,"duration":3520,"downloading_duration":1004,"execution_duration":1898,"uploading_duration":618,"executable":"ellipsoids-openmp","args":["0.dat","027.log","027.xoutput"],"id":33,"resource":"2560","request_start":1576624311430,"request_end":1576624322164,"request_duration":10734,"type":"2560"}
{"start":1576624318709,"end":1576624322152,"duration":3443,"downloading_duration":988,"execution_duration":1889,"uploading_duration":566,"executable":"ellipsoids-openmp","args":["0.dat","040.log","040.xoutput"],"id":46,"resource":"2560","request_start":1576624311436,"request_end":1576624322172,"request_duration":10736,"type":"2560"}
{"start":1576624318687,"end":1576624322157,"duration":3470,"downloading_duration":1005,"execution_duration":1849,"uploading_duration":616,"executable":"ellipsoids-openmp","args":["0.dat","037.log","037.xoutput"],"id":43,"resource":"2560","request_start":1576624311435,"request_end":1576624322179,"request_duration":10744,"type":"2560"}
{"start":1576624318811,"end":1576624322159,"duration":3348,"downloading_duration":1068,"execution_duration":1720,"uploading_duration":560,"executable":"ellipsoids-openmp","args":["2.dat","24.log","24.xoutput"],"id":100,"resource":"2560","request_start":1576624311447,"request_end":1576624322183,"request_duration":10736,"type":"2560"}
{"start":1576624318642,"end":1576624322167,"duration":3525,"downloading_duration":1073,"execution_duration":1791,"uploading_duration":661,"executable":"ellipsoids-openmp","args":["0.dat","028.log","028.xoutput"],"id":34,"resource":"2560","request_start":1576624311430,"request_end":1576624322190,"request_duration":10760,"type":"2560"}
{"start":1576624318718,"end":1576624322199,"duration":3481,"downloading_duration":1074,"execution_duration":1836,"uploading_duration":571,"executable":"ellipsoids-openmp","args":["0.dat","042.log","042.xoutput"],"id":48,"resource":"2560","request_start":1576624311437,"request_end":1576624322219,"request_duration":10782,"type":"2560"}
{"start":1576624318668,"end":1576624322200,"duration":3532,"downloading_duration":1046,"execution_duration":1871,"uploading_duration":615,"executable":"ellipsoids-openmp","args":["0.dat","033.log","033.xoutput"],"id":39,"resource":"2560","request_start":1576624311433,"request_end":1576624322221,"request_duration":10788,"type":"2560"}
{"start":1576624318706,"end":1576624322208,"duration":3502,"downloading_duration":1071,"execution_duration":1818,"uploading_duration":613,"executable":"ellipsoids-openmp","args":["0.dat","038.log","038.xoutput"],"id":44,"resource":"2560","request_start":1576624311435,"request_end":1576624322233,"request_duration":10798,"type":"2560"}
{"start":1576624318725,"end":1576624322208,"duration":3483,"downloading_duration":1071,"execution_duration":1826,"uploading_duration":586,"executable":"ellipsoids-openmp","args":["0.dat","043.log","043.xoutput"],"id":49,"resource":"2560","request_start":1576624311438,"request_end":1576624322234,"request_duration":10796,"type":"2560"}
{"start":1576624318708,"end":1576624322218,"duration":3510,"downloading_duration":1099,"execution_duration":1809,"uploading_duration":602,"executable":"ellipsoids-openmp","args":["0.dat","039.log","039.xoutput"],"id":45,"resource":"2560","request_start":1576624311436,"request_end":1576624322240,"request_duration":10804,"type":"2560"}
{"start":1576624318674,"end":1576624322237,"duration":3563,"downloading_duration":1108,"execution_duration":1834,"uploading_duration":621,"executable":"ellipsoids-openmp","args":["0.dat","036.log","036.xoutput"],"id":42,"resource":"2560","request_start":1576624311434,"request_end":1576624322257,"request_duration":10823,"type":"2560"}
{"start":1576624318761,"end":1576624322241,"duration":3480,"downloading_duration":1002,"execution_duration":1878,"uploading_duration":600,"executable":"ellipsoids-openmp","args":["0.dat","00.log","00.xoutput"],"id":6,"resource":"2560","request_start":1576624311439,"request_end":1576624322262,"request_duration":10823,"type":"2560"}
{"start":1576624318723,"end":1576624322253,"duration":3530,"downloading_duration":991,"execution_duration":1934,"uploading_duration":605,"executable":"ellipsoids-openmp","args":["0.dat","041.log","041.xoutput"],"id":47,"resource":"2560","request_start":1576624311437,"request_end":1576624322275,"request_duration":10838,"type":"2560"}
{"start":1576624318732,"end":1576624322260,"duration":3528,"downloading_duration":1150,"execution_duration":1815,"uploading_duration":563,"executable":"ellipsoids-openmp","args":["0.dat","044.log","044.xoutput"],"id":50,"resource":"2560","request_start":1576624311438,"request_end":1576624322283,"request_duration":10845,"type":"2560"}
{"start":1576624318987,"end":1576624322305,"duration":3318,"downloading_duration":1024,"execution_duration":1736,"uploading_duration":558,"executable":"ellipsoids-openmp","args":["2.dat","210.log","210.xoutput"],"id":106,"resource":"2560","request_start":1576624311450,"request_end":1576624322326,"request_duration":10876,"type":"2560"}
{"start":1576624318790,"end":1576624322305,"duration":3515,"downloading_duration":1098,"execution_duration":1800,"uploading_duration":617,"executable":"ellipsoids-openmp","args":["0.dat","01.log","01.xoutput"],"id":7,"resource":"2560","request_start":1576624311439,"request_end":1576624322328,"request_duration":10889,"type":"2560"}
{"start":1576624318968,"end":1576624322350,"duration":3382,"downloading_duration":1003,"execution_duration":1811,"uploading_duration":568,"executable":"ellipsoids-openmp","args":["2.dat","28.log","28.xoutput"],"id":104,"resource":"2560","request_start":1576624311449,"request_end":1576624322371,"request_duration":10922,"type":"2560"}
{"start":1576624318966,"end":1576624322371,"duration":3405,"downloading_duration":994,"execution_duration":1810,"uploading_duration":601,"executable":"ellipsoids-openmp","args":["2.dat","27.log","27.xoutput"],"id":103,"resource":"2560","request_start":1576624311448,"request_end":1576624322392,"request_duration":10944,"type":"2560"}
{"start":1576624318895,"end":1576624322389,"duration":3494,"downloading_duration":1071,"execution_duration":1872,"uploading_duration":551,"executable":"ellipsoids-openmp","args":["2.dat","25.log","25.xoutput"],"id":101,"resource":"2560","request_start":1576624311447,"request_end":1576624322412,"request_duration":10965,"type":"2560"}
{"start":1576624318806,"end":1576624322394,"duration":3588,"downloading_duration":1183,"execution_duration":1834,"uploading_duration":571,"executable":"ellipsoids-openmp","args":["0.dat","03.log","03.xoutput"],"id":9,"resource":"2560","request_start":1576624311440,"request_end":1576624322415,"request_duration":10975,"type":"2560"}
{"start":1576624318804,"end":1576624322405,"duration":3601,"downloading_duration":1156,"execution_duration":1853,"uploading_duration":592,"executable":"ellipsoids-openmp","args":["0.dat","02.log","02.xoutput"],"id":8,"resource":"2560","request_start":1576624311440,"request_end":1576624322426,"request_duration":10986,"type":"2560"}
{"start":1576624318963,"end":1576624322412,"duration":3449,"downloading_duration":1071,"execution_duration":1787,"uploading_duration":591,"executable":"ellipsoids-openmp","args":["2.dat","26.log","26.xoutput"],"id":102,"resource":"2560","request_start":1576624311448,"request_end":1576624322440,"request_duration":10992,"type":"2560"}
{"start":1576624319015,"end":1576624322447,"duration":3432,"downloading_duration":1013,"execution_duration":1845,"uploading_duration":574,"executable":"ellipsoids-openmp","args":["2.dat","213.log","213.xoutput"],"id":109,"resource":"2560","request_start":1576624311451,"request_end":1576624322469,"request_duration":11018,"type":"2560"}
{"start":1576624319089,"end":1576624322463,"duration":3374,"downloading_duration":1027,"execution_duration":1780,"uploading_duration":567,"executable":"ellipsoids-openmp","args":["2.dat","216.log","216.xoutput"],"id":112,"resource":"2560","request_start":1576624311453,"request_end":1576624322482,"request_duration":11029,"type":"2560"}
{"start":1576624319008,"end":1576624322471,"duration":3463,"downloading_duration":1077,"execution_duration":1780,"uploading_duration":606,"executable":"ellipsoids-openmp","args":["2.dat","212.log","212.xoutput"],"id":108,"resource":"2560","request_start":1576624311451,"request_end":1576624322492,"request_duration":11041,"type":"2560"}
{"start":1576624319080,"end":1576624322531,"duration":3451,"downloading_duration":993,"execution_duration":1872,"uploading_duration":586,"executable":"ellipsoids-openmp","args":["2.dat","214.log","214.xoutput"],"id":110,"resource":"2560","request_start":1576624311452,"request_end":1576624322552,"request_duration":11100,"type":"2560"}
{"start":1576624319156,"end":1576624322546,"duration":3390,"downloading_duration":1031,"execution_duration":1754,"uploading_duration":605,"executable":"ellipsoids-openmp","args":["2.dat","217.log","217.xoutput"],"id":113,"resource":"2560","request_start":1576624311453,"request_end":1576624322567,"request_duration":11114,"type":"2560"}
{"start":1576624319085,"end":1576624322559,"duration":3474,"downloading_duration":1052,"execution_duration":1800,"uploading_duration":622,"executable":"ellipsoids-openmp","args":["2.dat","215.log","215.xoutput"],"id":111,"resource":"2560","request_start":1576624311452,"request_end":1576624322581,"request_duration":11129,"type":"2560"}
{"start":1576624318971,"end":1576624322571,"duration":3600,"downloading_duration":1017,"execution_duration":1873,"uploading_duration":710,"executable":"ellipsoids-openmp","args":["2.dat","29.log","29.xoutput"],"id":105,"resource":"2560","request_start":1576624311449,"request_end":1576624322597,"request_duration":11148,"type":"2560"}
{"start":1576624318997,"end":1576624322678,"duration":3681,"downloading_duration":1021,"execution_duration":1836,"uploading_duration":824,"executable":"ellipsoids-openmp","args":["2.dat","211.log","211.xoutput"],"id":107,"resource":"2560","request_start":1576624311450,"request_end":1576624322697,"request_duration":11247,"type":"2560"}
{"start":1576624320061,"end":1576624323624,"duration":3563,"downloading_duration":1006,"execution_duration":1877,"uploading_duration":680,"executable":"ellipsoids-openmp","args":["2.dat","218.log","218.xoutput"],"id":114,"resource":"2560","request_start":1576624311454,"request_end":1576624323644,"request_duration":12190,"type":"2560"}
{"start":1576624322291,"end":1576624323710,"duration":1419,"downloading_duration":1035,"execution_duration":6,"uploading_duration":378,"executable":"mean-pack-ell","args":["10.xoutput","11.xoutput","12.xoutput","13.xoutput","14.xoutput","15.xoutput","16.xoutput","17.xoutput","18.xoutput","19.xoutput","110.xoutput","111.xoutput","112.xoutput","113.xoutput","114.xoutput","115.xoutput","116.xoutput","117.xoutput","118.xoutput","119.xoutput","120.xoutput","121.xoutput","122.xoutput","123.xoutput","124.xoutput","125.xoutput","126.xoutput","127.xoutput","128.xoutput","129.xoutput","130.xoutput","131.xoutput","132.xoutput","133.xoutput","134.xoutput","135.xoutput","136.xoutput","137.xoutput","138.xoutput","139.xoutput","140.xoutput","141.xoutput","142.xoutput","143.xoutput","144.xoutput","average_1.txt"],"id":187,"resource":"2560","request_start":1576624316567,"request_end":1576624323733,"request_duration":7166,"type":"2560"}
{"start":1576624322310,"end":1576624323796,"duration":1486,"downloading_duration":1092,"execution_duration":4,"uploading_duration":390,"executable":"mean-pack-ell","args":["30.xoutput","31.xoutput","32.xoutput","33.xoutput","34.xoutput","35.xoutput","36.xoutput","37.xoutput","38.xoutput","39.xoutput","310.xoutput","311.xoutput","312.xoutput","313.xoutput","314.xoutput","315.xoutput","316.xoutput","317.xoutput","318.xoutput","319.xoutput","320.xoutput","321.xoutput","322.xoutput","323.xoutput","324.xoutput","325.xoutput","326.xoutput","327.xoutput","328.xoutput","329.xoutput","330.xoutput","331.xoutput","332.xoutput","333.xoutput","334.xoutput","335.xoutput","336.xoutput","337.xoutput","338.xoutput","339.xoutput","340.xoutput","341.xoutput","342.xoutput","343.xoutput","344.xoutput","average_3.txt"],"id":189,"resource":"2560","request_start":1576624319151,"request_end":1576624323818,"request_duration":4667,"type":"2560"}
{"start":1576624322666,"end":1576624324107,"duration":1441,"downloading_duration":1037,"execution_duration":22,"uploading_duration":382,"executable":"mean-pack-ell","args":["00.xoutput","01.xoutput","02.xoutput","03.xoutput","04.xoutput","05.xoutput","06.xoutput","07.xoutput","08.xoutput","09.xoutput","010.xoutput","011.xoutput","012.xoutput","013.xoutput","014.xoutput","015.xoutput","016.xoutput","017.xoutput","018.xoutput","019.xoutput","020.xoutput","021.xoutput","022.xoutput","023.xoutput","024.xoutput","025.xoutput","026.xoutput","027.xoutput","028.xoutput","029.xoutput","030.xoutput","031.xoutput","032.xoutput","033.xoutput","034.xoutput","035.xoutput","036.xoutput","037.xoutput","038.xoutput","039.xoutput","040.xoutput","041.xoutput","042.xoutput","043.xoutput","044.xoutput","average_0.txt"],"id":186,"resource":"2560","request_start":1576624322446,"request_end":1576624324128,"request_duration":1682,"type":"2560"}
{"start":1576624321996,"end":1576624325310,"duration":3314,"downloading_duration":984,"execution_duration":1768,"uploading_duration":562,"executable":"ellipsoids-openmp","args":["2.dat","220.log","220.xoutput"],"id":116,"resource":"2560","request_start":1576624311455,"request_end":1576624325331,"request_duration":13876,"type":"2560"}
{"start":1576624321965,"end":1576624325334,"duration":3369,"downloading_duration":1030,"execution_duration":1738,"uploading_duration":601,"executable":"ellipsoids-openmp","args":["2.dat","219.log","219.xoutput"],"id":115,"resource":"2560","request_start":1576624311454,"request_end":1576624325352,"request_duration":13898,"type":"2560"}
{"start":1576624322015,"end":1576624325350,"duration":3335,"downloading_duration":985,"execution_duration":1719,"uploading_duration":631,"executable":"ellipsoids-openmp","args":["2.dat","221.log","221.xoutput"],"id":117,"resource":"2560","request_start":1576624311455,"request_end":1576624325376,"request_duration":13921,"type":"2560"}
{"start":1576624322033,"end":1576624325460,"duration":3427,"downloading_duration":1006,"execution_duration":1827,"uploading_duration":594,"executable":"ellipsoids-openmp","args":["2.dat","222.log","222.xoutput"],"id":118,"resource":"2560","request_start":1576624311456,"request_end":1576624325482,"request_duration":14026,"type":"2560"}
{"start":1576624322096,"end":1576624325486,"duration":3390,"downloading_duration":1002,"execution_duration":1826,"uploading_duration":562,"executable":"ellipsoids-openmp","args":["2.dat","228.log","228.xoutput"],"id":124,"resource":"2560","request_start":1576624311459,"request_end":1576624325505,"request_duration":14046,"type":"2560"}
{"start":1576624322070,"end":1576624325504,"duration":3434,"downloading_duration":1033,"execution_duration":1849,"uploading_duration":552,"executable":"ellipsoids-openmp","args":["2.dat","225.log","225.xoutput"],"id":121,"resource":"2560","request_start":1576624311457,"request_end":1576624325526,"request_duration":14069,"type":"2560"}
{"start":1576624322089,"end":1576624325542,"duration":3453,"downloading_duration":999,"execution_duration":1875,"uploading_duration":579,"executable":"ellipsoids-openmp","args":["2.dat","227.log","227.xoutput"],"id":123,"resource":"2560","request_start":1576624311459,"request_end":1576624325562,"request_duration":14103,"type":"2560"}
{"start":1576624322062,"end":1576624325551,"duration":3489,"downloading_duration":1033,"execution_duration":1820,"uploading_duration":636,"executable":"ellipsoids-openmp","args":["2.dat","224.log","224.xoutput"],"id":120,"resource":"2560","request_start":1576624311457,"request_end":1576624325573,"request_duration":14116,"type":"2560"}
{"start":1576624322077,"end":1576624325554,"duration":3477,"downloading_duration":1013,"execution_duration":1898,"uploading_duration":566,"executable":"ellipsoids-openmp","args":["2.dat","226.log","226.xoutput"],"id":122,"resource":"2560","request_start":1576624311458,"request_end":1576624325575,"request_duration":14117,"type":"2560"}
{"start":1576624322130,"end":1576624325554,"duration":3424,"downloading_duration":1030,"execution_duration":1813,"uploading_duration":581,"executable":"ellipsoids-openmp","args":["2.dat","231.log","231.xoutput"],"id":127,"resource":"2560","request_start":1576624311461,"request_end":1576624325577,"request_duration":14116,"type":"2560"}
{"start":1576624322039,"end":1576624325557,"duration":3518,"downloading_duration":1036,"execution_duration":1868,"uploading_duration":614,"executable":"ellipsoids-openmp","args":["2.dat","223.log","223.xoutput"],"id":119,"resource":"2560","request_start":1576624311456,"request_end":1576624325582,"request_duration":14126,"type":"2560"}
{"start":1576624322164,"end":1576624325560,"duration":3396,"downloading_duration":1037,"execution_duration":1762,"uploading_duration":597,"executable":"ellipsoids-openmp","args":["2.dat","237.log","237.xoutput"],"id":133,"resource":"2560","request_start":1576624311464,"request_end":1576624325584,"request_duration":14120,"type":"2560"}
{"start":1576624322104,"end":1576624325566,"duration":3462,"downloading_duration":1036,"execution_duration":1833,"uploading_duration":593,"executable":"ellipsoids-openmp","args":["2.dat","229.log","229.xoutput"],"id":125,"resource":"2560","request_start":1576624311460,"request_end":1576624325591,"request_duration":14131,"type":"2560"}
{"start":1576624322134,"end":1576624325572,"duration":3438,"downloading_duration":1035,"execution_duration":1822,"uploading_duration":581,"executable":"ellipsoids-openmp","args":["2.dat","232.log","232.xoutput"],"id":128,"resource":"2560","request_start":1576624311461,"request_end":1576624325592,"request_duration":14131,"type":"2560"}
{"start":1576624322161,"end":1576624325583,"duration":3422,"downloading_duration":980,"execution_duration":1831,"uploading_duration":611,"executable":"ellipsoids-openmp","args":["2.dat","236.log","236.xoutput"],"id":132,"resource":"2560","request_start":1576624311463,"request_end":1576624325602,"request_duration":14139,"type":"2560"}
{"start":1576624322146,"end":1576624325633,"duration":3487,"downloading_duration":1156,"execution_duration":1770,"uploading_duration":561,"executable":"ellipsoids-openmp","args":["2.dat","235.log","235.xoutput"],"id":131,"resource":"2560","request_start":1576624311463,"request_end":1576624325653,"request_duration":14190,"type":"2560"}
{"start":1576624322129,"end":1576624325634,"duration":3505,"downloading_duration":989,"execution_duration":1830,"uploading_duration":686,"executable":"ellipsoids-openmp","args":["2.dat","230.log","230.xoutput"],"id":126,"resource":"2560","request_start":1576624311460,"request_end":1576624325656,"request_duration":14196,"type":"2560"}
{"start":1576624322143,"end":1576624325636,"duration":3493,"downloading_duration":1000,"execution_duration":1903,"uploading_duration":590,"executable":"ellipsoids-openmp","args":["2.dat","233.log","233.xoutput"],"id":129,"resource":"2560","request_start":1576624311462,"request_end":1576624325662,"request_duration":14200,"type":"2560"}
{"start":1576624322142,"end":1576624325644,"duration":3502,"downloading_duration":1075,"execution_duration":1844,"uploading_duration":583,"executable":"ellipsoids-openmp","args":["2.dat","234.log","234.xoutput"],"id":130,"resource":"2560","request_start":1576624311462,"request_end":1576624325665,"request_duration":14203,"type":"2560"}
{"start":1576624322221,"end":1576624325645,"duration":3424,"downloading_duration":1003,"execution_duration":1857,"uploading_duration":564,"executable":"ellipsoids-openmp","args":["2.dat","242.log","242.xoutput"],"id":138,"resource":"2560","request_start":1576624311467,"request_end":1576624325667,"request_duration":14200,"type":"2560"}
{"start":1576624322204,"end":1576624325667,"duration":3463,"downloading_duration":1006,"execution_duration":1850,"uploading_duration":607,"executable":"ellipsoids-openmp","args":["2.dat","239.log","239.xoutput"],"id":135,"resource":"2560","request_start":1576624311465,"request_end":1576624325687,"request_duration":14222,"type":"2560"}
{"start":1576624322204,"end":1576624325680,"duration":3476,"downloading_duration":1033,"execution_duration":1880,"uploading_duration":563,"executable":"ellipsoids-openmp","args":["2.dat","240.log","240.xoutput"],"id":136,"resource":"2560","request_start":1576624311466,"request_end":1576624325702,"request_duration":14236,"type":"2560"}
{"start":1576624322212,"end":1576624325708,"duration":3496,"downloading_duration":1008,"execution_duration":1897,"uploading_duration":591,"executable":"ellipsoids-openmp","args":["2.dat","241.log","241.xoutput"],"id":137,"resource":"2560","request_start":1576624311466,"request_end":1576624325728,"request_duration":14262,"type":"2560"}
{"start":1576624322192,"end":1576624325713,"duration":3521,"downloading_duration":1031,"execution_duration":1833,"uploading_duration":657,"executable":"ellipsoids-openmp","args":["2.dat","238.log","238.xoutput"],"id":134,"resource":"2560","request_start":1576624311464,"request_end":1576624325734,"request_duration":14270,"type":"2560"}
{"start":1576624322245,"end":1576624325717,"duration":3472,"downloading_duration":1067,"execution_duration":1805,"uploading_duration":600,"executable":"ellipsoids-openmp","args":["2.dat","243.log","243.xoutput"],"id":139,"resource":"2560","request_start":1576624311467,"request_end":1576624325737,"request_duration":14270,"type":"2560"}
{"start":1576624322266,"end":1576624325771,"duration":3505,"downloading_duration":1139,"execution_duration":1795,"uploading_duration":571,"executable":"ellipsoids-openmp","args":["2.dat","21.log","21.xoutput"],"id":97,"resource":"2560","request_start":1576624311469,"request_end":1576624325791,"request_duration":14322,"type":"2560"}
{"start":1576624322263,"end":1576624325844,"duration":3581,"downloading_duration":1087,"execution_duration":1877,"uploading_duration":617,"executable":"ellipsoids-openmp","args":["2.dat","22.log","22.xoutput"],"id":98,"resource":"2560","request_start":1576624311470,"request_end":1576624325864,"request_duration":14394,"type":"2560"}
{"start":1576624322282,"end":1576624325846,"duration":3564,"downloading_duration":1171,"execution_duration":1806,"uploading_duration":587,"executable":"ellipsoids-openmp","args":["2.dat","23.log","23.xoutput"],"id":99,"resource":"2560","request_start":1576624311470,"request_end":1576624325866,"request_duration":14396,"type":"2560"}
{"start":1576624322261,"end":1576624325863,"duration":3602,"downloading_duration":1069,"execution_duration":1899,"uploading_duration":634,"executable":"ellipsoids-openmp","args":["2.dat","20.log","20.xoutput"],"id":96,"resource":"2560","request_start":1576624311469,"request_end":1576624325882,"request_duration":14413,"type":"2560"}
{"start":1576624322249,"end":1576624325891,"duration":3642,"downloading_duration":1010,"execution_duration":1859,"uploading_duration":773,"executable":"ellipsoids-openmp","args":["2.dat","244.log","244.xoutput"],"id":140,"resource":"2560","request_start":1576624311468,"request_end":1576624325909,"request_duration":14441,"type":"2560"}
{"start":1576624326074,"end":1576624327535,"duration":1461,"downloading_duration":1027,"execution_duration":4,"uploading_duration":430,"executable":"mean-pack-ell","args":["20.xoutput","21.xoutput","22.xoutput","23.xoutput","24.xoutput","25.xoutput","26.xoutput","27.xoutput","28.xoutput","29.xoutput","210.xoutput","211.xoutput","212.xoutput","213.xoutput","214.xoutput","215.xoutput","216.xoutput","217.xoutput","218.xoutput","219.xoutput","220.xoutput","221.xoutput","222.xoutput","223.xoutput","224.xoutput","225.xoutput","226.xoutput","227.xoutput","228.xoutput","229.xoutput","230.xoutput","231.xoutput","232.xoutput","233.xoutput","234.xoutput","235.xoutput","236.xoutput","237.xoutput","238.xoutput","239.xoutput","240.xoutput","241.xoutput","242.xoutput","243.xoutput","244.xoutput","average_2.txt"],"id":188,"resource":"2560","request_start":1576624325923,"request_end":1576624327557,"request_duration":1634,"type":"2560"}
{"start":1576624327673,"end":1576624328542,"duration":869,"downloading_duration":376,"execution_duration":64,"uploading_duration":429,"executable":"summary.js","args":[],"id":190,"resource":"2560","request_start":1576624327568,"request_end":1576624328558,"request_duration":990,"type":"2560"}
