{"start":1576624288684,"end":1576624289725,"duration":1041,"downloading_duration":559,"execution_duration":70,"uploading_duration":412,"executable":"generateData.js","args":[],"id":1,"resource":"2560","request_start":1576624288066,"request_end":1576624289758,"request_duration":1692,"type":"2560"}
{"start":1576624289887,"end":1576624290751,"duration":864,"downloading_duration":414,"execution_duration":65,"uploading_duration":385,"executable":"createDat.js","args":["0.dat"],"id":2,"resource":"2560","request_start":1576624289772,"request_end":1576624290769,"request_duration":997,"type":"2560"}
{"start":1576624290332,"end":1576624291294,"duration":962,"downloading_duration":497,"execution_duration":68,"uploading_duration":397,"executable":"createDat.js","args":["3.dat"],"id":5,"resource":"2560","request_start":1576624289784,"request_end":1576624291403,"request_duration":1619,"type":"2560"}
{"start":1576624290344,"end":1576624291321,"duration":977,"downloading_duration":517,"execution_duration":71,"uploading_duration":389,"executable":"createDat.js","args":["1.dat"],"id":3,"resource":"2560","request_start":1576624289776,"request_end":1576624291475,"request_duration":1699,"type":"2560"}
{"start":1576624290352,"end":1576624291329,"duration":977,"downloading_duration":495,"execution_duration":71,"uploading_duration":411,"executable":"createDat.js","args":["2.dat"],"id":4,"resource":"2560","request_start":1576624289780,"request_end":1576624291475,"request_duration":1695,"type":"2560"}
{"start":1576624291362,"end":1576624294722,"duration":3360,"downloading_duration":1005,"execution_duration":1769,"uploading_duration":586,"executable":"ellipsoids-openmp","args":["0.dat","08.log","08.xoutput"],"id":14,"resource":"2560","request_start":1576624290817,"request_end":1576624294742,"request_duration":3925,"type":"2560"}
{"start":1576624291364,"end":1576624294754,"duration":3390,"downloading_duration":1035,"execution_duration":1792,"uploading_duration":563,"executable":"ellipsoids-openmp","args":["0.dat","011.log","011.xoutput"],"id":17,"resource":"2560","request_start":1576624290821,"request_end":1576624294774,"request_duration":3953,"type":"2560"}
{"start":1576624291357,"end":1576624294762,"duration":3405,"downloading_duration":996,"execution_duration":1811,"uploading_duration":598,"executable":"ellipsoids-openmp","args":["0.dat","04.log","04.xoutput"],"id":10,"resource":"2560","request_start":1576624290810,"request_end":1576624294781,"request_duration":3971,"type":"2560"}
{"start":1576624291362,"end":1576624294762,"duration":3400,"downloading_duration":1082,"execution_duration":1764,"uploading_duration":554,"executable":"ellipsoids-openmp","args":["0.dat","05.log","05.xoutput"],"id":11,"resource":"2560","request_start":1576624290812,"request_end":1576624294784,"request_duration":3972,"type":"2560"}
{"start":1576624291797,"end":1576624295241,"duration":3444,"downloading_duration":1099,"execution_duration":1783,"uploading_duration":562,"executable":"ellipsoids-openmp","args":["0.dat","021.log","021.xoutput"],"id":27,"resource":"2560","request_start":1576624290833,"request_end":1576624295261,"request_duration":4428,"type":"2560"}
{"start":1576624291778,"end":1576624295272,"duration":3494,"downloading_duration":1103,"execution_duration":1786,"uploading_duration":605,"executable":"ellipsoids-openmp","args":["0.dat","012.log","012.xoutput"],"id":18,"resource":"2560","request_start":1576624290822,"request_end":1576624295293,"request_duration":4471,"type":"2560"}
{"start":1576624291800,"end":1576624295285,"duration":3485,"downloading_duration":1179,"execution_duration":1733,"uploading_duration":573,"executable":"ellipsoids-openmp","args":["0.dat","013.log","013.xoutput"],"id":19,"resource":"2560","request_start":1576624290824,"request_end":1576624295305,"request_duration":4481,"type":"2560"}
{"start":1576624291809,"end":1576624295286,"duration":3477,"downloading_duration":1152,"execution_duration":1773,"uploading_duration":552,"executable":"ellipsoids-openmp","args":["0.dat","022.log","022.xoutput"],"id":28,"resource":"2560","request_start":1576624290834,"request_end":1576624295324,"request_duration":4490,"type":"2560"}
{"start":1576624291783,"end":1576624295303,"duration":3520,"downloading_duration":1095,"execution_duration":1783,"uploading_duration":642,"executable":"ellipsoids-openmp","args":["0.dat","06.log","06.xoutput"],"id":12,"resource":"2560","request_start":1576624290814,"request_end":1576624295326,"request_duration":4512,"type":"2560"}
{"start":1576624291878,"end":1576624295308,"duration":3430,"downloading_duration":1108,"execution_duration":1742,"uploading_duration":580,"executable":"ellipsoids-openmp","args":["0.dat","041.log","041.xoutput"],"id":47,"resource":"2560","request_start":1576624290856,"request_end":1576624295331,"request_duration":4475,"type":"2560"}
{"start":1576624291813,"end":1576624295312,"duration":3499,"downloading_duration":1113,"execution_duration":1779,"uploading_duration":607,"executable":"ellipsoids-openmp","args":["0.dat","018.log","018.xoutput"],"id":24,"resource":"2560","request_start":1576624290830,"request_end":1576624295335,"request_duration":4505,"type":"2560"}
{"start":1576624291785,"end":1576624295317,"duration":3532,"downloading_duration":1152,"execution_duration":1796,"uploading_duration":584,"executable":"ellipsoids-openmp","args":["0.dat","09.log","09.xoutput"],"id":15,"resource":"2560","request_start":1576624290818,"request_end":1576624295352,"request_duration":4534,"type":"2560"}
{"start":1576624291860,"end":1576624295328,"duration":3468,"downloading_duration":1134,"execution_duration":1746,"uploading_duration":588,"executable":"ellipsoids-openmp","args":["0.dat","031.log","031.xoutput"],"id":37,"resource":"2560","request_start":1576624290842,"request_end":1576624295353,"request_duration":4511,"type":"2560"}
{"start":1576624291798,"end":1576624295345,"duration":3547,"downloading_duration":1198,"execution_duration":1733,"uploading_duration":616,"executable":"ellipsoids-openmp","args":["0.dat","015.log","015.xoutput"],"id":21,"resource":"2560","request_start":1576624290826,"request_end":1576624295365,"request_duration":4539,"type":"2560"}
{"start":1576624291804,"end":1576624295348,"duration":3544,"downloading_duration":1194,"execution_duration":1791,"uploading_duration":559,"executable":"ellipsoids-openmp","args":["0.dat","026.log","026.xoutput"],"id":32,"resource":"2560","request_start":1576624290838,"request_end":1576624295368,"request_duration":4530,"type":"2560"}
{"start":1576624291879,"end":1576624295353,"duration":3474,"downloading_duration":1173,"execution_duration":1742,"uploading_duration":559,"executable":"ellipsoids-openmp","args":["0.dat","039.log","039.xoutput"],"id":45,"resource":"2560","request_start":1576624290853,"request_end":1576624295377,"request_duration":4524,"type":"2560"}
{"start":1576624291792,"end":1576624295367,"duration":3575,"downloading_duration":1180,"execution_duration":1802,"uploading_duration":593,"executable":"ellipsoids-openmp","args":["0.dat","014.log","014.xoutput"],"id":20,"resource":"2560","request_start":1576624290825,"request_end":1576624295388,"request_duration":4563,"type":"2560"}
{"start":1576624291783,"end":1576624295375,"duration":3592,"downloading_duration":1253,"execution_duration":1774,"uploading_duration":565,"executable":"ellipsoids-openmp","args":["0.dat","010.log","010.xoutput"],"id":16,"resource":"2560","request_start":1576624290820,"request_end":1576624295398,"request_duration":4578,"type":"2560"}
{"start":1576624291848,"end":1576624295379,"duration":3531,"downloading_duration":1202,"execution_duration":1753,"uploading_duration":576,"executable":"ellipsoids-openmp","args":["0.dat","028.log","028.xoutput"],"id":34,"resource":"2560","request_start":1576624290839,"request_end":1576624295400,"request_duration":4561,"type":"2560"}
{"start":1576624291791,"end":1576624295405,"duration":3614,"downloading_duration":1209,"execution_duration":1803,"uploading_duration":602,"executable":"ellipsoids-openmp","args":["0.dat","020.log","020.xoutput"],"id":26,"resource":"2560","request_start":1576624290832,"request_end":1576624295426,"request_duration":4594,"type":"2560"}
{"start":1576624291856,"end":1576624295412,"duration":3556,"downloading_duration":1144,"execution_duration":1825,"uploading_duration":587,"executable":"ellipsoids-openmp","args":["0.dat","027.log","027.xoutput"],"id":33,"resource":"2560","request_start":1576624290839,"request_end":1576624295433,"request_duration":4594,"type":"2560"}
{"start":1576624291872,"end":1576624295427,"duration":3555,"downloading_duration":1100,"execution_duration":1830,"uploading_duration":625,"executable":"ellipsoids-openmp","args":["0.dat","032.log","032.xoutput"],"id":38,"resource":"2560","request_start":1576624290843,"request_end":1576624295447,"request_duration":4604,"type":"2560"}
{"start":1576624291805,"end":1576624295431,"duration":3626,"downloading_duration":1236,"execution_duration":1808,"uploading_duration":582,"executable":"ellipsoids-openmp","args":["0.dat","017.log","017.xoutput"],"id":23,"resource":"2560","request_start":1576624290829,"request_end":1576624295452,"request_duration":4623,"type":"2560"}
{"start":1576624291820,"end":1576624295449,"duration":3629,"downloading_duration":1150,"execution_duration":1815,"uploading_duration":664,"executable":"ellipsoids-openmp","args":["0.dat","019.log","019.xoutput"],"id":25,"resource":"2560","request_start":1576624290831,"request_end":1576624295469,"request_duration":4638,"type":"2560"}
{"start":1576624291853,"end":1576624295451,"duration":3598,"downloading_duration":1207,"execution_duration":1807,"uploading_duration":584,"executable":"ellipsoids-openmp","args":["0.dat","024.log","024.xoutput"],"id":30,"resource":"2560","request_start":1576624290836,"request_end":1576624295473,"request_duration":4637,"type":"2560"}
{"start":1576624292046,"end":1576624295452,"duration":3406,"downloading_duration":1057,"execution_duration":1749,"uploading_duration":600,"executable":"ellipsoids-openmp","args":["3.dat","31.log","31.xoutput"],"id":142,"resource":"2560","request_start":1576624291418,"request_end":1576624295475,"request_duration":4057,"type":"2560"}
{"start":1576624291853,"end":1576624295461,"duration":3608,"downloading_duration":1229,"execution_duration":1821,"uploading_duration":558,"executable":"ellipsoids-openmp","args":["0.dat","033.log","033.xoutput"],"id":39,"resource":"2560","request_start":1576624290844,"request_end":1576624295486,"request_duration":4642,"type":"2560"}
{"start":1576624291877,"end":1576624295462,"duration":3585,"downloading_duration":1151,"execution_duration":1830,"uploading_duration":604,"executable":"ellipsoids-openmp","args":["0.dat","042.log","042.xoutput"],"id":48,"resource":"2560","request_start":1576624290857,"request_end":1576624295488,"request_duration":4631,"type":"2560"}
{"start":1576624291874,"end":1576624295466,"duration":3592,"downloading_duration":1167,"execution_duration":1811,"uploading_duration":614,"executable":"ellipsoids-openmp","args":["0.dat","044.log","044.xoutput"],"id":50,"resource":"2560","request_start":1576624290859,"request_end":1576624295490,"request_duration":4631,"type":"2560"}
{"start":1576624291879,"end":1576624295467,"duration":3588,"downloading_duration":1135,"execution_duration":1856,"uploading_duration":597,"executable":"ellipsoids-openmp","args":["0.dat","040.log","040.xoutput"],"id":46,"resource":"2560","request_start":1576624290854,"request_end":1576624295492,"request_duration":4638,"type":"2560"}
{"start":1576624291781,"end":1576624295471,"duration":3690,"downloading_duration":1253,"execution_duration":1834,"uploading_duration":603,"executable":"ellipsoids-openmp","args":["0.dat","07.log","07.xoutput"],"id":13,"resource":"2560","request_start":1576624290815,"request_end":1576624295499,"request_duration":4684,"type":"2560"}
{"start":1576624291856,"end":1576624295481,"duration":3625,"downloading_duration":1160,"execution_duration":1899,"uploading_duration":566,"executable":"ellipsoids-openmp","args":["0.dat","034.log","034.xoutput"],"id":40,"resource":"2560","request_start":1576624290845,"request_end":1576624295503,"request_duration":4658,"type":"2560"}
{"start":1576624291873,"end":1576624295482,"duration":3609,"downloading_duration":1158,"execution_duration":1849,"uploading_duration":602,"executable":"ellipsoids-openmp","args":["0.dat","035.log","035.xoutput"],"id":41,"resource":"2560","request_start":1576624290846,"request_end":1576624295504,"request_duration":4658,"type":"2560"}
{"start":1576624291921,"end":1576624295522,"duration":3601,"downloading_duration":1217,"execution_duration":1816,"uploading_duration":568,"executable":"ellipsoids-openmp","args":["0.dat","03.log","03.xoutput"],"id":9,"resource":"2560","request_start":1576624290863,"request_end":1576624295543,"request_duration":4680,"type":"2560"}
{"start":1576624291861,"end":1576624295522,"duration":3661,"downloading_duration":1238,"execution_duration":1803,"uploading_duration":620,"executable":"ellipsoids-openmp","args":["0.dat","029.log","029.xoutput"],"id":35,"resource":"2560","request_start":1576624290840,"request_end":1576624295546,"request_duration":4706,"type":"2560"}
{"start":1576624291897,"end":1576624295540,"duration":3643,"downloading_duration":1197,"execution_duration":1842,"uploading_duration":604,"executable":"ellipsoids-openmp","args":["0.dat","01.log","01.xoutput"],"id":7,"resource":"2560","request_start":1576624290862,"request_end":1576624295561,"request_duration":4699,"type":"2560"}
{"start":1576624291858,"end":1576624295544,"duration":3686,"downloading_duration":1231,"execution_duration":1864,"uploading_duration":591,"executable":"ellipsoids-openmp","args":["0.dat","025.log","025.xoutput"],"id":31,"resource":"2560","request_start":1576624290837,"request_end":1576624295569,"request_duration":4732,"type":"2560"}
{"start":1576624291866,"end":1576624295545,"duration":3679,"downloading_duration":1300,"execution_duration":1811,"uploading_duration":568,"executable":"ellipsoids-openmp","args":["0.dat","037.log","037.xoutput"],"id":43,"resource":"2560","request_start":1576624290850,"request_end":1576624295573,"request_duration":4723,"type":"2560"}
{"start":1576624291872,"end":1576624295547,"duration":3675,"downloading_duration":1242,"execution_duration":1857,"uploading_duration":576,"executable":"ellipsoids-openmp","args":["0.dat","038.log","038.xoutput"],"id":44,"resource":"2560","request_start":1576624290851,"request_end":1576624295575,"request_duration":4724,"type":"2560"}
{"start":1576624291877,"end":1576624295562,"duration":3685,"downloading_duration":1246,"execution_duration":1815,"uploading_duration":624,"executable":"ellipsoids-openmp","args":["0.dat","043.log","043.xoutput"],"id":49,"resource":"2560","request_start":1576624290858,"request_end":1576624295586,"request_duration":4728,"type":"2560"}
{"start":1576624291792,"end":1576624295567,"duration":3775,"downloading_duration":1232,"execution_duration":1836,"uploading_duration":707,"executable":"ellipsoids-openmp","args":["0.dat","023.log","023.xoutput"],"id":29,"resource":"2560","request_start":1576624290835,"request_end":1576624295588,"request_duration":4753,"type":"2560"}
{"start":1576624291852,"end":1576624295584,"duration":3732,"downloading_duration":1238,"execution_duration":1870,"uploading_duration":624,"executable":"ellipsoids-openmp","args":["0.dat","030.log","030.xoutput"],"id":36,"resource":"2560","request_start":1576624290841,"request_end":1576624295604,"request_duration":4763,"type":"2560"}
{"start":1576624292041,"end":1576624295602,"duration":3561,"downloading_duration":1201,"execution_duration":1764,"uploading_duration":596,"executable":"ellipsoids-openmp","args":["3.dat","30.log","30.xoutput"],"id":141,"resource":"2560","request_start":1576624291417,"request_end":1576624295625,"request_duration":4208,"type":"2560"}
{"start":1576624291878,"end":1576624295622,"duration":3744,"downloading_duration":1331,"execution_duration":1823,"uploading_duration":590,"executable":"ellipsoids-openmp","args":["0.dat","036.log","036.xoutput"],"id":42,"resource":"2560","request_start":1576624290847,"request_end":1576624295642,"request_duration":4795,"type":"2560"}
{"start":1576624291830,"end":1576624295623,"duration":3793,"downloading_duration":1330,"execution_duration":1879,"uploading_duration":584,"executable":"ellipsoids-openmp","args":["0.dat","016.log","016.xoutput"],"id":22,"resource":"2560","request_start":1576624290828,"request_end":1576624295646,"request_duration":4818,"type":"2560"}
{"start":1576624291937,"end":1576624295623,"duration":3686,"downloading_duration":1278,"execution_duration":1738,"uploading_duration":670,"executable":"ellipsoids-openmp","args":["3.dat","34.log","34.xoutput"],"id":145,"resource":"2560","request_start":1576624291421,"request_end":1576624295650,"request_duration":4229,"type":"2560"}
{"start":1576624291862,"end":1576624295632,"duration":3770,"downloading_duration":1337,"execution_duration":1872,"uploading_duration":561,"executable":"ellipsoids-openmp","args":["0.dat","00.log","00.xoutput"],"id":6,"resource":"2560","request_start":1576624290860,"request_end":1576624295659,"request_duration":4799,"type":"2560"}
{"start":1576624291874,"end":1576624295637,"duration":3763,"downloading_duration":1230,"execution_duration":1873,"uploading_duration":660,"executable":"ellipsoids-openmp","args":["0.dat","02.log","02.xoutput"],"id":8,"resource":"2560","request_start":1576624290862,"request_end":1576624295670,"request_duration":4808,"type":"2560"}
{"start":1576624291940,"end":1576624295658,"duration":3718,"downloading_duration":1258,"execution_duration":1877,"uploading_duration":583,"executable":"ellipsoids-openmp","args":["3.dat","33.log","33.xoutput"],"id":144,"resource":"2560","request_start":1576624291420,"request_end":1576624295701,"request_duration":4281,"type":"2560"}
{"start":1576624292067,"end":1576624295696,"duration":3629,"downloading_duration":1203,"execution_duration":1810,"uploading_duration":616,"executable":"ellipsoids-openmp","args":["3.dat","32.log","32.xoutput"],"id":143,"resource":"2560","request_start":1576624291419,"request_end":1576624295717,"request_duration":4298,"type":"2560"}
{"start":1576624294801,"end":1576624298108,"duration":3307,"downloading_duration":984,"execution_duration":1740,"uploading_duration":583,"executable":"ellipsoids-openmp","args":["3.dat","36.log","36.xoutput"],"id":147,"resource":"2560","request_start":1576624291422,"request_end":1576624298128,"request_duration":6706,"type":"2560"}
{"start":1576624294769,"end":1576624298184,"duration":3415,"downloading_duration":1154,"execution_duration":1672,"uploading_duration":589,"executable":"ellipsoids-openmp","args":["3.dat","35.log","35.xoutput"],"id":146,"resource":"2560","request_start":1576624291422,"request_end":1576624298206,"request_duration":6784,"type":"2560"}
{"start":1576624294811,"end":1576624298253,"duration":3442,"downloading_duration":1083,"execution_duration":1720,"uploading_duration":639,"executable":"ellipsoids-openmp","args":["3.dat","37.log","37.xoutput"],"id":148,"resource":"2560","request_start":1576624291423,"request_end":1576624298273,"request_duration":6850,"type":"2560"}
{"start":1576624294813,"end":1576624298360,"duration":3547,"downloading_duration":1174,"execution_duration":1766,"uploading_duration":607,"executable":"ellipsoids-openmp","args":["3.dat","38.log","38.xoutput"],"id":149,"resource":"2560","request_start":1576624291424,"request_end":1576624298382,"request_duration":6958,"type":"2560"}
{"start":1576624295357,"end":1576624298632,"duration":3275,"downloading_duration":993,"execution_duration":1727,"uploading_duration":555,"executable":"ellipsoids-openmp","args":["3.dat","312.log","312.xoutput"],"id":153,"resource":"2560","request_start":1576624291426,"request_end":1576624298652,"request_duration":7226,"type":"2560"}
{"start":1576624295380,"end":1576624298691,"duration":3311,"downloading_duration":1010,"execution_duration":1730,"uploading_duration":571,"executable":"ellipsoids-openmp","args":["3.dat","316.log","316.xoutput"],"id":157,"resource":"2560","request_start":1576624291429,"request_end":1576624298713,"request_duration":7284,"type":"2560"}
{"start":1576624295426,"end":1576624298702,"duration":3276,"downloading_duration":988,"execution_duration":1717,"uploading_duration":571,"executable":"ellipsoids-openmp","args":["3.dat","322.log","322.xoutput"],"id":163,"resource":"2560","request_start":1576624291433,"request_end":1576624298722,"request_duration":7289,"type":"2560"}
{"start":1576624295369,"end":1576624298709,"duration":3340,"downloading_duration":1044,"execution_duration":1722,"uploading_duration":574,"executable":"ellipsoids-openmp","args":["3.dat","315.log","315.xoutput"],"id":156,"resource":"2560","request_start":1576624291429,"request_end":1576624298848,"request_duration":7419,"type":"2560"}
{"start":1576624295321,"end":1576624298728,"duration":3407,"downloading_duration":1076,"execution_duration":1762,"uploading_duration":569,"executable":"ellipsoids-openmp","args":["3.dat","310.log","310.xoutput"],"id":151,"resource":"2560","request_start":1576624291425,"request_end":1576624298852,"request_duration":7427,"type":"2560"}
{"start":1576624295339,"end":1576624298735,"duration":3396,"downloading_duration":1043,"execution_duration":1736,"uploading_duration":617,"executable":"ellipsoids-openmp","args":["3.dat","311.log","311.xoutput"],"id":152,"resource":"2560","request_start":1576624291426,"request_end":1576624298855,"request_duration":7429,"type":"2560"}
{"start":1576624295399,"end":1576624298739,"duration":3340,"downloading_duration":1041,"execution_duration":1710,"uploading_duration":589,"executable":"ellipsoids-openmp","args":["3.dat","318.log","318.xoutput"],"id":159,"resource":"2560","request_start":1576624291431,"request_end":1576624298857,"request_duration":7426,"type":"2560"}
{"start":1576624295400,"end":1576624298752,"duration":3352,"downloading_duration":1047,"execution_duration":1734,"uploading_duration":571,"executable":"ellipsoids-openmp","args":["3.dat","319.log","319.xoutput"],"id":160,"resource":"2560","request_start":1576624291431,"request_end":1576624298859,"request_duration":7428,"type":"2560"}
{"start":1576624295387,"end":1576624298755,"duration":3368,"downloading_duration":1117,"execution_duration":1690,"uploading_duration":561,"executable":"ellipsoids-openmp","args":["3.dat","317.log","317.xoutput"],"id":158,"resource":"2560","request_start":1576624291430,"request_end":1576624298861,"request_duration":7431,"type":"2560"}
{"start":1576624295367,"end":1576624298779,"duration":3412,"downloading_duration":1131,"execution_duration":1698,"uploading_duration":583,"executable":"ellipsoids-openmp","args":["3.dat","313.log","313.xoutput"],"id":154,"resource":"2560","request_start":1576624291427,"request_end":1576624298867,"request_duration":7440,"type":"2560"}
{"start":1576624295509,"end":1576624298812,"duration":3303,"downloading_duration":1003,"execution_duration":1747,"uploading_duration":553,"executable":"ellipsoids-openmp","args":["3.dat","330.log","330.xoutput"],"id":171,"resource":"2560","request_start":1576624291438,"request_end":1576624298869,"request_duration":7431,"type":"2560"}
{"start":1576624295467,"end":1576624298820,"duration":3353,"downloading_duration":1025,"execution_duration":1775,"uploading_duration":553,"executable":"ellipsoids-openmp","args":["3.dat","325.log","325.xoutput"],"id":166,"resource":"2560","request_start":1576624291435,"request_end":1576624298870,"request_duration":7435,"type":"2560"}
{"start":1576624295414,"end":1576624298845,"duration":3431,"downloading_duration":1094,"execution_duration":1722,"uploading_duration":615,"executable":"ellipsoids-openmp","args":["3.dat","321.log","321.xoutput"],"id":162,"resource":"2560","request_start":1576624291432,"request_end":1576624298872,"request_duration":7440,"type":"2560"}
{"start":1576624295479,"end":1576624298852,"duration":3373,"downloading_duration":1012,"execution_duration":1763,"uploading_duration":598,"executable":"ellipsoids-openmp","args":["3.dat","327.log","327.xoutput"],"id":168,"resource":"2560","request_start":1576624291436,"request_end":1576624298887,"request_duration":7451,"type":"2560"}
{"start":1576624295286,"end":1576624298858,"duration":3572,"downloading_duration":1177,"execution_duration":1777,"uploading_duration":618,"executable":"ellipsoids-openmp","args":["3.dat","39.log","39.xoutput"],"id":150,"resource":"2560","request_start":1576624291424,"request_end":1576624298892,"request_duration":7468,"type":"2560"}
{"start":1576624295594,"end":1576624298858,"duration":3264,"downloading_duration":991,"execution_duration":1698,"uploading_duration":575,"executable":"ellipsoids-openmp","args":["3.dat","341.log","341.xoutput"],"id":182,"resource":"2560","request_start":1576624291444,"request_end":1576624298893,"request_duration":7449,"type":"2560"}
{"start":1576624295502,"end":1576624298858,"duration":3356,"downloading_duration":1036,"execution_duration":1761,"uploading_duration":559,"executable":"ellipsoids-openmp","args":["3.dat","328.log","328.xoutput"],"id":169,"resource":"2560","request_start":1576624291437,"request_end":1576624298894,"request_duration":7457,"type":"2560"}
{"start":1576624295437,"end":1576624298869,"duration":3432,"downloading_duration":1072,"execution_duration":1762,"uploading_duration":598,"executable":"ellipsoids-openmp","args":["3.dat","323.log","323.xoutput"],"id":164,"resource":"2560","request_start":1576624291433,"request_end":1576624298895,"request_duration":7462,"type":"2560"}
{"start":1576624295532,"end":1576624298881,"duration":3349,"downloading_duration":999,"execution_duration":1710,"uploading_duration":640,"executable":"ellipsoids-openmp","args":["3.dat","332.log","332.xoutput"],"id":173,"resource":"2560","request_start":1576624291439,"request_end":1576624298904,"request_duration":7465,"type":"2560"}
{"start":1576624295477,"end":1576624298900,"duration":3423,"downloading_duration":1007,"execution_duration":1741,"uploading_duration":675,"executable":"ellipsoids-openmp","args":["3.dat","326.log","326.xoutput"],"id":167,"resource":"2560","request_start":1576624291435,"request_end":1576624298923,"request_duration":7488,"type":"2560"}
{"start":1576624295578,"end":1576624298901,"duration":3323,"downloading_duration":994,"execution_duration":1709,"uploading_duration":620,"executable":"ellipsoids-openmp","args":["3.dat","339.log","339.xoutput"],"id":180,"resource":"2560","request_start":1576624291443,"request_end":1576624298925,"request_duration":7482,"type":"2560"}
{"start":1576624295450,"end":1576624298908,"duration":3458,"downloading_duration":1156,"execution_duration":1738,"uploading_duration":564,"executable":"ellipsoids-openmp","args":["3.dat","324.log","324.xoutput"],"id":165,"resource":"2560","request_start":1576624291434,"request_end":1576624298935,"request_duration":7501,"type":"2560"}
{"start":1576624295535,"end":1576624298911,"duration":3376,"downloading_duration":1081,"execution_duration":1740,"uploading_duration":555,"executable":"ellipsoids-openmp","args":["3.dat","337.log","337.xoutput"],"id":178,"resource":"2560","request_start":1576624291442,"request_end":1576624298940,"request_duration":7498,"type":"2560"}
{"start":1576624295522,"end":1576624298922,"duration":3400,"downloading_duration":1017,"execution_duration":1782,"uploading_duration":601,"executable":"ellipsoids-openmp","args":["3.dat","334.log","334.xoutput"],"id":175,"resource":"2560","request_start":1576624291440,"request_end":1576624299011,"request_duration":7571,"type":"2560"}
{"start":1576624295514,"end":1576624298932,"duration":3418,"downloading_duration":1091,"execution_duration":1761,"uploading_duration":566,"executable":"ellipsoids-openmp","args":["3.dat","331.log","331.xoutput"],"id":172,"resource":"2560","request_start":1576624291438,"request_end":1576624299017,"request_duration":7579,"type":"2560"}
{"start":1576624295521,"end":1576624298941,"duration":3420,"downloading_duration":1079,"execution_duration":1776,"uploading_duration":565,"executable":"ellipsoids-openmp","args":["3.dat","333.log","333.xoutput"],"id":174,"resource":"2560","request_start":1576624291439,"request_end":1576624299018,"request_duration":7579,"type":"2560"}
{"start":1576624295402,"end":1576624298947,"duration":3545,"downloading_duration":1214,"execution_duration":1767,"uploading_duration":564,"executable":"ellipsoids-openmp","args":["3.dat","320.log","320.xoutput"],"id":161,"resource":"2560","request_start":1576624291432,"request_end":1576624299022,"request_duration":7590,"type":"2560"}
{"start":1576624295698,"end":1576624298955,"duration":3257,"downloading_duration":1011,"execution_duration":1670,"uploading_duration":576,"executable":"ellipsoids-openmp","args":["1.dat","17.log","17.xoutput"],"id":58,"resource":"2560","request_start":1576624291508,"request_end":1576624299024,"request_duration":7516,"type":"2560"}
{"start":1576624295650,"end":1576624299025,"duration":3375,"downloading_duration":1025,"execution_duration":1772,"uploading_duration":578,"executable":"ellipsoids-openmp","args":["1.dat","12.log","12.xoutput"],"id":53,"resource":"2560","request_start":1576624291506,"request_end":1576624299048,"request_duration":7542,"type":"2560"}
{"start":1576624295629,"end":1576624299047,"duration":3418,"downloading_duration":1089,"execution_duration":1751,"uploading_duration":578,"executable":"ellipsoids-openmp","args":["1.dat","11.log","11.xoutput"],"id":52,"resource":"2560","request_start":1576624291505,"request_end":1576624299072,"request_duration":7567,"type":"2560"}
{"start":1576624295535,"end":1576624299061,"duration":3526,"downloading_duration":1087,"execution_duration":1770,"uploading_duration":669,"executable":"ellipsoids-openmp","args":["3.dat","336.log","336.xoutput"],"id":177,"resource":"2560","request_start":1576624291441,"request_end":1576624299080,"request_duration":7639,"type":"2560"}
{"start":1576624295618,"end":1576624299066,"duration":3448,"downloading_duration":1163,"execution_duration":1701,"uploading_duration":584,"executable":"ellipsoids-openmp","args":["1.dat","10.log","10.xoutput"],"id":51,"resource":"2560","request_start":1576624291505,"request_end":1576624299089,"request_duration":7584,"type":"2560"}
{"start":1576624295505,"end":1576624299082,"duration":3577,"downloading_duration":1267,"execution_duration":1733,"uploading_duration":577,"executable":"ellipsoids-openmp","args":["3.dat","329.log","329.xoutput"],"id":170,"resource":"2560","request_start":1576624291437,"request_end":1576624299101,"request_duration":7664,"type":"2560"}
{"start":1576624295691,"end":1576624299086,"duration":3395,"downloading_duration":1085,"execution_duration":1715,"uploading_duration":595,"executable":"ellipsoids-openmp","args":["1.dat","16.log","16.xoutput"],"id":57,"resource":"2560","request_start":1576624291508,"request_end":1576624299106,"request_duration":7598,"type":"2560"}
{"start":1576624295605,"end":1576624299092,"duration":3487,"downloading_duration":1091,"execution_duration":1769,"uploading_duration":627,"executable":"ellipsoids-openmp","args":["3.dat","343.log","343.xoutput"],"id":184,"resource":"2560","request_start":1576624291445,"request_end":1576624299112,"request_duration":7667,"type":"2560"}
{"start":1576624295749,"end":1576624299100,"duration":3351,"downloading_duration":1028,"execution_duration":1747,"uploading_duration":576,"executable":"ellipsoids-openmp","args":["1.dat","19.log","19.xoutput"],"id":60,"resource":"2560","request_start":1576624291509,"request_end":1576624299121,"request_duration":7612,"type":"2560"}
{"start":1576624295677,"end":1576624299111,"duration":3434,"downloading_duration":1073,"execution_duration":1761,"uploading_duration":600,"executable":"ellipsoids-openmp","args":["1.dat","14.log","14.xoutput"],"id":55,"resource":"2560","request_start":1576624291507,"request_end":1576624299129,"request_duration":7622,"type":"2560"}
{"start":1576624295611,"end":1576624299133,"duration":3522,"downloading_duration":1085,"execution_duration":1771,"uploading_duration":666,"executable":"ellipsoids-openmp","args":["3.dat","344.log","344.xoutput"],"id":185,"resource":"2560","request_start":1576624291445,"request_end":1576624299159,"request_duration":7714,"type":"2560"}
{"start":1576624295570,"end":1576624299142,"duration":3572,"downloading_duration":1080,"execution_duration":1794,"uploading_duration":698,"executable":"ellipsoids-openmp","args":["3.dat","338.log","338.xoutput"],"id":179,"resource":"2560","request_start":1576624291442,"request_end":1576624299163,"request_duration":7721,"type":"2560"}
{"start":1576624295528,"end":1576624299158,"duration":3630,"downloading_duration":1074,"execution_duration":1765,"uploading_duration":791,"executable":"ellipsoids-openmp","args":["3.dat","335.log","335.xoutput"],"id":176,"resource":"2560","request_start":1576624291440,"request_end":1576624299178,"request_duration":7738,"type":"2560"}
{"start":1576624295588,"end":1576624299168,"duration":3580,"downloading_duration":1130,"execution_duration":1765,"uploading_duration":685,"executable":"ellipsoids-openmp","args":["3.dat","340.log","340.xoutput"],"id":181,"resource":"2560","request_start":1576624291443,"request_end":1576624299187,"request_duration":7744,"type":"2560"}
{"start":1576624295369,"end":1576624299223,"duration":3854,"downloading_duration":1048,"execution_duration":1747,"uploading_duration":1059,"executable":"ellipsoids-openmp","args":["3.dat","314.log","314.xoutput"],"id":155,"resource":"2560","request_start":1576624291428,"request_end":1576624299245,"request_duration":7817,"type":"2560"}
{"start":1576624295682,"end":1576624299411,"duration":3729,"downloading_duration":1421,"execution_duration":1717,"uploading_duration":591,"executable":"ellipsoids-openmp","args":["1.dat","15.log","15.xoutput"],"id":56,"resource":"2560","request_start":1576624291507,"request_end":1576624299432,"request_duration":7925,"type":"2560"}
{"start":1576624295669,"end":1576624299434,"duration":3765,"downloading_duration":1362,"execution_duration":1739,"uploading_duration":664,"executable":"ellipsoids-openmp","args":["1.dat","13.log","13.xoutput"],"id":54,"resource":"2560","request_start":1576624291506,"request_end":1576624299453,"request_duration":7947,"type":"2560"}
{"start":1576624295600,"end":1576624300105,"duration":4505,"downloading_duration":1260,"execution_duration":1754,"uploading_duration":1491,"executable":"ellipsoids-openmp","args":["3.dat","342.log","342.xoutput"],"id":183,"resource":"2560","request_start":1576624291444,"request_end":1576624300129,"request_duration":8685,"type":"2560"}
{"start":1576624298155,"end":1576624301482,"duration":3327,"downloading_duration":983,"execution_duration":1700,"uploading_duration":644,"executable":"ellipsoids-openmp","args":["1.dat","110.log","110.xoutput"],"id":61,"resource":"2560","request_start":1576624291510,"request_end":1576624301503,"request_duration":9993,"type":"2560"}
{"start":1576624298230,"end":1576624301602,"duration":3372,"downloading_duration":1117,"execution_duration":1699,"uploading_duration":556,"executable":"ellipsoids-openmp","args":["1.dat","111.log","111.xoutput"],"id":62,"resource":"2560","request_start":1576624291510,"request_end":1576624301621,"request_duration":10111,"type":"2560"}
{"start":1576624298299,"end":1576624301728,"duration":3429,"downloading_duration":1099,"execution_duration":1713,"uploading_duration":617,"executable":"ellipsoids-openmp","args":["1.dat","112.log","112.xoutput"],"id":63,"resource":"2560","request_start":1576624291511,"request_end":1576624301748,"request_duration":10237,"type":"2560"}
{"start":1576624298408,"end":1576624301732,"duration":3324,"downloading_duration":1035,"execution_duration":1696,"uploading_duration":593,"executable":"ellipsoids-openmp","args":["1.dat","113.log","113.xoutput"],"id":64,"resource":"2560","request_start":1576624291512,"request_end":1576624301753,"request_duration":10241,"type":"2560"}
{"start":1576624298685,"end":1576624301988,"duration":3303,"downloading_duration":1008,"execution_duration":1701,"uploading_duration":594,"executable":"ellipsoids-openmp","args":["1.dat","114.log","114.xoutput"],"id":65,"resource":"2560","request_start":1576624291512,"request_end":1576624302008,"request_duration":10496,"type":"2560"}
{"start":1576624298749,"end":1576624302109,"duration":3360,"downloading_duration":1089,"execution_duration":1653,"uploading_duration":618,"executable":"ellipsoids-openmp","args":["1.dat","116.log","116.xoutput"],"id":67,"resource":"2560","request_start":1576624291513,"request_end":1576624302128,"request_duration":10615,"type":"2560"}
{"start":1576624298901,"end":1576624302133,"duration":3232,"downloading_duration":1034,"execution_duration":1628,"uploading_duration":570,"executable":"ellipsoids-openmp","args":["1.dat","119.log","119.xoutput"],"id":70,"resource":"2560","request_start":1576624291515,"request_end":1576624302153,"request_duration":10638,"type":"2560"}
{"start":1576624298923,"end":1576624302158,"duration":3235,"downloading_duration":1031,"execution_duration":1600,"uploading_duration":604,"executable":"ellipsoids-openmp","args":["1.dat","130.log","130.xoutput"],"id":81,"resource":"2560","request_start":1576624291520,"request_end":1576624302177,"request_duration":10657,"type":"2560"}
{"start":1576624298919,"end":1576624302180,"duration":3261,"downloading_duration":1020,"execution_duration":1687,"uploading_duration":554,"executable":"ellipsoids-openmp","args":["1.dat","128.log","128.xoutput"],"id":79,"resource":"2560","request_start":1576624291519,"request_end":1576624302203,"request_duration":10684,"type":"2560"}
{"start":1576624298898,"end":1576624302216,"duration":3318,"downloading_duration":990,"execution_duration":1737,"uploading_duration":591,"executable":"ellipsoids-openmp","args":["1.dat","120.log","120.xoutput"],"id":71,"resource":"2560","request_start":1576624291515,"request_end":1576624302235,"request_duration":10720,"type":"2560"}
{"start":1576624298901,"end":1576624302224,"duration":3323,"downloading_duration":1031,"execution_duration":1702,"uploading_duration":590,"executable":"ellipsoids-openmp","args":["1.dat","121.log","121.xoutput"],"id":72,"resource":"2560","request_start":1576624291516,"request_end":1576624302242,"request_duration":10726,"type":"2560"}
{"start":1576624298902,"end":1576624302250,"duration":3348,"downloading_duration":1048,"execution_duration":1693,"uploading_duration":607,"executable":"ellipsoids-openmp","args":["1.dat","123.log","123.xoutput"],"id":74,"resource":"2560","request_start":1576624291517,"request_end":1576624302270,"request_duration":10753,"type":"2560"}
{"start":1576624298903,"end":1576624302264,"duration":3361,"downloading_duration":1070,"execution_duration":1721,"uploading_duration":570,"executable":"ellipsoids-openmp","args":["1.dat","125.log","125.xoutput"],"id":76,"resource":"2560","request_start":1576624291518,"request_end":1576624302285,"request_duration":10767,"type":"2560"}
{"start":1576624298739,"end":1576624302276,"duration":3537,"downloading_duration":1176,"execution_duration":1762,"uploading_duration":599,"executable":"ellipsoids-openmp","args":["1.dat","115.log","115.xoutput"],"id":66,"resource":"2560","request_start":1576624291513,"request_end":1576624302295,"request_duration":10782,"type":"2560"}
{"start":1576624298922,"end":1576624302315,"duration":3393,"downloading_duration":1110,"execution_duration":1723,"uploading_duration":560,"executable":"ellipsoids-openmp","args":["1.dat","131.log","131.xoutput"],"id":82,"resource":"2560","request_start":1576624291521,"request_end":1576624302335,"request_duration":10814,"type":"2560"}
{"start":1576624298933,"end":1576624302337,"duration":3404,"downloading_duration":1028,"execution_duration":1801,"uploading_duration":575,"executable":"ellipsoids-openmp","args":["1.dat","132.log","132.xoutput"],"id":83,"resource":"2560","request_start":1576624291521,"request_end":1576624302361,"request_duration":10840,"type":"2560"}
{"start":1576624299107,"end":1576624302353,"duration":3246,"downloading_duration":985,"execution_duration":1700,"uploading_duration":561,"executable":"ellipsoids-openmp","args":["1.dat","144.log","144.xoutput"],"id":95,"resource":"2560","request_start":1576624291528,"request_end":1576624302371,"request_duration":10843,"type":"2560"}
{"start":1576624298892,"end":1576624302352,"duration":3460,"downloading_duration":1107,"execution_duration":1750,"uploading_duration":603,"executable":"ellipsoids-openmp","args":["1.dat","117.log","117.xoutput"],"id":68,"resource":"2560","request_start":1576624291514,"request_end":1576624302373,"request_duration":10859,"type":"2560"}
{"start":1576624298978,"end":1576624302359,"duration":3381,"downloading_duration":1034,"execution_duration":1762,"uploading_duration":585,"executable":"ellipsoids-openmp","args":["1.dat","136.log","136.xoutput"],"id":87,"resource":"2560","request_start":1576624291523,"request_end":1576624302380,"request_duration":10857,"type":"2560"}
{"start":1576624298904,"end":1576624302369,"duration":3465,"downloading_duration":1088,"execution_duration":1684,"uploading_duration":693,"executable":"ellipsoids-openmp","args":["1.dat","126.log","126.xoutput"],"id":77,"resource":"2560","request_start":1576624291518,"request_end":1576624302387,"request_duration":10869,"type":"2560"}
{"start":1576624299033,"end":1576624302369,"duration":3336,"downloading_duration":984,"execution_duration":1793,"uploading_duration":559,"executable":"ellipsoids-openmp","args":["1.dat","137.log","137.xoutput"],"id":88,"resource":"2560","request_start":1576624291524,"request_end":1576624302389,"request_duration":10865,"type":"2560"}
{"start":1576624298900,"end":1576624302370,"duration":3470,"downloading_duration":1127,"execution_duration":1752,"uploading_duration":591,"executable":"ellipsoids-openmp","args":["1.dat","122.log","122.xoutput"],"id":73,"resource":"2560","request_start":1576624291516,"request_end":1576624302394,"request_duration":10878,"type":"2560"}
{"start":1576624298947,"end":1576624302395,"duration":3448,"downloading_duration":1089,"execution_duration":1778,"uploading_duration":581,"executable":"ellipsoids-openmp","args":["1.dat","133.log","133.xoutput"],"id":84,"resource":"2560","request_start":1576624291522,"request_end":1576624302415,"request_duration":10893,"type":"2560"}
{"start":1576624299054,"end":1576624302421,"duration":3367,"downloading_duration":1007,"execution_duration":1768,"uploading_duration":592,"executable":"ellipsoids-openmp","args":["1.dat","139.log","139.xoutput"],"id":90,"resource":"2560","request_start":1576624291525,"request_end":1576624302440,"request_duration":10915,"type":"2560"}
{"start":1576624298904,"end":1576624302421,"duration":3517,"downloading_duration":1169,"execution_duration":1758,"uploading_duration":590,"executable":"ellipsoids-openmp","args":["1.dat","124.log","124.xoutput"],"id":75,"resource":"2560","request_start":1576624291517,"request_end":1576624302442,"request_duration":10925,"type":"2560"}
{"start":1576624298955,"end":1576624302422,"duration":3467,"downloading_duration":1088,"execution_duration":1778,"uploading_duration":601,"executable":"ellipsoids-openmp","args":["1.dat","134.log","134.xoutput"],"id":85,"resource":"2560","request_start":1576624291522,"request_end":1576624302444,"request_duration":10922,"type":"2560"}
{"start":1576624298894,"end":1576624302438,"duration":3544,"downloading_duration":1210,"execution_duration":1754,"uploading_duration":580,"executable":"ellipsoids-openmp","args":["1.dat","118.log","118.xoutput"],"id":69,"resource":"2560","request_start":1576624291514,"request_end":1576624302459,"request_duration":10945,"type":"2560"}
{"start":1576624298968,"end":1576624302442,"duration":3474,"downloading_duration":1073,"execution_duration":1815,"uploading_duration":586,"executable":"ellipsoids-openmp","args":["1.dat","135.log","135.xoutput"],"id":86,"resource":"2560","request_start":1576624291523,"request_end":1576624302461,"request_duration":10938,"type":"2560"}
{"start":1576624299051,"end":1576624302445,"duration":3394,"downloading_duration":1061,"execution_duration":1770,"uploading_duration":563,"executable":"ellipsoids-openmp","args":["1.dat","138.log","138.xoutput"],"id":89,"resource":"2560","request_start":1576624291524,"request_end":1576624302467,"request_duration":10943,"type":"2560"}
{"start":1576624299055,"end":1576624302482,"duration":3427,"downloading_duration":1078,"execution_duration":1753,"uploading_duration":596,"executable":"ellipsoids-openmp","args":["1.dat","141.log","141.xoutput"],"id":92,"resource":"2560","request_start":1576624291526,"request_end":1576624302500,"request_duration":10974,"type":"2560"}
{"start":1576624299074,"end":1576624302491,"duration":3417,"downloading_duration":1074,"execution_duration":1734,"uploading_duration":609,"executable":"ellipsoids-openmp","args":["1.dat","142.log","142.xoutput"],"id":93,"resource":"2560","request_start":1576624291526,"request_end":1576624302509,"request_duration":10983,"type":"2560"}
{"start":1576624298912,"end":1576624302496,"duration":3584,"downloading_duration":1261,"execution_duration":1702,"uploading_duration":621,"executable":"ellipsoids-openmp","args":["1.dat","127.log","127.xoutput"],"id":78,"resource":"2560","request_start":1576624291519,"request_end":1576624302515,"request_duration":10996,"type":"2560"}
{"start":1576624299124,"end":1576624302513,"duration":3389,"downloading_duration":993,"execution_duration":1772,"uploading_duration":624,"executable":"ellipsoids-openmp","args":["2.dat","24.log","24.xoutput"],"id":100,"resource":"2560","request_start":1576624291528,"request_end":1576624302531,"request_duration":11003,"type":"2560"}
{"start":1576624299057,"end":1576624302512,"duration":3455,"downloading_duration":1115,"execution_duration":1721,"uploading_duration":619,"executable":"ellipsoids-openmp","args":["1.dat","140.log","140.xoutput"],"id":91,"resource":"2560","request_start":1576624291525,"request_end":1576624302533,"request_duration":11008,"type":"2560"}
{"start":1576624299141,"end":1576624302567,"duration":3426,"downloading_duration":998,"execution_duration":1862,"uploading_duration":566,"executable":"ellipsoids-openmp","args":["2.dat","27.log","27.xoutput"],"id":103,"resource":"2560","request_start":1576624291530,"request_end":1576624302587,"request_duration":11057,"type":"2560"}
{"start":1576624299098,"end":1576624302573,"duration":3475,"downloading_duration":1022,"execution_duration":1789,"uploading_duration":664,"executable":"ellipsoids-openmp","args":["1.dat","143.log","143.xoutput"],"id":94,"resource":"2560","request_start":1576624291527,"request_end":1576624302592,"request_duration":11065,"type":"2560"}
{"start":1576624299157,"end":1576624302637,"duration":3480,"downloading_duration":1070,"execution_duration":1850,"uploading_duration":560,"executable":"ellipsoids-openmp","args":["2.dat","29.log","29.xoutput"],"id":105,"resource":"2560","request_start":1576624291531,"request_end":1576624302693,"request_duration":11162,"type":"2560"}
{"start":1576624299127,"end":1576624302644,"duration":3517,"downloading_duration":1088,"execution_duration":1833,"uploading_duration":596,"executable":"ellipsoids-openmp","args":["2.dat","25.log","25.xoutput"],"id":101,"resource":"2560","request_start":1576624291529,"request_end":1576624302696,"request_duration":11167,"type":"2560"}
{"start":1576624299205,"end":1576624302666,"duration":3461,"downloading_duration":1033,"execution_duration":1850,"uploading_duration":578,"executable":"ellipsoids-openmp","args":["2.dat","212.log","212.xoutput"],"id":108,"resource":"2560","request_start":1576624291533,"request_end":1576624302698,"request_duration":11165,"type":"2560"}
{"start":1576624299196,"end":1576624302723,"duration":3527,"downloading_duration":1086,"execution_duration":1804,"uploading_duration":637,"executable":"ellipsoids-openmp","args":["2.dat","211.log","211.xoutput"],"id":107,"resource":"2560","request_start":1576624291532,"request_end":1576624302758,"request_duration":11226,"type":"2560"}
{"start":1576624299134,"end":1576624302756,"duration":3622,"downloading_duration":1158,"execution_duration":1824,"uploading_duration":640,"executable":"ellipsoids-openmp","args":["2.dat","26.log","26.xoutput"],"id":102,"resource":"2560","request_start":1576624291529,"request_end":1576624302777,"request_duration":11248,"type":"2560"}
{"start":1576624299268,"end":1576624302755,"duration":3487,"downloading_duration":1024,"execution_duration":1871,"uploading_duration":592,"executable":"ellipsoids-openmp","args":["2.dat","214.log","214.xoutput"],"id":110,"resource":"2560","request_start":1576624291534,"request_end":1576624302785,"request_duration":11251,"type":"2560"}
{"start":1576624299200,"end":1576624302790,"duration":3590,"downloading_duration":1189,"execution_duration":1795,"uploading_duration":606,"executable":"ellipsoids-openmp","args":["2.dat","210.log","210.xoutput"],"id":106,"resource":"2560","request_start":1576624291532,"request_end":1576624302827,"request_duration":11295,"type":"2560"}
{"start":1576624299148,"end":1576624302802,"duration":3654,"downloading_duration":1137,"execution_duration":1871,"uploading_duration":646,"executable":"ellipsoids-openmp","args":["2.dat","28.log","28.xoutput"],"id":104,"resource":"2560","request_start":1576624291531,"request_end":1576624302829,"request_duration":11298,"type":"2560"}
{"start":1576624299479,"end":1576624302920,"duration":3441,"downloading_duration":1055,"execution_duration":1817,"uploading_duration":569,"executable":"ellipsoids-openmp","args":["2.dat","216.log","216.xoutput"],"id":112,"resource":"2560","request_start":1576624291535,"request_end":1576624302941,"request_duration":11406,"type":"2560"}
{"start":1576624299459,"end":1576624302951,"duration":3492,"downloading_duration":1038,"execution_duration":1853,"uploading_duration":601,"executable":"ellipsoids-openmp","args":["2.dat","215.log","215.xoutput"],"id":111,"resource":"2560","request_start":1576624291534,"request_end":1576624302971,"request_duration":11437,"type":"2560"}
{"start":1576624300152,"end":1576624303556,"duration":3404,"downloading_duration":1009,"execution_duration":1793,"uploading_duration":602,"executable":"ellipsoids-openmp","args":["2.dat","217.log","217.xoutput"],"id":113,"resource":"2560","request_start":1576624291535,"request_end":1576624303575,"request_duration":12040,"type":"2560"}
{"start":1576624299214,"end":1576624303610,"duration":4396,"downloading_duration":1134,"execution_duration":1819,"uploading_duration":1443,"executable":"ellipsoids-openmp","args":["2.dat","213.log","213.xoutput"],"id":109,"resource":"2560","request_start":1576624291533,"request_end":1576624303632,"request_duration":12099,"type":"2560"}
{"start":1576624298920,"end":1576624303965,"duration":5045,"downloading_duration":2723,"execution_duration":1724,"uploading_duration":598,"executable":"ellipsoids-openmp","args":["1.dat","129.log","129.xoutput"],"id":80,"resource":"2560","request_start":1576624291520,"request_end":1576624303987,"request_duration":12467,"type":"2560"}
{"start":1576624302548,"end":1576624304010,"duration":1462,"downloading_duration":1091,"execution_duration":3,"uploading_duration":368,"executable":"mean-pack-ell","args":["00.xoutput","01.xoutput","02.xoutput","03.xoutput","04.xoutput","05.xoutput","06.xoutput","07.xoutput","08.xoutput","09.xoutput","010.xoutput","011.xoutput","012.xoutput","013.xoutput","014.xoutput","015.xoutput","016.xoutput","017.xoutput","018.xoutput","019.xoutput","020.xoutput","021.xoutput","022.xoutput","023.xoutput","024.xoutput","025.xoutput","026.xoutput","027.xoutput","028.xoutput","029.xoutput","030.xoutput","031.xoutput","032.xoutput","033.xoutput","034.xoutput","035.xoutput","036.xoutput","037.xoutput","038.xoutput","039.xoutput","040.xoutput","041.xoutput","042.xoutput","043.xoutput","044.xoutput","average_0.txt"],"id":186,"resource":"2560","request_start":1576624295682,"request_end":1576624304030,"request_duration":8348,"type":"2560"}
{"start":1576624302564,"end":1576624304215,"duration":1651,"downloading_duration":1085,"execution_duration":3,"uploading_duration":563,"executable":"mean-pack-ell","args":["30.xoutput","31.xoutput","32.xoutput","33.xoutput","34.xoutput","35.xoutput","36.xoutput","37.xoutput","38.xoutput","39.xoutput","310.xoutput","311.xoutput","312.xoutput","313.xoutput","314.xoutput","315.xoutput","316.xoutput","317.xoutput","318.xoutput","319.xoutput","320.xoutput","321.xoutput","322.xoutput","323.xoutput","324.xoutput","325.xoutput","326.xoutput","327.xoutput","328.xoutput","329.xoutput","330.xoutput","331.xoutput","332.xoutput","333.xoutput","334.xoutput","335.xoutput","336.xoutput","337.xoutput","338.xoutput","339.xoutput","340.xoutput","341.xoutput","342.xoutput","343.xoutput","344.xoutput","average_3.txt"],"id":189,"resource":"2560","request_start":1576624300141,"request_end":1576624304239,"request_duration":4098,"type":"2560"}
{"start":1576624301536,"end":1576624305063,"duration":3527,"downloading_duration":1008,"execution_duration":1950,"uploading_duration":569,"executable":"ellipsoids-openmp","args":["2.dat","218.log","218.xoutput"],"id":114,"resource":"2560","request_start":1576624291536,"request_end":1576624305085,"request_duration":13549,"type":"2560"}
{"start":1576624295729,"end":1576624305207,"duration":9478,"downloading_duration":7075,"execution_duration":1798,"uploading_duration":605,"executable":"ellipsoids-openmp","args":["1.dat","18.log","18.xoutput"],"id":59,"resource":"2560","request_start":1576624291509,"request_end":1576624305228,"request_duration":13719,"type":"2560"}
{"start":1576624301774,"end":1576624305246,"duration":3472,"downloading_duration":1049,"execution_duration":1856,"uploading_duration":567,"executable":"ellipsoids-openmp","args":["2.dat","220.log","220.xoutput"],"id":116,"resource":"2560","request_start":1576624291537,"request_end":1576624305265,"request_duration":13728,"type":"2560"}
{"start":1576624301646,"end":1576624305268,"duration":3622,"downloading_duration":1243,"execution_duration":1821,"uploading_duration":558,"executable":"ellipsoids-openmp","args":["2.dat","219.log","219.xoutput"],"id":115,"resource":"2560","request_start":1576624291536,"request_end":1576624305288,"request_duration":13752,"type":"2560"}
{"start":1576624301778,"end":1576624305331,"duration":3553,"downloading_duration":1073,"execution_duration":1912,"uploading_duration":568,"executable":"ellipsoids-openmp","args":["2.dat","221.log","221.xoutput"],"id":117,"resource":"2560","request_start":1576624291538,"request_end":1576624305350,"request_duration":13812,"type":"2560"}
{"start":1576624302038,"end":1576624305423,"duration":3385,"downloading_duration":1071,"execution_duration":1705,"uploading_duration":609,"executable":"ellipsoids-openmp","args":["2.dat","222.log","222.xoutput"],"id":118,"resource":"2560","request_start":1576624291538,"request_end":1576624305443,"request_duration":13905,"type":"2560"}
{"start":1576624302186,"end":1576624305550,"duration":3364,"downloading_duration":1119,"execution_duration":1665,"uploading_duration":580,"executable":"ellipsoids-openmp","args":["2.dat","224.log","224.xoutput"],"id":120,"resource":"2560","request_start":1576624291539,"request_end":1576624305570,"request_duration":14031,"type":"2560"}
{"start":1576624302155,"end":1576624305578,"duration":3423,"downloading_duration":1071,"execution_duration":1760,"uploading_duration":592,"executable":"ellipsoids-openmp","args":["2.dat","223.log","223.xoutput"],"id":119,"resource":"2560","request_start":1576624291539,"request_end":1576624305596,"request_duration":14057,"type":"2560"}
{"start":1576624302261,"end":1576624305588,"duration":3327,"downloading_duration":995,"execution_duration":1705,"uploading_duration":627,"executable":"ellipsoids-openmp","args":["2.dat","227.log","227.xoutput"],"id":123,"resource":"2560","request_start":1576624291541,"request_end":1576624305610,"request_duration":14069,"type":"2560"}
{"start":1576624302229,"end":1576624305623,"duration":3394,"downloading_duration":1088,"execution_duration":1744,"uploading_duration":562,"executable":"ellipsoids-openmp","args":["2.dat","226.log","226.xoutput"],"id":122,"resource":"2560","request_start":1576624291540,"request_end":1576624305642,"request_duration":14102,"type":"2560"}
{"start":1576624302204,"end":1576624305657,"duration":3453,"downloading_duration":1197,"execution_duration":1694,"uploading_duration":562,"executable":"ellipsoids-openmp","args":["2.dat","225.log","225.xoutput"],"id":121,"resource":"2560","request_start":1576624291540,"request_end":1576624305677,"request_duration":14137,"type":"2560"}
{"start":1576624302301,"end":1576624305661,"duration":3360,"downloading_duration":992,"execution_duration":1788,"uploading_duration":580,"executable":"ellipsoids-openmp","args":["2.dat","229.log","229.xoutput"],"id":125,"resource":"2560","request_start":1576624291542,"request_end":1576624305684,"request_duration":14142,"type":"2560"}
{"start":1576624302415,"end":1576624305675,"duration":3260,"downloading_duration":990,"execution_duration":1704,"uploading_duration":566,"executable":"ellipsoids-openmp","args":["2.dat","237.log","237.xoutput"],"id":133,"resource":"2560","request_start":1576624291547,"request_end":1576624305697,"request_duration":14150,"type":"2560"}
{"start":1576624302320,"end":1576624305697,"duration":3377,"downloading_duration":1100,"execution_duration":1683,"uploading_duration":594,"executable":"ellipsoids-openmp","args":["2.dat","231.log","231.xoutput"],"id":127,"resource":"2560","request_start":1576624291543,"request_end":1576624305717,"request_duration":14174,"type":"2560"}
{"start":1576624302273,"end":1576624305705,"duration":3432,"downloading_duration":1020,"execution_duration":1784,"uploading_duration":628,"executable":"ellipsoids-openmp","args":["2.dat","228.log","228.xoutput"],"id":124,"resource":"2560","request_start":1576624291541,"request_end":1576624305726,"request_duration":14185,"type":"2560"}
{"start":1576624302311,"end":1576624305705,"duration":3394,"downloading_duration":1052,"execution_duration":1782,"uploading_duration":560,"executable":"ellipsoids-openmp","args":["2.dat","230.log","230.xoutput"],"id":126,"resource":"2560","request_start":1576624291542,"request_end":1576624305728,"request_duration":14186,"type":"2560"}
{"start":1576624302418,"end":1576624305730,"duration":3312,"downloading_duration":1026,"execution_duration":1680,"uploading_duration":606,"executable":"ellipsoids-openmp","args":["2.dat","239.log","239.xoutput"],"id":135,"resource":"2560","request_start":1576624291551,"request_end":1576624305751,"request_duration":14200,"type":"2560"}
{"start":1576624302359,"end":1576624305737,"duration":3378,"downloading_duration":1032,"execution_duration":1729,"uploading_duration":617,"executable":"ellipsoids-openmp","args":["2.dat","232.log","232.xoutput"],"id":128,"resource":"2560","request_start":1576624291543,"request_end":1576624305757,"request_duration":14214,"type":"2560"}
{"start":1576624302400,"end":1576624305750,"duration":3350,"downloading_duration":1080,"execution_duration":1697,"uploading_duration":573,"executable":"ellipsoids-openmp","args":["2.dat","235.log","235.xoutput"],"id":131,"resource":"2560","request_start":1576624291545,"request_end":1576624305772,"request_duration":14227,"type":"2560"}
{"start":1576624302386,"end":1576624305764,"duration":3378,"downloading_duration":999,"execution_duration":1771,"uploading_duration":608,"executable":"ellipsoids-openmp","args":["2.dat","233.log","233.xoutput"],"id":129,"resource":"2560","request_start":1576624291544,"request_end":1576624305783,"request_duration":14239,"type":"2560"}
{"start":1576624302494,"end":1576624305791,"duration":3297,"downloading_duration":998,"execution_duration":1707,"uploading_duration":592,"executable":"ellipsoids-openmp","args":["2.dat","21.log","21.xoutput"],"id":97,"resource":"2560","request_start":1576624291555,"request_end":1576624305813,"request_duration":14258,"type":"2560"}
{"start":1576624302405,"end":1576624305796,"duration":3391,"downloading_duration":1033,"execution_duration":1796,"uploading_duration":562,"executable":"ellipsoids-openmp","args":["2.dat","236.log","236.xoutput"],"id":132,"resource":"2560","request_start":1576624291546,"request_end":1576624305816,"request_duration":14270,"type":"2560"}
{"start":1576624302489,"end":1576624305813,"duration":3324,"downloading_duration":1010,"execution_duration":1701,"uploading_duration":613,"executable":"ellipsoids-openmp","args":["2.dat","20.log","20.xoutput"],"id":96,"resource":"2560","request_start":1576624291554,"request_end":1576624305833,"request_duration":14279,"type":"2560"}
{"start":1576624302422,"end":1576624305835,"duration":3413,"downloading_duration":998,"execution_duration":1780,"uploading_duration":635,"executable":"ellipsoids-openmp","args":["2.dat","238.log","238.xoutput"],"id":134,"resource":"2560","request_start":1576624291548,"request_end":1576624305858,"request_duration":14310,"type":"2560"}
{"start":1576624302480,"end":1576624305857,"duration":3377,"downloading_duration":1080,"execution_duration":1687,"uploading_duration":610,"executable":"ellipsoids-openmp","args":["2.dat","242.log","242.xoutput"],"id":138,"resource":"2560","request_start":1576624291553,"request_end":1576624305875,"request_duration":14322,"type":"2560"}
{"start":1576624302485,"end":1576624305873,"duration":3388,"downloading_duration":1075,"execution_duration":1732,"uploading_duration":581,"executable":"ellipsoids-openmp","args":["2.dat","244.log","244.xoutput"],"id":140,"resource":"2560","request_start":1576624291554,"request_end":1576624305892,"request_duration":14338,"type":"2560"}
{"start":1576624302526,"end":1576624305890,"duration":3364,"downloading_duration":1075,"execution_duration":1728,"uploading_duration":561,"executable":"ellipsoids-openmp","args":["2.dat","22.log","22.xoutput"],"id":98,"resource":"2560","request_start":1576624291556,"request_end":1576624305909,"request_duration":14353,"type":"2560"}
{"start":1576624302441,"end":1576624305891,"duration":3450,"downloading_duration":1076,"execution_duration":1773,"uploading_duration":601,"executable":"ellipsoids-openmp","args":["2.dat","240.log","240.xoutput"],"id":136,"resource":"2560","request_start":1576624291552,"request_end":1576624305915,"request_duration":14363,"type":"2560"}
{"start":1576624302481,"end":1576624305920,"duration":3439,"downloading_duration":1066,"execution_duration":1770,"uploading_duration":603,"executable":"ellipsoids-openmp","args":["2.dat","243.log","243.xoutput"],"id":139,"resource":"2560","request_start":1576624291553,"request_end":1576624305939,"request_duration":14386,"type":"2560"}
{"start":1576624302476,"end":1576624305931,"duration":3455,"downloading_duration":1078,"execution_duration":1769,"uploading_duration":608,"executable":"ellipsoids-openmp","args":["2.dat","241.log","241.xoutput"],"id":137,"resource":"2560","request_start":1576624291552,"request_end":1576624305950,"request_duration":14398,"type":"2560"}
{"start":1576624302536,"end":1576624305959,"duration":3423,"downloading_duration":1071,"execution_duration":1747,"uploading_duration":605,"executable":"ellipsoids-openmp","args":["2.dat","23.log","23.xoutput"],"id":99,"resource":"2560","request_start":1576624291556,"request_end":1576624305977,"request_duration":14421,"type":"2560"}
{"start":1576624302397,"end":1576624306020,"duration":3623,"downloading_duration":1077,"execution_duration":1787,"uploading_duration":759,"executable":"ellipsoids-openmp","args":["2.dat","234.log","234.xoutput"],"id":130,"resource":"2560","request_start":1576624291544,"request_end":1576624306043,"request_duration":14499,"type":"2560"}
{"start":1576624305360,"end":1576624307021,"duration":1661,"downloading_duration":1172,"execution_duration":4,"uploading_duration":485,"executable":"mean-pack-ell","args":["10.xoutput","11.xoutput","12.xoutput","13.xoutput","14.xoutput","15.xoutput","16.xoutput","17.xoutput","18.xoutput","19.xoutput","110.xoutput","111.xoutput","112.xoutput","113.xoutput","114.xoutput","115.xoutput","116.xoutput","117.xoutput","118.xoutput","119.xoutput","120.xoutput","121.xoutput","122.xoutput","123.xoutput","124.xoutput","125.xoutput","126.xoutput","127.xoutput","128.xoutput","129.xoutput","130.xoutput","131.xoutput","132.xoutput","133.xoutput","134.xoutput","135.xoutput","136.xoutput","137.xoutput","138.xoutput","139.xoutput","140.xoutput","141.xoutput","142.xoutput","143.xoutput","144.xoutput","average_1.txt"],"id":187,"resource":"2560","request_start":1576624305244,"request_end":1576624307043,"request_duration":1799,"type":"2560"}
{"start":1576624306178,"end":1576624307626,"duration":1448,"downloading_duration":1065,"execution_duration":3,"uploading_duration":380,"executable":"mean-pack-ell","args":["20.xoutput","21.xoutput","22.xoutput","23.xoutput","24.xoutput","25.xoutput","26.xoutput","27.xoutput","28.xoutput","29.xoutput","210.xoutput","211.xoutput","212.xoutput","213.xoutput","214.xoutput","215.xoutput","216.xoutput","217.xoutput","218.xoutput","219.xoutput","220.xoutput","221.xoutput","222.xoutput","223.xoutput","224.xoutput","225.xoutput","226.xoutput","227.xoutput","228.xoutput","229.xoutput","230.xoutput","231.xoutput","232.xoutput","233.xoutput","234.xoutput","235.xoutput","236.xoutput","237.xoutput","238.xoutput","239.xoutput","240.xoutput","241.xoutput","242.xoutput","243.xoutput","244.xoutput","average_2.txt"],"id":188,"resource":"2560","request_start":1576624306061,"request_end":1576624307645,"request_duration":1584,"type":"2560"}
{"start":1576624307762,"end":1576624308607,"duration":845,"downloading_duration":400,"execution_duration":65,"uploading_duration":380,"executable":"summary.js","args":[],"id":190,"resource":"2560","request_start":1576624307652,"request_end":1576624308624,"request_duration":972,"type":"2560"}
