{"start":1576627854866,"end":1576627856192,"duration":1326,"downloading_duration":406,"execution_duration":499,"uploading_duration":421,"executable":"generateData.js","args":[],"id":1,"resource":"256","request_start":1576627854707,"request_end":1576627856226,"request_duration":1519,"type":"256"}
{"start":1576627856357,"end":1576627857686,"duration":1329,"downloading_duration":388,"execution_duration":487,"uploading_duration":454,"executable":"createDat.js","args":["0.dat"],"id":2,"resource":"256","request_start":1576627856241,"request_end":1576627857771,"request_duration":1530,"type":"256"}
{"start":1576627856374,"end":1576627857694,"duration":1320,"downloading_duration":391,"execution_duration":522,"uploading_duration":407,"executable":"createDat.js","args":["1.dat"],"id":3,"resource":"256","request_start":1576627856246,"request_end":1576627857773,"request_duration":1527,"type":"256"}
{"start":1576627856378,"end":1576627857728,"duration":1350,"downloading_duration":397,"execution_duration":543,"uploading_duration":410,"executable":"createDat.js","args":["2.dat"],"id":4,"resource":"256","request_start":1576627856250,"request_end":1576627857776,"request_duration":1526,"type":"256"}
{"start":1576627856368,"end":1576627857736,"duration":1368,"downloading_duration":387,"execution_duration":508,"uploading_duration":473,"executable":"createDat.js","args":["3.dat"],"id":5,"resource":"256","request_start":1576627856253,"request_end":1576627857785,"request_duration":1532,"type":"256"}
{"start":1576627858426,"end":1576627874679,"duration":16253,"downloading_duration":1064,"execution_duration":14540,"uploading_duration":649,"executable":"ellipsoids-openmp","args":["0.dat","049.log","049.xoutput"],"id":55,"resource":"256","request_start":1576627857894,"request_end":1576627874702,"request_duration":16808,"type":"256"}
{"start":1576627858368,"end":1576627877583,"duration":19215,"downloading_duration":1047,"execution_duration":17561,"uploading_duration":607,"executable":"ellipsoids-openmp","args":["0.dat","033.log","033.xoutput"],"id":39,"resource":"256","request_start":1576627857876,"request_end":1576627877604,"request_duration":19728,"type":"256"}
{"start":1576627858287,"end":1576627877891,"duration":19604,"downloading_duration":1124,"execution_duration":17881,"uploading_duration":599,"executable":"ellipsoids-openmp","args":["0.dat","010.log","010.xoutput"],"id":16,"resource":"256","request_start":1576627857856,"request_end":1576627877914,"request_duration":20058,"type":"256"}
{"start":1576627858292,"end":1576627877940,"duration":19648,"downloading_duration":1091,"execution_duration":17921,"uploading_duration":636,"executable":"ellipsoids-openmp","args":["0.dat","015.log","015.xoutput"],"id":21,"resource":"256","request_start":1576627857860,"request_end":1576627877963,"request_duration":20103,"type":"256"}
{"start":1576627858364,"end":1576627877951,"duration":19587,"downloading_duration":1066,"execution_duration":17820,"uploading_duration":701,"executable":"ellipsoids-openmp","args":["0.dat","028.log","028.xoutput"],"id":34,"resource":"256","request_start":1576627857872,"request_end":1576627877974,"request_duration":20102,"type":"256"}
{"start":1576627858391,"end":1576627878030,"duration":19639,"downloading_duration":1202,"execution_duration":17822,"uploading_duration":615,"executable":"ellipsoids-openmp","args":["0.dat","045.log","045.xoutput"],"id":51,"resource":"256","request_start":1576627857891,"request_end":1576627878054,"request_duration":20163,"type":"256"}
{"start":1576627858357,"end":1576627878076,"duration":19719,"downloading_duration":1061,"execution_duration":18061,"uploading_duration":597,"executable":"ellipsoids-openmp","args":["0.dat","025.log","025.xoutput"],"id":31,"resource":"256","request_start":1576627857869,"request_end":1576627878096,"request_duration":20227,"type":"256"}
{"start":1576627858425,"end":1576627878082,"duration":19657,"downloading_duration":1114,"execution_duration":17861,"uploading_duration":682,"executable":"ellipsoids-openmp","args":["0.dat","02.log","02.xoutput"],"id":8,"resource":"256","request_start":1576627857896,"request_end":1576627878104,"request_duration":20208,"type":"256"}
{"start":1576627858369,"end":1576627878138,"duration":19769,"downloading_duration":1182,"execution_duration":17980,"uploading_duration":607,"executable":"ellipsoids-openmp","args":["0.dat","035.log","035.xoutput"],"id":41,"resource":"256","request_start":1576627857879,"request_end":1576627878209,"request_duration":20330,"type":"256"}
{"start":1576627858368,"end":1576627878138,"duration":19770,"downloading_duration":1064,"execution_duration":18101,"uploading_duration":605,"executable":"ellipsoids-openmp","args":["0.dat","027.log","027.xoutput"],"id":33,"resource":"256","request_start":1576627857871,"request_end":1576627878212,"request_duration":20341,"type":"256"}
{"start":1576627858280,"end":1576627878152,"duration":19872,"downloading_duration":1102,"execution_duration":18100,"uploading_duration":670,"executable":"ellipsoids-openmp","args":["0.dat","09.log","09.xoutput"],"id":15,"resource":"256","request_start":1576627857855,"request_end":1576627878214,"request_duration":20359,"type":"256"}
{"start":1576627858373,"end":1576627878171,"duration":19798,"downloading_duration":1121,"execution_duration":18040,"uploading_duration":637,"executable":"ellipsoids-openmp","args":["0.dat","042.log","042.xoutput"],"id":48,"resource":"256","request_start":1576627857887,"request_end":1576627878216,"request_duration":20329,"type":"256"}
{"start":1576627858391,"end":1576627878175,"duration":19784,"downloading_duration":1115,"execution_duration":18099,"uploading_duration":570,"executable":"ellipsoids-openmp","args":["0.dat","048.log","048.xoutput"],"id":54,"resource":"256","request_start":1576627857893,"request_end":1576627878218,"request_duration":20325,"type":"256"}
{"start":1576627858388,"end":1576627878191,"duration":19803,"downloading_duration":1175,"execution_duration":17961,"uploading_duration":667,"executable":"ellipsoids-openmp","args":["0.dat","031.log","031.xoutput"],"id":37,"resource":"256","request_start":1576627857874,"request_end":1576627878224,"request_duration":20350,"type":"256"}
{"start":1576627858421,"end":1576627878192,"duration":19771,"downloading_duration":1134,"execution_duration":17900,"uploading_duration":737,"executable":"ellipsoids-openmp","args":["0.dat","047.log","047.xoutput"],"id":53,"resource":"256","request_start":1576627857892,"request_end":1576627878227,"request_duration":20335,"type":"256"}
{"start":1576627858368,"end":1576627878204,"duration":19836,"downloading_duration":1064,"execution_duration":18140,"uploading_duration":632,"executable":"ellipsoids-openmp","args":["0.dat","036.log","036.xoutput"],"id":42,"resource":"256","request_start":1576627857879,"request_end":1576627878235,"request_duration":20356,"type":"256"}
{"start":1576627858373,"end":1576627878207,"duration":19834,"downloading_duration":1069,"execution_duration":17941,"uploading_duration":824,"executable":"ellipsoids-openmp","args":["0.dat","040.log","040.xoutput"],"id":46,"resource":"256","request_start":1576627857885,"request_end":1576627878237,"request_duration":20352,"type":"256"}
{"start":1576627858392,"end":1576627878223,"duration":19831,"downloading_duration":1103,"execution_duration":18121,"uploading_duration":607,"executable":"ellipsoids-openmp","args":["0.dat","00.log","00.xoutput"],"id":6,"resource":"256","request_start":1576627857895,"request_end":1576627878295,"request_duration":20400,"type":"256"}
{"start":1576627858361,"end":1576627878257,"duration":19896,"downloading_duration":1070,"execution_duration":18201,"uploading_duration":625,"executable":"ellipsoids-openmp","args":["0.dat","026.log","026.xoutput"],"id":32,"resource":"256","request_start":1576627857870,"request_end":1576627878303,"request_duration":20433,"type":"256"}
{"start":1576627858388,"end":1576627878260,"duration":19872,"downloading_duration":1105,"execution_duration":18101,"uploading_duration":666,"executable":"ellipsoids-openmp","args":["0.dat","044.log","044.xoutput"],"id":50,"resource":"256","request_start":1576627857889,"request_end":1576627878306,"request_duration":20417,"type":"256"}
{"start":1576627858289,"end":1576627878261,"duration":19972,"downloading_duration":1132,"execution_duration":18101,"uploading_duration":739,"executable":"ellipsoids-openmp","args":["0.dat","018.log","018.xoutput"],"id":24,"resource":"256","request_start":1576627857863,"request_end":1576627878307,"request_duration":20444,"type":"256"}
{"start":1576627858427,"end":1576627878281,"duration":19854,"downloading_duration":1095,"execution_duration":18161,"uploading_duration":598,"executable":"ellipsoids-openmp","args":["0.dat","01.log","01.xoutput"],"id":7,"resource":"256","request_start":1576627857896,"request_end":1576627878376,"request_duration":20480,"type":"256"}
{"start":1576627858373,"end":1576627878341,"duration":19968,"downloading_duration":1088,"execution_duration":18260,"uploading_duration":620,"executable":"ellipsoids-openmp","args":["0.dat","041.log","041.xoutput"],"id":47,"resource":"256","request_start":1576627857886,"request_end":1576627878385,"request_duration":20499,"type":"256"}
{"start":1576627858231,"end":1576627878419,"duration":20188,"downloading_duration":1184,"execution_duration":18360,"uploading_duration":644,"executable":"ellipsoids-openmp","args":["0.dat","05.log","05.xoutput"],"id":11,"resource":"256","request_start":1576627857851,"request_end":1576627878437,"request_duration":20586,"type":"256"}
{"start":1576627858358,"end":1576627878448,"duration":20090,"downloading_duration":1109,"execution_duration":18120,"uploading_duration":861,"executable":"ellipsoids-openmp","args":["0.dat","021.log","021.xoutput"],"id":27,"resource":"256","request_start":1576627857866,"request_end":1576627878467,"request_duration":20601,"type":"256"}
{"start":1576627858374,"end":1576627878496,"duration":20122,"downloading_duration":1199,"execution_duration":18282,"uploading_duration":641,"executable":"ellipsoids-openmp","args":["0.dat","043.log","043.xoutput"],"id":49,"resource":"256","request_start":1576627857888,"request_end":1576627878516,"request_duration":20628,"type":"256"}
{"start":1576627858374,"end":1576627878501,"duration":20127,"downloading_duration":1140,"execution_duration":18280,"uploading_duration":707,"executable":"ellipsoids-openmp","args":["0.dat","038.log","038.xoutput"],"id":44,"resource":"256","request_start":1576627857881,"request_end":1576627878520,"request_duration":20639,"type":"256"}
{"start":1576627858228,"end":1576627878575,"duration":20347,"downloading_duration":1041,"execution_duration":18701,"uploading_duration":605,"executable":"ellipsoids-openmp","args":["0.dat","08.log","08.xoutput"],"id":14,"resource":"256","request_start":1576627857854,"request_end":1576627878594,"request_duration":20740,"type":"256"}
{"start":1576627858393,"end":1576627878577,"duration":20184,"downloading_duration":1073,"execution_duration":18500,"uploading_duration":611,"executable":"ellipsoids-openmp","args":["0.dat","03.log","03.xoutput"],"id":9,"resource":"256","request_start":1576627857897,"request_end":1576627878597,"request_duration":20700,"type":"256"}
{"start":1576627858340,"end":1576627878621,"duration":20281,"downloading_duration":1114,"execution_duration":18560,"uploading_duration":607,"executable":"ellipsoids-openmp","args":["0.dat","016.log","016.xoutput"],"id":22,"resource":"256","request_start":1576627857861,"request_end":1576627878643,"request_duration":20782,"type":"256"}
{"start":1576627858354,"end":1576627878671,"duration":20317,"downloading_duration":1159,"execution_duration":18482,"uploading_duration":676,"executable":"ellipsoids-openmp","args":["0.dat","020.log","020.xoutput"],"id":26,"resource":"256","request_start":1576627857865,"request_end":1576627878692,"request_duration":20827,"type":"256"}
{"start":1576627858280,"end":1576627878687,"duration":20407,"downloading_duration":1043,"execution_duration":18742,"uploading_duration":622,"executable":"ellipsoids-openmp","args":["0.dat","011.log","011.xoutput"],"id":17,"resource":"256","request_start":1576627857857,"request_end":1576627878705,"request_duration":20848,"type":"256"}
{"start":1576627858356,"end":1576627878689,"duration":20333,"downloading_duration":1008,"execution_duration":18702,"uploading_duration":623,"executable":"ellipsoids-openmp","args":["0.dat","022.log","022.xoutput"],"id":28,"resource":"256","request_start":1576627857867,"request_end":1576627878707,"request_duration":20840,"type":"256"}
{"start":1576627858385,"end":1576627878707,"duration":20322,"downloading_duration":1080,"execution_duration":18621,"uploading_duration":621,"executable":"ellipsoids-openmp","args":["0.dat","037.log","037.xoutput"],"id":43,"resource":"256","request_start":1576627857880,"request_end":1576627878727,"request_duration":20847,"type":"256"}
{"start":1576627858362,"end":1576627878709,"duration":20347,"downloading_duration":1100,"execution_duration":18600,"uploading_duration":647,"executable":"ellipsoids-openmp","args":["0.dat","030.log","030.xoutput"],"id":36,"resource":"256","request_start":1576627857873,"request_end":1576627878733,"request_duration":20860,"type":"256"}
{"start":1576627858353,"end":1576627878751,"duration":20398,"downloading_duration":1032,"execution_duration":18720,"uploading_duration":646,"executable":"ellipsoids-openmp","args":["0.dat","024.log","024.xoutput"],"id":30,"resource":"256","request_start":1576627857868,"request_end":1576627878773,"request_duration":20905,"type":"256"}
{"start":1576627858284,"end":1576627878776,"duration":20492,"downloading_duration":1047,"execution_duration":18841,"uploading_duration":604,"executable":"ellipsoids-openmp","args":["0.dat","013.log","013.xoutput"],"id":19,"resource":"256","request_start":1576627857859,"request_end":1576627878797,"request_duration":20938,"type":"256"}
{"start":1576627858376,"end":1576627878819,"duration":20443,"downloading_duration":1113,"execution_duration":18658,"uploading_duration":672,"executable":"ellipsoids-openmp","args":["0.dat","039.log","039.xoutput"],"id":45,"resource":"256","request_start":1576627857883,"request_end":1576627878838,"request_duration":20955,"type":"256"}
{"start":1576627858224,"end":1576627878824,"duration":20600,"downloading_duration":1057,"execution_duration":18880,"uploading_duration":663,"executable":"ellipsoids-openmp","args":["0.dat","04.log","04.xoutput"],"id":10,"resource":"256","request_start":1576627857850,"request_end":1576627878844,"request_duration":20994,"type":"256"}
{"start":1576627858350,"end":1576627878832,"duration":20482,"downloading_duration":1104,"execution_duration":18762,"uploading_duration":616,"executable":"ellipsoids-openmp","args":["0.dat","019.log","019.xoutput"],"id":25,"resource":"256","request_start":1576627857864,"request_end":1576627878855,"request_duration":20991,"type":"256"}
{"start":1576627858359,"end":1576627878874,"duration":20515,"downloading_duration":1166,"execution_duration":18180,"uploading_duration":1169,"executable":"ellipsoids-openmp","args":["0.dat","023.log","023.xoutput"],"id":29,"resource":"256","request_start":1576627857867,"request_end":1576627878892,"request_duration":21025,"type":"256"}
{"start":1576627858361,"end":1576627878932,"duration":20571,"downloading_duration":1102,"execution_duration":18860,"uploading_duration":609,"executable":"ellipsoids-openmp","args":["0.dat","029.log","029.xoutput"],"id":35,"resource":"256","request_start":1576627857873,"request_end":1576627878953,"request_duration":21080,"type":"256"}
{"start":1576627858290,"end":1576627878988,"duration":20698,"downloading_duration":1136,"execution_duration":18941,"uploading_duration":621,"executable":"ellipsoids-openmp","args":["0.dat","017.log","017.xoutput"],"id":23,"resource":"256","request_start":1576627857862,"request_end":1576627879008,"request_duration":21146,"type":"256"}
{"start":1576627858290,"end":1576627878992,"duration":20702,"downloading_duration":1057,"execution_duration":18980,"uploading_duration":665,"executable":"ellipsoids-openmp","args":["0.dat","012.log","012.xoutput"],"id":18,"resource":"256","request_start":1576627857858,"request_end":1576627879013,"request_duration":21155,"type":"256"}
{"start":1576627858227,"end":1576627879017,"duration":20790,"downloading_duration":1139,"execution_duration":18980,"uploading_duration":671,"executable":"ellipsoids-openmp","args":["0.dat","06.log","06.xoutput"],"id":12,"resource":"256","request_start":1576627857852,"request_end":1576627879038,"request_duration":21186,"type":"256"}
{"start":1576627858367,"end":1576627879023,"duration":20656,"downloading_duration":1190,"execution_duration":18802,"uploading_duration":664,"executable":"ellipsoids-openmp","args":["0.dat","034.log","034.xoutput"],"id":40,"resource":"256","request_start":1576627857878,"request_end":1576627879044,"request_duration":21166,"type":"256"}
{"start":1576627858392,"end":1576627879045,"duration":20653,"downloading_duration":1131,"execution_duration":18840,"uploading_duration":682,"executable":"ellipsoids-openmp","args":["0.dat","046.log","046.xoutput"],"id":52,"resource":"256","request_start":1576627857892,"request_end":1576627879065,"request_duration":21173,"type":"256"}
{"start":1576627858288,"end":1576627879052,"duration":20764,"downloading_duration":1819,"execution_duration":18242,"uploading_duration":703,"executable":"ellipsoids-openmp","args":["0.dat","014.log","014.xoutput"],"id":20,"resource":"256","request_start":1576627857860,"request_end":1576627879073,"request_duration":21213,"type":"256"}
{"start":1576627858371,"end":1576627879098,"duration":20727,"downloading_duration":1113,"execution_duration":19021,"uploading_duration":593,"executable":"ellipsoids-openmp","args":["0.dat","032.log","032.xoutput"],"id":38,"resource":"256","request_start":1576627857875,"request_end":1576627879118,"request_duration":21243,"type":"256"}
{"start":1576627858226,"end":1576627879415,"duration":21189,"downloading_duration":1089,"execution_duration":19440,"uploading_duration":660,"executable":"ellipsoids-openmp","args":["0.dat","07.log","07.xoutput"],"id":13,"resource":"256","request_start":1576627857853,"request_end":1576627879433,"request_duration":21580,"type":"256"}
{"start":1576627874727,"end":1576627890141,"duration":15414,"downloading_duration":1084,"execution_duration":13679,"uploading_duration":651,"executable":"ellipsoids-openmp","args":["1.dat","144.log","144.xoutput"],"id":100,"resource":"256","request_start":1576627857931,"request_end":1576627890164,"request_duration":32233,"type":"256"}
{"start":1576627878002,"end":1576627895976,"duration":17974,"downloading_duration":1121,"execution_duration":16260,"uploading_duration":593,"executable":"ellipsoids-openmp","args":["1.dat","148.log","148.xoutput"],"id":104,"resource":"256","request_start":1576627857933,"request_end":1576627895997,"request_duration":38064,"type":"256"}
{"start":1576627878248,"end":1576627896196,"duration":17948,"downloading_duration":1123,"execution_duration":16181,"uploading_duration":644,"executable":"ellipsoids-openmp","args":["1.dat","13.log","13.xoutput"],"id":59,"resource":"256","request_start":1576627857936,"request_end":1576627896217,"request_duration":38281,"type":"256"}
{"start":1576627878248,"end":1576627896200,"duration":17952,"downloading_duration":1135,"execution_duration":16201,"uploading_duration":616,"executable":"ellipsoids-openmp","args":["1.dat","16.log","16.xoutput"],"id":62,"resource":"256","request_start":1576627857938,"request_end":1576627896221,"request_duration":38283,"type":"256"}
{"start":1576627878135,"end":1576627896212,"duration":18077,"downloading_duration":1178,"execution_duration":16060,"uploading_duration":839,"executable":"ellipsoids-openmp","args":["1.dat","11.log","11.xoutput"],"id":57,"resource":"256","request_start":1576627857935,"request_end":1576627896233,"request_duration":38298,"type":"256"}
{"start":1576627878243,"end":1576627896410,"duration":18167,"downloading_duration":1212,"execution_duration":16301,"uploading_duration":654,"executable":"ellipsoids-openmp","args":["1.dat","12.log","12.xoutput"],"id":58,"resource":"256","request_start":1576627857935,"request_end":1576627896430,"request_duration":38495,"type":"256"}
{"start":1576627878087,"end":1576627896421,"duration":18334,"downloading_duration":1133,"execution_duration":16580,"uploading_duration":621,"executable":"ellipsoids-openmp","args":["1.dat","149.log","149.xoutput"],"id":105,"resource":"256","request_start":1576627857934,"request_end":1576627896445,"request_duration":38511,"type":"256"}
{"start":1576627877991,"end":1576627896433,"duration":18442,"downloading_duration":1079,"execution_duration":16660,"uploading_duration":703,"executable":"ellipsoids-openmp","args":["1.dat","147.log","147.xoutput"],"id":103,"resource":"256","request_start":1576627857933,"request_end":1576627896452,"request_duration":38519,"type":"256"}
{"start":1576627878624,"end":1576627896629,"duration":18005,"downloading_duration":1125,"execution_duration":16221,"uploading_duration":659,"executable":"ellipsoids-openmp","args":["1.dat","122.log","122.xoutput"],"id":78,"resource":"256","request_start":1576627857946,"request_end":1576627896699,"request_duration":38753,"type":"256"}
{"start":1576627878733,"end":1576627896713,"duration":17980,"downloading_duration":1132,"execution_duration":16201,"uploading_duration":647,"executable":"ellipsoids-openmp","args":["1.dat","125.log","125.xoutput"],"id":81,"resource":"256","request_start":1576627857948,"request_end":1576627896733,"request_duration":38785,"type":"256"}
{"start":1576627878250,"end":1576627896727,"duration":18477,"downloading_duration":1135,"execution_duration":16740,"uploading_duration":602,"executable":"ellipsoids-openmp","args":["1.dat","14.log","14.xoutput"],"id":60,"resource":"256","request_start":1576627857937,"request_end":1576627896752,"request_duration":38815,"type":"256"}
{"start":1576627878732,"end":1576627896735,"duration":18003,"downloading_duration":1112,"execution_duration":16300,"uploading_duration":591,"executable":"ellipsoids-openmp","args":["1.dat","126.log","126.xoutput"],"id":82,"resource":"256","request_start":1576627857951,"request_end":1576627896761,"request_duration":38810,"type":"256"}
{"start":1576627878332,"end":1576627896741,"duration":18409,"downloading_duration":1190,"execution_duration":16340,"uploading_duration":879,"executable":"ellipsoids-openmp","args":["1.dat","111.log","111.xoutput"],"id":67,"resource":"256","request_start":1576627857940,"request_end":1576627896767,"request_duration":38827,"type":"256"}
{"start":1576627878496,"end":1576627896764,"duration":18268,"downloading_duration":1199,"execution_duration":16382,"uploading_duration":687,"executable":"ellipsoids-openmp","args":["1.dat","118.log","118.xoutput"],"id":74,"resource":"256","request_start":1576627857944,"request_end":1576627896860,"request_duration":38916,"type":"256"}
{"start":1576627878251,"end":1576627896765,"duration":18514,"downloading_duration":1113,"execution_duration":16720,"uploading_duration":681,"executable":"ellipsoids-openmp","args":["1.dat","17.log","17.xoutput"],"id":63,"resource":"256","request_start":1576627857938,"request_end":1576627896863,"request_duration":38925,"type":"256"}
{"start":1576627878336,"end":1576627896791,"duration":18455,"downloading_duration":1117,"execution_duration":16720,"uploading_duration":618,"executable":"ellipsoids-openmp","args":["1.dat","113.log","113.xoutput"],"id":69,"resource":"256","request_start":1576627857942,"request_end":1576627896867,"request_duration":38925,"type":"256"}
{"start":1576627877634,"end":1576627896818,"duration":19184,"downloading_duration":1621,"execution_duration":16841,"uploading_duration":722,"executable":"ellipsoids-openmp","args":["1.dat","145.log","145.xoutput"],"id":101,"resource":"256","request_start":1576627857932,"request_end":1576627896872,"request_duration":38940,"type":"256"}
{"start":1576627878122,"end":1576627896838,"duration":18716,"downloading_duration":1156,"execution_duration":16781,"uploading_duration":779,"executable":"ellipsoids-openmp","args":["1.dat","10.log","10.xoutput"],"id":56,"resource":"256","request_start":1576627857934,"request_end":1576627896875,"request_duration":38941,"type":"256"}
{"start":1576627878336,"end":1576627896873,"duration":18537,"downloading_duration":1085,"execution_duration":16820,"uploading_duration":632,"executable":"ellipsoids-openmp","args":["1.dat","112.log","112.xoutput"],"id":68,"resource":"256","request_start":1576627857941,"request_end":1576627896896,"request_duration":38955,"type":"256"}
{"start":1576627878262,"end":1576627896903,"duration":18641,"downloading_duration":1121,"execution_duration":16760,"uploading_duration":760,"executable":"ellipsoids-openmp","args":["1.dat","19.log","19.xoutput"],"id":65,"resource":"256","request_start":1576627857939,"request_end":1576627896923,"request_duration":38984,"type":"256"}
{"start":1576627877940,"end":1576627897020,"duration":19080,"downloading_duration":1112,"execution_duration":17319,"uploading_duration":649,"executable":"ellipsoids-openmp","args":["1.dat","146.log","146.xoutput"],"id":102,"resource":"256","request_start":1576627857932,"request_end":1576627897043,"request_duration":39111,"type":"256"}
{"start":1576627878405,"end":1576627897076,"duration":18671,"downloading_duration":1056,"execution_duration":16940,"uploading_duration":675,"executable":"ellipsoids-openmp","args":["1.dat","115.log","115.xoutput"],"id":71,"resource":"256","request_start":1576627857943,"request_end":1576627897096,"request_duration":39153,"type":"256"}
{"start":1576627878263,"end":1576627897085,"duration":18822,"downloading_duration":1128,"execution_duration":17021,"uploading_duration":673,"executable":"ellipsoids-openmp","args":["1.dat","110.log","110.xoutput"],"id":66,"resource":"256","request_start":1576627857940,"request_end":1576627897108,"request_duration":39168,"type":"256"}
{"start":1576627878464,"end":1576627897125,"duration":18661,"downloading_duration":1043,"execution_duration":16820,"uploading_duration":798,"executable":"ellipsoids-openmp","args":["1.dat","117.log","117.xoutput"],"id":73,"resource":"256","request_start":1576627857944,"request_end":1576627897148,"request_duration":39204,"type":"256"}
{"start":1576627878543,"end":1576627897206,"duration":18663,"downloading_duration":1191,"execution_duration":16881,"uploading_duration":591,"executable":"ellipsoids-openmp","args":["1.dat","119.log","119.xoutput"],"id":75,"resource":"256","request_start":1576627857945,"request_end":1576627897225,"request_duration":39280,"type":"256"}
{"start":1576627878727,"end":1576627897230,"duration":18503,"downloading_duration":1136,"execution_duration":16701,"uploading_duration":666,"executable":"ellipsoids-openmp","args":["1.dat","124.log","124.xoutput"],"id":80,"resource":"256","request_start":1576627857948,"request_end":1576627897248,"request_duration":39300,"type":"256"}
{"start":1576627878673,"end":1576627897265,"duration":18592,"downloading_duration":1122,"execution_duration":16819,"uploading_duration":651,"executable":"ellipsoids-openmp","args":["1.dat","123.log","123.xoutput"],"id":79,"resource":"256","request_start":1576627857947,"request_end":1576627897283,"request_duration":39336,"type":"256"}
{"start":1576627878262,"end":1576627897336,"duration":19074,"downloading_duration":1112,"execution_duration":17260,"uploading_duration":702,"executable":"ellipsoids-openmp","args":["1.dat","18.log","18.xoutput"],"id":64,"resource":"256","request_start":1576627857939,"request_end":1576627897356,"request_duration":39417,"type":"256"}
{"start":1576627878761,"end":1576627897339,"duration":18578,"downloading_duration":1124,"execution_duration":16842,"uploading_duration":612,"executable":"ellipsoids-openmp","args":["1.dat","128.log","128.xoutput"],"id":84,"resource":"256","request_start":1576627857953,"request_end":1576627897361,"request_duration":39408,"type":"256"}
{"start":1576627878623,"end":1576627897442,"duration":18819,"downloading_duration":1123,"execution_duration":17082,"uploading_duration":614,"executable":"ellipsoids-openmp","args":["1.dat","121.log","121.xoutput"],"id":77,"resource":"256","request_start":1576627857946,"request_end":1576627897463,"request_duration":39517,"type":"256"}
{"start":1576627878338,"end":1576627897453,"duration":19115,"downloading_duration":1114,"execution_duration":17402,"uploading_duration":599,"executable":"ellipsoids-openmp","args":["1.dat","114.log","114.xoutput"],"id":70,"resource":"256","request_start":1576627857942,"request_end":1576627897473,"request_duration":39531,"type":"256"}
{"start":1576627878419,"end":1576627897459,"duration":19040,"downloading_duration":1132,"execution_duration":17280,"uploading_duration":628,"executable":"ellipsoids-openmp","args":["1.dat","116.log","116.xoutput"],"id":72,"resource":"256","request_start":1576627857943,"request_end":1576627897478,"request_duration":39535,"type":"256"}
{"start":1576627878551,"end":1576627897478,"duration":18927,"downloading_duration":1122,"execution_duration":17121,"uploading_duration":684,"executable":"ellipsoids-openmp","args":["1.dat","120.log","120.xoutput"],"id":76,"resource":"256","request_start":1576627857945,"request_end":1576627897498,"request_duration":39553,"type":"256"}
{"start":1576627878754,"end":1576627897481,"duration":18727,"downloading_duration":1109,"execution_duration":17000,"uploading_duration":618,"executable":"ellipsoids-openmp","args":["1.dat","127.log","127.xoutput"],"id":83,"resource":"256","request_start":1576627857952,"request_end":1576627897504,"request_duration":39552,"type":"256"}
{"start":1576627878873,"end":1576627897507,"duration":18634,"downloading_duration":1195,"execution_duration":16819,"uploading_duration":620,"executable":"ellipsoids-openmp","args":["1.dat","132.log","132.xoutput"],"id":88,"resource":"256","request_start":1576627857955,"request_end":1576627897528,"request_duration":39573,"type":"256"}
{"start":1576627878837,"end":1576627897701,"duration":18864,"downloading_duration":1217,"execution_duration":17000,"uploading_duration":647,"executable":"ellipsoids-openmp","args":["1.dat","130.log","130.xoutput"],"id":86,"resource":"256","request_start":1576627857954,"request_end":1576627897721,"request_duration":39767,"type":"256"}
{"start":1576627879033,"end":1576627897768,"duration":18735,"downloading_duration":1166,"execution_duration":16958,"uploading_duration":611,"executable":"ellipsoids-openmp","args":["1.dat","136.log","136.xoutput"],"id":92,"resource":"256","request_start":1576627857957,"request_end":1576627897786,"request_duration":39829,"type":"256"}
{"start":1576627879069,"end":1576627897799,"duration":18730,"downloading_duration":1114,"execution_duration":17000,"uploading_duration":616,"executable":"ellipsoids-openmp","args":["1.dat","138.log","138.xoutput"],"id":94,"resource":"256","request_start":1576627857958,"request_end":1576627897818,"request_duration":39860,"type":"256"}
{"start":1576627879070,"end":1576627897815,"duration":18745,"downloading_duration":1197,"execution_duration":16901,"uploading_duration":647,"executable":"ellipsoids-openmp","args":["1.dat","139.log","139.xoutput"],"id":95,"resource":"256","request_start":1576627857958,"request_end":1576627897833,"request_duration":39875,"type":"256"}
{"start":1576627878920,"end":1576627897828,"duration":18908,"downloading_duration":1192,"execution_duration":17061,"uploading_duration":655,"executable":"ellipsoids-openmp","args":["1.dat","134.log","134.xoutput"],"id":90,"resource":"256","request_start":1576627857956,"request_end":1576627897848,"request_duration":39892,"type":"256"}
{"start":1576627879042,"end":1576627897851,"duration":18809,"downloading_duration":1063,"execution_duration":17142,"uploading_duration":604,"executable":"ellipsoids-openmp","args":["1.dat","137.log","137.xoutput"],"id":93,"resource":"256","request_start":1576627857957,"request_end":1576627897870,"request_duration":39913,"type":"256"}
{"start":1576627879099,"end":1576627897880,"duration":18781,"downloading_duration":1107,"execution_duration":16923,"uploading_duration":751,"executable":"ellipsoids-openmp","args":["1.dat","141.log","141.xoutput"],"id":97,"resource":"256","request_start":1576627857960,"request_end":1576627897900,"request_duration":39940,"type":"256"}
{"start":1576627878885,"end":1576627898029,"duration":19144,"downloading_duration":1440,"execution_duration":16940,"uploading_duration":764,"executable":"ellipsoids-openmp","args":["1.dat","133.log","133.xoutput"],"id":89,"resource":"256","request_start":1576627857955,"request_end":1576627898049,"request_duration":40094,"type":"256"}
{"start":1576627878800,"end":1576627898080,"duration":19280,"downloading_duration":1112,"execution_duration":17540,"uploading_duration":628,"executable":"ellipsoids-openmp","args":["1.dat","129.log","129.xoutput"],"id":85,"resource":"256","request_start":1576627857953,"request_end":1576627898099,"request_duration":40146,"type":"256"}
{"start":1576627879459,"end":1576627898206,"duration":18747,"downloading_duration":1116,"execution_duration":17001,"uploading_duration":630,"executable":"ellipsoids-openmp","args":["1.dat","143.log","143.xoutput"],"id":99,"resource":"256","request_start":1576627857961,"request_end":1576627898225,"request_duration":40264,"type":"256"}
{"start":1576627878864,"end":1576627898260,"duration":19396,"downloading_duration":1177,"execution_duration":17542,"uploading_duration":677,"executable":"ellipsoids-openmp","args":["1.dat","131.log","131.xoutput"],"id":87,"resource":"256","request_start":1576627857954,"request_end":1576627898278,"request_duration":40324,"type":"256"}
{"start":1576627878983,"end":1576627898351,"duration":19368,"downloading_duration":1100,"execution_duration":17580,"uploading_duration":688,"executable":"ellipsoids-openmp","args":["1.dat","135.log","135.xoutput"],"id":91,"resource":"256","request_start":1576627857956,"request_end":1576627898372,"request_duration":40416,"type":"256"}
{"start":1576627879093,"end":1576627898366,"duration":19273,"downloading_duration":1114,"execution_duration":17540,"uploading_duration":619,"executable":"ellipsoids-openmp","args":["1.dat","140.log","140.xoutput"],"id":96,"resource":"256","request_start":1576627857959,"request_end":1576627898390,"request_duration":40431,"type":"256"}
{"start":1576627879146,"end":1576627898529,"duration":19383,"downloading_duration":1099,"execution_duration":17620,"uploading_duration":664,"executable":"ellipsoids-openmp","args":["1.dat","142.log","142.xoutput"],"id":98,"resource":"256","request_start":1576627857960,"request_end":1576627898548,"request_duration":40588,"type":"256"}
{"start":1576627878249,"end":1576627900767,"duration":22518,"downloading_duration":4707,"execution_duration":17159,"uploading_duration":652,"executable":"ellipsoids-openmp","args":["1.dat","15.log","15.xoutput"],"id":61,"resource":"256","request_start":1576627857937,"request_end":1576627900787,"request_duration":42850,"type":"256"}
{"start":1576627890191,"end":1576627906487,"duration":16296,"downloading_duration":1179,"execution_duration":14442,"uploading_duration":675,"executable":"ellipsoids-openmp","args":["2.dat","20.log","20.xoutput"],"id":106,"resource":"256","request_start":1576627857961,"request_end":1576627906537,"request_duration":48576,"type":"256"}
{"start":1576627896244,"end":1576627915317,"duration":19073,"downloading_duration":1108,"execution_duration":17281,"uploading_duration":684,"executable":"ellipsoids-openmp","args":["2.dat","22.log","22.xoutput"],"id":108,"resource":"256","request_start":1576627857962,"request_end":1576627915338,"request_duration":57376,"type":"256"}
{"start":1576627896481,"end":1576627915517,"duration":19036,"downloading_duration":1194,"execution_duration":17140,"uploading_duration":702,"executable":"ellipsoids-openmp","args":["2.dat","27.log","27.xoutput"],"id":113,"resource":"256","request_start":1576627857965,"request_end":1576627915535,"request_duration":57570,"type":"256"}
{"start":1576627896761,"end":1576627915536,"duration":18775,"downloading_duration":1161,"execution_duration":16960,"uploading_duration":654,"executable":"ellipsoids-openmp","args":["2.dat","29.log","29.xoutput"],"id":115,"resource":"256","request_start":1576627857966,"request_end":1576627915556,"request_duration":57590,"type":"256"}
{"start":1576627896024,"end":1576627915621,"duration":19597,"downloading_duration":1099,"execution_duration":17900,"uploading_duration":598,"executable":"ellipsoids-openmp","args":["2.dat","21.log","21.xoutput"],"id":107,"resource":"256","request_start":1576627857962,"request_end":1576627915641,"request_duration":57679,"type":"256"}
{"start":1576627896250,"end":1576627915982,"duration":19732,"downloading_duration":1132,"execution_duration":17981,"uploading_duration":619,"executable":"ellipsoids-openmp","args":["2.dat","23.log","23.xoutput"],"id":109,"resource":"256","request_start":1576627857963,"request_end":1576627916007,"request_duration":58044,"type":"256"}
{"start":1576627896459,"end":1576627916002,"duration":19543,"downloading_duration":1071,"execution_duration":17860,"uploading_duration":612,"executable":"ellipsoids-openmp","args":["2.dat","25.log","25.xoutput"],"id":111,"resource":"256","request_start":1576627857964,"request_end":1576627916022,"request_duration":58058,"type":"256"}
{"start":1576627896902,"end":1576627916006,"duration":19104,"downloading_duration":1096,"execution_duration":17382,"uploading_duration":626,"executable":"ellipsoids-openmp","args":["2.dat","215.log","215.xoutput"],"id":121,"resource":"256","request_start":1576627857969,"request_end":1576627916027,"request_duration":58058,"type":"256"}
{"start":1576627896263,"end":1576627916086,"duration":19823,"downloading_duration":1108,"execution_duration":18101,"uploading_duration":614,"executable":"ellipsoids-openmp","args":["2.dat","24.log","24.xoutput"],"id":110,"resource":"256","request_start":1576627857963,"request_end":1576627916106,"request_duration":58143,"type":"256"}
{"start":1576627896470,"end":1576627916161,"duration":19691,"downloading_duration":1070,"execution_duration":17941,"uploading_duration":680,"executable":"ellipsoids-openmp","args":["2.dat","26.log","26.xoutput"],"id":112,"resource":"256","request_start":1576627857964,"request_end":1576627916193,"request_duration":58229,"type":"256"}
{"start":1576627896724,"end":1576627916389,"duration":19665,"downloading_duration":1061,"execution_duration":17980,"uploading_duration":624,"executable":"ellipsoids-openmp","args":["2.dat","28.log","28.xoutput"],"id":114,"resource":"256","request_start":1576627857965,"request_end":1576627916414,"request_duration":58449,"type":"256"}
{"start":1576627896897,"end":1576627916808,"duration":19911,"downloading_duration":1047,"execution_duration":18118,"uploading_duration":746,"executable":"ellipsoids-openmp","args":["2.dat","213.log","213.xoutput"],"id":119,"resource":"256","request_start":1576627857968,"request_end":1576627916830,"request_duration":58862,"type":"256"}
{"start":1576627896794,"end":1576627916865,"duration":20071,"downloading_duration":1070,"execution_duration":18320,"uploading_duration":681,"executable":"ellipsoids-openmp","args":["2.dat","212.log","212.xoutput"],"id":118,"resource":"256","request_start":1576627857967,"request_end":1576627916883,"request_duration":58916,"type":"256"}
{"start":1576627896905,"end":1576627917044,"duration":20139,"downloading_duration":1148,"execution_duration":18340,"uploading_duration":651,"executable":"ellipsoids-openmp","args":["2.dat","216.log","216.xoutput"],"id":122,"resource":"256","request_start":1576627857970,"request_end":1576627917063,"request_duration":59093,"type":"256"}
{"start":1576627896921,"end":1576627917061,"duration":20140,"downloading_duration":1143,"execution_duration":18398,"uploading_duration":599,"executable":"ellipsoids-openmp","args":["2.dat","218.log","218.xoutput"],"id":124,"resource":"256","request_start":1576627857971,"request_end":1576627917081,"request_duration":59110,"type":"256"}
{"start":1576627896781,"end":1576627917120,"duration":20339,"downloading_duration":1102,"execution_duration":18481,"uploading_duration":756,"executable":"ellipsoids-openmp","args":["2.dat","210.log","210.xoutput"],"id":116,"resource":"256","request_start":1576627857966,"request_end":1576627917143,"request_duration":59177,"type":"256"}
{"start":1576627897122,"end":1576627917255,"duration":20133,"downloading_duration":1070,"execution_duration":18420,"uploading_duration":643,"executable":"ellipsoids-openmp","args":["2.dat","221.log","221.xoutput"],"id":127,"resource":"256","request_start":1576627857972,"request_end":1576627917273,"request_duration":59301,"type":"256"}
{"start":1576627896947,"end":1576627917312,"duration":20365,"downloading_duration":1242,"execution_duration":18503,"uploading_duration":620,"executable":"ellipsoids-openmp","args":["2.dat","219.log","219.xoutput"],"id":125,"resource":"256","request_start":1576627857971,"request_end":1576627917333,"request_duration":59362,"type":"256"}
{"start":1576627896902,"end":1576627917328,"duration":20426,"downloading_duration":1114,"execution_duration":18660,"uploading_duration":652,"executable":"ellipsoids-openmp","args":["2.dat","214.log","214.xoutput"],"id":120,"resource":"256","request_start":1576627857968,"request_end":1576627917348,"request_duration":59380,"type":"256"}
{"start":1576627896785,"end":1576627917455,"duration":20670,"downloading_duration":1170,"execution_duration":18760,"uploading_duration":740,"executable":"ellipsoids-openmp","args":["2.dat","211.log","211.xoutput"],"id":117,"resource":"256","request_start":1576627857967,"request_end":1576627917476,"request_duration":59509,"type":"256"}
{"start":1576627897144,"end":1576627917586,"duration":20442,"downloading_duration":1123,"execution_duration":18642,"uploading_duration":677,"executable":"ellipsoids-openmp","args":["2.dat","222.log","222.xoutput"],"id":128,"resource":"256","request_start":1576627857973,"request_end":1576627917608,"request_duration":59635,"type":"256"}
{"start":1576627897391,"end":1576627917616,"duration":20225,"downloading_duration":1143,"execution_duration":18420,"uploading_duration":662,"executable":"ellipsoids-openmp","args":["2.dat","228.log","228.xoutput"],"id":134,"resource":"256","request_start":1576627857976,"request_end":1576627917636,"request_duration":59660,"type":"256"}
{"start":1576627897525,"end":1576627917627,"duration":20102,"downloading_duration":1142,"execution_duration":18300,"uploading_duration":660,"executable":"ellipsoids-openmp","args":["2.dat","232.log","232.xoutput"],"id":138,"resource":"256","request_start":1576627857978,"request_end":1576627917646,"request_duration":59668,"type":"256"}
{"start":1576627896907,"end":1576627917667,"duration":20760,"downloading_duration":1158,"execution_duration":18960,"uploading_duration":642,"executable":"ellipsoids-openmp","args":["2.dat","217.log","217.xoutput"],"id":123,"resource":"256","request_start":1576627857970,"request_end":1576627917686,"request_duration":59716,"type":"256"}
{"start":1576627897895,"end":1576627917691,"duration":19796,"downloading_duration":1131,"execution_duration":18061,"uploading_duration":604,"executable":"ellipsoids-openmp","args":["2.dat","240.log","240.xoutput"],"id":146,"resource":"256","request_start":1576627857982,"request_end":1576627917710,"request_duration":59728,"type":"256"}
{"start":1576627897926,"end":1576627917697,"duration":19771,"downloading_duration":1131,"execution_duration":18042,"uploading_duration":598,"executable":"ellipsoids-openmp","args":["2.dat","241.log","241.xoutput"],"id":147,"resource":"256","request_start":1576627857983,"request_end":1576627917718,"request_duration":59735,"type":"256"}
{"start":1576627897557,"end":1576627917701,"duration":20144,"downloading_duration":1109,"execution_duration":18400,"uploading_duration":635,"executable":"ellipsoids-openmp","args":["2.dat","234.log","234.xoutput"],"id":140,"resource":"256","request_start":1576627857979,"request_end":1576627917720,"request_duration":59741,"type":"256"}
{"start":1576627897310,"end":1576627917711,"duration":20401,"downloading_duration":1084,"execution_duration":18720,"uploading_duration":597,"executable":"ellipsoids-openmp","args":["2.dat","226.log","226.xoutput"],"id":132,"resource":"256","request_start":1576627857975,"request_end":1576627917729,"request_duration":59754,"type":"256"}
{"start":1576627897813,"end":1576627917783,"duration":19970,"downloading_duration":1190,"execution_duration":18040,"uploading_duration":740,"executable":"ellipsoids-openmp","args":["2.dat","236.log","236.xoutput"],"id":142,"resource":"256","request_start":1576627857980,"request_end":1576627917810,"request_duration":59830,"type":"256"}
{"start":1576627897386,"end":1576627917806,"duration":20420,"downloading_duration":1180,"execution_duration":18600,"uploading_duration":640,"executable":"ellipsoids-openmp","args":["2.dat","227.log","227.xoutput"],"id":133,"resource":"256","request_start":1576627857975,"request_end":1576627917830,"request_duration":59855,"type":"256"}
{"start":1576627897075,"end":1576627917815,"duration":20740,"downloading_duration":1118,"execution_duration":18898,"uploading_duration":724,"executable":"ellipsoids-openmp","args":["2.dat","220.log","220.xoutput"],"id":126,"resource":"256","request_start":1576627857972,"request_end":1576627917838,"request_duration":59866,"type":"256"}
{"start":1576627897530,"end":1576627917854,"duration":20324,"downloading_duration":1202,"execution_duration":18501,"uploading_duration":621,"executable":"ellipsoids-openmp","args":["2.dat","233.log","233.xoutput"],"id":139,"resource":"256","request_start":1576627857979,"request_end":1576627917875,"request_duration":59896,"type":"256"}
{"start":1576627897281,"end":1576627917920,"duration":20639,"downloading_duration":1075,"execution_duration":18959,"uploading_duration":605,"executable":"ellipsoids-openmp","args":["2.dat","225.log","225.xoutput"],"id":131,"resource":"256","request_start":1576627857974,"request_end":1576627917940,"request_duration":59966,"type":"256"}
{"start":1576627897858,"end":1576627917957,"duration":20099,"downloading_duration":1189,"execution_duration":18319,"uploading_duration":591,"executable":"ellipsoids-openmp","args":["2.dat","238.log","238.xoutput"],"id":144,"resource":"256","request_start":1576627857981,"request_end":1576627917981,"request_duration":60000,"type":"256"}
{"start":1576627897499,"end":1576627918075,"duration":20576,"downloading_duration":1214,"execution_duration":18703,"uploading_duration":659,"executable":"ellipsoids-openmp","args":["2.dat","230.log","230.xoutput"],"id":136,"resource":"256","request_start":1576627857977,"request_end":1576627918093,"request_duration":60116,"type":"256"}
{"start":1576627897746,"end":1576627918097,"duration":20351,"downloading_duration":1108,"execution_duration":18620,"uploading_duration":623,"executable":"ellipsoids-openmp","args":["2.dat","235.log","235.xoutput"],"id":141,"resource":"256","request_start":1576627857980,"request_end":1576627918154,"request_duration":60174,"type":"256"}
{"start":1576627897181,"end":1576627918117,"duration":20936,"downloading_duration":1140,"execution_duration":19101,"uploading_duration":695,"executable":"ellipsoids-openmp","args":["2.dat","223.log","223.xoutput"],"id":129,"resource":"256","request_start":1576627857973,"request_end":1576627918157,"request_duration":60184,"type":"256"}
{"start":1576627897504,"end":1576627918177,"duration":20673,"downloading_duration":1127,"execution_duration":18941,"uploading_duration":605,"executable":"ellipsoids-openmp","args":["2.dat","231.log","231.xoutput"],"id":137,"resource":"256","request_start":1576627857977,"request_end":1576627918236,"request_duration":60259,"type":"256"}
{"start":1576627897255,"end":1576627918212,"duration":20957,"downloading_duration":1147,"execution_duration":19161,"uploading_duration":649,"executable":"ellipsoids-openmp","args":["2.dat","224.log","224.xoutput"],"id":130,"resource":"256","request_start":1576627857974,"request_end":1576627918242,"request_duration":60268,"type":"256"}
{"start":1576627897845,"end":1576627918341,"duration":20496,"downloading_duration":1127,"execution_duration":18560,"uploading_duration":809,"executable":"ellipsoids-openmp","args":["2.dat","237.log","237.xoutput"],"id":143,"resource":"256","request_start":1576627857981,"request_end":1576627918358,"request_duration":60377,"type":"256"}
{"start":1576627898252,"end":1576627918340,"duration":20088,"downloading_duration":1183,"execution_duration":18081,"uploading_duration":824,"executable":"ellipsoids-openmp","args":["2.dat","244.log","244.xoutput"],"id":150,"resource":"256","request_start":1576627857984,"request_end":1576627918363,"request_duration":60379,"type":"256"}
{"start":1576627898401,"end":1576627918462,"duration":20061,"downloading_duration":1086,"execution_duration":18340,"uploading_duration":635,"executable":"ellipsoids-openmp","args":["2.dat","246.log","246.xoutput"],"id":152,"resource":"256","request_start":1576627857985,"request_end":1576627918483,"request_duration":60498,"type":"256"}
{"start":1576627898574,"end":1576627918545,"duration":19971,"downloading_duration":1171,"execution_duration":18220,"uploading_duration":580,"executable":"ellipsoids-openmp","args":["2.dat","248.log","248.xoutput"],"id":154,"resource":"256","request_start":1576627857986,"request_end":1576627918566,"request_duration":60580,"type":"256"}
{"start":1576627898417,"end":1576627918585,"duration":20168,"downloading_duration":1346,"execution_duration":18220,"uploading_duration":602,"executable":"ellipsoids-openmp","args":["2.dat","247.log","247.xoutput"],"id":153,"resource":"256","request_start":1576627857986,"request_end":1576627918606,"request_duration":60620,"type":"256"}
{"start":1576627898075,"end":1576627918601,"duration":20526,"downloading_duration":1130,"execution_duration":18660,"uploading_duration":736,"executable":"ellipsoids-openmp","args":["2.dat","242.log","242.xoutput"],"id":148,"resource":"256","request_start":1576627857983,"request_end":1576627918626,"request_duration":60643,"type":"256"}
{"start":1576627897490,"end":1576627918758,"duration":21268,"downloading_duration":1133,"execution_duration":19442,"uploading_duration":693,"executable":"ellipsoids-openmp","args":["2.dat","229.log","229.xoutput"],"id":135,"resource":"256","request_start":1576627857976,"request_end":1576627918779,"request_duration":60803,"type":"256"}
{"start":1576627898305,"end":1576627918947,"duration":20642,"downloading_duration":1136,"execution_duration":18861,"uploading_duration":645,"executable":"ellipsoids-openmp","args":["2.dat","245.log","245.xoutput"],"id":151,"resource":"256","request_start":1576627857985,"request_end":1576627918967,"request_duration":60982,"type":"256"}
{"start":1576627898127,"end":1576627920289,"duration":22162,"downloading_duration":2704,"execution_duration":18821,"uploading_duration":637,"executable":"ellipsoids-openmp","args":["2.dat","243.log","243.xoutput"],"id":149,"resource":"256","request_start":1576627857984,"request_end":1576627920309,"request_duration":62325,"type":"256"}
{"start":1576627897880,"end":1576627920626,"duration":22746,"downloading_duration":3407,"execution_duration":18681,"uploading_duration":658,"executable":"ellipsoids-openmp","args":["2.dat","239.log","239.xoutput"],"id":145,"resource":"256","request_start":1576627857982,"request_end":1576627920648,"request_duration":62666,"type":"256"}
{"start":1576627900822,"end":1576627921213,"duration":20391,"downloading_duration":1273,"execution_duration":18480,"uploading_duration":638,"executable":"ellipsoids-openmp","args":["2.dat","249.log","249.xoutput"],"id":155,"resource":"256","request_start":1576627857987,"request_end":1576627921234,"request_duration":63247,"type":"256"}
{"start":1576627906566,"end":1576627921955,"duration":15389,"downloading_duration":1106,"execution_duration":13680,"uploading_duration":603,"executable":"ellipsoids-openmp","args":["3.dat","30.log","30.xoutput"],"id":156,"resource":"256","request_start":1576627858020,"request_end":1576627922158,"request_duration":64138,"type":"256"}
{"start":1576627922190,"end":1576627924746,"duration":2556,"downloading_duration":2101,"execution_duration":61,"uploading_duration":394,"executable":"mean-pack-ell","args":["00.xoutput","01.xoutput","02.xoutput","03.xoutput","04.xoutput","05.xoutput","06.xoutput","07.xoutput","08.xoutput","09.xoutput","010.xoutput","011.xoutput","012.xoutput","013.xoutput","014.xoutput","015.xoutput","016.xoutput","017.xoutput","018.xoutput","019.xoutput","020.xoutput","021.xoutput","022.xoutput","023.xoutput","024.xoutput","025.xoutput","026.xoutput","027.xoutput","028.xoutput","029.xoutput","030.xoutput","031.xoutput","032.xoutput","033.xoutput","034.xoutput","035.xoutput","036.xoutput","037.xoutput","038.xoutput","039.xoutput","040.xoutput","041.xoutput","042.xoutput","043.xoutput","044.xoutput","045.xoutput","046.xoutput","047.xoutput","048.xoutput","049.xoutput","average_0.txt"],"id":206,"resource":"256","request_start":1576627879452,"request_end":1576627924768,"request_duration":45316,"type":"256"}
{"start":1576627924807,"end":1576627927698,"duration":2891,"downloading_duration":2364,"execution_duration":21,"uploading_duration":506,"executable":"mean-pack-ell","args":["10.xoutput","11.xoutput","12.xoutput","13.xoutput","14.xoutput","15.xoutput","16.xoutput","17.xoutput","18.xoutput","19.xoutput","110.xoutput","111.xoutput","112.xoutput","113.xoutput","114.xoutput","115.xoutput","116.xoutput","117.xoutput","118.xoutput","119.xoutput","120.xoutput","121.xoutput","122.xoutput","123.xoutput","124.xoutput","125.xoutput","126.xoutput","127.xoutput","128.xoutput","129.xoutput","130.xoutput","131.xoutput","132.xoutput","133.xoutput","134.xoutput","135.xoutput","136.xoutput","137.xoutput","138.xoutput","139.xoutput","140.xoutput","141.xoutput","142.xoutput","143.xoutput","144.xoutput","145.xoutput","146.xoutput","147.xoutput","148.xoutput","149.xoutput","average_1.txt"],"id":207,"resource":"256","request_start":1576627900803,"request_end":1576627927719,"request_duration":26916,"type":"256"}
{"start":1576627927757,"end":1576627930332,"duration":2575,"downloading_duration":2135,"execution_duration":40,"uploading_duration":400,"executable":"mean-pack-ell","args":["20.xoutput","21.xoutput","22.xoutput","23.xoutput","24.xoutput","25.xoutput","26.xoutput","27.xoutput","28.xoutput","29.xoutput","210.xoutput","211.xoutput","212.xoutput","213.xoutput","214.xoutput","215.xoutput","216.xoutput","217.xoutput","218.xoutput","219.xoutput","220.xoutput","221.xoutput","222.xoutput","223.xoutput","224.xoutput","225.xoutput","226.xoutput","227.xoutput","228.xoutput","229.xoutput","230.xoutput","231.xoutput","232.xoutput","233.xoutput","234.xoutput","235.xoutput","236.xoutput","237.xoutput","238.xoutput","239.xoutput","240.xoutput","241.xoutput","242.xoutput","243.xoutput","244.xoutput","245.xoutput","246.xoutput","247.xoutput","248.xoutput","249.xoutput","average_2.txt"],"id":208,"resource":"256","request_start":1576627921248,"request_end":1576627930354,"request_duration":9106,"type":"256"}
{"start":1576627915562,"end":1576627933292,"duration":17730,"downloading_duration":1160,"execution_duration":15961,"uploading_duration":609,"executable":"ellipsoids-openmp","args":["3.dat","32.log","32.xoutput"],"id":158,"resource":"256","request_start":1576627858023,"request_end":1576627933315,"request_duration":75292,"type":"256"}
{"start":1576627915383,"end":1576627933828,"duration":18445,"downloading_duration":1170,"execution_duration":16640,"uploading_duration":635,"executable":"ellipsoids-openmp","args":["3.dat","31.log","31.xoutput"],"id":157,"resource":"256","request_start":1576627858022,"request_end":1576627933851,"request_duration":75829,"type":"256"}
{"start":1576627915668,"end":1576627933897,"duration":18229,"downloading_duration":1055,"execution_duration":16580,"uploading_duration":594,"executable":"ellipsoids-openmp","args":["3.dat","34.log","34.xoutput"],"id":160,"resource":"256","request_start":1576627858025,"request_end":1576627933918,"request_duration":75893,"type":"256"}
{"start":1576627915584,"end":1576627934227,"duration":18643,"downloading_duration":1171,"execution_duration":16680,"uploading_duration":792,"executable":"ellipsoids-openmp","args":["3.dat","33.log","33.xoutput"],"id":159,"resource":"256","request_start":1576627858024,"request_end":1576627934253,"request_duration":76229,"type":"256"}
{"start":1576627916051,"end":1576627934539,"duration":18488,"downloading_duration":1081,"execution_duration":16679,"uploading_duration":728,"executable":"ellipsoids-openmp","args":["3.dat","36.log","36.xoutput"],"id":162,"resource":"256","request_start":1576627858027,"request_end":1576627934559,"request_duration":76532,"type":"256"}
{"start":1576627916223,"end":1576627935246,"duration":19023,"downloading_duration":1097,"execution_duration":17120,"uploading_duration":806,"executable":"ellipsoids-openmp","args":["3.dat","39.log","39.xoutput"],"id":165,"resource":"256","request_start":1576627858029,"request_end":1576627935266,"request_duration":77237,"type":"256"}
{"start":1576627916132,"end":1576627935256,"duration":19124,"downloading_duration":1219,"execution_duration":17300,"uploading_duration":605,"executable":"ellipsoids-openmp","args":["3.dat","38.log","38.xoutput"],"id":164,"resource":"256","request_start":1576627858028,"request_end":1576627935276,"request_duration":77248,"type":"256"}
{"start":1576627916043,"end":1576627935337,"duration":19294,"downloading_duration":1115,"execution_duration":17341,"uploading_duration":838,"executable":"ellipsoids-openmp","args":["3.dat","35.log","35.xoutput"],"id":161,"resource":"256","request_start":1576627858026,"request_end":1576627935355,"request_duration":77329,"type":"256"}
{"start":1576627916057,"end":1576627935382,"duration":19325,"downloading_duration":1166,"execution_duration":17360,"uploading_duration":799,"executable":"ellipsoids-openmp","args":["3.dat","37.log","37.xoutput"],"id":163,"resource":"256","request_start":1576627858027,"request_end":1576627935403,"request_duration":77376,"type":"256"}
{"start":1576627916441,"end":1576627935530,"duration":19089,"downloading_duration":1064,"execution_duration":17301,"uploading_duration":724,"executable":"ellipsoids-openmp","args":["3.dat","310.log","310.xoutput"],"id":166,"resource":"256","request_start":1576627858030,"request_end":1576627935548,"request_duration":77518,"type":"256"}
{"start":1576627916858,"end":1576627935997,"duration":19139,"downloading_duration":1123,"execution_duration":17381,"uploading_duration":635,"executable":"ellipsoids-openmp","args":["3.dat","311.log","311.xoutput"],"id":167,"resource":"256","request_start":1576627858031,"request_end":1576627936016,"request_duration":77985,"type":"256"}
{"start":1576627917176,"end":1576627936687,"duration":19511,"downloading_duration":1147,"execution_duration":17641,"uploading_duration":723,"executable":"ellipsoids-openmp","args":["3.dat","315.log","315.xoutput"],"id":171,"resource":"256","request_start":1576627858034,"request_end":1576627936710,"request_duration":78676,"type":"256"}
{"start":1576627916910,"end":1576627936688,"duration":19778,"downloading_duration":1074,"execution_duration":18040,"uploading_duration":664,"executable":"ellipsoids-openmp","args":["3.dat","312.log","312.xoutput"],"id":168,"resource":"256","request_start":1576627858031,"request_end":1576627936712,"request_duration":78681,"type":"256"}
{"start":1576627917744,"end":1576627936713,"duration":18969,"downloading_duration":1273,"execution_duration":17042,"uploading_duration":654,"executable":"ellipsoids-openmp","args":["3.dat","325.log","325.xoutput"],"id":181,"resource":"256","request_start":1576627858041,"request_end":1576627936743,"request_duration":78702,"type":"256"}
{"start":1576627917835,"end":1576627936961,"duration":19126,"downloading_duration":1176,"execution_duration":17223,"uploading_duration":727,"executable":"ellipsoids-openmp","args":["3.dat","328.log","328.xoutput"],"id":184,"resource":"256","request_start":1576627858043,"request_end":1576627936980,"request_duration":78937,"type":"256"}
{"start":1576627917757,"end":1576627937008,"duration":19251,"downloading_duration":1270,"execution_duration":17320,"uploading_duration":661,"executable":"ellipsoids-openmp","args":["3.dat","327.log","327.xoutput"],"id":183,"resource":"256","request_start":1576627858042,"request_end":1576627937027,"request_duration":78985,"type":"256"}
{"start":1576627917751,"end":1576627937077,"duration":19326,"downloading_duration":1255,"execution_duration":17383,"uploading_duration":688,"executable":"ellipsoids-openmp","args":["3.dat","326.log","326.xoutput"],"id":182,"resource":"256","request_start":1576627858042,"request_end":1576627937095,"request_duration":79053,"type":"256"}
{"start":1576627918004,"end":1576627937102,"duration":19098,"downloading_duration":1150,"execution_duration":17262,"uploading_duration":686,"executable":"ellipsoids-openmp","args":["3.dat","333.log","333.xoutput"],"id":189,"resource":"256","request_start":1576627858047,"request_end":1576627937123,"request_duration":79076,"type":"256"}
{"start":1576627917858,"end":1576627937135,"duration":19277,"downloading_duration":1208,"execution_duration":17401,"uploading_duration":668,"executable":"ellipsoids-openmp","args":["3.dat","329.log","329.xoutput"],"id":185,"resource":"256","request_start":1576627858045,"request_end":1576627937155,"request_duration":79110,"type":"256"}
{"start":1576627918180,"end":1576627937264,"duration":19084,"downloading_duration":1181,"execution_duration":17321,"uploading_duration":582,"executable":"ellipsoids-openmp","args":["3.dat","335.log","335.xoutput"],"id":191,"resource":"256","request_start":1576627858048,"request_end":1576627937282,"request_duration":79234,"type":"256"}
{"start":1576627918121,"end":1576627937273,"duration":19152,"downloading_duration":1133,"execution_duration":17440,"uploading_duration":579,"executable":"ellipsoids-openmp","args":["3.dat","334.log","334.xoutput"],"id":190,"resource":"256","request_start":1576627858048,"request_end":1576627937292,"request_duration":79244,"type":"256"}
{"start":1576627917302,"end":1576627937294,"duration":19992,"downloading_duration":1090,"execution_duration":18260,"uploading_duration":642,"executable":"ellipsoids-openmp","args":["3.dat","316.log","316.xoutput"],"id":172,"resource":"256","request_start":1576627858034,"request_end":1576627937313,"request_duration":79279,"type":"256"}
{"start":1576627918191,"end":1576627937310,"duration":19119,"downloading_duration":1141,"execution_duration":17359,"uploading_duration":619,"executable":"ellipsoids-openmp","args":["3.dat","336.log","336.xoutput"],"id":192,"resource":"256","request_start":1576627858049,"request_end":1576627937332,"request_duration":79283,"type":"256"}
{"start":1576627917904,"end":1576627937327,"duration":19423,"downloading_duration":1138,"execution_duration":17621,"uploading_duration":664,"executable":"ellipsoids-openmp","args":["3.dat","331.log","331.xoutput"],"id":187,"resource":"256","request_start":1576627858046,"request_end":1576627937346,"request_duration":79300,"type":"256"}
{"start":1576627917107,"end":1576627937466,"duration":20359,"downloading_duration":1126,"execution_duration":18620,"uploading_duration":613,"executable":"ellipsoids-openmp","args":["3.dat","314.log","314.xoutput"],"id":170,"resource":"256","request_start":1576627858033,"request_end":1576627937485,"request_duration":79452,"type":"256"}
{"start":1576627917381,"end":1576627937473,"duration":20092,"downloading_duration":1089,"execution_duration":18420,"uploading_duration":583,"executable":"ellipsoids-openmp","args":["3.dat","318.log","318.xoutput"],"id":174,"resource":"256","request_start":1576627858036,"request_end":1576627937492,"request_duration":79456,"type":"256"}
{"start":1576627918267,"end":1576627937488,"duration":19221,"downloading_duration":1135,"execution_duration":17442,"uploading_duration":644,"executable":"ellipsoids-openmp","args":["3.dat","337.log","337.xoutput"],"id":193,"resource":"256","request_start":1576627858050,"request_end":1576627937513,"request_duration":79463,"type":"256"}
{"start":1576627918276,"end":1576627937500,"duration":19224,"downloading_duration":1178,"execution_duration":17400,"uploading_duration":646,"executable":"ellipsoids-openmp","args":["3.dat","338.log","338.xoutput"],"id":194,"resource":"256","request_start":1576627858050,"request_end":1576627937520,"request_duration":79470,"type":"256"}
{"start":1576627917660,"end":1576627937500,"duration":19840,"downloading_duration":1054,"execution_duration":18181,"uploading_duration":605,"executable":"ellipsoids-openmp","args":["3.dat","321.log","321.xoutput"],"id":177,"resource":"256","request_start":1576627858039,"request_end":1576627937522,"request_duration":79483,"type":"256"}
{"start":1576627917671,"end":1576627937521,"duration":19850,"downloading_duration":1094,"execution_duration":18062,"uploading_duration":694,"executable":"ellipsoids-openmp","args":["3.dat","322.log","322.xoutput"],"id":178,"resource":"256","request_start":1576627858039,"request_end":1576627937540,"request_duration":79501,"type":"256"}
{"start":1576627918394,"end":1576627937587,"duration":19193,"downloading_duration":1098,"execution_duration":17422,"uploading_duration":673,"executable":"ellipsoids-openmp","args":["3.dat","340.log","340.xoutput"],"id":196,"resource":"256","request_start":1576627858051,"request_end":1576627937606,"request_duration":79555,"type":"256"}
{"start":1576627917966,"end":1576627937607,"duration":19641,"downloading_duration":1139,"execution_duration":17841,"uploading_duration":661,"executable":"ellipsoids-openmp","args":["3.dat","332.log","332.xoutput"],"id":188,"resource":"256","request_start":1576627858047,"request_end":1576627937628,"request_duration":79581,"type":"256"}
{"start":1576627917091,"end":1576627937637,"duration":20546,"downloading_duration":1192,"execution_duration":18681,"uploading_duration":673,"executable":"ellipsoids-openmp","args":["3.dat","313.log","313.xoutput"],"id":169,"resource":"256","request_start":1576627858032,"request_end":1576627937655,"request_duration":79623,"type":"256"}
{"start":1576627918594,"end":1576627937670,"duration":19076,"downloading_duration":1089,"execution_duration":17382,"uploading_duration":605,"executable":"ellipsoids-openmp","args":["3.dat","342.log","342.xoutput"],"id":198,"resource":"256","request_start":1576627858053,"request_end":1576627937692,"request_duration":79639,"type":"256"}
{"start":1576627917362,"end":1576627937744,"duration":20382,"downloading_duration":1094,"execution_duration":18681,"uploading_duration":607,"executable":"ellipsoids-openmp","args":["3.dat","317.log","317.xoutput"],"id":173,"resource":"256","request_start":1576627858035,"request_end":1576627937763,"request_duration":79728,"type":"256"}
{"start":1576627918633,"end":1576627937762,"duration":19129,"downloading_duration":1132,"execution_duration":17401,"uploading_duration":596,"executable":"ellipsoids-openmp","args":["3.dat","343.log","343.xoutput"],"id":199,"resource":"256","request_start":1576627858053,"request_end":1576627937783,"request_duration":79730,"type":"256"}
{"start":1576627917866,"end":1576627937795,"duration":19929,"downloading_duration":1086,"execution_duration":18180,"uploading_duration":663,"executable":"ellipsoids-openmp","args":["3.dat","330.log","330.xoutput"],"id":186,"resource":"256","request_start":1576627858045,"request_end":1576627937820,"request_duration":79775,"type":"256"}
{"start":1576627918996,"end":1576627937964,"duration":18968,"downloading_duration":1126,"execution_duration":17240,"uploading_duration":602,"executable":"ellipsoids-openmp","args":["3.dat","346.log","346.xoutput"],"id":202,"resource":"256","request_start":1576627858055,"request_end":1576627937983,"request_duration":79928,"type":"256"}
{"start":1576627918655,"end":1576627938006,"duration":19351,"downloading_duration":1090,"execution_duration":17541,"uploading_duration":720,"executable":"ellipsoids-openmp","args":["3.dat","344.log","344.xoutput"],"id":200,"resource":"256","request_start":1576627858054,"request_end":1576627938025,"request_duration":79971,"type":"256"}
{"start":1576627918388,"end":1576627938026,"duration":19638,"downloading_duration":1067,"execution_duration":17920,"uploading_duration":651,"executable":"ellipsoids-openmp","args":["3.dat","339.log","339.xoutput"],"id":195,"resource":"256","request_start":1576627858051,"request_end":1576627938045,"request_duration":79994,"type":"256"}
{"start":1576627917639,"end":1576627938042,"duration":20403,"downloading_duration":1248,"execution_duration":18541,"uploading_duration":614,"executable":"ellipsoids-openmp","args":["3.dat","320.log","320.xoutput"],"id":176,"resource":"256","request_start":1576627858038,"request_end":1576627938062,"request_duration":80024,"type":"256"}
{"start":1576627918813,"end":1576627938102,"duration":19289,"downloading_duration":1111,"execution_duration":17580,"uploading_duration":598,"executable":"ellipsoids-openmp","args":["3.dat","345.log","345.xoutput"],"id":201,"resource":"256","request_start":1576627858054,"request_end":1576627938123,"request_duration":80069,"type":"256"}
{"start":1576627917738,"end":1576627938115,"duration":20377,"downloading_duration":1229,"execution_duration":18440,"uploading_duration":708,"executable":"ellipsoids-openmp","args":["3.dat","324.log","324.xoutput"],"id":180,"resource":"256","request_start":1576627858041,"request_end":1576627938133,"request_duration":80092,"type":"256"}
{"start":1576627918510,"end":1576627938151,"duration":19641,"downloading_duration":1077,"execution_duration":17920,"uploading_duration":644,"executable":"ellipsoids-openmp","args":["3.dat","341.log","341.xoutput"],"id":197,"resource":"256","request_start":1576627858052,"request_end":1576627938171,"request_duration":80119,"type":"256"}
{"start":1576627917502,"end":1576627938240,"duration":20738,"downloading_duration":1133,"execution_duration":18958,"uploading_duration":647,"executable":"ellipsoids-openmp","args":["3.dat","319.log","319.xoutput"],"id":175,"resource":"256","request_start":1576627858037,"request_end":1576627938263,"request_duration":80226,"type":"256"}
{"start":1576627917717,"end":1576627938455,"duration":20738,"downloading_duration":1077,"execution_duration":18900,"uploading_duration":761,"executable":"ellipsoids-openmp","args":["3.dat","323.log","323.xoutput"],"id":179,"resource":"256","request_start":1576627858040,"request_end":1576627938474,"request_duration":80434,"type":"256"}
{"start":1576627920335,"end":1576627939726,"duration":19391,"downloading_duration":1057,"execution_duration":17540,"uploading_duration":794,"executable":"ellipsoids-openmp","args":["3.dat","347.log","347.xoutput"],"id":203,"resource":"256","request_start":1576627858055,"request_end":1576627939746,"request_duration":81691,"type":"256"}
{"start":1576627920680,"end":1576627939930,"duration":19250,"downloading_duration":1128,"execution_duration":17480,"uploading_duration":642,"executable":"ellipsoids-openmp","args":["3.dat","348.log","348.xoutput"],"id":204,"resource":"256","request_start":1576627858056,"request_end":1576627939948,"request_duration":81892,"type":"256"}
{"start":1576627921262,"end":1576627941281,"duration":20019,"downloading_duration":1175,"execution_duration":18179,"uploading_duration":665,"executable":"ellipsoids-openmp","args":["3.dat","349.log","349.xoutput"],"id":205,"resource":"256","request_start":1576627858056,"request_end":1576627941301,"request_duration":83245,"type":"256"}
{"start":1576627941520,"end":1576627944511,"duration":2991,"downloading_duration":2575,"execution_duration":20,"uploading_duration":396,"executable":"mean-pack-ell","args":["30.xoutput","31.xoutput","32.xoutput","33.xoutput","34.xoutput","35.xoutput","36.xoutput","37.xoutput","38.xoutput","39.xoutput","310.xoutput","311.xoutput","312.xoutput","313.xoutput","314.xoutput","315.xoutput","316.xoutput","317.xoutput","318.xoutput","319.xoutput","320.xoutput","321.xoutput","322.xoutput","323.xoutput","324.xoutput","325.xoutput","326.xoutput","327.xoutput","328.xoutput","329.xoutput","330.xoutput","331.xoutput","332.xoutput","333.xoutput","334.xoutput","335.xoutput","336.xoutput","337.xoutput","338.xoutput","339.xoutput","340.xoutput","341.xoutput","342.xoutput","343.xoutput","344.xoutput","345.xoutput","346.xoutput","347.xoutput","348.xoutput","349.xoutput","average_3.txt"],"id":209,"resource":"256","request_start":1576627941315,"request_end":1576627944628,"request_duration":3313,"type":"256"}
{"start":1576627944794,"end":1576627946342,"duration":1548,"downloading_duration":562,"execution_duration":521,"uploading_duration":465,"executable":"summary.js","args":[],"id":210,"resource":"256","request_start":1576627944635,"request_end":1576627946364,"request_duration":1729,"type":"256"}
