{"start":1576627486447,"end":1576627488535,"duration":2088,"downloading_duration":1100,"execution_duration":562,"uploading_duration":426,"executable":"generateData.js","args":[],"id":1,"resource":"256","request_start":1576627485743,"request_end":1576627488568,"request_duration":2825,"type":"256"}
{"start":1576627488705,"end":1576627490063,"duration":1358,"downloading_duration":492,"execution_duration":472,"uploading_duration":394,"executable":"createDat.js","args":["2.dat"],"id":4,"resource":"256","request_start":1576627488590,"request_end":1576627490086,"request_duration":1496,"type":"256"}
{"start":1576627489183,"end":1576627491282,"duration":2099,"downloading_duration":1100,"execution_duration":563,"uploading_duration":436,"executable":"createDat.js","args":["1.dat"],"id":3,"resource":"256","request_start":1576627488587,"request_end":1576627491306,"request_duration":2719,"type":"256"}
{"start":1576627489204,"end":1576627491347,"duration":2143,"downloading_duration":1125,"execution_duration":576,"uploading_duration":442,"executable":"createDat.js","args":["0.dat"],"id":2,"resource":"256","request_start":1576627488582,"request_end":1576627491423,"request_duration":2841,"type":"256"}
{"start":1576627489205,"end":1576627491364,"duration":2159,"downloading_duration":1141,"execution_duration":581,"uploading_duration":437,"executable":"createDat.js","args":["3.dat"],"id":5,"resource":"256","request_start":1576627488595,"request_end":1576627491427,"request_duration":2832,"type":"256"}
{"start":1576627491004,"end":1576627508443,"duration":17439,"downloading_duration":1880,"execution_duration":14860,"uploading_duration":699,"executable":"ellipsoids-openmp","args":["2.dat","29.log","29.xoutput"],"id":115,"resource":"256","request_start":1576627490144,"request_end":1576627508467,"request_duration":18323,"type":"256"}
{"start":1576627490464,"end":1576627511609,"duration":21145,"downloading_duration":1143,"execution_duration":19361,"uploading_duration":641,"executable":"ellipsoids-openmp","args":["2.dat","23.log","23.xoutput"],"id":109,"resource":"256","request_start":1576627490137,"request_end":1576627511631,"request_duration":21494,"type":"256"}
{"start":1576627490982,"end":1576627511832,"duration":20850,"downloading_duration":1940,"execution_duration":18201,"uploading_duration":709,"executable":"ellipsoids-openmp","args":["2.dat","213.log","213.xoutput"],"id":119,"resource":"256","request_start":1576627490148,"request_end":1576627511856,"request_duration":21708,"type":"256"}
{"start":1576627491332,"end":1576627511947,"duration":20615,"downloading_duration":1171,"execution_duration":18821,"uploading_duration":623,"executable":"ellipsoids-openmp","args":["2.dat","247.log","247.xoutput"],"id":153,"resource":"256","request_start":1576627490183,"request_end":1576627511970,"request_duration":21787,"type":"256"}
{"start":1576627491459,"end":1576627512160,"duration":20701,"downloading_duration":1166,"execution_duration":18920,"uploading_duration":615,"executable":"ellipsoids-openmp","args":["2.dat","249.log","249.xoutput"],"id":155,"resource":"256","request_start":1576627490184,"request_end":1576627512180,"request_duration":21996,"type":"256"}
{"start":1576627491008,"end":1576627512166,"duration":21158,"downloading_duration":1835,"execution_duration":18661,"uploading_duration":662,"executable":"ellipsoids-openmp","args":["2.dat","224.log","224.xoutput"],"id":130,"resource":"256","request_start":1576627490161,"request_end":1576627512190,"request_duration":22029,"type":"256"}
{"start":1576627491013,"end":1576627512171,"duration":21158,"downloading_duration":1980,"execution_duration":18483,"uploading_duration":695,"executable":"ellipsoids-openmp","args":["2.dat","231.log","231.xoutput"],"id":137,"resource":"256","request_start":1576627490167,"request_end":1576627512195,"request_duration":22028,"type":"256"}
{"start":1576627490931,"end":1576627512182,"duration":21251,"downloading_duration":1979,"execution_duration":18602,"uploading_duration":670,"executable":"ellipsoids-openmp","args":["2.dat","24.log","24.xoutput"],"id":110,"resource":"256","request_start":1576627490138,"request_end":1576627512205,"request_duration":22067,"type":"256"}
{"start":1576627490948,"end":1576627512249,"duration":21301,"downloading_duration":1980,"execution_duration":18621,"uploading_duration":700,"executable":"ellipsoids-openmp","args":["2.dat","20.log","20.xoutput"],"id":106,"resource":"256","request_start":1576627490131,"request_end":1576627512270,"request_duration":22139,"type":"256"}
{"start":1576627490935,"end":1576627512259,"duration":21324,"downloading_duration":2000,"execution_duration":18601,"uploading_duration":723,"executable":"ellipsoids-openmp","args":["2.dat","216.log","216.xoutput"],"id":122,"resource":"256","request_start":1576627490154,"request_end":1576627512280,"request_duration":22126,"type":"256"}
{"start":1576627491052,"end":1576627512362,"duration":21310,"downloading_duration":1881,"execution_duration":18780,"uploading_duration":649,"executable":"ellipsoids-openmp","args":["2.dat","241.log","241.xoutput"],"id":147,"resource":"256","request_start":1576627490178,"request_end":1576627512382,"request_duration":22204,"type":"256"}
{"start":1576627490975,"end":1576627512378,"duration":21403,"downloading_duration":1980,"execution_duration":18761,"uploading_duration":662,"executable":"ellipsoids-openmp","args":["2.dat","222.log","222.xoutput"],"id":128,"resource":"256","request_start":1576627490159,"request_end":1576627512400,"request_duration":22241,"type":"256"}
{"start":1576627490996,"end":1576627512426,"duration":21430,"downloading_duration":1941,"execution_duration":18760,"uploading_duration":729,"executable":"ellipsoids-openmp","args":["2.dat","227.log","227.xoutput"],"id":133,"resource":"256","request_start":1576627490164,"request_end":1576627512446,"request_duration":22282,"type":"256"}
{"start":1576627491000,"end":1576627512442,"duration":21442,"downloading_duration":1940,"execution_duration":18862,"uploading_duration":640,"executable":"ellipsoids-openmp","args":["2.dat","211.log","211.xoutput"],"id":117,"resource":"256","request_start":1576627490146,"request_end":1576627512462,"request_duration":22316,"type":"256"}
{"start":1576627490996,"end":1576627512442,"duration":21446,"downloading_duration":1940,"execution_duration":18641,"uploading_duration":865,"executable":"ellipsoids-openmp","args":["2.dat","219.log","219.xoutput"],"id":125,"resource":"256","request_start":1576627490156,"request_end":1576627512464,"request_duration":22308,"type":"256"}
{"start":1576627491064,"end":1576627512470,"duration":21406,"downloading_duration":2139,"execution_duration":18601,"uploading_duration":666,"executable":"ellipsoids-openmp","args":["2.dat","238.log","238.xoutput"],"id":144,"resource":"256","request_start":1576627490175,"request_end":1576627512491,"request_duration":22316,"type":"256"}
{"start":1576627491182,"end":1576627512538,"duration":21356,"downloading_duration":1859,"execution_duration":18842,"uploading_duration":655,"executable":"ellipsoids-openmp","args":["2.dat","237.log","237.xoutput"],"id":143,"resource":"256","request_start":1576627490174,"request_end":1576627512559,"request_duration":22385,"type":"256"}
{"start":1576627490974,"end":1576627512554,"duration":21580,"downloading_duration":1978,"execution_duration":18901,"uploading_duration":701,"executable":"ellipsoids-openmp","args":["2.dat","26.log","26.xoutput"],"id":112,"resource":"256","request_start":1576627490141,"request_end":1576627512574,"request_duration":22433,"type":"256"}
{"start":1576627491449,"end":1576627512558,"duration":21109,"downloading_duration":1376,"execution_duration":19062,"uploading_duration":671,"executable":"ellipsoids-openmp","args":["2.dat","248.log","248.xoutput"],"id":154,"resource":"256","request_start":1576627490184,"request_end":1576627512578,"request_duration":22394,"type":"256"}
{"start":1576627491028,"end":1576627512613,"duration":21585,"downloading_duration":1998,"execution_duration":18801,"uploading_duration":786,"executable":"ellipsoids-openmp","args":["2.dat","225.log","225.xoutput"],"id":131,"resource":"256","request_start":1576627490162,"request_end":1576627512634,"request_duration":22472,"type":"256"}
{"start":1576627490927,"end":1576627512633,"duration":21706,"downloading_duration":2081,"execution_duration":18980,"uploading_duration":645,"executable":"ellipsoids-openmp","args":["2.dat","22.log","22.xoutput"],"id":108,"resource":"256","request_start":1576627490135,"request_end":1576627512655,"request_duration":22520,"type":"256"}
{"start":1576627491001,"end":1576627512801,"duration":21800,"downloading_duration":2040,"execution_duration":19101,"uploading_duration":659,"executable":"ellipsoids-openmp","args":["2.dat","223.log","223.xoutput"],"id":129,"resource":"256","request_start":1576627490160,"request_end":1576627512824,"request_duration":22664,"type":"256"}
{"start":1576627491081,"end":1576627512822,"duration":21741,"downloading_duration":1958,"execution_duration":19121,"uploading_duration":662,"executable":"ellipsoids-openmp","args":["2.dat","236.log","236.xoutput"],"id":142,"resource":"256","request_start":1576627490173,"request_end":1576627512844,"request_duration":22671,"type":"256"}
{"start":1576627490931,"end":1576627512837,"duration":21906,"downloading_duration":2080,"execution_duration":19181,"uploading_duration":645,"executable":"ellipsoids-openmp","args":["2.dat","27.log","27.xoutput"],"id":113,"resource":"256","request_start":1576627490142,"request_end":1576627512862,"request_duration":22720,"type":"256"}
{"start":1576627491016,"end":1576627512858,"duration":21842,"downloading_duration":2018,"execution_duration":19181,"uploading_duration":643,"executable":"ellipsoids-openmp","args":["2.dat","232.log","232.xoutput"],"id":138,"resource":"256","request_start":1576627490168,"request_end":1576627512880,"request_duration":22712,"type":"256"}
{"start":1576627491017,"end":1576627512895,"duration":21878,"downloading_duration":2080,"execution_duration":19122,"uploading_duration":676,"executable":"ellipsoids-openmp","args":["2.dat","25.log","25.xoutput"],"id":111,"resource":"256","request_start":1576627490139,"request_end":1576627512915,"request_duration":22776,"type":"256"}
{"start":1576627491004,"end":1576627512913,"duration":21909,"downloading_duration":2000,"execution_duration":19241,"uploading_duration":668,"executable":"ellipsoids-openmp","args":["2.dat","226.log","226.xoutput"],"id":132,"resource":"256","request_start":1576627490163,"request_end":1576627512934,"request_duration":22771,"type":"256"}
{"start":1576627490994,"end":1576627512914,"duration":21920,"downloading_duration":1960,"execution_duration":19321,"uploading_duration":639,"executable":"ellipsoids-openmp","args":["2.dat","210.log","210.xoutput"],"id":116,"resource":"256","request_start":1576627490145,"request_end":1576627512937,"request_duration":22792,"type":"256"}
{"start":1576627490935,"end":1576627512927,"duration":21992,"downloading_duration":2041,"execution_duration":19280,"uploading_duration":671,"executable":"ellipsoids-openmp","args":["2.dat","21.log","21.xoutput"],"id":107,"resource":"256","request_start":1576627490133,"request_end":1576627512947,"request_duration":22814,"type":"256"}
{"start":1576627491020,"end":1576627512941,"duration":21921,"downloading_duration":2040,"execution_duration":19222,"uploading_duration":659,"executable":"ellipsoids-openmp","args":["2.dat","221.log","221.xoutput"],"id":127,"resource":"256","request_start":1576627490158,"request_end":1576627512962,"request_duration":22804,"type":"256"}
{"start":1576627491062,"end":1576627512952,"duration":21890,"downloading_duration":2020,"execution_duration":19181,"uploading_duration":689,"executable":"ellipsoids-openmp","args":["2.dat","239.log","239.xoutput"],"id":145,"resource":"256","request_start":1576627490176,"request_end":1576627512975,"request_duration":22799,"type":"256"}
{"start":1576627491053,"end":1576627512953,"duration":21900,"downloading_duration":2000,"execution_duration":19261,"uploading_duration":639,"executable":"ellipsoids-openmp","args":["2.dat","235.log","235.xoutput"],"id":141,"resource":"256","request_start":1576627490171,"request_end":1576627512977,"request_duration":22806,"type":"256"}
{"start":1576627491063,"end":1576627512973,"duration":21910,"downloading_duration":2020,"execution_duration":19222,"uploading_duration":668,"executable":"ellipsoids-openmp","args":["2.dat","245.log","245.xoutput"],"id":151,"resource":"256","request_start":1576627490181,"request_end":1576627512995,"request_duration":22814,"type":"256"}
{"start":1576627490998,"end":1576627513020,"duration":22022,"downloading_duration":2120,"execution_duration":19241,"uploading_duration":661,"executable":"ellipsoids-openmp","args":["2.dat","217.log","217.xoutput"],"id":123,"resource":"256","request_start":1576627490155,"request_end":1576627513039,"request_duration":22884,"type":"256"}
{"start":1576627491123,"end":1576627513106,"duration":21983,"downloading_duration":1802,"execution_duration":19499,"uploading_duration":682,"executable":"ellipsoids-openmp","args":["2.dat","228.log","228.xoutput"],"id":134,"resource":"256","request_start":1576627490164,"request_end":1576627513129,"request_duration":22965,"type":"256"}
{"start":1576627491073,"end":1576627513110,"duration":22037,"downloading_duration":2020,"execution_duration":19341,"uploading_duration":676,"executable":"ellipsoids-openmp","args":["2.dat","242.log","242.xoutput"],"id":148,"resource":"256","request_start":1576627490179,"request_end":1576627513132,"request_duration":22953,"type":"256"}
{"start":1576627490992,"end":1576627513145,"duration":22153,"downloading_duration":2000,"execution_duration":19421,"uploading_duration":732,"executable":"ellipsoids-openmp","args":["2.dat","218.log","218.xoutput"],"id":124,"resource":"256","request_start":1576627490156,"request_end":1576627513164,"request_duration":23008,"type":"256"}
{"start":1576627491027,"end":1576627513151,"duration":22124,"downloading_duration":2079,"execution_duration":19401,"uploading_duration":644,"executable":"ellipsoids-openmp","args":["2.dat","230.log","230.xoutput"],"id":136,"resource":"256","request_start":1576627490166,"request_end":1576627513173,"request_duration":23007,"type":"256"}
{"start":1576627491050,"end":1576627513163,"duration":22113,"downloading_duration":2000,"execution_duration":19201,"uploading_duration":912,"executable":"ellipsoids-openmp","args":["2.dat","243.log","243.xoutput"],"id":149,"resource":"256","request_start":1576627490180,"request_end":1576627513183,"request_duration":23003,"type":"256"}
{"start":1576627491061,"end":1576627513168,"duration":22107,"downloading_duration":2021,"execution_duration":19380,"uploading_duration":706,"executable":"ellipsoids-openmp","args":["2.dat","229.log","229.xoutput"],"id":135,"resource":"256","request_start":1576627490165,"request_end":1576627513194,"request_duration":23029,"type":"256"}
{"start":1576627491061,"end":1576627513198,"duration":22137,"downloading_duration":1980,"execution_duration":19441,"uploading_duration":716,"executable":"ellipsoids-openmp","args":["2.dat","234.log","234.xoutput"],"id":140,"resource":"256","request_start":1576627490170,"request_end":1576627513219,"request_duration":23049,"type":"256"}
{"start":1576627491014,"end":1576627513201,"duration":22187,"downloading_duration":2080,"execution_duration":19441,"uploading_duration":666,"executable":"ellipsoids-openmp","args":["2.dat","220.log","220.xoutput"],"id":126,"resource":"256","request_start":1576627490157,"request_end":1576627513221,"request_duration":23064,"type":"256"}
{"start":1576627491086,"end":1576627513234,"duration":22148,"downloading_duration":2087,"execution_duration":19341,"uploading_duration":720,"executable":"ellipsoids-openmp","args":["2.dat","240.log","240.xoutput"],"id":146,"resource":"256","request_start":1576627490177,"request_end":1576627513256,"request_duration":23079,"type":"256"}
{"start":1576627490930,"end":1576627513277,"duration":22347,"downloading_duration":2122,"execution_duration":19539,"uploading_duration":686,"executable":"ellipsoids-openmp","args":["2.dat","28.log","28.xoutput"],"id":114,"resource":"256","request_start":1576627490143,"request_end":1576627513297,"request_duration":23154,"type":"256"}
{"start":1576627491164,"end":1576627513297,"duration":22133,"downloading_duration":2098,"execution_duration":19381,"uploading_duration":654,"executable":"ellipsoids-openmp","args":["2.dat","233.log","233.xoutput"],"id":139,"resource":"256","request_start":1576627490169,"request_end":1576627513329,"request_duration":23160,"type":"256"}
{"start":1576627491020,"end":1576627513316,"duration":22296,"downloading_duration":2001,"execution_duration":19620,"uploading_duration":675,"executable":"ellipsoids-openmp","args":["2.dat","214.log","214.xoutput"],"id":120,"resource":"256","request_start":1576627490152,"request_end":1576627513338,"request_duration":23186,"type":"256"}
{"start":1576627491009,"end":1576627513415,"duration":22406,"downloading_duration":2041,"execution_duration":19720,"uploading_duration":645,"executable":"ellipsoids-openmp","args":["2.dat","215.log","215.xoutput"],"id":121,"resource":"256","request_start":1576627490153,"request_end":1576627513595,"request_duration":23442,"type":"256"}
{"start":1576627491067,"end":1576627513507,"duration":22440,"downloading_duration":2080,"execution_duration":19641,"uploading_duration":719,"executable":"ellipsoids-openmp","args":["2.dat","246.log","246.xoutput"],"id":152,"resource":"256","request_start":1576627490182,"request_end":1576627513626,"request_duration":23444,"type":"256"}
{"start":1576627491085,"end":1576627513789,"duration":22704,"downloading_duration":2059,"execution_duration":19981,"uploading_duration":664,"executable":"ellipsoids-openmp","args":["2.dat","244.log","244.xoutput"],"id":150,"resource":"256","request_start":1576627490181,"request_end":1576627513810,"request_duration":23629,"type":"256"}
{"start":1576627491010,"end":1576627514047,"duration":23037,"downloading_duration":2000,"execution_duration":20261,"uploading_duration":776,"executable":"ellipsoids-openmp","args":["2.dat","212.log","212.xoutput"],"id":118,"resource":"256","request_start":1576627490147,"request_end":1576627514070,"request_duration":23923,"type":"256"}
{"start":1576627508505,"end":1576627525531,"duration":17026,"downloading_duration":1398,"execution_duration":14981,"uploading_duration":647,"executable":"ellipsoids-openmp","args":["1.dat","144.log","144.xoutput"],"id":100,"resource":"256","request_start":1576627491350,"request_end":1576627525556,"request_duration":34206,"type":"256"}
{"start":1576627511658,"end":1576627531213,"duration":19555,"downloading_duration":1168,"execution_duration":17721,"uploading_duration":666,"executable":"ellipsoids-openmp","args":["1.dat","145.log","145.xoutput"],"id":101,"resource":"256","request_start":1576627491351,"request_end":1576627531236,"request_duration":39885,"type":"256"}
{"start":1576627512228,"end":1576627531701,"duration":19473,"downloading_duration":1254,"execution_duration":17563,"uploading_duration":656,"executable":"ellipsoids-openmp","args":["1.dat","149.log","149.xoutput"],"id":105,"resource":"256","request_start":1576627491354,"request_end":1576627531720,"request_duration":40366,"type":"256"}
{"start":1576627511889,"end":1576627531838,"duration":19949,"downloading_duration":1193,"execution_duration":18122,"uploading_duration":634,"executable":"ellipsoids-openmp","args":["1.dat","146.log","146.xoutput"],"id":102,"resource":"256","request_start":1576627491352,"request_end":1576627531858,"request_duration":40506,"type":"256"}
{"start":1576627512426,"end":1576627531897,"duration":19471,"downloading_duration":1066,"execution_duration":17741,"uploading_duration":664,"executable":"ellipsoids-openmp","args":["1.dat","15.log","15.xoutput"],"id":61,"resource":"256","request_start":1576627491360,"request_end":1576627532013,"request_duration":40653,"type":"256"}
{"start":1576627512860,"end":1576627531902,"duration":19042,"downloading_duration":1171,"execution_duration":17180,"uploading_duration":691,"executable":"ellipsoids-openmp","args":["1.dat","115.log","115.xoutput"],"id":71,"resource":"256","request_start":1576627491367,"request_end":1576627532015,"request_duration":40648,"type":"256"}
{"start":1576627512907,"end":1576627532023,"duration":19116,"downloading_duration":1310,"execution_duration":17143,"uploading_duration":663,"executable":"ellipsoids-openmp","args":["1.dat","118.log","118.xoutput"],"id":74,"resource":"256","request_start":1576627491369,"request_end":1576627532045,"request_duration":40676,"type":"256"}
{"start":1576627512409,"end":1576627532031,"duration":19622,"downloading_duration":1145,"execution_duration":17861,"uploading_duration":616,"executable":"ellipsoids-openmp","args":["1.dat","14.log","14.xoutput"],"id":60,"resource":"256","request_start":1576627491359,"request_end":1576627532052,"request_duration":40693,"type":"256"}
{"start":1576627511997,"end":1576627532046,"duration":20049,"downloading_duration":1126,"execution_duration":18282,"uploading_duration":641,"executable":"ellipsoids-openmp","args":["1.dat","147.log","147.xoutput"],"id":103,"resource":"256","request_start":1576627491353,"request_end":1576627532067,"request_duration":40714,"type":"256"}
{"start":1576627513161,"end":1576627532057,"duration":18896,"downloading_duration":1111,"execution_duration":17141,"uploading_duration":644,"executable":"ellipsoids-openmp","args":["1.dat","128.log","128.xoutput"],"id":84,"resource":"256","request_start":1576627491374,"request_end":1576627532079,"request_duration":40705,"type":"256"}
{"start":1576627512520,"end":1576627532105,"duration":19585,"downloading_duration":1176,"execution_duration":17742,"uploading_duration":667,"executable":"ellipsoids-openmp","args":["1.dat","19.log","19.xoutput"],"id":65,"resource":"256","request_start":1576627491362,"request_end":1576627532124,"request_duration":40762,"type":"256"}
{"start":1576627512969,"end":1576627532155,"duration":19186,"downloading_duration":1113,"execution_duration":17440,"uploading_duration":633,"executable":"ellipsoids-openmp","args":["1.dat","121.log","121.xoutput"],"id":77,"resource":"256","request_start":1576627491370,"request_end":1576627532174,"request_duration":40804,"type":"256"}
{"start":1576627513021,"end":1576627532204,"duration":19183,"downloading_duration":1140,"execution_duration":17400,"uploading_duration":643,"executable":"ellipsoids-openmp","args":["1.dat","126.log","126.xoutput"],"id":82,"resource":"256","request_start":1576627491373,"request_end":1576627532225,"request_duration":40852,"type":"256"}
{"start":1576627512236,"end":1576627532218,"duration":19982,"downloading_duration":1168,"execution_duration":18181,"uploading_duration":633,"executable":"ellipsoids-openmp","args":["1.dat","11.log","11.xoutput"],"id":57,"resource":"256","request_start":1576627491356,"request_end":1576627532240,"request_duration":40884,"type":"256"}
{"start":1576627512219,"end":1576627532267,"duration":20048,"downloading_duration":1291,"execution_duration":18081,"uploading_duration":676,"executable":"ellipsoids-openmp","args":["1.dat","148.log","148.xoutput"],"id":104,"resource":"256","request_start":1576627491354,"request_end":1576627532287,"request_duration":40933,"type":"256"}
{"start":1576627512506,"end":1576627532296,"duration":19790,"downloading_duration":1114,"execution_duration":18061,"uploading_duration":615,"executable":"ellipsoids-openmp","args":["1.dat","18.log","18.xoutput"],"id":64,"resource":"256","request_start":1576627491362,"request_end":1576627532314,"request_duration":40952,"type":"256"}
{"start":1576627512660,"end":1576627532374,"duration":19714,"downloading_duration":1269,"execution_duration":17720,"uploading_duration":725,"executable":"ellipsoids-openmp","args":["1.dat","113.log","113.xoutput"],"id":69,"resource":"256","request_start":1576627491365,"request_end":1576627532395,"request_duration":41030,"type":"256"}
{"start":1576627512474,"end":1576627532379,"duration":19905,"downloading_duration":1122,"execution_duration":18060,"uploading_duration":723,"executable":"ellipsoids-openmp","args":["1.dat","16.log","16.xoutput"],"id":62,"resource":"256","request_start":1576627491360,"request_end":1576627532400,"request_duration":41040,"type":"256"}
{"start":1576627512971,"end":1576627532384,"duration":19413,"downloading_duration":1128,"execution_duration":17583,"uploading_duration":702,"executable":"ellipsoids-openmp","args":["1.dat","122.log","122.xoutput"],"id":78,"resource":"256","request_start":1576627491371,"request_end":1576627532405,"request_duration":41034,"type":"256"}
{"start":1576627512307,"end":1576627532406,"duration":20099,"downloading_duration":1301,"execution_duration":18120,"uploading_duration":678,"executable":"ellipsoids-openmp","args":["1.dat","13.log","13.xoutput"],"id":59,"resource":"256","request_start":1576627491358,"request_end":1576627532425,"request_duration":41067,"type":"256"}
{"start":1576627512302,"end":1576627532429,"duration":20127,"downloading_duration":1332,"execution_duration":18102,"uploading_duration":693,"executable":"ellipsoids-openmp","args":["1.dat","12.log","12.xoutput"],"id":58,"resource":"256","request_start":1576627491357,"request_end":1576627532449,"request_duration":41092,"type":"256"}
{"start":1576627512876,"end":1576627532434,"duration":19558,"downloading_duration":1297,"execution_duration":17641,"uploading_duration":620,"executable":"ellipsoids-openmp","args":["1.dat","116.log","116.xoutput"],"id":72,"resource":"256","request_start":1576627491367,"request_end":1576627532455,"request_duration":41088,"type":"256"}
{"start":1576627513252,"end":1576627532450,"duration":19198,"downloading_duration":1141,"execution_duration":17440,"uploading_duration":617,"executable":"ellipsoids-openmp","args":["1.dat","135.log","135.xoutput"],"id":91,"resource":"256","request_start":1576627491381,"request_end":1576627532469,"request_duration":41088,"type":"256"}
{"start":1576627513162,"end":1576627532462,"duration":19300,"downloading_duration":1304,"execution_duration":17360,"uploading_duration":636,"executable":"ellipsoids-openmp","args":["1.dat","129.log","129.xoutput"],"id":85,"resource":"256","request_start":1576627491375,"request_end":1576627532482,"request_duration":41107,"type":"256"}
{"start":1576627512683,"end":1576627532466,"duration":19783,"downloading_duration":1084,"execution_duration":18020,"uploading_duration":679,"executable":"ellipsoids-openmp","args":["1.dat","114.log","114.xoutput"],"id":70,"resource":"256","request_start":1576627491366,"request_end":1576627532488,"request_duration":41122,"type":"256"}
{"start":1576627512227,"end":1576627532482,"duration":20255,"downloading_duration":1346,"execution_duration":18261,"uploading_duration":648,"executable":"ellipsoids-openmp","args":["1.dat","10.log","10.xoutput"],"id":56,"resource":"256","request_start":1576627491355,"request_end":1576627532502,"request_duration":41147,"type":"256"}
{"start":1576627512893,"end":1576627532523,"duration":19630,"downloading_duration":1225,"execution_duration":17741,"uploading_duration":664,"executable":"ellipsoids-openmp","args":["1.dat","117.log","117.xoutput"],"id":73,"resource":"256","request_start":1576627491368,"request_end":1576627532542,"request_duration":41174,"type":"256"}
{"start":1576627512940,"end":1576627532558,"duration":19618,"downloading_duration":1136,"execution_duration":17340,"uploading_duration":1142,"executable":"ellipsoids-openmp","args":["1.dat","119.log","119.xoutput"],"id":75,"resource":"256","request_start":1576627491369,"request_end":1576627532580,"request_duration":41211,"type":"256"}
{"start":1576627513284,"end":1576627532630,"duration":19346,"downloading_duration":1240,"execution_duration":17381,"uploading_duration":725,"executable":"ellipsoids-openmp","args":["1.dat","136.log","136.xoutput"],"id":92,"resource":"256","request_start":1576627491381,"request_end":1576627532649,"request_duration":41268,"type":"256"}
{"start":1576627513225,"end":1576627532643,"duration":19418,"downloading_duration":1275,"execution_duration":17502,"uploading_duration":641,"executable":"ellipsoids-openmp","args":["1.dat","133.log","133.xoutput"],"id":89,"resource":"256","request_start":1576627491377,"request_end":1576627532664,"request_duration":41287,"type":"256"}
{"start":1576627513004,"end":1576627532658,"duration":19654,"downloading_duration":1290,"execution_duration":17661,"uploading_duration":703,"executable":"ellipsoids-openmp","args":["1.dat","125.log","125.xoutput"],"id":81,"resource":"256","request_start":1576627491373,"request_end":1576627532678,"request_duration":41305,"type":"256"}
{"start":1576627512608,"end":1576627532669,"duration":20061,"downloading_duration":1113,"execution_duration":18282,"uploading_duration":666,"executable":"ellipsoids-openmp","args":["1.dat","112.log","112.xoutput"],"id":68,"resource":"256","request_start":1576627491364,"request_end":1576627532688,"request_duration":41324,"type":"256"}
{"start":1576627512987,"end":1576627532670,"duration":19683,"downloading_duration":1276,"execution_duration":17720,"uploading_duration":687,"executable":"ellipsoids-openmp","args":["1.dat","123.log","123.xoutput"],"id":79,"resource":"256","request_start":1576627491372,"request_end":1576627532693,"request_duration":41321,"type":"256"}
{"start":1576627512960,"end":1576627532725,"duration":19765,"downloading_duration":1372,"execution_duration":17741,"uploading_duration":652,"executable":"ellipsoids-openmp","args":["1.dat","120.log","120.xoutput"],"id":76,"resource":"256","request_start":1576627491370,"request_end":1576627532744,"request_duration":41374,"type":"256"}
{"start":1576627513209,"end":1576627532730,"duration":19521,"downloading_duration":1126,"execution_duration":17719,"uploading_duration":676,"executable":"ellipsoids-openmp","args":["1.dat","132.log","132.xoutput"],"id":88,"resource":"256","request_start":1576627491376,"request_end":1576627532755,"request_duration":41379,"type":"256"}
{"start":1576627513324,"end":1576627532759,"duration":19435,"downloading_duration":1335,"execution_duration":17461,"uploading_duration":639,"executable":"ellipsoids-openmp","args":["1.dat","137.log","137.xoutput"],"id":93,"resource":"256","request_start":1576627491382,"request_end":1576627532780,"request_duration":41398,"type":"256"}
{"start":1576627513067,"end":1576627532772,"duration":19705,"downloading_duration":1271,"execution_duration":17701,"uploading_duration":733,"executable":"ellipsoids-openmp","args":["1.dat","127.log","127.xoutput"],"id":83,"resource":"256","request_start":1576627491374,"request_end":1576627532792,"request_duration":41418,"type":"256"}
{"start":1576627512586,"end":1576627532836,"duration":20250,"downloading_duration":1219,"execution_duration":18400,"uploading_duration":631,"executable":"ellipsoids-openmp","args":["1.dat","110.log","110.xoutput"],"id":66,"resource":"256","request_start":1576627491363,"request_end":1576627532858,"request_duration":41495,"type":"256"}
{"start":1576627513245,"end":1576627532858,"duration":19613,"downloading_duration":1528,"execution_duration":17401,"uploading_duration":684,"executable":"ellipsoids-openmp","args":["1.dat","134.log","134.xoutput"],"id":90,"resource":"256","request_start":1576627491377,"request_end":1576627532878,"request_duration":41501,"type":"256"}
{"start":1576627512497,"end":1576627532859,"duration":20362,"downloading_duration":1327,"execution_duration":18339,"uploading_duration":696,"executable":"ellipsoids-openmp","args":["1.dat","17.log","17.xoutput"],"id":63,"resource":"256","request_start":1576627491361,"request_end":1576627532880,"request_duration":41519,"type":"256"}
{"start":1576627512599,"end":1576627532863,"duration":20264,"downloading_duration":1293,"execution_duration":18340,"uploading_duration":631,"executable":"ellipsoids-openmp","args":["1.dat","111.log","111.xoutput"],"id":67,"resource":"256","request_start":1576627491364,"request_end":1576627532886,"request_duration":41522,"type":"256"}
{"start":1576627513202,"end":1576627532921,"duration":19719,"downloading_duration":1249,"execution_duration":17859,"uploading_duration":611,"executable":"ellipsoids-openmp","args":["1.dat","131.log","131.xoutput"],"id":87,"resource":"256","request_start":1576627491376,"request_end":1576627532940,"request_duration":41564,"type":"256"}
{"start":1576627513366,"end":1576627532922,"duration":19556,"downloading_duration":1244,"execution_duration":17641,"uploading_duration":671,"executable":"ellipsoids-openmp","args":["1.dat","139.log","139.xoutput"],"id":95,"resource":"256","request_start":1576627491383,"request_end":1576627532945,"request_duration":41562,"type":"256"}
{"start":1576627513005,"end":1576627533030,"duration":20025,"downloading_duration":1539,"execution_duration":17841,"uploading_duration":645,"executable":"ellipsoids-openmp","args":["1.dat","124.log","124.xoutput"],"id":80,"resource":"256","request_start":1576627491372,"request_end":1576627533050,"request_duration":41678,"type":"256"}
{"start":1576627513192,"end":1576627533121,"duration":19929,"downloading_duration":1128,"execution_duration":17981,"uploading_duration":820,"executable":"ellipsoids-openmp","args":["1.dat","130.log","130.xoutput"],"id":86,"resource":"256","request_start":1576627491375,"request_end":1576627533145,"request_duration":41770,"type":"256"}
{"start":1576627513353,"end":1576627533172,"duration":19819,"downloading_duration":1210,"execution_duration":17960,"uploading_duration":649,"executable":"ellipsoids-openmp","args":["1.dat","138.log","138.xoutput"],"id":94,"resource":"256","request_start":1576627491382,"request_end":1576627533195,"request_duration":41813,"type":"256"}
{"start":1576627513657,"end":1576627533201,"duration":19544,"downloading_duration":1151,"execution_duration":17720,"uploading_duration":673,"executable":"ellipsoids-openmp","args":["1.dat","141.log","141.xoutput"],"id":97,"resource":"256","request_start":1576627491384,"request_end":1576627533220,"request_duration":41836,"type":"256"}
{"start":1576627514098,"end":1576627533236,"duration":19138,"downloading_duration":1193,"execution_duration":17279,"uploading_duration":666,"executable":"ellipsoids-openmp","args":["1.dat","143.log","143.xoutput"],"id":99,"resource":"256","request_start":1576627491385,"request_end":1576627533260,"request_duration":41875,"type":"256"}
{"start":1576627513834,"end":1576627533450,"duration":19616,"downloading_duration":1250,"execution_duration":17680,"uploading_duration":686,"executable":"ellipsoids-openmp","args":["1.dat","142.log","142.xoutput"],"id":98,"resource":"256","request_start":1576627491384,"request_end":1576627533470,"request_duration":42086,"type":"256"}
{"start":1576627513625,"end":1576627533454,"duration":19829,"downloading_duration":1262,"execution_duration":17920,"uploading_duration":647,"executable":"ellipsoids-openmp","args":["1.dat","140.log","140.xoutput"],"id":96,"resource":"256","request_start":1576627491383,"request_end":1576627533476,"request_duration":42093,"type":"256"}
{"start":1576627525589,"end":1576627541954,"duration":16365,"downloading_duration":1074,"execution_duration":14641,"uploading_duration":650,"executable":"ellipsoids-openmp","args":["0.dat","04.log","04.xoutput"],"id":10,"resource":"256","request_start":1576627491471,"request_end":1576627541975,"request_duration":50504,"type":"256"}
{"start":1576627531265,"end":1576627551815,"duration":20550,"downloading_duration":1242,"execution_duration":18700,"uploading_duration":608,"executable":"ellipsoids-openmp","args":["0.dat","05.log","05.xoutput"],"id":11,"resource":"256","request_start":1576627491472,"request_end":1576627551835,"request_duration":60363,"type":"256"}
{"start":1576627532041,"end":1576627552236,"duration":20195,"downloading_duration":1213,"execution_duration":18401,"uploading_duration":581,"executable":"ellipsoids-openmp","args":["0.dat","08.log","08.xoutput"],"id":14,"resource":"256","request_start":1576627491473,"request_end":1576627552256,"request_duration":60783,"type":"256"}
{"start":1576627532079,"end":1576627552308,"duration":20229,"downloading_duration":1158,"execution_duration":18462,"uploading_duration":609,"executable":"ellipsoids-openmp","args":["0.dat","011.log","011.xoutput"],"id":17,"resource":"256","request_start":1576627491475,"request_end":1576627552330,"request_duration":60855,"type":"256"}
{"start":1576627532203,"end":1576627552364,"duration":20161,"downloading_duration":1139,"execution_duration":18400,"uploading_duration":622,"executable":"ellipsoids-openmp","args":["0.dat","015.log","015.xoutput"],"id":21,"resource":"256","request_start":1576627491477,"request_end":1576627552385,"request_duration":60908,"type":"256"}
{"start":1576627531883,"end":1576627552374,"duration":20491,"downloading_duration":1219,"execution_duration":18662,"uploading_duration":610,"executable":"ellipsoids-openmp","args":["0.dat","07.log","07.xoutput"],"id":13,"resource":"256","request_start":1576627491473,"request_end":1576627552395,"request_duration":60922,"type":"256"}
{"start":1576627532266,"end":1576627552489,"duration":20223,"downloading_duration":1154,"execution_duration":18441,"uploading_duration":628,"executable":"ellipsoids-openmp","args":["0.dat","017.log","017.xoutput"],"id":23,"resource":"256","request_start":1576627491478,"request_end":1576627552510,"request_duration":61032,"type":"256"}
{"start":1576627532056,"end":1576627552537,"duration":20481,"downloading_duration":1327,"execution_duration":18481,"uploading_duration":673,"executable":"ellipsoids-openmp","args":["0.dat","09.log","09.xoutput"],"id":15,"resource":"256","request_start":1576627491474,"request_end":1576627552557,"request_duration":61083,"type":"256"}
{"start":1576627531744,"end":1576627552545,"duration":20801,"downloading_duration":1258,"execution_duration":18941,"uploading_duration":602,"executable":"ellipsoids-openmp","args":["0.dat","06.log","06.xoutput"],"id":12,"resource":"256","request_start":1576627491472,"request_end":1576627552564,"request_duration":61092,"type":"256"}
{"start":1576627532436,"end":1576627552630,"duration":20194,"downloading_duration":1111,"execution_duration":18401,"uploading_duration":682,"executable":"ellipsoids-openmp","args":["0.dat","020.log","020.xoutput"],"id":26,"resource":"256","request_start":1576627491479,"request_end":1576627552649,"request_duration":61170,"type":"256"}
{"start":1576627532905,"end":1576627552813,"duration":19908,"downloading_duration":1097,"execution_duration":18121,"uploading_duration":690,"executable":"ellipsoids-openmp","args":["0.dat","042.log","042.xoutput"],"id":48,"resource":"256","request_start":1576627491491,"request_end":1576627552834,"request_duration":61343,"type":"256"}
{"start":1576627532607,"end":1576627552837,"duration":20230,"downloading_duration":1221,"execution_duration":18260,"uploading_duration":749,"executable":"ellipsoids-openmp","args":["0.dat","031.log","031.xoutput"],"id":37,"resource":"256","request_start":1576627491485,"request_end":1576627552857,"request_duration":61372,"type":"256"}
{"start":1576627532476,"end":1576627552844,"duration":20368,"downloading_duration":1171,"execution_duration":18580,"uploading_duration":617,"executable":"ellipsoids-openmp","args":["0.dat","024.log","024.xoutput"],"id":30,"resource":"256","request_start":1576627491481,"request_end":1576627552864,"request_duration":61383,"type":"256"}
{"start":1576627532154,"end":1576627552898,"duration":20744,"downloading_duration":1062,"execution_duration":18960,"uploading_duration":722,"executable":"ellipsoids-openmp","args":["0.dat","014.log","014.xoutput"],"id":20,"resource":"256","request_start":1576627491476,"request_end":1576627552917,"request_duration":61441,"type":"256"}
{"start":1576627532574,"end":1576627552916,"duration":20342,"downloading_duration":1221,"execution_duration":18520,"uploading_duration":601,"executable":"ellipsoids-openmp","args":["0.dat","030.log","030.xoutput"],"id":36,"resource":"256","request_start":1576627491484,"request_end":1576627552936,"request_duration":61452,"type":"256"}
{"start":1576627532097,"end":1576627552918,"duration":20821,"downloading_duration":1274,"execution_duration":18940,"uploading_duration":607,"executable":"ellipsoids-openmp","args":["0.dat","012.log","012.xoutput"],"id":18,"resource":"256","request_start":1576627491475,"request_end":1576627552941,"request_duration":61466,"type":"256"}
{"start":1576627532102,"end":1576627552999,"duration":20897,"downloading_duration":1310,"execution_duration":18921,"uploading_duration":666,"executable":"ellipsoids-openmp","args":["0.dat","013.log","013.xoutput"],"id":19,"resource":"256","request_start":1576627491476,"request_end":1576627553019,"request_duration":61543,"type":"256"}
{"start":1576627532706,"end":1576627553047,"duration":20341,"downloading_duration":1068,"execution_duration":18680,"uploading_duration":593,"executable":"ellipsoids-openmp","args":["0.dat","034.log","034.xoutput"],"id":40,"resource":"256","request_start":1576627491487,"request_end":1576627553067,"request_duration":61580,"type":"256"}
{"start":1576627532258,"end":1576627553143,"duration":20885,"downloading_duration":1186,"execution_duration":19061,"uploading_duration":638,"executable":"ellipsoids-openmp","args":["0.dat","016.log","016.xoutput"],"id":22,"resource":"256","request_start":1576627491477,"request_end":1576627553166,"request_duration":61689,"type":"256"}
{"start":1576627532343,"end":1576627553155,"duration":20812,"downloading_duration":1187,"execution_duration":18841,"uploading_duration":784,"executable":"ellipsoids-openmp","args":["0.dat","019.log","019.xoutput"],"id":25,"resource":"256","request_start":1576627491479,"request_end":1576627553174,"request_duration":61695,"type":"256"}
{"start":1576627532721,"end":1576627553167,"duration":20446,"downloading_duration":1140,"execution_duration":18640,"uploading_duration":666,"executable":"ellipsoids-openmp","args":["0.dat","035.log","035.xoutput"],"id":41,"resource":"256","request_start":1576627491487,"request_end":1576627553187,"request_duration":61700,"type":"256"}
{"start":1576627532070,"end":1576627553298,"duration":21228,"downloading_duration":1262,"execution_duration":19280,"uploading_duration":686,"executable":"ellipsoids-openmp","args":["0.dat","010.log","010.xoutput"],"id":16,"resource":"256","request_start":1576627491474,"request_end":1576627553317,"request_duration":61843,"type":"256"}
{"start":1576627532513,"end":1576627553337,"duration":20824,"downloading_duration":1062,"execution_duration":19142,"uploading_duration":620,"executable":"ellipsoids-openmp","args":["0.dat","028.log","028.xoutput"],"id":34,"resource":"256","request_start":1576627491483,"request_end":1576627553388,"request_duration":61905,"type":"256"}
{"start":1576627532676,"end":1576627553375,"duration":20699,"downloading_duration":1267,"execution_duration":18742,"uploading_duration":690,"executable":"ellipsoids-openmp","args":["0.dat","032.log","032.xoutput"],"id":38,"resource":"256","request_start":1576627491485,"request_end":1576627553396,"request_duration":61911,"type":"256"}
{"start":1576627532434,"end":1576627553444,"duration":21010,"downloading_duration":1106,"execution_duration":19320,"uploading_duration":584,"executable":"ellipsoids-openmp","args":["0.dat","021.log","021.xoutput"],"id":27,"resource":"256","request_start":1576627491480,"request_end":1576627553542,"request_duration":62062,"type":"256"}
{"start":1576627532688,"end":1576627553446,"duration":20758,"downloading_duration":1093,"execution_duration":19041,"uploading_duration":624,"executable":"ellipsoids-openmp","args":["0.dat","033.log","033.xoutput"],"id":39,"resource":"256","request_start":1576627491486,"request_end":1576627553545,"request_duration":62059,"type":"256"}
{"start":1576627532438,"end":1576627553451,"duration":21013,"downloading_duration":1195,"execution_duration":19181,"uploading_duration":637,"executable":"ellipsoids-openmp","args":["0.dat","022.log","022.xoutput"],"id":28,"resource":"256","request_start":1576627491480,"request_end":1576627553547,"request_duration":62067,"type":"256"}
{"start":1576627532511,"end":1576627553479,"duration":20968,"downloading_duration":1243,"execution_duration":19061,"uploading_duration":664,"executable":"ellipsoids-openmp","args":["0.dat","027.log","027.xoutput"],"id":33,"resource":"256","request_start":1576627491483,"request_end":1576627553551,"request_duration":62068,"type":"256"}
{"start":1576627532966,"end":1576627553504,"duration":20538,"downloading_duration":1204,"execution_duration":18721,"uploading_duration":613,"executable":"ellipsoids-openmp","args":["0.dat","045.log","045.xoutput"],"id":51,"resource":"256","request_start":1576627491492,"request_end":1576627553555,"request_duration":62063,"type":"256"}
{"start":1576627532456,"end":1576627553527,"duration":21071,"downloading_duration":1177,"execution_duration":19101,"uploading_duration":793,"executable":"ellipsoids-openmp","args":["0.dat","023.log","023.xoutput"],"id":29,"resource":"256","request_start":1576627491481,"request_end":1576627553568,"request_duration":62087,"type":"256"}
{"start":1576627532530,"end":1576627553574,"duration":21044,"downloading_duration":1268,"execution_duration":19142,"uploading_duration":634,"executable":"ellipsoids-openmp","args":["0.dat","029.log","029.xoutput"],"id":35,"resource":"256","request_start":1576627491484,"request_end":1576627553600,"request_duration":62116,"type":"256"}
{"start":1576627532978,"end":1576627553597,"duration":20619,"downloading_duration":1132,"execution_duration":18840,"uploading_duration":647,"executable":"ellipsoids-openmp","args":["0.dat","046.log","046.xoutput"],"id":52,"resource":"256","request_start":1576627491493,"request_end":1576627553618,"request_duration":62125,"type":"256"}
{"start":1576627532481,"end":1576627553621,"duration":21140,"downloading_duration":1345,"execution_duration":19141,"uploading_duration":654,"executable":"ellipsoids-openmp","args":["0.dat","025.log","025.xoutput"],"id":31,"resource":"256","request_start":1576627491482,"request_end":1576627553640,"request_duration":62158,"type":"256"}
{"start":1576627532729,"end":1576627553700,"duration":20971,"downloading_duration":1103,"execution_duration":19221,"uploading_duration":647,"executable":"ellipsoids-openmp","args":["0.dat","036.log","036.xoutput"],"id":42,"resource":"256","request_start":1576627491488,"request_end":1576627553722,"request_duration":62234,"type":"256"}
{"start":1576627532770,"end":1576627553705,"duration":20935,"downloading_duration":1250,"execution_duration":19020,"uploading_duration":665,"executable":"ellipsoids-openmp","args":["0.dat","037.log","037.xoutput"],"id":43,"resource":"256","request_start":1576627491488,"request_end":1576627553725,"request_duration":62237,"type":"256"}
{"start":1576627533287,"end":1576627553704,"duration":20417,"downloading_duration":1395,"execution_duration":18402,"uploading_duration":620,"executable":"ellipsoids-openmp","args":["0.dat","01.log","01.xoutput"],"id":7,"resource":"256","request_start":1576627491496,"request_end":1576627553731,"request_duration":62235,"type":"256"}
{"start":1576627533173,"end":1576627553719,"duration":20546,"downloading_duration":1167,"execution_duration":18783,"uploading_duration":596,"executable":"ellipsoids-openmp","args":["0.dat","048.log","048.xoutput"],"id":54,"resource":"256","request_start":1576627491494,"request_end":1576627553739,"request_duration":62245,"type":"256"}
{"start":1576627532819,"end":1576627553764,"duration":20945,"downloading_duration":1143,"execution_duration":19143,"uploading_duration":659,"executable":"ellipsoids-openmp","args":["0.dat","040.log","040.xoutput"],"id":46,"resource":"256","request_start":1576627491490,"request_end":1576627553784,"request_duration":62294,"type":"256"}
{"start":1576627532807,"end":1576627553774,"duration":20967,"downloading_duration":1327,"execution_duration":18720,"uploading_duration":920,"executable":"ellipsoids-openmp","args":["0.dat","039.log","039.xoutput"],"id":45,"resource":"256","request_start":1576627491489,"request_end":1576627553795,"request_duration":62306,"type":"256"}
{"start":1576627533225,"end":1576627553813,"duration":20588,"downloading_duration":1065,"execution_duration":18839,"uploading_duration":684,"executable":"ellipsoids-openmp","args":["0.dat","049.log","049.xoutput"],"id":55,"resource":"256","request_start":1576627491495,"request_end":1576627553832,"request_duration":62337,"type":"256"}
{"start":1576627533506,"end":1576627553869,"duration":20363,"downloading_duration":1097,"execution_duration":18643,"uploading_duration":623,"executable":"ellipsoids-openmp","args":["0.dat","03.log","03.xoutput"],"id":9,"resource":"256","request_start":1576627491497,"request_end":1576627553889,"request_duration":62392,"type":"256"}
{"start":1576627533073,"end":1576627553882,"duration":20809,"downloading_duration":1091,"execution_duration":19062,"uploading_duration":656,"executable":"ellipsoids-openmp","args":["0.dat","047.log","047.xoutput"],"id":53,"resource":"256","request_start":1576627491494,"request_end":1576627553901,"request_duration":62407,"type":"256"}
{"start":1576627533247,"end":1576627553886,"duration":20639,"downloading_duration":1083,"execution_duration":18940,"uploading_duration":616,"executable":"ellipsoids-openmp","args":["0.dat","00.log","00.xoutput"],"id":6,"resource":"256","request_start":1576627491495,"request_end":1576627553909,"request_duration":62414,"type":"256"}
{"start":1576627532783,"end":1576627554078,"duration":21295,"downloading_duration":1355,"execution_duration":19281,"uploading_duration":659,"executable":"ellipsoids-openmp","args":["0.dat","038.log","038.xoutput"],"id":44,"resource":"256","request_start":1576627491489,"request_end":1576627554097,"request_duration":62608,"type":"256"}
{"start":1576627533495,"end":1576627554079,"duration":20584,"downloading_duration":1332,"execution_duration":18621,"uploading_duration":631,"executable":"ellipsoids-openmp","args":["0.dat","02.log","02.xoutput"],"id":8,"resource":"256","request_start":1576627491496,"request_end":1576627554100,"request_duration":62604,"type":"256"}
{"start":1576627532916,"end":1576627554129,"duration":21213,"downloading_duration":1169,"execution_duration":19440,"uploading_duration":604,"executable":"ellipsoids-openmp","args":["0.dat","044.log","044.xoutput"],"id":50,"resource":"256","request_start":1576627491492,"request_end":1576627554149,"request_duration":62657,"type":"256"}
{"start":1576627532883,"end":1576627554232,"duration":21349,"downloading_duration":1309,"execution_duration":19401,"uploading_duration":639,"executable":"ellipsoids-openmp","args":["0.dat","041.log","041.xoutput"],"id":47,"resource":"256","request_start":1576627491490,"request_end":1576627554254,"request_duration":62764,"type":"256"}
{"start":1576627532493,"end":1576627554257,"duration":21764,"downloading_duration":1420,"execution_duration":19701,"uploading_duration":643,"executable":"ellipsoids-openmp","args":["0.dat","026.log","026.xoutput"],"id":32,"resource":"256","request_start":1576627491482,"request_end":1576627554278,"request_duration":62796,"type":"256"}
{"start":1576627532911,"end":1576627554320,"duration":21409,"downloading_duration":1283,"execution_duration":19480,"uploading_duration":646,"executable":"ellipsoids-openmp","args":["0.dat","043.log","043.xoutput"],"id":49,"resource":"256","request_start":1576627491491,"request_end":1576627554339,"request_duration":62848,"type":"256"}
{"start":1576627532312,"end":1576627557684,"duration":25372,"downloading_duration":5468,"execution_duration":19160,"uploading_duration":744,"executable":"ellipsoids-openmp","args":["0.dat","018.log","018.xoutput"],"id":24,"resource":"256","request_start":1576627491478,"request_end":1576627557705,"request_duration":66227,"type":"256"}
{"start":1576627542003,"end":1576627558722,"duration":16719,"downloading_duration":1140,"execution_duration":14961,"uploading_duration":618,"executable":"ellipsoids-openmp","args":["3.dat","30.log","30.xoutput"],"id":156,"resource":"256","request_start":1576627491497,"request_end":1576627558743,"request_duration":67246,"type":"256"}
{"start":1576627558776,"end":1576627563565,"duration":4789,"downloading_duration":4368,"execution_duration":20,"uploading_duration":401,"executable":"mean-pack-ell","args":["20.xoutput","21.xoutput","22.xoutput","23.xoutput","24.xoutput","25.xoutput","26.xoutput","27.xoutput","28.xoutput","29.xoutput","210.xoutput","211.xoutput","212.xoutput","213.xoutput","214.xoutput","215.xoutput","216.xoutput","217.xoutput","218.xoutput","219.xoutput","220.xoutput","221.xoutput","222.xoutput","223.xoutput","224.xoutput","225.xoutput","226.xoutput","227.xoutput","228.xoutput","229.xoutput","230.xoutput","231.xoutput","232.xoutput","233.xoutput","234.xoutput","235.xoutput","236.xoutput","237.xoutput","238.xoutput","239.xoutput","240.xoutput","241.xoutput","242.xoutput","243.xoutput","244.xoutput","245.xoutput","246.xoutput","247.xoutput","248.xoutput","249.xoutput","average_2.txt"],"id":208,"resource":"256","request_start":1576627514094,"request_end":1576627563587,"request_duration":49493,"type":"256"}
{"start":1576627563625,"end":1576627566753,"duration":3128,"downloading_duration":2519,"execution_duration":200,"uploading_duration":409,"executable":"mean-pack-ell","args":["10.xoutput","11.xoutput","12.xoutput","13.xoutput","14.xoutput","15.xoutput","16.xoutput","17.xoutput","18.xoutput","19.xoutput","110.xoutput","111.xoutput","112.xoutput","113.xoutput","114.xoutput","115.xoutput","116.xoutput","117.xoutput","118.xoutput","119.xoutput","120.xoutput","121.xoutput","122.xoutput","123.xoutput","124.xoutput","125.xoutput","126.xoutput","127.xoutput","128.xoutput","129.xoutput","130.xoutput","131.xoutput","132.xoutput","133.xoutput","134.xoutput","135.xoutput","136.xoutput","137.xoutput","138.xoutput","139.xoutput","140.xoutput","141.xoutput","142.xoutput","143.xoutput","144.xoutput","145.xoutput","146.xoutput","147.xoutput","148.xoutput","149.xoutput","average_1.txt"],"id":207,"resource":"256","request_start":1576627533494,"request_end":1576627566774,"request_duration":33280,"type":"256"}
{"start":1576627566808,"end":1576627569561,"duration":2753,"downloading_duration":2316,"execution_duration":25,"uploading_duration":412,"executable":"mean-pack-ell","args":["00.xoutput","01.xoutput","02.xoutput","03.xoutput","04.xoutput","05.xoutput","06.xoutput","07.xoutput","08.xoutput","09.xoutput","010.xoutput","011.xoutput","012.xoutput","013.xoutput","014.xoutput","015.xoutput","016.xoutput","017.xoutput","018.xoutput","019.xoutput","020.xoutput","021.xoutput","022.xoutput","023.xoutput","024.xoutput","025.xoutput","026.xoutput","027.xoutput","028.xoutput","029.xoutput","030.xoutput","031.xoutput","032.xoutput","033.xoutput","034.xoutput","035.xoutput","036.xoutput","037.xoutput","038.xoutput","039.xoutput","040.xoutput","041.xoutput","042.xoutput","043.xoutput","044.xoutput","045.xoutput","046.xoutput","047.xoutput","048.xoutput","049.xoutput","average_0.txt"],"id":206,"resource":"256","request_start":1576627557719,"request_end":1576627569585,"request_duration":11866,"type":"256"}
{"start":1576627552412,"end":1576627570693,"duration":18281,"downloading_duration":1210,"execution_duration":16460,"uploading_duration":611,"executable":"ellipsoids-openmp","args":["3.dat","34.log","34.xoutput"],"id":160,"resource":"256","request_start":1576627491500,"request_end":1576627570713,"request_duration":79213,"type":"256"}
{"start":1576627552362,"end":1576627570879,"duration":18517,"downloading_duration":1075,"execution_duration":16841,"uploading_duration":601,"executable":"ellipsoids-openmp","args":["3.dat","33.log","33.xoutput"],"id":159,"resource":"256","request_start":1576627491499,"request_end":1576627570899,"request_duration":79400,"type":"256"}
{"start":1576627552286,"end":1576627570904,"duration":18618,"downloading_duration":1129,"execution_duration":16800,"uploading_duration":689,"executable":"ellipsoids-openmp","args":["3.dat","32.log","32.xoutput"],"id":158,"resource":"256","request_start":1576627491498,"request_end":1576627570924,"request_duration":79426,"type":"256"}
{"start":1576627552535,"end":1576627571211,"duration":18676,"downloading_duration":1145,"execution_duration":16903,"uploading_duration":628,"executable":"ellipsoids-openmp","args":["3.dat","36.log","36.xoutput"],"id":162,"resource":"256","request_start":1576627491501,"request_end":1576627571237,"request_duration":79736,"type":"256"}
{"start":1576627552583,"end":1576627571239,"duration":18656,"downloading_duration":1200,"execution_duration":16860,"uploading_duration":596,"executable":"ellipsoids-openmp","args":["3.dat","37.log","37.xoutput"],"id":163,"resource":"256","request_start":1576627491502,"request_end":1576627571259,"request_duration":79757,"type":"256"}
{"start":1576627552591,"end":1576627571300,"duration":18709,"downloading_duration":1172,"execution_duration":16881,"uploading_duration":656,"executable":"ellipsoids-openmp","args":["3.dat","38.log","38.xoutput"],"id":164,"resource":"256","request_start":1576627491502,"request_end":1576627571319,"request_duration":79817,"type":"256"}
{"start":1576627551864,"end":1576627571545,"duration":19681,"downloading_duration":1122,"execution_duration":17901,"uploading_duration":658,"executable":"ellipsoids-openmp","args":["3.dat","31.log","31.xoutput"],"id":157,"resource":"256","request_start":1576627491498,"request_end":1576627571564,"request_duration":80066,"type":"256"}
{"start":1576627552678,"end":1576627571618,"duration":18940,"downloading_duration":1150,"execution_duration":17041,"uploading_duration":749,"executable":"ellipsoids-openmp","args":["3.dat","39.log","39.xoutput"],"id":165,"resource":"256","request_start":1576627491503,"request_end":1576627571637,"request_duration":80134,"type":"256"}
{"start":1576627552421,"end":1576627571634,"duration":19213,"downloading_duration":1181,"execution_duration":17360,"uploading_duration":672,"executable":"ellipsoids-openmp","args":["3.dat","35.log","35.xoutput"],"id":161,"resource":"256","request_start":1576627491501,"request_end":1576627571654,"request_duration":80153,"type":"256"}
{"start":1576627552968,"end":1576627571777,"duration":18809,"downloading_duration":1208,"execution_duration":16940,"uploading_duration":661,"executable":"ellipsoids-openmp","args":["3.dat","315.log","315.xoutput"],"id":171,"resource":"256","request_start":1576627491506,"request_end":1576627571797,"request_duration":80291,"type":"256"}
{"start":1576627552969,"end":1576627571934,"duration":18965,"downloading_duration":1366,"execution_duration":17020,"uploading_duration":579,"executable":"ellipsoids-openmp","args":["3.dat","314.log","314.xoutput"],"id":170,"resource":"256","request_start":1576627491505,"request_end":1576627572058,"request_duration":80553,"type":"256"}
{"start":1576627552898,"end":1576627572051,"duration":19153,"downloading_duration":1245,"execution_duration":17301,"uploading_duration":607,"executable":"ellipsoids-openmp","args":["3.dat","312.log","312.xoutput"],"id":168,"resource":"256","request_start":1576627491504,"request_end":1576627572078,"request_duration":80574,"type":"256"}
{"start":1576627553045,"end":1576627572167,"duration":19122,"downloading_duration":1206,"execution_duration":17321,"uploading_duration":595,"executable":"ellipsoids-openmp","args":["3.dat","316.log","316.xoutput"],"id":172,"resource":"256","request_start":1576627491506,"request_end":1576627572187,"request_duration":80681,"type":"256"}
{"start":1576627553202,"end":1576627572207,"duration":19005,"downloading_duration":1150,"execution_duration":17259,"uploading_duration":596,"executable":"ellipsoids-openmp","args":["3.dat","319.log","319.xoutput"],"id":175,"resource":"256","request_start":1576627491508,"request_end":1576627572227,"request_duration":80719,"type":"256"}
{"start":1576627552866,"end":1576627572211,"duration":19345,"downloading_duration":1262,"execution_duration":17478,"uploading_duration":605,"executable":"ellipsoids-openmp","args":["3.dat","310.log","310.xoutput"],"id":166,"resource":"256","request_start":1576627491503,"request_end":1576627572231,"request_duration":80728,"type":"256"}
{"start":1576627553585,"end":1576627572235,"duration":18650,"downloading_duration":1185,"execution_duration":16861,"uploading_duration":604,"executable":"ellipsoids-openmp","args":["3.dat","327.log","327.xoutput"],"id":183,"resource":"256","request_start":1576627491513,"request_end":1576627572254,"request_duration":80741,"type":"256"}
{"start":1576627552944,"end":1576627572251,"duration":19307,"downloading_duration":1167,"execution_duration":17560,"uploading_duration":580,"executable":"ellipsoids-openmp","args":["3.dat","313.log","313.xoutput"],"id":169,"resource":"256","request_start":1576627491505,"request_end":1576627572274,"request_duration":80769,"type":"256"}
{"start":1576627553217,"end":1576627572260,"duration":19043,"downloading_duration":1207,"execution_duration":17241,"uploading_duration":595,"executable":"ellipsoids-openmp","args":["3.dat","320.log","320.xoutput"],"id":176,"resource":"256","request_start":1576627491509,"request_end":1576627572280,"request_duration":80771,"type":"256"}
{"start":1576627552882,"end":1576627572325,"duration":19443,"downloading_duration":1305,"execution_duration":17482,"uploading_duration":656,"executable":"ellipsoids-openmp","args":["3.dat","311.log","311.xoutput"],"id":167,"resource":"256","request_start":1576627491504,"request_end":1576627572344,"request_duration":80840,"type":"256"}
{"start":1576627553096,"end":1576627572336,"duration":19240,"downloading_duration":1138,"execution_duration":17460,"uploading_duration":642,"executable":"ellipsoids-openmp","args":["3.dat","317.log","317.xoutput"],"id":173,"resource":"256","request_start":1576627491507,"request_end":1576627572355,"request_duration":80848,"type":"256"}
{"start":1576627553584,"end":1576627572384,"duration":18800,"downloading_duration":1135,"execution_duration":17040,"uploading_duration":625,"executable":"ellipsoids-openmp","args":["3.dat","325.log","325.xoutput"],"id":181,"resource":"256","request_start":1576627491512,"request_end":1576627572404,"request_duration":80892,"type":"256"}
{"start":1576627553627,"end":1576627572401,"duration":18774,"downloading_duration":1141,"execution_duration":16918,"uploading_duration":715,"executable":"ellipsoids-openmp","args":["3.dat","330.log","330.xoutput"],"id":186,"resource":"256","request_start":1576627491515,"request_end":1576627572423,"request_duration":80908,"type":"256"}
{"start":1576627553587,"end":1576627572405,"duration":18818,"downloading_duration":1207,"execution_duration":16982,"uploading_duration":629,"executable":"ellipsoids-openmp","args":["3.dat","326.log","326.xoutput"],"id":182,"resource":"256","request_start":1576627491512,"request_end":1576627572425,"request_duration":80913,"type":"256"}
{"start":1576627553770,"end":1576627572411,"duration":18641,"downloading_duration":1153,"execution_duration":16840,"uploading_duration":648,"executable":"ellipsoids-openmp","args":["3.dat","336.log","336.xoutput"],"id":192,"resource":"256","request_start":1576627491519,"request_end":1576627572434,"request_duration":80915,"type":"256"}
{"start":1576627553192,"end":1576627572612,"duration":19420,"downloading_duration":1149,"execution_duration":17680,"uploading_duration":591,"executable":"ellipsoids-openmp","args":["3.dat","318.log","318.xoutput"],"id":174,"resource":"256","request_start":1576627491507,"request_end":1576627572634,"request_duration":81127,"type":"256"}
{"start":1576627553421,"end":1576627572633,"duration":19212,"downloading_duration":1254,"execution_duration":17380,"uploading_duration":578,"executable":"ellipsoids-openmp","args":["3.dat","323.log","323.xoutput"],"id":179,"resource":"256","request_start":1576627491511,"request_end":1576627572654,"request_duration":81143,"type":"256"}
{"start":1576627553589,"end":1576627572653,"duration":19064,"downloading_duration":1084,"execution_duration":17400,"uploading_duration":580,"executable":"ellipsoids-openmp","args":["3.dat","328.log","328.xoutput"],"id":184,"resource":"256","request_start":1576627491514,"request_end":1576627572673,"request_duration":81159,"type":"256"}
{"start":1576627553764,"end":1576627572709,"duration":18945,"downloading_duration":1238,"execution_duration":17081,"uploading_duration":626,"executable":"ellipsoids-openmp","args":["3.dat","335.log","335.xoutput"],"id":191,"resource":"256","request_start":1576627491518,"request_end":1576627572729,"request_duration":81211,"type":"256"}
{"start":1576627553577,"end":1576627572711,"duration":19134,"downloading_duration":1076,"execution_duration":17442,"uploading_duration":616,"executable":"ellipsoids-openmp","args":["3.dat","324.log","324.xoutput"],"id":180,"resource":"256","request_start":1576627491511,"request_end":1576627572734,"request_duration":81223,"type":"256"}
{"start":1576627553413,"end":1576627572722,"duration":19309,"downloading_duration":1170,"execution_duration":17560,"uploading_duration":579,"executable":"ellipsoids-openmp","args":["3.dat","322.log","322.xoutput"],"id":178,"resource":"256","request_start":1576627491510,"request_end":1576627572744,"request_duration":81234,"type":"256"}
{"start":1576627553342,"end":1576627572765,"duration":19423,"downloading_duration":1110,"execution_duration":17640,"uploading_duration":673,"executable":"ellipsoids-openmp","args":["3.dat","321.log","321.xoutput"],"id":177,"resource":"256","request_start":1576627491510,"request_end":1576627572784,"request_duration":81274,"type":"256"}
{"start":1576627553594,"end":1576627572826,"duration":19232,"downloading_duration":1207,"execution_duration":17421,"uploading_duration":604,"executable":"ellipsoids-openmp","args":["3.dat","329.log","329.xoutput"],"id":185,"resource":"256","request_start":1576627491514,"request_end":1576627572851,"request_duration":81337,"type":"256"}
{"start":1576627553664,"end":1576627572872,"duration":19208,"downloading_duration":1196,"execution_duration":17400,"uploading_duration":612,"executable":"ellipsoids-openmp","args":["3.dat","332.log","332.xoutput"],"id":188,"resource":"256","request_start":1576627491516,"request_end":1576627572891,"request_duration":81375,"type":"256"}
{"start":1576627554127,"end":1576627572860,"duration":18733,"downloading_duration":1251,"execution_duration":16860,"uploading_duration":622,"executable":"ellipsoids-openmp","args":["3.dat","344.log","344.xoutput"],"id":200,"resource":"256","request_start":1576627491523,"request_end":1576627572899,"request_duration":81376,"type":"256"}
{"start":1576627553812,"end":1576627572952,"duration":19140,"downloading_duration":1142,"execution_duration":17400,"uploading_duration":598,"executable":"ellipsoids-openmp","args":["3.dat","337.log","337.xoutput"],"id":193,"resource":"256","request_start":1576627491520,"request_end":1576627572974,"request_duration":81454,"type":"256"}
{"start":1576627553645,"end":1576627572970,"duration":19325,"downloading_duration":1166,"execution_duration":17519,"uploading_duration":640,"executable":"ellipsoids-openmp","args":["3.dat","331.log","331.xoutput"],"id":187,"resource":"256","request_start":1576627491515,"request_end":1576627572989,"request_duration":81474,"type":"256"}
{"start":1576627553938,"end":1576627572975,"duration":19037,"downloading_duration":1146,"execution_duration":17300,"uploading_duration":591,"executable":"ellipsoids-openmp","args":["3.dat","342.log","342.xoutput"],"id":198,"resource":"256","request_start":1576627491522,"request_end":1576627572994,"request_duration":81472,"type":"256"}
{"start":1576627553860,"end":1576627573192,"duration":19332,"downloading_duration":1172,"execution_duration":17561,"uploading_duration":599,"executable":"ellipsoids-openmp","args":["3.dat","339.log","339.xoutput"],"id":195,"resource":"256","request_start":1576627491521,"request_end":1576627573214,"request_duration":81693,"type":"256"}
{"start":1576627553769,"end":1576627573275,"duration":19506,"downloading_duration":1251,"execution_duration":17520,"uploading_duration":735,"executable":"ellipsoids-openmp","args":["3.dat","334.log","334.xoutput"],"id":190,"resource":"256","request_start":1576627491517,"request_end":1576627573294,"request_duration":81777,"type":"256"}
{"start":1576627553824,"end":1576627573356,"duration":19532,"downloading_duration":1184,"execution_duration":17680,"uploading_duration":668,"executable":"ellipsoids-openmp","args":["3.dat","338.log","338.xoutput"],"id":194,"resource":"256","request_start":1576627491520,"request_end":1576627573374,"request_duration":81854,"type":"256"}
{"start":1576627554283,"end":1576627573366,"duration":19083,"downloading_duration":1110,"execution_duration":17380,"uploading_duration":593,"executable":"ellipsoids-openmp","args":["3.dat","346.log","346.xoutput"],"id":202,"resource":"256","request_start":1576627491524,"request_end":1576627573387,"request_duration":81863,"type":"256"}
{"start":1576627553747,"end":1576627573409,"duration":19662,"downloading_duration":1274,"execution_duration":17720,"uploading_duration":668,"executable":"ellipsoids-openmp","args":["3.dat","333.log","333.xoutput"],"id":189,"resource":"256","request_start":1576627491516,"request_end":1576627573434,"request_duration":81918,"type":"256"}
{"start":1576627553915,"end":1576627573416,"duration":19501,"downloading_duration":1275,"execution_duration":17620,"uploading_duration":606,"executable":"ellipsoids-openmp","args":["3.dat","340.log","340.xoutput"],"id":196,"resource":"256","request_start":1576627491521,"request_end":1576627573436,"request_duration":81915,"type":"256"}
{"start":1576627554304,"end":1576627573635,"duration":19331,"downloading_duration":1208,"execution_duration":17502,"uploading_duration":621,"executable":"ellipsoids-openmp","args":["3.dat","347.log","347.xoutput"],"id":203,"resource":"256","request_start":1576627491525,"request_end":1576627573654,"request_duration":82129,"type":"256"}
{"start":1576627553928,"end":1576627573693,"duration":19765,"downloading_duration":1156,"execution_duration":17980,"uploading_duration":629,"executable":"ellipsoids-openmp","args":["3.dat","341.log","341.xoutput"],"id":197,"resource":"256","request_start":1576627491522,"request_end":1576627573714,"request_duration":82192,"type":"256"}
{"start":1576627554174,"end":1576627574163,"duration":19989,"downloading_duration":1372,"execution_duration":17979,"uploading_duration":638,"executable":"ellipsoids-openmp","args":["3.dat","345.log","345.xoutput"],"id":201,"resource":"256","request_start":1576627491524,"request_end":1576627574183,"request_duration":82659,"type":"256"}
{"start":1576627554125,"end":1576627574409,"duration":20284,"downloading_duration":2222,"execution_duration":17480,"uploading_duration":582,"executable":"ellipsoids-openmp","args":["3.dat","343.log","343.xoutput"],"id":199,"resource":"256","request_start":1576627491523,"request_end":1576627574430,"request_duration":82907,"type":"256"}
{"start":1576627554365,"end":1576627574428,"duration":20063,"downloading_duration":1248,"execution_duration":18162,"uploading_duration":653,"executable":"ellipsoids-openmp","args":["3.dat","348.log","348.xoutput"],"id":204,"resource":"256","request_start":1576627491560,"request_end":1576627574447,"request_duration":82887,"type":"256"}
{"start":1576627557733,"end":1576627576989,"duration":19256,"downloading_duration":1247,"execution_duration":17342,"uploading_duration":667,"executable":"ellipsoids-openmp","args":["3.dat","349.log","349.xoutput"],"id":205,"resource":"256","request_start":1576627491562,"request_end":1576627577009,"request_duration":85447,"type":"256"}
{"start":1576627577239,"end":1576627580351,"duration":3112,"downloading_duration":2662,"execution_duration":22,"uploading_duration":428,"executable":"mean-pack-ell","args":["30.xoutput","31.xoutput","32.xoutput","33.xoutput","34.xoutput","35.xoutput","36.xoutput","37.xoutput","38.xoutput","39.xoutput","310.xoutput","311.xoutput","312.xoutput","313.xoutput","314.xoutput","315.xoutput","316.xoutput","317.xoutput","318.xoutput","319.xoutput","320.xoutput","321.xoutput","322.xoutput","323.xoutput","324.xoutput","325.xoutput","326.xoutput","327.xoutput","328.xoutput","329.xoutput","330.xoutput","331.xoutput","332.xoutput","333.xoutput","334.xoutput","335.xoutput","336.xoutput","337.xoutput","338.xoutput","339.xoutput","340.xoutput","341.xoutput","342.xoutput","343.xoutput","344.xoutput","345.xoutput","346.xoutput","347.xoutput","348.xoutput","349.xoutput","average_3.txt"],"id":209,"resource":"256","request_start":1576627577024,"request_end":1576627580375,"request_duration":3351,"type":"256"}
{"start":1576627580532,"end":1576627581945,"duration":1413,"downloading_duration":484,"execution_duration":507,"uploading_duration":422,"executable":"summary.js","args":[],"id":210,"resource":"256","request_start":1576627580383,"request_end":1576627581966,"request_duration":1583,"type":"256"}
