{"start":1576627130706,"end":1576627132646,"duration":1940,"downloading_duration":452,"execution_duration":1041,"uploading_duration":447,"executable":"generateData.js","args":[],"id":1,"resource":"128","request_start":1576627130538,"request_end":1576627132681,"request_duration":2143,"type":"128"}
{"start":1576627132814,"end":1576627134732,"duration":1918,"downloading_duration":423,"execution_duration":1002,"uploading_duration":493,"executable":"createDat.js","args":["0.dat"],"id":2,"resource":"128","request_start":1576627132695,"request_end":1576627134756,"request_duration":2061,"type":"128"}
{"start":1576627132829,"end":1576627134790,"duration":1961,"downloading_duration":444,"execution_duration":1062,"uploading_duration":455,"executable":"createDat.js","args":["1.dat"],"id":3,"resource":"128","request_start":1576627132700,"request_end":1576627134848,"request_duration":2148,"type":"128"}
{"start":1576627132833,"end":1576627134797,"duration":1964,"downloading_duration":497,"execution_duration":1021,"uploading_duration":446,"executable":"createDat.js","args":["2.dat"],"id":4,"resource":"128","request_start":1576627132704,"request_end":1576627134848,"request_duration":2144,"type":"128"}
{"start":1576627132826,"end":1576627134882,"duration":2056,"downloading_duration":455,"execution_duration":1102,"uploading_duration":499,"executable":"createDat.js","args":["3.dat"],"id":5,"resource":"128","request_start":1576627132707,"request_end":1576627134983,"request_duration":2276,"type":"128"}
{"start":1576627135215,"end":1576627173051,"duration":37836,"downloading_duration":1287,"execution_duration":35861,"uploading_duration":688,"executable":"ellipsoids-openmp","args":["0.dat","044.log","044.xoutput"],"id":50,"resource":"128","request_start":1576627134812,"request_end":1576627173082,"request_duration":38270,"type":"128"}
{"start":1576627135235,"end":1576627173576,"duration":38341,"downloading_duration":1279,"execution_duration":36361,"uploading_duration":701,"executable":"ellipsoids-openmp","args":["0.dat","032.log","032.xoutput"],"id":38,"resource":"128","request_start":1576627134798,"request_end":1576627173596,"request_duration":38798,"type":"128"}
{"start":1576627135133,"end":1576627173578,"duration":38445,"downloading_duration":1242,"execution_duration":36480,"uploading_duration":723,"executable":"ellipsoids-openmp","args":["0.dat","012.log","012.xoutput"],"id":18,"resource":"128","request_start":1576627134776,"request_end":1576627173600,"request_duration":38824,"type":"128"}
{"start":1576627135214,"end":1576627173807,"duration":38593,"downloading_duration":1465,"execution_duration":36440,"uploading_duration":688,"executable":"ellipsoids-openmp","args":["0.dat","036.log","036.xoutput"],"id":42,"resource":"128","request_start":1576627134803,"request_end":1576627173828,"request_duration":39025,"type":"128"}
{"start":1576627135221,"end":1576627174308,"duration":39087,"downloading_duration":1403,"execution_duration":37020,"uploading_duration":664,"executable":"ellipsoids-openmp","args":["0.dat","043.log","043.xoutput"],"id":49,"resource":"128","request_start":1576627134811,"request_end":1576627174329,"request_duration":39518,"type":"128"}
{"start":1576627135224,"end":1576627174377,"duration":39153,"downloading_duration":1356,"execution_duration":37100,"uploading_duration":697,"executable":"ellipsoids-openmp","args":["0.dat","048.log","048.xoutput"],"id":54,"resource":"128","request_start":1576627134816,"request_end":1576627174399,"request_duration":39583,"type":"128"}
{"start":1576627135170,"end":1576627174387,"duration":39217,"downloading_duration":1264,"execution_duration":37300,"uploading_duration":653,"executable":"ellipsoids-openmp","args":["0.dat","019.log","019.xoutput"],"id":25,"resource":"128","request_start":1576627134785,"request_end":1576627174409,"request_duration":39624,"type":"128"}
{"start":1576627135218,"end":1576627174472,"duration":39254,"downloading_duration":1268,"execution_duration":37281,"uploading_duration":705,"executable":"ellipsoids-openmp","args":["0.dat","039.log","039.xoutput"],"id":45,"resource":"128","request_start":1576627134807,"request_end":1576627174491,"request_duration":39684,"type":"128"}
{"start":1576627134944,"end":1576627174569,"duration":39625,"downloading_duration":1366,"execution_duration":37580,"uploading_duration":679,"executable":"ellipsoids-openmp","args":["0.dat","01.log","01.xoutput"],"id":7,"resource":"128","request_start":1576627134818,"request_end":1576627174589,"request_duration":39771,"type":"128"}
{"start":1576627135165,"end":1576627174595,"duration":39430,"downloading_duration":1381,"execution_duration":37081,"uploading_duration":968,"executable":"ellipsoids-openmp","args":["0.dat","018.log","018.xoutput"],"id":24,"resource":"128","request_start":1576627134784,"request_end":1576627174616,"request_duration":39832,"type":"128"}
{"start":1576627135136,"end":1576627174652,"duration":39516,"downloading_duration":1469,"execution_duration":37440,"uploading_duration":607,"executable":"ellipsoids-openmp","args":["0.dat","09.log","09.xoutput"],"id":15,"resource":"128","request_start":1576627134773,"request_end":1576627174676,"request_duration":39903,"type":"128"}
{"start":1576627135134,"end":1576627174680,"duration":39546,"downloading_duration":1434,"execution_duration":37400,"uploading_duration":712,"executable":"ellipsoids-openmp","args":["0.dat","08.log","08.xoutput"],"id":14,"resource":"128","request_start":1576627134772,"request_end":1576627174698,"request_duration":39926,"type":"128"}
{"start":1576627135136,"end":1576627174720,"duration":39584,"downloading_duration":1283,"execution_duration":37600,"uploading_duration":701,"executable":"ellipsoids-openmp","args":["0.dat","013.log","013.xoutput"],"id":19,"resource":"128","request_start":1576627134777,"request_end":1576627174740,"request_duration":39963,"type":"128"}
{"start":1576627135216,"end":1576627174740,"duration":39524,"downloading_duration":1307,"execution_duration":37301,"uploading_duration":916,"executable":"ellipsoids-openmp","args":["0.dat","037.log","037.xoutput"],"id":43,"resource":"128","request_start":1576627134804,"request_end":1576627174758,"request_duration":39954,"type":"128"}
{"start":1576627135205,"end":1576627174741,"duration":39536,"downloading_duration":1516,"execution_duration":37321,"uploading_duration":699,"executable":"ellipsoids-openmp","args":["0.dat","029.log","029.xoutput"],"id":35,"resource":"128","request_start":1576627134796,"request_end":1576627174761,"request_duration":39965,"type":"128"}
{"start":1576627135244,"end":1576627174754,"duration":39510,"downloading_duration":1280,"execution_duration":37560,"uploading_duration":670,"executable":"ellipsoids-openmp","args":["0.dat","00.log","00.xoutput"],"id":6,"resource":"128","request_start":1576627134817,"request_end":1576627174775,"request_duration":39958,"type":"128"}
{"start":1576627135230,"end":1576627174855,"duration":39625,"downloading_duration":1349,"execution_duration":37561,"uploading_duration":715,"executable":"ellipsoids-openmp","args":["0.dat","049.log","049.xoutput"],"id":55,"resource":"128","request_start":1576627134816,"request_end":1576627174875,"request_duration":40059,"type":"128"}
{"start":1576627135170,"end":1576627174855,"duration":39685,"downloading_duration":1279,"execution_duration":37681,"uploading_duration":725,"executable":"ellipsoids-openmp","args":["0.dat","022.log","022.xoutput"],"id":28,"resource":"128","request_start":1576627134788,"request_end":1576627174877,"request_duration":40089,"type":"128"}
{"start":1576627135229,"end":1576627174890,"duration":39661,"downloading_duration":1347,"execution_duration":37561,"uploading_duration":753,"executable":"ellipsoids-openmp","args":["0.dat","045.log","045.xoutput"],"id":51,"resource":"128","request_start":1576627134813,"request_end":1576627174933,"request_duration":40120,"type":"128"}
{"start":1576627135133,"end":1576627174902,"duration":39769,"downloading_duration":1341,"execution_duration":37741,"uploading_duration":687,"executable":"ellipsoids-openmp","args":["0.dat","010.log","010.xoutput"],"id":16,"resource":"128","request_start":1576627134774,"request_end":1576627174937,"request_duration":40163,"type":"128"}
{"start":1576627135172,"end":1576627175003,"duration":39831,"downloading_duration":1720,"execution_duration":37441,"uploading_duration":670,"executable":"ellipsoids-openmp","args":["0.dat","017.log","017.xoutput"],"id":23,"resource":"128","request_start":1576627134783,"request_end":1576627175032,"request_duration":40249,"type":"128"}
{"start":1576627135136,"end":1576627175023,"duration":39887,"downloading_duration":1485,"execution_duration":37420,"uploading_duration":982,"executable":"ellipsoids-openmp","args":["0.dat","07.log","07.xoutput"],"id":13,"resource":"128","request_start":1576627134771,"request_end":1576627175051,"request_duration":40280,"type":"128"}
{"start":1576627135214,"end":1576627175047,"duration":39833,"downloading_duration":1612,"execution_duration":37440,"uploading_duration":781,"executable":"ellipsoids-openmp","args":["0.dat","035.log","035.xoutput"],"id":41,"resource":"128","request_start":1576627134802,"request_end":1576627175068,"request_duration":40266,"type":"128"}
{"start":1576627135137,"end":1576627175069,"duration":39932,"downloading_duration":1394,"execution_duration":37600,"uploading_duration":938,"executable":"ellipsoids-openmp","args":["0.dat","011.log","011.xoutput"],"id":17,"resource":"128","request_start":1576627134775,"request_end":1576627175091,"request_duration":40316,"type":"128"}
{"start":1576627135168,"end":1576627175069,"duration":39901,"downloading_duration":1415,"execution_duration":37820,"uploading_duration":666,"executable":"ellipsoids-openmp","args":["0.dat","016.log","016.xoutput"],"id":22,"resource":"128","request_start":1576627134779,"request_end":1576627175099,"request_duration":40320,"type":"128"}
{"start":1576627135164,"end":1576627175160,"duration":39996,"downloading_duration":1320,"execution_duration":37981,"uploading_duration":695,"executable":"ellipsoids-openmp","args":["0.dat","020.log","020.xoutput"],"id":26,"resource":"128","request_start":1576627134786,"request_end":1576627175178,"request_duration":40392,"type":"128"}
{"start":1576627135132,"end":1576627175169,"duration":40037,"downloading_duration":1466,"execution_duration":37921,"uploading_duration":650,"executable":"ellipsoids-openmp","args":["0.dat","04.log","04.xoutput"],"id":10,"resource":"128","request_start":1576627134768,"request_end":1576627175189,"request_duration":40421,"type":"128"}
{"start":1576627135227,"end":1576627175186,"duration":39959,"downloading_duration":1341,"execution_duration":38000,"uploading_duration":618,"executable":"ellipsoids-openmp","args":["0.dat","047.log","047.xoutput"],"id":53,"resource":"128","request_start":1576627134815,"request_end":1576627175205,"request_duration":40390,"type":"128"}
{"start":1576627135137,"end":1576627175198,"duration":40061,"downloading_duration":1293,"execution_duration":38080,"uploading_duration":688,"executable":"ellipsoids-openmp","args":["0.dat","06.log","06.xoutput"],"id":12,"resource":"128","request_start":1576627134770,"request_end":1576627175218,"request_duration":40448,"type":"128"}
{"start":1576627135207,"end":1576627175240,"duration":40033,"downloading_duration":1275,"execution_duration":38101,"uploading_duration":657,"executable":"ellipsoids-openmp","args":["0.dat","027.log","027.xoutput"],"id":33,"resource":"128","request_start":1576627134793,"request_end":1576627175258,"request_duration":40465,"type":"128"}
{"start":1576627135184,"end":1576627175382,"duration":40198,"downloading_duration":1298,"execution_duration":38181,"uploading_duration":719,"executable":"ellipsoids-openmp","args":["0.dat","024.log","024.xoutput"],"id":30,"resource":"128","request_start":1576627134790,"request_end":1576627175400,"request_duration":40610,"type":"128"}
{"start":1576627135218,"end":1576627175397,"duration":40179,"downloading_duration":1327,"execution_duration":37820,"uploading_duration":1032,"executable":"ellipsoids-openmp","args":["0.dat","034.log","034.xoutput"],"id":40,"resource":"128","request_start":1576627134801,"request_end":1576627175417,"request_duration":40616,"type":"128"}
{"start":1576627135224,"end":1576627175402,"duration":40178,"downloading_duration":1317,"execution_duration":38261,"uploading_duration":600,"executable":"ellipsoids-openmp","args":["0.dat","041.log","041.xoutput"],"id":47,"resource":"128","request_start":1576627134809,"request_end":1576627175423,"request_duration":40614,"type":"128"}
{"start":1576627135214,"end":1576627175438,"duration":40224,"downloading_duration":1334,"execution_duration":37641,"uploading_duration":1249,"executable":"ellipsoids-openmp","args":["0.dat","031.log","031.xoutput"],"id":37,"resource":"128","request_start":1576627134798,"request_end":1576627175462,"request_duration":40664,"type":"128"}
{"start":1576627135205,"end":1576627175440,"duration":40235,"downloading_duration":1474,"execution_duration":37880,"uploading_duration":881,"executable":"ellipsoids-openmp","args":["0.dat","028.log","028.xoutput"],"id":34,"resource":"128","request_start":1576627134795,"request_end":1576627175465,"request_duration":40670,"type":"128"}
{"start":1576627135210,"end":1576627175476,"duration":40266,"downloading_duration":1280,"execution_duration":38301,"uploading_duration":685,"executable":"ellipsoids-openmp","args":["0.dat","033.log","033.xoutput"],"id":39,"resource":"128","request_start":1576627134799,"request_end":1576627175495,"request_duration":40696,"type":"128"}
{"start":1576627135168,"end":1576627175521,"duration":40353,"downloading_duration":1284,"execution_duration":38400,"uploading_duration":669,"executable":"ellipsoids-openmp","args":["0.dat","021.log","021.xoutput"],"id":27,"resource":"128","request_start":1576627134787,"request_end":1576627175540,"request_duration":40753,"type":"128"}
{"start":1576627135228,"end":1576627175547,"duration":40319,"downloading_duration":1374,"execution_duration":38240,"uploading_duration":705,"executable":"ellipsoids-openmp","args":["0.dat","046.log","046.xoutput"],"id":52,"resource":"128","request_start":1576627134814,"request_end":1576627175565,"request_duration":40751,"type":"128"}
{"start":1576627134942,"end":1576627175603,"duration":40661,"downloading_duration":1279,"execution_duration":38700,"uploading_duration":682,"executable":"ellipsoids-openmp","args":["0.dat","02.log","02.xoutput"],"id":8,"resource":"128","request_start":1576627134819,"request_end":1576627175625,"request_duration":40806,"type":"128"}
{"start":1576627135201,"end":1576627175663,"duration":40462,"downloading_duration":1329,"execution_duration":38461,"uploading_duration":672,"executable":"ellipsoids-openmp","args":["0.dat","026.log","026.xoutput"],"id":32,"resource":"128","request_start":1576627134792,"request_end":1576627175685,"request_duration":40893,"type":"128"}
{"start":1576627135172,"end":1576627175669,"duration":40497,"downloading_duration":1456,"execution_duration":38141,"uploading_duration":900,"executable":"ellipsoids-openmp","args":["0.dat","023.log","023.xoutput"],"id":29,"resource":"128","request_start":1576627134789,"request_end":1576627175690,"request_duration":40901,"type":"128"}
{"start":1576627135201,"end":1576627175817,"duration":40616,"downloading_duration":1370,"execution_duration":38620,"uploading_duration":626,"executable":"ellipsoids-openmp","args":["0.dat","025.log","025.xoutput"],"id":31,"resource":"128","request_start":1576627134792,"request_end":1576627175835,"request_duration":41043,"type":"128"}
{"start":1576627135023,"end":1576627175849,"duration":40826,"downloading_duration":1330,"execution_duration":38840,"uploading_duration":656,"executable":"ellipsoids-openmp","args":["0.dat","03.log","03.xoutput"],"id":9,"resource":"128","request_start":1576627134819,"request_end":1576627175868,"request_duration":41049,"type":"128"}
{"start":1576627135203,"end":1576627175897,"duration":40694,"downloading_duration":1264,"execution_duration":38780,"uploading_duration":650,"executable":"ellipsoids-openmp","args":["0.dat","030.log","030.xoutput"],"id":36,"resource":"128","request_start":1576627134797,"request_end":1576627175918,"request_duration":41121,"type":"128"}
{"start":1576627135224,"end":1576627175956,"duration":40732,"downloading_duration":1400,"execution_duration":38660,"uploading_duration":672,"executable":"ellipsoids-openmp","args":["0.dat","040.log","040.xoutput"],"id":46,"resource":"128","request_start":1576627134808,"request_end":1576627175975,"request_duration":41167,"type":"128"}
{"start":1576627135215,"end":1576627176356,"duration":41141,"downloading_duration":1293,"execution_duration":39201,"uploading_duration":647,"executable":"ellipsoids-openmp","args":["0.dat","038.log","038.xoutput"],"id":44,"resource":"128","request_start":1576627134805,"request_end":1576627176375,"request_duration":41570,"type":"128"}
{"start":1576627135138,"end":1576627176429,"duration":41291,"downloading_duration":1290,"execution_duration":39340,"uploading_duration":661,"executable":"ellipsoids-openmp","args":["0.dat","014.log","014.xoutput"],"id":20,"resource":"128","request_start":1576627134778,"request_end":1576627176448,"request_duration":41670,"type":"128"}
{"start":1576627135221,"end":1576627176570,"duration":41349,"downloading_duration":1314,"execution_duration":39381,"uploading_duration":654,"executable":"ellipsoids-openmp","args":["0.dat","042.log","042.xoutput"],"id":48,"resource":"128","request_start":1576627134810,"request_end":1576627176601,"request_duration":41791,"type":"128"}
{"start":1576627135136,"end":1576627176885,"duration":41749,"downloading_duration":1321,"execution_duration":39761,"uploading_duration":667,"executable":"ellipsoids-openmp","args":["0.dat","05.log","05.xoutput"],"id":11,"resource":"128","request_start":1576627134769,"request_end":1576627177012,"request_duration":42243,"type":"128"}
{"start":1576627135135,"end":1576627179767,"duration":44632,"downloading_duration":2366,"execution_duration":41600,"uploading_duration":666,"executable":"ellipsoids-openmp","args":["0.dat","015.log","015.xoutput"],"id":21,"resource":"128","request_start":1576627134779,"request_end":1576627179788,"request_duration":45009,"type":"128"}
{"start":1576627174964,"end":1576627209968,"duration":35004,"downloading_duration":1275,"execution_duration":33001,"uploading_duration":728,"executable":"ellipsoids-openmp","args":["1.dat","112.log","112.xoutput"],"id":68,"resource":"128","request_start":1576627134887,"request_end":1576627209988,"request_duration":75101,"type":"128"}
{"start":1576627174708,"end":1576627210008,"duration":35300,"downloading_duration":1300,"execution_duration":33300,"uploading_duration":700,"executable":"ellipsoids-openmp","args":["1.dat","14.log","14.xoutput"],"id":60,"resource":"128","request_start":1576627134883,"request_end":1576627210028,"request_duration":75145,"type":"128"}
{"start":1576627173624,"end":1576627210231,"duration":36607,"downloading_duration":1371,"execution_duration":34521,"uploading_duration":715,"executable":"ellipsoids-openmp","args":["1.dat","145.log","145.xoutput"],"id":101,"resource":"128","request_start":1576627134877,"request_end":1576627210251,"request_duration":75374,"type":"128"}
{"start":1576627174521,"end":1576627210481,"duration":35960,"downloading_duration":1565,"execution_duration":33601,"uploading_duration":794,"executable":"ellipsoids-openmp","args":["1.dat","11.log","11.xoutput"],"id":57,"resource":"128","request_start":1576627134881,"request_end":1576627210506,"request_duration":75625,"type":"128"}
{"start":1576627174787,"end":1576627210505,"duration":35718,"downloading_duration":1294,"execution_duration":33761,"uploading_duration":663,"executable":"ellipsoids-openmp","args":["1.dat","17.log","17.xoutput"],"id":63,"resource":"128","request_start":1576627134885,"request_end":1576627210526,"request_duration":75641,"type":"128"}
{"start":1576627174360,"end":1576627210604,"duration":36244,"downloading_duration":1304,"execution_duration":34300,"uploading_duration":640,"executable":"ellipsoids-openmp","args":["1.dat","148.log","148.xoutput"],"id":104,"resource":"128","request_start":1576627134880,"request_end":1576627210625,"request_duration":75745,"type":"128"}
{"start":1576627174646,"end":1576627210721,"duration":36075,"downloading_duration":1223,"execution_duration":34181,"uploading_duration":671,"executable":"ellipsoids-openmp","args":["1.dat","13.log","13.xoutput"],"id":59,"resource":"128","request_start":1576627134883,"request_end":1576627210742,"request_duration":75859,"type":"128"}
{"start":1576627174427,"end":1576627210934,"duration":36507,"downloading_duration":1267,"execution_duration":34520,"uploading_duration":720,"executable":"ellipsoids-openmp","args":["1.dat","149.log","149.xoutput"],"id":105,"resource":"128","request_start":1576627134880,"request_end":1576627210955,"request_duration":76075,"type":"128"}
{"start":1576627174902,"end":1576627211273,"duration":36371,"downloading_duration":1335,"execution_duration":34180,"uploading_duration":856,"executable":"ellipsoids-openmp","args":["1.dat","110.log","110.xoutput"],"id":66,"resource":"128","request_start":1576627134886,"request_end":1576627211295,"request_duration":76409,"type":"128"}
{"start":1576627173855,"end":1576627211361,"duration":37506,"downloading_duration":1404,"execution_duration":35440,"uploading_duration":662,"executable":"ellipsoids-openmp","args":["1.dat","147.log","147.xoutput"],"id":103,"resource":"128","request_start":1576627134878,"request_end":1576627211383,"request_duration":76505,"type":"128"}
{"start":1576627173119,"end":1576627211372,"duration":38253,"downloading_duration":1684,"execution_duration":35920,"uploading_duration":649,"executable":"ellipsoids-openmp","args":["1.dat","144.log","144.xoutput"],"id":100,"resource":"128","request_start":1576627134877,"request_end":1576627211393,"request_duration":76516,"type":"128"}
{"start":1576627175234,"end":1576627211421,"duration":36187,"downloading_duration":1564,"execution_duration":33921,"uploading_duration":702,"executable":"ellipsoids-openmp","args":["1.dat","121.log","121.xoutput"],"id":77,"resource":"128","request_start":1576627134897,"request_end":1576627211443,"request_duration":76546,"type":"128"}
{"start":1576627174784,"end":1576627211424,"duration":36640,"downloading_duration":1480,"execution_duration":34160,"uploading_duration":1000,"executable":"ellipsoids-openmp","args":["1.dat","16.log","16.xoutput"],"id":62,"resource":"128","request_start":1576627134884,"request_end":1576627211445,"request_duration":76561,"type":"128"}
{"start":1576627173632,"end":1576627211455,"duration":37823,"downloading_duration":1282,"execution_duration":35881,"uploading_duration":660,"executable":"ellipsoids-openmp","args":["1.dat","146.log","146.xoutput"],"id":102,"resource":"128","request_start":1576627134878,"request_end":1576627211475,"request_duration":76597,"type":"128"}
{"start":1576627174622,"end":1576627211460,"duration":36838,"downloading_duration":1445,"execution_duration":34720,"uploading_duration":673,"executable":"ellipsoids-openmp","args":["1.dat","12.log","12.xoutput"],"id":58,"resource":"128","request_start":1576627134882,"request_end":1576627211484,"request_duration":76602,"type":"128"}
{"start":1576627175103,"end":1576627211478,"duration":36375,"downloading_duration":1428,"execution_duration":34200,"uploading_duration":747,"executable":"ellipsoids-openmp","args":["1.dat","116.log","116.xoutput"],"id":72,"resource":"128","request_start":1576627134893,"request_end":1576627211498,"request_duration":76605,"type":"128"}
{"start":1576627174739,"end":1576627211638,"duration":36899,"downloading_duration":1380,"execution_duration":34800,"uploading_duration":719,"executable":"ellipsoids-openmp","args":["1.dat","15.log","15.xoutput"],"id":61,"resource":"128","request_start":1576627134884,"request_end":1576627211660,"request_duration":76776,"type":"128"}
{"start":1576627174443,"end":1576627211689,"duration":37246,"downloading_duration":1377,"execution_duration":34900,"uploading_duration":969,"executable":"ellipsoids-openmp","args":["1.dat","10.log","10.xoutput"],"id":56,"resource":"128","request_start":1576627134881,"request_end":1576627211714,"request_duration":76833,"type":"128"}
{"start":1576627175287,"end":1576627211806,"duration":36519,"downloading_duration":1417,"execution_duration":34481,"uploading_duration":621,"executable":"ellipsoids-openmp","args":["1.dat","123.log","123.xoutput"],"id":79,"resource":"128","request_start":1576627134898,"request_end":1576627211825,"request_duration":76927,"type":"128"}
{"start":1576627175443,"end":1576627211935,"duration":36492,"downloading_duration":1263,"execution_duration":34560,"uploading_duration":669,"executable":"ellipsoids-openmp","args":["1.dat","125.log","125.xoutput"],"id":81,"resource":"128","request_start":1576627134899,"request_end":1576627211955,"request_duration":77056,"type":"128"}
{"start":1576627175125,"end":1576627212137,"duration":37012,"downloading_duration":1376,"execution_duration":34940,"uploading_duration":696,"executable":"ellipsoids-openmp","args":["1.dat","117.log","117.xoutput"],"id":73,"resource":"128","request_start":1576627134894,"request_end":1576627212158,"request_duration":77264,"type":"128"}
{"start":1576627174805,"end":1576627212208,"duration":37403,"downloading_duration":1379,"execution_duration":35360,"uploading_duration":664,"executable":"ellipsoids-openmp","args":["1.dat","19.log","19.xoutput"],"id":65,"resource":"128","request_start":1576627134886,"request_end":1576627212228,"request_duration":77342,"type":"128"}
{"start":1576627175134,"end":1576627212238,"duration":37104,"downloading_duration":1438,"execution_duration":34981,"uploading_duration":685,"executable":"ellipsoids-openmp","args":["1.dat","118.log","118.xoutput"],"id":74,"resource":"128","request_start":1576627134895,"request_end":1576627212257,"request_duration":77362,"type":"128"}
{"start":1576627174971,"end":1576627212240,"duration":37269,"downloading_duration":1339,"execution_duration":35240,"uploading_duration":690,"executable":"ellipsoids-openmp","args":["1.dat","113.log","113.xoutput"],"id":69,"resource":"128","request_start":1576627134888,"request_end":1576627212266,"request_duration":77378,"type":"128"}
{"start":1576627174828,"end":1576627212256,"duration":37428,"downloading_duration":1337,"execution_duration":35260,"uploading_duration":831,"executable":"ellipsoids-openmp","args":["1.dat","18.log","18.xoutput"],"id":64,"resource":"128","request_start":1576627134885,"request_end":1576627212275,"request_duration":77390,"type":"128"}
{"start":1576627175089,"end":1576627212519,"duration":37430,"downloading_duration":1634,"execution_duration":35141,"uploading_duration":655,"executable":"ellipsoids-openmp","args":["1.dat","115.log","115.xoutput"],"id":71,"resource":"128","request_start":1576627134892,"request_end":1576627212539,"request_duration":77647,"type":"128"}
{"start":1576627175251,"end":1576627212646,"duration":37395,"downloading_duration":1311,"execution_duration":35421,"uploading_duration":663,"executable":"ellipsoids-openmp","args":["1.dat","122.log","122.xoutput"],"id":78,"resource":"128","request_start":1576627134897,"request_end":1576627212665,"request_duration":77768,"type":"128"}
{"start":1576627175497,"end":1576627212647,"duration":37150,"downloading_duration":1353,"execution_duration":35161,"uploading_duration":636,"executable":"ellipsoids-openmp","args":["1.dat","127.log","127.xoutput"],"id":83,"resource":"128","request_start":1576627134900,"request_end":1576627212669,"request_duration":77769,"type":"128"}
{"start":1576627175066,"end":1576627212744,"duration":37678,"downloading_duration":1380,"execution_duration":35640,"uploading_duration":658,"executable":"ellipsoids-openmp","args":["1.dat","114.log","114.xoutput"],"id":70,"resource":"128","request_start":1576627134892,"request_end":1576627212765,"request_duration":77873,"type":"128"}
{"start":1576627175226,"end":1576627212809,"duration":37583,"downloading_duration":1302,"execution_duration":35641,"uploading_duration":640,"executable":"ellipsoids-openmp","args":["1.dat","120.log","120.xoutput"],"id":76,"resource":"128","request_start":1576627134896,"request_end":1576627212848,"request_duration":77952,"type":"128"}
{"start":1576627175505,"end":1576627212899,"duration":37394,"downloading_duration":1323,"execution_duration":35281,"uploading_duration":790,"executable":"ellipsoids-openmp","args":["1.dat","128.log","128.xoutput"],"id":84,"resource":"128","request_start":1576627134901,"request_end":1576627212920,"request_duration":78019,"type":"128"}
{"start":1576627174915,"end":1576627212918,"duration":38003,"downloading_duration":1380,"execution_duration":35900,"uploading_duration":723,"executable":"ellipsoids-openmp","args":["1.dat","111.log","111.xoutput"],"id":67,"resource":"128","request_start":1576627134887,"request_end":1576627212940,"request_duration":78053,"type":"128"}
{"start":1576627175523,"end":1576627213068,"duration":37545,"downloading_duration":1419,"execution_duration":35400,"uploading_duration":726,"executable":"ellipsoids-openmp","args":["1.dat","129.log","129.xoutput"],"id":85,"resource":"128","request_start":1576627134901,"request_end":1576627213146,"request_duration":78245,"type":"128"}
{"start":1576627175459,"end":1576627213283,"duration":37824,"downloading_duration":1640,"execution_duration":35420,"uploading_duration":764,"executable":"ellipsoids-openmp","args":["1.dat","126.log","126.xoutput"],"id":82,"resource":"128","request_start":1576627134900,"request_end":1576627213306,"request_duration":78406,"type":"128"}
{"start":1576627175901,"end":1576627213367,"duration":37466,"downloading_duration":1390,"execution_duration":35380,"uploading_duration":696,"executable":"ellipsoids-openmp","args":["1.dat","136.log","136.xoutput"],"id":92,"resource":"128","request_start":1576627134905,"request_end":1576627213388,"request_duration":78483,"type":"128"}
{"start":1576627175867,"end":1576627213448,"duration":37581,"downloading_duration":1306,"execution_duration":35600,"uploading_duration":675,"executable":"ellipsoids-openmp","args":["1.dat","135.log","135.xoutput"],"id":91,"resource":"128","request_start":1576627134904,"request_end":1576627213469,"request_duration":78565,"type":"128"}
{"start":1576627175723,"end":1576627213644,"duration":37921,"downloading_duration":1387,"execution_duration":35901,"uploading_duration":633,"executable":"ellipsoids-openmp","args":["1.dat","134.log","134.xoutput"],"id":90,"resource":"128","request_start":1576627134904,"request_end":1576627213663,"request_duration":78759,"type":"128"}
{"start":1576627177046,"end":1576627213676,"duration":36630,"downloading_duration":1392,"execution_duration":34520,"uploading_duration":718,"executable":"ellipsoids-openmp","args":["1.dat","142.log","142.xoutput"],"id":98,"resource":"128","request_start":1576627134908,"request_end":1576627213695,"request_duration":78787,"type":"128"}
{"start":1576627175204,"end":1576627213735,"duration":38531,"downloading_duration":1486,"execution_duration":36021,"uploading_duration":1024,"executable":"ellipsoids-openmp","args":["1.dat","119.log","119.xoutput"],"id":75,"resource":"128","request_start":1576627134895,"request_end":1576627213755,"request_duration":78860,"type":"128"}
{"start":1576627175718,"end":1576627213824,"duration":38106,"downloading_duration":1691,"execution_duration":35721,"uploading_duration":694,"executable":"ellipsoids-openmp","args":["1.dat","133.log","133.xoutput"],"id":89,"resource":"128","request_start":1576627134903,"request_end":1576627213845,"request_duration":78942,"type":"128"}
{"start":1576627175435,"end":1576627213870,"duration":38435,"downloading_duration":1548,"execution_duration":36179,"uploading_duration":708,"executable":"ellipsoids-openmp","args":["1.dat","124.log","124.xoutput"],"id":80,"resource":"128","request_start":1576627134899,"request_end":1576627213890,"request_duration":78991,"type":"128"}
{"start":1576627176409,"end":1576627214009,"duration":37600,"downloading_duration":1360,"execution_duration":35480,"uploading_duration":760,"executable":"ellipsoids-openmp","args":["1.dat","139.log","139.xoutput"],"id":95,"resource":"128","request_start":1576627134906,"request_end":1576627214027,"request_duration":79121,"type":"128"}
{"start":1576627175566,"end":1576627214080,"duration":38514,"downloading_duration":1636,"execution_duration":36180,"uploading_duration":698,"executable":"ellipsoids-openmp","args":["1.dat","130.log","130.xoutput"],"id":86,"resource":"128","request_start":1576627134902,"request_end":1576627214100,"request_duration":79198,"type":"128"}
{"start":1576627176629,"end":1576627214096,"duration":37467,"downloading_duration":1307,"execution_duration":35500,"uploading_duration":660,"executable":"ellipsoids-openmp","args":["1.dat","141.log","141.xoutput"],"id":97,"resource":"128","request_start":1576627134907,"request_end":1576627214118,"request_duration":79211,"type":"128"}
{"start":1576627175650,"end":1576627214265,"duration":38615,"downloading_duration":1611,"execution_duration":36321,"uploading_duration":683,"executable":"ellipsoids-openmp","args":["1.dat","132.log","132.xoutput"],"id":88,"resource":"128","request_start":1576627134903,"request_end":1576627214287,"request_duration":79384,"type":"128"}
{"start":1576627175952,"end":1576627214378,"duration":38426,"downloading_duration":1316,"execution_duration":36459,"uploading_duration":651,"executable":"ellipsoids-openmp","args":["1.dat","137.log","137.xoutput"],"id":93,"resource":"128","request_start":1576627134905,"request_end":1576627214398,"request_duration":79493,"type":"128"}
{"start":1576627176478,"end":1576627214450,"duration":37972,"downloading_duration":1530,"execution_duration":35700,"uploading_duration":742,"executable":"ellipsoids-openmp","args":["1.dat","140.log","140.xoutput"],"id":96,"resource":"128","request_start":1576627134907,"request_end":1576627214470,"request_duration":79563,"type":"128"}
{"start":1576627176001,"end":1576627214958,"duration":38957,"downloading_duration":1342,"execution_duration":36901,"uploading_duration":714,"executable":"ellipsoids-openmp","args":["1.dat","138.log","138.xoutput"],"id":94,"resource":"128","request_start":1576627134906,"request_end":1576627215065,"request_duration":80159,"type":"128"}
{"start":1576627175592,"end":1576627215289,"duration":39697,"downloading_duration":1720,"execution_duration":37281,"uploading_duration":696,"executable":"ellipsoids-openmp","args":["1.dat","131.log","131.xoutput"],"id":87,"resource":"128","request_start":1576627134902,"request_end":1576627215309,"request_duration":80407,"type":"128"}
{"start":1576627179818,"end":1576627218609,"duration":38791,"downloading_duration":1402,"execution_duration":36741,"uploading_duration":648,"executable":"ellipsoids-openmp","args":["1.dat","143.log","143.xoutput"],"id":99,"resource":"128","request_start":1576627134908,"request_end":1576627218631,"request_duration":83723,"type":"128"}
{"start":1576627210554,"end":1576627249057,"duration":38503,"downloading_duration":1353,"execution_duration":36481,"uploading_duration":669,"executable":"ellipsoids-openmp","args":["2.dat","24.log","24.xoutput"],"id":110,"resource":"128","request_start":1576627134911,"request_end":1576627249090,"request_duration":114179,"type":"128"}
{"start":1576627210774,"end":1576627249436,"duration":38662,"downloading_duration":1315,"execution_duration":36681,"uploading_duration":666,"executable":"ellipsoids-openmp","args":["2.dat","26.log","26.xoutput"],"id":112,"resource":"128","request_start":1576627134912,"request_end":1576627249456,"request_duration":114544,"type":"128"}
{"start":1576627210068,"end":1576627249601,"duration":39533,"downloading_duration":1431,"execution_duration":37441,"uploading_duration":661,"executable":"ellipsoids-openmp","args":["2.dat","21.log","21.xoutput"],"id":107,"resource":"128","request_start":1576627134909,"request_end":1576627249622,"request_duration":114713,"type":"128"}
{"start":1576627211413,"end":1576627249981,"duration":38568,"downloading_duration":1250,"execution_duration":36641,"uploading_duration":677,"executable":"ellipsoids-openmp","args":["2.dat","29.log","29.xoutput"],"id":115,"resource":"128","request_start":1576627134914,"request_end":1576627250005,"request_duration":115091,"type":"128"}
{"start":1576627210657,"end":1576627250004,"duration":39347,"downloading_duration":1348,"execution_duration":37379,"uploading_duration":620,"executable":"ellipsoids-openmp","args":["2.dat","25.log","25.xoutput"],"id":111,"resource":"128","request_start":1576627134911,"request_end":1576627250025,"request_duration":115114,"type":"128"}
{"start":1576627210538,"end":1576627250050,"duration":39512,"downloading_duration":1263,"execution_duration":37541,"uploading_duration":708,"executable":"ellipsoids-openmp","args":["2.dat","23.log","23.xoutput"],"id":109,"resource":"128","request_start":1576627134910,"request_end":1576627250068,"request_duration":115158,"type":"128"}
{"start":1576627211746,"end":1576627250205,"duration":38459,"downloading_duration":1434,"execution_duration":36400,"uploading_duration":625,"executable":"ellipsoids-openmp","args":["2.dat","217.log","217.xoutput"],"id":123,"resource":"128","request_start":1576627134918,"request_end":1576627250225,"request_duration":115307,"type":"128"}
{"start":1576627211321,"end":1576627250256,"duration":38935,"downloading_duration":1376,"execution_duration":36880,"uploading_duration":679,"executable":"ellipsoids-openmp","args":["2.dat","28.log","28.xoutput"],"id":114,"resource":"128","request_start":1576627134913,"request_end":1576627250275,"request_duration":115362,"type":"128"}
{"start":1576627211471,"end":1576627250295,"duration":38824,"downloading_duration":1415,"execution_duration":36661,"uploading_duration":748,"executable":"ellipsoids-openmp","args":["2.dat","211.log","211.xoutput"],"id":117,"resource":"128","request_start":1576627134915,"request_end":1576627250315,"request_duration":115400,"type":"128"}
{"start":1576627211690,"end":1576627250527,"duration":38837,"downloading_duration":1269,"execution_duration":36920,"uploading_duration":648,"executable":"ellipsoids-openmp","args":["2.dat","216.log","216.xoutput"],"id":122,"resource":"128","request_start":1576627134917,"request_end":1576627250546,"request_duration":115629,"type":"128"}
{"start":1576627211421,"end":1576627250551,"duration":39130,"downloading_duration":1398,"execution_duration":37040,"uploading_duration":692,"executable":"ellipsoids-openmp","args":["2.dat","210.log","210.xoutput"],"id":116,"resource":"128","request_start":1576627134914,"request_end":1576627250570,"request_duration":115656,"type":"128"}
{"start":1576627211525,"end":1576627250600,"duration":39075,"downloading_duration":1293,"execution_duration":37142,"uploading_duration":640,"executable":"ellipsoids-openmp","args":["2.dat","215.log","215.xoutput"],"id":121,"resource":"128","request_start":1576627134917,"request_end":1576627250623,"request_duration":115706,"type":"128"}
{"start":1576627210983,"end":1576627250724,"duration":39741,"downloading_duration":1351,"execution_duration":37140,"uploading_duration":1250,"executable":"ellipsoids-openmp","args":["2.dat","27.log","27.xoutput"],"id":113,"resource":"128","request_start":1576627134913,"request_end":1576627250745,"request_duration":115832,"type":"128"}
{"start":1576627210028,"end":1576627250749,"duration":40721,"downloading_duration":1440,"execution_duration":38580,"uploading_duration":701,"executable":"ellipsoids-openmp","args":["2.dat","20.log","20.xoutput"],"id":106,"resource":"128","request_start":1576627134909,"request_end":1576627250768,"request_duration":115859,"type":"128"}
{"start":1576627212295,"end":1576627250831,"duration":38536,"downloading_duration":1398,"execution_duration":36480,"uploading_duration":658,"executable":"ellipsoids-openmp","args":["2.dat","223.log","223.xoutput"],"id":129,"resource":"128","request_start":1576627134921,"request_end":1576627250850,"request_duration":115929,"type":"128"}
{"start":1576627210277,"end":1576627250868,"duration":40591,"downloading_duration":1439,"execution_duration":38360,"uploading_duration":792,"executable":"ellipsoids-openmp","args":["2.dat","22.log","22.xoutput"],"id":108,"resource":"128","request_start":1576627134910,"request_end":1576627250889,"request_duration":115979,"type":"128"}
{"start":1576627214148,"end":1576627250909,"duration":36761,"downloading_duration":1334,"execution_duration":34800,"uploading_duration":627,"executable":"ellipsoids-openmp","args":["2.dat","243.log","243.xoutput"],"id":149,"resource":"128","request_start":1576627134931,"request_end":1576627250930,"request_duration":115999,"type":"128"}
{"start":1576627211515,"end":1576627250928,"duration":39413,"downloading_duration":1309,"execution_duration":37441,"uploading_duration":663,"executable":"ellipsoids-openmp","args":["2.dat","214.log","214.xoutput"],"id":120,"resource":"128","request_start":1576627134916,"request_end":1576627250949,"request_duration":116033,"type":"128"}
{"start":1576627212185,"end":1576627250964,"duration":38779,"downloading_duration":2835,"execution_duration":35221,"uploading_duration":723,"executable":"ellipsoids-openmp","args":["2.dat","220.log","220.xoutput"],"id":126,"resource":"128","request_start":1576627134919,"request_end":1576627250983,"request_duration":116064,"type":"128"}
{"start":1576627211981,"end":1576627251053,"duration":39072,"downloading_duration":1264,"execution_duration":37160,"uploading_duration":648,"executable":"ellipsoids-openmp","args":["2.dat","219.log","219.xoutput"],"id":125,"resource":"128","request_start":1576627134919,"request_end":1576627251154,"request_duration":116235,"type":"128"}
{"start":1576627211851,"end":1576627251274,"duration":39423,"downloading_duration":1333,"execution_duration":37401,"uploading_duration":689,"executable":"ellipsoids-openmp","args":["2.dat","218.log","218.xoutput"],"id":124,"resource":"128","request_start":1576627134918,"request_end":1576627251295,"request_duration":116377,"type":"128"}
{"start":1576627211477,"end":1576627251397,"duration":39920,"downloading_duration":1278,"execution_duration":37940,"uploading_duration":702,"executable":"ellipsoids-openmp","args":["2.dat","212.log","212.xoutput"],"id":118,"resource":"128","request_start":1576627134915,"request_end":1576627251418,"request_duration":116503,"type":"128"}
{"start":1576627212259,"end":1576627251622,"duration":39363,"downloading_duration":1391,"execution_duration":37300,"uploading_duration":672,"executable":"ellipsoids-openmp","args":["2.dat","221.log","221.xoutput"],"id":127,"resource":"128","request_start":1576627134920,"request_end":1576627251645,"request_duration":116725,"type":"128"}
{"start":1576627213690,"end":1576627251753,"duration":38063,"downloading_duration":1328,"execution_duration":36020,"uploading_duration":715,"executable":"ellipsoids-openmp","args":["2.dat","236.log","236.xoutput"],"id":142,"resource":"128","request_start":1576627134927,"request_end":1576627251774,"request_duration":116847,"type":"128"}
{"start":1576627212695,"end":1576627251770,"duration":39075,"downloading_duration":1348,"execution_duration":37020,"uploading_duration":707,"executable":"ellipsoids-openmp","args":["2.dat","227.log","227.xoutput"],"id":133,"resource":"128","request_start":1576627134923,"request_end":1576627251790,"request_duration":116867,"type":"128"}
{"start":1576627212304,"end":1576627251802,"duration":39498,"downloading_duration":1260,"execution_duration":37480,"uploading_duration":758,"executable":"ellipsoids-openmp","args":["2.dat","224.log","224.xoutput"],"id":130,"resource":"128","request_start":1576627134921,"request_end":1576627251820,"request_duration":116899,"type":"128"}
{"start":1576627214052,"end":1576627251814,"duration":37762,"downloading_duration":1297,"execution_duration":35860,"uploading_duration":605,"executable":"ellipsoids-openmp","args":["2.dat","241.log","241.xoutput"],"id":147,"resource":"128","request_start":1576627134930,"request_end":1576627251835,"request_duration":116905,"type":"128"}
{"start":1576627211508,"end":1576627251850,"duration":40342,"downloading_duration":1363,"execution_duration":38361,"uploading_duration":618,"executable":"ellipsoids-openmp","args":["2.dat","213.log","213.xoutput"],"id":119,"resource":"128","request_start":1576627134916,"request_end":1576627251870,"request_duration":116954,"type":"128"}
{"start":1576627214429,"end":1576627252053,"duration":37624,"downloading_duration":1278,"execution_duration":35640,"uploading_duration":706,"executable":"ellipsoids-openmp","args":["2.dat","245.log","245.xoutput"],"id":151,"resource":"128","request_start":1576627134932,"request_end":1576627252075,"request_duration":117143,"type":"128"}
{"start":1576627212283,"end":1576627252123,"duration":39840,"downloading_duration":1462,"execution_duration":37760,"uploading_duration":618,"executable":"ellipsoids-openmp","args":["2.dat","222.log","222.xoutput"],"id":128,"resource":"128","request_start":1576627134920,"request_end":1576627252145,"request_duration":117225,"type":"128"}
{"start":1576627212572,"end":1576627252155,"duration":39583,"downloading_duration":1292,"execution_duration":37580,"uploading_duration":711,"executable":"ellipsoids-openmp","args":["2.dat","225.log","225.xoutput"],"id":131,"resource":"128","request_start":1576627134922,"request_end":1576627252175,"request_duration":117253,"type":"128"}
{"start":1576627214125,"end":1576627252296,"duration":38171,"downloading_duration":1411,"execution_duration":36041,"uploading_duration":719,"executable":"ellipsoids-openmp","args":["2.dat","242.log","242.xoutput"],"id":148,"resource":"128","request_start":1576627134930,"request_end":1576627252315,"request_duration":117385,"type":"128"}
{"start":1576627214499,"end":1576627252384,"duration":37885,"downloading_duration":1349,"execution_duration":35840,"uploading_duration":696,"executable":"ellipsoids-openmp","args":["2.dat","246.log","246.xoutput"],"id":152,"resource":"128","request_start":1576627134932,"request_end":1576627252405,"request_duration":117473,"type":"128"}
{"start":1576627213172,"end":1576627252550,"duration":39378,"downloading_duration":1330,"execution_duration":37341,"uploading_duration":707,"executable":"ellipsoids-openmp","args":["2.dat","232.log","232.xoutput"],"id":138,"resource":"128","request_start":1576627134925,"request_end":1576627252570,"request_duration":117645,"type":"128"}
{"start":1576627212796,"end":1576627252640,"duration":39844,"downloading_duration":1290,"execution_duration":37840,"uploading_duration":714,"executable":"ellipsoids-openmp","args":["2.dat","228.log","228.xoutput"],"id":134,"resource":"128","request_start":1576627134923,"request_end":1576627252660,"request_duration":117737,"type":"128"}
{"start":1576627213917,"end":1576627252707,"duration":38790,"downloading_duration":1425,"execution_duration":36640,"uploading_duration":725,"executable":"ellipsoids-openmp","args":["2.dat","240.log","240.xoutput"],"id":146,"resource":"128","request_start":1576627134929,"request_end":1576627252728,"request_duration":117799,"type":"128"}
{"start":1576627213789,"end":1576627252795,"duration":39006,"downloading_duration":1401,"execution_duration":36941,"uploading_duration":664,"executable":"ellipsoids-openmp","args":["2.dat","238.log","238.xoutput"],"id":144,"resource":"128","request_start":1576627134928,"request_end":1576627252834,"request_duration":117906,"type":"128"}
{"start":1576627214322,"end":1576627253124,"duration":38802,"downloading_duration":1259,"execution_duration":36822,"uploading_duration":721,"executable":"ellipsoids-openmp","args":["2.dat","244.log","244.xoutput"],"id":150,"resource":"128","request_start":1576627134931,"request_end":1576627253145,"request_duration":118214,"type":"128"}
{"start":1576627212877,"end":1576627253180,"duration":40303,"downloading_duration":1351,"execution_duration":38241,"uploading_duration":711,"executable":"ellipsoids-openmp","args":["2.dat","229.log","229.xoutput"],"id":135,"resource":"128","request_start":1576627134924,"request_end":1576627253200,"request_duration":118276,"type":"128"}
{"start":1576627213870,"end":1576627253269,"duration":39399,"downloading_duration":1299,"execution_duration":37460,"uploading_duration":640,"executable":"ellipsoids-openmp","args":["2.dat","239.log","239.xoutput"],"id":145,"resource":"128","request_start":1576627134929,"request_end":1576627253288,"request_duration":118359,"type":"128"}
{"start":1576627212694,"end":1576627253487,"duration":40793,"downloading_duration":1296,"execution_duration":38821,"uploading_duration":676,"executable":"ellipsoids-openmp","args":["2.dat","226.log","226.xoutput"],"id":132,"resource":"128","request_start":1576627134922,"request_end":1576627253509,"request_duration":118587,"type":"128"}
{"start":1576627212964,"end":1576627253709,"duration":40745,"downloading_duration":1364,"execution_duration":38641,"uploading_duration":740,"executable":"ellipsoids-openmp","args":["2.dat","231.log","231.xoutput"],"id":137,"resource":"128","request_start":1576627134925,"request_end":1576627253728,"request_duration":118803,"type":"128"}
{"start":1576627213419,"end":1576627253818,"duration":40399,"downloading_duration":1372,"execution_duration":38381,"uploading_duration":646,"executable":"ellipsoids-openmp","args":["2.dat","234.log","234.xoutput"],"id":140,"resource":"128","request_start":1576627134926,"request_end":1576627253838,"request_duration":118912,"type":"128"}
{"start":1576627212948,"end":1576627253842,"duration":40894,"downloading_duration":1447,"execution_duration":38721,"uploading_duration":726,"executable":"ellipsoids-openmp","args":["2.dat","230.log","230.xoutput"],"id":136,"resource":"128","request_start":1576627134924,"request_end":1576627253865,"request_duration":118941,"type":"128"}
{"start":1576627213336,"end":1576627253867,"duration":40531,"downloading_duration":1303,"execution_duration":38460,"uploading_duration":768,"executable":"ellipsoids-openmp","args":["2.dat","233.log","233.xoutput"],"id":139,"resource":"128","request_start":1576627134926,"request_end":1576627253888,"request_duration":118962,"type":"128"}
{"start":1576627213718,"end":1576627253876,"duration":40158,"downloading_duration":1232,"execution_duration":38241,"uploading_duration":685,"executable":"ellipsoids-openmp","args":["2.dat","237.log","237.xoutput"],"id":143,"resource":"128","request_start":1576627134928,"request_end":1576627253895,"request_duration":118967,"type":"128"}
{"start":1576627213500,"end":1576627254308,"duration":40808,"downloading_duration":1453,"execution_duration":38700,"uploading_duration":655,"executable":"ellipsoids-openmp","args":["2.dat","235.log","235.xoutput"],"id":141,"resource":"128","request_start":1576627134927,"request_end":1576627254330,"request_duration":119403,"type":"128"}
{"start":1576627215332,"end":1576627254765,"duration":39433,"downloading_duration":1501,"execution_duration":37281,"uploading_duration":651,"executable":"ellipsoids-openmp","args":["2.dat","248.log","248.xoutput"],"id":154,"resource":"128","request_start":1576627134933,"request_end":1576627254784,"request_duration":119851,"type":"128"}
{"start":1576627215092,"end":1576627255428,"duration":40336,"downloading_duration":1351,"execution_duration":38280,"uploading_duration":705,"executable":"ellipsoids-openmp","args":["2.dat","247.log","247.xoutput"],"id":153,"resource":"128","request_start":1576627134933,"request_end":1576627255449,"request_duration":120516,"type":"128"}
{"start":1576627218662,"end":1576627259961,"duration":41299,"downloading_duration":1379,"execution_duration":39240,"uploading_duration":680,"executable":"ellipsoids-openmp","args":["2.dat","249.log","249.xoutput"],"id":155,"resource":"128","request_start":1576627134934,"request_end":1576627259986,"request_duration":125052,"type":"128"}
{"start":1576627249650,"end":1576627287064,"duration":37414,"downloading_duration":1390,"execution_duration":35320,"uploading_duration":704,"executable":"ellipsoids-openmp","args":["3.dat","32.log","32.xoutput"],"id":158,"resource":"128","request_start":1576627135019,"request_end":1576627287248,"request_duration":152229,"type":"128"}
{"start":1576627249126,"end":1576627287337,"duration":38211,"downloading_duration":1281,"execution_duration":36241,"uploading_duration":689,"executable":"ellipsoids-openmp","args":["3.dat","30.log","30.xoutput"],"id":156,"resource":"128","request_start":1576627135018,"request_end":1576627287362,"request_duration":152344,"type":"128"}
{"start":1576627250576,"end":1576627287779,"duration":37203,"downloading_duration":1283,"execution_duration":35200,"uploading_duration":720,"executable":"ellipsoids-openmp","args":["3.dat","39.log","39.xoutput"],"id":165,"resource":"128","request_start":1576627135023,"request_end":1576627287798,"request_duration":152775,"type":"128"}
{"start":1576627250252,"end":1576627287806,"duration":37554,"downloading_duration":1508,"execution_duration":35340,"uploading_duration":706,"executable":"ellipsoids-openmp","args":["3.dat","36.log","36.xoutput"],"id":162,"resource":"128","request_start":1576627135021,"request_end":1576627287828,"request_duration":152807,"type":"128"}
{"start":1576627249492,"end":1576627288388,"duration":38896,"downloading_duration":1437,"execution_duration":36821,"uploading_duration":638,"executable":"ellipsoids-openmp","args":["3.dat","31.log","31.xoutput"],"id":157,"resource":"128","request_start":1576627135018,"request_end":1576627288408,"request_duration":153390,"type":"128"}
{"start":1576627250307,"end":1576627288681,"duration":38374,"downloading_duration":1239,"execution_duration":36381,"uploading_duration":754,"executable":"ellipsoids-openmp","args":["3.dat","37.log","37.xoutput"],"id":163,"resource":"128","request_start":1576627135022,"request_end":1576627288700,"request_duration":153678,"type":"128"}
{"start":1576627250034,"end":1576627288723,"duration":38689,"downloading_duration":1450,"execution_duration":36560,"uploading_duration":679,"executable":"ellipsoids-openmp","args":["3.dat","33.log","33.xoutput"],"id":159,"resource":"128","request_start":1576627135020,"request_end":1576627288745,"request_duration":153725,"type":"128"}
{"start":1576627250064,"end":1576627288731,"duration":38667,"downloading_duration":1497,"execution_duration":36461,"uploading_duration":709,"executable":"ellipsoids-openmp","args":["3.dat","34.log","34.xoutput"],"id":160,"resource":"128","request_start":1576627135020,"request_end":1576627288751,"request_duration":153731,"type":"128"}
{"start":1576627250933,"end":1576627288795,"duration":37862,"downloading_duration":1360,"execution_duration":35801,"uploading_duration":701,"executable":"ellipsoids-openmp","args":["3.dat","315.log","315.xoutput"],"id":171,"resource":"128","request_start":1576627135026,"request_end":1576627288815,"request_duration":153789,"type":"128"}
{"start":1576627250601,"end":1576627289011,"duration":38410,"downloading_duration":1338,"execution_duration":36380,"uploading_duration":692,"executable":"ellipsoids-openmp","args":["3.dat","310.log","310.xoutput"],"id":166,"resource":"128","request_start":1576627135023,"request_end":1576627289040,"request_duration":154017,"type":"128"}
{"start":1576627250648,"end":1576627289142,"duration":38494,"downloading_duration":1291,"execution_duration":36542,"uploading_duration":661,"executable":"ellipsoids-openmp","args":["3.dat","311.log","311.xoutput"],"id":167,"resource":"128","request_start":1576627135024,"request_end":1576627289163,"request_duration":154139,"type":"128"}
{"start":1576627250344,"end":1576627289145,"duration":38801,"downloading_duration":1353,"execution_duration":36760,"uploading_duration":688,"executable":"ellipsoids-openmp","args":["3.dat","38.log","38.xoutput"],"id":164,"resource":"128","request_start":1576627135022,"request_end":1576627289168,"request_duration":154146,"type":"128"}
{"start":1576627250978,"end":1576627289426,"duration":38448,"downloading_duration":1363,"execution_duration":36360,"uploading_duration":725,"executable":"ellipsoids-openmp","args":["3.dat","317.log","317.xoutput"],"id":173,"resource":"128","request_start":1576627135030,"request_end":1576627289445,"request_duration":154415,"type":"128"}
{"start":1576627250957,"end":1576627289430,"duration":38473,"downloading_duration":1267,"execution_duration":36542,"uploading_duration":664,"executable":"ellipsoids-openmp","args":["3.dat","316.log","316.xoutput"],"id":172,"resource":"128","request_start":1576627135026,"request_end":1576627289455,"request_duration":154429,"type":"128"}
{"start":1576627250796,"end":1576627289669,"duration":38873,"downloading_duration":1418,"execution_duration":36700,"uploading_duration":755,"executable":"ellipsoids-openmp","args":["3.dat","313.log","313.xoutput"],"id":169,"resource":"128","request_start":1576627135025,"request_end":1576627289688,"request_duration":154663,"type":"128"}
{"start":1576627251009,"end":1576627289655,"duration":38646,"downloading_duration":1373,"execution_duration":36640,"uploading_duration":633,"executable":"ellipsoids-openmp","args":["3.dat","318.log","318.xoutput"],"id":174,"resource":"128","request_start":1576627135030,"request_end":1576627289700,"request_duration":154670,"type":"128"}
{"start":1576627251677,"end":1576627289703,"duration":38026,"downloading_duration":1333,"execution_duration":36021,"uploading_duration":672,"executable":"ellipsoids-openmp","args":["3.dat","322.log","322.xoutput"],"id":178,"resource":"128","request_start":1576627135033,"request_end":1576627289725,"request_duration":154692,"type":"128"}
{"start":1576627250879,"end":1576627289809,"duration":38930,"downloading_duration":1377,"execution_duration":36520,"uploading_duration":1033,"executable":"ellipsoids-openmp","args":["3.dat","314.log","314.xoutput"],"id":170,"resource":"128","request_start":1576627135025,"request_end":1576627289828,"request_duration":154803,"type":"128"}
{"start":1576627252687,"end":1576627289976,"duration":37289,"downloading_duration":1379,"execution_duration":35260,"uploading_duration":650,"executable":"ellipsoids-openmp","args":["3.dat","334.log","334.xoutput"],"id":190,"resource":"128","request_start":1576627135039,"request_end":1576627289995,"request_duration":154956,"type":"128"}
{"start":1576627252750,"end":1576627290007,"duration":37257,"downloading_duration":1312,"execution_duration":35260,"uploading_duration":685,"executable":"ellipsoids-openmp","args":["3.dat","335.log","335.xoutput"],"id":191,"resource":"128","request_start":1576627135039,"request_end":1576627290028,"request_duration":154989,"type":"128"}
{"start":1576627252201,"end":1576627290018,"duration":37817,"downloading_duration":1364,"execution_duration":35680,"uploading_duration":773,"executable":"ellipsoids-openmp","args":["3.dat","330.log","330.xoutput"],"id":186,"resource":"128","request_start":1576627135037,"request_end":1576627290040,"request_duration":155003,"type":"128"}
{"start":1576627251897,"end":1576627290041,"duration":38144,"downloading_duration":1341,"execution_duration":36140,"uploading_duration":663,"executable":"ellipsoids-openmp","args":["3.dat","327.log","327.xoutput"],"id":183,"resource":"128","request_start":1576627135035,"request_end":1576627290062,"request_duration":155027,"type":"128"}
{"start":1576627253923,"end":1576627290127,"duration":36204,"downloading_duration":1408,"execution_duration":34081,"uploading_duration":715,"executable":"ellipsoids-openmp","args":["3.dat","345.log","345.xoutput"],"id":201,"resource":"128","request_start":1576627135084,"request_end":1576627290147,"request_duration":155063,"type":"128"}
{"start":1576627251188,"end":1576627290223,"duration":39035,"downloading_duration":1357,"execution_duration":36901,"uploading_duration":777,"executable":"ellipsoids-openmp","args":["3.dat","319.log","319.xoutput"],"id":175,"resource":"128","request_start":1576627135031,"request_end":1576627290246,"request_duration":155215,"type":"128"}
{"start":1576627253173,"end":1576627290237,"duration":37064,"downloading_duration":1449,"execution_duration":34900,"uploading_duration":715,"executable":"ellipsoids-openmp","args":["3.dat","337.log","337.xoutput"],"id":193,"resource":"128","request_start":1576627135041,"request_end":1576627290259,"request_duration":155218,"type":"128"}
{"start":1576627253311,"end":1576627290260,"duration":36949,"downloading_duration":1258,"execution_duration":34961,"uploading_duration":730,"executable":"ellipsoids-openmp","args":["3.dat","339.log","339.xoutput"],"id":195,"resource":"128","request_start":1576627135042,"request_end":1576627290282,"request_duration":155240,"type":"128"}
{"start":1576627253752,"end":1576627290346,"duration":36594,"downloading_duration":1357,"execution_duration":34580,"uploading_duration":657,"executable":"ellipsoids-openmp","args":["3.dat","341.log","341.xoutput"],"id":197,"resource":"128","request_start":1576627135043,"request_end":1576627290365,"request_duration":155322,"type":"128"}
{"start":1576627251864,"end":1576627290428,"duration":38564,"downloading_duration":1307,"execution_duration":36561,"uploading_duration":696,"executable":"ellipsoids-openmp","args":["3.dat","326.log","326.xoutput"],"id":182,"resource":"128","request_start":1576627135035,"request_end":1576627290447,"request_duration":155412,"type":"128"}
{"start":1576627253915,"end":1576627290531,"duration":36616,"downloading_duration":1424,"execution_duration":34500,"uploading_duration":692,"executable":"ellipsoids-openmp","args":["3.dat","344.log","344.xoutput"],"id":200,"resource":"128","request_start":1576627135082,"request_end":1576627290549,"request_duration":155467,"type":"128"}
{"start":1576627251851,"end":1576627290575,"duration":38724,"downloading_duration":1253,"execution_duration":36760,"uploading_duration":711,"executable":"ellipsoids-openmp","args":["3.dat","325.log","325.xoutput"],"id":181,"resource":"128","request_start":1576627135034,"request_end":1576627290595,"request_duration":155561,"type":"128"}
{"start":1576627253230,"end":1576627290608,"duration":37378,"downloading_duration":1299,"execution_duration":35400,"uploading_duration":679,"executable":"ellipsoids-openmp","args":["3.dat","338.log","338.xoutput"],"id":194,"resource":"128","request_start":1576627135041,"request_end":1576627290627,"request_duration":155586,"type":"128"}
{"start":1576627252346,"end":1576627290717,"duration":38371,"downloading_duration":1310,"execution_duration":36341,"uploading_duration":720,"executable":"ellipsoids-openmp","args":["3.dat","331.log","331.xoutput"],"id":187,"resource":"128","request_start":1576627135037,"request_end":1576627290737,"request_duration":155700,"type":"128"}
{"start":1576627252871,"end":1576627290807,"duration":37936,"downloading_duration":1339,"execution_duration":35960,"uploading_duration":637,"executable":"ellipsoids-openmp","args":["3.dat","336.log","336.xoutput"],"id":192,"resource":"128","request_start":1576627135040,"request_end":1576627290825,"request_duration":155785,"type":"128"}
{"start":1576627251444,"end":1576627290901,"duration":39457,"downloading_duration":1371,"execution_duration":37400,"uploading_duration":686,"executable":"ellipsoids-openmp","args":["3.dat","321.log","321.xoutput"],"id":177,"resource":"128","request_start":1576627135032,"request_end":1576627290920,"request_duration":155888,"type":"128"}
{"start":1576627253861,"end":1576627291112,"duration":37251,"downloading_duration":1614,"execution_duration":34961,"uploading_duration":676,"executable":"ellipsoids-openmp","args":["3.dat","342.log","342.xoutput"],"id":198,"resource":"128","request_start":1576627135079,"request_end":1576627291135,"request_duration":156056,"type":"128"}
{"start":1576627254358,"end":1576627291195,"duration":36837,"downloading_duration":1435,"execution_duration":34720,"uploading_duration":682,"executable":"ellipsoids-openmp","args":["3.dat","346.log","346.xoutput"],"id":202,"resource":"128","request_start":1576627135085,"request_end":1576627291215,"request_duration":156130,"type":"128"}
{"start":1576627250769,"end":1576627291334,"duration":40565,"downloading_duration":1333,"execution_duration":38606,"uploading_duration":626,"executable":"ellipsoids-openmp","args":["3.dat","312.log","312.xoutput"],"id":168,"resource":"128","request_start":1576627135024,"request_end":1576627291354,"request_duration":156330,"type":"128"}
{"start":1576627251823,"end":1576627291339,"duration":39516,"downloading_duration":1246,"execution_duration":37560,"uploading_duration":710,"executable":"ellipsoids-openmp","args":["3.dat","324.log","324.xoutput"],"id":180,"resource":"128","request_start":1576627135034,"request_end":1576627291357,"request_duration":156323,"type":"128"}
{"start":1576627252174,"end":1576627291378,"duration":39204,"downloading_duration":1270,"execution_duration":37200,"uploading_duration":734,"executable":"ellipsoids-openmp","args":["3.dat","329.log","329.xoutput"],"id":185,"resource":"128","request_start":1576627135036,"request_end":1576627291397,"request_duration":156361,"type":"128"}
{"start":1576627251322,"end":1576627291471,"duration":40149,"downloading_duration":1663,"execution_duration":37740,"uploading_duration":746,"executable":"ellipsoids-openmp","args":["3.dat","320.log","320.xoutput"],"id":176,"resource":"128","request_start":1576627135031,"request_end":1576627291493,"request_duration":156462,"type":"128"}
{"start":1576627253891,"end":1576627291523,"duration":37632,"downloading_duration":1280,"execution_duration":35660,"uploading_duration":692,"executable":"ellipsoids-openmp","args":["3.dat","343.log","343.xoutput"],"id":199,"resource":"128","request_start":1576627135081,"request_end":1576627291543,"request_duration":156462,"type":"128"}
{"start":1576627252597,"end":1576627291747,"duration":39150,"downloading_duration":1306,"execution_duration":37181,"uploading_duration":663,"executable":"ellipsoids-openmp","args":["3.dat","333.log","333.xoutput"],"id":189,"resource":"128","request_start":1576627135038,"request_end":1576627291768,"request_duration":156730,"type":"128"}
{"start":1576627252101,"end":1576627291775,"duration":39674,"downloading_duration":1246,"execution_duration":37760,"uploading_duration":668,"executable":"ellipsoids-openmp","args":["3.dat","328.log","328.xoutput"],"id":184,"resource":"128","request_start":1576627135036,"request_end":1576627291795,"request_duration":156759,"type":"128"}
{"start":1576627251805,"end":1576627291952,"duration":40147,"downloading_duration":1498,"execution_duration":37961,"uploading_duration":688,"executable":"ellipsoids-openmp","args":["3.dat","323.log","323.xoutput"],"id":179,"resource":"128","request_start":1576627135033,"request_end":1576627291971,"request_duration":156938,"type":"128"}
{"start":1576627287396,"end":1576627292228,"duration":4832,"downloading_duration":4252,"execution_duration":40,"uploading_duration":540,"executable":"mean-pack-ell","args":["10.xoutput","11.xoutput","12.xoutput","13.xoutput","14.xoutput","15.xoutput","16.xoutput","17.xoutput","18.xoutput","19.xoutput","110.xoutput","111.xoutput","112.xoutput","113.xoutput","114.xoutput","115.xoutput","116.xoutput","117.xoutput","118.xoutput","119.xoutput","120.xoutput","121.xoutput","122.xoutput","123.xoutput","124.xoutput","125.xoutput","126.xoutput","127.xoutput","128.xoutput","129.xoutput","130.xoutput","131.xoutput","132.xoutput","133.xoutput","134.xoutput","135.xoutput","136.xoutput","137.xoutput","138.xoutput","139.xoutput","140.xoutput","141.xoutput","142.xoutput","143.xoutput","144.xoutput","145.xoutput","146.xoutput","147.xoutput","148.xoutput","149.xoutput","average_1.txt"],"id":207,"resource":"128","request_start":1576627218657,"request_end":1576627292248,"request_duration":73591,"type":"128"}
{"start":1576627253544,"end":1576627292508,"duration":38964,"downloading_duration":1306,"execution_duration":37001,"uploading_duration":657,"executable":"ellipsoids-openmp","args":["3.dat","340.log","340.xoutput"],"id":196,"resource":"128","request_start":1576627135042,"request_end":1576627292527,"request_duration":157485,"type":"128"}
{"start":1576627252432,"end":1576627292529,"duration":40097,"downloading_duration":1336,"execution_duration":38080,"uploading_duration":681,"executable":"ellipsoids-openmp","args":["3.dat","332.log","332.xoutput"],"id":188,"resource":"128","request_start":1576627135038,"request_end":1576627292548,"request_duration":157510,"type":"128"}
{"start":1576627287295,"end":1576627292627,"duration":5332,"downloading_duration":4745,"execution_duration":21,"uploading_duration":566,"executable":"mean-pack-ell","args":["00.xoutput","01.xoutput","02.xoutput","03.xoutput","04.xoutput","05.xoutput","06.xoutput","07.xoutput","08.xoutput","09.xoutput","010.xoutput","011.xoutput","012.xoutput","013.xoutput","014.xoutput","015.xoutput","016.xoutput","017.xoutput","018.xoutput","019.xoutput","020.xoutput","021.xoutput","022.xoutput","023.xoutput","024.xoutput","025.xoutput","026.xoutput","027.xoutput","028.xoutput","029.xoutput","030.xoutput","031.xoutput","032.xoutput","033.xoutput","034.xoutput","035.xoutput","036.xoutput","037.xoutput","038.xoutput","039.xoutput","040.xoutput","041.xoutput","042.xoutput","043.xoutput","044.xoutput","045.xoutput","046.xoutput","047.xoutput","048.xoutput","049.xoutput","average_0.txt"],"id":206,"resource":"128","request_start":1576627179804,"request_end":1576627292648,"request_duration":112844,"type":"128"}
{"start":1576627287836,"end":1576627292838,"duration":5002,"downloading_duration":4404,"execution_duration":40,"uploading_duration":558,"executable":"mean-pack-ell","args":["20.xoutput","21.xoutput","22.xoutput","23.xoutput","24.xoutput","25.xoutput","26.xoutput","27.xoutput","28.xoutput","29.xoutput","210.xoutput","211.xoutput","212.xoutput","213.xoutput","214.xoutput","215.xoutput","216.xoutput","217.xoutput","218.xoutput","219.xoutput","220.xoutput","221.xoutput","222.xoutput","223.xoutput","224.xoutput","225.xoutput","226.xoutput","227.xoutput","228.xoutput","229.xoutput","230.xoutput","231.xoutput","232.xoutput","233.xoutput","234.xoutput","235.xoutput","236.xoutput","237.xoutput","238.xoutput","239.xoutput","240.xoutput","241.xoutput","242.xoutput","243.xoutput","244.xoutput","245.xoutput","246.xoutput","247.xoutput","248.xoutput","249.xoutput","average_2.txt"],"id":208,"resource":"128","request_start":1576627259998,"request_end":1576627292859,"request_duration":32861,"type":"128"}
{"start":1576627254810,"end":1576627292947,"duration":38137,"downloading_duration":1243,"execution_duration":36181,"uploading_duration":713,"executable":"ellipsoids-openmp","args":["3.dat","347.log","347.xoutput"],"id":203,"resource":"128","request_start":1576627135088,"request_end":1576627293068,"request_duration":157980,"type":"128"}
{"start":1576627250165,"end":1576627293144,"duration":42979,"downloading_duration":2839,"execution_duration":39382,"uploading_duration":758,"executable":"ellipsoids-openmp","args":["3.dat","35.log","35.xoutput"],"id":161,"resource":"128","request_start":1576627135021,"request_end":1576627293166,"request_duration":158145,"type":"128"}
{"start":1576627255478,"end":1576627294850,"duration":39372,"downloading_duration":1605,"execution_duration":37080,"uploading_duration":687,"executable":"ellipsoids-openmp","args":["3.dat","348.log","348.xoutput"],"id":204,"resource":"128","request_start":1576627135090,"request_end":1576627294870,"request_duration":159780,"type":"128"}
{"start":1576627260015,"end":1576627299724,"duration":39709,"downloading_duration":1546,"execution_duration":37520,"uploading_duration":643,"executable":"ellipsoids-openmp","args":["3.dat","349.log","349.xoutput"],"id":205,"resource":"128","request_start":1576627135092,"request_end":1576627299744,"request_duration":164652,"type":"128"}
{"start":1576627299992,"end":1576627305004,"duration":5012,"downloading_duration":4449,"execution_duration":60,"uploading_duration":503,"executable":"mean-pack-ell","args":["30.xoutput","31.xoutput","32.xoutput","33.xoutput","34.xoutput","35.xoutput","36.xoutput","37.xoutput","38.xoutput","39.xoutput","310.xoutput","311.xoutput","312.xoutput","313.xoutput","314.xoutput","315.xoutput","316.xoutput","317.xoutput","318.xoutput","319.xoutput","320.xoutput","321.xoutput","322.xoutput","323.xoutput","324.xoutput","325.xoutput","326.xoutput","327.xoutput","328.xoutput","329.xoutput","330.xoutput","331.xoutput","332.xoutput","333.xoutput","334.xoutput","335.xoutput","336.xoutput","337.xoutput","338.xoutput","339.xoutput","340.xoutput","341.xoutput","342.xoutput","343.xoutput","344.xoutput","345.xoutput","346.xoutput","347.xoutput","348.xoutput","349.xoutput","average_3.txt"],"id":209,"resource":"128","request_start":1576627299758,"request_end":1576627305024,"request_duration":5266,"type":"128"}
{"start":1576627305183,"end":1576627307384,"duration":2201,"downloading_duration":638,"execution_duration":1041,"uploading_duration":522,"executable":"summary.js","args":[],"id":210,"resource":"128","request_start":1576627305025,"request_end":1576627307405,"request_duration":2380,"type":"128"}
