{"start":1576626597860,"end":1576626601393,"duration":3533,"downloading_duration":1860,"execution_duration":1181,"uploading_duration":492,"executable":"generateData.js","args":[],"id":1,"resource":"128","request_start":1576626597071,"request_end":1576626601432,"request_duration":4361,"type":"128"}
{"start":1576626601625,"end":1576626603586,"duration":1961,"downloading_duration":474,"execution_duration":1002,"uploading_duration":485,"executable":"createDat.js","args":["0.dat"],"id":2,"resource":"128","request_start":1576626601447,"request_end":1576626603647,"request_duration":2200,"type":"128"}
{"start":1576626602148,"end":1576626605721,"duration":3573,"downloading_duration":1799,"execution_duration":1142,"uploading_duration":632,"executable":"createDat.js","args":["1.dat"],"id":3,"resource":"128","request_start":1576626601452,"request_end":1576626605749,"request_duration":4297,"type":"128"}
{"start":1576626602192,"end":1576626605751,"duration":3559,"downloading_duration":1821,"execution_duration":1220,"uploading_duration":518,"executable":"createDat.js","args":["2.dat"],"id":4,"resource":"128","request_start":1576626601456,"request_end":1576626605795,"request_duration":4339,"type":"128"}
{"start":1576626602220,"end":1576626605761,"duration":3541,"downloading_duration":1820,"execution_duration":1201,"uploading_duration":520,"executable":"createDat.js","args":["3.dat"],"id":5,"resource":"128","request_start":1576626601459,"request_end":1576626605883,"request_duration":4424,"type":"128"}
{"start":1576626603978,"end":1576626643964,"duration":39986,"downloading_duration":1502,"execution_duration":37761,"uploading_duration":723,"executable":"ellipsoids-openmp","args":["0.dat","04.log","04.xoutput"],"id":10,"resource":"128","request_start":1576626603659,"request_end":1576626643988,"request_duration":40329,"type":"128"}
{"start":1576626604596,"end":1576626644619,"duration":40023,"downloading_duration":3140,"execution_duration":36021,"uploading_duration":862,"executable":"ellipsoids-openmp","args":["0.dat","037.log","037.xoutput"],"id":43,"resource":"128","request_start":1576626603692,"request_end":1576626644657,"request_duration":40965,"type":"128"}
{"start":1576626604605,"end":1576626644774,"duration":40169,"downloading_duration":2720,"execution_duration":36642,"uploading_duration":807,"executable":"ellipsoids-openmp","args":["0.dat","022.log","022.xoutput"],"id":28,"resource":"128","request_start":1576626603679,"request_end":1576626644805,"request_duration":41126,"type":"128"}
{"start":1576626604489,"end":1576626645546,"duration":41057,"downloading_duration":3119,"execution_duration":37142,"uploading_duration":796,"executable":"ellipsoids-openmp","args":["0.dat","08.log","08.xoutput"],"id":14,"resource":"128","request_start":1576626603663,"request_end":1576626645568,"request_duration":41905,"type":"128"}
{"start":1576626604543,"end":1576626645554,"duration":41011,"downloading_duration":2740,"execution_duration":37481,"uploading_duration":790,"executable":"ellipsoids-openmp","args":["0.dat","018.log","018.xoutput"],"id":24,"resource":"128","request_start":1576626603676,"request_end":1576626645587,"request_duration":41911,"type":"128"}
{"start":1576626605830,"end":1576626645636,"duration":39806,"downloading_duration":1730,"execution_duration":37421,"uploading_duration":655,"executable":"ellipsoids-openmp","args":["0.dat","02.log","02.xoutput"],"id":8,"resource":"128","request_start":1576626603706,"request_end":1576626645657,"request_duration":41951,"type":"128"}
{"start":1576626604583,"end":1576626645642,"duration":41059,"downloading_duration":3019,"execution_duration":37262,"uploading_duration":778,"executable":"ellipsoids-openmp","args":["0.dat","033.log","033.xoutput"],"id":39,"resource":"128","request_start":1576626603689,"request_end":1576626645667,"request_duration":41978,"type":"128"}
{"start":1576626604537,"end":1576626645731,"duration":41194,"downloading_duration":2780,"execution_duration":37661,"uploading_duration":753,"executable":"ellipsoids-openmp","args":["0.dat","021.log","021.xoutput"],"id":27,"resource":"128","request_start":1576626603678,"request_end":1576626645752,"request_duration":42074,"type":"128"}
{"start":1576626604512,"end":1576626645734,"duration":41222,"downloading_duration":3080,"execution_duration":37381,"uploading_duration":761,"executable":"ellipsoids-openmp","args":["0.dat","05.log","05.xoutput"],"id":11,"resource":"128","request_start":1576626603660,"request_end":1576626645757,"request_duration":42097,"type":"128"}
{"start":1576626605791,"end":1576626645864,"duration":40073,"downloading_duration":1441,"execution_duration":37920,"uploading_duration":712,"executable":"ellipsoids-openmp","args":["0.dat","01.log","01.xoutput"],"id":7,"resource":"128","request_start":1576626603705,"request_end":1576626645886,"request_duration":42181,"type":"128"}
{"start":1576626604536,"end":1576626645922,"duration":41386,"downloading_duration":2740,"execution_duration":37901,"uploading_duration":745,"executable":"ellipsoids-openmp","args":["0.dat","025.log","025.xoutput"],"id":31,"resource":"128","request_start":1576626603682,"request_end":1576626645941,"request_duration":42259,"type":"128"}
{"start":1576626604576,"end":1576626645950,"duration":41374,"downloading_duration":2760,"execution_duration":37841,"uploading_duration":773,"executable":"ellipsoids-openmp","args":["0.dat","028.log","028.xoutput"],"id":34,"resource":"128","request_start":1576626603685,"request_end":1576626645971,"request_duration":42286,"type":"128"}
{"start":1576626604609,"end":1576626646060,"duration":41451,"downloading_duration":3060,"execution_duration":37641,"uploading_duration":750,"executable":"ellipsoids-openmp","args":["0.dat","039.log","039.xoutput"],"id":45,"resource":"128","request_start":1576626603695,"request_end":1576626646090,"request_duration":42395,"type":"128"}
{"start":1576626604510,"end":1576626646079,"duration":41569,"downloading_duration":2779,"execution_duration":38041,"uploading_duration":749,"executable":"ellipsoids-openmp","args":["0.dat","010.log","010.xoutput"],"id":16,"resource":"128","request_start":1576626603665,"request_end":1576626646107,"request_duration":42442,"type":"128"}
{"start":1576626604505,"end":1576626646117,"duration":41612,"downloading_duration":2779,"execution_duration":38062,"uploading_duration":771,"executable":"ellipsoids-openmp","args":["0.dat","07.log","07.xoutput"],"id":13,"resource":"128","request_start":1576626603662,"request_end":1576626646147,"request_duration":42485,"type":"128"}
{"start":1576626604642,"end":1576626646141,"duration":41499,"downloading_duration":2779,"execution_duration":37982,"uploading_duration":738,"executable":"ellipsoids-openmp","args":["0.dat","048.log","048.xoutput"],"id":54,"resource":"128","request_start":1576626603703,"request_end":1576626646166,"request_duration":42463,"type":"128"}
{"start":1576626604546,"end":1576626646168,"duration":41622,"downloading_duration":3020,"execution_duration":37681,"uploading_duration":921,"executable":"ellipsoids-openmp","args":["0.dat","023.log","023.xoutput"],"id":29,"resource":"128","request_start":1576626603680,"request_end":1576626646189,"request_duration":42509,"type":"128"}
{"start":1576626604602,"end":1576626646241,"duration":41639,"downloading_duration":2779,"execution_duration":38082,"uploading_duration":778,"executable":"ellipsoids-openmp","args":["0.dat","017.log","017.xoutput"],"id":23,"resource":"128","request_start":1576626603675,"request_end":1576626646265,"request_duration":42590,"type":"128"}
{"start":1576626604491,"end":1576626646297,"duration":41806,"downloading_duration":2860,"execution_duration":38141,"uploading_duration":805,"executable":"ellipsoids-openmp","args":["0.dat","09.log","09.xoutput"],"id":15,"resource":"128","request_start":1576626603664,"request_end":1576626646328,"request_duration":42664,"type":"128"}
{"start":1576626604579,"end":1576626646301,"duration":41722,"downloading_duration":3140,"execution_duration":37601,"uploading_duration":981,"executable":"ellipsoids-openmp","args":["0.dat","049.log","049.xoutput"],"id":55,"resource":"128","request_start":1576626603704,"request_end":1576626646338,"request_duration":42634,"type":"128"}
{"start":1576626604463,"end":1576626646431,"duration":41968,"downloading_duration":2818,"execution_duration":38341,"uploading_duration":809,"executable":"ellipsoids-openmp","args":["0.dat","06.log","06.xoutput"],"id":12,"resource":"128","request_start":1576626603661,"request_end":1576626646459,"request_duration":42798,"type":"128"}
{"start":1576626604471,"end":1576626646465,"duration":41994,"downloading_duration":2899,"execution_duration":38301,"uploading_duration":794,"executable":"ellipsoids-openmp","args":["0.dat","015.log","015.xoutput"],"id":21,"resource":"128","request_start":1576626603670,"request_end":1576626646489,"request_duration":42819,"type":"128"}
{"start":1576626604575,"end":1576626646491,"duration":41916,"downloading_duration":2719,"execution_duration":38461,"uploading_duration":736,"executable":"ellipsoids-openmp","args":["0.dat","034.log","034.xoutput"],"id":40,"resource":"128","request_start":1576626603690,"request_end":1576626646512,"request_duration":42822,"type":"128"}
{"start":1576626604533,"end":1576626646561,"duration":42028,"downloading_duration":3033,"execution_duration":38241,"uploading_duration":754,"executable":"ellipsoids-openmp","args":["0.dat","046.log","046.xoutput"],"id":52,"resource":"128","request_start":1576626603701,"request_end":1576626646588,"request_duration":42887,"type":"128"}
{"start":1576626604570,"end":1576626646565,"duration":41995,"downloading_duration":3040,"execution_duration":37921,"uploading_duration":1034,"executable":"ellipsoids-openmp","args":["0.dat","040.log","040.xoutput"],"id":46,"resource":"128","request_start":1576626603696,"request_end":1576626646590,"request_duration":42894,"type":"128"}
{"start":1576626604648,"end":1576626646620,"duration":41972,"downloading_duration":2779,"execution_duration":38461,"uploading_duration":732,"executable":"ellipsoids-openmp","args":["0.dat","036.log","036.xoutput"],"id":42,"resource":"128","request_start":1576626603691,"request_end":1576626646647,"request_duration":42956,"type":"128"}
{"start":1576626604548,"end":1576626646665,"duration":42117,"downloading_duration":3040,"execution_duration":38301,"uploading_duration":776,"executable":"ellipsoids-openmp","args":["0.dat","019.log","019.xoutput"],"id":25,"resource":"128","request_start":1576626603676,"request_end":1576626646686,"request_duration":43010,"type":"128"}
{"start":1576626604585,"end":1576626646706,"duration":42121,"downloading_duration":2983,"execution_duration":38078,"uploading_duration":1060,"executable":"ellipsoids-openmp","args":["0.dat","032.log","032.xoutput"],"id":38,"resource":"128","request_start":1576626603688,"request_end":1576626646744,"request_duration":43056,"type":"128"}
{"start":1576626604476,"end":1576626646767,"duration":42291,"downloading_duration":3120,"execution_duration":38101,"uploading_duration":1070,"executable":"ellipsoids-openmp","args":["0.dat","011.log","011.xoutput"],"id":17,"resource":"128","request_start":1576626603666,"request_end":1576626646794,"request_duration":43128,"type":"128"}
{"start":1576626604570,"end":1576626646785,"duration":42215,"downloading_duration":3059,"execution_duration":38382,"uploading_duration":774,"executable":"ellipsoids-openmp","args":["0.dat","024.log","024.xoutput"],"id":30,"resource":"128","request_start":1576626603681,"request_end":1576626646809,"request_duration":43128,"type":"128"}
{"start":1576626604537,"end":1576626646823,"duration":42286,"downloading_duration":3060,"execution_duration":38382,"uploading_duration":844,"executable":"ellipsoids-openmp","args":["0.dat","035.log","035.xoutput"],"id":41,"resource":"128","request_start":1576626603691,"request_end":1576626646859,"request_duration":43168,"type":"128"}
{"start":1576626604537,"end":1576626646863,"duration":42326,"downloading_duration":3200,"execution_duration":38361,"uploading_duration":765,"executable":"ellipsoids-openmp","args":["0.dat","014.log","014.xoutput"],"id":20,"resource":"128","request_start":1576626603669,"request_end":1576626646905,"request_duration":43236,"type":"128"}
{"start":1576626604628,"end":1576626646866,"duration":42238,"downloading_duration":2840,"execution_duration":38621,"uploading_duration":777,"executable":"ellipsoids-openmp","args":["0.dat","043.log","043.xoutput"],"id":49,"resource":"128","request_start":1576626603699,"request_end":1576626646909,"request_duration":43210,"type":"128"}
{"start":1576626604489,"end":1576626647261,"duration":42772,"downloading_duration":3299,"execution_duration":38681,"uploading_duration":792,"executable":"ellipsoids-openmp","args":["0.dat","012.log","012.xoutput"],"id":18,"resource":"128","request_start":1576626603667,"request_end":1576626647297,"request_duration":43630,"type":"128"}
{"start":1576626604585,"end":1576626647317,"duration":42732,"downloading_duration":3080,"execution_duration":38861,"uploading_duration":791,"executable":"ellipsoids-openmp","args":["0.dat","026.log","026.xoutput"],"id":32,"resource":"128","request_start":1576626603683,"request_end":1576626647354,"request_duration":43671,"type":"128"}
{"start":1576626604628,"end":1576626647317,"duration":42689,"downloading_duration":3045,"execution_duration":38861,"uploading_duration":783,"executable":"ellipsoids-openmp","args":["0.dat","00.log","00.xoutput"],"id":6,"resource":"128","request_start":1576626603705,"request_end":1576626647356,"request_duration":43651,"type":"128"}
{"start":1576626604559,"end":1576626647363,"duration":42804,"downloading_duration":2820,"execution_duration":39221,"uploading_duration":763,"executable":"ellipsoids-openmp","args":["0.dat","027.log","027.xoutput"],"id":33,"resource":"128","request_start":1576626603684,"request_end":1576626647383,"request_duration":43699,"type":"128"}
{"start":1576626604566,"end":1576626647370,"duration":42804,"downloading_duration":2739,"execution_duration":39322,"uploading_duration":743,"executable":"ellipsoids-openmp","args":["0.dat","016.log","016.xoutput"],"id":22,"resource":"128","request_start":1576626603673,"request_end":1576626647407,"request_duration":43734,"type":"128"}
{"start":1576626604544,"end":1576626647448,"duration":42904,"downloading_duration":3157,"execution_duration":38863,"uploading_duration":884,"executable":"ellipsoids-openmp","args":["0.dat","030.log","030.xoutput"],"id":36,"resource":"128","request_start":1576626603686,"request_end":1576626647515,"request_duration":43829,"type":"128"}
{"start":1576626604611,"end":1576626647508,"duration":42897,"downloading_duration":2799,"execution_duration":39361,"uploading_duration":737,"executable":"ellipsoids-openmp","args":["0.dat","047.log","047.xoutput"],"id":53,"resource":"128","request_start":1576626603702,"request_end":1576626647528,"request_duration":43826,"type":"128"}
{"start":1576626605913,"end":1576626647511,"duration":41598,"downloading_duration":1354,"execution_duration":39521,"uploading_duration":723,"executable":"ellipsoids-openmp","args":["0.dat","03.log","03.xoutput"],"id":9,"resource":"128","request_start":1576626603706,"request_end":1576626647531,"request_duration":43825,"type":"128"}
{"start":1576626604545,"end":1576626647588,"duration":43043,"downloading_duration":3039,"execution_duration":39242,"uploading_duration":762,"executable":"ellipsoids-openmp","args":["0.dat","013.log","013.xoutput"],"id":19,"resource":"128","request_start":1576626603668,"request_end":1576626647626,"request_duration":43958,"type":"128"}
{"start":1576626604607,"end":1576626647714,"duration":43107,"downloading_duration":3000,"execution_duration":39341,"uploading_duration":766,"executable":"ellipsoids-openmp","args":["0.dat","042.log","042.xoutput"],"id":48,"resource":"128","request_start":1576626603698,"request_end":1576626647746,"request_duration":44048,"type":"128"}
{"start":1576626604580,"end":1576626647731,"duration":43151,"downloading_duration":3199,"execution_duration":39202,"uploading_duration":750,"executable":"ellipsoids-openmp","args":["0.dat","020.log","020.xoutput"],"id":26,"resource":"128","request_start":1576626603677,"request_end":1576626647759,"request_duration":44082,"type":"128"}
{"start":1576626604581,"end":1576626647785,"duration":43204,"downloading_duration":3119,"execution_duration":39261,"uploading_duration":824,"executable":"ellipsoids-openmp","args":["0.dat","041.log","041.xoutput"],"id":47,"resource":"128","request_start":1576626603697,"request_end":1576626647821,"request_duration":44124,"type":"128"}
{"start":1576626604610,"end":1576626647792,"duration":43182,"downloading_duration":2779,"execution_duration":39562,"uploading_duration":841,"executable":"ellipsoids-openmp","args":["0.dat","045.log","045.xoutput"],"id":51,"resource":"128","request_start":1576626603700,"request_end":1576626647831,"request_duration":44131,"type":"128"}
{"start":1576626604580,"end":1576626647838,"duration":43258,"downloading_duration":3019,"execution_duration":39541,"uploading_duration":698,"executable":"ellipsoids-openmp","args":["0.dat","031.log","031.xoutput"],"id":37,"resource":"128","request_start":1576626603687,"request_end":1576626647859,"request_duration":44172,"type":"128"}
{"start":1576626604569,"end":1576626648089,"duration":43520,"downloading_duration":3140,"execution_duration":39561,"uploading_duration":819,"executable":"ellipsoids-openmp","args":["0.dat","038.log","038.xoutput"],"id":44,"resource":"128","request_start":1576626603693,"request_end":1576626648131,"request_duration":44438,"type":"128"}
{"start":1576626604577,"end":1576626648197,"duration":43620,"downloading_duration":3120,"execution_duration":39762,"uploading_duration":738,"executable":"ellipsoids-openmp","args":["0.dat","044.log","044.xoutput"],"id":50,"resource":"128","request_start":1576626603699,"request_end":1576626648219,"request_duration":44520,"type":"128"}
{"start":1576626604568,"end":1576626649351,"duration":44783,"downloading_duration":3279,"execution_duration":40721,"uploading_duration":783,"executable":"ellipsoids-openmp","args":["0.dat","029.log","029.xoutput"],"id":35,"resource":"128","request_start":1576626603686,"request_end":1576626649436,"request_duration":45750,"type":"128"}
{"start":1576626644017,"end":1576626681474,"duration":37457,"downloading_duration":1383,"execution_duration":35361,"uploading_duration":713,"executable":"ellipsoids-openmp","args":["1.dat","144.log","144.xoutput"],"id":100,"resource":"128","request_start":1576626605797,"request_end":1576626681601,"request_duration":75804,"type":"128"}
{"start":1576626645792,"end":1576626683192,"duration":37400,"downloading_duration":1605,"execution_duration":35061,"uploading_duration":734,"executable":"ellipsoids-openmp","args":["1.dat","12.log","12.xoutput"],"id":58,"resource":"128","request_start":1576626605804,"request_end":1576626683212,"request_duration":77408,"type":"128"}
{"start":1576626645783,"end":1576626683343,"duration":37560,"downloading_duration":1269,"execution_duration":35521,"uploading_duration":770,"executable":"ellipsoids-openmp","args":["1.dat","11.log","11.xoutput"],"id":57,"resource":"128","request_start":1576626605803,"request_end":1576626683365,"request_duration":77562,"type":"128"}
{"start":1576626646820,"end":1576626683386,"duration":36566,"downloading_duration":1430,"execution_duration":34300,"uploading_duration":836,"executable":"ellipsoids-openmp","args":["1.dat","122.log","122.xoutput"],"id":78,"resource":"128","request_start":1576626605819,"request_end":1576626683408,"request_duration":77589,"type":"128"}
{"start":1576626646618,"end":1576626683456,"duration":36838,"downloading_duration":1352,"execution_duration":34741,"uploading_duration":745,"executable":"ellipsoids-openmp","args":["1.dat","117.log","117.xoutput"],"id":73,"resource":"128","request_start":1576626605816,"request_end":1576626683484,"request_duration":77668,"type":"128"}
{"start":1576626646545,"end":1576626683645,"duration":37100,"downloading_duration":1636,"execution_duration":34720,"uploading_duration":744,"executable":"ellipsoids-openmp","args":["1.dat","116.log","116.xoutput"],"id":72,"resource":"128","request_start":1576626605815,"request_end":1576626683667,"request_duration":77852,"type":"128"}
{"start":1576626645686,"end":1576626683666,"duration":37980,"downloading_duration":1777,"execution_duration":35460,"uploading_duration":743,"executable":"ellipsoids-openmp","args":["1.dat","149.log","149.xoutput"],"id":105,"resource":"128","request_start":1576626605802,"request_end":1576626683685,"request_duration":77883,"type":"128"}
{"start":1576626645627,"end":1576626683726,"duration":38099,"downloading_duration":1741,"execution_duration":35600,"uploading_duration":758,"executable":"ellipsoids-openmp","args":["1.dat","148.log","148.xoutput"],"id":104,"resource":"128","request_start":1576626605801,"request_end":1576626683746,"request_duration":77945,"type":"128"}
{"start":1576626646836,"end":1576626683836,"duration":37000,"downloading_duration":1599,"execution_duration":34621,"uploading_duration":780,"executable":"ellipsoids-openmp","args":["1.dat","123.log","123.xoutput"],"id":79,"resource":"128","request_start":1576626605819,"request_end":1576626683857,"request_duration":78038,"type":"128"}
{"start":1576626644686,"end":1576626683939,"duration":39253,"downloading_duration":1409,"execution_duration":37081,"uploading_duration":763,"executable":"ellipsoids-openmp","args":["1.dat","145.log","145.xoutput"],"id":101,"resource":"128","request_start":1576626605798,"request_end":1576626683961,"request_duration":78163,"type":"128"}
{"start":1576626646627,"end":1576626683965,"duration":37338,"downloading_duration":1719,"execution_duration":34881,"uploading_duration":738,"executable":"ellipsoids-openmp","args":["1.dat","118.log","118.xoutput"],"id":74,"resource":"128","request_start":1576626605816,"request_end":1576626683986,"request_duration":78170,"type":"128"}
{"start":1576626646677,"end":1576626684066,"duration":37389,"downloading_duration":1371,"execution_duration":35301,"uploading_duration":717,"executable":"ellipsoids-openmp","args":["1.dat","119.log","119.xoutput"],"id":75,"resource":"128","request_start":1576626605817,"request_end":1576626684091,"request_duration":78274,"type":"128"}
{"start":1576626644835,"end":1576626684109,"duration":39274,"downloading_duration":1270,"execution_duration":37260,"uploading_duration":744,"executable":"ellipsoids-openmp","args":["1.dat","146.log","146.xoutput"],"id":102,"resource":"128","request_start":1576626605799,"request_end":1576626684129,"request_duration":78330,"type":"128"}
{"start":1576626645914,"end":1576626684137,"duration":38223,"downloading_duration":1297,"execution_duration":36101,"uploading_duration":825,"executable":"ellipsoids-openmp","args":["1.dat","13.log","13.xoutput"],"id":59,"resource":"128","request_start":1576626605805,"request_end":1576626684158,"request_duration":78353,"type":"128"}
{"start":1576626646198,"end":1576626684143,"duration":37945,"downloading_duration":1584,"execution_duration":35580,"uploading_duration":781,"executable":"ellipsoids-openmp","args":["1.dat","19.log","19.xoutput"],"id":65,"resource":"128","request_start":1576626605810,"request_end":1576626684164,"request_duration":78354,"type":"128"}
{"start":1576626646220,"end":1576626684189,"duration":37969,"downloading_duration":1349,"execution_duration":35880,"uploading_duration":740,"executable":"ellipsoids-openmp","args":["1.dat","110.log","110.xoutput"],"id":66,"resource":"128","request_start":1576626605811,"request_end":1576626684209,"request_duration":78398,"type":"128"}
{"start":1576626646883,"end":1576626684314,"duration":37431,"downloading_duration":1494,"execution_duration":35220,"uploading_duration":717,"executable":"ellipsoids-openmp","args":["1.dat","124.log","124.xoutput"],"id":80,"resource":"128","request_start":1576626605820,"request_end":1576626684337,"request_duration":78517,"type":"128"}
{"start":1576626647860,"end":1576626684321,"duration":36461,"downloading_duration":1450,"execution_duration":34241,"uploading_duration":770,"executable":"ellipsoids-openmp","args":["1.dat","139.log","139.xoutput"],"id":95,"resource":"128","request_start":1576626605831,"request_end":1576626684342,"request_duration":78511,"type":"128"}
{"start":1576626645698,"end":1576626684332,"duration":38634,"downloading_duration":1802,"execution_duration":36140,"uploading_duration":692,"executable":"ellipsoids-openmp","args":["1.dat","10.log","10.xoutput"],"id":56,"resource":"128","request_start":1576626605803,"request_end":1576626684351,"request_duration":78548,"type":"128"}
{"start":1576626646120,"end":1576626684370,"duration":38250,"downloading_duration":1729,"execution_duration":35780,"uploading_duration":741,"executable":"ellipsoids-openmp","args":["1.dat","16.log","16.xoutput"],"id":62,"resource":"128","request_start":1576626605807,"request_end":1576626684389,"request_duration":78582,"type":"128"}
{"start":1576626646768,"end":1576626684371,"duration":37603,"downloading_duration":1477,"execution_duration":35381,"uploading_duration":745,"executable":"ellipsoids-openmp","args":["1.dat","121.log","121.xoutput"],"id":77,"resource":"128","request_start":1576626605818,"request_end":1576626684395,"request_duration":78577,"type":"128"}
{"start":1576626646519,"end":1576626684375,"duration":37856,"downloading_duration":1575,"execution_duration":35561,"uploading_duration":720,"executable":"ellipsoids-openmp","args":["1.dat","115.log","115.xoutput"],"id":71,"resource":"128","request_start":1576626605814,"request_end":1576626684397,"request_duration":78583,"type":"128"}
{"start":1576626646145,"end":1576626684446,"duration":38301,"downloading_duration":1379,"execution_duration":36181,"uploading_duration":741,"executable":"ellipsoids-openmp","args":["1.dat","17.log","17.xoutput"],"id":63,"resource":"128","request_start":1576626605809,"request_end":1576626684466,"request_duration":78657,"type":"128"}
{"start":1576626647385,"end":1576626684469,"duration":37084,"downloading_duration":1408,"execution_duration":34983,"uploading_duration":693,"executable":"ellipsoids-openmp","args":["1.dat","129.log","129.xoutput"],"id":85,"resource":"128","request_start":1576626605825,"request_end":1576626684489,"request_duration":78664,"type":"128"}
{"start":1576626648160,"end":1576626684583,"duration":36423,"downloading_duration":1409,"execution_duration":34281,"uploading_duration":733,"executable":"ellipsoids-openmp","args":["1.dat","141.log","141.xoutput"],"id":97,"resource":"128","request_start":1576626605832,"request_end":1576626684602,"request_duration":78770,"type":"128"}
{"start":1576626645598,"end":1576626684583,"duration":38985,"downloading_duration":1305,"execution_duration":36981,"uploading_duration":699,"executable":"ellipsoids-openmp","args":["1.dat","147.log","147.xoutput"],"id":103,"resource":"128","request_start":1576626605800,"request_end":1576626684607,"request_duration":78807,"type":"128"}
{"start":1576626646371,"end":1576626684610,"duration":38239,"downloading_duration":1380,"execution_duration":36141,"uploading_duration":718,"executable":"ellipsoids-openmp","args":["1.dat","113.log","113.xoutput"],"id":69,"resource":"128","request_start":1576626605813,"request_end":1576626684629,"request_duration":78816,"type":"128"}
{"start":1576626645966,"end":1576626684658,"duration":38692,"downloading_duration":1310,"execution_duration":36601,"uploading_duration":781,"executable":"ellipsoids-openmp","args":["1.dat","14.log","14.xoutput"],"id":60,"resource":"128","request_start":1576626605806,"request_end":1576626684677,"request_duration":78871,"type":"128"}
{"start":1576626646293,"end":1576626684665,"duration":38372,"downloading_duration":1589,"execution_duration":36040,"uploading_duration":743,"executable":"ellipsoids-openmp","args":["1.dat","111.log","111.xoutput"],"id":67,"resource":"128","request_start":1576626605812,"request_end":1576626684687,"request_duration":78875,"type":"128"}
{"start":1576626646944,"end":1576626684689,"duration":37745,"downloading_duration":1293,"execution_duration":35680,"uploading_duration":772,"executable":"ellipsoids-openmp","args":["1.dat","126.log","126.xoutput"],"id":82,"resource":"128","request_start":1576626605822,"request_end":1576626684714,"request_duration":78892,"type":"128"}
{"start":1576626647328,"end":1576626684736,"duration":37408,"downloading_duration":1340,"execution_duration":35320,"uploading_duration":748,"executable":"ellipsoids-openmp","args":["1.dat","127.log","127.xoutput"],"id":83,"resource":"128","request_start":1576626605823,"request_end":1576626684795,"request_duration":78972,"type":"128"}
{"start":1576626647787,"end":1576626684786,"duration":36999,"downloading_duration":1440,"execution_duration":34741,"uploading_duration":818,"executable":"ellipsoids-openmp","args":["1.dat","137.log","137.xoutput"],"id":93,"resource":"128","request_start":1576626605830,"request_end":1576626684807,"request_duration":78977,"type":"128"}
{"start":1576626646715,"end":1576626684817,"duration":38102,"downloading_duration":1312,"execution_duration":36060,"uploading_duration":730,"executable":"ellipsoids-openmp","args":["1.dat","120.log","120.xoutput"],"id":76,"resource":"128","request_start":1576626605817,"request_end":1576626684841,"request_duration":79024,"type":"128"}
{"start":1576626646363,"end":1576626684942,"duration":38579,"downloading_duration":1776,"execution_duration":36061,"uploading_duration":742,"executable":"ellipsoids-openmp","args":["1.dat","112.log","112.xoutput"],"id":68,"resource":"128","request_start":1576626605812,"request_end":1576626684962,"request_duration":79150,"type":"128"}
{"start":1576626646186,"end":1576626684977,"duration":38791,"downloading_duration":1360,"execution_duration":36620,"uploading_duration":811,"executable":"ellipsoids-openmp","args":["1.dat","18.log","18.xoutput"],"id":64,"resource":"128","request_start":1576626605809,"request_end":1576626685009,"request_duration":79200,"type":"128"}
{"start":1576626646934,"end":1576626684989,"duration":38055,"downloading_duration":1613,"execution_duration":35701,"uploading_duration":741,"executable":"ellipsoids-openmp","args":["1.dat","125.log","125.xoutput"],"id":81,"resource":"128","request_start":1576626605822,"request_end":1576626685012,"request_duration":79190,"type":"128"}
{"start":1576626648260,"end":1576626685116,"duration":36856,"downloading_duration":1317,"execution_duration":34801,"uploading_duration":738,"executable":"ellipsoids-openmp","args":["1.dat","142.log","142.xoutput"],"id":98,"resource":"128","request_start":1576626605833,"request_end":1576626685140,"request_duration":79307,"type":"128"}
{"start":1576626647540,"end":1576626685141,"duration":37601,"downloading_duration":1807,"execution_duration":35041,"uploading_duration":753,"executable":"ellipsoids-openmp","args":["1.dat","132.log","132.xoutput"],"id":88,"resource":"128","request_start":1576626605827,"request_end":1576626685161,"request_duration":79334,"type":"128"}
{"start":1576626647413,"end":1576626685210,"duration":37797,"downloading_duration":1353,"execution_duration":35700,"uploading_duration":744,"executable":"ellipsoids-openmp","args":["1.dat","130.log","130.xoutput"],"id":86,"resource":"128","request_start":1576626605826,"request_end":1576626685229,"request_duration":79403,"type":"128"}
{"start":1576626645995,"end":1576626685222,"duration":39227,"downloading_duration":1641,"execution_duration":36840,"uploading_duration":746,"executable":"ellipsoids-openmp","args":["1.dat","15.log","15.xoutput"],"id":61,"resource":"128","request_start":1576626605807,"request_end":1576626685241,"request_duration":79434,"type":"128"}
{"start":1576626647437,"end":1576626685292,"duration":37855,"downloading_duration":1308,"execution_duration":35800,"uploading_duration":747,"executable":"ellipsoids-openmp","args":["1.dat","131.log","131.xoutput"],"id":87,"resource":"128","request_start":1576626605827,"request_end":1576626685325,"request_duration":79498,"type":"128"}
{"start":1576626647565,"end":1576626685399,"duration":37834,"downloading_duration":1377,"execution_duration":35740,"uploading_duration":717,"executable":"ellipsoids-openmp","args":["1.dat","134.log","134.xoutput"],"id":90,"resource":"128","request_start":1576626605828,"request_end":1576626685420,"request_duration":79592,"type":"128"}
{"start":1576626647557,"end":1576626685441,"duration":37884,"downloading_duration":1873,"execution_duration":35221,"uploading_duration":790,"executable":"ellipsoids-openmp","args":["1.dat","133.log","133.xoutput"],"id":89,"resource":"128","request_start":1576626605828,"request_end":1576626685483,"request_duration":79655,"type":"128"}
{"start":1576626647771,"end":1576626685442,"duration":37671,"downloading_duration":1408,"execution_duration":35542,"uploading_duration":721,"executable":"ellipsoids-openmp","args":["1.dat","136.log","136.xoutput"],"id":92,"resource":"128","request_start":1576626605830,"request_end":1576626685489,"request_duration":79659,"type":"128"}
{"start":1576626647381,"end":1576626685687,"duration":38306,"downloading_duration":1318,"execution_duration":36240,"uploading_duration":748,"executable":"ellipsoids-openmp","args":["1.dat","128.log","128.xoutput"],"id":84,"resource":"128","request_start":1576626605825,"request_end":1576626685705,"request_duration":79880,"type":"128"}
{"start":1576626647655,"end":1576626685761,"duration":38106,"downloading_duration":1409,"execution_duration":35960,"uploading_duration":737,"executable":"ellipsoids-openmp","args":["1.dat","135.log","135.xoutput"],"id":91,"resource":"128","request_start":1576626605829,"request_end":1576626685780,"request_duration":79951,"type":"128"}
{"start":1576626647885,"end":1576626686236,"duration":38351,"downloading_duration":1335,"execution_duration":36300,"uploading_duration":716,"executable":"ellipsoids-openmp","args":["1.dat","140.log","140.xoutput"],"id":96,"resource":"128","request_start":1576626605832,"request_end":1576626686258,"request_duration":80426,"type":"128"}
{"start":1576626647848,"end":1576626686269,"duration":38421,"downloading_duration":1511,"execution_duration":36161,"uploading_duration":749,"executable":"ellipsoids-openmp","args":["1.dat","138.log","138.xoutput"],"id":94,"resource":"128","request_start":1576626605831,"request_end":1576626686289,"request_duration":80458,"type":"128"}
{"start":1576626649465,"end":1576626690374,"duration":40909,"downloading_duration":1402,"execution_duration":38741,"uploading_duration":766,"executable":"ellipsoids-openmp","args":["1.dat","143.log","143.xoutput"],"id":99,"resource":"128","request_start":1576626605834,"request_end":1576626690395,"request_duration":84561,"type":"128"}
{"start":1576626646490,"end":1576626696710,"duration":50220,"downloading_duration":13040,"execution_duration":36420,"uploading_duration":760,"executable":"ellipsoids-openmp","args":["1.dat","114.log","114.xoutput"],"id":70,"resource":"128","request_start":1576626605814,"request_end":1576626696730,"request_duration":90916,"type":"128"}
{"start":1576626683396,"end":1576626721666,"duration":38270,"downloading_duration":1394,"execution_duration":36221,"uploading_duration":655,"executable":"ellipsoids-openmp","args":["2.dat","22.log","22.xoutput"],"id":108,"resource":"128","request_start":1576626605930,"request_end":1576626721685,"request_duration":115755,"type":"128"}
{"start":1576626683436,"end":1576626721968,"duration":38532,"downloading_duration":1336,"execution_duration":36541,"uploading_duration":655,"executable":"ellipsoids-openmp","args":["2.dat","23.log","23.xoutput"],"id":109,"resource":"128","request_start":1576626605931,"request_end":1576626721986,"request_duration":116055,"type":"128"}
{"start":1576626683717,"end":1576626722610,"duration":38893,"downloading_duration":1643,"execution_duration":36481,"uploading_duration":769,"executable":"ellipsoids-openmp","args":["2.dat","26.log","26.xoutput"],"id":112,"resource":"128","request_start":1576626605933,"request_end":1576626722631,"request_duration":116698,"type":"128"}
{"start":1576626683239,"end":1576626722648,"duration":39409,"downloading_duration":1318,"execution_duration":36881,"uploading_duration":1210,"executable":"ellipsoids-openmp","args":["2.dat","21.log","21.xoutput"],"id":107,"resource":"128","request_start":1576626605929,"request_end":1576626722668,"request_duration":116739,"type":"128"}
{"start":1576626684637,"end":1576626723003,"duration":38366,"downloading_duration":1386,"execution_duration":36260,"uploading_duration":720,"executable":"ellipsoids-openmp","args":["2.dat","225.log","225.xoutput"],"id":131,"resource":"128","request_start":1576626605946,"request_end":1576626723022,"request_duration":117076,"type":"128"}
{"start":1576626684189,"end":1576626723265,"duration":39076,"downloading_duration":1882,"execution_duration":36442,"uploading_duration":752,"executable":"ellipsoids-openmp","args":["2.dat","214.log","214.xoutput"],"id":120,"resource":"128","request_start":1576626605939,"request_end":1576626723286,"request_duration":117347,"type":"128"}
{"start":1576626683508,"end":1576626723411,"duration":39903,"downloading_duration":1662,"execution_duration":37560,"uploading_duration":681,"executable":"ellipsoids-openmp","args":["2.dat","24.log","24.xoutput"],"id":110,"resource":"128","request_start":1576626605932,"request_end":1576626723441,"request_duration":117509,"type":"128"}
{"start":1576626684518,"end":1576626723434,"duration":38916,"downloading_duration":1586,"execution_duration":36641,"uploading_duration":689,"executable":"ellipsoids-openmp","args":["2.dat","223.log","223.xoutput"],"id":129,"resource":"128","request_start":1576626605945,"request_end":1576626723571,"request_duration":117626,"type":"128"}
{"start":1576626683988,"end":1576626723467,"duration":39479,"downloading_duration":1598,"execution_duration":37161,"uploading_duration":720,"executable":"ellipsoids-openmp","args":["2.dat","29.log","29.xoutput"],"id":115,"resource":"128","request_start":1576626605935,"request_end":1576626723576,"request_duration":117641,"type":"128"}
{"start":1576626684015,"end":1576626723618,"duration":39603,"downloading_duration":1641,"execution_duration":37180,"uploading_duration":782,"executable":"ellipsoids-openmp","args":["2.dat","210.log","210.xoutput"],"id":116,"resource":"128","request_start":1576626605935,"request_end":1576626723639,"request_duration":117704,"type":"128"}
{"start":1576626684707,"end":1576626723637,"duration":38930,"downloading_duration":1350,"execution_duration":36840,"uploading_duration":740,"executable":"ellipsoids-openmp","args":["2.dat","227.log","227.xoutput"],"id":133,"resource":"128","request_start":1576626605948,"request_end":1576626723661,"request_duration":117713,"type":"128"}
{"start":1576626683699,"end":1576626723741,"duration":40042,"downloading_duration":1704,"execution_duration":37620,"uploading_duration":718,"executable":"ellipsoids-openmp","args":["2.dat","25.log","25.xoutput"],"id":111,"resource":"128","request_start":1576626605932,"request_end":1576626723760,"request_duration":117828,"type":"128"}
{"start":1576626684415,"end":1576626724006,"duration":39591,"downloading_duration":1390,"execution_duration":37521,"uploading_duration":680,"executable":"ellipsoids-openmp","args":["2.dat","219.log","219.xoutput"],"id":125,"resource":"128","request_start":1576626605942,"request_end":1576626724027,"request_duration":118085,"type":"128"}
{"start":1576626685253,"end":1576626724039,"duration":38786,"downloading_duration":1543,"execution_duration":36560,"uploading_duration":683,"executable":"ellipsoids-openmp","args":["2.dat","238.log","238.xoutput"],"id":144,"resource":"128","request_start":1576626605954,"request_end":1576626724059,"request_duration":118105,"type":"128"}
{"start":1576626684993,"end":1576626724146,"duration":39153,"downloading_duration":1313,"execution_duration":37140,"uploading_duration":700,"executable":"ellipsoids-openmp","args":["2.dat","233.log","233.xoutput"],"id":139,"resource":"128","request_start":1576626605951,"request_end":1576626724166,"request_duration":118215,"type":"128"}
{"start":1576626683901,"end":1576626724161,"duration":40260,"downloading_duration":1434,"execution_duration":38100,"uploading_duration":726,"executable":"ellipsoids-openmp","args":["2.dat","28.log","28.xoutput"],"id":114,"resource":"128","request_start":1576626605934,"request_end":1576626724181,"request_duration":118247,"type":"128"}
{"start":1576626684718,"end":1576626724203,"duration":39485,"downloading_duration":1564,"execution_duration":37241,"uploading_duration":680,"executable":"ellipsoids-openmp","args":["2.dat","228.log","228.xoutput"],"id":134,"resource":"128","request_start":1576626605948,"request_end":1576626724221,"request_duration":118273,"type":"128"}
{"start":1576626684125,"end":1576626724260,"duration":40135,"downloading_duration":1380,"execution_duration":38060,"uploading_duration":695,"executable":"ellipsoids-openmp","args":["2.dat","211.log","211.xoutput"],"id":117,"resource":"128","request_start":1576626605936,"request_end":1576626724286,"request_duration":118350,"type":"128"}
{"start":1576626681640,"end":1576626724311,"duration":42671,"downloading_duration":1640,"execution_duration":40321,"uploading_duration":710,"executable":"ellipsoids-openmp","args":["2.dat","20.log","20.xoutput"],"id":106,"resource":"128","request_start":1576626605929,"request_end":1576626724441,"request_duration":118512,"type":"128"}
{"start":1576626684424,"end":1576626724397,"duration":39973,"downloading_duration":1273,"execution_duration":37500,"uploading_duration":1200,"executable":"ellipsoids-openmp","args":["2.dat","220.log","220.xoutput"],"id":126,"resource":"128","request_start":1576626605942,"request_end":1576626724447,"request_duration":118505,"type":"128"}
{"start":1576626684659,"end":1576626724376,"duration":39717,"downloading_duration":1350,"execution_duration":37721,"uploading_duration":646,"executable":"ellipsoids-openmp","args":["2.dat","226.log","226.xoutput"],"id":132,"resource":"128","request_start":1576626605947,"request_end":1576626724454,"request_duration":118507,"type":"128"}
{"start":1576626684190,"end":1576626724423,"duration":40233,"downloading_duration":1698,"execution_duration":37801,"uploading_duration":734,"executable":"ellipsoids-openmp","args":["2.dat","213.log","213.xoutput"],"id":119,"resource":"128","request_start":1576626605938,"request_end":1576626724457,"request_duration":118519,"type":"128"}
{"start":1576626683774,"end":1576626724431,"duration":40657,"downloading_duration":1354,"execution_duration":38580,"uploading_duration":723,"executable":"ellipsoids-openmp","args":["2.dat","27.log","27.xoutput"],"id":113,"resource":"128","request_start":1576626605933,"request_end":1576626724460,"request_duration":118527,"type":"128"}
{"start":1576626684235,"end":1576626724474,"duration":40239,"downloading_duration":1374,"execution_duration":38220,"uploading_duration":645,"executable":"ellipsoids-openmp","args":["2.dat","215.log","215.xoutput"],"id":121,"resource":"128","request_start":1576626605939,"request_end":1576626724512,"request_duration":118573,"type":"128"}
{"start":1576626684843,"end":1576626724600,"duration":39757,"downloading_duration":1344,"execution_duration":37700,"uploading_duration":713,"executable":"ellipsoids-openmp","args":["2.dat","231.log","231.xoutput"],"id":137,"resource":"128","request_start":1576626605950,"request_end":1576626724626,"request_duration":118676,"type":"128"}
{"start":1576626684373,"end":1576626724750,"duration":40377,"downloading_duration":1338,"execution_duration":38320,"uploading_duration":719,"executable":"ellipsoids-openmp","args":["2.dat","217.log","217.xoutput"],"id":123,"resource":"128","request_start":1576626605940,"request_end":1576626724793,"request_duration":118853,"type":"128"}
{"start":1576626684422,"end":1576626724894,"duration":40472,"downloading_duration":1647,"execution_duration":38000,"uploading_duration":825,"executable":"ellipsoids-openmp","args":["2.dat","221.log","221.xoutput"],"id":127,"resource":"128","request_start":1576626605943,"request_end":1576626724919,"request_duration":118976,"type":"128"}
{"start":1576626684506,"end":1576626724902,"duration":40396,"downloading_duration":1327,"execution_duration":38360,"uploading_duration":709,"executable":"ellipsoids-openmp","args":["2.dat","222.log","222.xoutput"],"id":128,"resource":"128","request_start":1576626605944,"request_end":1576626724922,"request_duration":118978,"type":"128"}
{"start":1576626685358,"end":1576626725096,"duration":39738,"downloading_duration":1387,"execution_duration":37660,"uploading_duration":691,"executable":"ellipsoids-openmp","args":["2.dat","240.log","240.xoutput"],"id":146,"resource":"128","request_start":1576626605955,"request_end":1576626725114,"request_duration":119159,"type":"128"}
{"start":1576626684363,"end":1576626725137,"duration":40774,"downloading_duration":1357,"execution_duration":38680,"uploading_duration":737,"executable":"ellipsoids-openmp","args":["2.dat","216.log","216.xoutput"],"id":122,"resource":"128","request_start":1576626605940,"request_end":1576626725157,"request_duration":119217,"type":"128"}
{"start":1576626684872,"end":1576626725256,"duration":40384,"downloading_duration":1345,"execution_duration":38361,"uploading_duration":678,"executable":"ellipsoids-openmp","args":["2.dat","232.log","232.xoutput"],"id":138,"resource":"128","request_start":1576626605951,"request_end":1576626725276,"request_duration":119325,"type":"128"}
{"start":1576626685170,"end":1576626725300,"duration":40130,"downloading_duration":1597,"execution_duration":37861,"uploading_duration":672,"executable":"ellipsoids-openmp","args":["2.dat","236.log","236.xoutput"],"id":142,"resource":"128","request_start":1576626605953,"request_end":1576626725320,"request_duration":119367,"type":"128"}
{"start":1576626684754,"end":1576626725322,"duration":40568,"downloading_duration":1354,"execution_duration":38480,"uploading_duration":734,"executable":"ellipsoids-openmp","args":["2.dat","229.log","229.xoutput"],"id":135,"resource":"128","request_start":1576626605949,"request_end":1576626725340,"request_duration":119391,"type":"128"}
{"start":1576626685190,"end":1576626725508,"duration":40318,"downloading_duration":1388,"execution_duration":38200,"uploading_duration":730,"executable":"ellipsoids-openmp","args":["2.dat","237.log","237.xoutput"],"id":143,"resource":"128","request_start":1576626605954,"request_end":1576626725529,"request_duration":119575,"type":"128"}
{"start":1576626685045,"end":1576626725602,"duration":40557,"downloading_duration":1554,"execution_duration":38321,"uploading_duration":682,"executable":"ellipsoids-openmp","args":["2.dat","235.log","235.xoutput"],"id":141,"resource":"128","request_start":1576626605953,"request_end":1576626725621,"request_duration":119668,"type":"128"}
{"start":1576626684827,"end":1576626725628,"duration":40801,"downloading_duration":1380,"execution_duration":38700,"uploading_duration":721,"executable":"ellipsoids-openmp","args":["2.dat","230.log","230.xoutput"],"id":136,"resource":"128","request_start":1576626605950,"request_end":1576626725647,"request_duration":119697,"type":"128"}
{"start":1576626684394,"end":1576626725650,"duration":41256,"downloading_duration":1640,"execution_duration":38901,"uploading_duration":715,"executable":"ellipsoids-openmp","args":["2.dat","218.log","218.xoutput"],"id":124,"resource":"128","request_start":1576626605941,"request_end":1576626725669,"request_duration":119728,"type":"128"}
{"start":1576626684163,"end":1576626725727,"duration":41564,"downloading_duration":1379,"execution_duration":39220,"uploading_duration":965,"executable":"ellipsoids-openmp","args":["2.dat","212.log","212.xoutput"],"id":118,"resource":"128","request_start":1576626605936,"request_end":1576626725745,"request_duration":119809,"type":"128"}
{"start":1576626685515,"end":1576626725810,"duration":40295,"downloading_duration":1346,"execution_duration":38241,"uploading_duration":708,"executable":"ellipsoids-openmp","args":["2.dat","243.log","243.xoutput"],"id":149,"resource":"128","request_start":1576626605958,"request_end":1576626725830,"request_duration":119872,"type":"128"}
{"start":1576626685730,"end":1576626725816,"duration":40086,"downloading_duration":1208,"execution_duration":38161,"uploading_duration":717,"executable":"ellipsoids-openmp","args":["2.dat","244.log","244.xoutput"],"id":150,"resource":"128","request_start":1576626605958,"request_end":1576626725837,"request_duration":119879,"type":"128"}
{"start":1576626684632,"end":1576626725913,"duration":41281,"downloading_duration":1439,"execution_duration":39141,"uploading_duration":701,"executable":"ellipsoids-openmp","args":["2.dat","224.log","224.xoutput"],"id":130,"resource":"128","request_start":1576626605946,"request_end":1576626725933,"request_duration":119987,"type":"128"}
{"start":1576626685816,"end":1576626725984,"duration":40168,"downloading_duration":1388,"execution_duration":38060,"uploading_duration":720,"executable":"ellipsoids-openmp","args":["2.dat","245.log","245.xoutput"],"id":151,"resource":"128","request_start":1576626605959,"request_end":1576626726004,"request_duration":120045,"type":"128"}
{"start":1576626686289,"end":1576626725992,"duration":39703,"downloading_duration":1370,"execution_duration":37621,"uploading_duration":712,"executable":"ellipsoids-openmp","args":["2.dat","246.log","246.xoutput"],"id":152,"resource":"128","request_start":1576626605959,"request_end":1576626726011,"request_duration":120052,"type":"128"}
{"start":1576626685510,"end":1576626726049,"duration":40539,"downloading_duration":1360,"execution_duration":38481,"uploading_duration":698,"executable":"ellipsoids-openmp","args":["2.dat","242.log","242.xoutput"],"id":148,"resource":"128","request_start":1576626605957,"request_end":1576626726068,"request_duration":120111,"type":"128"}
{"start":1576626685041,"end":1576626726094,"duration":41053,"downloading_duration":1647,"execution_duration":38701,"uploading_duration":705,"executable":"ellipsoids-openmp","args":["2.dat","234.log","234.xoutput"],"id":140,"resource":"128","request_start":1576626605952,"request_end":1576626726113,"request_duration":120161,"type":"128"}
{"start":1576626685460,"end":1576626726367,"duration":40907,"downloading_duration":1400,"execution_duration":38860,"uploading_duration":647,"executable":"ellipsoids-openmp","args":["2.dat","241.log","241.xoutput"],"id":147,"resource":"128","request_start":1576626605957,"request_end":1576626726392,"request_duration":120435,"type":"128"}
{"start":1576626686313,"end":1576626727130,"duration":40817,"downloading_duration":1367,"execution_duration":38761,"uploading_duration":689,"executable":"ellipsoids-openmp","args":["2.dat","247.log","247.xoutput"],"id":153,"resource":"128","request_start":1576626605960,"request_end":1576626727180,"request_duration":121220,"type":"128"}
{"start":1576626685274,"end":1576626727906,"duration":42632,"downloading_duration":1872,"execution_duration":40040,"uploading_duration":720,"executable":"ellipsoids-openmp","args":["2.dat","239.log","239.xoutput"],"id":145,"resource":"128","request_start":1576626605955,"request_end":1576626727925,"request_duration":121970,"type":"128"}
{"start":1576626690422,"end":1576626730647,"duration":40225,"downloading_duration":1245,"execution_duration":38281,"uploading_duration":699,"executable":"ellipsoids-openmp","args":["2.dat","248.log","248.xoutput"],"id":154,"resource":"128","request_start":1576626605961,"request_end":1576626730666,"request_duration":124705,"type":"128"}
{"start":1576626696754,"end":1576626735898,"duration":39144,"downloading_duration":1316,"execution_duration":37140,"uploading_duration":688,"executable":"ellipsoids-openmp","args":["2.dat","249.log","249.xoutput"],"id":155,"resource":"128","request_start":1576626605961,"request_end":1576626735919,"request_duration":129958,"type":"128"}
{"start":1576626722032,"end":1576626758160,"duration":36128,"downloading_duration":1521,"execution_duration":33920,"uploading_duration":687,"executable":"ellipsoids-openmp","args":["3.dat","31.log","31.xoutput"],"id":157,"resource":"128","request_start":1576626605969,"request_end":1576626758183,"request_duration":152214,"type":"128"}
{"start":1576626722665,"end":1576626758480,"duration":35815,"downloading_duration":1453,"execution_duration":33720,"uploading_duration":642,"executable":"ellipsoids-openmp","args":["3.dat","32.log","32.xoutput"],"id":158,"resource":"128","request_start":1576626605970,"request_end":1576626758499,"request_duration":152529,"type":"128"}
{"start":1576626722701,"end":1576626758622,"duration":35921,"downloading_duration":1520,"execution_duration":33700,"uploading_duration":701,"executable":"ellipsoids-openmp","args":["3.dat","33.log","33.xoutput"],"id":159,"resource":"128","request_start":1576626605971,"request_end":1576626758642,"request_duration":152671,"type":"128"}
{"start":1576626723055,"end":1576626758722,"duration":35667,"downloading_duration":1568,"execution_duration":33460,"uploading_duration":639,"executable":"ellipsoids-openmp","args":["3.dat","34.log","34.xoutput"],"id":160,"resource":"128","request_start":1576626605971,"request_end":1576626758744,"request_duration":152773,"type":"128"}
{"start":1576626721731,"end":1576626758852,"duration":37121,"downloading_duration":1459,"execution_duration":34881,"uploading_duration":781,"executable":"ellipsoids-openmp","args":["3.dat","30.log","30.xoutput"],"id":156,"resource":"128","request_start":1576626605969,"request_end":1576626758871,"request_duration":152902,"type":"128"}
{"start":1576626723319,"end":1576626759470,"duration":36151,"downloading_duration":1413,"execution_duration":33980,"uploading_duration":758,"executable":"ellipsoids-openmp","args":["3.dat","35.log","35.xoutput"],"id":161,"resource":"128","request_start":1576626605972,"request_end":1576626759499,"request_duration":153527,"type":"128"}
{"start":1576626723793,"end":1576626760262,"duration":36469,"downloading_duration":1550,"execution_duration":34223,"uploading_duration":696,"executable":"ellipsoids-openmp","args":["3.dat","311.log","311.xoutput"],"id":167,"resource":"128","request_start":1576626605975,"request_end":1576626760282,"request_duration":154307,"type":"128"}
{"start":1576626723673,"end":1576626760340,"duration":36667,"downloading_duration":1424,"execution_duration":34640,"uploading_duration":603,"executable":"ellipsoids-openmp","args":["3.dat","39.log","39.xoutput"],"id":165,"resource":"128","request_start":1576626605974,"request_end":1576626760359,"request_duration":154385,"type":"128"}
{"start":1576626723611,"end":1576626760530,"duration":36919,"downloading_duration":1553,"execution_duration":34721,"uploading_duration":645,"executable":"ellipsoids-openmp","args":["3.dat","37.log","37.xoutput"],"id":163,"resource":"128","request_start":1576626605973,"request_end":1576626760549,"request_duration":154576,"type":"128"}
{"start":1576626724487,"end":1576626760617,"duration":36130,"downloading_duration":1350,"execution_duration":34121,"uploading_duration":659,"executable":"ellipsoids-openmp","args":["3.dat","319.log","319.xoutput"],"id":175,"resource":"128","request_start":1576626605979,"request_end":1576626760636,"request_duration":154657,"type":"128"}
{"start":1576626723689,"end":1576626760619,"duration":36930,"downloading_duration":1387,"execution_duration":34881,"uploading_duration":662,"executable":"ellipsoids-openmp","args":["3.dat","310.log","310.xoutput"],"id":166,"resource":"128","request_start":1576626605975,"request_end":1576626760639,"request_duration":154664,"type":"128"}
{"start":1576626724056,"end":1576626760680,"duration":36624,"downloading_duration":1520,"execution_duration":34440,"uploading_duration":664,"executable":"ellipsoids-openmp","args":["3.dat","312.log","312.xoutput"],"id":168,"resource":"128","request_start":1576626605976,"request_end":1576626760701,"request_duration":154725,"type":"128"}
{"start":1576626724249,"end":1576626760761,"duration":36512,"downloading_duration":1493,"execution_duration":34401,"uploading_duration":618,"executable":"ellipsoids-openmp","args":["3.dat","316.log","316.xoutput"],"id":172,"resource":"128","request_start":1576626605978,"request_end":1576626760781,"request_duration":154803,"type":"128"}
{"start":1576626723616,"end":1576626760853,"duration":37237,"downloading_duration":1394,"execution_duration":35200,"uploading_duration":643,"executable":"ellipsoids-openmp","args":["3.dat","38.log","38.xoutput"],"id":164,"resource":"128","request_start":1576626605974,"request_end":1576626760889,"request_duration":154915,"type":"128"}
{"start":1576626724488,"end":1576626761008,"duration":36520,"downloading_duration":1397,"execution_duration":34460,"uploading_duration":663,"executable":"ellipsoids-openmp","args":["3.dat","321.log","321.xoutput"],"id":177,"resource":"128","request_start":1576626605982,"request_end":1576626761026,"request_duration":155044,"type":"128"}
{"start":1576626723487,"end":1576626761029,"duration":37542,"downloading_duration":1520,"execution_duration":35360,"uploading_duration":662,"executable":"ellipsoids-openmp","args":["3.dat","36.log","36.xoutput"],"id":162,"resource":"128","request_start":1576626605972,"request_end":1576626761048,"request_duration":155076,"type":"128"}
{"start":1576626724321,"end":1576626761164,"duration":36843,"downloading_duration":1500,"execution_duration":34700,"uploading_duration":643,"executable":"ellipsoids-openmp","args":["3.dat","317.log","317.xoutput"],"id":173,"resource":"128","request_start":1576626605978,"request_end":1576626761187,"request_duration":155209,"type":"128"}
{"start":1576626724208,"end":1576626761172,"duration":36964,"downloading_duration":1498,"execution_duration":34820,"uploading_duration":646,"executable":"ellipsoids-openmp","args":["3.dat","315.log","315.xoutput"],"id":171,"resource":"128","request_start":1576626605977,"request_end":1576626761191,"request_duration":155214,"type":"128"}
{"start":1576626724484,"end":1576626761789,"duration":37305,"downloading_duration":1345,"execution_duration":35220,"uploading_duration":740,"executable":"ellipsoids-openmp","args":["3.dat","320.log","320.xoutput"],"id":176,"resource":"128","request_start":1576626605980,"request_end":1576626761810,"request_duration":155830,"type":"128"}
{"start":1576626724091,"end":1576626762031,"duration":37940,"downloading_duration":1774,"execution_duration":35481,"uploading_duration":685,"executable":"ellipsoids-openmp","args":["3.dat","313.log","313.xoutput"],"id":169,"resource":"128","request_start":1576626605976,"request_end":1576626762051,"request_duration":156075,"type":"128"}
{"start":1576626724652,"end":1576626762086,"duration":37434,"downloading_duration":1475,"execution_duration":35321,"uploading_duration":638,"executable":"ellipsoids-openmp","args":["3.dat","324.log","324.xoutput"],"id":180,"resource":"128","request_start":1576626605983,"request_end":1576626762106,"request_duration":156123,"type":"128"}
{"start":1576626724202,"end":1576626762102,"duration":37900,"downloading_duration":1353,"execution_duration":35900,"uploading_duration":647,"executable":"ellipsoids-openmp","args":["3.dat","314.log","314.xoutput"],"id":170,"resource":"128","request_start":1576626605977,"request_end":1576626762120,"request_duration":156143,"type":"128"}
{"start":1576626725775,"end":1576626762181,"duration":36406,"downloading_duration":1347,"execution_duration":34360,"uploading_duration":699,"executable":"ellipsoids-openmp","args":["3.dat","337.log","337.xoutput"],"id":193,"resource":"128","request_start":1576626605991,"request_end":1576626762199,"request_duration":156208,"type":"128"}
{"start":1576626724946,"end":1576626762740,"duration":37794,"downloading_duration":1487,"execution_duration":35640,"uploading_duration":667,"executable":"ellipsoids-openmp","args":["3.dat","326.log","326.xoutput"],"id":182,"resource":"128","request_start":1576626605984,"request_end":1576626762759,"request_duration":156775,"type":"128"}
{"start":1576626724478,"end":1576626762779,"duration":38301,"downloading_duration":1390,"execution_duration":35880,"uploading_duration":1031,"executable":"ellipsoids-openmp","args":["3.dat","318.log","318.xoutput"],"id":174,"resource":"128","request_start":1576626605979,"request_end":1576626762799,"request_duration":156820,"type":"128"}
{"start":1576626725563,"end":1576626762805,"duration":37242,"downloading_duration":1455,"execution_duration":35101,"uploading_duration":686,"executable":"ellipsoids-openmp","args":["3.dat","333.log","333.xoutput"],"id":189,"resource":"128","request_start":1576626605989,"request_end":1576626762826,"request_duration":156837,"type":"128"}
{"start":1576626724487,"end":1576626762999,"duration":38512,"downloading_duration":1683,"execution_duration":36180,"uploading_duration":649,"executable":"ellipsoids-openmp","args":["3.dat","322.log","322.xoutput"],"id":178,"resource":"128","request_start":1576626605982,"request_end":1576626763019,"request_duration":157037,"type":"128"}
{"start":1576626726109,"end":1576626763050,"duration":36941,"downloading_duration":1460,"execution_duration":34780,"uploading_duration":701,"executable":"ellipsoids-openmp","args":["3.dat","343.log","343.xoutput"],"id":199,"resource":"128","request_start":1576626605995,"request_end":1576626763068,"request_duration":157073,"type":"128"}
{"start":1576626725187,"end":1576626763368,"duration":38181,"downloading_duration":1678,"execution_duration":35880,"uploading_duration":623,"executable":"ellipsoids-openmp","args":["3.dat","329.log","329.xoutput"],"id":185,"resource":"128","request_start":1576626605986,"request_end":1576626763404,"request_duration":157418,"type":"128"}
{"start":1576626725677,"end":1576626763490,"duration":37813,"downloading_duration":1457,"execution_duration":35681,"uploading_duration":675,"executable":"ellipsoids-openmp","args":["3.dat","335.log","335.xoutput"],"id":191,"resource":"128","request_start":1576626605990,"request_end":1576626763508,"request_duration":157518,"type":"128"}
{"start":1576626724539,"end":1576626763492,"duration":38953,"downloading_duration":1550,"execution_duration":36700,"uploading_duration":703,"executable":"ellipsoids-openmp","args":["3.dat","323.log","323.xoutput"],"id":179,"resource":"128","request_start":1576626605983,"request_end":1576626763511,"request_duration":157528,"type":"128"}
{"start":1576626725966,"end":1576626763562,"duration":37596,"downloading_duration":1385,"execution_duration":35540,"uploading_duration":671,"executable":"ellipsoids-openmp","args":["3.dat","340.log","340.xoutput"],"id":196,"resource":"128","request_start":1576626605993,"request_end":1576626763581,"request_duration":157588,"type":"128"}
{"start":1576626726031,"end":1576626763601,"duration":37570,"downloading_duration":1508,"execution_duration":35380,"uploading_duration":682,"executable":"ellipsoids-openmp","args":["3.dat","341.log","341.xoutput"],"id":197,"resource":"128","request_start":1576626605994,"request_end":1576626763621,"request_duration":157627,"type":"128"}
{"start":1576626758221,"end":1576626763652,"duration":5431,"downloading_duration":4811,"execution_duration":61,"uploading_duration":559,"executable":"mean-pack-ell","args":["00.xoutput","01.xoutput","02.xoutput","03.xoutput","04.xoutput","05.xoutput","06.xoutput","07.xoutput","08.xoutput","09.xoutput","010.xoutput","011.xoutput","012.xoutput","013.xoutput","014.xoutput","015.xoutput","016.xoutput","017.xoutput","018.xoutput","019.xoutput","020.xoutput","021.xoutput","022.xoutput","023.xoutput","024.xoutput","025.xoutput","026.xoutput","027.xoutput","028.xoutput","029.xoutput","030.xoutput","031.xoutput","032.xoutput","033.xoutput","034.xoutput","035.xoutput","036.xoutput","037.xoutput","038.xoutput","039.xoutput","040.xoutput","041.xoutput","042.xoutput","043.xoutput","044.xoutput","045.xoutput","046.xoutput","047.xoutput","048.xoutput","049.xoutput","average_0.txt"],"id":206,"resource":"128","request_start":1576626649459,"request_end":1576626763673,"request_duration":114214,"type":"128"}
{"start":1576626724821,"end":1576626763673,"duration":38852,"downloading_duration":1410,"execution_duration":36761,"uploading_duration":681,"executable":"ellipsoids-openmp","args":["3.dat","325.log","325.xoutput"],"id":181,"resource":"128","request_start":1576626605984,"request_end":1576626763696,"request_duration":157712,"type":"128"}
{"start":1576626758681,"end":1576626763842,"duration":5161,"downloading_duration":4680,"execution_duration":60,"uploading_duration":421,"executable":"mean-pack-ell","args":["20.xoutput","21.xoutput","22.xoutput","23.xoutput","24.xoutput","25.xoutput","26.xoutput","27.xoutput","28.xoutput","29.xoutput","210.xoutput","211.xoutput","212.xoutput","213.xoutput","214.xoutput","215.xoutput","216.xoutput","217.xoutput","218.xoutput","219.xoutput","220.xoutput","221.xoutput","222.xoutput","223.xoutput","224.xoutput","225.xoutput","226.xoutput","227.xoutput","228.xoutput","229.xoutput","230.xoutput","231.xoutput","232.xoutput","233.xoutput","234.xoutput","235.xoutput","236.xoutput","237.xoutput","238.xoutput","239.xoutput","240.xoutput","241.xoutput","242.xoutput","243.xoutput","244.xoutput","245.xoutput","246.xoutput","247.xoutput","248.xoutput","249.xoutput","average_2.txt"],"id":208,"resource":"128","request_start":1576626735924,"request_end":1576626763863,"request_duration":27939,"type":"128"}
{"start":1576626725365,"end":1576626763877,"duration":38512,"downloading_duration":1502,"execution_duration":36321,"uploading_duration":689,"executable":"ellipsoids-openmp","args":["3.dat","332.log","332.xoutput"],"id":188,"resource":"128","request_start":1576626605988,"request_end":1576626763896,"request_duration":157908,"type":"128"}
{"start":1576626725697,"end":1576626763946,"duration":38249,"downloading_duration":1683,"execution_duration":35860,"uploading_duration":706,"executable":"ellipsoids-openmp","args":["3.dat","336.log","336.xoutput"],"id":192,"resource":"128","request_start":1576626605991,"request_end":1576626763965,"request_duration":157974,"type":"128"}
{"start":1576626758529,"end":1576626764107,"duration":5578,"downloading_duration":4749,"execution_duration":60,"uploading_duration":769,"executable":"mean-pack-ell","args":["10.xoutput","11.xoutput","12.xoutput","13.xoutput","14.xoutput","15.xoutput","16.xoutput","17.xoutput","18.xoutput","19.xoutput","110.xoutput","111.xoutput","112.xoutput","113.xoutput","114.xoutput","115.xoutput","116.xoutput","117.xoutput","118.xoutput","119.xoutput","120.xoutput","121.xoutput","122.xoutput","123.xoutput","124.xoutput","125.xoutput","126.xoutput","127.xoutput","128.xoutput","129.xoutput","130.xoutput","131.xoutput","132.xoutput","133.xoutput","134.xoutput","135.xoutput","136.xoutput","137.xoutput","138.xoutput","139.xoutput","140.xoutput","141.xoutput","142.xoutput","143.xoutput","144.xoutput","145.xoutput","146.xoutput","147.xoutput","148.xoutput","149.xoutput","average_1.txt"],"id":207,"resource":"128","request_start":1576626696745,"request_end":1576626764127,"request_duration":67382,"type":"128"}
{"start":1576626725649,"end":1576626764320,"duration":38671,"downloading_duration":1437,"execution_duration":36520,"uploading_duration":714,"executable":"ellipsoids-openmp","args":["3.dat","334.log","334.xoutput"],"id":190,"resource":"128","request_start":1576626605989,"request_end":1576626764340,"request_duration":158351,"type":"128"}
{"start":1576626726047,"end":1576626764419,"duration":38372,"downloading_duration":1517,"execution_duration":36219,"uploading_duration":636,"executable":"ellipsoids-openmp","args":["3.dat","342.log","342.xoutput"],"id":198,"resource":"128","request_start":1576626605994,"request_end":1576626764533,"request_duration":158539,"type":"128"}
{"start":1576626725368,"end":1576626764429,"duration":39061,"downloading_duration":1520,"execution_duration":36841,"uploading_duration":700,"executable":"ellipsoids-openmp","args":["3.dat","331.log","331.xoutput"],"id":187,"resource":"128","request_start":1576626605987,"request_end":1576626764538,"request_duration":158551,"type":"128"}
{"start":1576626725902,"end":1576626764545,"duration":38643,"downloading_duration":1500,"execution_duration":36440,"uploading_duration":703,"executable":"ellipsoids-openmp","args":["3.dat","339.log","339.xoutput"],"id":195,"resource":"128","request_start":1576626605993,"request_end":1576626764566,"request_duration":158573,"type":"128"}
{"start":1576626725854,"end":1576626764568,"duration":38714,"downloading_duration":1524,"execution_duration":36501,"uploading_duration":689,"executable":"ellipsoids-openmp","args":["3.dat","338.log","338.xoutput"],"id":194,"resource":"128","request_start":1576626605992,"request_end":1576626764587,"request_duration":158595,"type":"128"}
{"start":1576626725303,"end":1576626764638,"duration":39335,"downloading_duration":1494,"execution_duration":37180,"uploading_duration":661,"executable":"ellipsoids-openmp","args":["3.dat","330.log","330.xoutput"],"id":186,"resource":"128","request_start":1576626605987,"request_end":1576626764660,"request_duration":158673,"type":"128"}
{"start":1576626725142,"end":1576626764670,"duration":39528,"downloading_duration":1498,"execution_duration":37380,"uploading_duration":650,"executable":"ellipsoids-openmp","args":["3.dat","328.log","328.xoutput"],"id":184,"resource":"128","request_start":1576626605986,"request_end":1576626764688,"request_duration":158702,"type":"128"}
{"start":1576626726140,"end":1576626764696,"duration":38556,"downloading_duration":1370,"execution_duration":36540,"uploading_duration":646,"executable":"ellipsoids-openmp","args":["3.dat","344.log","344.xoutput"],"id":200,"resource":"128","request_start":1576626605995,"request_end":1576626764715,"request_duration":158720,"type":"128"}
{"start":1576626724952,"end":1576626764729,"duration":39777,"downloading_duration":1377,"execution_duration":37680,"uploading_duration":720,"executable":"ellipsoids-openmp","args":["3.dat","327.log","327.xoutput"],"id":183,"resource":"128","request_start":1576626605985,"request_end":1576626764746,"request_duration":158761,"type":"128"}
{"start":1576626727208,"end":1576626764746,"duration":37538,"downloading_duration":1632,"execution_duration":35220,"uploading_duration":686,"executable":"ellipsoids-openmp","args":["3.dat","346.log","346.xoutput"],"id":202,"resource":"128","request_start":1576626605996,"request_end":1576626764767,"request_duration":158771,"type":"128"}
{"start":1576626726424,"end":1576626765054,"duration":38630,"downloading_duration":1296,"execution_duration":36680,"uploading_duration":654,"executable":"ellipsoids-openmp","args":["3.dat","345.log","345.xoutput"],"id":201,"resource":"128","request_start":1576626605996,"request_end":1576626765078,"request_duration":159082,"type":"128"}
{"start":1576626730707,"end":1576626766227,"duration":35520,"downloading_duration":1460,"execution_duration":33401,"uploading_duration":659,"executable":"ellipsoids-openmp","args":["3.dat","348.log","348.xoutput"],"id":204,"resource":"128","request_start":1576626605997,"request_end":1576626766246,"request_duration":160249,"type":"128"}
{"start":1576626727959,"end":1576626767494,"duration":39535,"downloading_duration":1447,"execution_duration":37421,"uploading_duration":667,"executable":"ellipsoids-openmp","args":["3.dat","347.log","347.xoutput"],"id":203,"resource":"128","request_start":1576626605997,"request_end":1576626767517,"request_duration":161520,"type":"128"}
{"start":1576626735949,"end":1576626773515,"duration":37566,"downloading_duration":1441,"execution_duration":35500,"uploading_duration":625,"executable":"ellipsoids-openmp","args":["3.dat","349.log","349.xoutput"],"id":205,"resource":"128","request_start":1576626605998,"request_end":1576626773537,"request_duration":167539,"type":"128"}
{"start":1576626773790,"end":1576626778952,"duration":5162,"downloading_duration":4620,"execution_duration":60,"uploading_duration":482,"executable":"mean-pack-ell","args":["30.xoutput","31.xoutput","32.xoutput","33.xoutput","34.xoutput","35.xoutput","36.xoutput","37.xoutput","38.xoutput","39.xoutput","310.xoutput","311.xoutput","312.xoutput","313.xoutput","314.xoutput","315.xoutput","316.xoutput","317.xoutput","318.xoutput","319.xoutput","320.xoutput","321.xoutput","322.xoutput","323.xoutput","324.xoutput","325.xoutput","326.xoutput","327.xoutput","328.xoutput","329.xoutput","330.xoutput","331.xoutput","332.xoutput","333.xoutput","334.xoutput","335.xoutput","336.xoutput","337.xoutput","338.xoutput","339.xoutput","340.xoutput","341.xoutput","342.xoutput","343.xoutput","344.xoutput","345.xoutput","346.xoutput","347.xoutput","348.xoutput","349.xoutput","average_3.txt"],"id":209,"resource":"128","request_start":1576626773552,"request_end":1576626778976,"request_duration":5424,"type":"128"}
{"start":1576626779134,"end":1576626781720,"duration":2586,"downloading_duration":1024,"execution_duration":1073,"uploading_duration":489,"executable":"summary.js","args":[],"id":210,"resource":"128","request_start":1576626778983,"request_end":1576626781739,"request_duration":2756,"type":"128"}
