{"start":1576626782437,"end":1576626784375,"duration":1938,"downloading_duration":453,"execution_duration":1021,"uploading_duration":464,"executable":"generateData.js","args":[],"id":1,"resource":"128","request_start":1576626782270,"request_end":1576626784407,"request_duration":2137,"type":"128"}
{"start":1576626784542,"end":1576626786503,"duration":1961,"downloading_duration":428,"execution_duration":1043,"uploading_duration":490,"executable":"createDat.js","args":["0.dat"],"id":2,"resource":"128","request_start":1576626784416,"request_end":1576626786528,"request_duration":2112,"type":"128"}
{"start":1576626784552,"end":1576626786540,"duration":1988,"downloading_duration":508,"execution_duration":1021,"uploading_duration":459,"executable":"createDat.js","args":["1.dat"],"id":3,"resource":"128","request_start":1576626784420,"request_end":1576626786569,"request_duration":2149,"type":"128"}
{"start":1576626784549,"end":1576626786639,"duration":2090,"downloading_duration":517,"execution_duration":1021,"uploading_duration":552,"executable":"createDat.js","args":["2.dat"],"id":4,"resource":"128","request_start":1576626784423,"request_end":1576626786678,"request_duration":2255,"type":"128"}
{"start":1576626784551,"end":1576626786835,"duration":2284,"downloading_duration":476,"execution_duration":1342,"uploading_duration":466,"executable":"createDat.js","args":["3.dat"],"id":5,"resource":"128","request_start":1576626784425,"request_end":1576626786950,"request_duration":2525,"type":"128"}
{"start":1576626787088,"end":1576626824989,"duration":37901,"downloading_duration":1528,"execution_duration":35721,"uploading_duration":652,"executable":"ellipsoids-openmp","args":["0.dat","045.log","045.xoutput"],"id":51,"resource":"128","request_start":1576626786622,"request_end":1576626825009,"request_duration":38387,"type":"128"}
{"start":1576626786991,"end":1576626825411,"duration":38420,"downloading_duration":1491,"execution_duration":36241,"uploading_duration":688,"executable":"ellipsoids-openmp","args":["0.dat","029.log","029.xoutput"],"id":35,"resource":"128","request_start":1576626786605,"request_end":1576626825462,"request_duration":38857,"type":"128"}
{"start":1576626786986,"end":1576626825451,"duration":38465,"downloading_duration":1379,"execution_duration":36340,"uploading_duration":746,"executable":"ellipsoids-openmp","args":["0.dat","027.log","027.xoutput"],"id":33,"resource":"128","request_start":1576626786603,"request_end":1576626825472,"request_duration":38869,"type":"128"}
{"start":1576626787087,"end":1576626825484,"duration":38397,"downloading_duration":1517,"execution_duration":36161,"uploading_duration":719,"executable":"ellipsoids-openmp","args":["0.dat","046.log","046.xoutput"],"id":52,"resource":"128","request_start":1576626786623,"request_end":1576626825526,"request_duration":38903,"type":"128"}
{"start":1576626786928,"end":1576626825675,"duration":38747,"downloading_duration":1394,"execution_duration":36680,"uploading_duration":673,"executable":"ellipsoids-openmp","args":["0.dat","09.log","09.xoutput"],"id":15,"resource":"128","request_start":1576626786581,"request_end":1576626825697,"request_duration":39116,"type":"128"}
{"start":1576626786939,"end":1576626825855,"duration":38916,"downloading_duration":1548,"execution_duration":36540,"uploading_duration":828,"executable":"ellipsoids-openmp","args":["0.dat","020.log","020.xoutput"],"id":26,"resource":"128","request_start":1576626786596,"request_end":1576626825953,"request_duration":39357,"type":"128"}
{"start":1576626787097,"end":1576626825876,"duration":38779,"downloading_duration":1460,"execution_duration":36601,"uploading_duration":718,"executable":"ellipsoids-openmp","args":["0.dat","043.log","043.xoutput"],"id":49,"resource":"128","request_start":1576626786620,"request_end":1576626825956,"request_duration":39336,"type":"128"}
{"start":1576626786918,"end":1576626826006,"duration":39088,"downloading_duration":1569,"execution_duration":36821,"uploading_duration":698,"executable":"ellipsoids-openmp","args":["0.dat","011.log","011.xoutput"],"id":17,"resource":"128","request_start":1576626786584,"request_end":1576626826027,"request_duration":39443,"type":"128"}
{"start":1576626786941,"end":1576626826064,"duration":39123,"downloading_duration":1491,"execution_duration":36781,"uploading_duration":851,"executable":"ellipsoids-openmp","args":["0.dat","019.log","019.xoutput"],"id":25,"resource":"128","request_start":1576626786595,"request_end":1576626826087,"request_duration":39492,"type":"128"}
{"start":1576626786928,"end":1576626826152,"duration":39224,"downloading_duration":1460,"execution_duration":37041,"uploading_duration":723,"executable":"ellipsoids-openmp","args":["0.dat","012.log","012.xoutput"],"id":18,"resource":"128","request_start":1576626786585,"request_end":1576626826171,"request_duration":39586,"type":"128"}
{"start":1576626786995,"end":1576626826371,"duration":39376,"downloading_duration":1451,"execution_duration":37220,"uploading_duration":705,"executable":"ellipsoids-openmp","args":["0.dat","034.log","034.xoutput"],"id":40,"resource":"128","request_start":1576626786610,"request_end":1576626826391,"request_duration":39781,"type":"128"}
{"start":1576626786942,"end":1576626826562,"duration":39620,"downloading_duration":1351,"execution_duration":37480,"uploading_duration":789,"executable":"ellipsoids-openmp","args":["0.dat","025.log","025.xoutput"],"id":31,"resource":"128","request_start":1576626786601,"request_end":1576626826581,"request_duration":39980,"type":"128"}
{"start":1576626787091,"end":1576626826578,"duration":39487,"downloading_duration":1560,"execution_duration":37261,"uploading_duration":666,"executable":"ellipsoids-openmp","args":["0.dat","00.log","00.xoutput"],"id":6,"resource":"128","request_start":1576626786627,"request_end":1576626826621,"request_duration":39994,"type":"128"}
{"start":1576626787045,"end":1576626826584,"duration":39539,"downloading_duration":1540,"execution_duration":37320,"uploading_duration":679,"executable":"ellipsoids-openmp","args":["0.dat","042.log","042.xoutput"],"id":48,"resource":"128","request_start":1576626786619,"request_end":1576626826624,"request_duration":40005,"type":"128"}
{"start":1576626786923,"end":1576626826627,"duration":39704,"downloading_duration":1417,"execution_duration":37640,"uploading_duration":647,"executable":"ellipsoids-openmp","args":["0.dat","08.log","08.xoutput"],"id":14,"resource":"128","request_start":1576626786580,"request_end":1576626826645,"request_duration":40065,"type":"128"}
{"start":1576626786989,"end":1576626826677,"duration":39688,"downloading_duration":1680,"execution_duration":37280,"uploading_duration":728,"executable":"ellipsoids-openmp","args":["0.dat","028.log","028.xoutput"],"id":34,"resource":"128","request_start":1576626786604,"request_end":1576626826695,"request_duration":40091,"type":"128"}
{"start":1576626787088,"end":1576626826763,"duration":39675,"downloading_duration":1508,"execution_duration":37460,"uploading_duration":707,"executable":"ellipsoids-openmp","args":["0.dat","044.log","044.xoutput"],"id":50,"resource":"128","request_start":1576626786621,"request_end":1576626826783,"request_duration":40162,"type":"128"}
{"start":1576626787017,"end":1576626826831,"duration":39814,"downloading_duration":1490,"execution_duration":37681,"uploading_duration":643,"executable":"ellipsoids-openmp","args":["0.dat","037.log","037.xoutput"],"id":43,"resource":"128","request_start":1576626786613,"request_end":1576626826850,"request_duration":40237,"type":"128"}
{"start":1576626786988,"end":1576626826838,"duration":39850,"downloading_duration":1402,"execution_duration":37700,"uploading_duration":748,"executable":"ellipsoids-openmp","args":["0.dat","026.log","026.xoutput"],"id":32,"resource":"128","request_start":1576626786602,"request_end":1576626826859,"request_duration":40257,"type":"128"}
{"start":1576626787015,"end":1576626826880,"duration":39865,"downloading_duration":1586,"execution_duration":37640,"uploading_duration":639,"executable":"ellipsoids-openmp","args":["0.dat","041.log","041.xoutput"],"id":47,"resource":"128","request_start":1576626786618,"request_end":1576626826900,"request_duration":40282,"type":"128"}
{"start":1576626787090,"end":1576626826899,"duration":39809,"downloading_duration":1533,"execution_duration":37640,"uploading_duration":636,"executable":"ellipsoids-openmp","args":["0.dat","048.log","048.xoutput"],"id":54,"resource":"128","request_start":1576626786625,"request_end":1576626826918,"request_duration":40293,"type":"128"}
{"start":1576626786942,"end":1576626826909,"duration":39967,"downloading_duration":1478,"execution_duration":37800,"uploading_duration":689,"executable":"ellipsoids-openmp","args":["0.dat","018.log","018.xoutput"],"id":24,"resource":"128","request_start":1576626786594,"request_end":1576626826926,"request_duration":40332,"type":"128"}
{"start":1576626786942,"end":1576626826928,"duration":39986,"downloading_duration":1599,"execution_duration":37560,"uploading_duration":827,"executable":"ellipsoids-openmp","args":["0.dat","022.log","022.xoutput"],"id":28,"resource":"128","request_start":1576626786598,"request_end":1576626826945,"request_duration":40347,"type":"128"}
{"start":1576626786994,"end":1576626826928,"duration":39934,"downloading_duration":1595,"execution_duration":37540,"uploading_duration":799,"executable":"ellipsoids-openmp","args":["0.dat","035.log","035.xoutput"],"id":41,"resource":"128","request_start":1576626786611,"request_end":1576626826947,"request_duration":40336,"type":"128"}
{"start":1576626787089,"end":1576626827006,"duration":39917,"downloading_duration":1543,"execution_duration":37661,"uploading_duration":713,"executable":"ellipsoids-openmp","args":["0.dat","049.log","049.xoutput"],"id":55,"resource":"128","request_start":1576626786626,"request_end":1576626827025,"request_duration":40399,"type":"128"}
{"start":1576626786922,"end":1576626827021,"duration":40099,"downloading_duration":1408,"execution_duration":38020,"uploading_duration":671,"executable":"ellipsoids-openmp","args":["0.dat","05.log","05.xoutput"],"id":11,"resource":"128","request_start":1576626786575,"request_end":1576626827040,"request_duration":40465,"type":"128"}
{"start":1576626786934,"end":1576626827064,"duration":40130,"downloading_duration":1550,"execution_duration":37920,"uploading_duration":660,"executable":"ellipsoids-openmp","args":["0.dat","016.log","016.xoutput"],"id":22,"resource":"128","request_start":1576626786589,"request_end":1576626827084,"request_duration":40495,"type":"128"}
{"start":1576626786998,"end":1576626827080,"duration":40082,"downloading_duration":1380,"execution_duration":37681,"uploading_duration":1021,"executable":"ellipsoids-openmp","args":["0.dat","03.log","03.xoutput"],"id":9,"resource":"128","request_start":1576626786629,"request_end":1576626827099,"request_duration":40470,"type":"128"}
{"start":1576626786939,"end":1576626827160,"duration":40221,"downloading_duration":1461,"execution_duration":38101,"uploading_duration":659,"executable":"ellipsoids-openmp","args":["0.dat","015.log","015.xoutput"],"id":21,"resource":"128","request_start":1576626786588,"request_end":1576626827179,"request_duration":40591,"type":"128"}
{"start":1576626787093,"end":1576626827188,"duration":40095,"downloading_duration":1430,"execution_duration":37960,"uploading_duration":705,"executable":"ellipsoids-openmp","args":["0.dat","047.log","047.xoutput"],"id":53,"resource":"128","request_start":1576626786624,"request_end":1576626827208,"request_duration":40584,"type":"128"}
{"start":1576626786943,"end":1576626827220,"duration":40277,"downloading_duration":1449,"execution_duration":38140,"uploading_duration":688,"executable":"ellipsoids-openmp","args":["0.dat","021.log","021.xoutput"],"id":27,"resource":"128","request_start":1576626786597,"request_end":1576626827238,"request_duration":40641,"type":"128"}
{"start":1576626786928,"end":1576626827326,"duration":40398,"downloading_duration":1630,"execution_duration":38140,"uploading_duration":628,"executable":"ellipsoids-openmp","args":["0.dat","017.log","017.xoutput"],"id":23,"resource":"128","request_start":1576626786593,"request_end":1576626827346,"request_duration":40753,"type":"128"}
{"start":1576626786927,"end":1576626827331,"duration":40404,"downloading_duration":1553,"execution_duration":38160,"uploading_duration":691,"executable":"ellipsoids-openmp","args":["0.dat","013.log","013.xoutput"],"id":19,"resource":"128","request_start":1576626786586,"request_end":1576626827351,"request_duration":40765,"type":"128"}
{"start":1576626786921,"end":1576626827362,"duration":40441,"downloading_duration":1599,"execution_duration":38100,"uploading_duration":742,"executable":"ellipsoids-openmp","args":["0.dat","04.log","04.xoutput"],"id":10,"resource":"128","request_start":1576626786573,"request_end":1576626827379,"request_duration":40806,"type":"128"}
{"start":1576626786937,"end":1576626827435,"duration":40498,"downloading_duration":1529,"execution_duration":38340,"uploading_duration":629,"executable":"ellipsoids-openmp","args":["0.dat","014.log","014.xoutput"],"id":20,"resource":"128","request_start":1576626786587,"request_end":1576626827453,"request_duration":40866,"type":"128"}
{"start":1576626786993,"end":1576626827448,"duration":40455,"downloading_duration":1714,"execution_duration":38041,"uploading_duration":700,"executable":"ellipsoids-openmp","args":["0.dat","039.log","039.xoutput"],"id":45,"resource":"128","request_start":1576626786616,"request_end":1576626827477,"request_duration":40861,"type":"128"}
{"start":1576626787088,"end":1576626827467,"duration":40379,"downloading_duration":1369,"execution_duration":38061,"uploading_duration":949,"executable":"ellipsoids-openmp","args":["0.dat","01.log","01.xoutput"],"id":7,"resource":"128","request_start":1576626786628,"request_end":1576626827485,"request_duration":40857,"type":"128"}
{"start":1576626787048,"end":1576626827475,"duration":40427,"downloading_duration":1462,"execution_duration":38280,"uploading_duration":685,"executable":"ellipsoids-openmp","args":["0.dat","038.log","038.xoutput"],"id":44,"resource":"128","request_start":1576626786614,"request_end":1576626827493,"request_duration":40879,"type":"128"}
{"start":1576626786944,"end":1576626827493,"duration":40549,"downloading_duration":1405,"execution_duration":38440,"uploading_duration":704,"executable":"ellipsoids-openmp","args":["0.dat","024.log","024.xoutput"],"id":30,"resource":"128","request_start":1576626786600,"request_end":1576626827512,"request_duration":40912,"type":"128"}
{"start":1576626786771,"end":1576626827534,"duration":40763,"downloading_duration":1595,"execution_duration":38526,"uploading_duration":642,"executable":"ellipsoids-openmp","args":["0.dat","02.log","02.xoutput"],"id":8,"resource":"128","request_start":1576626786629,"request_end":1576626827555,"request_duration":40926,"type":"128"}
{"start":1576626786928,"end":1576626827551,"duration":40623,"downloading_duration":1560,"execution_duration":38321,"uploading_duration":742,"executable":"ellipsoids-openmp","args":["0.dat","06.log","06.xoutput"],"id":12,"resource":"128","request_start":1576626786577,"request_end":1576626827568,"request_duration":40991,"type":"128"}
{"start":1576626786980,"end":1576626827640,"duration":40660,"downloading_duration":1515,"execution_duration":38441,"uploading_duration":704,"executable":"ellipsoids-openmp","args":["0.dat","030.log","030.xoutput"],"id":36,"resource":"128","request_start":1576626786606,"request_end":1576626827660,"request_duration":41054,"type":"128"}
{"start":1576626786995,"end":1576626827664,"duration":40669,"downloading_duration":1680,"execution_duration":38300,"uploading_duration":689,"executable":"ellipsoids-openmp","args":["0.dat","032.log","032.xoutput"],"id":38,"resource":"128","request_start":1576626786607,"request_end":1576626827685,"request_duration":41078,"type":"128"}
{"start":1576626787051,"end":1576626827691,"duration":40640,"downloading_duration":1592,"execution_duration":38301,"uploading_duration":747,"executable":"ellipsoids-openmp","args":["0.dat","040.log","040.xoutput"],"id":46,"resource":"128","request_start":1576626786617,"request_end":1576626827842,"request_duration":41225,"type":"128"}
{"start":1576626786994,"end":1576626827885,"duration":40891,"downloading_duration":1552,"execution_duration":38640,"uploading_duration":699,"executable":"ellipsoids-openmp","args":["0.dat","036.log","036.xoutput"],"id":42,"resource":"128","request_start":1576626786612,"request_end":1576626827908,"request_duration":41296,"type":"128"}
{"start":1576626786991,"end":1576626827945,"duration":40954,"downloading_duration":1902,"execution_duration":38341,"uploading_duration":711,"executable":"ellipsoids-openmp","args":["0.dat","033.log","033.xoutput"],"id":39,"resource":"128","request_start":1576626786608,"request_end":1576626827964,"request_duration":41356,"type":"128"}
{"start":1576626786991,"end":1576626828097,"duration":41106,"downloading_duration":1577,"execution_duration":38840,"uploading_duration":689,"executable":"ellipsoids-openmp","args":["0.dat","031.log","031.xoutput"],"id":37,"resource":"128","request_start":1576626786607,"request_end":1576626828115,"request_duration":41508,"type":"128"}
{"start":1576626786928,"end":1576626828498,"duration":41570,"downloading_duration":1510,"execution_duration":39321,"uploading_duration":739,"executable":"ellipsoids-openmp","args":["0.dat","07.log","07.xoutput"],"id":13,"resource":"128","request_start":1576626786578,"request_end":1576626828516,"request_duration":41938,"type":"128"}
{"start":1576626786938,"end":1576626828618,"duration":41680,"downloading_duration":2320,"execution_duration":38700,"uploading_duration":660,"executable":"ellipsoids-openmp","args":["0.dat","023.log","023.xoutput"],"id":29,"resource":"128","request_start":1576626786599,"request_end":1576626828637,"request_duration":42038,"type":"128"}
{"start":1576626786927,"end":1576626828724,"duration":41797,"downloading_duration":1623,"execution_duration":39480,"uploading_duration":694,"executable":"ellipsoids-openmp","args":["0.dat","010.log","010.xoutput"],"id":16,"resource":"128","request_start":1576626786583,"request_end":1576626828747,"request_duration":42164,"type":"128"}
{"start":1576626825049,"end":1576626859700,"duration":34651,"downloading_duration":1368,"execution_duration":32600,"uploading_duration":683,"executable":"ellipsoids-openmp","args":["1.dat","144.log","144.xoutput"],"id":100,"resource":"128","request_start":1576626786711,"request_end":1576626859718,"request_duration":73007,"type":"128"}
{"start":1576626825556,"end":1576626861507,"duration":35951,"downloading_duration":1287,"execution_duration":33919,"uploading_duration":745,"executable":"ellipsoids-openmp","args":["1.dat","147.log","147.xoutput"],"id":103,"resource":"128","request_start":1576626786712,"request_end":1576626861525,"request_duration":74813,"type":"128"}
{"start":1576626825513,"end":1576626861812,"duration":36299,"downloading_duration":1391,"execution_duration":34161,"uploading_duration":747,"executable":"ellipsoids-openmp","args":["1.dat","146.log","146.xoutput"],"id":102,"resource":"128","request_start":1576626786712,"request_end":1576626861834,"request_duration":75122,"type":"128"}
{"start":1576626825986,"end":1576626862679,"duration":36693,"downloading_duration":1371,"execution_duration":34621,"uploading_duration":701,"executable":"ellipsoids-openmp","args":["1.dat","149.log","149.xoutput"],"id":105,"resource":"128","request_start":1576626786714,"request_end":1576626862700,"request_duration":75986,"type":"128"}
{"start":1576626825722,"end":1576626862961,"duration":37239,"downloading_duration":1480,"execution_duration":35000,"uploading_duration":759,"executable":"ellipsoids-openmp","args":["1.dat","148.log","148.xoutput"],"id":104,"resource":"128","request_start":1576626786713,"request_end":1576626862981,"request_duration":76268,"type":"128"}
{"start":1576626825494,"end":1576626863284,"duration":37790,"downloading_duration":1371,"execution_duration":35700,"uploading_duration":719,"executable":"ellipsoids-openmp","args":["1.dat","145.log","145.xoutput"],"id":101,"resource":"128","request_start":1576626786711,"request_end":1576626863307,"request_duration":76596,"type":"128"}
{"start":1576626828669,"end":1576626863788,"duration":35119,"downloading_duration":1409,"execution_duration":33041,"uploading_duration":669,"executable":"ellipsoids-openmp","args":["1.dat","142.log","142.xoutput"],"id":98,"resource":"128","request_start":1576626786748,"request_end":1576626863851,"request_duration":77103,"type":"128"}
{"start":1576626826672,"end":1576626864191,"duration":37519,"downloading_duration":1281,"execution_duration":35561,"uploading_duration":677,"executable":"ellipsoids-openmp","args":["1.dat","18.log","18.xoutput"],"id":64,"resource":"128","request_start":1576626786719,"request_end":1576626864211,"request_duration":77492,"type":"128"}
{"start":1576626826956,"end":1576626864278,"duration":37322,"downloading_duration":1225,"execution_duration":35340,"uploading_duration":757,"executable":"ellipsoids-openmp","args":["1.dat","115.log","115.xoutput"],"id":71,"resource":"128","request_start":1576626786722,"request_end":1576626864296,"request_duration":77574,"type":"128"}
{"start":1576626826927,"end":1576626864338,"duration":37411,"downloading_duration":1413,"execution_duration":35260,"uploading_duration":738,"executable":"ellipsoids-openmp","args":["1.dat","113.log","113.xoutput"],"id":69,"resource":"128","request_start":1576626786721,"request_end":1576626864358,"request_duration":77637,"type":"128"}
{"start":1576626826612,"end":1576626864601,"duration":37989,"downloading_duration":1373,"execution_duration":35880,"uploading_duration":736,"executable":"ellipsoids-openmp","args":["1.dat","15.log","15.xoutput"],"id":61,"resource":"128","request_start":1576626786717,"request_end":1576626864619,"request_duration":77902,"type":"128"}
{"start":1576626826969,"end":1576626864617,"duration":37648,"downloading_duration":1394,"execution_duration":35400,"uploading_duration":854,"executable":"ellipsoids-openmp","args":["1.dat","116.log","116.xoutput"],"id":72,"resource":"128","request_start":1576626786723,"request_end":1576626864635,"request_duration":77912,"type":"128"}
{"start":1576626826117,"end":1576626864659,"duration":38542,"downloading_duration":1436,"execution_duration":36401,"uploading_duration":705,"executable":"ellipsoids-openmp","args":["1.dat","12.log","12.xoutput"],"id":58,"resource":"128","request_start":1576626786715,"request_end":1576626864679,"request_duration":77964,"type":"128"}
{"start":1576626826059,"end":1576626864892,"duration":38833,"downloading_duration":1309,"execution_duration":35980,"uploading_duration":1544,"executable":"ellipsoids-openmp","args":["1.dat","11.log","11.xoutput"],"id":57,"resource":"128","request_start":1576626786715,"request_end":1576626864911,"request_duration":78196,"type":"128"}
{"start":1576626827208,"end":1576626864922,"duration":37714,"downloading_duration":1635,"execution_duration":35420,"uploading_duration":659,"executable":"ellipsoids-openmp","args":["1.dat","122.log","122.xoutput"],"id":78,"resource":"128","request_start":1576626786731,"request_end":1576626864945,"request_duration":78214,"type":"128"}
{"start":1576626826877,"end":1576626864986,"duration":38109,"downloading_duration":1514,"execution_duration":35840,"uploading_duration":755,"executable":"ellipsoids-openmp","args":["1.dat","111.log","111.xoutput"],"id":67,"resource":"128","request_start":1576626786720,"request_end":1576626865005,"request_duration":78285,"type":"128"}
{"start":1576626827084,"end":1576626865009,"duration":37925,"downloading_duration":1439,"execution_duration":35780,"uploading_duration":706,"executable":"ellipsoids-openmp","args":["1.dat","119.log","119.xoutput"],"id":75,"resource":"128","request_start":1576626786725,"request_end":1576626865028,"request_duration":78303,"type":"128"}
{"start":1576626827491,"end":1576626865014,"duration":37523,"downloading_duration":1579,"execution_duration":35260,"uploading_duration":684,"executable":"ellipsoids-openmp","args":["1.dat","128.log","128.xoutput"],"id":84,"resource":"128","request_start":1576626786737,"request_end":1576626865035,"request_duration":78298,"type":"128"}
{"start":1576626826660,"end":1576626865041,"duration":38381,"downloading_duration":1420,"execution_duration":36240,"uploading_duration":721,"executable":"ellipsoids-openmp","args":["1.dat","17.log","17.xoutput"],"id":63,"resource":"128","request_start":1576626786718,"request_end":1576626865066,"request_duration":78348,"type":"128"}
{"start":1576626827127,"end":1576626865100,"duration":37973,"downloading_duration":1425,"execution_duration":35541,"uploading_duration":1007,"executable":"ellipsoids-openmp","args":["1.dat","121.log","121.xoutput"],"id":77,"resource":"128","request_start":1576626786726,"request_end":1576626865120,"request_duration":78394,"type":"128"}
{"start":1576626828771,"end":1576626865101,"duration":36330,"downloading_duration":1399,"execution_duration":34280,"uploading_duration":651,"executable":"ellipsoids-openmp","args":["1.dat","143.log","143.xoutput"],"id":99,"resource":"128","request_start":1576626786749,"request_end":1576626865122,"request_duration":78373,"type":"128"}
{"start":1576626825998,"end":1576626865172,"duration":39174,"downloading_duration":1249,"execution_duration":36900,"uploading_duration":1025,"executable":"ellipsoids-openmp","args":["1.dat","10.log","10.xoutput"],"id":56,"resource":"128","request_start":1576626786714,"request_end":1576626865192,"request_duration":78478,"type":"128"}
{"start":1576626827527,"end":1576626865175,"duration":37648,"downloading_duration":1401,"execution_duration":35520,"uploading_duration":727,"executable":"ellipsoids-openmp","args":["1.dat","131.log","131.xoutput"],"id":87,"resource":"128","request_start":1576626786739,"request_end":1576626865197,"request_duration":78458,"type":"128"}
{"start":1576626826817,"end":1576626865241,"duration":38424,"downloading_duration":1459,"execution_duration":36240,"uploading_duration":725,"executable":"ellipsoids-openmp","args":["1.dat","110.log","110.xoutput"],"id":66,"resource":"128","request_start":1576626786720,"request_end":1576626865263,"request_duration":78543,"type":"128"}
{"start":1576626827413,"end":1576626865273,"duration":37860,"downloading_duration":1345,"execution_duration":35801,"uploading_duration":714,"executable":"ellipsoids-openmp","args":["1.dat","127.log","127.xoutput"],"id":83,"resource":"128","request_start":1576626786736,"request_end":1576626865292,"request_duration":78556,"type":"128"}
{"start":1576626826975,"end":1576626865281,"duration":38306,"downloading_duration":1346,"execution_duration":36341,"uploading_duration":619,"executable":"ellipsoids-openmp","args":["1.dat","117.log","117.xoutput"],"id":73,"resource":"128","request_start":1576626786724,"request_end":1576626865301,"request_duration":78577,"type":"128"}
{"start":1576626826195,"end":1576626865384,"duration":39189,"downloading_duration":1374,"execution_duration":37080,"uploading_duration":735,"executable":"ellipsoids-openmp","args":["1.dat","13.log","13.xoutput"],"id":59,"resource":"128","request_start":1576626786716,"request_end":1576626865409,"request_duration":78693,"type":"128"}
{"start":1576626826953,"end":1576626865395,"duration":38442,"downloading_duration":1336,"execution_duration":36420,"uploading_duration":686,"executable":"ellipsoids-openmp","args":["1.dat","114.log","114.xoutput"],"id":70,"resource":"128","request_start":1576626786722,"request_end":1576626865416,"request_duration":78694,"type":"128"}
{"start":1576626826424,"end":1576626865433,"duration":39009,"downloading_duration":1462,"execution_duration":36740,"uploading_duration":807,"executable":"ellipsoids-openmp","args":["1.dat","14.log","14.xoutput"],"id":60,"resource":"128","request_start":1576626786716,"request_end":1576626865455,"request_duration":78739,"type":"128"}
{"start":1576626826724,"end":1576626865483,"duration":38759,"downloading_duration":1365,"execution_duration":36741,"uploading_duration":653,"executable":"ellipsoids-openmp","args":["1.dat","19.log","19.xoutput"],"id":65,"resource":"128","request_start":1576626786719,"request_end":1576626865513,"request_duration":78794,"type":"128"}
{"start":1576626826883,"end":1576626865511,"duration":38628,"downloading_duration":1304,"execution_duration":36520,"uploading_duration":804,"executable":"ellipsoids-openmp","args":["1.dat","112.log","112.xoutput"],"id":68,"resource":"128","request_start":1576626786721,"request_end":1576626865531,"request_duration":78810,"type":"128"}
{"start":1576626826665,"end":1576626865534,"duration":38869,"downloading_duration":1687,"execution_duration":36520,"uploading_duration":662,"executable":"ellipsoids-openmp","args":["1.dat","16.log","16.xoutput"],"id":62,"resource":"128","request_start":1576626786717,"request_end":1576626865553,"request_duration":78836,"type":"128"}
{"start":1576626827061,"end":1576626865635,"duration":38574,"downloading_duration":1429,"execution_duration":35980,"uploading_duration":1165,"executable":"ellipsoids-openmp","args":["1.dat","118.log","118.xoutput"],"id":74,"resource":"128","request_start":1576626786724,"request_end":1576626865658,"request_duration":78934,"type":"128"}
{"start":1576626827880,"end":1576626865640,"duration":37760,"downloading_duration":1415,"execution_duration":35501,"uploading_duration":844,"executable":"ellipsoids-openmp","args":["1.dat","137.log","137.xoutput"],"id":93,"resource":"128","request_start":1576626786744,"request_end":1576626865664,"request_duration":78920,"type":"128"}
{"start":1576626827525,"end":1576626865682,"duration":38157,"downloading_duration":1352,"execution_duration":36061,"uploading_duration":744,"executable":"ellipsoids-openmp","args":["1.dat","130.log","130.xoutput"],"id":86,"resource":"128","request_start":1576626786738,"request_end":1576626865700,"request_duration":78962,"type":"128"}
{"start":1576626827509,"end":1576626865773,"duration":38264,"downloading_duration":1360,"execution_duration":35880,"uploading_duration":1024,"executable":"ellipsoids-openmp","args":["1.dat","129.log","129.xoutput"],"id":85,"resource":"128","request_start":1576626786737,"request_end":1576626865800,"request_duration":79063,"type":"128"}
{"start":1576626827933,"end":1576626865910,"duration":37977,"downloading_duration":1413,"execution_duration":35721,"uploading_duration":843,"executable":"ellipsoids-openmp","args":["1.dat","138.log","138.xoutput"],"id":94,"resource":"128","request_start":1576626786745,"request_end":1576626865952,"request_duration":79207,"type":"128"}
{"start":1576626827380,"end":1576626865958,"duration":38578,"downloading_duration":1340,"execution_duration":36600,"uploading_duration":638,"executable":"ellipsoids-openmp","args":["1.dat","126.log","126.xoutput"],"id":82,"resource":"128","request_start":1576626786735,"request_end":1576626865976,"request_duration":79241,"type":"128"}
{"start":1576626827380,"end":1576626866124,"duration":38744,"downloading_duration":1380,"execution_duration":36641,"uploading_duration":723,"executable":"ellipsoids-openmp","args":["1.dat","125.log","125.xoutput"],"id":81,"resource":"128","request_start":1576626786734,"request_end":1576626866161,"request_duration":79427,"type":"128"}
{"start":1576626828543,"end":1576626866183,"duration":37640,"downloading_duration":1356,"execution_duration":35600,"uploading_duration":684,"executable":"ellipsoids-openmp","args":["1.dat","141.log","141.xoutput"],"id":97,"resource":"128","request_start":1576626786747,"request_end":1576626866206,"request_duration":79459,"type":"128"}
{"start":1576626827108,"end":1576626866194,"duration":39086,"downloading_duration":1331,"execution_duration":37081,"uploading_duration":674,"executable":"ellipsoids-openmp","args":["1.dat","120.log","120.xoutput"],"id":76,"resource":"128","request_start":1576626786725,"request_end":1576626866216,"request_duration":79491,"type":"128"}
{"start":1576626827710,"end":1576626866245,"duration":38535,"downloading_duration":1313,"execution_duration":36241,"uploading_duration":981,"executable":"ellipsoids-openmp","args":["1.dat","136.log","136.xoutput"],"id":92,"resource":"128","request_start":1576626786743,"request_end":1576626866265,"request_duration":79522,"type":"128"}
{"start":1576626827233,"end":1576626866276,"duration":39043,"downloading_duration":1619,"execution_duration":36721,"uploading_duration":703,"executable":"ellipsoids-openmp","args":["1.dat","123.log","123.xoutput"],"id":79,"resource":"128","request_start":1576626786732,"request_end":1576626866295,"request_duration":79563,"type":"128"}
{"start":1576626827265,"end":1576626866411,"duration":39146,"downloading_duration":1395,"execution_duration":37001,"uploading_duration":750,"executable":"ellipsoids-openmp","args":["1.dat","124.log","124.xoutput"],"id":80,"resource":"128","request_start":1576626786733,"request_end":1576626866429,"request_duration":79696,"type":"128"}
{"start":1576626827547,"end":1576626866605,"duration":39058,"downloading_duration":1499,"execution_duration":36821,"uploading_duration":738,"executable":"ellipsoids-openmp","args":["1.dat","132.log","132.xoutput"],"id":88,"resource":"128","request_start":1576626786740,"request_end":1576626866624,"request_duration":79884,"type":"128"}
{"start":1576626827582,"end":1576626866732,"duration":39150,"downloading_duration":1306,"execution_duration":37021,"uploading_duration":823,"executable":"ellipsoids-openmp","args":["1.dat","133.log","133.xoutput"],"id":89,"resource":"128","request_start":1576626786741,"request_end":1576626866751,"request_duration":80010,"type":"128"}
{"start":1576626827594,"end":1576626866817,"duration":39223,"downloading_duration":1412,"execution_duration":37140,"uploading_duration":671,"executable":"ellipsoids-openmp","args":["1.dat","134.log","134.xoutput"],"id":90,"resource":"128","request_start":1576626786742,"request_end":1576626866837,"request_duration":80095,"type":"128"}
{"start":1576626827688,"end":1576626867005,"duration":39317,"downloading_duration":1487,"execution_duration":37100,"uploading_duration":730,"executable":"ellipsoids-openmp","args":["1.dat","135.log","135.xoutput"],"id":91,"resource":"128","request_start":1576626786742,"request_end":1576626867026,"request_duration":80284,"type":"128"}
{"start":1576626827991,"end":1576626867203,"duration":39212,"downloading_duration":1482,"execution_duration":37020,"uploading_duration":710,"executable":"ellipsoids-openmp","args":["1.dat","139.log","139.xoutput"],"id":95,"resource":"128","request_start":1576626786746,"request_end":1576626867223,"request_duration":80477,"type":"128"}
{"start":1576626828142,"end":1576626867613,"duration":39471,"downloading_duration":1326,"execution_duration":37320,"uploading_duration":825,"executable":"ellipsoids-openmp","args":["1.dat","140.log","140.xoutput"],"id":96,"resource":"128","request_start":1576626786746,"request_end":1576626867636,"request_duration":80890,"type":"128"}
{"start":1576626859747,"end":1576626896746,"duration":36999,"downloading_duration":1310,"execution_duration":35000,"uploading_duration":689,"executable":"ellipsoids-openmp","args":["2.dat","20.log","20.xoutput"],"id":106,"resource":"128","request_start":1576626786793,"request_end":1576626896767,"request_duration":109974,"type":"128"}
{"start":1576626861862,"end":1576626900383,"duration":38521,"downloading_duration":1382,"execution_duration":36421,"uploading_duration":718,"executable":"ellipsoids-openmp","args":["2.dat","22.log","22.xoutput"],"id":108,"resource":"128","request_start":1576626786795,"request_end":1576626900407,"request_duration":113612,"type":"128"}
{"start":1576626862732,"end":1576626901545,"duration":38813,"downloading_duration":1386,"execution_duration":36700,"uploading_duration":727,"executable":"ellipsoids-openmp","args":["2.dat","23.log","23.xoutput"],"id":109,"resource":"128","request_start":1576626786796,"request_end":1576626901566,"request_duration":114770,"type":"128"}
{"start":1576626861555,"end":1576626901879,"duration":40324,"downloading_duration":1307,"execution_duration":38081,"uploading_duration":936,"executable":"ellipsoids-openmp","args":["2.dat","21.log","21.xoutput"],"id":107,"resource":"128","request_start":1576626786794,"request_end":1576626901963,"request_duration":115169,"type":"128"}
{"start":1576626863332,"end":1576626901940,"duration":38608,"downloading_duration":1653,"execution_duration":36221,"uploading_duration":734,"executable":"ellipsoids-openmp","args":["2.dat","25.log","25.xoutput"],"id":111,"resource":"128","request_start":1576626786797,"request_end":1576626901999,"request_duration":115202,"type":"128"}
{"start":1576626864323,"end":1576626902489,"duration":38166,"downloading_duration":1318,"execution_duration":36160,"uploading_duration":688,"executable":"ellipsoids-openmp","args":["2.dat","28.log","28.xoutput"],"id":114,"resource":"128","request_start":1576626786800,"request_end":1576626902509,"request_duration":115709,"type":"128"}
{"start":1576626864238,"end":1576626902503,"duration":38265,"downloading_duration":1380,"execution_duration":36136,"uploading_duration":749,"executable":"ellipsoids-openmp","args":["2.dat","27.log","27.xoutput"],"id":113,"resource":"128","request_start":1576626786799,"request_end":1576626902526,"request_duration":115727,"type":"128"}
{"start":1576626864645,"end":1576626902782,"duration":38137,"downloading_duration":1338,"execution_duration":36101,"uploading_duration":698,"executable":"ellipsoids-openmp","args":["2.dat","210.log","210.xoutput"],"id":116,"resource":"128","request_start":1576626786801,"request_end":1576626902802,"request_duration":116001,"type":"128"}
{"start":1576626863878,"end":1576626902887,"duration":39009,"downloading_duration":1681,"execution_duration":36581,"uploading_duration":747,"executable":"ellipsoids-openmp","args":["2.dat","26.log","26.xoutput"],"id":112,"resource":"128","request_start":1576626786798,"request_end":1576626902906,"request_duration":116108,"type":"128"}
{"start":1576626865153,"end":1576626903038,"duration":37885,"downloading_duration":1340,"execution_duration":35881,"uploading_duration":664,"executable":"ellipsoids-openmp","args":["2.dat","220.log","220.xoutput"],"id":126,"resource":"128","request_start":1576626786806,"request_end":1576626903060,"request_duration":116254,"type":"128"}
{"start":1576626864660,"end":1576626903047,"duration":38387,"downloading_duration":1365,"execution_duration":36340,"uploading_duration":682,"executable":"ellipsoids-openmp","args":["2.dat","211.log","211.xoutput"],"id":117,"resource":"128","request_start":1576626786802,"request_end":1576626903070,"request_duration":116268,"type":"128"}
{"start":1576626864941,"end":1576626903089,"duration":38148,"downloading_duration":1582,"execution_duration":35840,"uploading_duration":726,"executable":"ellipsoids-openmp","args":["2.dat","213.log","213.xoutput"],"id":119,"resource":"128","request_start":1576626786803,"request_end":1576626903111,"request_duration":116308,"type":"128"}
{"start":1576626863004,"end":1576626903299,"duration":40295,"downloading_duration":1658,"execution_duration":37940,"uploading_duration":697,"executable":"ellipsoids-openmp","args":["2.dat","24.log","24.xoutput"],"id":110,"resource":"128","request_start":1576626786797,"request_end":1576626903318,"request_duration":116521,"type":"128"}
{"start":1576626865559,"end":1576626903355,"duration":37796,"downloading_duration":1388,"execution_duration":35741,"uploading_duration":667,"executable":"ellipsoids-openmp","args":["2.dat","230.log","230.xoutput"],"id":136,"resource":"128","request_start":1576626786811,"request_end":1576626903374,"request_duration":116563,"type":"128"}
{"start":1576626864384,"end":1576626903582,"duration":39198,"downloading_duration":1656,"execution_duration":36820,"uploading_duration":722,"executable":"ellipsoids-openmp","args":["2.dat","29.log","29.xoutput"],"id":115,"resource":"128","request_start":1576626786801,"request_end":1576626903603,"request_duration":116802,"type":"128"}
{"start":1576626865230,"end":1576626903806,"duration":38576,"downloading_duration":1598,"execution_duration":36280,"uploading_duration":698,"executable":"ellipsoids-openmp","args":["2.dat","221.log","221.xoutput"],"id":127,"resource":"128","request_start":1576626786807,"request_end":1576626903937,"request_duration":117130,"type":"128"}
{"start":1576626865033,"end":1576626903833,"duration":38800,"downloading_duration":1757,"execution_duration":36361,"uploading_duration":682,"executable":"ellipsoids-openmp","args":["2.dat","215.log","215.xoutput"],"id":121,"resource":"128","request_start":1576626786804,"request_end":1576626903941,"request_duration":117137,"type":"128"}
{"start":1576626866188,"end":1576626903892,"duration":37704,"downloading_duration":1312,"execution_duration":35701,"uploading_duration":691,"executable":"ellipsoids-openmp","args":["2.dat","238.log","238.xoutput"],"id":144,"resource":"128","request_start":1576626786815,"request_end":1576626903954,"request_duration":117139,"type":"128"}
{"start":1576626865327,"end":1576626903951,"duration":38624,"downloading_duration":1389,"execution_duration":36500,"uploading_duration":735,"executable":"ellipsoids-openmp","args":["2.dat","225.log","225.xoutput"],"id":131,"resource":"128","request_start":1576626786809,"request_end":1576626903971,"request_duration":117162,"type":"128"}
{"start":1576626865446,"end":1576626904023,"duration":38577,"downloading_duration":1720,"execution_duration":36160,"uploading_duration":697,"executable":"ellipsoids-openmp","args":["2.dat","227.log","227.xoutput"],"id":133,"resource":"128","request_start":1576626786810,"request_end":1576626904046,"request_duration":117236,"type":"128"}
{"start":1576626864706,"end":1576626904044,"duration":39338,"downloading_duration":1348,"execution_duration":37320,"uploading_duration":670,"executable":"ellipsoids-openmp","args":["2.dat","212.log","212.xoutput"],"id":118,"resource":"128","request_start":1576626786802,"request_end":1576626904066,"request_duration":117264,"type":"128"}
{"start":1576626865147,"end":1576626904101,"duration":38954,"downloading_duration":1363,"execution_duration":36840,"uploading_duration":751,"executable":"ellipsoids-openmp","args":["2.dat","219.log","219.xoutput"],"id":125,"resource":"128","request_start":1576626786806,"request_end":1576626904122,"request_duration":117316,"type":"128"}
{"start":1576626865294,"end":1576626904213,"duration":38919,"downloading_duration":1387,"execution_duration":36822,"uploading_duration":710,"executable":"ellipsoids-openmp","args":["2.dat","223.log","223.xoutput"],"id":129,"resource":"128","request_start":1576626786808,"request_end":1576626904233,"request_duration":117425,"type":"128"}
{"start":1576626865058,"end":1576626904263,"duration":39205,"downloading_duration":1742,"execution_duration":36720,"uploading_duration":743,"executable":"ellipsoids-openmp","args":["2.dat","216.log","216.xoutput"],"id":122,"resource":"128","request_start":1576626786804,"request_end":1576626904286,"request_duration":117482,"type":"128"}
{"start":1576626864988,"end":1576626904316,"duration":39328,"downloading_duration":1440,"execution_duration":37140,"uploading_duration":748,"executable":"ellipsoids-openmp","args":["2.dat","214.log","214.xoutput"],"id":120,"resource":"128","request_start":1576626786803,"request_end":1576626904336,"request_duration":117533,"type":"128"}
{"start":1576626865060,"end":1576626904373,"duration":39313,"downloading_duration":1643,"execution_duration":36981,"uploading_duration":689,"executable":"ellipsoids-openmp","args":["2.dat","217.log","217.xoutput"],"id":123,"resource":"128","request_start":1576626786805,"request_end":1576626904396,"request_duration":117591,"type":"128"}
{"start":1576626865481,"end":1576626904388,"duration":38907,"downloading_duration":1608,"execution_duration":36561,"uploading_duration":738,"executable":"ellipsoids-openmp","args":["2.dat","228.log","228.xoutput"],"id":134,"resource":"128","request_start":1576626786810,"request_end":1576626904410,"request_duration":117600,"type":"128"}
{"start":1576626865827,"end":1576626904430,"duration":38603,"downloading_duration":1322,"execution_duration":36661,"uploading_duration":620,"executable":"ellipsoids-openmp","args":["2.dat","235.log","235.xoutput"],"id":141,"resource":"128","request_start":1576626786814,"request_end":1576626904452,"request_duration":117638,"type":"128"}
{"start":1576626865320,"end":1576626904489,"duration":39169,"downloading_duration":1439,"execution_duration":36981,"uploading_duration":749,"executable":"ellipsoids-openmp","args":["2.dat","224.log","224.xoutput"],"id":130,"resource":"128","request_start":1576626786808,"request_end":1576626904508,"request_duration":117700,"type":"128"}
{"start":1576626865693,"end":1576626904691,"duration":38998,"downloading_duration":1462,"execution_duration":36701,"uploading_duration":835,"executable":"ellipsoids-openmp","args":["2.dat","232.log","232.xoutput"],"id":138,"resource":"128","request_start":1576626786812,"request_end":1576626904715,"request_duration":117903,"type":"128"}
{"start":1576626865092,"end":1576626904880,"duration":39788,"downloading_duration":1718,"execution_duration":37401,"uploading_duration":669,"executable":"ellipsoids-openmp","args":["2.dat","218.log","218.xoutput"],"id":124,"resource":"128","request_start":1576626786805,"request_end":1576626904899,"request_duration":118094,"type":"128"}
{"start":1576626865982,"end":1576626904901,"duration":38919,"downloading_duration":1398,"execution_duration":36860,"uploading_duration":661,"executable":"ellipsoids-openmp","args":["2.dat","236.log","236.xoutput"],"id":142,"resource":"128","request_start":1576626786814,"request_end":1576626904922,"request_duration":118108,"type":"128"}
{"start":1576626866249,"end":1576626904904,"duration":38655,"downloading_duration":1289,"execution_duration":36681,"uploading_duration":685,"executable":"ellipsoids-openmp","args":["2.dat","240.log","240.xoutput"],"id":146,"resource":"128","request_start":1576626786816,"request_end":1576626904942,"request_duration":118126,"type":"128"}
{"start":1576626865437,"end":1576626905026,"duration":39589,"downloading_duration":1352,"execution_duration":37281,"uploading_duration":956,"executable":"ellipsoids-openmp","args":["2.dat","226.log","226.xoutput"],"id":132,"resource":"128","request_start":1576626786809,"request_end":1576626905045,"request_duration":118236,"type":"128"}
{"start":1576626865725,"end":1576626905120,"duration":39395,"downloading_duration":1525,"execution_duration":37141,"uploading_duration":729,"executable":"ellipsoids-openmp","args":["2.dat","234.log","234.xoutput"],"id":140,"resource":"128","request_start":1576626786813,"request_end":1576626905138,"request_duration":118325,"type":"128"}
{"start":1576626866232,"end":1576626905173,"duration":38941,"downloading_duration":1287,"execution_duration":36901,"uploading_duration":753,"executable":"ellipsoids-openmp","args":["2.dat","239.log","239.xoutput"],"id":145,"resource":"128","request_start":1576626786816,"request_end":1576626905196,"request_duration":118380,"type":"128"}
{"start":1576626866318,"end":1576626905183,"duration":38865,"downloading_duration":1286,"execution_duration":36820,"uploading_duration":759,"executable":"ellipsoids-openmp","args":["2.dat","242.log","242.xoutput"],"id":148,"resource":"128","request_start":1576626786817,"request_end":1576626905206,"request_duration":118389,"type":"128"}
{"start":1576626865230,"end":1576626905308,"duration":40078,"downloading_duration":1417,"execution_duration":37961,"uploading_duration":700,"executable":"ellipsoids-openmp","args":["2.dat","222.log","222.xoutput"],"id":128,"resource":"128","request_start":1576626786807,"request_end":1576626905328,"request_duration":118521,"type":"128"}
{"start":1576626866010,"end":1576626905328,"duration":39318,"downloading_duration":1437,"execution_duration":37240,"uploading_duration":641,"executable":"ellipsoids-openmp","args":["2.dat","237.log","237.xoutput"],"id":143,"resource":"128","request_start":1576626786815,"request_end":1576626905356,"request_duration":118541,"type":"128"}
{"start":1576626866293,"end":1576626905486,"duration":39193,"downloading_duration":1319,"execution_duration":37221,"uploading_duration":653,"executable":"ellipsoids-openmp","args":["2.dat","241.log","241.xoutput"],"id":147,"resource":"128","request_start":1576626786817,"request_end":1576626905506,"request_duration":118689,"type":"128"}
{"start":1576626865699,"end":1576626905642,"duration":39943,"downloading_duration":1298,"execution_duration":37881,"uploading_duration":764,"executable":"ellipsoids-openmp","args":["2.dat","233.log","233.xoutput"],"id":139,"resource":"128","request_start":1576626786813,"request_end":1576626905677,"request_duration":118864,"type":"128"}
{"start":1576626866458,"end":1576626905702,"duration":39244,"downloading_duration":1503,"execution_duration":37021,"uploading_duration":720,"executable":"ellipsoids-openmp","args":["2.dat","243.log","243.xoutput"],"id":149,"resource":"128","request_start":1576626786818,"request_end":1576626905722,"request_duration":118904,"type":"128"}
{"start":1576626865580,"end":1576626905776,"duration":40196,"downloading_duration":1390,"execution_duration":38140,"uploading_duration":666,"executable":"ellipsoids-openmp","args":["2.dat","231.log","231.xoutput"],"id":137,"resource":"128","request_start":1576626786812,"request_end":1576626905887,"request_duration":119075,"type":"128"}
{"start":1576626866782,"end":1576626906841,"duration":40059,"downloading_duration":1346,"execution_duration":38041,"uploading_duration":672,"executable":"ellipsoids-openmp","args":["2.dat","245.log","245.xoutput"],"id":151,"resource":"128","request_start":1576626786819,"request_end":1576626906861,"request_duration":120042,"type":"128"}
{"start":1576626866870,"end":1576626907075,"duration":40205,"downloading_duration":1255,"execution_duration":38260,"uploading_duration":690,"executable":"ellipsoids-openmp","args":["2.dat","246.log","246.xoutput"],"id":152,"resource":"128","request_start":1576626786819,"request_end":1576626907097,"request_duration":120278,"type":"128"}
{"start":1576626865544,"end":1576626907188,"duration":41644,"downloading_duration":3408,"execution_duration":37541,"uploading_duration":695,"executable":"ellipsoids-openmp","args":["2.dat","229.log","229.xoutput"],"id":135,"resource":"128","request_start":1576626786811,"request_end":1576626907208,"request_duration":120397,"type":"128"}
{"start":1576626866650,"end":1576626907487,"duration":40837,"downloading_duration":1756,"execution_duration":38422,"uploading_duration":659,"executable":"ellipsoids-openmp","args":["2.dat","244.log","244.xoutput"],"id":150,"resource":"128","request_start":1576626786818,"request_end":1576626907506,"request_duration":120688,"type":"128"}
{"start":1576626867061,"end":1576626907677,"duration":40616,"downloading_duration":1333,"execution_duration":38560,"uploading_duration":723,"executable":"ellipsoids-openmp","args":["2.dat","247.log","247.xoutput"],"id":153,"resource":"128","request_start":1576626786820,"request_end":1576626907733,"request_duration":120913,"type":"128"}
{"start":1576626867247,"end":1576626907925,"duration":40678,"downloading_duration":1386,"execution_duration":38621,"uploading_duration":671,"executable":"ellipsoids-openmp","args":["2.dat","248.log","248.xoutput"],"id":154,"resource":"128","request_start":1576626786820,"request_end":1576626907946,"request_duration":121126,"type":"128"}
{"start":1576626867665,"end":1576626909179,"duration":41514,"downloading_duration":1263,"execution_duration":39520,"uploading_duration":731,"executable":"ellipsoids-openmp","args":["2.dat","249.log","249.xoutput"],"id":155,"resource":"128","request_start":1576626786821,"request_end":1576626909201,"request_duration":122380,"type":"128"}
{"start":1576626896799,"end":1576626934463,"duration":37664,"downloading_duration":1558,"execution_duration":35362,"uploading_duration":744,"executable":"ellipsoids-openmp","args":["3.dat","30.log","30.xoutput"],"id":156,"resource":"128","request_start":1576626786987,"request_end":1576626934482,"request_duration":147495,"type":"128"}
{"start":1576626900437,"end":1576626938249,"duration":37812,"downloading_duration":1667,"execution_duration":35481,"uploading_duration":664,"executable":"ellipsoids-openmp","args":["3.dat","31.log","31.xoutput"],"id":157,"resource":"128","request_start":1576626786989,"request_end":1576626938269,"request_duration":151280,"type":"128"}
{"start":1576626903140,"end":1576626938253,"duration":35113,"downloading_duration":1333,"execution_duration":33101,"uploading_duration":679,"executable":"ellipsoids-openmp","args":["3.dat","311.log","311.xoutput"],"id":167,"resource":"128","request_start":1576626786999,"request_end":1576626938273,"request_duration":151274,"type":"128"}
{"start":1576626903350,"end":1576626938469,"duration":35119,"downloading_duration":1372,"execution_duration":33021,"uploading_duration":726,"executable":"ellipsoids-openmp","args":["3.dat","312.log","312.xoutput"],"id":168,"resource":"128","request_start":1576626787000,"request_end":1576626938492,"request_duration":151492,"type":"128"}
{"start":1576626903103,"end":1576626938838,"duration":35735,"downloading_duration":1320,"execution_duration":33741,"uploading_duration":674,"executable":"ellipsoids-openmp","args":["3.dat","310.log","310.xoutput"],"id":166,"resource":"128","request_start":1576626786998,"request_end":1576626938859,"request_duration":151861,"type":"128"}
{"start":1576626902029,"end":1576626938968,"duration":36939,"downloading_duration":1353,"execution_duration":34942,"uploading_duration":644,"executable":"ellipsoids-openmp","args":["3.dat","34.log","34.xoutput"],"id":160,"resource":"128","request_start":1576626786992,"request_end":1576626938988,"request_duration":151996,"type":"128"}
{"start":1576626934517,"end":1576626939162,"duration":4645,"downloading_duration":4161,"execution_duration":40,"uploading_duration":444,"executable":"mean-pack-ell","args":["00.xoutput","01.xoutput","02.xoutput","03.xoutput","04.xoutput","05.xoutput","06.xoutput","07.xoutput","08.xoutput","09.xoutput","010.xoutput","011.xoutput","012.xoutput","013.xoutput","014.xoutput","015.xoutput","016.xoutput","017.xoutput","018.xoutput","019.xoutput","020.xoutput","021.xoutput","022.xoutput","023.xoutput","024.xoutput","025.xoutput","026.xoutput","027.xoutput","028.xoutput","029.xoutput","030.xoutput","031.xoutput","032.xoutput","033.xoutput","034.xoutput","035.xoutput","036.xoutput","037.xoutput","038.xoutput","039.xoutput","040.xoutput","041.xoutput","042.xoutput","043.xoutput","044.xoutput","045.xoutput","046.xoutput","047.xoutput","048.xoutput","049.xoutput","average_0.txt"],"id":206,"resource":"128","request_start":1576626828765,"request_end":1576626939182,"request_duration":110417,"type":"128"}
{"start":1576626902936,"end":1576626939197,"duration":36261,"downloading_duration":1424,"execution_duration":34179,"uploading_duration":658,"executable":"ellipsoids-openmp","args":["3.dat","38.log","38.xoutput"],"id":164,"resource":"128","request_start":1576626786996,"request_end":1576626939247,"request_duration":152251,"type":"128"}
{"start":1576626902575,"end":1576626939255,"duration":36680,"downloading_duration":1386,"execution_duration":34600,"uploading_duration":694,"executable":"ellipsoids-openmp","args":["3.dat","35.log","35.xoutput"],"id":161,"resource":"128","request_start":1576626786993,"request_end":1576626939274,"request_duration":152281,"type":"128"}
{"start":1576626901996,"end":1576626939326,"duration":37330,"downloading_duration":1449,"execution_duration":35161,"uploading_duration":720,"executable":"ellipsoids-openmp","args":["3.dat","33.log","33.xoutput"],"id":159,"resource":"128","request_start":1576626786991,"request_end":1576626939345,"request_duration":152354,"type":"128"}
{"start":1576626903087,"end":1576626939397,"duration":36310,"downloading_duration":1358,"execution_duration":34240,"uploading_duration":712,"executable":"ellipsoids-openmp","args":["3.dat","39.log","39.xoutput"],"id":165,"resource":"128","request_start":1576626786997,"request_end":1576626939418,"request_duration":152421,"type":"128"}
{"start":1576626902830,"end":1576626939543,"duration":36713,"downloading_duration":1273,"execution_duration":34781,"uploading_duration":659,"executable":"ellipsoids-openmp","args":["3.dat","37.log","37.xoutput"],"id":163,"resource":"128","request_start":1576626786995,"request_end":1576626939561,"request_duration":152566,"type":"128"}
{"start":1576626903634,"end":1576626939586,"duration":35952,"downloading_duration":1366,"execution_duration":33840,"uploading_duration":746,"executable":"ellipsoids-openmp","args":["3.dat","314.log","314.xoutput"],"id":170,"resource":"128","request_start":1576626787004,"request_end":1576626939605,"request_duration":152601,"type":"128"}
{"start":1576626902556,"end":1576626940002,"duration":37446,"downloading_duration":1417,"execution_duration":35361,"uploading_duration":668,"executable":"ellipsoids-openmp","args":["3.dat","36.log","36.xoutput"],"id":162,"resource":"128","request_start":1576626786994,"request_end":1576626940022,"request_duration":153028,"type":"128"}
{"start":1576626901597,"end":1576626940272,"duration":38675,"downloading_duration":1881,"execution_duration":36140,"uploading_duration":654,"executable":"ellipsoids-openmp","args":["3.dat","32.log","32.xoutput"],"id":158,"resource":"128","request_start":1576626786990,"request_end":1576626940293,"request_duration":153303,"type":"128"}
{"start":1576626903404,"end":1576626940411,"duration":37007,"downloading_duration":1563,"execution_duration":34801,"uploading_duration":643,"executable":"ellipsoids-openmp","args":["3.dat","313.log","313.xoutput"],"id":169,"resource":"128","request_start":1576626787000,"request_end":1576626940431,"request_duration":153431,"type":"128"}
{"start":1576626904093,"end":1576626940442,"duration":36349,"downloading_duration":1353,"execution_duration":34240,"uploading_duration":756,"executable":"ellipsoids-openmp","args":["3.dat","320.log","320.xoutput"],"id":176,"resource":"128","request_start":1576626787009,"request_end":1576626940461,"request_duration":153452,"type":"128"}
{"start":1576626904971,"end":1576626941016,"duration":36045,"downloading_duration":1360,"execution_duration":34040,"uploading_duration":645,"executable":"ellipsoids-openmp","args":["3.dat","332.log","332.xoutput"],"id":188,"resource":"128","request_start":1576626787017,"request_end":1576626941035,"request_duration":154018,"type":"128"}
{"start":1576626904315,"end":1576626941032,"duration":36717,"downloading_duration":1245,"execution_duration":34760,"uploading_duration":712,"executable":"ellipsoids-openmp","args":["3.dat","323.log","323.xoutput"],"id":179,"resource":"128","request_start":1576626787011,"request_end":1576626941052,"request_duration":154041,"type":"128"}
{"start":1576626904073,"end":1576626941136,"duration":37063,"downloading_duration":1341,"execution_duration":35041,"uploading_duration":681,"executable":"ellipsoids-openmp","args":["3.dat","319.log","319.xoutput"],"id":175,"resource":"128","request_start":1576626787008,"request_end":1576626941157,"request_duration":154149,"type":"128"}
{"start":1576626904000,"end":1576626941165,"duration":37165,"downloading_duration":1348,"execution_duration":35161,"uploading_duration":656,"executable":"ellipsoids-openmp","args":["3.dat","318.log","318.xoutput"],"id":174,"resource":"128","request_start":1576626787007,"request_end":1576626941185,"request_duration":154178,"type":"128"}
{"start":1576626904364,"end":1576626941197,"duration":36833,"downloading_duration":1304,"execution_duration":34860,"uploading_duration":669,"executable":"ellipsoids-openmp","args":["3.dat","324.log","324.xoutput"],"id":180,"resource":"128","request_start":1576626787012,"request_end":1576626941216,"request_duration":154204,"type":"128"}
{"start":1576626905383,"end":1576626941402,"duration":36019,"downloading_duration":1324,"execution_duration":34021,"uploading_duration":674,"executable":"ellipsoids-openmp","args":["3.dat","338.log","338.xoutput"],"id":194,"resource":"128","request_start":1576626787021,"request_end":1576626941425,"request_duration":154404,"type":"128"}
{"start":1576626904435,"end":1576626941539,"duration":37104,"downloading_duration":1294,"execution_duration":35101,"uploading_duration":709,"executable":"ellipsoids-openmp","args":["3.dat","326.log","326.xoutput"],"id":182,"resource":"128","request_start":1576626787013,"request_end":1576626941559,"request_duration":154546,"type":"128"}
{"start":1576626904753,"end":1576626941547,"duration":36794,"downloading_duration":1403,"execution_duration":34620,"uploading_duration":771,"executable":"ellipsoids-openmp","args":["3.dat","329.log","329.xoutput"],"id":185,"resource":"128","request_start":1576626787015,"request_end":1576626941564,"request_duration":154549,"type":"128"}
{"start":1576626903986,"end":1576626941570,"duration":37584,"downloading_duration":1384,"execution_duration":35461,"uploading_duration":739,"executable":"ellipsoids-openmp","args":["3.dat","316.log","316.xoutput"],"id":172,"resource":"128","request_start":1576626787006,"request_end":1576626941590,"request_duration":154584,"type":"128"}
{"start":1576626903979,"end":1576626941637,"duration":37658,"downloading_duration":1857,"execution_duration":35061,"uploading_duration":740,"executable":"ellipsoids-openmp","args":["3.dat","315.log","315.xoutput"],"id":171,"resource":"128","request_start":1576626787005,"request_end":1576626941655,"request_duration":154650,"type":"128"}
{"start":1576626904156,"end":1576626941744,"duration":37588,"downloading_duration":1374,"execution_duration":35240,"uploading_duration":974,"executable":"ellipsoids-openmp","args":["3.dat","321.log","321.xoutput"],"id":177,"resource":"128","request_start":1576626787010,"request_end":1576626941765,"request_duration":154755,"type":"128"}
{"start":1576626903986,"end":1576626941811,"duration":37825,"downloading_duration":1434,"execution_duration":35721,"uploading_duration":670,"executable":"ellipsoids-openmp","args":["3.dat","317.log","317.xoutput"],"id":173,"resource":"128","request_start":1576626787007,"request_end":1576626941931,"request_duration":154924,"type":"128"}
{"start":1576626904476,"end":1576626941995,"duration":37519,"downloading_duration":1328,"execution_duration":35559,"uploading_duration":632,"executable":"ellipsoids-openmp","args":["3.dat","327.log","327.xoutput"],"id":183,"resource":"128","request_start":1576626787014,"request_end":1576626942014,"request_duration":155000,"type":"128"}
{"start":1576626904546,"end":1576626942156,"duration":37610,"downloading_duration":1313,"execution_duration":35401,"uploading_duration":896,"executable":"ellipsoids-openmp","args":["3.dat","328.log","328.xoutput"],"id":184,"resource":"128","request_start":1576626787015,"request_end":1576626942174,"request_duration":155159,"type":"128"}
{"start":1576626905536,"end":1576626942230,"duration":36694,"downloading_duration":1397,"execution_duration":34620,"uploading_duration":677,"executable":"ellipsoids-openmp","args":["3.dat","339.log","339.xoutput"],"id":195,"resource":"128","request_start":1576626787021,"request_end":1576626942250,"request_duration":155229,"type":"128"}
{"start":1576626904939,"end":1576626942345,"duration":37406,"downloading_duration":1340,"execution_duration":35120,"uploading_duration":946,"executable":"ellipsoids-openmp","args":["3.dat","330.log","330.xoutput"],"id":186,"resource":"128","request_start":1576626787016,"request_end":1576626942363,"request_duration":155347,"type":"128"}
{"start":1576626904263,"end":1576626942400,"duration":38137,"downloading_duration":1639,"execution_duration":35801,"uploading_duration":697,"executable":"ellipsoids-openmp","args":["3.dat","322.log","322.xoutput"],"id":178,"resource":"128","request_start":1576626787011,"request_end":1576626942420,"request_duration":155409,"type":"128"}
{"start":1576626905233,"end":1576626942425,"duration":37192,"downloading_duration":1366,"execution_duration":35081,"uploading_duration":745,"executable":"ellipsoids-openmp","args":["3.dat","336.log","336.xoutput"],"id":192,"resource":"128","request_start":1576626787019,"request_end":1576626942449,"request_duration":155430,"type":"128"}
{"start":1576626905168,"end":1576626942687,"duration":37519,"downloading_duration":1302,"execution_duration":35480,"uploading_duration":737,"executable":"ellipsoids-openmp","args":["3.dat","334.log","334.xoutput"],"id":190,"resource":"128","request_start":1576626787018,"request_end":1576626942706,"request_duration":155688,"type":"128"}
{"start":1576626905071,"end":1576626942688,"duration":37617,"downloading_duration":1358,"execution_duration":35601,"uploading_duration":658,"executable":"ellipsoids-openmp","args":["3.dat","333.log","333.xoutput"],"id":189,"resource":"128","request_start":1576626787017,"request_end":1576626942711,"request_duration":155694,"type":"128"}
{"start":1576626904950,"end":1576626942836,"duration":37886,"downloading_duration":1410,"execution_duration":35380,"uploading_duration":1096,"executable":"ellipsoids-openmp","args":["3.dat","331.log","331.xoutput"],"id":187,"resource":"128","request_start":1576626787016,"request_end":1576626942856,"request_duration":155840,"type":"128"}
{"start":1576626905224,"end":1576626942899,"duration":37675,"downloading_duration":1300,"execution_duration":35681,"uploading_duration":694,"executable":"ellipsoids-openmp","args":["3.dat","335.log","335.xoutput"],"id":191,"resource":"128","request_start":1576626787019,"request_end":1576626942918,"request_duration":155899,"type":"128"}
{"start":1576626938304,"end":1576626943085,"duration":4781,"downloading_duration":4249,"execution_duration":60,"uploading_duration":472,"executable":"mean-pack-ell","args":["10.xoutput","11.xoutput","12.xoutput","13.xoutput","14.xoutput","15.xoutput","16.xoutput","17.xoutput","18.xoutput","19.xoutput","110.xoutput","111.xoutput","112.xoutput","113.xoutput","114.xoutput","115.xoutput","116.xoutput","117.xoutput","118.xoutput","119.xoutput","120.xoutput","121.xoutput","122.xoutput","123.xoutput","124.xoutput","125.xoutput","126.xoutput","127.xoutput","128.xoutput","129.xoutput","130.xoutput","131.xoutput","132.xoutput","133.xoutput","134.xoutput","135.xoutput","136.xoutput","137.xoutput","138.xoutput","139.xoutput","140.xoutput","141.xoutput","142.xoutput","143.xoutput","144.xoutput","145.xoutput","146.xoutput","147.xoutput","148.xoutput","149.xoutput","average_1.txt"],"id":207,"resource":"128","request_start":1576626867640,"request_end":1576626943105,"request_duration":75465,"type":"128"}
{"start":1576626938313,"end":1576626943135,"duration":4822,"downloading_duration":4352,"execution_duration":40,"uploading_duration":430,"executable":"mean-pack-ell","args":["20.xoutput","21.xoutput","22.xoutput","23.xoutput","24.xoutput","25.xoutput","26.xoutput","27.xoutput","28.xoutput","29.xoutput","210.xoutput","211.xoutput","212.xoutput","213.xoutput","214.xoutput","215.xoutput","216.xoutput","217.xoutput","218.xoutput","219.xoutput","220.xoutput","221.xoutput","222.xoutput","223.xoutput","224.xoutput","225.xoutput","226.xoutput","227.xoutput","228.xoutput","229.xoutput","230.xoutput","231.xoutput","232.xoutput","233.xoutput","234.xoutput","235.xoutput","236.xoutput","237.xoutput","238.xoutput","239.xoutput","240.xoutput","241.xoutput","242.xoutput","243.xoutput","244.xoutput","245.xoutput","246.xoutput","247.xoutput","248.xoutput","249.xoutput","average_2.txt"],"id":208,"resource":"128","request_start":1576626909216,"request_end":1576626943156,"request_duration":33940,"type":"128"}
{"start":1576626904427,"end":1576626943139,"duration":38712,"downloading_duration":1322,"execution_duration":36780,"uploading_duration":610,"executable":"ellipsoids-openmp","args":["3.dat","325.log","325.xoutput"],"id":181,"resource":"128","request_start":1576626787012,"request_end":1576626943158,"request_duration":156146,"type":"128"}
{"start":1576626905702,"end":1576626943946,"duration":38244,"downloading_duration":1396,"execution_duration":36160,"uploading_duration":688,"executable":"ellipsoids-openmp","args":["3.dat","340.log","340.xoutput"],"id":196,"resource":"128","request_start":1576626787058,"request_end":1576626943966,"request_duration":156908,"type":"128"}
{"start":1576626905918,"end":1576626944309,"duration":38391,"downloading_duration":1932,"execution_duration":35701,"uploading_duration":758,"executable":"ellipsoids-openmp","args":["3.dat","342.log","342.xoutput"],"id":198,"resource":"128","request_start":1576626787059,"request_end":1576626944328,"request_duration":157269,"type":"128"}
{"start":1576626907232,"end":1576626944530,"duration":37298,"downloading_duration":1400,"execution_duration":35221,"uploading_duration":677,"executable":"ellipsoids-openmp","args":["3.dat","345.log","345.xoutput"],"id":201,"resource":"128","request_start":1576626787061,"request_end":1576626944550,"request_duration":157489,"type":"128"}
{"start":1576626905359,"end":1576626944836,"duration":39477,"downloading_duration":1528,"execution_duration":37241,"uploading_duration":708,"executable":"ellipsoids-openmp","args":["3.dat","337.log","337.xoutput"],"id":193,"resource":"128","request_start":1576626787020,"request_end":1576626944856,"request_duration":157836,"type":"128"}
{"start":1576626905748,"end":1576626944839,"duration":39091,"downloading_duration":1433,"execution_duration":37041,"uploading_duration":617,"executable":"ellipsoids-openmp","args":["3.dat","341.log","341.xoutput"],"id":197,"resource":"128","request_start":1576626787059,"request_end":1576626944865,"request_duration":157806,"type":"128"}
{"start":1576626907765,"end":1576626945294,"duration":37529,"downloading_duration":1449,"execution_duration":35340,"uploading_duration":740,"executable":"ellipsoids-openmp","args":["3.dat","347.log","347.xoutput"],"id":203,"resource":"128","request_start":1576626787062,"request_end":1576626945315,"request_duration":158253,"type":"128"}
{"start":1576626907982,"end":1576626945383,"duration":37401,"downloading_duration":1371,"execution_duration":35320,"uploading_duration":710,"executable":"ellipsoids-openmp","args":["3.dat","348.log","348.xoutput"],"id":204,"resource":"128","request_start":1576626787065,"request_end":1576626945402,"request_duration":158337,"type":"128"}
{"start":1576626907132,"end":1576626945529,"duration":38397,"downloading_duration":1254,"execution_duration":36479,"uploading_duration":664,"executable":"ellipsoids-openmp","args":["3.dat","344.log","344.xoutput"],"id":200,"resource":"128","request_start":1576626787061,"request_end":1576626945548,"request_duration":158487,"type":"128"}
{"start":1576626907537,"end":1576626945713,"duration":38176,"downloading_duration":1410,"execution_duration":36100,"uploading_duration":666,"executable":"ellipsoids-openmp","args":["3.dat","346.log","346.xoutput"],"id":202,"resource":"128","request_start":1576626787062,"request_end":1576626945733,"request_duration":158671,"type":"128"}
{"start":1576626906889,"end":1576626946512,"duration":39623,"downloading_duration":1619,"execution_duration":37361,"uploading_duration":643,"executable":"ellipsoids-openmp","args":["3.dat","343.log","343.xoutput"],"id":199,"resource":"128","request_start":1576626787060,"request_end":1576626946532,"request_duration":159472,"type":"128"}
{"start":1576626909230,"end":1576626947225,"duration":37995,"downloading_duration":1458,"execution_duration":35860,"uploading_duration":677,"executable":"ellipsoids-openmp","args":["3.dat","349.log","349.xoutput"],"id":205,"resource":"128","request_start":1576626787069,"request_end":1576626947245,"request_duration":160176,"type":"128"}
{"start":1576626947450,"end":1576626952966,"duration":5516,"downloading_duration":4738,"execution_duration":100,"uploading_duration":678,"executable":"mean-pack-ell","args":["30.xoutput","31.xoutput","32.xoutput","33.xoutput","34.xoutput","35.xoutput","36.xoutput","37.xoutput","38.xoutput","39.xoutput","310.xoutput","311.xoutput","312.xoutput","313.xoutput","314.xoutput","315.xoutput","316.xoutput","317.xoutput","318.xoutput","319.xoutput","320.xoutput","321.xoutput","322.xoutput","323.xoutput","324.xoutput","325.xoutput","326.xoutput","327.xoutput","328.xoutput","329.xoutput","330.xoutput","331.xoutput","332.xoutput","333.xoutput","334.xoutput","335.xoutput","336.xoutput","337.xoutput","338.xoutput","339.xoutput","340.xoutput","341.xoutput","342.xoutput","343.xoutput","344.xoutput","345.xoutput","346.xoutput","347.xoutput","348.xoutput","349.xoutput","average_3.txt"],"id":209,"resource":"128","request_start":1576626947259,"request_end":1576626952987,"request_duration":5728,"type":"128"}
{"start":1576626953153,"end":1576626955409,"duration":2256,"downloading_duration":735,"execution_duration":1041,"uploading_duration":480,"executable":"summary.js","args":[],"id":210,"resource":"128","request_start":1576626952994,"request_end":1576626955429,"request_duration":2435,"type":"128"}
