{"start":1576526171417,"end":1576526172436,"duration":1019,"downloading_duration":507,"execution_duration":107,"uploading_duration":405,"executable":"generateData.js","args":[],"id":1,"resource":"1536","request_start":1576526170703,"request_end":1576526172410,"request_duration":1707,"type":"1536"}
{"start":1576526172606,"end":1576526173467,"duration":861,"downloading_duration":400,"execution_duration":70,"uploading_duration":391,"executable":"createDat.js","args":["3.dat"],"id":5,"resource":"1536","request_start":1576526172438,"request_end":1576526173429,"request_duration":991,"type":"1536"}
{"start":1576526173038,"end":1576526174044,"duration":1006,"downloading_duration":538,"execution_duration":74,"uploading_duration":394,"executable":"createDat.js","args":["0.dat"],"id":2,"resource":"1536","request_start":1576526172427,"request_end":1576526174009,"request_duration":1582,"type":"1536"}
{"start":1576526173075,"end":1576526174048,"duration":973,"downloading_duration":473,"execution_duration":82,"uploading_duration":418,"executable":"createDat.js","args":["2.dat"],"id":4,"resource":"1536","request_start":1576526172436,"request_end":1576526174012,"request_duration":1576,"type":"1536"}
{"start":1576526173105,"end":1576526174139,"duration":1034,"downloading_duration":544,"execution_duration":87,"uploading_duration":403,"executable":"createDat.js","args":["1.dat"],"id":3,"resource":"1536","request_start":1576526172432,"request_end":1576526174109,"request_duration":1677,"type":"1536"}
{"start":1576526173634,"end":1576526178165,"duration":4531,"downloading_duration":1076,"execution_duration":2881,"uploading_duration":574,"executable":"ellipsoids-openmp","args":["3.dat","30.log","30.xoutput"],"id":21,"resource":"1536","request_start":1576526173443,"request_end":1576526178131,"request_duration":4688,"type":"1536"}
{"start":1576526174118,"end":1576526178591,"duration":4473,"downloading_duration":1139,"execution_duration":2772,"uploading_duration":562,"executable":"ellipsoids-openmp","args":["3.dat","31.log","31.xoutput"],"id":22,"resource":"1536","request_start":1576526173450,"request_end":1576526178556,"request_duration":5106,"type":"1536"}
{"start":1576526174078,"end":1576526178597,"duration":4519,"downloading_duration":1203,"execution_duration":2747,"uploading_duration":569,"executable":"ellipsoids-openmp","args":["3.dat","34.log","34.xoutput"],"id":25,"resource":"1536","request_start":1576526173463,"request_end":1576526178562,"request_duration":5099,"type":"1536"}
{"start":1576526174102,"end":1576526178755,"duration":4653,"downloading_duration":1230,"execution_duration":2846,"uploading_duration":577,"executable":"ellipsoids-openmp","args":["3.dat","33.log","33.xoutput"],"id":24,"resource":"1536","request_start":1576526173460,"request_end":1576526178774,"request_duration":5314,"type":"1536"}
{"start":1576526174241,"end":1576526178822,"duration":4581,"downloading_duration":1034,"execution_duration":2948,"uploading_duration":599,"executable":"ellipsoids-openmp","args":["0.dat","01.log","01.xoutput"],"id":7,"resource":"1536","request_start":1576526174040,"request_end":1576526178786,"request_duration":4746,"type":"1536"}
{"start":1576526174760,"end":1576526178851,"duration":4091,"downloading_duration":1105,"execution_duration":2407,"uploading_duration":579,"executable":"ellipsoids-openmp","args":["1.dat","12.log","12.xoutput"],"id":13,"resource":"1536","request_start":1576526174117,"request_end":1576526178822,"request_duration":4705,"type":"1536"}
{"start":1576526174241,"end":1576526178857,"duration":4616,"downloading_duration":1035,"execution_duration":2895,"uploading_duration":686,"executable":"ellipsoids-openmp","args":["0.dat","04.log","04.xoutput"],"id":10,"resource":"1536","request_start":1576526174031,"request_end":1576526178824,"request_duration":4793,"type":"1536"}
{"start":1576526174243,"end":1576526178919,"duration":4676,"downloading_duration":1252,"execution_duration":2820,"uploading_duration":604,"executable":"ellipsoids-openmp","args":["0.dat","03.log","03.xoutput"],"id":9,"resource":"1536","request_start":1576526174046,"request_end":1576526178882,"request_duration":4836,"type":"1536"}
{"start":1576526174105,"end":1576526178938,"duration":4833,"downloading_duration":1385,"execution_duration":2877,"uploading_duration":571,"executable":"ellipsoids-openmp","args":["3.dat","32.log","32.xoutput"],"id":23,"resource":"1536","request_start":1576526173456,"request_end":1576526178900,"request_duration":5444,"type":"1536"}
{"start":1576526174696,"end":1576526179337,"duration":4641,"downloading_duration":1117,"execution_duration":2932,"uploading_duration":592,"executable":"ellipsoids-openmp","args":["2.dat","21.log","21.xoutput"],"id":17,"resource":"1536","request_start":1576526174052,"request_end":1576526179304,"request_duration":5252,"type":"1536"}
{"start":1576526174764,"end":1576526179375,"duration":4611,"downloading_duration":1208,"execution_duration":2802,"uploading_duration":601,"executable":"ellipsoids-openmp","args":["1.dat","11.log","11.xoutput"],"id":12,"resource":"1536","request_start":1576526174115,"request_end":1576526179337,"request_duration":5222,"type":"1536"}
{"start":1576526174760,"end":1576526179386,"duration":4626,"downloading_duration":1229,"execution_duration":2756,"uploading_duration":641,"executable":"ellipsoids-openmp","args":["1.dat","14.log","14.xoutput"],"id":15,"resource":"1536","request_start":1576526174121,"request_end":1576526179352,"request_duration":5231,"type":"1536"}
{"start":1576526174725,"end":1576526179407,"duration":4682,"downloading_duration":1248,"execution_duration":2863,"uploading_duration":571,"executable":"ellipsoids-openmp","args":["2.dat","20.log","20.xoutput"],"id":16,"resource":"1536","request_start":1576526174050,"request_end":1576526179372,"request_duration":5322,"type":"1536"}
{"start":1576526174730,"end":1576526179456,"duration":4726,"downloading_duration":1184,"execution_duration":2971,"uploading_duration":571,"executable":"ellipsoids-openmp","args":["0.dat","02.log","02.xoutput"],"id":8,"resource":"1536","request_start":1576526174043,"request_end":1576526179419,"request_duration":5376,"type":"1536"}
{"start":1576526174738,"end":1576526179461,"duration":4723,"downloading_duration":1183,"execution_duration":2960,"uploading_duration":580,"executable":"ellipsoids-openmp","args":["0.dat","00.log","00.xoutput"],"id":6,"resource":"1536","request_start":1576526174037,"request_end":1576526179424,"request_duration":5387,"type":"1536"}
{"start":1576526174739,"end":1576526179479,"duration":4740,"downloading_duration":1227,"execution_duration":2894,"uploading_duration":619,"executable":"ellipsoids-openmp","args":["2.dat","24.log","24.xoutput"],"id":20,"resource":"1536","request_start":1576526174058,"request_end":1576526179443,"request_duration":5385,"type":"1536"}
{"start":1576526174767,"end":1576526179484,"duration":4717,"downloading_duration":1228,"execution_duration":2923,"uploading_duration":566,"executable":"ellipsoids-openmp","args":["1.dat","10.log","10.xoutput"],"id":11,"resource":"1536","request_start":1576526174113,"request_end":1576526179449,"request_duration":5336,"type":"1536"}
{"start":1576526174792,"end":1576526179464,"duration":4672,"downloading_duration":1306,"execution_duration":2743,"uploading_duration":623,"executable":"ellipsoids-openmp","args":["1.dat","13.log","13.xoutput"],"id":14,"resource":"1536","request_start":1576526174120,"request_end":1576526179455,"request_duration":5335,"type":"1536"}
{"start":1576526174721,"end":1576526179506,"duration":4785,"downloading_duration":1130,"execution_duration":3027,"uploading_duration":628,"executable":"ellipsoids-openmp","args":["2.dat","23.log","23.xoutput"],"id":19,"resource":"1536","request_start":1576526174056,"request_end":1576526179472,"request_duration":5416,"type":"1536"}
{"start":1576526174716,"end":1576526179687,"duration":4971,"downloading_duration":1186,"execution_duration":2971,"uploading_duration":814,"executable":"ellipsoids-openmp","args":["2.dat","22.log","22.xoutput"],"id":18,"resource":"1536","request_start":1576526174054,"request_end":1576526179652,"request_duration":5598,"type":"1536"}
{"start":1576526179084,"end":1576526180863,"duration":1779,"downloading_duration":1094,"execution_duration":3,"uploading_duration":682,"executable":"mean-pack-ell","args":["30.xoutput","31.xoutput","32.xoutput","33.xoutput","34.xoutput","average_3.txt"],"id":29,"resource":"1536","request_start":1576526178902,"request_end":1576526180827,"request_duration":1925,"type":"1536"}
{"start":1576526179611,"end":1576526180997,"duration":1386,"downloading_duration":1004,"execution_duration":3,"uploading_duration":379,"executable":"mean-pack-ell","args":["00.xoutput","01.xoutput","02.xoutput","03.xoutput","04.xoutput","average_0.txt"],"id":26,"resource":"1536","request_start":1576526179434,"request_end":1576526180959,"request_duration":1525,"type":"1536"}
{"start":1576526179622,"end":1576526181021,"duration":1399,"downloading_duration":990,"execution_duration":6,"uploading_duration":403,"executable":"mean-pack-ell","args":["10.xoutput","11.xoutput","12.xoutput","13.xoutput","14.xoutput","average_1.txt"],"id":27,"resource":"1536","request_start":1576526179463,"request_end":1576526180982,"request_duration":1519,"type":"1536"}
{"start":1576526179828,"end":1576526181428,"duration":1600,"downloading_duration":1211,"execution_duration":3,"uploading_duration":386,"executable":"mean-pack-ell","args":["20.xoutput","21.xoutput","22.xoutput","23.xoutput","24.xoutput","average_2.txt"],"id":28,"resource":"1536","request_start":1576526179665,"request_end":1576526181389,"request_duration":1724,"type":"1536"}
{"start":1576526181563,"end":1576526182436,"duration":873,"downloading_duration":406,"execution_duration":70,"uploading_duration":397,"executable":"summary.js","args":[],"id":30,"resource":"1536","request_start":1576526181397,"request_end":1576526182396,"request_duration":999,"type":"1536"}
