{"start":1576525183569,"end":1576525184491,"duration":922,"downloading_duration":422,"execution_duration":62,"uploading_duration":438,"executable":"generateData.js","args":[],"id":1,"resource":"3008","request_start":1576525183327,"request_end":1576525184434,"request_duration":1107,"type":"3008"}
{"start":1576525184646,"end":1576525185472,"duration":826,"downloading_duration":382,"execution_duration":62,"uploading_duration":382,"executable":"createDat.js","args":["3.dat"],"id":5,"resource":"3008","request_start":1576525184441,"request_end":1576525185411,"request_duration":970,"type":"3008"}
{"start":1576525184631,"end":1576525185486,"duration":855,"downloading_duration":376,"execution_duration":62,"uploading_duration":417,"executable":"createDat.js","args":["0.dat"],"id":2,"resource":"3008","request_start":1576525184437,"request_end":1576525185422,"request_duration":985,"type":"3008"}
{"start":1576525184636,"end":1576525185489,"duration":853,"downloading_duration":388,"execution_duration":64,"uploading_duration":401,"executable":"createDat.js","args":["1.dat"],"id":3,"resource":"3008","request_start":1576525184438,"request_end":1576525185425,"request_duration":987,"type":"3008"}
{"start":1576525184643,"end":1576525185623,"duration":980,"downloading_duration":386,"execution_duration":62,"uploading_duration":532,"executable":"createDat.js","args":["2.dat"],"id":4,"resource":"3008","request_start":1576525184440,"request_end":1576525185560,"request_duration":1120,"type":"3008"}
{"start":1576525185631,"end":1576525188610,"duration":2979,"downloading_duration":988,"execution_duration":1421,"uploading_duration":570,"executable":"ellipsoids-openmp","args":["1.dat","10.log","10.xoutput"],"id":7,"resource":"3008","request_start":1576525185427,"request_end":1576525188555,"request_duration":3128,"type":"3008"}
{"start":1576525185606,"end":1576525188693,"duration":3087,"downloading_duration":1041,"execution_duration":1406,"uploading_duration":640,"executable":"ellipsoids-openmp","args":["3.dat","30.log","30.xoutput"],"id":9,"resource":"3008","request_start":1576525185415,"request_end":1576525188635,"request_duration":3220,"type":"3008"}
{"start":1576525185620,"end":1576525188827,"duration":3207,"downloading_duration":1082,"execution_duration":1532,"uploading_duration":593,"executable":"ellipsoids-openmp","args":["0.dat","00.log","00.xoutput"],"id":6,"resource":"3008","request_start":1576525185423,"request_end":1576525188770,"request_duration":3347,"type":"3008"}
{"start":1576525185753,"end":1576525189063,"duration":3310,"downloading_duration":1024,"execution_duration":1582,"uploading_duration":704,"executable":"ellipsoids-openmp","args":["2.dat","20.log","20.xoutput"],"id":8,"resource":"3008","request_start":1576525185570,"request_end":1576525189021,"request_duration":3451,"type":"3008"}
{"start":1576525188746,"end":1576525190117,"duration":1371,"downloading_duration":985,"execution_duration":2,"uploading_duration":384,"executable":"mean-pack-ell","args":["10.xoutput","average_1.txt"],"id":11,"resource":"3008","request_start":1576525188560,"request_end":1576525190056,"request_duration":1496,"type":"3008"}
{"start":1576525188841,"end":1576525190211,"duration":1370,"downloading_duration":990,"execution_duration":3,"uploading_duration":377,"executable":"mean-pack-ell","args":["30.xoutput","average_3.txt"],"id":13,"resource":"3008","request_start":1576525188643,"request_end":1576525190153,"request_duration":1510,"type":"3008"}
{"start":1576525188979,"end":1576525190345,"duration":1366,"downloading_duration":963,"execution_duration":5,"uploading_duration":398,"executable":"mean-pack-ell","args":["00.xoutput","average_0.txt"],"id":10,"resource":"3008","request_start":1576525188777,"request_end":1576525190284,"request_duration":1507,"type":"3008"}
{"start":1576525189210,"end":1576525190581,"duration":1371,"downloading_duration":986,"execution_duration":3,"uploading_duration":382,"executable":"mean-pack-ell","args":["20.xoutput","average_2.txt"],"id":12,"resource":"3008","request_start":1576525189028,"request_end":1576525190523,"request_duration":1495,"type":"3008"}
{"start":1576525190720,"end":1576525191598,"duration":878,"downloading_duration":437,"execution_duration":65,"uploading_duration":376,"executable":"summary.js","args":[],"id":14,"resource":"3008","request_start":1576525190528,"request_end":1576525191537,"request_duration":1009,"type":"3008"}
