{"start":1576524913215,"end":1576524914432,"duration":1217,"downloading_duration":589,"execution_duration":227,"uploading_duration":401,"executable":"generateData.js","args":[],"id":1,"resource":"512","request_start":1576524912915,"request_end":1576524914396,"request_duration":1481,"type":"512"}
{"start":1576524914641,"end":1576524915660,"duration":1019,"downloading_duration":375,"execution_duration":235,"uploading_duration":409,"executable":"createDat.js","args":["0.dat"],"id":2,"resource":"512","request_start":1576524914411,"request_end":1576524915607,"request_duration":1196,"type":"512"}
{"start":1576524914653,"end":1576524915688,"duration":1035,"downloading_duration":379,"execution_duration":242,"uploading_duration":414,"executable":"createDat.js","args":["1.dat"],"id":3,"resource":"512","request_start":1576524914417,"request_end":1576524915636,"request_duration":1219,"type":"512"}
{"start":1576524914656,"end":1576524915743,"duration":1087,"downloading_duration":430,"execution_duration":237,"uploading_duration":420,"executable":"createDat.js","args":["2.dat"],"id":4,"resource":"512","request_start":1576524914421,"request_end":1576524915691,"request_duration":1270,"type":"512"}
{"start":1576524914661,"end":1576524915812,"duration":1151,"downloading_duration":397,"execution_duration":224,"uploading_duration":530,"executable":"createDat.js","args":["3.dat"],"id":5,"resource":"512","request_start":1576524914424,"request_end":1576524915764,"request_duration":1340,"type":"512"}
{"start":1576524915810,"end":1576524926041,"duration":10231,"downloading_duration":1082,"execution_duration":8544,"uploading_duration":605,"executable":"ellipsoids-openmp","args":["1.dat","10.log","10.xoutput"],"id":7,"resource":"512","request_start":1576524915637,"request_end":1576524925990,"request_duration":10353,"type":"512"}
{"start":1576524915958,"end":1576524926359,"duration":10401,"downloading_duration":1071,"execution_duration":8704,"uploading_duration":626,"executable":"ellipsoids-openmp","args":["3.dat","30.log","30.xoutput"],"id":9,"resource":"512","request_start":1576524915780,"request_end":1576524926307,"request_duration":10527,"type":"512"}
{"start":1576524915797,"end":1576524926912,"duration":11115,"downloading_duration":1067,"execution_duration":9299,"uploading_duration":749,"executable":"ellipsoids-openmp","args":["0.dat","00.log","00.xoutput"],"id":6,"resource":"512","request_start":1576524915609,"request_end":1576524926864,"request_duration":11255,"type":"512"}
{"start":1576524915874,"end":1576524927007,"duration":11133,"downloading_duration":1125,"execution_duration":9320,"uploading_duration":688,"executable":"ellipsoids-openmp","args":["2.dat","20.log","20.xoutput"],"id":8,"resource":"512","request_start":1576524915696,"request_end":1576524926956,"request_duration":11260,"type":"512"}
{"start":1576524926174,"end":1576524927514,"duration":1340,"downloading_duration":918,"execution_duration":20,"uploading_duration":402,"executable":"mean-pack-ell","args":["10.xoutput","average_1.txt"],"id":11,"resource":"512","request_start":1576524925994,"request_end":1576524927462,"request_duration":1468,"type":"512"}
{"start":1576524926480,"end":1576524927865,"duration":1385,"downloading_duration":972,"execution_duration":18,"uploading_duration":395,"executable":"mean-pack-ell","args":["30.xoutput","average_3.txt"],"id":13,"resource":"512","request_start":1576524926309,"request_end":1576524927815,"request_duration":1506,"type":"512"}
{"start":1576524927043,"end":1576524928527,"duration":1484,"downloading_duration":1077,"execution_duration":3,"uploading_duration":404,"executable":"mean-pack-ell","args":["00.xoutput","average_0.txt"],"id":10,"resource":"512","request_start":1576524926868,"request_end":1576524928479,"request_duration":1611,"type":"512"}
{"start":1576524927150,"end":1576524928648,"duration":1498,"downloading_duration":991,"execution_duration":3,"uploading_duration":504,"executable":"mean-pack-ell","args":["20.xoutput","average_2.txt"],"id":12,"resource":"512","request_start":1576524926963,"request_end":1576524928597,"request_duration":1634,"type":"512"}
{"start":1576524928786,"end":1576524929880,"duration":1094,"downloading_duration":450,"execution_duration":228,"uploading_duration":416,"executable":"summary.js","args":[],"id":14,"resource":"512","request_start":1576524928606,"request_end":1576524929829,"request_duration":1223,"type":"512"}
