{"start":1576524877998,"end":1576524879575,"duration":1577,"downloading_duration":710,"execution_duration":271,"uploading_duration":596,"executable":"generateData.js","args":[],"id":1,"resource":"512","request_start":1576524877204,"request_end":1576524879541,"request_duration":2337,"type":"512"}
{"start":1576524879742,"end":1576524880808,"duration":1066,"downloading_duration":418,"execution_duration":240,"uploading_duration":408,"executable":"createDat.js","args":["0.dat"],"id":2,"resource":"512","request_start":1576524879556,"request_end":1576524880757,"request_duration":1201,"type":"512"}
{"start":1576524880269,"end":1576524881723,"duration":1454,"downloading_duration":687,"execution_duration":261,"uploading_duration":506,"executable":"createDat.js","args":["2.dat"],"id":4,"resource":"512","request_start":1576524879565,"request_end":1576524881676,"request_duration":2111,"type":"512"}
{"start":1576524880226,"end":1576524881744,"duration":1518,"downloading_duration":754,"execution_duration":263,"uploading_duration":501,"executable":"createDat.js","args":["3.dat"],"id":5,"resource":"512","request_start":1576524879568,"request_end":1576524881699,"request_duration":2131,"type":"512"}
{"start":1576524880235,"end":1576524881996,"duration":1761,"downloading_duration":703,"execution_duration":256,"uploading_duration":802,"executable":"createDat.js","args":["1.dat"],"id":3,"resource":"512","request_start":1576524879561,"request_end":1576524881949,"request_duration":2388,"type":"512"}
{"start":1576524881885,"end":1576524892095,"duration":10210,"downloading_duration":1107,"execution_duration":8485,"uploading_duration":618,"executable":"ellipsoids-openmp","args":["3.dat","30.log","30.xoutput"],"id":9,"resource":"512","request_start":1576524881707,"request_end":1576524892046,"request_duration":10339,"type":"512"}
{"start":1576524880940,"end":1576524892106,"duration":11166,"downloading_duration":1178,"execution_duration":9365,"uploading_duration":623,"executable":"ellipsoids-openmp","args":["0.dat","00.log","00.xoutput"],"id":6,"resource":"512","request_start":1576524880765,"request_end":1576524892060,"request_duration":11295,"type":"512"}
{"start":1576524882140,"end":1576524892479,"duration":10339,"downloading_duration":1231,"execution_duration":8503,"uploading_duration":605,"executable":"ellipsoids-openmp","args":["1.dat","10.log","10.xoutput"],"id":7,"resource":"512","request_start":1576524881969,"request_end":1576524892431,"request_duration":10462,"type":"512"}
{"start":1576524881867,"end":1576524892911,"duration":11044,"downloading_duration":1113,"execution_duration":9282,"uploading_duration":649,"executable":"ellipsoids-openmp","args":["2.dat","20.log","20.xoutput"],"id":8,"resource":"512","request_start":1576524881684,"request_end":1576524892863,"request_duration":11179,"type":"512"}
{"start":1576524892242,"end":1576524893659,"duration":1417,"downloading_duration":1010,"execution_duration":3,"uploading_duration":404,"executable":"mean-pack-ell","args":["00.xoutput","average_0.txt"],"id":10,"resource":"512","request_start":1576524892067,"request_end":1576524893611,"request_duration":1544,"type":"512"}
{"start":1576524892241,"end":1576524893733,"duration":1492,"downloading_duration":1078,"execution_duration":3,"uploading_duration":411,"executable":"mean-pack-ell","args":["30.xoutput","average_3.txt"],"id":13,"resource":"512","request_start":1576524892055,"request_end":1576524893684,"request_duration":1629,"type":"512"}
{"start":1576524892617,"end":1576524893977,"duration":1360,"downloading_duration":933,"execution_duration":2,"uploading_duration":425,"executable":"mean-pack-ell","args":["10.xoutput","average_1.txt"],"id":11,"resource":"512","request_start":1576524892439,"request_end":1576524893929,"request_duration":1490,"type":"512"}
{"start":1576524893045,"end":1576524894607,"duration":1562,"downloading_duration":1115,"execution_duration":2,"uploading_duration":445,"executable":"mean-pack-ell","args":["20.xoutput","average_2.txt"],"id":12,"resource":"512","request_start":1576524892870,"request_end":1576524894557,"request_duration":1687,"type":"512"}
{"start":1576524894752,"end":1576524895830,"duration":1078,"downloading_duration":415,"execution_duration":256,"uploading_duration":407,"executable":"summary.js","args":[],"id":14,"resource":"512","request_start":1576524894560,"request_end":1576524895778,"request_duration":1218,"type":"512"}
