{"start":1576628745095,"end":1576628745957,"duration":862,"downloading_duration":417,"execution_duration":62,"uploading_duration":383,"executable":"generateData.js","args":[],"id":1,"resource":"2560","request_start":1576628744932,"request_end":1576628745985,"request_duration":1053,"type":"2560"}
{"start":1576628746128,"end":1576628746957,"duration":829,"downloading_duration":383,"execution_duration":62,"uploading_duration":384,"executable":"createDat.js","args":["0.dat"],"id":2,"resource":"2560","request_start":1576628746002,"request_end":1576628746975,"request_duration":973,"type":"2560"}
{"start":1576628746145,"end":1576628746992,"duration":847,"downloading_duration":375,"execution_duration":62,"uploading_duration":410,"executable":"createDat.js","args":["1.dat"],"id":3,"resource":"2560","request_start":1576628746007,"request_end":1576628747009,"request_duration":1002,"type":"2560"}
{"start":1576628746145,"end":1576628746992,"duration":847,"downloading_duration":384,"execution_duration":61,"uploading_duration":402,"executable":"createDat.js","args":["3.dat"],"id":5,"resource":"2560","request_start":1576628746013,"request_end":1576628747023,"request_duration":1010,"type":"2560"}
{"start":1576628746139,"end":1576628747222,"duration":1083,"downloading_duration":613,"execution_duration":65,"uploading_duration":405,"executable":"createDat.js","args":["2.dat"],"id":4,"resource":"2560","request_start":1576628746010,"request_end":1576628747272,"request_duration":1262,"type":"2560"}
{"start":1576628747395,"end":1576628750341,"duration":2946,"downloading_duration":979,"execution_duration":1376,"uploading_duration":591,"executable":"ellipsoids-openmp","args":["0.dat","09.log","09.xoutput"],"id":15,"resource":"2560","request_start":1576628747037,"request_end":1576628750362,"request_duration":3325,"type":"2560"}
{"start":1576628747300,"end":1576628750713,"duration":3413,"downloading_duration":972,"execution_duration":1841,"uploading_duration":600,"executable":"ellipsoids-openmp","args":["0.dat","03.log","03.xoutput"],"id":9,"resource":"2560","request_start":1576628747080,"request_end":1576628750733,"request_duration":3653,"type":"2560"}
{"start":1576628747395,"end":1576628750743,"duration":3348,"downloading_duration":1000,"execution_duration":1782,"uploading_duration":566,"executable":"ellipsoids-openmp","args":["0.dat","08.log","08.xoutput"],"id":14,"resource":"2560","request_start":1576628747035,"request_end":1576628750764,"request_duration":3729,"type":"2560"}
{"start":1576628747390,"end":1576628750755,"duration":3365,"downloading_duration":980,"execution_duration":1820,"uploading_duration":565,"executable":"ellipsoids-openmp","args":["0.dat","04.log","04.xoutput"],"id":10,"resource":"2560","request_start":1576628747030,"request_end":1576628750778,"request_duration":3748,"type":"2560"}
{"start":1576628747395,"end":1576628750768,"duration":3373,"downloading_duration":995,"execution_duration":1819,"uploading_duration":559,"executable":"ellipsoids-openmp","args":["0.dat","07.log","07.xoutput"],"id":13,"resource":"2560","request_start":1576628747034,"request_end":1576628750788,"request_duration":3754,"type":"2560"}
{"start":1576628747395,"end":1576628750778,"duration":3383,"downloading_duration":993,"execution_duration":1783,"uploading_duration":607,"executable":"ellipsoids-openmp","args":["0.dat","012.log","012.xoutput"],"id":18,"resource":"2560","request_start":1576628747040,"request_end":1576628750798,"request_duration":3758,"type":"2560"}
{"start":1576628747395,"end":1576628750823,"duration":3428,"downloading_duration":1004,"execution_duration":1808,"uploading_duration":616,"executable":"ellipsoids-openmp","args":["0.dat","05.log","05.xoutput"],"id":11,"resource":"2560","request_start":1576628747032,"request_end":1576628750842,"request_duration":3810,"type":"2560"}
{"start":1576628747459,"end":1576628750826,"duration":3367,"downloading_duration":1003,"execution_duration":1766,"uploading_duration":598,"executable":"ellipsoids-openmp","args":["0.dat","038.log","038.xoutput"],"id":44,"resource":"2560","request_start":1576628747066,"request_end":1576628750845,"request_duration":3779,"type":"2560"}
{"start":1576628747445,"end":1576628750827,"duration":3382,"downloading_duration":1042,"execution_duration":1741,"uploading_duration":599,"executable":"ellipsoids-openmp","args":["0.dat","026.log","026.xoutput"],"id":32,"resource":"2560","request_start":1576628747055,"request_end":1576628750849,"request_duration":3794,"type":"2560"}
{"start":1576628747437,"end":1576628750828,"duration":3391,"downloading_duration":999,"execution_duration":1814,"uploading_duration":578,"executable":"ellipsoids-openmp","args":["0.dat","021.log","021.xoutput"],"id":27,"resource":"2560","request_start":1576628747050,"request_end":1576628750852,"request_duration":3802,"type":"2560"}
{"start":1576628747398,"end":1576628750828,"duration":3430,"downloading_duration":999,"execution_duration":1835,"uploading_duration":596,"executable":"ellipsoids-openmp","args":["0.dat","020.log","020.xoutput"],"id":26,"resource":"2560","request_start":1576628747049,"request_end":1576628750854,"request_duration":3805,"type":"2560"}
{"start":1576628747443,"end":1576628750829,"duration":3386,"downloading_duration":989,"execution_duration":1777,"uploading_duration":620,"executable":"ellipsoids-openmp","args":["0.dat","024.log","024.xoutput"],"id":30,"resource":"2560","request_start":1576628747053,"request_end":1576628750856,"request_duration":3803,"type":"2560"}
{"start":1576628747492,"end":1576628750829,"duration":3337,"downloading_duration":999,"execution_duration":1771,"uploading_duration":567,"executable":"ellipsoids-openmp","args":["0.dat","045.log","045.xoutput"],"id":51,"resource":"2560","request_start":1576628747073,"request_end":1576628750858,"request_duration":3785,"type":"2560"}
{"start":1576628747395,"end":1576628750831,"duration":3436,"downloading_duration":1003,"execution_duration":1826,"uploading_duration":607,"executable":"ellipsoids-openmp","args":["0.dat","015.log","015.xoutput"],"id":21,"resource":"2560","request_start":1576628747045,"request_end":1576628750864,"request_duration":3819,"type":"2560"}
{"start":1576628747390,"end":1576628750836,"duration":3446,"downloading_duration":1007,"execution_duration":1820,"uploading_duration":619,"executable":"ellipsoids-openmp","args":["0.dat","06.log","06.xoutput"],"id":12,"resource":"2560","request_start":1576628747033,"request_end":1576628750867,"request_duration":3834,"type":"2560"}
{"start":1576628747399,"end":1576628750840,"duration":3441,"downloading_duration":1002,"execution_duration":1840,"uploading_duration":599,"executable":"ellipsoids-openmp","args":["0.dat","014.log","014.xoutput"],"id":20,"resource":"2560","request_start":1576628747042,"request_end":1576628750870,"request_duration":3828,"type":"2560"}
{"start":1576628747460,"end":1576628750845,"duration":3385,"downloading_duration":998,"execution_duration":1780,"uploading_duration":607,"executable":"ellipsoids-openmp","args":["0.dat","035.log","035.xoutput"],"id":41,"resource":"2560","request_start":1576628747064,"request_end":1576628750873,"request_duration":3809,"type":"2560"}
{"start":1576628747461,"end":1576628750846,"duration":3385,"downloading_duration":994,"execution_duration":1774,"uploading_duration":617,"executable":"ellipsoids-openmp","args":["0.dat","040.log","040.xoutput"],"id":46,"resource":"2560","request_start":1576628747069,"request_end":1576628750881,"request_duration":3812,"type":"2560"}
{"start":1576628747472,"end":1576628750848,"duration":3376,"downloading_duration":1005,"execution_duration":1790,"uploading_duration":581,"executable":"ellipsoids-openmp","args":["0.dat","042.log","042.xoutput"],"id":48,"resource":"2560","request_start":1576628747071,"request_end":1576628750883,"request_duration":3812,"type":"2560"}
{"start":1576628747493,"end":1576628750848,"duration":3355,"downloading_duration":1001,"execution_duration":1782,"uploading_duration":572,"executable":"ellipsoids-openmp","args":["0.dat","047.log","047.xoutput"],"id":53,"resource":"2560","request_start":1576628747075,"request_end":1576628750884,"request_duration":3809,"type":"2560"}
{"start":1576628747398,"end":1576628750852,"duration":3454,"downloading_duration":1080,"execution_duration":1800,"uploading_duration":574,"executable":"ellipsoids-openmp","args":["0.dat","013.log","013.xoutput"],"id":19,"resource":"2560","request_start":1576628747041,"request_end":1576628750888,"request_duration":3847,"type":"2560"}
{"start":1576628747456,"end":1576628750855,"duration":3399,"downloading_duration":984,"execution_duration":1861,"uploading_duration":554,"executable":"ellipsoids-openmp","args":["0.dat","036.log","036.xoutput"],"id":42,"resource":"2560","request_start":1576628747064,"request_end":1576628750890,"request_duration":3826,"type":"2560"}
{"start":1576628747396,"end":1576628750858,"duration":3462,"downloading_duration":1011,"execution_duration":1886,"uploading_duration":565,"executable":"ellipsoids-openmp","args":["0.dat","011.log","011.xoutput"],"id":17,"resource":"2560","request_start":1576628747039,"request_end":1576628750891,"request_duration":3852,"type":"2560"}
{"start":1576628747493,"end":1576628750866,"duration":3373,"downloading_duration":1000,"execution_duration":1768,"uploading_duration":605,"executable":"ellipsoids-openmp","args":["0.dat","01.log","01.xoutput"],"id":7,"resource":"2560","request_start":1576628747078,"request_end":1576628750893,"request_duration":3815,"type":"2560"}
{"start":1576628747396,"end":1576628750871,"duration":3475,"downloading_duration":994,"execution_duration":1897,"uploading_duration":584,"executable":"ellipsoids-openmp","args":["0.dat","017.log","017.xoutput"],"id":23,"resource":"2560","request_start":1576628747047,"request_end":1576628750903,"request_duration":3856,"type":"2560"}
{"start":1576628747461,"end":1576628750873,"duration":3412,"downloading_duration":1066,"execution_duration":1759,"uploading_duration":587,"executable":"ellipsoids-openmp","args":["0.dat","037.log","037.xoutput"],"id":43,"resource":"2560","request_start":1576628747065,"request_end":1576628750903,"request_duration":3838,"type":"2560"}
{"start":1576628747449,"end":1576628750882,"duration":3433,"downloading_duration":986,"execution_duration":1829,"uploading_duration":618,"executable":"ellipsoids-openmp","args":["0.dat","028.log","028.xoutput"],"id":34,"resource":"2560","request_start":1576628747057,"request_end":1576628750911,"request_duration":3854,"type":"2560"}
{"start":1576628747443,"end":1576628750884,"duration":3441,"downloading_duration":998,"execution_duration":1878,"uploading_duration":565,"executable":"ellipsoids-openmp","args":["0.dat","023.log","023.xoutput"],"id":29,"resource":"2560","request_start":1576628747052,"request_end":1576628750912,"request_duration":3860,"type":"2560"}
{"start":1576628747445,"end":1576628750894,"duration":3449,"downloading_duration":995,"execution_duration":1860,"uploading_duration":594,"executable":"ellipsoids-openmp","args":["0.dat","029.log","029.xoutput"],"id":35,"resource":"2560","request_start":1576628747058,"request_end":1576628750919,"request_duration":3861,"type":"2560"}
{"start":1576628747519,"end":1576628750899,"duration":3380,"downloading_duration":1003,"execution_duration":1787,"uploading_duration":590,"executable":"ellipsoids-openmp","args":["0.dat","00.log","00.xoutput"],"id":6,"resource":"2560","request_start":1576628747077,"request_end":1576628750924,"request_duration":3847,"type":"2560"}
{"start":1576628747447,"end":1576628750902,"duration":3455,"downloading_duration":1011,"execution_duration":1847,"uploading_duration":597,"executable":"ellipsoids-openmp","args":["0.dat","025.log","025.xoutput"],"id":31,"resource":"2560","request_start":1576628747054,"request_end":1576628750929,"request_duration":3875,"type":"2560"}
{"start":1576628747442,"end":1576628750904,"duration":3462,"downloading_duration":1069,"execution_duration":1807,"uploading_duration":586,"executable":"ellipsoids-openmp","args":["0.dat","016.log","016.xoutput"],"id":22,"resource":"2560","request_start":1576628747046,"request_end":1576628750933,"request_duration":3887,"type":"2560"}
{"start":1576628747445,"end":1576628750922,"duration":3477,"downloading_duration":1091,"execution_duration":1793,"uploading_duration":593,"executable":"ellipsoids-openmp","args":["0.dat","027.log","027.xoutput"],"id":33,"resource":"2560","request_start":1576628747056,"request_end":1576628750943,"request_duration":3887,"type":"2560"}
{"start":1576628747441,"end":1576628750924,"duration":3483,"downloading_duration":1009,"execution_duration":1847,"uploading_duration":627,"executable":"ellipsoids-openmp","args":["0.dat","031.log","031.xoutput"],"id":37,"resource":"2560","request_start":1576628747059,"request_end":1576628750950,"request_duration":3891,"type":"2560"}
{"start":1576628747496,"end":1576628750934,"duration":3438,"downloading_duration":1006,"execution_duration":1832,"uploading_duration":600,"executable":"ellipsoids-openmp","args":["0.dat","049.log","049.xoutput"],"id":55,"resource":"2560","request_start":1576628747077,"request_end":1576628750956,"request_duration":3879,"type":"2560"}
{"start":1576628747444,"end":1576628750935,"duration":3491,"downloading_duration":1088,"execution_duration":1842,"uploading_duration":561,"executable":"ellipsoids-openmp","args":["0.dat","022.log","022.xoutput"],"id":28,"resource":"2560","request_start":1576628747051,"request_end":1576628750963,"request_duration":3912,"type":"2560"}
{"start":1576628747452,"end":1576628750944,"duration":3492,"downloading_duration":991,"execution_duration":1938,"uploading_duration":563,"executable":"ellipsoids-openmp","args":["0.dat","033.log","033.xoutput"],"id":39,"resource":"2560","request_start":1576628747061,"request_end":1576628750965,"request_duration":3904,"type":"2560"}
{"start":1576628747449,"end":1576628750948,"duration":3499,"downloading_duration":1098,"execution_duration":1808,"uploading_duration":593,"executable":"ellipsoids-openmp","args":["0.dat","034.log","034.xoutput"],"id":40,"resource":"2560","request_start":1576628747063,"request_end":1576628750969,"request_duration":3906,"type":"2560"}
{"start":1576628747459,"end":1576628750952,"duration":3493,"downloading_duration":1093,"execution_duration":1823,"uploading_duration":577,"executable":"ellipsoids-openmp","args":["0.dat","039.log","039.xoutput"],"id":45,"resource":"2560","request_start":1576628747068,"request_end":1576628750975,"request_duration":3907,"type":"2560"}
{"start":1576628747444,"end":1576628750959,"duration":3515,"downloading_duration":1165,"execution_duration":1782,"uploading_duration":568,"executable":"ellipsoids-openmp","args":["0.dat","018.log","018.xoutput"],"id":24,"resource":"2560","request_start":1576628747048,"request_end":1576628750979,"request_duration":3931,"type":"2560"}
{"start":1576628747450,"end":1576628750990,"duration":3540,"downloading_duration":1031,"execution_duration":1891,"uploading_duration":618,"executable":"ellipsoids-openmp","args":["0.dat","030.log","030.xoutput"],"id":36,"resource":"2560","request_start":1576628747058,"request_end":1576628751007,"request_duration":3949,"type":"2560"}
{"start":1576628747510,"end":1576628751024,"duration":3514,"downloading_duration":980,"execution_duration":1877,"uploading_duration":657,"executable":"ellipsoids-openmp","args":["0.dat","02.log","02.xoutput"],"id":8,"resource":"2560","request_start":1576628747079,"request_end":1576628751044,"request_duration":3965,"type":"2560"}
{"start":1576628747446,"end":1576628751026,"duration":3580,"downloading_duration":1093,"execution_duration":1904,"uploading_duration":583,"executable":"ellipsoids-openmp","args":["0.dat","019.log","019.xoutput"],"id":25,"resource":"2560","request_start":1576628747049,"request_end":1576628751046,"request_duration":3997,"type":"2560"}
{"start":1576628747462,"end":1576628751037,"duration":3575,"downloading_duration":1071,"execution_duration":1915,"uploading_duration":589,"executable":"ellipsoids-openmp","args":["0.dat","043.log","043.xoutput"],"id":49,"resource":"2560","request_start":1576628747072,"request_end":1576628751055,"request_duration":3983,"type":"2560"}
{"start":1576628747478,"end":1576628751041,"duration":3563,"downloading_duration":1080,"execution_duration":1807,"uploading_duration":676,"executable":"ellipsoids-openmp","args":["0.dat","044.log","044.xoutput"],"id":50,"resource":"2560","request_start":1576628747072,"request_end":1576628751061,"request_duration":3989,"type":"2560"}
{"start":1576628747447,"end":1576628751047,"duration":3600,"downloading_duration":1146,"execution_duration":1864,"uploading_duration":590,"executable":"ellipsoids-openmp","args":["0.dat","032.log","032.xoutput"],"id":38,"resource":"2560","request_start":1576628747060,"request_end":1576628751065,"request_duration":4005,"type":"2560"}
{"start":1576628747461,"end":1576628751066,"duration":3605,"downloading_duration":1162,"execution_duration":1850,"uploading_duration":593,"executable":"ellipsoids-openmp","args":["0.dat","041.log","041.xoutput"],"id":47,"resource":"2560","request_start":1576628747070,"request_end":1576628751085,"request_duration":4015,"type":"2560"}
{"start":1576628747494,"end":1576628751093,"duration":3599,"downloading_duration":1071,"execution_duration":1912,"uploading_duration":616,"executable":"ellipsoids-openmp","args":["0.dat","048.log","048.xoutput"],"id":54,"resource":"2560","request_start":1576628747076,"request_end":1576628751113,"request_duration":4037,"type":"2560"}
{"start":1576628747393,"end":1576628751217,"duration":3824,"downloading_duration":1004,"execution_duration":1878,"uploading_duration":942,"executable":"ellipsoids-openmp","args":["0.dat","010.log","010.xoutput"],"id":16,"resource":"2560","request_start":1576628747038,"request_end":1576628751236,"request_duration":4198,"type":"2560"}
{"start":1576628747493,"end":1576628751334,"duration":3841,"downloading_duration":1386,"execution_duration":1847,"uploading_duration":608,"executable":"ellipsoids-openmp","args":["0.dat","046.log","046.xoutput"],"id":52,"resource":"2560","request_start":1576628747074,"request_end":1576628751353,"request_duration":4279,"type":"2560"}
{"start":1576628750389,"end":1576628753471,"duration":3082,"downloading_duration":991,"execution_duration":1456,"uploading_duration":635,"executable":"ellipsoids-openmp","args":["1.dat","144.log","144.xoutput"],"id":100,"resource":"2560","request_start":1576628747170,"request_end":1576628753500,"request_duration":6330,"type":"2560"}
{"start":1576628750760,"end":1576628754086,"duration":3326,"downloading_duration":995,"execution_duration":1769,"uploading_duration":562,"executable":"ellipsoids-openmp","args":["1.dat","145.log","145.xoutput"],"id":101,"resource":"2560","request_start":1576628747171,"request_end":1576628754160,"request_duration":6989,"type":"2560"}
{"start":1576628750826,"end":1576628754145,"duration":3319,"downloading_duration":1019,"execution_duration":1709,"uploading_duration":591,"executable":"ellipsoids-openmp","args":["1.dat","149.log","149.xoutput"],"id":105,"resource":"2560","request_start":1576628747173,"request_end":1576628754173,"request_duration":7000,"type":"2560"}
{"start":1576628750869,"end":1576628754174,"duration":3305,"downloading_duration":1000,"execution_duration":1721,"uploading_duration":584,"executable":"ellipsoids-openmp","args":["1.dat","10.log","10.xoutput"],"id":56,"resource":"2560","request_start":1576628747174,"request_end":1576628754195,"request_duration":7021,"type":"2560"}
{"start":1576628750970,"end":1576628754190,"duration":3220,"downloading_duration":996,"execution_duration":1660,"uploading_duration":564,"executable":"ellipsoids-openmp","args":["1.dat","126.log","126.xoutput"],"id":82,"resource":"2560","request_start":1576628747191,"request_end":1576628754210,"request_duration":7019,"type":"2560"}
{"start":1576628750885,"end":1576628754199,"duration":3314,"downloading_duration":993,"execution_duration":1733,"uploading_duration":588,"executable":"ellipsoids-openmp","args":["1.dat","14.log","14.xoutput"],"id":60,"resource":"2560","request_start":1576628747176,"request_end":1576628754217,"request_duration":7041,"type":"2560"}
{"start":1576628750874,"end":1576628754205,"duration":3331,"downloading_duration":995,"execution_duration":1740,"uploading_duration":596,"executable":"ellipsoids-openmp","args":["1.dat","11.log","11.xoutput"],"id":57,"resource":"2560","request_start":1576628747174,"request_end":1576628754223,"request_duration":7049,"type":"2560"}
{"start":1576628750887,"end":1576628754211,"duration":3324,"downloading_duration":1026,"execution_duration":1722,"uploading_duration":576,"executable":"ellipsoids-openmp","args":["1.dat","15.log","15.xoutput"],"id":61,"resource":"2560","request_start":1576628747176,"request_end":1576628754230,"request_duration":7054,"type":"2560"}
{"start":1576628750816,"end":1576628754212,"duration":3396,"downloading_duration":1071,"execution_duration":1740,"uploading_duration":585,"executable":"ellipsoids-openmp","args":["1.dat","148.log","148.xoutput"],"id":104,"resource":"2560","request_start":1576628747172,"request_end":1576628754233,"request_duration":7061,"type":"2560"}
{"start":1576628750919,"end":1576628754214,"duration":3295,"downloading_duration":987,"execution_duration":1711,"uploading_duration":597,"executable":"ellipsoids-openmp","args":["1.dat","114.log","114.xoutput"],"id":70,"resource":"2560","request_start":1576628747181,"request_end":1576628754236,"request_duration":7055,"type":"2560"}
{"start":1576628750789,"end":1576628754218,"duration":3429,"downloading_duration":1150,"execution_duration":1714,"uploading_duration":565,"executable":"ellipsoids-openmp","args":["1.dat","146.log","146.xoutput"],"id":102,"resource":"2560","request_start":1576628747171,"request_end":1576628754242,"request_duration":7071,"type":"2560"}
{"start":1576628750900,"end":1576628754220,"duration":3320,"downloading_duration":1077,"execution_duration":1660,"uploading_duration":583,"executable":"ellipsoids-openmp","args":["1.dat","19.log","19.xoutput"],"id":65,"resource":"2560","request_start":1576628747179,"request_end":1576628754244,"request_duration":7065,"type":"2560"}
{"start":1576628750898,"end":1576628754232,"duration":3334,"downloading_duration":993,"execution_duration":1661,"uploading_duration":680,"executable":"ellipsoids-openmp","args":["1.dat","18.log","18.xoutput"],"id":64,"resource":"2560","request_start":1576628747178,"request_end":1576628754252,"request_duration":7074,"type":"2560"}
{"start":1576628750958,"end":1576628754233,"duration":3275,"downloading_duration":994,"execution_duration":1684,"uploading_duration":597,"executable":"ellipsoids-openmp","args":["1.dat","124.log","124.xoutput"],"id":80,"resource":"2560","request_start":1576628747190,"request_end":1576628754255,"request_duration":7065,"type":"2560"}
{"start":1576628750804,"end":1576628754235,"duration":3431,"downloading_duration":1114,"execution_duration":1752,"uploading_duration":565,"executable":"ellipsoids-openmp","args":["1.dat","147.log","147.xoutput"],"id":103,"resource":"2560","request_start":1576628747172,"request_end":1576628754256,"request_duration":7084,"type":"2560"}
{"start":1576628750894,"end":1576628754235,"duration":3341,"downloading_duration":996,"execution_duration":1743,"uploading_duration":602,"executable":"ellipsoids-openmp","args":["1.dat","17.log","17.xoutput"],"id":63,"resource":"2560","request_start":1576628747177,"request_end":1576628754262,"request_duration":7085,"type":"2560"}
{"start":1576628750922,"end":1576628754243,"duration":3321,"downloading_duration":1072,"execution_duration":1688,"uploading_duration":561,"executable":"ellipsoids-openmp","args":["1.dat","115.log","115.xoutput"],"id":71,"resource":"2560","request_start":1576628747182,"request_end":1576628754266,"request_duration":7084,"type":"2560"}
{"start":1576628750944,"end":1576628754246,"duration":3302,"downloading_duration":986,"execution_duration":1704,"uploading_duration":612,"executable":"ellipsoids-openmp","args":["1.dat","121.log","121.xoutput"],"id":77,"resource":"2560","request_start":1576628747188,"request_end":1576628754274,"request_duration":7086,"type":"2560"}
{"start":1576628750930,"end":1576628754262,"duration":3332,"downloading_duration":1098,"execution_duration":1669,"uploading_duration":565,"executable":"ellipsoids-openmp","args":["1.dat","118.log","118.xoutput"],"id":74,"resource":"2560","request_start":1576628747186,"request_end":1576628754287,"request_duration":7101,"type":"2560"}
{"start":1576628750883,"end":1576628754274,"duration":3391,"downloading_duration":1076,"execution_duration":1727,"uploading_duration":588,"executable":"ellipsoids-openmp","args":["1.dat","12.log","12.xoutput"],"id":58,"resource":"2560","request_start":1576628747175,"request_end":1576628754295,"request_duration":7120,"type":"2560"}
{"start":1576628750921,"end":1576628754285,"duration":3364,"downloading_duration":1000,"execution_duration":1734,"uploading_duration":630,"executable":"ellipsoids-openmp","args":["1.dat","116.log","116.xoutput"],"id":72,"resource":"2560","request_start":1576628747183,"request_end":1576628754304,"request_duration":7121,"type":"2560"}
{"start":1576628750998,"end":1576628754289,"duration":3291,"downloading_duration":987,"execution_duration":1708,"uploading_duration":596,"executable":"ellipsoids-openmp","args":["1.dat","131.log","131.xoutput"],"id":87,"resource":"2560","request_start":1576628747193,"request_end":1576628754309,"request_duration":7116,"type":"2560"}
{"start":1576628750918,"end":1576628754289,"duration":3371,"downloading_duration":1071,"execution_duration":1729,"uploading_duration":571,"executable":"ellipsoids-openmp","args":["1.dat","112.log","112.xoutput"],"id":68,"resource":"2560","request_start":1576628747180,"request_end":1576628754311,"request_duration":7131,"type":"2560"}
{"start":1576628750917,"end":1576628754289,"duration":3372,"downloading_duration":1000,"execution_duration":1754,"uploading_duration":618,"executable":"ellipsoids-openmp","args":["1.dat","113.log","113.xoutput"],"id":69,"resource":"2560","request_start":1576628747181,"request_end":1576628754312,"request_duration":7131,"type":"2560"}
{"start":1576628750885,"end":1576628754292,"duration":3407,"downloading_duration":1035,"execution_duration":1758,"uploading_duration":614,"executable":"ellipsoids-openmp","args":["1.dat","13.log","13.xoutput"],"id":59,"resource":"2560","request_start":1576628747175,"request_end":1576628754315,"request_duration":7140,"type":"2560"}
{"start":1576628751031,"end":1576628754295,"duration":3264,"downloading_duration":987,"execution_duration":1692,"uploading_duration":585,"executable":"ellipsoids-openmp","args":["1.dat","134.log","134.xoutput"],"id":90,"resource":"2560","request_start":1576628747195,"request_end":1576628754323,"request_duration":7128,"type":"2560"}
{"start":1576628750948,"end":1576628754303,"duration":3355,"downloading_duration":991,"execution_duration":1746,"uploading_duration":618,"executable":"ellipsoids-openmp","args":["1.dat","122.log","122.xoutput"],"id":78,"resource":"2560","request_start":1576628747189,"request_end":1576628754325,"request_duration":7136,"type":"2560"}
{"start":1576628750973,"end":1576628754300,"duration":3327,"downloading_duration":1003,"execution_duration":1699,"uploading_duration":625,"executable":"ellipsoids-openmp","args":["1.dat","127.log","127.xoutput"],"id":83,"resource":"2560","request_start":1576628747191,"request_end":1576628754327,"request_duration":7136,"type":"2560"}
{"start":1576628751005,"end":1576628754310,"duration":3305,"downloading_duration":1070,"execution_duration":1681,"uploading_duration":554,"executable":"ellipsoids-openmp","args":["1.dat","132.log","132.xoutput"],"id":88,"resource":"2560","request_start":1576628747194,"request_end":1576628754335,"request_duration":7141,"type":"2560"}
{"start":1576628750954,"end":1576628754335,"duration":3381,"downloading_duration":995,"execution_duration":1706,"uploading_duration":680,"executable":"ellipsoids-openmp","args":["1.dat","123.log","123.xoutput"],"id":79,"resource":"2560","request_start":1576628747189,"request_end":1576628754355,"request_duration":7166,"type":"2560"}
{"start":1576628750889,"end":1576628754349,"duration":3460,"downloading_duration":1129,"execution_duration":1692,"uploading_duration":639,"executable":"ellipsoids-openmp","args":["1.dat","16.log","16.xoutput"],"id":62,"resource":"2560","request_start":1576628747177,"request_end":1576628754369,"request_duration":7192,"type":"2560"}
{"start":1576628750958,"end":1576628754352,"duration":3394,"downloading_duration":1034,"execution_duration":1755,"uploading_duration":605,"executable":"ellipsoids-openmp","args":["1.dat","125.log","125.xoutput"],"id":81,"resource":"2560","request_start":1576628747190,"request_end":1576628754372,"request_duration":7182,"type":"2560"}
{"start":1576628750902,"end":1576628754355,"duration":3453,"downloading_duration":1130,"execution_duration":1755,"uploading_duration":568,"executable":"ellipsoids-openmp","args":["1.dat","110.log","110.xoutput"],"id":66,"resource":"2560","request_start":1576628747179,"request_end":1576628754379,"request_duration":7200,"type":"2560"}
{"start":1576628751071,"end":1576628754394,"duration":3323,"downloading_duration":993,"execution_duration":1744,"uploading_duration":586,"executable":"ellipsoids-openmp","args":["1.dat","135.log","135.xoutput"],"id":91,"resource":"2560","request_start":1576628747195,"request_end":1576628754413,"request_duration":7218,"type":"2560"}
{"start":1576628750931,"end":1576628754392,"duration":3461,"downloading_duration":1085,"execution_duration":1756,"uploading_duration":620,"executable":"ellipsoids-openmp","args":["1.dat","119.log","119.xoutput"],"id":75,"resource":"2560","request_start":1576628747187,"request_end":1576628754417,"request_duration":7230,"type":"2560"}
{"start":1576628751098,"end":1576628754402,"duration":3304,"downloading_duration":994,"execution_duration":1735,"uploading_duration":575,"executable":"ellipsoids-openmp","args":["1.dat","138.log","138.xoutput"],"id":94,"resource":"2560","request_start":1576628747197,"request_end":1576628754423,"request_duration":7226,"type":"2560"}
{"start":1576628750923,"end":1576628754403,"duration":3480,"downloading_duration":1075,"execution_duration":1799,"uploading_duration":606,"executable":"ellipsoids-openmp","args":["1.dat","117.log","117.xoutput"],"id":73,"resource":"2560","request_start":1576628747186,"request_end":1576628754429,"request_duration":7243,"type":"2560"}
{"start":1576628750938,"end":1576628754405,"duration":3467,"downloading_duration":1091,"execution_duration":1767,"uploading_duration":609,"executable":"ellipsoids-openmp","args":["1.dat","120.log","120.xoutput"],"id":76,"resource":"2560","request_start":1576628747188,"request_end":1576628754432,"request_duration":7244,"type":"2560"}
{"start":1576628751010,"end":1576628754407,"duration":3397,"downloading_duration":1136,"execution_duration":1672,"uploading_duration":589,"executable":"ellipsoids-openmp","args":["1.dat","133.log","133.xoutput"],"id":89,"resource":"2560","request_start":1576628747194,"request_end":1576628754435,"request_duration":7241,"type":"2560"}
{"start":1576628750989,"end":1576628754412,"duration":3423,"downloading_duration":1023,"execution_duration":1809,"uploading_duration":591,"executable":"ellipsoids-openmp","args":["1.dat","129.log","129.xoutput"],"id":85,"resource":"2560","request_start":1576628747192,"request_end":1576628754437,"request_duration":7245,"type":"2560"}
{"start":1576628750994,"end":1576628754421,"duration":3427,"downloading_duration":1069,"execution_duration":1769,"uploading_duration":589,"executable":"ellipsoids-openmp","args":["1.dat","130.log","130.xoutput"],"id":86,"resource":"2560","request_start":1576628747193,"request_end":1576628754442,"request_duration":7249,"type":"2560"}
{"start":1576628750983,"end":1576628754422,"duration":3439,"downloading_duration":1077,"execution_duration":1746,"uploading_duration":616,"executable":"ellipsoids-openmp","args":["1.dat","128.log","128.xoutput"],"id":84,"resource":"2560","request_start":1576628747192,"request_end":1576628754445,"request_duration":7253,"type":"2560"}
{"start":1576628751113,"end":1576628754457,"duration":3344,"downloading_duration":1016,"execution_duration":1763,"uploading_duration":565,"executable":"ellipsoids-openmp","args":["1.dat","140.log","140.xoutput"],"id":96,"resource":"2560","request_start":1576628747198,"request_end":1576628754481,"request_duration":7283,"type":"2560"}
{"start":1576628750911,"end":1576628754469,"duration":3558,"downloading_duration":1108,"execution_duration":1771,"uploading_duration":679,"executable":"ellipsoids-openmp","args":["1.dat","111.log","111.xoutput"],"id":67,"resource":"2560","request_start":1576628747180,"request_end":1576628754487,"request_duration":7307,"type":"2560"}
{"start":1576628751086,"end":1576628754471,"duration":3385,"downloading_duration":1040,"execution_duration":1757,"uploading_duration":588,"executable":"ellipsoids-openmp","args":["1.dat","137.log","137.xoutput"],"id":93,"resource":"2560","request_start":1576628747196,"request_end":1576628754489,"request_duration":7293,"type":"2560"}
{"start":1576628751098,"end":1576628754471,"duration":3373,"downloading_duration":1081,"execution_duration":1688,"uploading_duration":604,"executable":"ellipsoids-openmp","args":["1.dat","139.log","139.xoutput"],"id":95,"resource":"2560","request_start":1576628747197,"request_end":1576628754495,"request_duration":7298,"type":"2560"}
{"start":1576628751081,"end":1576628754609,"duration":3528,"downloading_duration":1145,"execution_duration":1728,"uploading_duration":655,"executable":"ellipsoids-openmp","args":["1.dat","136.log","136.xoutput"],"id":92,"resource":"2560","request_start":1576628747196,"request_end":1576628754631,"request_duration":7435,"type":"2560"}
{"start":1576628751139,"end":1576628754619,"duration":3480,"downloading_duration":998,"execution_duration":1787,"uploading_duration":695,"executable":"ellipsoids-openmp","args":["1.dat","141.log","141.xoutput"],"id":97,"resource":"2560","request_start":1576628747198,"request_end":1576628754641,"request_duration":7443,"type":"2560"}
{"start":1576628751264,"end":1576628754781,"duration":3517,"downloading_duration":1095,"execution_duration":1821,"uploading_duration":601,"executable":"ellipsoids-openmp","args":["1.dat","142.log","142.xoutput"],"id":98,"resource":"2560","request_start":1576628747199,"request_end":1576628754800,"request_duration":7601,"type":"2560"}
{"start":1576628751376,"end":1576628755174,"duration":3798,"downloading_duration":1368,"execution_duration":1824,"uploading_duration":606,"executable":"ellipsoids-openmp","args":["1.dat","143.log","143.xoutput"],"id":99,"resource":"2560","request_start":1576628747199,"request_end":1576628755194,"request_duration":7995,"type":"2560"}
{"start":1576628753527,"end":1576628756547,"duration":3020,"downloading_duration":1044,"execution_duration":1387,"uploading_duration":589,"executable":"ellipsoids-openmp","args":["3.dat","30.log","30.xoutput"],"id":156,"resource":"2560","request_start":1576628747240,"request_end":1576628756571,"request_duration":9331,"type":"2560"}
{"start":1576628754236,"end":1576628757484,"duration":3248,"downloading_duration":994,"execution_duration":1638,"uploading_duration":616,"executable":"ellipsoids-openmp","args":["3.dat","34.log","34.xoutput"],"id":160,"resource":"2560","request_start":1576628747242,"request_end":1576628757505,"request_duration":10263,"type":"2560"}
{"start":1576628754204,"end":1576628757514,"duration":3310,"downloading_duration":1077,"execution_duration":1638,"uploading_duration":595,"executable":"ellipsoids-openmp","args":["3.dat","32.log","32.xoutput"],"id":158,"resource":"2560","request_start":1576628747241,"request_end":1576628757533,"request_duration":10292,"type":"2560"}
{"start":1576628754270,"end":1576628757521,"duration":3251,"downloading_duration":1007,"execution_duration":1653,"uploading_duration":591,"executable":"ellipsoids-openmp","args":["3.dat","38.log","38.xoutput"],"id":164,"resource":"2560","request_start":1576628747244,"request_end":1576628757540,"request_duration":10296,"type":"2560"}
{"start":1576628754277,"end":1576628757521,"duration":3244,"downloading_duration":1042,"execution_duration":1646,"uploading_duration":556,"executable":"ellipsoids-openmp","args":["3.dat","310.log","310.xoutput"],"id":166,"resource":"2560","request_start":1576628747246,"request_end":1576628757542,"request_duration":10296,"type":"2560"}
{"start":1576628754223,"end":1576628757567,"duration":3344,"downloading_duration":1084,"execution_duration":1698,"uploading_duration":562,"executable":"ellipsoids-openmp","args":["3.dat","33.log","33.xoutput"],"id":159,"resource":"2560","request_start":1576628747242,"request_end":1576628757585,"request_duration":10343,"type":"2560"}
{"start":1576628754280,"end":1576628757577,"duration":3297,"downloading_duration":1040,"execution_duration":1680,"uploading_duration":577,"executable":"ellipsoids-openmp","args":["3.dat","312.log","312.xoutput"],"id":168,"resource":"2560","request_start":1576628747247,"request_end":1576628757596,"request_duration":10349,"type":"2560"}
{"start":1576628754323,"end":1576628757576,"duration":3253,"downloading_duration":992,"execution_duration":1676,"uploading_duration":585,"executable":"ellipsoids-openmp","args":["3.dat","319.log","319.xoutput"],"id":175,"resource":"2560","request_start":1576628747250,"request_end":1576628757598,"request_duration":10348,"type":"2560"}
{"start":1576628754252,"end":1576628757582,"duration":3330,"downloading_duration":1071,"execution_duration":1695,"uploading_duration":564,"executable":"ellipsoids-openmp","args":["3.dat","36.log","36.xoutput"],"id":162,"resource":"2560","request_start":1576628747243,"request_end":1576628757603,"request_duration":10360,"type":"2560"}
{"start":1576628754271,"end":1576628757583,"duration":3312,"downloading_duration":1000,"execution_duration":1702,"uploading_duration":610,"executable":"ellipsoids-openmp","args":["3.dat","39.log","39.xoutput"],"id":165,"resource":"2560","request_start":1576628747245,"request_end":1576628757607,"request_duration":10362,"type":"2560"}
{"start":1576628754191,"end":1576628757606,"duration":3415,"downloading_duration":1100,"execution_duration":1718,"uploading_duration":597,"executable":"ellipsoids-openmp","args":["3.dat","31.log","31.xoutput"],"id":157,"resource":"2560","request_start":1576628747241,"request_end":1576628757625,"request_duration":10384,"type":"2560"}
{"start":1576628754300,"end":1576628757608,"duration":3308,"downloading_duration":1004,"execution_duration":1711,"uploading_duration":593,"executable":"ellipsoids-openmp","args":["3.dat","317.log","317.xoutput"],"id":173,"resource":"2560","request_start":1576628747249,"request_end":1576628757631,"request_duration":10382,"type":"2560"}
{"start":1576628754331,"end":1576628757615,"duration":3284,"downloading_duration":993,"execution_duration":1734,"uploading_duration":557,"executable":"ellipsoids-openmp","args":["3.dat","320.log","320.xoutput"],"id":176,"resource":"2560","request_start":1576628747251,"request_end":1576628757639,"request_duration":10388,"type":"2560"}
{"start":1576628754262,"end":1576628757617,"duration":3355,"downloading_duration":1004,"execution_duration":1764,"uploading_duration":587,"executable":"ellipsoids-openmp","args":["3.dat","37.log","37.xoutput"],"id":163,"resource":"2560","request_start":1576628747244,"request_end":1576628757642,"request_duration":10398,"type":"2560"}
{"start":1576628754245,"end":1576628757637,"duration":3392,"downloading_duration":1089,"execution_duration":1709,"uploading_duration":594,"executable":"ellipsoids-openmp","args":["3.dat","35.log","35.xoutput"],"id":161,"resource":"2560","request_start":1576628747243,"request_end":1576628757657,"request_duration":10414,"type":"2560"}
{"start":1576628754290,"end":1576628757639,"duration":3349,"downloading_duration":1042,"execution_duration":1736,"uploading_duration":571,"executable":"ellipsoids-openmp","args":["3.dat","315.log","315.xoutput"],"id":171,"resource":"2560","request_start":1576628747248,"request_end":1576628757660,"request_duration":10412,"type":"2560"}
{"start":1576628754344,"end":1576628757647,"duration":3303,"downloading_duration":1070,"execution_duration":1636,"uploading_duration":597,"executable":"ellipsoids-openmp","args":["3.dat","324.log","324.xoutput"],"id":180,"resource":"2560","request_start":1576628747253,"request_end":1576628757668,"request_duration":10415,"type":"2560"}
{"start":1576628754341,"end":1576628757650,"duration":3309,"downloading_duration":992,"execution_duration":1762,"uploading_duration":555,"executable":"ellipsoids-openmp","args":["3.dat","322.log","322.xoutput"],"id":178,"resource":"2560","request_start":1576628747252,"request_end":1576628757671,"request_duration":10419,"type":"2560"}
{"start":1576628754347,"end":1576628757653,"duration":3306,"downloading_duration":988,"execution_duration":1689,"uploading_duration":629,"executable":"ellipsoids-openmp","args":["3.dat","323.log","323.xoutput"],"id":179,"resource":"2560","request_start":1576628747253,"request_end":1576628757675,"request_duration":10422,"type":"2560"}
{"start":1576628754284,"end":1576628757677,"duration":3393,"downloading_duration":990,"execution_duration":1807,"uploading_duration":596,"executable":"ellipsoids-openmp","args":["3.dat","313.log","313.xoutput"],"id":169,"resource":"2560","request_start":1576628747247,"request_end":1576628757696,"request_duration":10449,"type":"2560"}
{"start":1576628754360,"end":1576628757691,"duration":3331,"downloading_duration":973,"execution_duration":1748,"uploading_duration":610,"executable":"ellipsoids-openmp","args":["3.dat","327.log","327.xoutput"],"id":183,"resource":"2560","request_start":1576628747255,"request_end":1576628757708,"request_duration":10453,"type":"2560"}
{"start":1576628754319,"end":1576628757693,"duration":3374,"downloading_duration":1071,"execution_duration":1645,"uploading_duration":658,"executable":"ellipsoids-openmp","args":["3.dat","318.log","318.xoutput"],"id":174,"resource":"2560","request_start":1576628747250,"request_end":1576628757711,"request_duration":10461,"type":"2560"}
{"start":1576628754363,"end":1576628757694,"duration":3331,"downloading_duration":988,"execution_duration":1775,"uploading_duration":568,"executable":"ellipsoids-openmp","args":["3.dat","328.log","328.xoutput"],"id":184,"resource":"2560","request_start":1576628747255,"request_end":1576628757718,"request_duration":10463,"type":"2560"}
{"start":1576628754395,"end":1576628757708,"duration":3313,"downloading_duration":988,"execution_duration":1740,"uploading_duration":585,"executable":"ellipsoids-openmp","args":["3.dat","330.log","330.xoutput"],"id":186,"resource":"2560","request_start":1576628747256,"request_end":1576628757727,"request_duration":10471,"type":"2560"}
{"start":1576628754335,"end":1576628757710,"duration":3375,"downloading_duration":1028,"execution_duration":1784,"uploading_duration":563,"executable":"ellipsoids-openmp","args":["3.dat","321.log","321.xoutput"],"id":177,"resource":"2560","request_start":1576628747251,"request_end":1576628757730,"request_duration":10479,"type":"2560"}
{"start":1576628754362,"end":1576628757714,"duration":3352,"downloading_duration":977,"execution_duration":1802,"uploading_duration":573,"executable":"ellipsoids-openmp","args":["3.dat","326.log","326.xoutput"],"id":182,"resource":"2560","request_start":1576628747254,"request_end":1576628757737,"request_duration":10483,"type":"2560"}
{"start":1576628754271,"end":1576628757714,"duration":3443,"downloading_duration":1161,"execution_duration":1688,"uploading_duration":594,"executable":"ellipsoids-openmp","args":["3.dat","311.log","311.xoutput"],"id":167,"resource":"2560","request_start":1576628747246,"request_end":1576628757738,"request_duration":10492,"type":"2560"}
{"start":1576628754402,"end":1576628757724,"duration":3322,"downloading_duration":1008,"execution_duration":1722,"uploading_duration":592,"executable":"ellipsoids-openmp","args":["3.dat","331.log","331.xoutput"],"id":187,"resource":"2560","request_start":1576628747257,"request_end":1576628757750,"request_duration":10493,"type":"2560"}
{"start":1576628754408,"end":1576628757748,"duration":3340,"downloading_duration":995,"execution_duration":1691,"uploading_duration":654,"executable":"ellipsoids-openmp","args":["3.dat","332.log","332.xoutput"],"id":188,"resource":"2560","request_start":1576628747257,"request_end":1576628757770,"request_duration":10513,"type":"2560"}
{"start":1576628754470,"end":1576628757750,"duration":3280,"downloading_duration":986,"execution_duration":1701,"uploading_duration":593,"executable":"ellipsoids-openmp","args":["3.dat","340.log","340.xoutput"],"id":196,"resource":"2560","request_start":1576628747262,"request_end":1576628757771,"request_duration":10509,"type":"2560"}
{"start":1576628754522,"end":1576628757751,"duration":3229,"downloading_duration":983,"execution_duration":1685,"uploading_duration":561,"executable":"ellipsoids-openmp","args":["3.dat","345.log","345.xoutput"],"id":201,"resource":"2560","request_start":1576628747264,"request_end":1576628757774,"request_duration":10510,"type":"2560"}
{"start":1576628754453,"end":1576628757759,"duration":3306,"downloading_duration":995,"execution_duration":1711,"uploading_duration":600,"executable":"ellipsoids-openmp","args":["3.dat","335.log","335.xoutput"],"id":191,"resource":"2560","request_start":1576628747259,"request_end":1576628757782,"request_duration":10523,"type":"2560"}
{"start":1576628754296,"end":1576628757766,"duration":3470,"downloading_duration":1087,"execution_duration":1807,"uploading_duration":576,"executable":"ellipsoids-openmp","args":["3.dat","316.log","316.xoutput"],"id":172,"resource":"2560","request_start":1576628747249,"request_end":1576628757796,"request_duration":10547,"type":"2560"}
{"start":1576628754442,"end":1576628757776,"duration":3334,"downloading_duration":991,"execution_duration":1751,"uploading_duration":592,"executable":"ellipsoids-openmp","args":["3.dat","333.log","333.xoutput"],"id":189,"resource":"2560","request_start":1576628747258,"request_end":1576628757800,"request_duration":10542,"type":"2560"}
{"start":1576628754515,"end":1576628757800,"duration":3285,"downloading_duration":1020,"execution_duration":1702,"uploading_duration":563,"executable":"ellipsoids-openmp","args":["3.dat","344.log","344.xoutput"],"id":200,"resource":"2560","request_start":1576628747264,"request_end":1576628757819,"request_duration":10555,"type":"2560"}
{"start":1576628754465,"end":1576628757802,"duration":3337,"downloading_duration":1007,"execution_duration":1719,"uploading_duration":611,"executable":"ellipsoids-openmp","args":["3.dat","339.log","339.xoutput"],"id":195,"resource":"2560","request_start":1576628747261,"request_end":1576628757824,"request_duration":10563,"type":"2560"}
{"start":1576628754507,"end":1576628757836,"duration":3329,"downloading_duration":1030,"execution_duration":1733,"uploading_duration":566,"executable":"ellipsoids-openmp","args":["3.dat","342.log","342.xoutput"],"id":198,"resource":"2560","request_start":1576628747263,"request_end":1576628757978,"request_duration":10715,"type":"2560"}
{"start":1576628754286,"end":1576628757838,"duration":3552,"downloading_duration":1118,"execution_duration":1809,"uploading_duration":625,"executable":"ellipsoids-openmp","args":["3.dat","314.log","314.xoutput"],"id":170,"resource":"2560","request_start":1576628747248,"request_end":1576628757980,"request_duration":10732,"type":"2560"}
{"start":1576628754460,"end":1576628757852,"duration":3392,"downloading_duration":1015,"execution_duration":1732,"uploading_duration":645,"executable":"ellipsoids-openmp","args":["3.dat","336.log","336.xoutput"],"id":192,"resource":"2560","request_start":1576628747260,"request_end":1576628757983,"request_duration":10723,"type":"2560"}
{"start":1576628754470,"end":1576628757858,"duration":3388,"downloading_duration":1063,"execution_duration":1724,"uploading_duration":601,"executable":"ellipsoids-openmp","args":["3.dat","341.log","341.xoutput"],"id":197,"resource":"2560","request_start":1576628747262,"request_end":1576628757985,"request_duration":10723,"type":"2560"}
{"start":1576628754461,"end":1576628757860,"duration":3399,"downloading_duration":1078,"execution_duration":1733,"uploading_duration":588,"executable":"ellipsoids-openmp","args":["3.dat","337.log","337.xoutput"],"id":193,"resource":"2560","request_start":1576628747260,"request_end":1576628757986,"request_duration":10726,"type":"2560"}
{"start":1576628754381,"end":1576628757864,"duration":3483,"downloading_duration":1100,"execution_duration":1725,"uploading_duration":658,"executable":"ellipsoids-openmp","args":["3.dat","329.log","329.xoutput"],"id":185,"resource":"2560","request_start":1576628747256,"request_end":1576628757988,"request_duration":10732,"type":"2560"}
{"start":1576628754448,"end":1576628757867,"duration":3419,"downloading_duration":1088,"execution_duration":1766,"uploading_duration":565,"executable":"ellipsoids-openmp","args":["3.dat","334.log","334.xoutput"],"id":190,"resource":"2560","request_start":1576628747259,"request_end":1576628757989,"request_duration":10730,"type":"2560"}
{"start":1576628754458,"end":1576628757895,"duration":3437,"downloading_duration":1001,"execution_duration":1854,"uploading_duration":582,"executable":"ellipsoids-openmp","args":["3.dat","338.log","338.xoutput"],"id":194,"resource":"2560","request_start":1576628747261,"request_end":1576628757992,"request_duration":10731,"type":"2560"}
{"start":1576628754515,"end":1576628757916,"duration":3401,"downloading_duration":1076,"execution_duration":1762,"uploading_duration":563,"executable":"ellipsoids-openmp","args":["3.dat","343.log","343.xoutput"],"id":199,"resource":"2560","request_start":1576628747263,"request_end":1576628757993,"request_duration":10730,"type":"2560"}
{"start":1576628754357,"end":1576628757982,"duration":3625,"downloading_duration":1092,"execution_duration":1943,"uploading_duration":590,"executable":"ellipsoids-openmp","args":["3.dat","325.log","325.xoutput"],"id":181,"resource":"2560","request_start":1576628747254,"request_end":1576628758012,"request_duration":10758,"type":"2560"}
{"start":1576628754657,"end":1576628758004,"duration":3347,"downloading_duration":998,"execution_duration":1783,"uploading_duration":566,"executable":"ellipsoids-openmp","args":["3.dat","346.log","346.xoutput"],"id":202,"resource":"2560","request_start":1576628747265,"request_end":1576628758023,"request_duration":10758,"type":"2560"}
{"start":1576628754673,"end":1576628758101,"duration":3428,"downloading_duration":1023,"execution_duration":1820,"uploading_duration":585,"executable":"ellipsoids-openmp","args":["3.dat","347.log","347.xoutput"],"id":203,"resource":"2560","request_start":1576628747265,"request_end":1576628758120,"request_duration":10855,"type":"2560"}
{"start":1576628754827,"end":1576628758220,"duration":3393,"downloading_duration":1037,"execution_duration":1762,"uploading_duration":594,"executable":"ellipsoids-openmp","args":["3.dat","348.log","348.xoutput"],"id":204,"resource":"2560","request_start":1576628747266,"request_end":1576628758241,"request_duration":10975,"type":"2560"}
{"start":1576628755222,"end":1576628758516,"duration":3294,"downloading_duration":1069,"execution_duration":1659,"uploading_duration":566,"executable":"ellipsoids-openmp","args":["3.dat","349.log","349.xoutput"],"id":205,"resource":"2560","request_start":1576628747266,"request_end":1576628758536,"request_duration":11270,"type":"2560"}
{"start":1576628756602,"end":1576628759502,"duration":2900,"downloading_duration":996,"execution_duration":1340,"uploading_duration":564,"executable":"ellipsoids-openmp","args":["2.dat","20.log","20.xoutput"],"id":106,"resource":"2560","request_start":1576628747301,"request_end":1576628759522,"request_duration":12221,"type":"2560"}
{"start":1576628757569,"end":1576628760874,"duration":3305,"downloading_duration":991,"execution_duration":1722,"uploading_duration":592,"executable":"ellipsoids-openmp","args":["2.dat","23.log","23.xoutput"],"id":109,"resource":"2560","request_start":1576628747303,"request_end":1576628760894,"request_duration":13591,"type":"2560"}
{"start":1576628757533,"end":1576628760908,"duration":3375,"downloading_duration":995,"execution_duration":1786,"uploading_duration":594,"executable":"ellipsoids-openmp","args":["2.dat","21.log","21.xoutput"],"id":107,"resource":"2560","request_start":1576628747302,"request_end":1576628760927,"request_duration":13625,"type":"2560"}
{"start":1576628757638,"end":1576628760931,"duration":3293,"downloading_duration":988,"execution_duration":1747,"uploading_duration":558,"executable":"ellipsoids-openmp","args":["2.dat","29.log","29.xoutput"],"id":115,"resource":"2560","request_start":1576628747306,"request_end":1576628760953,"request_duration":13647,"type":"2560"}
{"start":1576628757562,"end":1576628760939,"duration":3377,"downloading_duration":1069,"execution_duration":1723,"uploading_duration":585,"executable":"ellipsoids-openmp","args":["2.dat","22.log","22.xoutput"],"id":108,"resource":"2560","request_start":1576628747302,"request_end":1576628760959,"request_duration":13657,"type":"2560"}
{"start":1576628757653,"end":1576628760953,"duration":3300,"downloading_duration":995,"execution_duration":1715,"uploading_duration":590,"executable":"ellipsoids-openmp","args":["2.dat","210.log","210.xoutput"],"id":116,"resource":"2560","request_start":1576628747306,"request_end":1576628760970,"request_duration":13664,"type":"2560"}
{"start":1576628757624,"end":1576628760977,"duration":3353,"downloading_duration":1008,"execution_duration":1774,"uploading_duration":571,"executable":"ellipsoids-openmp","args":["2.dat","27.log","27.xoutput"],"id":113,"resource":"2560","request_start":1576628747305,"request_end":1576628760997,"request_duration":13692,"type":"2560"}
{"start":1576628757614,"end":1576628760995,"duration":3381,"downloading_duration":1047,"execution_duration":1769,"uploading_duration":565,"executable":"ellipsoids-openmp","args":["2.dat","25.log","25.xoutput"],"id":111,"resource":"2560","request_start":1576628747304,"request_end":1576628761015,"request_duration":13711,"type":"2560"}
{"start":1576628757656,"end":1576628761037,"duration":3381,"downloading_duration":995,"execution_duration":1783,"uploading_duration":603,"executable":"ellipsoids-openmp","args":["2.dat","211.log","211.xoutput"],"id":117,"resource":"2560","request_start":1576628747307,"request_end":1576628761057,"request_duration":13750,"type":"2560"}
{"start":1576628757629,"end":1576628761053,"duration":3424,"downloading_duration":1070,"execution_duration":1788,"uploading_duration":566,"executable":"ellipsoids-openmp","args":["2.dat","28.log","28.xoutput"],"id":114,"resource":"2560","request_start":1576628747305,"request_end":1576628761070,"request_duration":13765,"type":"2560"}
{"start":1576628757673,"end":1576628761056,"duration":3383,"downloading_duration":999,"execution_duration":1784,"uploading_duration":600,"executable":"ellipsoids-openmp","args":["2.dat","213.log","213.xoutput"],"id":119,"resource":"2560","request_start":1576628747310,"request_end":1576628761075,"request_duration":13765,"type":"2560"}
{"start":1576628757668,"end":1576628761072,"duration":3404,"downloading_duration":1073,"execution_duration":1751,"uploading_duration":580,"executable":"ellipsoids-openmp","args":["2.dat","212.log","212.xoutput"],"id":118,"resource":"2560","request_start":1576628747307,"request_end":1576628761091,"request_duration":13784,"type":"2560"}
{"start":1576628757758,"end":1576628761093,"duration":3335,"downloading_duration":992,"execution_duration":1760,"uploading_duration":583,"executable":"ellipsoids-openmp","args":["2.dat","224.log","224.xoutput"],"id":130,"resource":"2560","request_start":1576628747316,"request_end":1576628761114,"request_duration":13798,"type":"2560"}
{"start":1576628757740,"end":1576628761095,"duration":3355,"downloading_duration":1007,"execution_duration":1785,"uploading_duration":563,"executable":"ellipsoids-openmp","args":["2.dat","221.log","221.xoutput"],"id":127,"resource":"2560","request_start":1576628747314,"request_end":1576628761117,"request_duration":13803,"type":"2560"}
{"start":1576628757722,"end":1576628761098,"duration":3376,"downloading_duration":1004,"execution_duration":1787,"uploading_duration":585,"executable":"ellipsoids-openmp","args":["2.dat","219.log","219.xoutput"],"id":125,"resource":"2560","request_start":1576628747313,"request_end":1576628761121,"request_duration":13808,"type":"2560"}
{"start":1576628757625,"end":1576628761110,"duration":3485,"downloading_duration":1085,"execution_duration":1823,"uploading_duration":577,"executable":"ellipsoids-openmp","args":["2.dat","26.log","26.xoutput"],"id":112,"resource":"2560","request_start":1576628747304,"request_end":1576628761130,"request_duration":13826,"type":"2560"}
{"start":1576628757752,"end":1576628761116,"duration":3364,"downloading_duration":980,"execution_duration":1781,"uploading_duration":603,"executable":"ellipsoids-openmp","args":["2.dat","223.log","223.xoutput"],"id":129,"resource":"2560","request_start":1576628747315,"request_end":1576628761135,"request_duration":13820,"type":"2560"}
{"start":1576628757681,"end":1576628761119,"duration":3438,"downloading_duration":1045,"execution_duration":1753,"uploading_duration":640,"executable":"ellipsoids-openmp","args":["2.dat","214.log","214.xoutput"],"id":120,"resource":"2560","request_start":1576628747311,"request_end":1576628761138,"request_duration":13827,"type":"2560"}
{"start":1576628759553,"end":1576628761121,"duration":1568,"downloading_duration":1194,"execution_duration":3,"uploading_duration":371,"executable":"mean-pack-ell","args":["00.xoutput","01.xoutput","02.xoutput","03.xoutput","04.xoutput","05.xoutput","06.xoutput","07.xoutput","08.xoutput","09.xoutput","010.xoutput","011.xoutput","012.xoutput","013.xoutput","014.xoutput","015.xoutput","016.xoutput","017.xoutput","018.xoutput","019.xoutput","020.xoutput","021.xoutput","022.xoutput","023.xoutput","024.xoutput","025.xoutput","026.xoutput","027.xoutput","028.xoutput","029.xoutput","030.xoutput","031.xoutput","032.xoutput","033.xoutput","034.xoutput","035.xoutput","036.xoutput","037.xoutput","038.xoutput","039.xoutput","040.xoutput","041.xoutput","042.xoutput","043.xoutput","044.xoutput","045.xoutput","046.xoutput","047.xoutput","048.xoutput","049.xoutput","average_0.txt"],"id":206,"resource":"2560","request_start":1576628751368,"request_end":1576628761145,"request_duration":9777,"type":"2560"}
{"start":1576628757696,"end":1576628761129,"duration":3433,"downloading_duration":983,"execution_duration":1835,"uploading_duration":615,"executable":"ellipsoids-openmp","args":["2.dat","216.log","216.xoutput"],"id":122,"resource":"2560","request_start":1576628747312,"request_end":1576628761150,"request_duration":13838,"type":"2560"}
{"start":1576628757746,"end":1576628761131,"duration":3385,"downloading_duration":1007,"execution_duration":1800,"uploading_duration":578,"executable":"ellipsoids-openmp","args":["2.dat","222.log","222.xoutput"],"id":128,"resource":"2560","request_start":1576628747315,"request_end":1576628761152,"request_duration":13837,"type":"2560"}
{"start":1576628757762,"end":1576628761156,"duration":3394,"downloading_duration":1020,"execution_duration":1774,"uploading_duration":600,"executable":"ellipsoids-openmp","args":["2.dat","225.log","225.xoutput"],"id":131,"resource":"2560","request_start":1576628747316,"request_end":1576628761178,"request_duration":13862,"type":"2560"}
{"start":1576628757775,"end":1576628761166,"duration":3391,"downloading_duration":1016,"execution_duration":1773,"uploading_duration":602,"executable":"ellipsoids-openmp","args":["2.dat","227.log","227.xoutput"],"id":133,"resource":"2560","request_start":1576628747317,"request_end":1576628761189,"request_duration":13872,"type":"2560"}
{"start":1576628757852,"end":1576628761166,"duration":3314,"downloading_duration":979,"execution_duration":1746,"uploading_duration":589,"executable":"ellipsoids-openmp","args":["2.dat","235.log","235.xoutput"],"id":141,"resource":"2560","request_start":1576628747323,"request_end":1576628761190,"request_duration":13867,"type":"2560"}
{"start":1576628757734,"end":1576628761170,"duration":3436,"downloading_duration":983,"execution_duration":1835,"uploading_duration":618,"executable":"ellipsoids-openmp","args":["2.dat","220.log","220.xoutput"],"id":126,"resource":"2560","request_start":1576628747314,"request_end":1576628761193,"request_duration":13879,"type":"2560"}
{"start":1576628757687,"end":1576628761178,"duration":3491,"downloading_duration":1076,"execution_duration":1772,"uploading_duration":643,"executable":"ellipsoids-openmp","args":["2.dat","215.log","215.xoutput"],"id":121,"resource":"2560","request_start":1576628747311,"request_end":1576628761201,"request_duration":13890,"type":"2560"}
{"start":1576628757769,"end":1576628761210,"duration":3441,"downloading_duration":989,"execution_duration":1787,"uploading_duration":665,"executable":"ellipsoids-openmp","args":["2.dat","226.log","226.xoutput"],"id":132,"resource":"2560","request_start":1576628747317,"request_end":1576628761229,"request_duration":13912,"type":"2560"}
{"start":1576628757796,"end":1576628761212,"duration":3416,"downloading_duration":1081,"execution_duration":1760,"uploading_duration":575,"executable":"ellipsoids-openmp","args":["2.dat","228.log","228.xoutput"],"id":134,"resource":"2560","request_start":1576628747318,"request_end":1576628761233,"request_duration":13915,"type":"2560"}
{"start":1576628757801,"end":1576628761214,"duration":3413,"downloading_duration":997,"execution_duration":1752,"uploading_duration":664,"executable":"ellipsoids-openmp","args":["2.dat","229.log","229.xoutput"],"id":135,"resource":"2560","request_start":1576628747319,"request_end":1576628761237,"request_duration":13918,"type":"2560"}
{"start":1576628757845,"end":1576628761217,"duration":3372,"downloading_duration":993,"execution_duration":1745,"uploading_duration":634,"executable":"ellipsoids-openmp","args":["2.dat","234.log","234.xoutput"],"id":140,"resource":"2560","request_start":1576628747321,"request_end":1576628761247,"request_duration":13926,"type":"2560"}
{"start":1576628757807,"end":1576628761219,"duration":3412,"downloading_duration":1035,"execution_duration":1779,"uploading_duration":598,"executable":"ellipsoids-openmp","args":["2.dat","230.log","230.xoutput"],"id":136,"resource":"2560","request_start":1576628747319,"request_end":1576628761249,"request_duration":13930,"type":"2560"}
{"start":1576628757705,"end":1576628761225,"duration":3520,"downloading_duration":1074,"execution_duration":1781,"uploading_duration":665,"executable":"ellipsoids-openmp","args":["2.dat","218.log","218.xoutput"],"id":124,"resource":"2560","request_start":1576628747313,"request_end":1576628761251,"request_duration":13938,"type":"2560"}
{"start":1576628757705,"end":1576628761245,"duration":3540,"downloading_duration":1093,"execution_duration":1806,"uploading_duration":641,"executable":"ellipsoids-openmp","args":["2.dat","217.log","217.xoutput"],"id":123,"resource":"2560","request_start":1576628747312,"request_end":1576628761263,"request_duration":13951,"type":"2560"}
{"start":1576628757826,"end":1576628761277,"duration":3451,"downloading_duration":1084,"execution_duration":1756,"uploading_duration":611,"executable":"ellipsoids-openmp","args":["2.dat","232.log","232.xoutput"],"id":138,"resource":"2560","request_start":1576628747320,"request_end":1576628761295,"request_duration":13975,"type":"2560"}
{"start":1576628757830,"end":1576628761289,"duration":3459,"downloading_duration":1031,"execution_duration":1809,"uploading_duration":619,"executable":"ellipsoids-openmp","args":["2.dat","233.log","233.xoutput"],"id":139,"resource":"2560","request_start":1576628747321,"request_end":1576628761310,"request_duration":13989,"type":"2560"}
{"start":1576628758022,"end":1576628761373,"duration":3351,"downloading_duration":990,"execution_duration":1773,"uploading_duration":588,"executable":"ellipsoids-openmp","args":["2.dat","238.log","238.xoutput"],"id":144,"resource":"2560","request_start":1576628747325,"request_end":1576628761393,"request_duration":14068,"type":"2560"}
{"start":1576628758036,"end":1576628761436,"duration":3400,"downloading_duration":1004,"execution_duration":1813,"uploading_duration":583,"executable":"ellipsoids-openmp","args":["2.dat","245.log","245.xoutput"],"id":151,"resource":"2560","request_start":1576628747329,"request_end":1576628761455,"request_duration":14126,"type":"2560"}
{"start":1576628758030,"end":1576628761469,"duration":3439,"downloading_duration":1028,"execution_duration":1808,"uploading_duration":603,"executable":"ellipsoids-openmp","args":["2.dat","244.log","244.xoutput"],"id":150,"resource":"2560","request_start":1576628747329,"request_end":1576628761488,"request_duration":14159,"type":"2560"}
{"start":1576628758027,"end":1576628761470,"duration":3443,"downloading_duration":1055,"execution_duration":1790,"uploading_duration":598,"executable":"ellipsoids-openmp","args":["2.dat","240.log","240.xoutput"],"id":146,"resource":"2560","request_start":1576628747326,"request_end":1576628761490,"request_duration":14164,"type":"2560"}
{"start":1576628758053,"end":1576628761489,"duration":3436,"downloading_duration":1015,"execution_duration":1819,"uploading_duration":602,"executable":"ellipsoids-openmp","args":["2.dat","246.log","246.xoutput"],"id":152,"resource":"2560","request_start":1576628747330,"request_end":1576628761507,"request_duration":14177,"type":"2560"}
{"start":1576628758022,"end":1576628761499,"duration":3477,"downloading_duration":1065,"execution_duration":1851,"uploading_duration":561,"executable":"ellipsoids-openmp","args":["2.dat","237.log","237.xoutput"],"id":143,"resource":"2560","request_start":1576628747324,"request_end":1576628761520,"request_duration":14196,"type":"2560"}
{"start":1576628758031,"end":1576628761507,"duration":3476,"downloading_duration":993,"execution_duration":1836,"uploading_duration":647,"executable":"ellipsoids-openmp","args":["2.dat","242.log","242.xoutput"],"id":148,"resource":"2560","request_start":1576628747328,"request_end":1576628761526,"request_duration":14198,"type":"2560"}
{"start":1576628758027,"end":1576628761506,"duration":3479,"downloading_duration":1064,"execution_duration":1794,"uploading_duration":621,"executable":"ellipsoids-openmp","args":["2.dat","239.log","239.xoutput"],"id":145,"resource":"2560","request_start":1576628747325,"request_end":1576628761528,"request_duration":14203,"type":"2560"}
{"start":1576628758026,"end":1576628761531,"duration":3505,"downloading_duration":1033,"execution_duration":1834,"uploading_duration":638,"executable":"ellipsoids-openmp","args":["2.dat","241.log","241.xoutput"],"id":147,"resource":"2560","request_start":1576628747327,"request_end":1576628761551,"request_duration":14224,"type":"2560"}
{"start":1576628758022,"end":1576628761537,"duration":3515,"downloading_duration":1113,"execution_duration":1746,"uploading_duration":656,"executable":"ellipsoids-openmp","args":["2.dat","236.log","236.xoutput"],"id":142,"resource":"2560","request_start":1576628747323,"request_end":1576628761554,"request_duration":14231,"type":"2560"}
{"start":1576628758147,"end":1576628761604,"duration":3457,"downloading_duration":1022,"execution_duration":1855,"uploading_duration":580,"executable":"ellipsoids-openmp","args":["2.dat","247.log","247.xoutput"],"id":153,"resource":"2560","request_start":1576628747331,"request_end":1576628761623,"request_duration":14292,"type":"2560"}
{"start":1576628758267,"end":1576628761687,"duration":3420,"downloading_duration":992,"execution_duration":1857,"uploading_duration":571,"executable":"ellipsoids-openmp","args":["2.dat","248.log","248.xoutput"],"id":154,"resource":"2560","request_start":1576628747331,"request_end":1576628761705,"request_duration":14374,"type":"2560"}
{"start":1576628757810,"end":1576628761720,"duration":3910,"downloading_duration":1452,"execution_duration":1883,"uploading_duration":575,"executable":"ellipsoids-openmp","args":["2.dat","231.log","231.xoutput"],"id":137,"resource":"2560","request_start":1576628747320,"request_end":1576628761785,"request_duration":14465,"type":"2560"}
{"start":1576628757569,"end":1576628761971,"duration":4402,"downloading_duration":2104,"execution_duration":1716,"uploading_duration":582,"executable":"ellipsoids-openmp","args":["2.dat","24.log","24.xoutput"],"id":110,"resource":"2560","request_start":1576628747303,"request_end":1576628761990,"request_duration":14687,"type":"2560"}
{"start":1576628758564,"end":1576628762079,"duration":3515,"downloading_duration":1081,"execution_duration":1841,"uploading_duration":593,"executable":"ellipsoids-openmp","args":["2.dat","249.log","249.xoutput"],"id":155,"resource":"2560","request_start":1576628747358,"request_end":1576628762100,"request_duration":14742,"type":"2560"}
{"start":1576628758030,"end":1576628762253,"duration":4223,"downloading_duration":990,"execution_duration":1839,"uploading_duration":1394,"executable":"ellipsoids-openmp","args":["2.dat","243.log","243.xoutput"],"id":149,"resource":"2560","request_start":1576628747328,"request_end":1576628762274,"request_duration":14946,"type":"2560"}
{"start":1576628760930,"end":1576628762455,"duration":1525,"downloading_duration":1134,"execution_duration":3,"uploading_duration":388,"executable":"mean-pack-ell","args":["10.xoutput","11.xoutput","12.xoutput","13.xoutput","14.xoutput","15.xoutput","16.xoutput","17.xoutput","18.xoutput","19.xoutput","110.xoutput","111.xoutput","112.xoutput","113.xoutput","114.xoutput","115.xoutput","116.xoutput","117.xoutput","118.xoutput","119.xoutput","120.xoutput","121.xoutput","122.xoutput","123.xoutput","124.xoutput","125.xoutput","126.xoutput","127.xoutput","128.xoutput","129.xoutput","130.xoutput","131.xoutput","132.xoutput","133.xoutput","134.xoutput","135.xoutput","136.xoutput","137.xoutput","138.xoutput","139.xoutput","140.xoutput","141.xoutput","142.xoutput","143.xoutput","144.xoutput","145.xoutput","146.xoutput","147.xoutput","148.xoutput","149.xoutput","average_1.txt"],"id":207,"resource":"2560","request_start":1576628755221,"request_end":1576628762475,"request_duration":7254,"type":"2560"}
{"start":1576628760960,"end":1576628762493,"duration":1533,"downloading_duration":1148,"execution_duration":4,"uploading_duration":381,"executable":"mean-pack-ell","args":["30.xoutput","31.xoutput","32.xoutput","33.xoutput","34.xoutput","35.xoutput","36.xoutput","37.xoutput","38.xoutput","39.xoutput","310.xoutput","311.xoutput","312.xoutput","313.xoutput","314.xoutput","315.xoutput","316.xoutput","317.xoutput","318.xoutput","319.xoutput","320.xoutput","321.xoutput","322.xoutput","323.xoutput","324.xoutput","325.xoutput","326.xoutput","327.xoutput","328.xoutput","329.xoutput","330.xoutput","331.xoutput","332.xoutput","333.xoutput","334.xoutput","335.xoutput","336.xoutput","337.xoutput","338.xoutput","339.xoutput","340.xoutput","341.xoutput","342.xoutput","343.xoutput","344.xoutput","345.xoutput","346.xoutput","347.xoutput","348.xoutput","349.xoutput","average_3.txt"],"id":209,"resource":"2560","request_start":1576628758550,"request_end":1576628762514,"request_duration":3964,"type":"2560"}
{"start":1576628762484,"end":1576628763916,"duration":1432,"downloading_duration":1041,"execution_duration":4,"uploading_duration":387,"executable":"mean-pack-ell","args":["20.xoutput","21.xoutput","22.xoutput","23.xoutput","24.xoutput","25.xoutput","26.xoutput","27.xoutput","28.xoutput","29.xoutput","210.xoutput","211.xoutput","212.xoutput","213.xoutput","214.xoutput","215.xoutput","216.xoutput","217.xoutput","218.xoutput","219.xoutput","220.xoutput","221.xoutput","222.xoutput","223.xoutput","224.xoutput","225.xoutput","226.xoutput","227.xoutput","228.xoutput","229.xoutput","230.xoutput","231.xoutput","232.xoutput","233.xoutput","234.xoutput","235.xoutput","236.xoutput","237.xoutput","238.xoutput","239.xoutput","240.xoutput","241.xoutput","242.xoutput","243.xoutput","244.xoutput","245.xoutput","246.xoutput","247.xoutput","248.xoutput","249.xoutput","average_2.txt"],"id":208,"resource":"2560","request_start":1576628762293,"request_end":1576628763936,"request_duration":1643,"type":"2560"}
{"start":1576628764095,"end":1576628765388,"duration":1293,"downloading_duration":774,"execution_duration":60,"uploading_duration":459,"executable":"summary.js","args":[],"id":210,"resource":"2560","request_start":1576628763945,"request_end":1576628765410,"request_duration":1465,"type":"2560"}
