{"start":1576628652943,"end":1576628653884,"duration":941,"downloading_duration":462,"execution_duration":71,"uploading_duration":408,"executable":"generateData.js","args":[],"id":1,"resource":"2560","request_start":1576628652201,"request_end":1576628653917,"request_duration":1716,"type":"2560"}
{"start":1576628654064,"end":1576628655062,"duration":998,"downloading_duration":521,"execution_duration":64,"uploading_duration":413,"executable":"createDat.js","args":["3.dat"],"id":5,"resource":"2560","request_start":1576628653944,"request_end":1576628655079,"request_duration":1135,"type":"2560"}
{"start":1576628654503,"end":1576628655449,"duration":946,"downloading_duration":488,"execution_duration":72,"uploading_duration":386,"executable":"createDat.js","args":["0.dat"],"id":2,"resource":"2560","request_start":1576628653931,"request_end":1576628655708,"request_duration":1777,"type":"2560"}
{"start":1576628654554,"end":1576628655528,"duration":974,"downloading_duration":517,"execution_duration":72,"uploading_duration":385,"executable":"createDat.js","args":["1.dat"],"id":3,"resource":"2560","request_start":1576628653936,"request_end":1576628655748,"request_duration":1812,"type":"2560"}
{"start":1576628654569,"end":1576628655608,"duration":1039,"downloading_duration":542,"execution_duration":69,"uploading_duration":428,"executable":"createDat.js","args":["2.dat"],"id":4,"resource":"2560","request_start":1576628653941,"request_end":1576628655819,"request_duration":1878,"type":"2560"}
{"start":1576628655483,"end":1576628658822,"duration":3339,"downloading_duration":1004,"execution_duration":1742,"uploading_duration":593,"executable":"ellipsoids-openmp","args":["3.dat","30.log","30.xoutput"],"id":156,"resource":"2560","request_start":1576628655127,"request_end":1576628658843,"request_duration":3716,"type":"2560"}
{"start":1576628655479,"end":1576628658988,"duration":3509,"downloading_duration":1174,"execution_duration":1771,"uploading_duration":564,"executable":"ellipsoids-openmp","args":["3.dat","34.log","34.xoutput"],"id":160,"resource":"2560","request_start":1576628655133,"request_end":1576628659007,"request_duration":3874,"type":"2560"}
{"start":1576628655716,"end":1576628659128,"duration":3412,"downloading_duration":1074,"execution_duration":1780,"uploading_duration":558,"executable":"ellipsoids-openmp","args":["3.dat","313.log","313.xoutput"],"id":169,"resource":"2560","request_start":1576628655144,"request_end":1576628659149,"request_duration":4005,"type":"2560"}
{"start":1576628655714,"end":1576628659247,"duration":3533,"downloading_duration":1163,"execution_duration":1752,"uploading_duration":618,"executable":"ellipsoids-openmp","args":["3.dat","310.log","310.xoutput"],"id":166,"resource":"2560","request_start":1576628655141,"request_end":1576628659271,"request_duration":4130,"type":"2560"}
{"start":1576628655913,"end":1576628659323,"duration":3410,"downloading_duration":1064,"execution_duration":1729,"uploading_duration":617,"executable":"ellipsoids-openmp","args":["3.dat","31.log","31.xoutput"],"id":157,"resource":"2560","request_start":1576628655129,"request_end":1576628659411,"request_duration":4282,"type":"2560"}
{"start":1576628655932,"end":1576628659401,"duration":3469,"downloading_duration":1152,"execution_duration":1729,"uploading_duration":588,"executable":"ellipsoids-openmp","args":["3.dat","33.log","33.xoutput"],"id":159,"resource":"2560","request_start":1576628655132,"request_end":1576628659423,"request_duration":4291,"type":"2560"}
{"start":1576628655911,"end":1576628659404,"duration":3493,"downloading_duration":1187,"execution_duration":1714,"uploading_duration":592,"executable":"ellipsoids-openmp","args":["3.dat","36.log","36.xoutput"],"id":162,"resource":"2560","request_start":1576628655136,"request_end":1576628659433,"request_duration":4297,"type":"2560"}
{"start":1576628655926,"end":1576628659433,"duration":3507,"downloading_duration":1176,"execution_duration":1771,"uploading_duration":560,"executable":"ellipsoids-openmp","args":["3.dat","32.log","32.xoutput"],"id":158,"resource":"2560","request_start":1576628655130,"request_end":1576628659456,"request_duration":4326,"type":"2560"}
{"start":1576628655920,"end":1576628659447,"duration":3527,"downloading_duration":1217,"execution_duration":1689,"uploading_duration":621,"executable":"ellipsoids-openmp","args":["3.dat","37.log","37.xoutput"],"id":163,"resource":"2560","request_start":1576628655137,"request_end":1576628659476,"request_duration":4339,"type":"2560"}
{"start":1576628655927,"end":1576628659479,"duration":3552,"downloading_duration":1187,"execution_duration":1781,"uploading_duration":584,"executable":"ellipsoids-openmp","args":["3.dat","311.log","311.xoutput"],"id":167,"resource":"2560","request_start":1576628655142,"request_end":1576628659584,"request_duration":4442,"type":"2560"}
{"start":1576628655930,"end":1576628659479,"duration":3549,"downloading_duration":1223,"execution_duration":1740,"uploading_duration":586,"executable":"ellipsoids-openmp","args":["3.dat","38.log","38.xoutput"],"id":164,"resource":"2560","request_start":1576628655138,"request_end":1576628659586,"request_duration":4448,"type":"2560"}
{"start":1576628656121,"end":1576628659529,"duration":3408,"downloading_duration":1134,"execution_duration":1702,"uploading_duration":572,"executable":"ellipsoids-openmp","args":["3.dat","315.log","315.xoutput"],"id":171,"resource":"2560","request_start":1576628655149,"request_end":1576628659594,"request_duration":4445,"type":"2560"}
{"start":1576628655914,"end":1576628659578,"duration":3664,"downloading_duration":1285,"execution_duration":1718,"uploading_duration":661,"executable":"ellipsoids-openmp","args":["3.dat","35.log","35.xoutput"],"id":161,"resource":"2560","request_start":1576628655135,"request_end":1576628659617,"request_duration":4482,"type":"2560"}
{"start":1576628656185,"end":1576628659584,"duration":3399,"downloading_duration":1128,"execution_duration":1655,"uploading_duration":616,"executable":"ellipsoids-openmp","args":["3.dat","330.log","330.xoutput"],"id":186,"resource":"2560","request_start":1576628655163,"request_end":1576628659619,"request_duration":4456,"type":"2560"}
{"start":1576628656112,"end":1576628659590,"duration":3478,"downloading_duration":1241,"execution_duration":1672,"uploading_duration":565,"executable":"ellipsoids-openmp","args":["3.dat","319.log","319.xoutput"],"id":175,"resource":"2560","request_start":1576628655152,"request_end":1576628659622,"request_duration":4470,"type":"2560"}
{"start":1576628656197,"end":1576628659592,"duration":3395,"downloading_duration":1111,"execution_duration":1694,"uploading_duration":590,"executable":"ellipsoids-openmp","args":["3.dat","321.log","321.xoutput"],"id":177,"resource":"2560","request_start":1576628655155,"request_end":1576628659624,"request_duration":4469,"type":"2560"}
{"start":1576628656224,"end":1576628659604,"duration":3380,"downloading_duration":1099,"execution_duration":1708,"uploading_duration":573,"executable":"ellipsoids-openmp","args":["3.dat","337.log","337.xoutput"],"id":193,"resource":"2560","request_start":1576628655171,"request_end":1576628659632,"request_duration":4461,"type":"2560"}
{"start":1576628656225,"end":1576628659623,"duration":3398,"downloading_duration":1126,"execution_duration":1710,"uploading_duration":562,"executable":"ellipsoids-openmp","args":["3.dat","331.log","331.xoutput"],"id":187,"resource":"2560","request_start":1576628655164,"request_end":1576628659643,"request_duration":4479,"type":"2560"}
{"start":1576628656199,"end":1576628659628,"duration":3429,"downloading_duration":1107,"execution_duration":1683,"uploading_duration":639,"executable":"ellipsoids-openmp","args":["3.dat","324.log","324.xoutput"],"id":180,"resource":"2560","request_start":1576628655157,"request_end":1576628659651,"request_duration":4494,"type":"2560"}
{"start":1576628656135,"end":1576628659643,"duration":3508,"downloading_duration":1205,"execution_duration":1733,"uploading_duration":570,"executable":"ellipsoids-openmp","args":["3.dat","317.log","317.xoutput"],"id":173,"resource":"2560","request_start":1576628655151,"request_end":1576628659667,"request_duration":4516,"type":"2560"}
{"start":1576628656210,"end":1576628659643,"duration":3433,"downloading_duration":1156,"execution_duration":1714,"uploading_duration":563,"executable":"ellipsoids-openmp","args":["3.dat","333.log","333.xoutput"],"id":189,"resource":"2560","request_start":1576628655166,"request_end":1576628659669,"request_duration":4503,"type":"2560"}
{"start":1576628656220,"end":1576628659648,"duration":3428,"downloading_duration":1116,"execution_duration":1706,"uploading_duration":606,"executable":"ellipsoids-openmp","args":["3.dat","335.log","335.xoutput"],"id":191,"resource":"2560","request_start":1576628655169,"request_end":1576628659671,"request_duration":4502,"type":"2560"}
{"start":1576628656194,"end":1576628659650,"duration":3456,"downloading_duration":1158,"execution_duration":1707,"uploading_duration":591,"executable":"ellipsoids-openmp","args":["3.dat","327.log","327.xoutput"],"id":183,"resource":"2560","request_start":1576628655160,"request_end":1576628659676,"request_duration":4516,"type":"2560"}
{"start":1576628656213,"end":1576628659674,"duration":3461,"downloading_duration":1168,"execution_duration":1691,"uploading_duration":602,"executable":"ellipsoids-openmp","args":["3.dat","338.log","338.xoutput"],"id":194,"resource":"2560","request_start":1576628655172,"request_end":1576628659695,"request_duration":4523,"type":"2560"}
{"start":1576628656107,"end":1576628659675,"duration":3568,"downloading_duration":1342,"execution_duration":1664,"uploading_duration":562,"executable":"ellipsoids-openmp","args":["3.dat","39.log","39.xoutput"],"id":165,"resource":"2560","request_start":1576628655140,"request_end":1576628659697,"request_duration":4557,"type":"2560"}
{"start":1576628656214,"end":1576628659683,"duration":3469,"downloading_duration":1169,"execution_duration":1730,"uploading_duration":570,"executable":"ellipsoids-openmp","args":["3.dat","323.log","323.xoutput"],"id":179,"resource":"2560","request_start":1576628655156,"request_end":1576628659706,"request_duration":4550,"type":"2560"}
{"start":1576628656237,"end":1576628659703,"duration":3466,"downloading_duration":1179,"execution_duration":1693,"uploading_duration":594,"executable":"ellipsoids-openmp","args":["3.dat","347.log","347.xoutput"],"id":203,"resource":"2560","request_start":1576628655179,"request_end":1576628659723,"request_duration":4544,"type":"2560"}
{"start":1576628656273,"end":1576628659709,"duration":3436,"downloading_duration":1164,"execution_duration":1710,"uploading_duration":562,"executable":"ellipsoids-openmp","args":["3.dat","343.log","343.xoutput"],"id":199,"resource":"2560","request_start":1576628655176,"request_end":1576628659729,"request_duration":4553,"type":"2560"}
{"start":1576628656253,"end":1576628659714,"duration":3461,"downloading_duration":1198,"execution_duration":1696,"uploading_duration":567,"executable":"ellipsoids-openmp","args":["3.dat","340.log","340.xoutput"],"id":196,"resource":"2560","request_start":1576628655173,"request_end":1576628659740,"request_duration":4567,"type":"2560"}
{"start":1576628656210,"end":1576628659716,"duration":3506,"downloading_duration":1170,"execution_duration":1730,"uploading_duration":606,"executable":"ellipsoids-openmp","args":["3.dat","334.log","334.xoutput"],"id":190,"resource":"2560","request_start":1576628655167,"request_end":1576628659742,"request_duration":4575,"type":"2560"}
{"start":1576628656138,"end":1576628659743,"duration":3605,"downloading_duration":1284,"execution_duration":1739,"uploading_duration":582,"executable":"ellipsoids-openmp","args":["3.dat","316.log","316.xoutput"],"id":172,"resource":"2560","request_start":1576628655150,"request_end":1576628659763,"request_duration":4613,"type":"2560"}
{"start":1576628656262,"end":1576628659743,"duration":3481,"downloading_duration":1142,"execution_duration":1717,"uploading_duration":622,"executable":"ellipsoids-openmp","args":["3.dat","345.log","345.xoutput"],"id":201,"resource":"2560","request_start":1576628655178,"request_end":1576628659765,"request_duration":4587,"type":"2560"}
{"start":1576628656169,"end":1576628659743,"duration":3574,"downloading_duration":1185,"execution_duration":1773,"uploading_duration":616,"executable":"ellipsoids-openmp","args":["3.dat","314.log","314.xoutput"],"id":170,"resource":"2560","request_start":1576628655147,"request_end":1576628659767,"request_duration":4620,"type":"2560"}
{"start":1576628656261,"end":1576628659747,"duration":3486,"downloading_duration":1189,"execution_duration":1661,"uploading_duration":636,"executable":"ellipsoids-openmp","args":["3.dat","349.log","349.xoutput"],"id":205,"resource":"2560","request_start":1576628655180,"request_end":1576628659773,"request_duration":4593,"type":"2560"}
{"start":1576628656149,"end":1576628659758,"duration":3609,"downloading_duration":1209,"execution_duration":1774,"uploading_duration":626,"executable":"ellipsoids-openmp","args":["3.dat","320.log","320.xoutput"],"id":176,"resource":"2560","request_start":1576628655154,"request_end":1576628659781,"request_duration":4627,"type":"2560"}
{"start":1576628656240,"end":1576628659761,"duration":3521,"downloading_duration":1219,"execution_duration":1711,"uploading_duration":591,"executable":"ellipsoids-openmp","args":["3.dat","342.log","342.xoutput"],"id":198,"resource":"2560","request_start":1576628655175,"request_end":1576628659785,"request_duration":4610,"type":"2560"}
{"start":1576628656204,"end":1576628659767,"duration":3563,"downloading_duration":1226,"execution_duration":1713,"uploading_duration":624,"executable":"ellipsoids-openmp","args":["3.dat","325.log","325.xoutput"],"id":181,"resource":"2560","request_start":1576628655158,"request_end":1576628659789,"request_duration":4631,"type":"2560"}
{"start":1576628656195,"end":1576628659771,"duration":3576,"downloading_duration":1280,"execution_duration":1681,"uploading_duration":615,"executable":"ellipsoids-openmp","args":["3.dat","326.log","326.xoutput"],"id":182,"resource":"2560","request_start":1576628655159,"request_end":1576628659795,"request_duration":4636,"type":"2560"}
{"start":1576628656163,"end":1576628659772,"duration":3609,"downloading_duration":1241,"execution_duration":1740,"uploading_duration":628,"executable":"ellipsoids-openmp","args":["3.dat","318.log","318.xoutput"],"id":174,"resource":"2560","request_start":1576628655152,"request_end":1576628659797,"request_duration":4645,"type":"2560"}
{"start":1576628656249,"end":1576628659776,"duration":3527,"downloading_duration":1204,"execution_duration":1720,"uploading_duration":603,"executable":"ellipsoids-openmp","args":["3.dat","339.log","339.xoutput"],"id":195,"resource":"2560","request_start":1576628655173,"request_end":1576628659800,"request_duration":4627,"type":"2560"}
{"start":1576628656181,"end":1576628659783,"duration":3602,"downloading_duration":1237,"execution_duration":1749,"uploading_duration":616,"executable":"ellipsoids-openmp","args":["3.dat","312.log","312.xoutput"],"id":168,"resource":"2560","request_start":1576628655143,"request_end":1576628659809,"request_duration":4666,"type":"2560"}
{"start":1576628656200,"end":1576628659800,"duration":3600,"downloading_duration":1184,"execution_duration":1719,"uploading_duration":697,"executable":"ellipsoids-openmp","args":["3.dat","328.log","328.xoutput"],"id":184,"resource":"2560","request_start":1576628655161,"request_end":1576628659819,"request_duration":4658,"type":"2560"}
{"start":1576628656329,"end":1576628659801,"duration":3472,"downloading_duration":1207,"execution_duration":1701,"uploading_duration":564,"executable":"ellipsoids-openmp","args":["3.dat","346.log","346.xoutput"],"id":202,"resource":"2560","request_start":1576628655178,"request_end":1576628659823,"request_duration":4645,"type":"2560"}
{"start":1576628656220,"end":1576628659806,"duration":3586,"downloading_duration":1219,"execution_duration":1765,"uploading_duration":602,"executable":"ellipsoids-openmp","args":["3.dat","332.log","332.xoutput"],"id":188,"resource":"2560","request_start":1576628655165,"request_end":1576628659831,"request_duration":4666,"type":"2560"}
{"start":1576628656342,"end":1576628659814,"duration":3472,"downloading_duration":1168,"execution_duration":1706,"uploading_duration":598,"executable":"ellipsoids-openmp","args":["3.dat","348.log","348.xoutput"],"id":204,"resource":"2560","request_start":1576628655180,"request_end":1576628659838,"request_duration":4658,"type":"2560"}
{"start":1576628656197,"end":1576628659825,"duration":3628,"downloading_duration":1324,"execution_duration":1654,"uploading_duration":650,"executable":"ellipsoids-openmp","args":["3.dat","336.log","336.xoutput"],"id":192,"resource":"2560","request_start":1576628655170,"request_end":1576628659845,"request_duration":4675,"type":"2560"}
{"start":1576628656270,"end":1576628659837,"duration":3567,"downloading_duration":1262,"execution_duration":1692,"uploading_duration":613,"executable":"ellipsoids-openmp","args":["3.dat","344.log","344.xoutput"],"id":200,"resource":"2560","request_start":1576628655177,"request_end":1576628659855,"request_duration":4678,"type":"2560"}
{"start":1576628656172,"end":1576628659845,"duration":3673,"downloading_duration":1671,"execution_duration":1430,"uploading_duration":572,"executable":"ellipsoids-openmp","args":["3.dat","322.log","322.xoutput"],"id":178,"resource":"2560","request_start":1576628655155,"request_end":1576628659865,"request_duration":4710,"type":"2560"}
{"start":1576628656209,"end":1576628659930,"duration":3721,"downloading_duration":1300,"execution_duration":1742,"uploading_duration":679,"executable":"ellipsoids-openmp","args":["3.dat","329.log","329.xoutput"],"id":185,"resource":"2560","request_start":1576628655161,"request_end":1576628659951,"request_duration":4790,"type":"2560"}
{"start":1576628656281,"end":1576628660374,"duration":4093,"downloading_duration":1725,"execution_duration":1793,"uploading_duration":575,"executable":"ellipsoids-openmp","args":["3.dat","341.log","341.xoutput"],"id":197,"resource":"2560","request_start":1576628655174,"request_end":1576628660397,"request_duration":5223,"type":"2560"}
{"start":1576628658873,"end":1576628662345,"duration":3472,"downloading_duration":1059,"execution_duration":1855,"uploading_duration":558,"executable":"ellipsoids-openmp","args":["0.dat","04.log","04.xoutput"],"id":10,"resource":"2560","request_start":1576628655752,"request_end":1576628662364,"request_duration":6612,"type":"2560"}
{"start":1576628659035,"end":1576628662532,"duration":3497,"downloading_duration":1035,"execution_duration":1835,"uploading_duration":627,"executable":"ellipsoids-openmp","args":["0.dat","05.log","05.xoutput"],"id":11,"resource":"2560","request_start":1576628655753,"request_end":1576628662554,"request_duration":6801,"type":"2560"}
{"start":1576628659178,"end":1576628662578,"duration":3400,"downloading_duration":1039,"execution_duration":1784,"uploading_duration":577,"executable":"ellipsoids-openmp","args":["0.dat","06.log","06.xoutput"],"id":12,"resource":"2560","request_start":1576628655754,"request_end":1576628662599,"request_duration":6845,"type":"2560"}
{"start":1576628659302,"end":1576628662796,"duration":3494,"downloading_duration":1094,"execution_duration":1813,"uploading_duration":587,"executable":"ellipsoids-openmp","args":["0.dat","07.log","07.xoutput"],"id":13,"resource":"2560","request_start":1576628655755,"request_end":1576628662826,"request_duration":7071,"type":"2560"}
{"start":1576628659442,"end":1576628662874,"duration":3432,"downloading_duration":1008,"execution_duration":1821,"uploading_duration":603,"executable":"ellipsoids-openmp","args":["0.dat","08.log","08.xoutput"],"id":14,"resource":"2560","request_start":1576628655756,"request_end":1576628662896,"request_duration":7140,"type":"2560"}
{"start":1576628659502,"end":1576628662936,"duration":3434,"downloading_duration":997,"execution_duration":1832,"uploading_duration":605,"executable":"ellipsoids-openmp","args":["0.dat","012.log","012.xoutput"],"id":18,"resource":"2560","request_start":1576628655759,"request_end":1576628662956,"request_duration":7197,"type":"2560"}
{"start":1576628659450,"end":1576628662943,"duration":3493,"downloading_duration":1086,"execution_duration":1820,"uploading_duration":587,"executable":"ellipsoids-openmp","args":["0.dat","09.log","09.xoutput"],"id":15,"resource":"2560","request_start":1576628655756,"request_end":1576628662962,"request_duration":7206,"type":"2560"}
{"start":1576628659484,"end":1576628662945,"duration":3461,"downloading_duration":1075,"execution_duration":1820,"uploading_duration":566,"executable":"ellipsoids-openmp","args":["0.dat","011.log","011.xoutput"],"id":17,"resource":"2560","request_start":1576628655758,"request_end":1576628662965,"request_duration":7207,"type":"2560"}
{"start":1576628659462,"end":1576628662950,"duration":3488,"downloading_duration":1034,"execution_duration":1764,"uploading_duration":690,"executable":"ellipsoids-openmp","args":["0.dat","010.log","010.xoutput"],"id":16,"resource":"2560","request_start":1576628655757,"request_end":1576628662971,"request_duration":7214,"type":"2560"}
{"start":1576628659624,"end":1576628662993,"duration":3369,"downloading_duration":1090,"execution_duration":1718,"uploading_duration":561,"executable":"ellipsoids-openmp","args":["0.dat","015.log","015.xoutput"],"id":21,"resource":"2560","request_start":1576628655761,"request_end":1576628663015,"request_duration":7254,"type":"2560"}
{"start":1576628659854,"end":1576628663006,"duration":3152,"downloading_duration":1119,"execution_duration":1408,"uploading_duration":625,"executable":"ellipsoids-openmp","args":["0.dat","046.log","046.xoutput"],"id":52,"resource":"2560","request_start":1576628655783,"request_end":1576628663026,"request_duration":7243,"type":"2560"}
{"start":1576628659624,"end":1576628663017,"duration":3393,"downloading_duration":998,"execution_duration":1815,"uploading_duration":580,"executable":"ellipsoids-openmp","args":["0.dat","013.log","013.xoutput"],"id":19,"resource":"2560","request_start":1576628655760,"request_end":1576628663036,"request_duration":7276,"type":"2560"}
{"start":1576628659661,"end":1576628663019,"duration":3358,"downloading_duration":998,"execution_duration":1792,"uploading_duration":568,"executable":"ellipsoids-openmp","args":["0.dat","019.log","019.xoutput"],"id":25,"resource":"2560","request_start":1576628655764,"request_end":1576628663041,"request_duration":7277,"type":"2560"}
{"start":1576628659661,"end":1576628663031,"duration":3370,"downloading_duration":997,"execution_duration":1777,"uploading_duration":596,"executable":"ellipsoids-openmp","args":["0.dat","017.log","017.xoutput"],"id":23,"resource":"2560","request_start":1576628655762,"request_end":1576628663050,"request_duration":7288,"type":"2560"}
{"start":1576628659674,"end":1576628663046,"duration":3372,"downloading_duration":997,"execution_duration":1725,"uploading_duration":650,"executable":"ellipsoids-openmp","args":["0.dat","022.log","022.xoutput"],"id":28,"resource":"2560","request_start":1576628655766,"request_end":1576628663066,"request_duration":7300,"type":"2560"}
{"start":1576628659670,"end":1576628663057,"duration":3387,"downloading_duration":991,"execution_duration":1831,"uploading_duration":565,"executable":"ellipsoids-openmp","args":["0.dat","021.log","021.xoutput"],"id":27,"resource":"2560","request_start":1576628655765,"request_end":1576628663075,"request_duration":7310,"type":"2560"}
{"start":1576628659651,"end":1576628663061,"duration":3410,"downloading_duration":1078,"execution_duration":1772,"uploading_duration":560,"executable":"ellipsoids-openmp","args":["0.dat","016.log","016.xoutput"],"id":22,"resource":"2560","request_start":1576628655762,"request_end":1576628663082,"request_duration":7320,"type":"2560"}
{"start":1576628659624,"end":1576628663068,"duration":3444,"downloading_duration":1079,"execution_duration":1762,"uploading_duration":603,"executable":"ellipsoids-openmp","args":["0.dat","014.log","014.xoutput"],"id":20,"resource":"2560","request_start":1576628655760,"request_end":1576628663091,"request_duration":7331,"type":"2560"}
{"start":1576628659700,"end":1576628663099,"duration":3399,"downloading_duration":1021,"execution_duration":1782,"uploading_duration":596,"executable":"ellipsoids-openmp","args":["0.dat","023.log","023.xoutput"],"id":29,"resource":"2560","request_start":1576628655766,"request_end":1576628663118,"request_duration":7352,"type":"2560"}
{"start":1576628659706,"end":1576628663110,"duration":3404,"downloading_duration":1036,"execution_duration":1807,"uploading_duration":561,"executable":"ellipsoids-openmp","args":["0.dat","024.log","024.xoutput"],"id":30,"resource":"2560","request_start":1576628655767,"request_end":1576628663130,"request_duration":7363,"type":"2560"}
{"start":1576628659661,"end":1576628663137,"duration":3476,"downloading_duration":1017,"execution_duration":1858,"uploading_duration":601,"executable":"ellipsoids-openmp","args":["0.dat","018.log","018.xoutput"],"id":24,"resource":"2560","request_start":1576628655763,"request_end":1576628663155,"request_duration":7392,"type":"2560"}
{"start":1576628659661,"end":1576628663142,"duration":3481,"downloading_duration":1069,"execution_duration":1828,"uploading_duration":584,"executable":"ellipsoids-openmp","args":["0.dat","020.log","020.xoutput"],"id":26,"resource":"2560","request_start":1576628655764,"request_end":1576628663162,"request_duration":7398,"type":"2560"}
{"start":1576628659739,"end":1576628663147,"duration":3408,"downloading_duration":1083,"execution_duration":1757,"uploading_duration":568,"executable":"ellipsoids-openmp","args":["0.dat","029.log","029.xoutput"],"id":35,"resource":"2560","request_start":1576628655771,"request_end":1576628663165,"request_duration":7394,"type":"2560"}
{"start":1576628659707,"end":1576628663154,"duration":3447,"downloading_duration":1086,"execution_duration":1742,"uploading_duration":619,"executable":"ellipsoids-openmp","args":["0.dat","025.log","025.xoutput"],"id":31,"resource":"2560","request_start":1576628655768,"request_end":1576628663172,"request_duration":7404,"type":"2560"}
{"start":1576628659802,"end":1576628663155,"duration":3353,"downloading_duration":1015,"execution_duration":1776,"uploading_duration":562,"executable":"ellipsoids-openmp","args":["0.dat","037.log","037.xoutput"],"id":43,"resource":"2560","request_start":1576628655775,"request_end":1576628663174,"request_duration":7399,"type":"2560"}
{"start":1576628659722,"end":1576628663169,"duration":3447,"downloading_duration":1025,"execution_duration":1832,"uploading_duration":590,"executable":"ellipsoids-openmp","args":["0.dat","027.log","027.xoutput"],"id":33,"resource":"2560","request_start":1576628655769,"request_end":1576628663188,"request_duration":7419,"type":"2560"}
{"start":1576628659727,"end":1576628663173,"duration":3446,"downloading_duration":1090,"execution_duration":1792,"uploading_duration":564,"executable":"ellipsoids-openmp","args":["0.dat","028.log","028.xoutput"],"id":34,"resource":"2560","request_start":1576628655770,"request_end":1576628663195,"request_duration":7425,"type":"2560"}
{"start":1576628659849,"end":1576628663179,"duration":3330,"downloading_duration":1011,"execution_duration":1753,"uploading_duration":566,"executable":"ellipsoids-openmp","args":["0.dat","045.log","045.xoutput"],"id":51,"resource":"2560","request_start":1576628655782,"request_end":1576628663198,"request_duration":7416,"type":"2560"}
{"start":1576628659759,"end":1576628663196,"duration":3437,"downloading_duration":1055,"execution_duration":1750,"uploading_duration":632,"executable":"ellipsoids-openmp","args":["0.dat","031.log","031.xoutput"],"id":37,"resource":"2560","request_start":1576628655772,"request_end":1576628663213,"request_duration":7441,"type":"2560"}
{"start":1576628659707,"end":1576628663198,"duration":3491,"downloading_duration":1094,"execution_duration":1820,"uploading_duration":577,"executable":"ellipsoids-openmp","args":["0.dat","026.log","026.xoutput"],"id":32,"resource":"2560","request_start":1576628655769,"request_end":1576628663216,"request_duration":7447,"type":"2560"}
{"start":1576628659750,"end":1576628663199,"duration":3449,"downloading_duration":1070,"execution_duration":1789,"uploading_duration":590,"executable":"ellipsoids-openmp","args":["0.dat","030.log","030.xoutput"],"id":36,"resource":"2560","request_start":1576628655771,"request_end":1576628663221,"request_duration":7450,"type":"2560"}
{"start":1576628659794,"end":1576628663229,"duration":3435,"downloading_duration":991,"execution_duration":1863,"uploading_duration":581,"executable":"ellipsoids-openmp","args":["0.dat","035.log","035.xoutput"],"id":41,"resource":"2560","request_start":1576628655774,"request_end":1576628663288,"request_duration":7514,"type":"2560"}
{"start":1576628659771,"end":1576628663229,"duration":3458,"downloading_duration":1021,"execution_duration":1825,"uploading_duration":612,"executable":"ellipsoids-openmp","args":["0.dat","033.log","033.xoutput"],"id":39,"resource":"2560","request_start":1576628655773,"request_end":1576628663290,"request_duration":7517,"type":"2560"}
{"start":1576628659795,"end":1576628663233,"duration":3438,"downloading_duration":1081,"execution_duration":1794,"uploading_duration":563,"executable":"ellipsoids-openmp","args":["0.dat","036.log","036.xoutput"],"id":42,"resource":"2560","request_start":1576628655775,"request_end":1576628663292,"request_duration":7517,"type":"2560"}
{"start":1576628659818,"end":1576628663242,"duration":3424,"downloading_duration":1077,"execution_duration":1783,"uploading_duration":564,"executable":"ellipsoids-openmp","args":["0.dat","040.log","040.xoutput"],"id":46,"resource":"2560","request_start":1576628655777,"request_end":1576628663295,"request_duration":7518,"type":"2560"}
{"start":1576628659838,"end":1576628663269,"duration":3431,"downloading_duration":1093,"execution_duration":1753,"uploading_duration":585,"executable":"ellipsoids-openmp","args":["0.dat","044.log","044.xoutput"],"id":50,"resource":"2560","request_start":1576628655781,"request_end":1576628663303,"request_duration":7522,"type":"2560"}
{"start":1576628659811,"end":1576628663279,"duration":3468,"downloading_duration":994,"execution_duration":1866,"uploading_duration":608,"executable":"ellipsoids-openmp","args":["0.dat","038.log","038.xoutput"],"id":44,"resource":"2560","request_start":1576628655776,"request_end":1576628663306,"request_duration":7530,"type":"2560"}
{"start":1576628659824,"end":1576628663289,"duration":3465,"downloading_duration":1122,"execution_duration":1758,"uploading_duration":585,"executable":"ellipsoids-openmp","args":["0.dat","042.log","042.xoutput"],"id":48,"resource":"2560","request_start":1576628655778,"request_end":1576628663316,"request_duration":7538,"type":"2560"}
{"start":1576628659859,"end":1576628663306,"duration":3447,"downloading_duration":995,"execution_duration":1865,"uploading_duration":587,"executable":"ellipsoids-openmp","args":["0.dat","047.log","047.xoutput"],"id":53,"resource":"2560","request_start":1576628655783,"request_end":1576628663330,"request_duration":7547,"type":"2560"}
{"start":1576628659828,"end":1576628663341,"duration":3513,"downloading_duration":1039,"execution_duration":1896,"uploading_duration":578,"executable":"ellipsoids-openmp","args":["0.dat","043.log","043.xoutput"],"id":49,"resource":"2560","request_start":1576628655778,"request_end":1576628663371,"request_duration":7593,"type":"2560"}
{"start":1576628659815,"end":1576628663345,"duration":3530,"downloading_duration":1091,"execution_duration":1832,"uploading_duration":607,"executable":"ellipsoids-openmp","args":["0.dat","039.log","039.xoutput"],"id":45,"resource":"2560","request_start":1576628655776,"request_end":1576628663373,"request_duration":7597,"type":"2560"}
{"start":1576628659887,"end":1576628663349,"duration":3462,"downloading_duration":1079,"execution_duration":1791,"uploading_duration":592,"executable":"ellipsoids-openmp","args":["0.dat","00.log","00.xoutput"],"id":6,"resource":"2560","request_start":1576628655785,"request_end":1576628663374,"request_duration":7589,"type":"2560"}
{"start":1576628659770,"end":1576628663359,"duration":3589,"downloading_duration":1067,"execution_duration":1829,"uploading_duration":693,"executable":"ellipsoids-openmp","args":["0.dat","032.log","032.xoutput"],"id":38,"resource":"2560","request_start":1576628655772,"request_end":1576628663494,"request_duration":7722,"type":"2560"}
{"start":1576628659822,"end":1576628663399,"duration":3577,"downloading_duration":1077,"execution_duration":1836,"uploading_duration":664,"executable":"ellipsoids-openmp","args":["0.dat","041.log","041.xoutput"],"id":47,"resource":"2560","request_start":1576628655777,"request_end":1576628663499,"request_duration":7722,"type":"2560"}
{"start":1576628659871,"end":1576628663414,"duration":3543,"downloading_duration":1174,"execution_duration":1774,"uploading_duration":595,"executable":"ellipsoids-openmp","args":["0.dat","049.log","049.xoutput"],"id":55,"resource":"2560","request_start":1576628655785,"request_end":1576628663503,"request_duration":7718,"type":"2560"}
{"start":1576628659864,"end":1576628663507,"duration":3643,"downloading_duration":1217,"execution_duration":1861,"uploading_duration":565,"executable":"ellipsoids-openmp","args":["0.dat","048.log","048.xoutput"],"id":54,"resource":"2560","request_start":1576628655784,"request_end":1576628663526,"request_duration":7742,"type":"2560"}
{"start":1576628659977,"end":1576628663526,"duration":3549,"downloading_duration":1073,"execution_duration":1888,"uploading_duration":588,"executable":"ellipsoids-openmp","args":["0.dat","02.log","02.xoutput"],"id":8,"resource":"2560","request_start":1576628655786,"request_end":1576628663545,"request_duration":7759,"type":"2560"}
{"start":1576628659788,"end":1576628663572,"duration":3784,"downloading_duration":1266,"execution_duration":1925,"uploading_duration":593,"executable":"ellipsoids-openmp","args":["0.dat","034.log","034.xoutput"],"id":40,"resource":"2560","request_start":1576628655774,"request_end":1576628663593,"request_duration":7819,"type":"2560"}
{"start":1576628659892,"end":1576628663632,"duration":3740,"downloading_duration":996,"execution_duration":1851,"uploading_duration":893,"executable":"ellipsoids-openmp","args":["0.dat","01.log","01.xoutput"],"id":7,"resource":"2560","request_start":1576628655786,"request_end":1576628663650,"request_duration":7864,"type":"2560"}
{"start":1576628660422,"end":1576628663960,"duration":3538,"downloading_duration":1088,"execution_duration":1844,"uploading_duration":606,"executable":"ellipsoids-openmp","args":["0.dat","03.log","03.xoutput"],"id":9,"resource":"2560","request_start":1576628655787,"request_end":1576628663981,"request_duration":8194,"type":"2560"}
{"start":1576628662390,"end":1576628665791,"duration":3401,"downloading_duration":1083,"execution_duration":1753,"uploading_duration":565,"executable":"ellipsoids-openmp","args":["1.dat","144.log","144.xoutput"],"id":100,"resource":"2560","request_start":1576628655849,"request_end":1576628665811,"request_duration":9962,"type":"2560"}
{"start":1576628662579,"end":1576628665986,"duration":3407,"downloading_duration":1077,"execution_duration":1759,"uploading_duration":571,"executable":"ellipsoids-openmp","args":["1.dat","145.log","145.xoutput"],"id":101,"resource":"2560","request_start":1576628655850,"request_end":1576628666008,"request_duration":10158,"type":"2560"}
{"start":1576628662626,"end":1576628666036,"duration":3410,"downloading_duration":1065,"execution_duration":1758,"uploading_duration":587,"executable":"ellipsoids-openmp","args":["1.dat","146.log","146.xoutput"],"id":102,"resource":"2560","request_start":1576628655851,"request_end":1576628666057,"request_duration":10206,"type":"2560"}
{"start":1576628662852,"end":1576628666250,"duration":3398,"downloading_duration":1072,"execution_duration":1740,"uploading_duration":586,"executable":"ellipsoids-openmp","args":["1.dat","147.log","147.xoutput"],"id":103,"resource":"2560","request_start":1576628655851,"request_end":1576628666277,"request_duration":10426,"type":"2560"}
{"start":1576628662992,"end":1576628666328,"duration":3336,"downloading_duration":1057,"execution_duration":1711,"uploading_duration":568,"executable":"ellipsoids-openmp","args":["1.dat","10.log","10.xoutput"],"id":56,"resource":"2560","request_start":1576628655853,"request_end":1576628666372,"request_duration":10519,"type":"2560"}
{"start":1576628662921,"end":1576628666340,"duration":3419,"downloading_duration":1073,"execution_duration":1765,"uploading_duration":581,"executable":"ellipsoids-openmp","args":["1.dat","148.log","148.xoutput"],"id":104,"resource":"2560","request_start":1576628655852,"request_end":1576628666374,"request_duration":10522,"type":"2560"}
{"start":1576628663002,"end":1576628666357,"duration":3355,"downloading_duration":1094,"execution_duration":1687,"uploading_duration":574,"executable":"ellipsoids-openmp","args":["1.dat","12.log","12.xoutput"],"id":58,"resource":"2560","request_start":1576628655854,"request_end":1576628666380,"request_duration":10526,"type":"2560"}
{"start":1576628663342,"end":1576628666414,"duration":3072,"downloading_duration":1029,"execution_duration":1427,"uploading_duration":616,"executable":"ellipsoids-openmp","args":["1.dat","131.log","131.xoutput"],"id":87,"resource":"2560","request_start":1576628655869,"request_end":1576628666433,"request_duration":10564,"type":"2560"}
{"start":1576628663117,"end":1576628666415,"duration":3298,"downloading_duration":999,"execution_duration":1735,"uploading_duration":564,"executable":"ellipsoids-openmp","args":["1.dat","110.log","110.xoutput"],"id":66,"resource":"2560","request_start":1576628655858,"request_end":1576628666438,"request_duration":10580,"type":"2560"}
{"start":1576628663082,"end":1576628666433,"duration":3351,"downloading_duration":1009,"execution_duration":1703,"uploading_duration":639,"executable":"ellipsoids-openmp","args":["1.dat","17.log","17.xoutput"],"id":63,"resource":"2560","request_start":1576628655857,"request_end":1576628666451,"request_duration":10594,"type":"2560"}
{"start":1576628662997,"end":1576628666445,"duration":3448,"downloading_duration":1126,"execution_duration":1730,"uploading_duration":592,"executable":"ellipsoids-openmp","args":["1.dat","11.log","11.xoutput"],"id":57,"resource":"2560","request_start":1576628655853,"request_end":1576628666466,"request_duration":10613,"type":"2560"}
{"start":1576628663088,"end":1576628666462,"duration":3374,"downloading_duration":1017,"execution_duration":1779,"uploading_duration":578,"executable":"ellipsoids-openmp","args":["1.dat","18.log","18.xoutput"],"id":64,"resource":"2560","request_start":1576628655857,"request_end":1576628666483,"request_duration":10626,"type":"2560"}
{"start":1576628663116,"end":1576628666466,"duration":3350,"downloading_duration":1056,"execution_duration":1694,"uploading_duration":600,"executable":"ellipsoids-openmp","args":["1.dat","111.log","111.xoutput"],"id":67,"resource":"2560","request_start":1576628655859,"request_end":1576628666487,"request_duration":10628,"type":"2560"}
{"start":1576628663201,"end":1576628666470,"duration":3269,"downloading_duration":1016,"execution_duration":1661,"uploading_duration":592,"executable":"ellipsoids-openmp","args":["1.dat","118.log","118.xoutput"],"id":74,"resource":"2560","request_start":1576628655862,"request_end":1576628666489,"request_duration":10627,"type":"2560"}
{"start":1576628663060,"end":1576628666470,"duration":3410,"downloading_duration":1080,"execution_duration":1718,"uploading_duration":612,"executable":"ellipsoids-openmp","args":["1.dat","15.log","15.xoutput"],"id":61,"resource":"2560","request_start":1576628655856,"request_end":1576628666492,"request_duration":10636,"type":"2560"}
{"start":1576628663038,"end":1576628666476,"duration":3438,"downloading_duration":1121,"execution_duration":1721,"uploading_duration":596,"executable":"ellipsoids-openmp","args":["1.dat","13.log","13.xoutput"],"id":59,"resource":"2560","request_start":1576628655855,"request_end":1576628666498,"request_duration":10643,"type":"2560"}
{"start":1576628663050,"end":1576628666478,"duration":3428,"downloading_duration":1067,"execution_duration":1765,"uploading_duration":596,"executable":"ellipsoids-openmp","args":["1.dat","14.log","14.xoutput"],"id":60,"resource":"2560","request_start":1576628655855,"request_end":1576628666505,"request_duration":10650,"type":"2560"}
{"start":1576628663146,"end":1576628666492,"duration":3346,"downloading_duration":1016,"execution_duration":1742,"uploading_duration":588,"executable":"ellipsoids-openmp","args":["1.dat","112.log","112.xoutput"],"id":68,"resource":"2560","request_start":1576628655859,"request_end":1576628666510,"request_duration":10651,"type":"2560"}
{"start":1576628663233,"end":1576628666502,"duration":3269,"downloading_duration":988,"execution_duration":1718,"uploading_duration":563,"executable":"ellipsoids-openmp","args":["1.dat","121.log","121.xoutput"],"id":77,"resource":"2560","request_start":1576628655864,"request_end":1576628666522,"request_duration":10658,"type":"2560"}
{"start":1576628663068,"end":1576628666506,"duration":3438,"downloading_duration":1003,"execution_duration":1814,"uploading_duration":621,"executable":"ellipsoids-openmp","args":["1.dat","16.log","16.xoutput"],"id":62,"resource":"2560","request_start":1576628655856,"request_end":1576628666527,"request_duration":10671,"type":"2560"}
{"start":1576628663108,"end":1576628666531,"duration":3423,"downloading_duration":1081,"execution_duration":1734,"uploading_duration":608,"executable":"ellipsoids-openmp","args":["1.dat","19.log","19.xoutput"],"id":65,"resource":"2560","request_start":1576628655858,"request_end":1576628666550,"request_duration":10692,"type":"2560"}
{"start":1576628663217,"end":1576628666558,"duration":3341,"downloading_duration":1035,"execution_duration":1716,"uploading_duration":590,"executable":"ellipsoids-openmp","args":["1.dat","119.log","119.xoutput"],"id":75,"resource":"2560","request_start":1576628655863,"request_end":1576628666581,"request_duration":10718,"type":"2560"}
{"start":1576628663192,"end":1576628666564,"duration":3372,"downloading_duration":1019,"execution_duration":1703,"uploading_duration":650,"executable":"ellipsoids-openmp","args":["1.dat","115.log","115.xoutput"],"id":71,"resource":"2560","request_start":1576628655861,"request_end":1576628666583,"request_duration":10722,"type":"2560"}
{"start":1576628663183,"end":1576628666565,"duration":3382,"downloading_duration":1028,"execution_duration":1779,"uploading_duration":575,"executable":"ellipsoids-openmp","args":["1.dat","114.log","114.xoutput"],"id":70,"resource":"2560","request_start":1576628655860,"request_end":1576628666587,"request_duration":10727,"type":"2560"}
{"start":1576628663199,"end":1576628666567,"duration":3368,"downloading_duration":1114,"execution_duration":1687,"uploading_duration":567,"executable":"ellipsoids-openmp","args":["1.dat","116.log","116.xoutput"],"id":72,"resource":"2560","request_start":1576628655861,"request_end":1576628666592,"request_duration":10731,"type":"2560"}
{"start":1576628663158,"end":1576628666575,"duration":3417,"downloading_duration":1070,"execution_duration":1780,"uploading_duration":567,"executable":"ellipsoids-openmp","args":["1.dat","113.log","113.xoutput"],"id":69,"resource":"2560","request_start":1576628655860,"request_end":1576628666595,"request_duration":10735,"type":"2560"}
{"start":1576628663227,"end":1576628666608,"duration":3381,"downloading_duration":1038,"execution_duration":1736,"uploading_duration":607,"executable":"ellipsoids-openmp","args":["1.dat","120.log","120.xoutput"],"id":76,"resource":"2560","request_start":1576628655863,"request_end":1576628666628,"request_duration":10765,"type":"2560"}
{"start":1576628663265,"end":1576628666639,"duration":3374,"downloading_duration":1028,"execution_duration":1729,"uploading_duration":617,"executable":"ellipsoids-openmp","args":["1.dat","123.log","123.xoutput"],"id":79,"resource":"2560","request_start":1576628655865,"request_end":1576628666657,"request_duration":10792,"type":"2560"}
{"start":1576628663323,"end":1576628666642,"duration":3319,"downloading_duration":1011,"execution_duration":1679,"uploading_duration":629,"executable":"ellipsoids-openmp","args":["1.dat","127.log","127.xoutput"],"id":83,"resource":"2560","request_start":1576628655867,"request_end":1576628666661,"request_duration":10794,"type":"2560"}
{"start":1576628663197,"end":1576628666643,"duration":3446,"downloading_duration":1097,"execution_duration":1729,"uploading_duration":620,"executable":"ellipsoids-openmp","args":["1.dat","117.log","117.xoutput"],"id":73,"resource":"2560","request_start":1576628655862,"request_end":1576628666667,"request_duration":10805,"type":"2560"}
{"start":1576628663328,"end":1576628666647,"duration":3319,"downloading_duration":1004,"execution_duration":1680,"uploading_duration":635,"executable":"ellipsoids-openmp","args":["1.dat","129.log","129.xoutput"],"id":85,"resource":"2560","request_start":1576628655868,"request_end":1576628666670,"request_duration":10802,"type":"2560"}
{"start":1576628663334,"end":1576628666660,"duration":3326,"downloading_duration":1024,"execution_duration":1683,"uploading_duration":619,"executable":"ellipsoids-openmp","args":["1.dat","130.log","130.xoutput"],"id":86,"resource":"2560","request_start":1576628655869,"request_end":1576628666682,"request_duration":10813,"type":"2560"}
{"start":1576628663323,"end":1576628666665,"duration":3342,"downloading_duration":1022,"execution_duration":1658,"uploading_duration":662,"executable":"ellipsoids-openmp","args":["1.dat","128.log","128.xoutput"],"id":84,"resource":"2560","request_start":1576628655868,"request_end":1576628666685,"request_duration":10817,"type":"2560"}
{"start":1576628663238,"end":1576628666704,"duration":3466,"downloading_duration":1028,"execution_duration":1807,"uploading_duration":631,"executable":"ellipsoids-openmp","args":["1.dat","122.log","122.xoutput"],"id":78,"resource":"2560","request_start":1576628655864,"request_end":1576628666725,"request_duration":10861,"type":"2560"}
{"start":1576628663251,"end":1576628666716,"duration":3465,"downloading_duration":1163,"execution_duration":1736,"uploading_duration":566,"executable":"ellipsoids-openmp","args":["1.dat","124.log","124.xoutput"],"id":80,"resource":"2560","request_start":1576628655866,"request_end":1576628666735,"request_duration":10869,"type":"2560"}
{"start":1576628663398,"end":1576628666728,"duration":3330,"downloading_duration":1013,"execution_duration":1736,"uploading_duration":581,"executable":"ellipsoids-openmp","args":["1.dat","133.log","133.xoutput"],"id":89,"resource":"2560","request_start":1576628655870,"request_end":1576628666746,"request_duration":10876,"type":"2560"}
{"start":1576628663323,"end":1576628666749,"duration":3426,"downloading_duration":1038,"execution_duration":1773,"uploading_duration":615,"executable":"ellipsoids-openmp","args":["1.dat","126.log","126.xoutput"],"id":82,"resource":"2560","request_start":1576628655867,"request_end":1576628666768,"request_duration":10901,"type":"2560"}
{"start":1576628663401,"end":1576628666781,"duration":3380,"downloading_duration":1092,"execution_duration":1705,"uploading_duration":583,"executable":"ellipsoids-openmp","args":["1.dat","135.log","135.xoutput"],"id":91,"resource":"2560","request_start":1576628655871,"request_end":1576628666801,"request_duration":10930,"type":"2560"}
{"start":1576628663538,"end":1576628666785,"duration":3247,"downloading_duration":1017,"execution_duration":1668,"uploading_duration":562,"executable":"ellipsoids-openmp","args":["1.dat","137.log","137.xoutput"],"id":93,"resource":"2560","request_start":1576628655872,"request_end":1576628666806,"request_duration":10934,"type":"2560"}
{"start":1576628663402,"end":1576628666844,"duration":3442,"downloading_duration":1079,"execution_duration":1764,"uploading_duration":599,"executable":"ellipsoids-openmp","args":["1.dat","134.log","134.xoutput"],"id":90,"resource":"2560","request_start":1576628655871,"request_end":1576628666863,"request_duration":10992,"type":"2560"}
{"start":1576628663358,"end":1576628666844,"duration":3486,"downloading_duration":1110,"execution_duration":1771,"uploading_duration":605,"executable":"ellipsoids-openmp","args":["1.dat","132.log","132.xoutput"],"id":88,"resource":"2560","request_start":1576628655870,"request_end":1576628666866,"request_duration":10996,"type":"2560"}
{"start":1576628662985,"end":1576628666846,"duration":3861,"downloading_duration":1519,"execution_duration":1699,"uploading_duration":643,"executable":"ellipsoids-openmp","args":["1.dat","149.log","149.xoutput"],"id":105,"resource":"2560","request_start":1576628655852,"request_end":1576628666868,"request_duration":11016,"type":"2560"}
{"start":1576628663536,"end":1576628666850,"duration":3314,"downloading_duration":1007,"execution_duration":1717,"uploading_duration":590,"executable":"ellipsoids-openmp","args":["1.dat","138.log","138.xoutput"],"id":94,"resource":"2560","request_start":1576628655873,"request_end":1576628666872,"request_duration":10999,"type":"2560"}
{"start":1576628663550,"end":1576628666861,"duration":3311,"downloading_duration":1032,"execution_duration":1687,"uploading_duration":592,"executable":"ellipsoids-openmp","args":["1.dat","139.log","139.xoutput"],"id":95,"resource":"2560","request_start":1576628655873,"request_end":1576628666879,"request_duration":11006,"type":"2560"}
{"start":1576628663321,"end":1576628666879,"duration":3558,"downloading_duration":1196,"execution_duration":1740,"uploading_duration":622,"executable":"ellipsoids-openmp","args":["1.dat","125.log","125.xoutput"],"id":81,"resource":"2560","request_start":1576628655866,"request_end":1576628666900,"request_duration":11034,"type":"2560"}
{"start":1576628663572,"end":1576628666903,"duration":3331,"downloading_duration":1033,"execution_duration":1736,"uploading_duration":562,"executable":"ellipsoids-openmp","args":["1.dat","140.log","140.xoutput"],"id":96,"resource":"2560","request_start":1576628655874,"request_end":1576628666923,"request_duration":11049,"type":"2560"}
{"start":1576628663625,"end":1576628666937,"duration":3312,"downloading_duration":1026,"execution_duration":1723,"uploading_duration":563,"executable":"ellipsoids-openmp","args":["1.dat","141.log","141.xoutput"],"id":97,"resource":"2560","request_start":1576628655874,"request_end":1576628666958,"request_duration":11084,"type":"2560"}
{"start":1576628663679,"end":1576628667085,"duration":3406,"downloading_duration":1035,"execution_duration":1705,"uploading_duration":666,"executable":"ellipsoids-openmp","args":["1.dat","142.log","142.xoutput"],"id":98,"resource":"2560","request_start":1576628655875,"request_end":1576628667103,"request_duration":11228,"type":"2560"}
{"start":1576628663532,"end":1576628667171,"duration":3639,"downloading_duration":1002,"execution_duration":1828,"uploading_duration":809,"executable":"ellipsoids-openmp","args":["1.dat","136.log","136.xoutput"],"id":92,"resource":"2560","request_start":1576628655872,"request_end":1576628667191,"request_duration":11319,"type":"2560"}
{"start":1576628664008,"end":1576628667544,"duration":3536,"downloading_duration":1281,"execution_duration":1667,"uploading_duration":588,"executable":"ellipsoids-openmp","args":["1.dat","143.log","143.xoutput"],"id":99,"resource":"2560","request_start":1576628655878,"request_end":1576628667564,"request_duration":11686,"type":"2560"}
{"start":1576628666042,"end":1576628669456,"duration":3414,"downloading_duration":1055,"execution_duration":1777,"uploading_duration":582,"executable":"ellipsoids-openmp","args":["2.dat","21.log","21.xoutput"],"id":107,"resource":"2560","request_start":1576628655882,"request_end":1576628669485,"request_duration":13603,"type":"2560"}
{"start":1576628665842,"end":1576628669474,"duration":3632,"downloading_duration":1206,"execution_duration":1814,"uploading_duration":612,"executable":"ellipsoids-openmp","args":["2.dat","20.log","20.xoutput"],"id":106,"resource":"2560","request_start":1576628655882,"request_end":1576628669501,"request_duration":13619,"type":"2560"}
{"start":1576628666304,"end":1576628669672,"duration":3368,"downloading_duration":1021,"execution_duration":1783,"uploading_duration":564,"executable":"ellipsoids-openmp","args":["2.dat","23.log","23.xoutput"],"id":109,"resource":"2560","request_start":1576628655884,"request_end":1576628669704,"request_duration":13820,"type":"2560"}
{"start":1576628666478,"end":1576628669740,"duration":3262,"downloading_duration":995,"execution_duration":1706,"uploading_duration":561,"executable":"ellipsoids-openmp","args":["2.dat","29.log","29.xoutput"],"id":115,"resource":"2560","request_start":1576628655887,"request_end":1576628669761,"request_duration":13874,"type":"2560"}
{"start":1576628666463,"end":1576628669790,"duration":3327,"downloading_duration":1049,"execution_duration":1704,"uploading_duration":574,"executable":"ellipsoids-openmp","args":["2.dat","28.log","28.xoutput"],"id":114,"resource":"2560","request_start":1576628655887,"request_end":1576628669815,"request_duration":13928,"type":"2560"}
{"start":1576628666556,"end":1576628669815,"duration":3259,"downloading_duration":985,"execution_duration":1711,"uploading_duration":563,"executable":"ellipsoids-openmp","args":["2.dat","219.log","219.xoutput"],"id":125,"resource":"2560","request_start":1576628655893,"request_end":1576628669836,"request_duration":13943,"type":"2560"}
{"start":1576628666402,"end":1576628669836,"duration":3434,"downloading_duration":1020,"execution_duration":1850,"uploading_duration":564,"executable":"ellipsoids-openmp","args":["2.dat","25.log","25.xoutput"],"id":111,"resource":"2560","request_start":1576628655885,"request_end":1576628669855,"request_duration":13970,"type":"2560"}
{"start":1576628666461,"end":1576628669843,"duration":3382,"downloading_duration":991,"execution_duration":1782,"uploading_duration":609,"executable":"ellipsoids-openmp","args":["2.dat","27.log","27.xoutput"],"id":113,"resource":"2560","request_start":1576628655886,"request_end":1576628669863,"request_duration":13977,"type":"2560"}
{"start":1576628666406,"end":1576628669846,"duration":3440,"downloading_duration":1068,"execution_duration":1785,"uploading_duration":587,"executable":"ellipsoids-openmp","args":["2.dat","26.log","26.xoutput"],"id":112,"resource":"2560","request_start":1576628655886,"request_end":1576628669866,"request_duration":13980,"type":"2560"}
{"start":1576628666087,"end":1576628669884,"duration":3797,"downloading_duration":1082,"execution_duration":1858,"uploading_duration":857,"executable":"ellipsoids-openmp","args":["2.dat","22.log","22.xoutput"],"id":108,"resource":"2560","request_start":1576628655883,"request_end":1576628669905,"request_duration":14022,"type":"2560"}
{"start":1576628666530,"end":1576628669890,"duration":3360,"downloading_duration":1012,"execution_duration":1756,"uploading_duration":592,"executable":"ellipsoids-openmp","args":["2.dat","216.log","216.xoutput"],"id":122,"resource":"2560","request_start":1576628655891,"request_end":1576628669912,"request_duration":14021,"type":"2560"}
{"start":1576628666832,"end":1576628669891,"duration":3059,"downloading_duration":1012,"execution_duration":1453,"uploading_duration":594,"executable":"ellipsoids-openmp","args":["2.dat","238.log","238.xoutput"],"id":144,"resource":"2560","request_start":1576628655907,"request_end":1576628669923,"request_duration":14016,"type":"2560"}
{"start":1576628666521,"end":1576628669915,"duration":3394,"downloading_duration":984,"execution_duration":1800,"uploading_duration":610,"executable":"ellipsoids-openmp","args":["2.dat","214.log","214.xoutput"],"id":120,"resource":"2560","request_start":1576628655890,"request_end":1576628669933,"request_duration":14043,"type":"2560"}
{"start":1576628666397,"end":1576628669923,"duration":3526,"downloading_duration":1083,"execution_duration":1814,"uploading_duration":629,"executable":"ellipsoids-openmp","args":["2.dat","24.log","24.xoutput"],"id":110,"resource":"2560","request_start":1576628655884,"request_end":1576628669944,"request_duration":14060,"type":"2560"}
{"start":1576628666516,"end":1576628669945,"duration":3429,"downloading_duration":1046,"execution_duration":1773,"uploading_duration":610,"executable":"ellipsoids-openmp","args":["2.dat","213.log","213.xoutput"],"id":119,"resource":"2560","request_start":1576628655890,"request_end":1576628669964,"request_duration":14074,"type":"2560"}
{"start":1576628666612,"end":1576628669952,"duration":3340,"downloading_duration":1018,"execution_duration":1735,"uploading_duration":587,"executable":"ellipsoids-openmp","args":["2.dat","223.log","223.xoutput"],"id":129,"resource":"2560","request_start":1576628655896,"request_end":1576628669977,"request_duration":14081,"type":"2560"}
{"start":1576628666526,"end":1576628669959,"duration":3433,"downloading_duration":1072,"execution_duration":1774,"uploading_duration":587,"executable":"ellipsoids-openmp","args":["2.dat","215.log","215.xoutput"],"id":121,"resource":"2560","request_start":1576628655891,"request_end":1576628669979,"request_duration":14088,"type":"2560"}
{"start":1576628666490,"end":1576628669966,"duration":3476,"downloading_duration":1003,"execution_duration":1796,"uploading_duration":677,"executable":"ellipsoids-openmp","args":["2.dat","210.log","210.xoutput"],"id":116,"resource":"2560","request_start":1576628655888,"request_end":1576628669996,"request_duration":14108,"type":"2560"}
{"start":1576628666611,"end":1576628669967,"duration":3356,"downloading_duration":1043,"execution_duration":1753,"uploading_duration":560,"executable":"ellipsoids-openmp","args":["2.dat","222.log","222.xoutput"],"id":128,"resource":"2560","request_start":1576628655895,"request_end":1576628669998,"request_duration":14103,"type":"2560"}
{"start":1576628666576,"end":1576628669969,"duration":3393,"downloading_duration":992,"execution_duration":1726,"uploading_duration":675,"executable":"ellipsoids-openmp","args":["2.dat","220.log","220.xoutput"],"id":126,"resource":"2560","request_start":1576628655893,"request_end":1576628670001,"request_duration":14108,"type":"2560"}
{"start":1576628666548,"end":1576628670011,"duration":3463,"downloading_duration":1066,"execution_duration":1833,"uploading_duration":564,"executable":"ellipsoids-openmp","args":["2.dat","218.log","218.xoutput"],"id":124,"resource":"2560","request_start":1576628655892,"request_end":1576628670031,"request_duration":14139,"type":"2560"}
{"start":1576628666685,"end":1576628670023,"duration":3338,"downloading_duration":1057,"execution_duration":1714,"uploading_duration":567,"executable":"ellipsoids-openmp","args":["2.dat","227.log","227.xoutput"],"id":133,"resource":"2560","request_start":1576628655898,"request_end":1576628670045,"request_duration":14147,"type":"2560"}
{"start":1576628666533,"end":1576628670024,"duration":3491,"downloading_duration":1085,"execution_duration":1771,"uploading_duration":635,"executable":"ellipsoids-openmp","args":["2.dat","217.log","217.xoutput"],"id":123,"resource":"2560","request_start":1576628655892,"request_end":1576628670050,"request_duration":14158,"type":"2560"}
{"start":1576628666515,"end":1576628670028,"duration":3513,"downloading_duration":1068,"execution_duration":1839,"uploading_duration":606,"executable":"ellipsoids-openmp","args":["2.dat","212.log","212.xoutput"],"id":118,"resource":"2560","request_start":1576628655889,"request_end":1576628670052,"request_duration":14163,"type":"2560"}
{"start":1576628666512,"end":1576628670035,"duration":3523,"downloading_duration":1065,"execution_duration":1861,"uploading_duration":597,"executable":"ellipsoids-openmp","args":["2.dat","211.log","211.xoutput"],"id":117,"resource":"2560","request_start":1576628655888,"request_end":1576628670055,"request_duration":14167,"type":"2560"}
{"start":1576628666656,"end":1576628670044,"duration":3388,"downloading_duration":1075,"execution_duration":1746,"uploading_duration":567,"executable":"ellipsoids-openmp","args":["2.dat","226.log","226.xoutput"],"id":132,"resource":"2560","request_start":1576628655897,"request_end":1576628670158,"request_duration":14261,"type":"2560"}
{"start":1576628666711,"end":1576628670078,"duration":3367,"downloading_duration":986,"execution_duration":1780,"uploading_duration":601,"executable":"ellipsoids-openmp","args":["2.dat","232.log","232.xoutput"],"id":138,"resource":"2560","request_start":1576628655901,"request_end":1576628670170,"request_duration":14269,"type":"2560"}
{"start":1576628666608,"end":1576628670088,"duration":3480,"downloading_duration":1062,"execution_duration":1863,"uploading_duration":555,"executable":"ellipsoids-openmp","args":["2.dat","221.log","221.xoutput"],"id":127,"resource":"2560","request_start":1576628655895,"request_end":1576628670173,"request_duration":14278,"type":"2560"}
{"start":1576628666701,"end":1576628670102,"duration":3401,"downloading_duration":1027,"execution_duration":1770,"uploading_duration":604,"executable":"ellipsoids-openmp","args":["2.dat","230.log","230.xoutput"],"id":136,"resource":"2560","request_start":1576628655900,"request_end":1576628670176,"request_duration":14276,"type":"2560"}
{"start":1576628666747,"end":1576628670120,"duration":3373,"downloading_duration":972,"execution_duration":1807,"uploading_duration":594,"executable":"ellipsoids-openmp","args":["2.dat","233.log","233.xoutput"],"id":139,"resource":"2560","request_start":1576628655901,"request_end":1576628670178,"request_duration":14277,"type":"2560"}
{"start":1576628666628,"end":1576628670127,"duration":3499,"downloading_duration":1040,"execution_duration":1754,"uploading_duration":705,"executable":"ellipsoids-openmp","args":["2.dat","225.log","225.xoutput"],"id":131,"resource":"2560","request_start":1576628655897,"request_end":1576628670181,"request_duration":14284,"type":"2560"}
{"start":1576628666623,"end":1576628670159,"duration":3536,"downloading_duration":1177,"execution_duration":1761,"uploading_duration":598,"executable":"ellipsoids-openmp","args":["2.dat","224.log","224.xoutput"],"id":130,"resource":"2560","request_start":1576628655896,"request_end":1576628670197,"request_duration":14301,"type":"2560"}
{"start":1576628666710,"end":1576628670161,"duration":3451,"downloading_duration":998,"execution_duration":1862,"uploading_duration":591,"executable":"ellipsoids-openmp","args":["2.dat","231.log","231.xoutput"],"id":137,"resource":"2560","request_start":1576628655900,"request_end":1576628670199,"request_duration":14299,"type":"2560"}
{"start":1576628666826,"end":1576628670212,"duration":3386,"downloading_duration":1004,"execution_duration":1775,"uploading_duration":607,"executable":"ellipsoids-openmp","args":["2.dat","237.log","237.xoutput"],"id":143,"resource":"2560","request_start":1576628655906,"request_end":1576628670315,"request_duration":14409,"type":"2560"}
{"start":1576628666701,"end":1576628670221,"duration":3520,"downloading_duration":1081,"execution_duration":1806,"uploading_duration":633,"executable":"ellipsoids-openmp","args":["2.dat","229.log","229.xoutput"],"id":135,"resource":"2560","request_start":1576628655899,"request_end":1576628670319,"request_duration":14420,"type":"2560"}
{"start":1576628666772,"end":1576628670221,"duration":3449,"downloading_duration":1075,"execution_duration":1771,"uploading_duration":603,"executable":"ellipsoids-openmp","args":["2.dat","235.log","235.xoutput"],"id":141,"resource":"2560","request_start":1576628655903,"request_end":1576628670321,"request_duration":14418,"type":"2560"}
{"start":1576628666894,"end":1576628670223,"duration":3329,"downloading_duration":992,"execution_duration":1756,"uploading_duration":581,"executable":"ellipsoids-openmp","args":["2.dat","240.log","240.xoutput"],"id":146,"resource":"2560","request_start":1576628655908,"request_end":1576628670323,"request_duration":14415,"type":"2560"}
{"start":1576628666906,"end":1576628670296,"duration":3390,"downloading_duration":1015,"execution_duration":1778,"uploading_duration":597,"executable":"ellipsoids-openmp","args":["2.dat","243.log","243.xoutput"],"id":149,"resource":"2560","request_start":1576628655909,"request_end":1576628670351,"request_duration":14442,"type":"2560"}
{"start":1576628666764,"end":1576628670304,"duration":3540,"downloading_duration":1073,"execution_duration":1836,"uploading_duration":631,"executable":"ellipsoids-openmp","args":["2.dat","234.log","234.xoutput"],"id":140,"resource":"2560","request_start":1576628655902,"request_end":1576628670356,"request_duration":14454,"type":"2560"}
{"start":1576628666900,"end":1576628670333,"duration":3433,"downloading_duration":1037,"execution_duration":1829,"uploading_duration":567,"executable":"ellipsoids-openmp","args":["2.dat","242.log","242.xoutput"],"id":148,"resource":"2560","request_start":1576628655909,"request_end":1576628670358,"request_duration":14449,"type":"2560"}
{"start":1576628666948,"end":1576628670342,"duration":3394,"downloading_duration":1019,"execution_duration":1795,"uploading_duration":580,"executable":"ellipsoids-openmp","args":["2.dat","245.log","245.xoutput"],"id":151,"resource":"2560","request_start":1576628655910,"request_end":1576628670368,"request_duration":14458,"type":"2560"}
{"start":1576628666889,"end":1576628670350,"duration":3461,"downloading_duration":993,"execution_duration":1869,"uploading_duration":599,"executable":"ellipsoids-openmp","args":["2.dat","239.log","239.xoutput"],"id":145,"resource":"2560","request_start":1576628655907,"request_end":1576628670370,"request_duration":14463,"type":"2560"}
{"start":1576628666899,"end":1576628670358,"duration":3459,"downloading_duration":969,"execution_duration":1870,"uploading_duration":620,"executable":"ellipsoids-openmp","args":["2.dat","241.log","241.xoutput"],"id":147,"resource":"2560","request_start":1576628655908,"request_end":1576628670381,"request_duration":14473,"type":"2560"}
{"start":1576628666927,"end":1576628670429,"duration":3502,"downloading_duration":1094,"execution_duration":1812,"uploading_duration":596,"executable":"ellipsoids-openmp","args":["2.dat","244.log","244.xoutput"],"id":150,"resource":"2560","request_start":1576628655910,"request_end":1576628670450,"request_duration":14540,"type":"2560"}
{"start":1576628667130,"end":1576628670523,"duration":3393,"downloading_duration":979,"execution_duration":1865,"uploading_duration":549,"executable":"ellipsoids-openmp","args":["2.dat","247.log","247.xoutput"],"id":153,"resource":"2560","request_start":1576628655911,"request_end":1576628670540,"request_duration":14629,"type":"2560"}
{"start":1576628666985,"end":1576628670530,"duration":3545,"downloading_duration":1053,"execution_duration":1822,"uploading_duration":670,"executable":"ellipsoids-openmp","args":["2.dat","246.log","246.xoutput"],"id":152,"resource":"2560","request_start":1576628655911,"request_end":1576628670547,"request_duration":14636,"type":"2560"}
{"start":1576628667220,"end":1576628670618,"duration":3398,"downloading_duration":992,"execution_duration":1837,"uploading_duration":569,"executable":"ellipsoids-openmp","args":["2.dat","248.log","248.xoutput"],"id":154,"resource":"2560","request_start":1576628655912,"request_end":1576628670636,"request_duration":14724,"type":"2560"}
{"start":1576628666698,"end":1576628670921,"duration":4223,"downloading_duration":1785,"execution_duration":1857,"uploading_duration":581,"executable":"ellipsoids-openmp","args":["2.dat","228.log","228.xoutput"],"id":134,"resource":"2560","request_start":1576628655899,"request_end":1576628670941,"request_duration":15042,"type":"2560"}
{"start":1576628669519,"end":1576628671036,"duration":1517,"downloading_duration":1140,"execution_duration":4,"uploading_duration":373,"executable":"mean-pack-ell","args":["30.xoutput","31.xoutput","32.xoutput","33.xoutput","34.xoutput","35.xoutput","36.xoutput","37.xoutput","38.xoutput","39.xoutput","310.xoutput","311.xoutput","312.xoutput","313.xoutput","314.xoutput","315.xoutput","316.xoutput","317.xoutput","318.xoutput","319.xoutput","320.xoutput","321.xoutput","322.xoutput","323.xoutput","324.xoutput","325.xoutput","326.xoutput","327.xoutput","328.xoutput","329.xoutput","330.xoutput","331.xoutput","332.xoutput","333.xoutput","334.xoutput","335.xoutput","336.xoutput","337.xoutput","338.xoutput","339.xoutput","340.xoutput","341.xoutput","342.xoutput","343.xoutput","344.xoutput","345.xoutput","346.xoutput","347.xoutput","348.xoutput","349.xoutput","average_3.txt"],"id":209,"resource":"2560","request_start":1576628660418,"request_end":1576628671053,"request_duration":10635,"type":"2560"}
{"start":1576628667593,"end":1576628671040,"duration":3447,"downloading_duration":1033,"execution_duration":1808,"uploading_duration":606,"executable":"ellipsoids-openmp","args":["2.dat","249.log","249.xoutput"],"id":155,"resource":"2560","request_start":1576628655912,"request_end":1576628671060,"request_duration":15148,"type":"2560"}
{"start":1576628669535,"end":1576628671081,"duration":1546,"downloading_duration":1177,"execution_duration":4,"uploading_duration":365,"executable":"mean-pack-ell","args":["00.xoutput","01.xoutput","02.xoutput","03.xoutput","04.xoutput","05.xoutput","06.xoutput","07.xoutput","08.xoutput","09.xoutput","010.xoutput","011.xoutput","012.xoutput","013.xoutput","014.xoutput","015.xoutput","016.xoutput","017.xoutput","018.xoutput","019.xoutput","020.xoutput","021.xoutput","022.xoutput","023.xoutput","024.xoutput","025.xoutput","026.xoutput","027.xoutput","028.xoutput","029.xoutput","030.xoutput","031.xoutput","032.xoutput","033.xoutput","034.xoutput","035.xoutput","036.xoutput","037.xoutput","038.xoutput","039.xoutput","040.xoutput","041.xoutput","042.xoutput","043.xoutput","044.xoutput","045.xoutput","046.xoutput","047.xoutput","048.xoutput","049.xoutput","average_0.txt"],"id":206,"resource":"2560","request_start":1576628664003,"request_end":1576628671103,"request_duration":7100,"type":"2560"}
{"start":1576628666796,"end":1576628671223,"duration":4427,"downloading_duration":2030,"execution_duration":1829,"uploading_duration":568,"executable":"ellipsoids-openmp","args":["2.dat","236.log","236.xoutput"],"id":142,"resource":"2560","request_start":1576628655903,"request_end":1576628671245,"request_duration":15342,"type":"2560"}
{"start":1576628669733,"end":1576628671798,"duration":2065,"downloading_duration":1652,"execution_duration":3,"uploading_duration":410,"executable":"mean-pack-ell","args":["10.xoutput","11.xoutput","12.xoutput","13.xoutput","14.xoutput","15.xoutput","16.xoutput","17.xoutput","18.xoutput","19.xoutput","110.xoutput","111.xoutput","112.xoutput","113.xoutput","114.xoutput","115.xoutput","116.xoutput","117.xoutput","118.xoutput","119.xoutput","120.xoutput","121.xoutput","122.xoutput","123.xoutput","124.xoutput","125.xoutput","126.xoutput","127.xoutput","128.xoutput","129.xoutput","130.xoutput","131.xoutput","132.xoutput","133.xoutput","134.xoutput","135.xoutput","136.xoutput","137.xoutput","138.xoutput","139.xoutput","140.xoutput","141.xoutput","142.xoutput","143.xoutput","144.xoutput","145.xoutput","146.xoutput","147.xoutput","148.xoutput","149.xoutput","average_1.txt"],"id":207,"resource":"2560","request_start":1576628667587,"request_end":1576628671821,"request_duration":4234,"type":"2560"}
{"start":1576628671379,"end":1576628672922,"duration":1543,"downloading_duration":1154,"execution_duration":3,"uploading_duration":386,"executable":"mean-pack-ell","args":["20.xoutput","21.xoutput","22.xoutput","23.xoutput","24.xoutput","25.xoutput","26.xoutput","27.xoutput","28.xoutput","29.xoutput","210.xoutput","211.xoutput","212.xoutput","213.xoutput","214.xoutput","215.xoutput","216.xoutput","217.xoutput","218.xoutput","219.xoutput","220.xoutput","221.xoutput","222.xoutput","223.xoutput","224.xoutput","225.xoutput","226.xoutput","227.xoutput","228.xoutput","229.xoutput","230.xoutput","231.xoutput","232.xoutput","233.xoutput","234.xoutput","235.xoutput","236.xoutput","237.xoutput","238.xoutput","239.xoutput","240.xoutput","241.xoutput","242.xoutput","243.xoutput","244.xoutput","245.xoutput","246.xoutput","247.xoutput","248.xoutput","249.xoutput","average_2.txt"],"id":208,"resource":"2560","request_start":1576628671263,"request_end":1576628672941,"request_duration":1678,"type":"2560"}
{"start":1576628673059,"end":1576628674182,"duration":1123,"downloading_duration":676,"execution_duration":64,"uploading_duration":383,"executable":"summary.js","args":[],"id":210,"resource":"2560","request_start":1576628672948,"request_end":1576628674200,"request_duration":1252,"type":"2560"}
