{"start":1576536131964,"end":1576536132797,"duration":833,"downloading_duration":383,"execution_duration":67,"uploading_duration":383,"executable":"generateData.js","args":[],"id":1,"resource":"2560","request_start":1576536131676,"request_end":1576536132822,"request_duration":1146,"type":"2560"}
{"start":1576536133048,"end":1576536133889,"duration":841,"downloading_duration":389,"execution_duration":67,"uploading_duration":385,"executable":"createDat.js","args":["1.dat"],"id":3,"resource":"2560","request_start":1576536132826,"request_end":1576536133907,"request_duration":1081,"type":"2560"}
{"start":1576536133019,"end":1576536133913,"duration":894,"downloading_duration":418,"execution_duration":63,"uploading_duration":413,"executable":"createDat.js","args":["0.dat"],"id":2,"resource":"2560","request_start":1576536132825,"request_end":1576536133937,"request_duration":1112,"type":"2560"}
{"start":1576536133052,"end":1576536133943,"duration":891,"downloading_duration":401,"execution_duration":68,"uploading_duration":422,"executable":"createDat.js","args":["2.dat"],"id":4,"resource":"2560","request_start":1576536132828,"request_end":1576536133987,"request_duration":1159,"type":"2560"}
{"start":1576536133052,"end":1576536133994,"duration":942,"downloading_duration":404,"execution_duration":67,"uploading_duration":471,"executable":"createDat.js","args":["3.dat"],"id":5,"resource":"2560","request_start":1576536132829,"request_end":1576536134011,"request_duration":1182,"type":"2560"}
{"start":1576536134194,"end":1576536137611,"duration":3417,"downloading_duration":1089,"execution_duration":1747,"uploading_duration":581,"executable":"ellipsoids-openmp","args":["1.dat","14.log","14.xoutput"],"id":25,"resource":"2560","request_start":1576536133922,"request_end":1576536137631,"request_duration":3709,"type":"2560"}
{"start":1576536134195,"end":1576536137657,"duration":3462,"downloading_duration":1134,"execution_duration":1713,"uploading_duration":615,"executable":"ellipsoids-openmp","args":["1.dat","17.log","17.xoutput"],"id":28,"resource":"2560","request_start":1576536133925,"request_end":1576536137678,"request_duration":3753,"type":"2560"}
{"start":1576536134285,"end":1576536137710,"duration":3425,"downloading_duration":1116,"execution_duration":1713,"uploading_duration":596,"executable":"ellipsoids-openmp","args":["1.dat","111.log","111.xoutput"],"id":32,"resource":"2560","request_start":1576536133932,"request_end":1576536137731,"request_duration":3799,"type":"2560"}
{"start":1576536134187,"end":1576536137736,"duration":3549,"downloading_duration":1216,"execution_duration":1726,"uploading_duration":607,"executable":"ellipsoids-openmp","args":["1.dat","15.log","15.xoutput"],"id":26,"resource":"2560","request_start":1576536133923,"request_end":1576536137756,"request_duration":3833,"type":"2560"}
{"start":1576536134756,"end":1576536137936,"duration":3180,"downloading_duration":1144,"execution_duration":1451,"uploading_duration":585,"executable":"ellipsoids-openmp","args":["2.dat","211.log","211.xoutput"],"id":47,"resource":"2560","request_start":1576536134006,"request_end":1576536137958,"request_duration":3952,"type":"2560"}
{"start":1576536134746,"end":1576536138123,"duration":3377,"downloading_duration":1158,"execution_duration":1626,"uploading_duration":593,"executable":"ellipsoids-openmp","args":["1.dat","114.log","114.xoutput"],"id":35,"resource":"2560","request_start":1576536133935,"request_end":1576536138144,"request_duration":4209,"type":"2560"}
{"start":1576536134746,"end":1576536138150,"duration":3404,"downloading_duration":1118,"execution_duration":1712,"uploading_duration":574,"executable":"ellipsoids-openmp","args":["1.dat","110.log","110.xoutput"],"id":31,"resource":"2560","request_start":1576536133931,"request_end":1576536138169,"request_duration":4238,"type":"2560"}
{"start":1576536134772,"end":1576536138158,"duration":3386,"downloading_duration":1145,"execution_duration":1685,"uploading_duration":556,"executable":"ellipsoids-openmp","args":["3.dat","30.log","30.xoutput"],"id":51,"resource":"2560","request_start":1576536134017,"request_end":1576536138177,"request_duration":4160,"type":"2560"}
{"start":1576536134738,"end":1576536138165,"duration":3427,"downloading_duration":1140,"execution_duration":1663,"uploading_duration":624,"executable":"ellipsoids-openmp","args":["1.dat","18.log","18.xoutput"],"id":29,"resource":"2560","request_start":1576536133926,"request_end":1576536138184,"request_duration":4258,"type":"2560"}
{"start":1576536134769,"end":1576536138234,"duration":3465,"downloading_duration":1169,"execution_duration":1722,"uploading_duration":574,"executable":"ellipsoids-openmp","args":["1.dat","113.log","113.xoutput"],"id":34,"resource":"2560","request_start":1576536133934,"request_end":1576536138254,"request_duration":4320,"type":"2560"}
{"start":1576536134745,"end":1576536138253,"duration":3508,"downloading_duration":1227,"execution_duration":1695,"uploading_duration":586,"executable":"ellipsoids-openmp","args":["1.dat","112.log","112.xoutput"],"id":33,"resource":"2560","request_start":1576536133933,"request_end":1576536138274,"request_duration":4341,"type":"2560"}
{"start":1576536134853,"end":1576536138258,"duration":3405,"downloading_duration":1166,"execution_duration":1618,"uploading_duration":621,"executable":"ellipsoids-openmp","args":["1.dat","11.log","11.xoutput"],"id":22,"resource":"2560","request_start":1576536133919,"request_end":1576536138281,"request_duration":4362,"type":"2560"}
{"start":1576536134792,"end":1576536138267,"duration":3475,"downloading_duration":1224,"execution_duration":1652,"uploading_duration":599,"executable":"ellipsoids-openmp","args":["1.dat","12.log","12.xoutput"],"id":23,"resource":"2560","request_start":1576536133920,"request_end":1576536138289,"request_duration":4369,"type":"2560"}
{"start":1576536134757,"end":1576536138268,"duration":3511,"downloading_duration":1109,"execution_duration":1708,"uploading_duration":694,"executable":"ellipsoids-openmp","args":["3.dat","31.log","31.xoutput"],"id":52,"resource":"2560","request_start":1576536134018,"request_end":1576536138294,"request_duration":4276,"type":"2560"}
{"start":1576536134773,"end":1576536138287,"duration":3514,"downloading_duration":1134,"execution_duration":1678,"uploading_duration":702,"executable":"ellipsoids-openmp","args":["3.dat","32.log","32.xoutput"],"id":53,"resource":"2560","request_start":1576536134019,"request_end":1576536138307,"request_duration":4288,"type":"2560"}
{"start":1576536134859,"end":1576536138288,"duration":3429,"downloading_duration":1182,"execution_duration":1628,"uploading_duration":619,"executable":"ellipsoids-openmp","args":["1.dat","10.log","10.xoutput"],"id":21,"resource":"2560","request_start":1576536133918,"request_end":1576536138313,"request_duration":4395,"type":"2560"}
{"start":1576536134751,"end":1576536138295,"duration":3544,"downloading_duration":1206,"execution_duration":1775,"uploading_duration":563,"executable":"ellipsoids-openmp","args":["2.dat","24.log","24.xoutput"],"id":40,"resource":"2560","request_start":1576536133999,"request_end":1576536138320,"request_duration":4321,"type":"2560"}
{"start":1576536134878,"end":1576536138300,"duration":3422,"downloading_duration":1111,"execution_duration":1678,"uploading_duration":633,"executable":"ellipsoids-openmp","args":["1.dat","13.log","13.xoutput"],"id":24,"resource":"2560","request_start":1576536133921,"request_end":1576536138324,"request_duration":4403,"type":"2560"}
{"start":1576536134770,"end":1576536138310,"duration":3540,"downloading_duration":1280,"execution_duration":1692,"uploading_duration":568,"executable":"ellipsoids-openmp","args":["3.dat","34.log","34.xoutput"],"id":55,"resource":"2560","request_start":1576536134021,"request_end":1576536138335,"request_duration":4314,"type":"2560"}
{"start":1576536134786,"end":1576536138319,"duration":3533,"downloading_duration":1136,"execution_duration":1815,"uploading_duration":582,"executable":"ellipsoids-openmp","args":["2.dat","29.log","29.xoutput"],"id":45,"resource":"2560","request_start":1576536134004,"request_end":1576536138341,"request_duration":4337,"type":"2560"}
{"start":1576536134768,"end":1576536138330,"duration":3562,"downloading_duration":1076,"execution_duration":1684,"uploading_duration":802,"executable":"ellipsoids-openmp","args":["3.dat","33.log","33.xoutput"],"id":54,"resource":"2560","request_start":1576536134020,"request_end":1576536138350,"request_duration":4330,"type":"2560"}
{"start":1576536134741,"end":1576536138337,"duration":3596,"downloading_duration":1110,"execution_duration":1874,"uploading_duration":612,"executable":"ellipsoids-openmp","args":["2.dat","20.log","20.xoutput"],"id":36,"resource":"2560","request_start":1576536133996,"request_end":1576536138359,"request_duration":4363,"type":"2560"}
{"start":1576536134857,"end":1576536138338,"duration":3481,"downloading_duration":1249,"execution_duration":1663,"uploading_duration":569,"executable":"ellipsoids-openmp","args":["1.dat","16.log","16.xoutput"],"id":27,"resource":"2560","request_start":1576536133924,"request_end":1576536138359,"request_duration":4435,"type":"2560"}
{"start":1576536134780,"end":1576536138342,"duration":3562,"downloading_duration":1249,"execution_duration":1748,"uploading_duration":565,"executable":"ellipsoids-openmp","args":["2.dat","26.log","26.xoutput"],"id":42,"resource":"2560","request_start":1576536134002,"request_end":1576536138369,"request_duration":4367,"type":"2560"}
{"start":1576536134790,"end":1576536138409,"duration":3619,"downloading_duration":1232,"execution_duration":1790,"uploading_duration":597,"executable":"ellipsoids-openmp","args":["2.dat","210.log","210.xoutput"],"id":46,"resource":"2560","request_start":1576536134005,"request_end":1576536138431,"request_duration":4426,"type":"2560"}
{"start":1576536134771,"end":1576536138412,"duration":3641,"downloading_duration":1206,"execution_duration":1866,"uploading_duration":569,"executable":"ellipsoids-openmp","args":["2.dat","214.log","214.xoutput"],"id":50,"resource":"2560","request_start":1576536134009,"request_end":1576536138434,"request_duration":4425,"type":"2560"}
{"start":1576536134779,"end":1576536138431,"duration":3652,"downloading_duration":1290,"execution_duration":1790,"uploading_duration":572,"executable":"ellipsoids-openmp","args":["2.dat","21.log","21.xoutput"],"id":37,"resource":"2560","request_start":1576536133996,"request_end":1576536138452,"request_duration":4456,"type":"2560"}
{"start":1576536134767,"end":1576536138436,"duration":3669,"downloading_duration":1227,"execution_duration":1864,"uploading_duration":578,"executable":"ellipsoids-openmp","args":["2.dat","28.log","28.xoutput"],"id":44,"resource":"2560","request_start":1576536134004,"request_end":1576536138458,"request_duration":4454,"type":"2560"}
{"start":1576536134771,"end":1576536138447,"duration":3676,"downloading_duration":1276,"execution_duration":1797,"uploading_duration":603,"executable":"ellipsoids-openmp","args":["2.dat","23.log","23.xoutput"],"id":39,"resource":"2560","request_start":1576536133998,"request_end":1576536138465,"request_duration":4467,"type":"2560"}
{"start":1576536134781,"end":1576536138478,"duration":3697,"downloading_duration":1244,"execution_duration":1860,"uploading_duration":593,"executable":"ellipsoids-openmp","args":["2.dat","212.log","212.xoutput"],"id":48,"resource":"2560","request_start":1576536134007,"request_end":1576536138500,"request_duration":4493,"type":"2560"}
{"start":1576536134752,"end":1576536138483,"duration":3731,"downloading_duration":1312,"execution_duration":1868,"uploading_duration":551,"executable":"ellipsoids-openmp","args":["2.dat","27.log","27.xoutput"],"id":43,"resource":"2560","request_start":1576536134003,"request_end":1576536138506,"request_duration":4503,"type":"2560"}
{"start":1576536134756,"end":1576536138486,"duration":3730,"downloading_duration":1394,"execution_duration":1773,"uploading_duration":563,"executable":"ellipsoids-openmp","args":["2.dat","22.log","22.xoutput"],"id":38,"resource":"2560","request_start":1576536133997,"request_end":1576536138509,"request_duration":4512,"type":"2560"}
{"start":1576536134834,"end":1576536138497,"duration":3663,"downloading_duration":1382,"execution_duration":1653,"uploading_duration":628,"executable":"ellipsoids-openmp","args":["1.dat","19.log","19.xoutput"],"id":30,"resource":"2560","request_start":1576536133930,"request_end":1576536138519,"request_duration":4589,"type":"2560"}
{"start":1576536134760,"end":1576536138550,"duration":3790,"downloading_duration":1150,"execution_duration":1801,"uploading_duration":839,"executable":"ellipsoids-openmp","args":["2.dat","213.log","213.xoutput"],"id":49,"resource":"2560","request_start":1576536134008,"request_end":1576536138573,"request_duration":4565,"type":"2560"}
{"start":1576536134779,"end":1576536138622,"duration":3843,"downloading_duration":1338,"execution_duration":1874,"uploading_duration":631,"executable":"ellipsoids-openmp","args":["2.dat","25.log","25.xoutput"],"id":41,"resource":"2560","request_start":1576536134001,"request_end":1576536138709,"request_duration":4708,"type":"2560"}
{"start":1576536135580,"end":1576536139070,"duration":3490,"downloading_duration":1086,"execution_duration":1814,"uploading_duration":590,"executable":"ellipsoids-openmp","args":["0.dat","012.log","012.xoutput"],"id":18,"resource":"2560","request_start":1576536133951,"request_end":1576536139093,"request_duration":5142,"type":"2560"}
{"start":1576536135590,"end":1576536139077,"duration":3487,"downloading_duration":1082,"execution_duration":1832,"uploading_duration":573,"executable":"ellipsoids-openmp","args":["0.dat","04.log","04.xoutput"],"id":10,"resource":"2560","request_start":1576536133944,"request_end":1576536139097,"request_duration":5153,"type":"2560"}
{"start":1576536135563,"end":1576536139106,"duration":3543,"downloading_duration":1147,"execution_duration":1822,"uploading_duration":574,"executable":"ellipsoids-openmp","args":["0.dat","03.log","03.xoutput"],"id":9,"resource":"2560","request_start":1576536133956,"request_end":1576536139128,"request_duration":5172,"type":"2560"}
{"start":1576536135571,"end":1576536139121,"duration":3550,"downloading_duration":1169,"execution_duration":1810,"uploading_duration":571,"executable":"ellipsoids-openmp","args":["0.dat","06.log","06.xoutput"],"id":12,"resource":"2560","request_start":1576536133946,"request_end":1576536139143,"request_duration":5197,"type":"2560"}
{"start":1576536135597,"end":1576536139138,"duration":3541,"downloading_duration":1168,"execution_duration":1793,"uploading_duration":580,"executable":"ellipsoids-openmp","args":["0.dat","011.log","011.xoutput"],"id":17,"resource":"2560","request_start":1576536133951,"request_end":1576536139158,"request_duration":5207,"type":"2560"}
{"start":1576536135552,"end":1576536139154,"duration":3602,"downloading_duration":1222,"execution_duration":1792,"uploading_duration":588,"executable":"ellipsoids-openmp","args":["0.dat","09.log","09.xoutput"],"id":15,"resource":"2560","request_start":1576536133949,"request_end":1576536139174,"request_duration":5225,"type":"2560"}
{"start":1576536135583,"end":1576536139166,"duration":3583,"downloading_duration":1152,"execution_duration":1826,"uploading_duration":605,"executable":"ellipsoids-openmp","args":["0.dat","010.log","010.xoutput"],"id":16,"resource":"2560","request_start":1576536133950,"request_end":1576536139187,"request_duration":5237,"type":"2560"}
{"start":1576536135573,"end":1576536139167,"duration":3594,"downloading_duration":1110,"execution_duration":1861,"uploading_duration":623,"executable":"ellipsoids-openmp","args":["0.dat","02.log","02.xoutput"],"id":8,"resource":"2560","request_start":1576536133955,"request_end":1576536139192,"request_duration":5237,"type":"2560"}
{"start":1576536135574,"end":1576536139194,"duration":3620,"downloading_duration":1240,"execution_duration":1779,"uploading_duration":601,"executable":"ellipsoids-openmp","args":["0.dat","05.log","05.xoutput"],"id":11,"resource":"2560","request_start":1576536133945,"request_end":1576536139217,"request_duration":5272,"type":"2560"}
{"start":1576536135607,"end":1576536139240,"duration":3633,"downloading_duration":1218,"execution_duration":1850,"uploading_duration":565,"executable":"ellipsoids-openmp","args":["0.dat","014.log","014.xoutput"],"id":20,"resource":"2560","request_start":1576536133953,"request_end":1576536139259,"request_duration":5306,"type":"2560"}
{"start":1576536135553,"end":1576536139257,"duration":3704,"downloading_duration":1233,"execution_duration":1808,"uploading_duration":663,"executable":"ellipsoids-openmp","args":["0.dat","08.log","08.xoutput"],"id":14,"resource":"2560","request_start":1576536133947,"request_end":1576536139277,"request_duration":5330,"type":"2560"}
{"start":1576536135589,"end":1576536139337,"duration":3748,"downloading_duration":1300,"execution_duration":1844,"uploading_duration":604,"executable":"ellipsoids-openmp","args":["0.dat","01.log","01.xoutput"],"id":7,"resource":"2560","request_start":1576536133955,"request_end":1576536139358,"request_duration":5403,"type":"2560"}
{"start":1576536135585,"end":1576536139448,"duration":3863,"downloading_duration":1416,"execution_duration":1841,"uploading_duration":606,"executable":"ellipsoids-openmp","args":["0.dat","00.log","00.xoutput"],"id":6,"resource":"2560","request_start":1576536133954,"request_end":1576536139467,"request_duration":5513,"type":"2560"}
{"start":1576536135809,"end":1576536139474,"duration":3665,"downloading_duration":1242,"execution_duration":1823,"uploading_duration":600,"executable":"ellipsoids-openmp","args":["0.dat","07.log","07.xoutput"],"id":13,"resource":"2560","request_start":1576536133946,"request_end":1576536139495,"request_duration":5549,"type":"2560"}
{"start":1576536135599,"end":1576536139512,"duration":3913,"downloading_duration":1131,"execution_duration":1840,"uploading_duration":942,"executable":"ellipsoids-openmp","args":["0.dat","013.log","013.xoutput"],"id":19,"resource":"2560","request_start":1576536133952,"request_end":1576536139531,"request_duration":5579,"type":"2560"}
{"start":1576536138744,"end":1576536140167,"duration":1423,"downloading_duration":970,"execution_duration":2,"uploading_duration":451,"executable":"mean-pack-ell","args":["10.xoutput","11.xoutput","12.xoutput","13.xoutput","14.xoutput","15.xoutput","16.xoutput","17.xoutput","18.xoutput","19.xoutput","110.xoutput","111.xoutput","112.xoutput","113.xoutput","114.xoutput","average_1.txt"],"id":67,"resource":"2560","request_start":1576536138527,"request_end":1576536140188,"request_duration":1661,"type":"2560"}
{"start":1576536138862,"end":1576536140270,"duration":1408,"downloading_duration":1017,"execution_duration":4,"uploading_duration":387,"executable":"mean-pack-ell","args":["20.xoutput","21.xoutput","22.xoutput","23.xoutput","24.xoutput","25.xoutput","26.xoutput","27.xoutput","28.xoutput","29.xoutput","210.xoutput","211.xoutput","212.xoutput","213.xoutput","214.xoutput","average_2.txt"],"id":68,"resource":"2560","request_start":1576536138717,"request_end":1576536140289,"request_duration":1572,"type":"2560"}
{"start":1576536139661,"end":1576536141085,"duration":1424,"downloading_duration":1040,"execution_duration":3,"uploading_duration":381,"executable":"mean-pack-ell","args":["00.xoutput","01.xoutput","02.xoutput","03.xoutput","04.xoutput","05.xoutput","06.xoutput","07.xoutput","08.xoutput","09.xoutput","010.xoutput","011.xoutput","012.xoutput","013.xoutput","014.xoutput","average_0.txt"],"id":66,"resource":"2560","request_start":1576536139543,"request_end":1576536141105,"request_duration":1562,"type":"2560"}
{"start":1576536137783,"end":1576536141112,"duration":3329,"downloading_duration":1015,"execution_duration":1715,"uploading_duration":599,"executable":"ellipsoids-openmp","args":["3.dat","38.log","38.xoutput"],"id":59,"resource":"2560","request_start":1576536134023,"request_end":1576536141135,"request_duration":7112,"type":"2560"}
{"start":1576536137985,"end":1576536141148,"duration":3163,"downloading_duration":1116,"execution_duration":1453,"uploading_duration":594,"executable":"ellipsoids-openmp","args":["3.dat","39.log","39.xoutput"],"id":60,"resource":"2560","request_start":1576536134024,"request_end":1576536141171,"request_duration":7147,"type":"2560"}
{"start":1576536137661,"end":1576536141157,"duration":3496,"downloading_duration":1088,"execution_duration":1804,"uploading_duration":604,"executable":"ellipsoids-openmp","args":["3.dat","35.log","35.xoutput"],"id":56,"resource":"2560","request_start":1576536134021,"request_end":1576536141179,"request_duration":7158,"type":"2560"}
{"start":1576536137703,"end":1576536141217,"duration":3514,"downloading_duration":1064,"execution_duration":1709,"uploading_duration":741,"executable":"ellipsoids-openmp","args":["3.dat","36.log","36.xoutput"],"id":57,"resource":"2560","request_start":1576536134022,"request_end":1576536141237,"request_duration":7215,"type":"2560"}
{"start":1576536138173,"end":1576536141489,"duration":3316,"downloading_duration":1089,"execution_duration":1653,"uploading_duration":574,"executable":"ellipsoids-openmp","args":["3.dat","310.log","310.xoutput"],"id":61,"resource":"2560","request_start":1576536134024,"request_end":1576536141509,"request_duration":7485,"type":"2560"}
{"start":1576536138286,"end":1576536141575,"duration":3289,"downloading_duration":1007,"execution_duration":1696,"uploading_duration":586,"executable":"ellipsoids-openmp","args":["3.dat","314.log","314.xoutput"],"id":65,"resource":"2560","request_start":1576536134027,"request_end":1576536141596,"request_duration":7569,"type":"2560"}
{"start":1576536138208,"end":1576536141610,"duration":3402,"downloading_duration":1072,"execution_duration":1703,"uploading_duration":627,"executable":"ellipsoids-openmp","args":["3.dat","312.log","312.xoutput"],"id":63,"resource":"2560","request_start":1576536134025,"request_end":1576536141629,"request_duration":7604,"type":"2560"}
{"start":1576536138198,"end":1576536141672,"duration":3474,"downloading_duration":1177,"execution_duration":1687,"uploading_duration":610,"executable":"ellipsoids-openmp","args":["3.dat","311.log","311.xoutput"],"id":62,"resource":"2560","request_start":1576536134025,"request_end":1576536141694,"request_duration":7669,"type":"2560"}
{"start":1576536137762,"end":1576536141941,"duration":4179,"downloading_duration":1079,"execution_duration":1721,"uploading_duration":1379,"executable":"ellipsoids-openmp","args":["3.dat","37.log","37.xoutput"],"id":58,"resource":"2560","request_start":1576536134023,"request_end":1576536141963,"request_duration":7940,"type":"2560"}
{"start":1576536138213,"end":1576536142139,"duration":3926,"downloading_duration":1108,"execution_duration":1647,"uploading_duration":1171,"executable":"ellipsoids-openmp","args":["3.dat","313.log","313.xoutput"],"id":64,"resource":"2560","request_start":1576536134026,"request_end":1576536142158,"request_duration":8132,"type":"2560"}
{"start":1576536142284,"end":1576536143697,"duration":1413,"downloading_duration":1029,"execution_duration":3,"uploading_duration":381,"executable":"mean-pack-ell","args":["30.xoutput","31.xoutput","32.xoutput","33.xoutput","34.xoutput","35.xoutput","36.xoutput","37.xoutput","38.xoutput","39.xoutput","310.xoutput","311.xoutput","312.xoutput","313.xoutput","314.xoutput","average_3.txt"],"id":69,"resource":"2560","request_start":1576536142164,"request_end":1576536143719,"request_duration":1555,"type":"2560"}
{"start":1576536143857,"end":1576536144719,"duration":862,"downloading_duration":406,"execution_duration":67,"uploading_duration":389,"executable":"summary.js","args":[],"id":70,"resource":"2560","request_start":1576536143726,"request_end":1576536144737,"request_duration":1011,"type":"2560"}
