{"start":1576535132607,"end":1576535133579,"duration":972,"downloading_duration":480,"execution_duration":72,"uploading_duration":420,"executable":"generateData.js","args":[],"id":1,"resource":"2560","request_start":1576535131941,"request_end":1576535133604,"request_duration":1663,"type":"2560"}
{"start":1576535133748,"end":1576535134622,"duration":874,"downloading_duration":378,"execution_duration":65,"uploading_duration":431,"executable":"createDat.js","args":["0.dat"],"id":2,"resource":"2560","request_start":1576535133615,"request_end":1576535134635,"request_duration":1020,"type":"2560"}
{"start":1576535134206,"end":1576535135134,"duration":928,"downloading_duration":461,"execution_duration":77,"uploading_duration":390,"executable":"createDat.js","args":["2.dat"],"id":4,"resource":"2560","request_start":1576535133626,"request_end":1576535135183,"request_duration":1557,"type":"2560"}
{"start":1576535134186,"end":1576535135174,"duration":988,"downloading_duration":504,"execution_duration":68,"uploading_duration":416,"executable":"createDat.js","args":["1.dat"],"id":3,"resource":"2560","request_start":1576535133620,"request_end":1576535135235,"request_duration":1615,"type":"2560"}
{"start":1576535134202,"end":1576535135291,"duration":1089,"downloading_duration":544,"execution_duration":69,"uploading_duration":476,"executable":"createDat.js","args":["3.dat"],"id":5,"resource":"2560","request_start":1576535133631,"request_end":1576535135341,"request_duration":1710,"type":"2560"}
{"start":1576535135334,"end":1576535138762,"duration":3428,"downloading_duration":999,"execution_duration":1866,"uploading_duration":563,"executable":"ellipsoids-openmp","args":["0.dat","08.log","08.xoutput"],"id":14,"resource":"2560","request_start":1576535134677,"request_end":1576535138780,"request_duration":4103,"type":"2560"}
{"start":1576535135375,"end":1576535138815,"duration":3440,"downloading_duration":1089,"execution_duration":1783,"uploading_duration":568,"executable":"ellipsoids-openmp","args":["0.dat","06.log","06.xoutput"],"id":12,"resource":"2560","request_start":1576535134671,"request_end":1576535138834,"request_duration":4163,"type":"2560"}
{"start":1576535135390,"end":1576535138900,"duration":3510,"downloading_duration":1078,"execution_duration":1869,"uploading_duration":563,"executable":"ellipsoids-openmp","args":["0.dat","05.log","05.xoutput"],"id":11,"resource":"2560","request_start":1576535134667,"request_end":1576535138950,"request_duration":4283,"type":"2560"}
{"start":1576535135385,"end":1576535139029,"duration":3644,"downloading_duration":1075,"execution_duration":1846,"uploading_duration":723,"executable":"ellipsoids-openmp","args":["0.dat","07.log","07.xoutput"],"id":13,"resource":"2560","request_start":1576535134674,"request_end":1576535139114,"request_duration":4440,"type":"2560"}
{"start":1576535135918,"end":1576535139418,"duration":3500,"downloading_duration":1075,"execution_duration":1823,"uploading_duration":602,"executable":"ellipsoids-openmp","args":["2.dat","21.log","21.xoutput"],"id":37,"resource":"2560","request_start":1576535135211,"request_end":1576535139436,"request_duration":4225,"type":"2560"}
{"start":1576535135950,"end":1576535139478,"duration":3528,"downloading_duration":1151,"execution_duration":1811,"uploading_duration":566,"executable":"ellipsoids-openmp","args":["2.dat","22.log","22.xoutput"],"id":38,"resource":"2560","request_start":1576535135213,"request_end":1576535139494,"request_duration":4281,"type":"2560"}
{"start":1576535136002,"end":1576535139593,"duration":3591,"downloading_duration":1107,"execution_duration":1888,"uploading_duration":596,"executable":"ellipsoids-openmp","args":["2.dat","23.log","23.xoutput"],"id":39,"resource":"2560","request_start":1576535135216,"request_end":1576535139609,"request_duration":4393,"type":"2560"}
{"start":1576535135998,"end":1576535139600,"duration":3602,"downloading_duration":1182,"execution_duration":1856,"uploading_duration":564,"executable":"ellipsoids-openmp","args":["2.dat","28.log","28.xoutput"],"id":44,"resource":"2560","request_start":1576535135224,"request_end":1576535139616,"request_duration":4392,"type":"2560"}
{"start":1576535136003,"end":1576535139605,"duration":3602,"downloading_duration":1094,"execution_duration":1942,"uploading_duration":566,"executable":"ellipsoids-openmp","args":["2.dat","25.log","25.xoutput"],"id":41,"resource":"2560","request_start":1576535135220,"request_end":1576535139622,"request_duration":4402,"type":"2560"}
{"start":1576535135898,"end":1576535139649,"duration":3751,"downloading_duration":1328,"execution_duration":1840,"uploading_duration":583,"executable":"ellipsoids-openmp","args":["2.dat","20.log","20.xoutput"],"id":36,"resource":"2560","request_start":1576535135208,"request_end":1576535139667,"request_duration":4459,"type":"2560"}
{"start":1576535135983,"end":1576535139670,"duration":3687,"downloading_duration":1256,"execution_duration":1836,"uploading_duration":595,"executable":"ellipsoids-openmp","args":["2.dat","29.log","29.xoutput"],"id":45,"resource":"2560","request_start":1576535135226,"request_end":1576535139686,"request_duration":4460,"type":"2560"}
{"start":1576535135986,"end":1576535139676,"duration":3690,"downloading_duration":1241,"execution_duration":1882,"uploading_duration":567,"executable":"ellipsoids-openmp","args":["2.dat","26.log","26.xoutput"],"id":42,"resource":"2560","request_start":1576535135221,"request_end":1576535139693,"request_duration":4472,"type":"2560"}
{"start":1576535136013,"end":1576535139890,"duration":3877,"downloading_duration":1332,"execution_duration":1912,"uploading_duration":633,"executable":"ellipsoids-openmp","args":["2.dat","24.log","24.xoutput"],"id":40,"resource":"2560","request_start":1576535135218,"request_end":1576535139906,"request_duration":4688,"type":"2560"}
{"start":1576535136704,"end":1576535140080,"duration":3376,"downloading_duration":1124,"execution_duration":1661,"uploading_duration":591,"executable":"ellipsoids-openmp","args":["3.dat","34.log","34.xoutput"],"id":55,"resource":"2560","request_start":1576535135389,"request_end":1576535140099,"request_duration":4710,"type":"2560"}
{"start":1576535136695,"end":1576535140200,"duration":3505,"downloading_duration":1211,"execution_duration":1700,"uploading_duration":594,"executable":"ellipsoids-openmp","args":["3.dat","30.log","30.xoutput"],"id":51,"resource":"2560","request_start":1576535135384,"request_end":1576535140219,"request_duration":4835,"type":"2560"}
{"start":1576535136697,"end":1576535140273,"duration":3576,"downloading_duration":1236,"execution_duration":1752,"uploading_duration":588,"executable":"ellipsoids-openmp","args":["3.dat","39.log","39.xoutput"],"id":60,"resource":"2560","request_start":1576535135397,"request_end":1576535140294,"request_duration":4897,"type":"2560"}
