{"start":1576545626196,"end":1576545628204,"duration":2008,"downloading_duration":547,"execution_duration":981,"uploading_duration":480,"executable":"generateData.js","args":[],"id":1,"resource":"128","request_start":1576545626030,"request_end":1576545628227,"request_duration":2197,"type":"128"}
{"start":1576545628336,"end":1576545630133,"duration":1797,"downloading_duration":380,"execution_duration":988,"uploading_duration":429,"executable":"createDat.js","args":["1.dat"],"id":3,"resource":"128","request_start":1576545628231,"request_end":1576545630153,"request_duration":1922,"type":"128"}
{"start":1576545628359,"end":1576545630352,"duration":1993,"downloading_duration":466,"execution_duration":1021,"uploading_duration":506,"executable":"createDat.js","args":["3.dat"],"id":5,"resource":"128","request_start":1576545628234,"request_end":1576545630373,"request_duration":2139,"type":"128"}
{"start":1576545628346,"end":1576545630387,"duration":2041,"downloading_duration":450,"execution_duration":1100,"uploading_duration":491,"executable":"createDat.js","args":["0.dat"],"id":2,"resource":"128","request_start":1576545628230,"request_end":1576545630437,"request_duration":2207,"type":"128"}
{"start":1576545628355,"end":1576545630513,"duration":2158,"downloading_duration":472,"execution_duration":1081,"uploading_duration":605,"executable":"createDat.js","args":["2.dat"],"id":4,"resource":"128","request_start":1576545628233,"request_end":1576545630575,"request_duration":2342,"type":"128"}
{"start":1576545630347,"end":1576545664844,"duration":34497,"downloading_duration":1335,"execution_duration":32481,"uploading_duration":681,"executable":"ellipsoids-openmp","args":["1.dat","14.log","14.xoutput"],"id":30,"resource":"128","request_start":1576545630168,"request_end":1576545664866,"request_duration":34698,"type":"128"}
{"start":1576545630387,"end":1576545665248,"duration":34861,"downloading_duration":1307,"execution_duration":32900,"uploading_duration":654,"executable":"ellipsoids-openmp","args":["1.dat","110.log","110.xoutput"],"id":36,"resource":"128","request_start":1576545630174,"request_end":1576545665269,"request_duration":35095,"type":"128"}
{"start":1576545630668,"end":1576545665334,"duration":34666,"downloading_duration":1242,"execution_duration":32700,"uploading_duration":724,"executable":"ellipsoids-openmp","args":["3.dat","32.log","32.xoutput"],"id":68,"resource":"128","request_start":1576545630411,"request_end":1576545665353,"request_duration":34942,"type":"128"}
{"start":1576545630392,"end":1576545665503,"duration":35111,"downloading_duration":1330,"execution_duration":33101,"uploading_duration":680,"executable":"ellipsoids-openmp","args":["1.dat","117.log","117.xoutput"],"id":43,"resource":"128","request_start":1576545630180,"request_end":1576545665527,"request_duration":35347,"type":"128"}
{"start":1576545630391,"end":1576545665664,"duration":35273,"downloading_duration":1312,"execution_duration":33240,"uploading_duration":721,"executable":"ellipsoids-openmp","args":["1.dat","113.log","113.xoutput"],"id":39,"resource":"128","request_start":1576545630177,"request_end":1576545665688,"request_duration":35511,"type":"128"}
{"start":1576545630384,"end":1576545665856,"duration":35472,"downloading_duration":1308,"execution_duration":33481,"uploading_duration":683,"executable":"ellipsoids-openmp","args":["1.dat","18.log","18.xoutput"],"id":34,"resource":"128","request_start":1576545630172,"request_end":1576545665878,"request_duration":35706,"type":"128"}
{"start":1576545630384,"end":1576545665914,"duration":35530,"downloading_duration":1375,"execution_duration":33461,"uploading_duration":694,"executable":"ellipsoids-openmp","args":["1.dat","19.log","19.xoutput"],"id":35,"resource":"128","request_start":1576545630173,"request_end":1576545665933,"request_duration":35760,"type":"128"}
{"start":1576545630399,"end":1576545666039,"duration":35640,"downloading_duration":1216,"execution_duration":33800,"uploading_duration":624,"executable":"ellipsoids-openmp","args":["1.dat","119.log","119.xoutput"],"id":45,"resource":"128","request_start":1576545630182,"request_end":1576545666058,"request_duration":35876,"type":"128"}
{"start":1576545630389,"end":1576545666506,"duration":36117,"downloading_duration":1320,"execution_duration":34100,"uploading_duration":697,"executable":"ellipsoids-openmp","args":["1.dat","114.log","114.xoutput"],"id":40,"resource":"128","request_start":1576545630177,"request_end":1576545666529,"request_duration":36352,"type":"128"}
{"start":1576545630392,"end":1576545666547,"duration":36155,"downloading_duration":1320,"execution_duration":34140,"uploading_duration":695,"executable":"ellipsoids-openmp","args":["1.dat","112.log","112.xoutput"],"id":38,"resource":"128","request_start":1576545630176,"request_end":1576545666563,"request_duration":36387,"type":"128"}
{"start":1576545630339,"end":1576545666590,"duration":36251,"downloading_duration":1520,"execution_duration":34061,"uploading_duration":670,"executable":"ellipsoids-openmp","args":["1.dat","12.log","12.xoutput"],"id":28,"resource":"128","request_start":1576545630166,"request_end":1576545666610,"request_duration":36444,"type":"128"}
{"start":1576545630383,"end":1576545666713,"duration":36330,"downloading_duration":1370,"execution_duration":33900,"uploading_duration":1060,"executable":"ellipsoids-openmp","args":["1.dat","15.log","15.xoutput"],"id":31,"resource":"128","request_start":1576545630169,"request_end":1576545666731,"request_duration":36562,"type":"128"}
{"start":1576545630339,"end":1576545666714,"duration":36375,"downloading_duration":1334,"execution_duration":34380,"uploading_duration":661,"executable":"ellipsoids-openmp","args":["1.dat","11.log","11.xoutput"],"id":27,"resource":"128","request_start":1576545630165,"request_end":1576545666736,"request_duration":36571,"type":"128"}
{"start":1576545630384,"end":1576545666714,"duration":36330,"downloading_duration":1246,"execution_duration":34360,"uploading_duration":724,"executable":"ellipsoids-openmp","args":["1.dat","116.log","116.xoutput"],"id":42,"resource":"128","request_start":1576545630179,"request_end":1576545666738,"request_duration":36559,"type":"128"}
{"start":1576545630388,"end":1576545666787,"duration":36399,"downloading_duration":1350,"execution_duration":34400,"uploading_duration":649,"executable":"ellipsoids-openmp","args":["1.dat","118.log","118.xoutput"],"id":44,"resource":"128","request_start":1576545630181,"request_end":1576545666806,"request_duration":36625,"type":"128"}
{"start":1576545630381,"end":1576545666824,"duration":36443,"downloading_duration":1504,"execution_duration":34300,"uploading_duration":639,"executable":"ellipsoids-openmp","args":["1.dat","111.log","111.xoutput"],"id":37,"resource":"128","request_start":1576545630175,"request_end":1576545666840,"request_duration":36665,"type":"128"}
{"start":1576545630388,"end":1576545666868,"duration":36480,"downloading_duration":1323,"execution_duration":34520,"uploading_duration":637,"executable":"ellipsoids-openmp","args":["1.dat","16.log","16.xoutput"],"id":32,"resource":"128","request_start":1576545630170,"request_end":1576545666888,"request_duration":36718,"type":"128"}
{"start":1576545630338,"end":1576545666912,"duration":36574,"downloading_duration":1305,"execution_duration":34579,"uploading_duration":690,"executable":"ellipsoids-openmp","args":["1.dat","10.log","10.xoutput"],"id":26,"resource":"128","request_start":1576545630164,"request_end":1576545666931,"request_duration":36767,"type":"128"}
{"start":1576545630355,"end":1576545667202,"duration":36847,"downloading_duration":1325,"execution_duration":34520,"uploading_duration":1002,"executable":"ellipsoids-openmp","args":["1.dat","13.log","13.xoutput"],"id":29,"resource":"128","request_start":1576545630167,"request_end":1576545667220,"request_duration":37053,"type":"128"}
{"start":1576545630647,"end":1576545667417,"duration":36770,"downloading_duration":1343,"execution_duration":34761,"uploading_duration":666,"executable":"ellipsoids-openmp","args":["3.dat","33.log","33.xoutput"],"id":69,"resource":"128","request_start":1576545630413,"request_end":1576545667446,"request_duration":37033,"type":"128"}
{"start":1576545630391,"end":1576545667795,"duration":37404,"downloading_duration":1427,"execution_duration":35321,"uploading_duration":656,"executable":"ellipsoids-openmp","args":["1.dat","115.log","115.xoutput"],"id":41,"resource":"128","request_start":1576545630178,"request_end":1576545667813,"request_duration":37635,"type":"128"}
{"start":1576545630680,"end":1576545667858,"duration":37178,"downloading_duration":1366,"execution_duration":35040,"uploading_duration":772,"executable":"ellipsoids-openmp","args":["3.dat","314.log","314.xoutput"],"id":80,"resource":"128","request_start":1576545630429,"request_end":1576545667878,"request_duration":37449,"type":"128"}
{"start":1576545630687,"end":1576545668047,"duration":37360,"downloading_duration":1442,"execution_duration":35178,"uploading_duration":740,"executable":"ellipsoids-openmp","args":["3.dat","37.log","37.xoutput"],"id":73,"resource":"128","request_start":1576545630419,"request_end":1576545668068,"request_duration":37649,"type":"128"}
{"start":1576545630710,"end":1576545668432,"duration":37722,"downloading_duration":1328,"execution_duration":35721,"uploading_duration":673,"executable":"ellipsoids-openmp","args":["0.dat","012.log","012.xoutput"],"id":18,"resource":"128","request_start":1576545630453,"request_end":1576545668451,"request_duration":37998,"type":"128"}
{"start":1576545630687,"end":1576545668607,"duration":37920,"downloading_duration":1320,"execution_duration":35920,"uploading_duration":680,"executable":"ellipsoids-openmp","args":["3.dat","318.log","318.xoutput"],"id":84,"resource":"128","request_start":1576545630434,"request_end":1576545668626,"request_duration":38192,"type":"128"}
{"start":1576545630677,"end":1576545668696,"duration":38019,"downloading_duration":1861,"execution_duration":35520,"uploading_duration":638,"executable":"ellipsoids-openmp","args":["3.dat","316.log","316.xoutput"],"id":82,"resource":"128","request_start":1576545630432,"request_end":1576545668714,"request_duration":38282,"type":"128"}
{"start":1576545630680,"end":1576545668878,"duration":38198,"downloading_duration":1340,"execution_duration":36180,"uploading_duration":678,"executable":"ellipsoids-openmp","args":["3.dat","317.log","317.xoutput"],"id":83,"resource":"128","request_start":1576545630433,"request_end":1576545668898,"request_duration":38465,"type":"128"}
{"start":1576545630710,"end":1576545669018,"duration":38308,"downloading_duration":1660,"execution_duration":36001,"uploading_duration":647,"executable":"ellipsoids-openmp","args":["0.dat","06.log","06.xoutput"],"id":12,"resource":"128","request_start":1576545630448,"request_end":1576545669040,"request_duration":38592,"type":"128"}
{"start":1576545630668,"end":1576545669110,"duration":38442,"downloading_duration":1441,"execution_duration":36020,"uploading_duration":981,"executable":"ellipsoids-openmp","args":["3.dat","36.log","36.xoutput"],"id":72,"resource":"128","request_start":1576545630418,"request_end":1576545669127,"request_duration":38709,"type":"128"}
{"start":1576545630660,"end":1576545669151,"duration":38491,"downloading_duration":1653,"execution_duration":36140,"uploading_duration":698,"executable":"ellipsoids-openmp","args":["3.dat","31.log","31.xoutput"],"id":67,"resource":"128","request_start":1576545630408,"request_end":1576545669171,"request_duration":38763,"type":"128"}
{"start":1576545630699,"end":1576545669185,"duration":38486,"downloading_duration":1559,"execution_duration":36220,"uploading_duration":707,"executable":"ellipsoids-openmp","args":["0.dat","04.log","04.xoutput"],"id":10,"resource":"128","request_start":1576545630446,"request_end":1576545669203,"request_duration":38757,"type":"128"}
{"start":1576545630704,"end":1576545669199,"duration":38495,"downloading_duration":1384,"execution_duration":36401,"uploading_duration":710,"executable":"ellipsoids-openmp","args":["0.dat","05.log","05.xoutput"],"id":11,"resource":"128","request_start":1576545630447,"request_end":1576545669217,"request_duration":38770,"type":"128"}
{"start":1576545630662,"end":1576545669285,"duration":38623,"downloading_duration":1653,"execution_duration":36261,"uploading_duration":709,"executable":"ellipsoids-openmp","args":["3.dat","38.log","38.xoutput"],"id":74,"resource":"128","request_start":1576545630421,"request_end":1576545669302,"request_duration":38881,"type":"128"}
{"start":1576545630673,"end":1576545669332,"duration":38659,"downloading_duration":1324,"execution_duration":36660,"uploading_duration":675,"executable":"ellipsoids-openmp","args":["3.dat","313.log","313.xoutput"],"id":79,"resource":"128","request_start":1576545630428,"request_end":1576545669350,"request_duration":38922,"type":"128"}
{"start":1576545630711,"end":1576545669513,"duration":38802,"downloading_duration":1427,"execution_duration":36560,"uploading_duration":815,"executable":"ellipsoids-openmp","args":["0.dat","011.log","011.xoutput"],"id":17,"resource":"128","request_start":1576545630452,"request_end":1576545669530,"request_duration":39078,"type":"128"}
{"start":1576545630670,"end":1576545669588,"duration":38918,"downloading_duration":1395,"execution_duration":36801,"uploading_duration":722,"executable":"ellipsoids-openmp","args":["3.dat","39.log","39.xoutput"],"id":75,"resource":"128","request_start":1576545630422,"request_end":1576545669607,"request_duration":39185,"type":"128"}
{"start":1576545630680,"end":1576545669637,"duration":38957,"downloading_duration":1881,"execution_duration":36380,"uploading_duration":696,"executable":"ellipsoids-openmp","args":["3.dat","311.log","311.xoutput"],"id":77,"resource":"128","request_start":1576545630426,"request_end":1576545669657,"request_duration":39231,"type":"128"}
{"start":1576545630670,"end":1576545669716,"duration":39046,"downloading_duration":1370,"execution_duration":36981,"uploading_duration":695,"executable":"ellipsoids-openmp","args":["3.dat","310.log","310.xoutput"],"id":76,"resource":"128","request_start":1576545630425,"request_end":1576545669732,"request_duration":39307,"type":"128"}
{"start":1576545630678,"end":1576545669750,"duration":39072,"downloading_duration":1434,"execution_duration":36900,"uploading_duration":738,"executable":"ellipsoids-openmp","args":["3.dat","315.log","315.xoutput"],"id":81,"resource":"128","request_start":1576545630431,"request_end":1576545669767,"request_duration":39336,"type":"128"}
{"start":1576545630385,"end":1576545669775,"duration":39390,"downloading_duration":1606,"execution_duration":37062,"uploading_duration":722,"executable":"ellipsoids-openmp","args":["1.dat","17.log","17.xoutput"],"id":33,"resource":"128","request_start":1576545630171,"request_end":1576545669792,"request_duration":39621,"type":"128"}
{"start":1576545630674,"end":1576545669767,"duration":39093,"downloading_duration":1429,"execution_duration":37000,"uploading_duration":664,"executable":"ellipsoids-openmp","args":["3.dat","312.log","312.xoutput"],"id":78,"resource":"128","request_start":1576545630427,"request_end":1576545669808,"request_duration":39381,"type":"128"}
{"start":1576545630645,"end":1576545669839,"duration":39194,"downloading_duration":1462,"execution_duration":37060,"uploading_duration":672,"executable":"ellipsoids-openmp","args":["3.dat","34.log","34.xoutput"],"id":70,"resource":"128","request_start":1576545630415,"request_end":1576545669857,"request_duration":39442,"type":"128"}
{"start":1576545630710,"end":1576545669994,"duration":39284,"downloading_duration":1407,"execution_duration":37120,"uploading_duration":757,"executable":"ellipsoids-openmp","args":["0.dat","07.log","07.xoutput"],"id":13,"resource":"128","request_start":1576545630449,"request_end":1576545670012,"request_duration":39563,"type":"128"}
{"start":1576545630650,"end":1576545670046,"duration":39396,"downloading_duration":1937,"execution_duration":36781,"uploading_duration":678,"executable":"ellipsoids-openmp","args":["3.dat","30.log","30.xoutput"],"id":66,"resource":"128","request_start":1576545630405,"request_end":1576545670062,"request_duration":39657,"type":"128"}
{"start":1576545630667,"end":1576545670458,"duration":39791,"downloading_duration":1357,"execution_duration":37780,"uploading_duration":654,"executable":"ellipsoids-openmp","args":["3.dat","35.log","35.xoutput"],"id":71,"resource":"128","request_start":1576545630416,"request_end":1576545670482,"request_duration":40066,"type":"128"}
{"start":1576545630707,"end":1576545670466,"duration":39759,"downloading_duration":1620,"execution_duration":37260,"uploading_duration":879,"executable":"ellipsoids-openmp","args":["3.dat","319.log","319.xoutput"],"id":85,"resource":"128","request_start":1576545630435,"request_end":1576545670490,"request_duration":40055,"type":"128"}
{"start":1576545630715,"end":1576545670588,"duration":39873,"downloading_duration":1432,"execution_duration":37760,"uploading_duration":681,"executable":"ellipsoids-openmp","args":["0.dat","010.log","010.xoutput"],"id":16,"resource":"128","request_start":1576545630451,"request_end":1576545670607,"request_duration":40156,"type":"128"}
{"start":1576545630711,"end":1576545670849,"duration":40138,"downloading_duration":1933,"execution_duration":37560,"uploading_duration":645,"executable":"ellipsoids-openmp","args":["0.dat","09.log","09.xoutput"],"id":15,"resource":"128","request_start":1576545630451,"request_end":1576545670867,"request_duration":40416,"type":"128"}
{"start":1576545630713,"end":1576545670947,"duration":40234,"downloading_duration":1350,"execution_duration":38220,"uploading_duration":664,"executable":"ellipsoids-openmp","args":["0.dat","08.log","08.xoutput"],"id":14,"resource":"128","request_start":1576545630450,"request_end":1576545670982,"request_duration":40532,"type":"128"}
{"start":1576545669914,"end":1576545672917,"duration":3003,"downloading_duration":2193,"execution_duration":41,"uploading_duration":769,"executable":"mean-pack-ell","args":["10.xoutput","11.xoutput","12.xoutput","13.xoutput","14.xoutput","15.xoutput","16.xoutput","17.xoutput","18.xoutput","19.xoutput","110.xoutput","111.xoutput","112.xoutput","113.xoutput","114.xoutput","115.xoutput","116.xoutput","117.xoutput","118.xoutput","119.xoutput","average_1.txt"],"id":87,"resource":"128","request_start":1576545669802,"request_end":1576545672936,"request_duration":3134,"type":"128"}
{"start":1576545670616,"end":1576545673713,"duration":3097,"downloading_duration":2591,"execution_duration":41,"uploading_duration":465,"executable":"mean-pack-ell","args":["30.xoutput","31.xoutput","32.xoutput","33.xoutput","34.xoutput","35.xoutput","36.xoutput","37.xoutput","38.xoutput","39.xoutput","310.xoutput","311.xoutput","312.xoutput","313.xoutput","314.xoutput","315.xoutput","316.xoutput","317.xoutput","318.xoutput","319.xoutput","average_3.txt"],"id":89,"resource":"128","request_start":1576545670500,"request_end":1576545673731,"request_duration":3231,"type":"128"}
{"start":1576545630648,"end":1576545682582,"duration":51934,"downloading_duration":14741,"execution_duration":36500,"uploading_duration":693,"executable":"ellipsoids-openmp","args":["0.dat","013.log","013.xoutput"],"id":19,"resource":"128","request_start":1576545630454,"request_end":1576545682601,"request_duration":52147,"type":"128"}
{"start":1576545664892,"end":1576545702805,"duration":37913,"downloading_duration":1330,"execution_duration":35841,"uploading_duration":742,"executable":"ellipsoids-openmp","args":["0.dat","014.log","014.xoutput"],"id":20,"resource":"128","request_start":1576545630454,"request_end":1576545702823,"request_duration":72369,"type":"128"}
{"start":1576545665381,"end":1576545703802,"duration":38421,"downloading_duration":1289,"execution_duration":36480,"uploading_duration":652,"executable":"ellipsoids-openmp","args":["0.dat","016.log","016.xoutput"],"id":22,"resource":"128","request_start":1576545630455,"request_end":1576545703822,"request_duration":73367,"type":"128"}
{"start":1576545665555,"end":1576545704310,"duration":38755,"downloading_duration":1367,"execution_duration":36680,"uploading_duration":708,"executable":"ellipsoids-openmp","args":["0.dat","017.log","017.xoutput"],"id":23,"resource":"128","request_start":1576545630456,"request_end":1576545704328,"request_duration":73872,"type":"128"}
{"start":1576545665300,"end":1576545704358,"duration":39058,"downloading_duration":1394,"execution_duration":36960,"uploading_duration":704,"executable":"ellipsoids-openmp","args":["0.dat","015.log","015.xoutput"],"id":21,"resource":"128","request_start":1576545630455,"request_end":1576545704393,"request_duration":73938,"type":"128"}
{"start":1576545666958,"end":1576545705804,"duration":38846,"downloading_duration":1232,"execution_duration":36981,"uploading_duration":633,"executable":"ellipsoids-openmp","args":["2.dat","27.log","27.xoutput"],"id":53,"resource":"128","request_start":1576545630613,"request_end":1576545705821,"request_duration":75208,"type":"128"}
{"start":1576545666769,"end":1576545706345,"duration":39576,"downloading_duration":1384,"execution_duration":37480,"uploading_duration":712,"executable":"ellipsoids-openmp","args":["2.dat","22.log","22.xoutput"],"id":48,"resource":"128","request_start":1576545630606,"request_end":1576545706363,"request_duration":75757,"type":"128"}
{"start":1576545665965,"end":1576545706393,"duration":40428,"downloading_duration":1294,"execution_duration":38441,"uploading_duration":693,"executable":"ellipsoids-openmp","args":["0.dat","00.log","00.xoutput"],"id":6,"resource":"128","request_start":1576545630457,"request_end":1576545706410,"request_duration":75953,"type":"128"}
{"start":1576545665908,"end":1576545706429,"duration":40521,"downloading_duration":1265,"execution_duration":38480,"uploading_duration":776,"executable":"ellipsoids-openmp","args":["0.dat","019.log","019.xoutput"],"id":25,"resource":"128","request_start":1576545630457,"request_end":1576545706459,"request_duration":76002,"type":"128"}
{"start":1576545666557,"end":1576545706490,"duration":39933,"downloading_duration":1435,"execution_duration":37500,"uploading_duration":998,"executable":"ellipsoids-openmp","args":["0.dat","02.log","02.xoutput"],"id":8,"resource":"128","request_start":1576545630458,"request_end":1576545706517,"request_duration":76059,"type":"128"}
{"start":1576545666600,"end":1576545706537,"duration":39937,"downloading_duration":1399,"execution_duration":37900,"uploading_duration":638,"executable":"ellipsoids-openmp","args":["0.dat","03.log","03.xoutput"],"id":9,"resource":"128","request_start":1576545630459,"request_end":1576545706599,"request_duration":76140,"type":"128"}
{"start":1576545666088,"end":1576545706590,"duration":40502,"downloading_duration":1287,"execution_duration":38560,"uploading_duration":655,"executable":"ellipsoids-openmp","args":["0.dat","01.log","01.xoutput"],"id":7,"resource":"128","request_start":1576545630458,"request_end":1576545706610,"request_duration":76152,"type":"128"}
{"start":1576545666873,"end":1576545706721,"duration":39848,"downloading_duration":1225,"execution_duration":37940,"uploading_duration":683,"executable":"ellipsoids-openmp","args":["2.dat","25.log","25.xoutput"],"id":51,"resource":"128","request_start":1576545630610,"request_end":1576545706740,"request_duration":76130,"type":"128"}
{"start":1576545666669,"end":1576545707016,"duration":40347,"downloading_duration":1400,"execution_duration":38300,"uploading_duration":647,"executable":"ellipsoids-openmp","args":["2.dat","20.log","20.xoutput"],"id":46,"resource":"128","request_start":1576545630603,"request_end":1576545707034,"request_duration":76431,"type":"128"}
{"start":1576545665726,"end":1576545707078,"duration":41352,"downloading_duration":1356,"execution_duration":39361,"uploading_duration":635,"executable":"ellipsoids-openmp","args":["0.dat","018.log","018.xoutput"],"id":24,"resource":"128","request_start":1576545630456,"request_end":1576545707097,"request_duration":76641,"type":"128"}
{"start":1576545668098,"end":1576545707212,"duration":39114,"downloading_duration":1389,"execution_duration":37001,"uploading_duration":724,"executable":"ellipsoids-openmp","args":["2.dat","212.log","212.xoutput"],"id":58,"resource":"128","request_start":1576545630618,"request_end":1576545707230,"request_duration":76612,"type":"128"}
{"start":1576545666761,"end":1576545707494,"duration":40733,"downloading_duration":1372,"execution_duration":38540,"uploading_duration":821,"executable":"ellipsoids-openmp","args":["2.dat","21.log","21.xoutput"],"id":47,"resource":"128","request_start":1576545630605,"request_end":1576545707514,"request_duration":76909,"type":"128"}
{"start":1576545666837,"end":1576545707507,"duration":40670,"downloading_duration":1328,"execution_duration":38660,"uploading_duration":682,"executable":"ellipsoids-openmp","args":["2.dat","24.log","24.xoutput"],"id":50,"resource":"128","request_start":1576545630609,"request_end":1576545707527,"request_duration":76918,"type":"128"}
{"start":1576545666922,"end":1576545708008,"duration":41086,"downloading_duration":1520,"execution_duration":38899,"uploading_duration":667,"executable":"ellipsoids-openmp","args":["2.dat","26.log","26.xoutput"],"id":52,"resource":"128","request_start":1576545630611,"request_end":1576545708025,"request_duration":77414,"type":"128"}
{"start":1576545668746,"end":1576545708018,"duration":39272,"downloading_duration":1372,"execution_duration":37260,"uploading_duration":640,"executable":"ellipsoids-openmp","args":["2.dat","215.log","215.xoutput"],"id":61,"resource":"128","request_start":1576545630621,"request_end":1576545708035,"request_duration":77414,"type":"128"}
{"start":1576545667247,"end":1576545708018,"duration":40771,"downloading_duration":1295,"execution_duration":38799,"uploading_duration":677,"executable":"ellipsoids-openmp","args":["2.dat","28.log","28.xoutput"],"id":54,"resource":"128","request_start":1576545630614,"request_end":1576545708038,"request_duration":77424,"type":"128"}
{"start":1576545667909,"end":1576545708059,"duration":40150,"downloading_duration":1737,"execution_duration":37721,"uploading_duration":692,"executable":"ellipsoids-openmp","args":["2.dat","211.log","211.xoutput"],"id":57,"resource":"128","request_start":1576545630617,"request_end":1576545708103,"request_duration":77486,"type":"128"}
{"start":1576545666768,"end":1576545708088,"duration":41320,"downloading_duration":1322,"execution_duration":39260,"uploading_duration":738,"executable":"ellipsoids-openmp","args":["2.dat","23.log","23.xoutput"],"id":49,"resource":"128","request_start":1576545630608,"request_end":1576545708106,"request_duration":77498,"type":"128"}
{"start":1576545667477,"end":1576545708094,"duration":40617,"downloading_duration":1433,"execution_duration":38501,"uploading_duration":683,"executable":"ellipsoids-openmp","args":["2.dat","29.log","29.xoutput"],"id":55,"resource":"128","request_start":1576545630615,"request_end":1576545708114,"request_duration":77499,"type":"128"}
{"start":1576545668655,"end":1576545708385,"duration":39730,"downloading_duration":1252,"execution_duration":37801,"uploading_duration":677,"executable":"ellipsoids-openmp","args":["2.dat","214.log","214.xoutput"],"id":60,"resource":"128","request_start":1576545630620,"request_end":1576545708427,"request_duration":77807,"type":"128"}
{"start":1576545668481,"end":1576545708674,"duration":40193,"downloading_duration":1277,"execution_duration":38221,"uploading_duration":695,"executable":"ellipsoids-openmp","args":["2.dat","213.log","213.xoutput"],"id":59,"resource":"128","request_start":1576545630619,"request_end":1576545708693,"request_duration":78074,"type":"128"}
{"start":1576545667846,"end":1576545708850,"duration":41004,"downloading_duration":1813,"execution_duration":38481,"uploading_duration":710,"executable":"ellipsoids-openmp","args":["2.dat","210.log","210.xoutput"],"id":56,"resource":"128","request_start":1576545630616,"request_end":1576545708868,"request_duration":78252,"type":"128"}
{"start":1576545668932,"end":1576545708956,"duration":40024,"downloading_duration":1328,"execution_duration":38020,"uploading_duration":676,"executable":"ellipsoids-openmp","args":["2.dat","216.log","216.xoutput"],"id":62,"resource":"128","request_start":1576545630622,"request_end":1576545708977,"request_duration":78355,"type":"128"}
{"start":1576545669070,"end":1576545709770,"duration":40700,"downloading_duration":1320,"execution_duration":38680,"uploading_duration":700,"executable":"ellipsoids-openmp","args":["2.dat","217.log","217.xoutput"],"id":63,"resource":"128","request_start":1576545630622,"request_end":1576545709791,"request_duration":79169,"type":"128"}
{"start":1576545669156,"end":1576545709803,"duration":40647,"downloading_duration":1236,"execution_duration":38721,"uploading_duration":690,"executable":"ellipsoids-openmp","args":["2.dat","218.log","218.xoutput"],"id":64,"resource":"128","request_start":1576545630623,"request_end":1576545709822,"request_duration":79199,"type":"128"}
{"start":1576545669201,"end":1576545709930,"duration":40729,"downloading_duration":1317,"execution_duration":38741,"uploading_duration":671,"executable":"ellipsoids-openmp","args":["2.dat","219.log","219.xoutput"],"id":65,"resource":"128","request_start":1576545630624,"request_end":1576545709948,"request_duration":79324,"type":"128"}
{"start":1576545707318,"end":1576545710072,"duration":2754,"downloading_duration":2269,"execution_duration":41,"uploading_duration":444,"executable":"mean-pack-ell","args":["00.xoutput","01.xoutput","02.xoutput","03.xoutput","04.xoutput","05.xoutput","06.xoutput","07.xoutput","08.xoutput","09.xoutput","010.xoutput","011.xoutput","012.xoutput","013.xoutput","014.xoutput","015.xoutput","016.xoutput","017.xoutput","018.xoutput","019.xoutput","average_0.txt"],"id":86,"resource":"128","request_start":1576545707103,"request_end":1576545710090,"request_duration":2987,"type":"128"}
{"start":1576545710105,"end":1576545713069,"duration":2964,"downloading_duration":2482,"execution_duration":21,"uploading_duration":461,"executable":"mean-pack-ell","args":["20.xoutput","21.xoutput","22.xoutput","23.xoutput","24.xoutput","25.xoutput","26.xoutput","27.xoutput","28.xoutput","29.xoutput","210.xoutput","211.xoutput","212.xoutput","213.xoutput","214.xoutput","215.xoutput","216.xoutput","217.xoutput","218.xoutput","219.xoutput","average_2.txt"],"id":88,"resource":"128","request_start":1576545709954,"request_end":1576545713088,"request_duration":3134,"type":"128"}
{"start":1576545713211,"end":1576545715473,"duration":2262,"downloading_duration":696,"execution_duration":1122,"uploading_duration":444,"executable":"summary.js","args":[],"id":90,"resource":"128","request_start":1576545713095,"request_end":1576545715492,"request_duration":2397,"type":"128"}
