{"start":1576525898449,"end":1576525899776,"duration":1327,"downloading_duration":433,"execution_duration":495,"uploading_duration":399,"executable":"generateData.js","args":[],"id":1,"resource":"256","request_start":1576525898234,"request_end":1576525899812,"request_duration":1578,"type":"256"}
{"start":1576525900067,"end":1576525901320,"duration":1253,"downloading_duration":378,"execution_duration":492,"uploading_duration":383,"executable":"createDat.js","args":["2.dat"],"id":4,"resource":"256","request_start":1576525899839,"request_end":1576525901284,"request_duration":1445,"type":"256"}
{"start":1576525900177,"end":1576525901602,"duration":1425,"downloading_duration":475,"execution_duration":465,"uploading_duration":485,"executable":"createDat.js","args":["0.dat"],"id":2,"resource":"256","request_start":1576525899828,"request_end":1576525901566,"request_duration":1738,"type":"256"}
{"start":1576525900252,"end":1576525901619,"duration":1367,"downloading_duration":440,"execution_duration":502,"uploading_duration":425,"executable":"createDat.js","args":["3.dat"],"id":5,"resource":"256","request_start":1576525899843,"request_end":1576525901601,"request_duration":1758,"type":"256"}
{"start":1576525900258,"end":1576525901700,"duration":1442,"downloading_duration":437,"execution_duration":485,"uploading_duration":520,"executable":"createDat.js","args":["1.dat"],"id":3,"resource":"256","request_start":1576525899834,"request_end":1576525901670,"request_duration":1836,"type":"256"}
{"start":1576525902022,"end":1576525921192,"duration":19170,"downloading_duration":1260,"execution_duration":17282,"uploading_duration":628,"executable":"ellipsoids-openmp","args":["3.dat","33.log","33.xoutput"],"id":24,"resource":"256","request_start":1576525901617,"request_end":1576525921159,"request_duration":19542,"type":"256"}
{"start":1576525901968,"end":1576525921230,"duration":19262,"downloading_duration":1178,"execution_duration":17422,"uploading_duration":662,"executable":"ellipsoids-openmp","args":["3.dat","30.log","30.xoutput"],"id":21,"resource":"256","request_start":1576525901612,"request_end":1576525921195,"request_duration":19583,"type":"256"}
{"start":1576525901976,"end":1576525921263,"duration":19287,"downloading_duration":1321,"execution_duration":17338,"uploading_duration":628,"executable":"ellipsoids-openmp","args":["3.dat","31.log","31.xoutput"],"id":22,"resource":"256","request_start":1576525901614,"request_end":1576525921228,"request_duration":19614,"type":"256"}
{"start":1576525902065,"end":1576525921290,"duration":19225,"downloading_duration":1279,"execution_duration":17341,"uploading_duration":605,"executable":"ellipsoids-openmp","args":["1.dat","12.log","12.xoutput"],"id":13,"resource":"256","request_start":1576525901678,"request_end":1576525921255,"request_duration":19577,"type":"256"}
{"start":1576525901951,"end":1576525921315,"duration":19364,"downloading_duration":1139,"execution_duration":17580,"uploading_duration":645,"executable":"ellipsoids-openmp","args":["1.dat","13.log","13.xoutput"],"id":14,"resource":"256","request_start":1576525901679,"request_end":1576525921276,"request_duration":19597,"type":"256"}
{"start":1576525902002,"end":1576525921421,"duration":19419,"downloading_duration":1238,"execution_duration":17561,"uploading_duration":620,"executable":"ellipsoids-openmp","args":["3.dat","32.log","32.xoutput"],"id":23,"resource":"256","request_start":1576525901615,"request_end":1576525921385,"request_duration":19770,"type":"256"}
{"start":1576525902056,"end":1576525921501,"duration":19445,"downloading_duration":1258,"execution_duration":17581,"uploading_duration":606,"executable":"ellipsoids-openmp","args":["1.dat","11.log","11.xoutput"],"id":12,"resource":"256","request_start":1576525901676,"request_end":1576525921465,"request_duration":19789,"type":"256"}
{"start":1576525901613,"end":1576525921536,"duration":19923,"downloading_duration":1280,"execution_duration":18001,"uploading_duration":642,"executable":"ellipsoids-openmp","args":["2.dat","24.log","24.xoutput"],"id":20,"resource":"256","request_start":1576525901295,"request_end":1576525921496,"request_duration":20201,"type":"256"}
{"start":1576525902060,"end":1576525921542,"duration":19482,"downloading_duration":1219,"execution_duration":17621,"uploading_duration":642,"executable":"ellipsoids-openmp","args":["3.dat","34.log","34.xoutput"],"id":25,"resource":"256","request_start":1576525901619,"request_end":1576525921503,"request_duration":19884,"type":"256"}
{"start":1576525902067,"end":1576525921651,"duration":19584,"downloading_duration":1279,"execution_duration":17702,"uploading_duration":603,"executable":"ellipsoids-openmp","args":["1.dat","14.log","14.xoutput"],"id":15,"resource":"256","request_start":1576525901682,"request_end":1576525921616,"request_duration":19934,"type":"256"}
{"start":1576525901543,"end":1576525921726,"duration":20183,"downloading_duration":1277,"execution_duration":18241,"uploading_duration":665,"executable":"ellipsoids-openmp","args":["2.dat","21.log","21.xoutput"],"id":17,"resource":"256","request_start":1576525901291,"request_end":1576525921689,"request_duration":20398,"type":"256"}
{"start":1576525902050,"end":1576525921889,"duration":19839,"downloading_duration":1337,"execution_duration":17841,"uploading_duration":661,"executable":"ellipsoids-openmp","args":["1.dat","10.log","10.xoutput"],"id":11,"resource":"256","request_start":1576525901674,"request_end":1576525921851,"request_duration":20177,"type":"256"}
{"start":1576525901878,"end":1576525921969,"duration":20091,"downloading_duration":1074,"execution_duration":18380,"uploading_duration":637,"executable":"ellipsoids-openmp","args":["0.dat","04.log","04.xoutput"],"id":10,"resource":"256","request_start":1576525901578,"request_end":1576525921934,"request_duration":20356,"type":"256"}
{"start":1576525901651,"end":1576525922032,"duration":20381,"downloading_duration":1319,"execution_duration":18442,"uploading_duration":620,"executable":"ellipsoids-openmp","args":["2.dat","22.log","22.xoutput"],"id":18,"resource":"256","request_start":1576525901292,"request_end":1576525921994,"request_duration":20702,"type":"256"}
{"start":1576525901452,"end":1576525922252,"duration":20800,"downloading_duration":1324,"execution_duration":18860,"uploading_duration":616,"executable":"ellipsoids-openmp","args":["2.dat","20.log","20.xoutput"],"id":16,"resource":"256","request_start":1576525901290,"request_end":1576525922236,"request_duration":20946,"type":"256"}
{"start":1576525901632,"end":1576525922385,"duration":20753,"downloading_duration":1259,"execution_duration":18761,"uploading_duration":733,"executable":"ellipsoids-openmp","args":["2.dat","23.log","23.xoutput"],"id":19,"resource":"256","request_start":1576525901293,"request_end":1576525922374,"request_duration":21081,"type":"256"}
{"start":1576525901960,"end":1576525922673,"duration":20713,"downloading_duration":1280,"execution_duration":18780,"uploading_duration":653,"executable":"ellipsoids-openmp","args":["0.dat","03.log","03.xoutput"],"id":9,"resource":"256","request_start":1576525901603,"request_end":1576525922636,"request_duration":21033,"type":"256"}
{"start":1576525902057,"end":1576525922835,"duration":20778,"downloading_duration":1258,"execution_duration":18927,"uploading_duration":593,"executable":"ellipsoids-openmp","args":["0.dat","02.log","02.xoutput"],"id":8,"resource":"256","request_start":1576525901597,"request_end":1576525922797,"request_duration":21200,"type":"256"}
{"start":1576525901878,"end":1576525922916,"duration":21038,"downloading_duration":1138,"execution_duration":19102,"uploading_duration":798,"executable":"ellipsoids-openmp","args":["0.dat","01.log","01.xoutput"],"id":7,"resource":"256","request_start":1576525901589,"request_end":1576525922879,"request_duration":21290,"type":"256"}
{"start":1576525901873,"end":1576525923315,"duration":21442,"downloading_duration":1184,"execution_duration":19441,"uploading_duration":817,"executable":"ellipsoids-openmp","args":["0.dat","00.log","00.xoutput"],"id":6,"resource":"256","request_start":1576525901584,"request_end":1576525923279,"request_duration":21695,"type":"256"}
{"start":1576525921770,"end":1576525923590,"duration":1820,"downloading_duration":1210,"execution_duration":201,"uploading_duration":409,"executable":"mean-pack-ell","args":["30.xoutput","31.xoutput","32.xoutput","33.xoutput","34.xoutput","average_3.txt"],"id":29,"resource":"256","request_start":1576525921506,"request_end":1576525923558,"request_duration":2052,"type":"256"}
{"start":1576525922050,"end":1576525923808,"duration":1758,"downloading_duration":1280,"execution_duration":3,"uploading_duration":475,"executable":"mean-pack-ell","args":["10.xoutput","11.xoutput","12.xoutput","13.xoutput","14.xoutput","average_1.txt"],"id":27,"resource":"256","request_start":1576525921852,"request_end":1576525923769,"request_duration":1917,"type":"256"}
{"start":1576525922540,"end":1576525924250,"duration":1710,"downloading_duration":1131,"execution_duration":142,"uploading_duration":437,"executable":"mean-pack-ell","args":["20.xoutput","21.xoutput","22.xoutput","23.xoutput","24.xoutput","average_2.txt"],"id":28,"resource":"256","request_start":1576525922376,"request_end":1576525924272,"request_duration":1896,"type":"256"}
{"start":1576525923454,"end":1576525925088,"duration":1634,"downloading_duration":1184,"execution_duration":21,"uploading_duration":429,"executable":"mean-pack-ell","args":["00.xoutput","01.xoutput","02.xoutput","03.xoutput","04.xoutput","average_0.txt"],"id":26,"resource":"256","request_start":1576525923283,"request_end":1576525925055,"request_duration":1772,"type":"256"}
{"start":1576525925234,"end":1576525926685,"duration":1451,"downloading_duration":544,"execution_duration":501,"uploading_duration":406,"executable":"summary.js","args":[],"id":30,"resource":"256","request_start":1576525925060,"request_end":1576525926649,"request_duration":1589,"type":"256"}
