{"start":1576628287961,"end":1576628288861,"duration":900,"downloading_duration":380,"execution_duration":118,"uploading_duration":402,"executable":"generateData.js","args":[],"id":1,"resource":"1024","request_start":1576628287799,"request_end":1576628288890,"request_duration":1091,"type":"1024"}
{"start":1576628289042,"end":1576628289944,"duration":902,"downloading_duration":399,"execution_duration":108,"uploading_duration":395,"executable":"createDat.js","args":["3.dat"],"id":5,"resource":"1024","request_start":1576628288920,"request_end":1576628289963,"request_duration":1043,"type":"1024"}
{"start":1576628289037,"end":1576628289967,"duration":930,"downloading_duration":437,"execution_duration":94,"uploading_duration":399,"executable":"createDat.js","args":["1.dat"],"id":3,"resource":"1024","request_start":1576628288912,"request_end":1576628289990,"request_duration":1078,"type":"1024"}
{"start":1576628289035,"end":1576628289972,"duration":937,"downloading_duration":404,"execution_duration":121,"uploading_duration":412,"executable":"createDat.js","args":["2.dat"],"id":4,"resource":"1024","request_start":1576628288916,"request_end":1576628289992,"request_duration":1076,"type":"1024"}
{"start":1576628289022,"end":1576628290030,"duration":1008,"downloading_duration":416,"execution_duration":118,"uploading_duration":474,"executable":"createDat.js","args":["0.dat"],"id":2,"resource":"1024","request_start":1576628288906,"request_end":1576628290116,"request_duration":1210,"type":"1024"}
{"start":1576628290374,"end":1576628296077,"duration":5703,"downloading_duration":1077,"execution_duration":4023,"uploading_duration":603,"executable":"ellipsoids-openmp","args":["3.dat","34.log","34.xoutput"],"id":160,"resource":"1024","request_start":1576628290020,"request_end":1576628296099,"request_duration":6079,"type":"1024"}
{"start":1576628290377,"end":1576628296099,"duration":5722,"downloading_duration":1006,"execution_duration":4121,"uploading_duration":595,"executable":"ellipsoids-openmp","args":["3.dat","32.log","32.xoutput"],"id":158,"resource":"1024","request_start":1576628290017,"request_end":1576628296118,"request_duration":6101,"type":"1024"}
{"start":1576628290383,"end":1576628296101,"duration":5718,"downloading_duration":1075,"execution_duration":4052,"uploading_duration":591,"executable":"ellipsoids-openmp","args":["3.dat","312.log","312.xoutput"],"id":168,"resource":"1024","request_start":1576628290032,"request_end":1576628296125,"request_duration":6093,"type":"1024"}
{"start":1576628290389,"end":1576628296113,"duration":5724,"downloading_duration":1013,"execution_duration":4041,"uploading_duration":670,"executable":"ellipsoids-openmp","args":["3.dat","318.log","318.xoutput"],"id":174,"resource":"1024","request_start":1576628290037,"request_end":1576628296134,"request_duration":6097,"type":"1024"}
{"start":1576628290392,"end":1576628296117,"duration":5725,"downloading_duration":1032,"execution_duration":4137,"uploading_duration":556,"executable":"ellipsoids-openmp","args":["3.dat","315.log","315.xoutput"],"id":171,"resource":"1024","request_start":1576628290035,"request_end":1576628296140,"request_duration":6105,"type":"1024"}
{"start":1576628290377,"end":1576628296128,"duration":5751,"downloading_duration":989,"execution_duration":4176,"uploading_duration":586,"executable":"ellipsoids-openmp","args":["3.dat","31.log","31.xoutput"],"id":157,"resource":"1024","request_start":1576628290016,"request_end":1576628296147,"request_duration":6131,"type":"1024"}
{"start":1576628290399,"end":1576628296139,"duration":5740,"downloading_duration":994,"execution_duration":4159,"uploading_duration":587,"executable":"ellipsoids-openmp","args":["3.dat","326.log","326.xoutput"],"id":182,"resource":"1024","request_start":1576628290045,"request_end":1576628296158,"request_duration":6113,"type":"1024"}
{"start":1576628290402,"end":1576628296140,"duration":5738,"downloading_duration":1027,"execution_duration":4092,"uploading_duration":619,"executable":"ellipsoids-openmp","args":["3.dat","330.log","330.xoutput"],"id":186,"resource":"1024","request_start":1576628290048,"request_end":1576628296162,"request_duration":6114,"type":"1024"}
{"start":1576628290414,"end":1576628296153,"duration":5739,"downloading_duration":999,"execution_duration":4144,"uploading_duration":596,"executable":"ellipsoids-openmp","args":["3.dat","337.log","337.xoutput"],"id":193,"resource":"1024","request_start":1576628290055,"request_end":1576628296175,"request_duration":6120,"type":"1024"}
{"start":1576628290412,"end":1576628296159,"duration":5747,"downloading_duration":1000,"execution_duration":4120,"uploading_duration":627,"executable":"ellipsoids-openmp","args":["3.dat","341.log","341.xoutput"],"id":197,"resource":"1024","request_start":1576628290058,"request_end":1576628296179,"request_duration":6121,"type":"1024"}
{"start":1576628290391,"end":1576628296168,"duration":5777,"downloading_duration":1038,"execution_duration":4125,"uploading_duration":614,"executable":"ellipsoids-openmp","args":["3.dat","316.log","316.xoutput"],"id":172,"resource":"1024","request_start":1576628290036,"request_end":1576628296188,"request_duration":6152,"type":"1024"}
{"start":1576628290398,"end":1576628296191,"duration":5793,"downloading_duration":1068,"execution_duration":4140,"uploading_duration":585,"executable":"ellipsoids-openmp","args":["3.dat","323.log","323.xoutput"],"id":179,"resource":"1024","request_start":1576628290042,"request_end":1576628296209,"request_duration":6167,"type":"1024"}
{"start":1576628290410,"end":1576628296191,"duration":5781,"downloading_duration":1003,"execution_duration":4205,"uploading_duration":573,"executable":"ellipsoids-openmp","args":["3.dat","339.log","339.xoutput"],"id":195,"resource":"1024","request_start":1576628290057,"request_end":1576628296212,"request_duration":6155,"type":"1024"}
{"start":1576628290437,"end":1576628296186,"duration":5749,"downloading_duration":995,"execution_duration":4087,"uploading_duration":667,"executable":"ellipsoids-openmp","args":["3.dat","348.log","348.xoutput"],"id":204,"resource":"1024","request_start":1576628290064,"request_end":1576628296216,"request_duration":6152,"type":"1024"}
{"start":1576628290379,"end":1576628296202,"duration":5823,"downloading_duration":1079,"execution_duration":4170,"uploading_duration":574,"executable":"ellipsoids-openmp","args":["3.dat","33.log","33.xoutput"],"id":159,"resource":"1024","request_start":1576628290019,"request_end":1576628296227,"request_duration":6208,"type":"1024"}
{"start":1576628290402,"end":1576628296211,"duration":5809,"downloading_duration":988,"execution_duration":4255,"uploading_duration":566,"executable":"ellipsoids-openmp","args":["3.dat","328.log","328.xoutput"],"id":184,"resource":"1024","request_start":1576628290046,"request_end":1576628296232,"request_duration":6186,"type":"1024"}
{"start":1576628290388,"end":1576628296227,"duration":5839,"downloading_duration":1075,"execution_duration":4146,"uploading_duration":618,"executable":"ellipsoids-openmp","args":["3.dat","349.log","349.xoutput"],"id":205,"resource":"1024","request_start":1576628290065,"request_end":1576628296247,"request_duration":6182,"type":"1024"}
{"start":1576628290389,"end":1576628296250,"duration":5861,"downloading_duration":1137,"execution_duration":4136,"uploading_duration":588,"executable":"ellipsoids-openmp","args":["3.dat","317.log","317.xoutput"],"id":173,"resource":"1024","request_start":1576628290037,"request_end":1576628296269,"request_duration":6232,"type":"1024"}
{"start":1576628290384,"end":1576628296251,"duration":5867,"downloading_duration":1086,"execution_duration":4192,"uploading_duration":589,"executable":"ellipsoids-openmp","args":["3.dat","314.log","314.xoutput"],"id":170,"resource":"1024","request_start":1576628290034,"request_end":1576628296272,"request_duration":6238,"type":"1024"}
{"start":1576628290404,"end":1576628296255,"duration":5851,"downloading_duration":996,"execution_duration":4206,"uploading_duration":649,"executable":"ellipsoids-openmp","args":["3.dat","327.log","327.xoutput"],"id":183,"resource":"1024","request_start":1576628290046,"request_end":1576628296281,"request_duration":6235,"type":"1024"}
{"start":1576628290395,"end":1576628296270,"duration":5875,"downloading_duration":994,"execution_duration":4260,"uploading_duration":621,"executable":"ellipsoids-openmp","args":["3.dat","324.log","324.xoutput"],"id":180,"resource":"1024","request_start":1576628290043,"request_end":1576628296293,"request_duration":6250,"type":"1024"}
{"start":1576628290390,"end":1576628296270,"duration":5880,"downloading_duration":1077,"execution_duration":4182,"uploading_duration":621,"executable":"ellipsoids-openmp","args":["3.dat","320.log","320.xoutput"],"id":176,"resource":"1024","request_start":1576628290040,"request_end":1576628296296,"request_duration":6256,"type":"1024"}
{"start":1576628290391,"end":1576628296280,"duration":5889,"downloading_duration":993,"execution_duration":4215,"uploading_duration":681,"executable":"ellipsoids-openmp","args":["3.dat","325.log","325.xoutput"],"id":181,"resource":"1024","request_start":1576628290044,"request_end":1576628296301,"request_duration":6257,"type":"1024"}
{"start":1576628290383,"end":1576628296281,"duration":5898,"downloading_duration":1077,"execution_duration":4193,"uploading_duration":628,"executable":"ellipsoids-openmp","args":["3.dat","313.log","313.xoutput"],"id":169,"resource":"1024","request_start":1576628290033,"request_end":1576628296305,"request_duration":6272,"type":"1024"}
{"start":1576628290380,"end":1576628296289,"duration":5909,"downloading_duration":1101,"execution_duration":4183,"uploading_duration":625,"executable":"ellipsoids-openmp","args":["3.dat","35.log","35.xoutput"],"id":161,"resource":"1024","request_start":1576628290021,"request_end":1576628296312,"request_duration":6291,"type":"1024"}
{"start":1576628290379,"end":1576628296292,"duration":5913,"downloading_duration":1127,"execution_duration":4192,"uploading_duration":594,"executable":"ellipsoids-openmp","args":["3.dat","36.log","36.xoutput"],"id":162,"resource":"1024","request_start":1576628290023,"request_end":1576628296314,"request_duration":6291,"type":"1024"}
{"start":1576628290429,"end":1576628296304,"duration":5875,"downloading_duration":999,"execution_duration":4151,"uploading_duration":725,"executable":"ellipsoids-openmp","args":["3.dat","346.log","346.xoutput"],"id":202,"resource":"1024","request_start":1576628290063,"request_end":1576628296324,"request_duration":6261,"type":"1024"}
{"start":1576628290397,"end":1576628296308,"duration":5911,"downloading_duration":1075,"execution_duration":4168,"uploading_duration":668,"executable":"ellipsoids-openmp","args":["3.dat","322.log","322.xoutput"],"id":178,"resource":"1024","request_start":1576628290041,"request_end":1576628296326,"request_duration":6285,"type":"1024"}
{"start":1576628290434,"end":1576628296309,"duration":5875,"downloading_duration":1070,"execution_duration":4214,"uploading_duration":591,"executable":"ellipsoids-openmp","args":["3.dat","344.log","344.xoutput"],"id":200,"resource":"1024","request_start":1576628290061,"request_end":1576628296330,"request_duration":6269,"type":"1024"}
{"start":1576628290377,"end":1576628296319,"duration":5942,"downloading_duration":1039,"execution_duration":4191,"uploading_duration":712,"executable":"ellipsoids-openmp","args":["3.dat","30.log","30.xoutput"],"id":156,"resource":"1024","request_start":1576628290014,"request_end":1576628296340,"request_duration":6326,"type":"1024"}
{"start":1576628290406,"end":1576628296322,"duration":5916,"downloading_duration":981,"execution_duration":4135,"uploading_duration":800,"executable":"ellipsoids-openmp","args":["3.dat","331.log","331.xoutput"],"id":187,"resource":"1024","request_start":1576628290049,"request_end":1576628296341,"request_duration":6292,"type":"1024"}
{"start":1576628290402,"end":1576628296345,"duration":5943,"downloading_duration":1035,"execution_duration":4232,"uploading_duration":676,"executable":"ellipsoids-openmp","args":["3.dat","333.log","333.xoutput"],"id":189,"resource":"1024","request_start":1576628290051,"request_end":1576628296366,"request_duration":6315,"type":"1024"}
{"start":1576628290391,"end":1576628296346,"duration":5955,"downloading_duration":1130,"execution_duration":4191,"uploading_duration":634,"executable":"ellipsoids-openmp","args":["3.dat","319.log","319.xoutput"],"id":175,"resource":"1024","request_start":1576628290038,"request_end":1576628296368,"request_duration":6330,"type":"1024"}
{"start":1576628290417,"end":1576628296350,"duration":5933,"downloading_duration":1046,"execution_duration":4320,"uploading_duration":567,"executable":"ellipsoids-openmp","args":["3.dat","340.log","340.xoutput"],"id":196,"resource":"1024","request_start":1576628290058,"request_end":1576628296376,"request_duration":6318,"type":"1024"}
{"start":1576628290382,"end":1576628296352,"duration":5970,"downloading_duration":999,"execution_duration":4369,"uploading_duration":602,"executable":"ellipsoids-openmp","args":["3.dat","39.log","39.xoutput"],"id":165,"resource":"1024","request_start":1576628290026,"request_end":1576628296377,"request_duration":6351,"type":"1024"}
{"start":1576628290380,"end":1576628296365,"duration":5985,"downloading_duration":1001,"execution_duration":4357,"uploading_duration":627,"executable":"ellipsoids-openmp","args":["3.dat","37.log","37.xoutput"],"id":163,"resource":"1024","request_start":1576628290024,"request_end":1576628296386,"request_duration":6362,"type":"1024"}
{"start":1576628290392,"end":1576628296366,"duration":5974,"downloading_duration":1048,"execution_duration":4158,"uploading_duration":768,"executable":"ellipsoids-openmp","args":["3.dat","321.log","321.xoutput"],"id":177,"resource":"1024","request_start":1576628290040,"request_end":1576628296387,"request_duration":6347,"type":"1024"}
{"start":1576628290410,"end":1576628296366,"duration":5956,"downloading_duration":1038,"execution_duration":4193,"uploading_duration":725,"executable":"ellipsoids-openmp","args":["3.dat","335.log","335.xoutput"],"id":191,"resource":"1024","request_start":1576628290053,"request_end":1576628296389,"request_duration":6336,"type":"1024"}
{"start":1576628290400,"end":1576628296369,"duration":5969,"downloading_duration":991,"execution_duration":4215,"uploading_duration":763,"executable":"ellipsoids-openmp","args":["3.dat","329.log","329.xoutput"],"id":185,"resource":"1024","request_start":1576628290047,"request_end":1576628296392,"request_duration":6345,"type":"1024"}
{"start":1576628290380,"end":1576628296370,"duration":5990,"downloading_duration":1076,"execution_duration":4295,"uploading_duration":619,"executable":"ellipsoids-openmp","args":["3.dat","310.log","310.xoutput"],"id":166,"resource":"1024","request_start":1576628290030,"request_end":1576628296393,"request_duration":6363,"type":"1024"}
{"start":1576628290386,"end":1576628296370,"duration":5984,"downloading_duration":1003,"execution_duration":4264,"uploading_duration":717,"executable":"ellipsoids-openmp","args":["3.dat","311.log","311.xoutput"],"id":167,"resource":"1024","request_start":1576628290031,"request_end":1576628296395,"request_duration":6364,"type":"1024"}
{"start":1576628290437,"end":1576628296376,"duration":5939,"downloading_duration":1048,"execution_duration":4175,"uploading_duration":716,"executable":"ellipsoids-openmp","args":["3.dat","347.log","347.xoutput"],"id":203,"resource":"1024","request_start":1576628290063,"request_end":1576628296404,"request_duration":6341,"type":"1024"}
{"start":1576628290381,"end":1576628296376,"duration":5995,"downloading_duration":1086,"execution_duration":4147,"uploading_duration":762,"executable":"ellipsoids-openmp","args":["3.dat","38.log","38.xoutput"],"id":164,"resource":"1024","request_start":1576628290025,"request_end":1576628296404,"request_duration":6379,"type":"1024"}
{"start":1576628290408,"end":1576628296419,"duration":6011,"downloading_duration":1156,"execution_duration":4198,"uploading_duration":657,"executable":"ellipsoids-openmp","args":["3.dat","332.log","332.xoutput"],"id":188,"resource":"1024","request_start":1576628290050,"request_end":1576628296436,"request_duration":6386,"type":"1024"}
{"start":1576628290420,"end":1576628296460,"duration":6040,"downloading_duration":1007,"execution_duration":4209,"uploading_duration":824,"executable":"ellipsoids-openmp","args":["3.dat","345.log","345.xoutput"],"id":201,"resource":"1024","request_start":1576628290062,"request_end":1576628296476,"request_duration":6414,"type":"1024"}
{"start":1576628290419,"end":1576628296500,"duration":6081,"downloading_duration":1073,"execution_duration":4300,"uploading_duration":708,"executable":"ellipsoids-openmp","args":["3.dat","342.log","342.xoutput"],"id":198,"resource":"1024","request_start":1576628290059,"request_end":1576628296617,"request_duration":6558,"type":"1024"}
{"start":1576628290774,"end":1576628296577,"duration":5803,"downloading_duration":986,"execution_duration":4243,"uploading_duration":574,"executable":"ellipsoids-openmp","args":["3.dat","338.log","338.xoutput"],"id":194,"resource":"1024","request_start":1576628290056,"request_end":1576628296623,"request_duration":6567,"type":"1024"}
{"start":1576628290438,"end":1576628296616,"duration":6178,"downloading_duration":1442,"execution_duration":4142,"uploading_duration":594,"executable":"ellipsoids-openmp","args":["3.dat","343.log","343.xoutput"],"id":199,"resource":"1024","request_start":1576628290060,"request_end":1576628296636,"request_duration":6576,"type":"1024"}
{"start":1576628290775,"end":1576628296671,"duration":5896,"downloading_duration":1115,"execution_duration":4215,"uploading_duration":566,"executable":"ellipsoids-openmp","args":["3.dat","336.log","336.xoutput"],"id":192,"resource":"1024","request_start":1576628290054,"request_end":1576628296778,"request_duration":6724,"type":"1024"}
{"start":1576628290774,"end":1576628296716,"duration":5942,"downloading_duration":1077,"execution_duration":4248,"uploading_duration":617,"executable":"ellipsoids-openmp","args":["3.dat","334.log","334.xoutput"],"id":190,"resource":"1024","request_start":1576628290051,"request_end":1576628296781,"request_duration":6730,"type":"1024"}
{"start":1576628296163,"end":1576628301950,"duration":5787,"downloading_duration":1068,"execution_duration":4146,"uploading_duration":573,"executable":"ellipsoids-openmp","args":["1.dat","147.log","147.xoutput"],"id":103,"resource":"1024","request_start":1576628290159,"request_end":1576628301974,"request_duration":11815,"type":"1024"}
{"start":1576628296179,"end":1576628302016,"duration":5837,"downloading_duration":1017,"execution_duration":4239,"uploading_duration":581,"executable":"ellipsoids-openmp","args":["1.dat","149.log","149.xoutput"],"id":105,"resource":"1024","request_start":1576628290160,"request_end":1576628302035,"request_duration":11875,"type":"1024"}
{"start":1576628296157,"end":1576628302040,"duration":5883,"downloading_duration":999,"execution_duration":4256,"uploading_duration":628,"executable":"ellipsoids-openmp","args":["1.dat","146.log","146.xoutput"],"id":102,"resource":"1024","request_start":1576628290158,"request_end":1576628302060,"request_duration":11902,"type":"1024"}
{"start":1576628296153,"end":1576628302086,"duration":5933,"downloading_duration":1001,"execution_duration":4320,"uploading_duration":612,"executable":"ellipsoids-openmp","args":["1.dat","145.log","145.xoutput"],"id":101,"resource":"1024","request_start":1576628290158,"request_end":1576628302107,"request_duration":11949,"type":"1024"}
{"start":1576628296219,"end":1576628302085,"duration":5866,"downloading_duration":1004,"execution_duration":4300,"uploading_duration":562,"executable":"ellipsoids-openmp","args":["1.dat","14.log","14.xoutput"],"id":60,"resource":"1024","request_start":1576628290163,"request_end":1576628302112,"request_duration":11949,"type":"1024"}
{"start":1576628296125,"end":1576628302088,"duration":5963,"downloading_duration":1133,"execution_duration":4261,"uploading_duration":569,"executable":"ellipsoids-openmp","args":["1.dat","144.log","144.xoutput"],"id":100,"resource":"1024","request_start":1576628290157,"request_end":1576628302115,"request_duration":11958,"type":"1024"}
{"start":1576628296209,"end":1576628302125,"duration":5916,"downloading_duration":1087,"execution_duration":4167,"uploading_duration":662,"executable":"ellipsoids-openmp","args":["1.dat","13.log","13.xoutput"],"id":59,"resource":"1024","request_start":1576628290162,"request_end":1576628302145,"request_duration":11983,"type":"1024"}
{"start":1576628296202,"end":1576628302132,"duration":5930,"downloading_duration":992,"execution_duration":4288,"uploading_duration":650,"executable":"ellipsoids-openmp","args":["1.dat","12.log","12.xoutput"],"id":58,"resource":"1024","request_start":1576628290162,"request_end":1576628302153,"request_duration":11991,"type":"1024"}
{"start":1576628296277,"end":1576628302138,"duration":5861,"downloading_duration":1110,"execution_duration":4141,"uploading_duration":610,"executable":"ellipsoids-openmp","args":["1.dat","110.log","110.xoutput"],"id":66,"resource":"1024","request_start":1576628290166,"request_end":1576628302160,"request_duration":11994,"type":"1024"}
{"start":1576628296247,"end":1576628302147,"duration":5900,"downloading_duration":1027,"execution_duration":4276,"uploading_duration":597,"executable":"ellipsoids-openmp","args":["1.dat","17.log","17.xoutput"],"id":63,"resource":"1024","request_start":1576628290164,"request_end":1576628302167,"request_duration":12003,"type":"1024"}
{"start":1576628296365,"end":1576628302146,"duration":5781,"downloading_duration":994,"execution_duration":4177,"uploading_duration":610,"executable":"ellipsoids-openmp","args":["1.dat","123.log","123.xoutput"],"id":79,"resource":"1024","request_start":1576628290176,"request_end":1576628302169,"request_duration":11993,"type":"1024"}
{"start":1576628296182,"end":1576628302149,"duration":5967,"downloading_duration":1077,"execution_duration":4259,"uploading_duration":631,"executable":"ellipsoids-openmp","args":["1.dat","10.log","10.xoutput"],"id":56,"resource":"1024","request_start":1576628290160,"request_end":1576628302172,"request_duration":12012,"type":"1024"}
{"start":1576628296358,"end":1576628302158,"duration":5800,"downloading_duration":1006,"execution_duration":4161,"uploading_duration":633,"executable":"ellipsoids-openmp","args":["1.dat","121.log","121.xoutput"],"id":77,"resource":"1024","request_start":1576628290175,"request_end":1576628302176,"request_duration":12001,"type":"1024"}
{"start":1576628296316,"end":1576628302173,"duration":5857,"downloading_duration":1053,"execution_duration":4201,"uploading_duration":603,"executable":"ellipsoids-openmp","args":["1.dat","113.log","113.xoutput"],"id":69,"resource":"1024","request_start":1576628290171,"request_end":1576628302192,"request_duration":12021,"type":"1024"}
{"start":1576628296255,"end":1576628302181,"duration":5926,"downloading_duration":1021,"execution_duration":4294,"uploading_duration":611,"executable":"ellipsoids-openmp","args":["1.dat","18.log","18.xoutput"],"id":64,"resource":"1024","request_start":1576628290165,"request_end":1576628302200,"request_duration":12035,"type":"1024"}
{"start":1576628296339,"end":1576628302196,"duration":5857,"downloading_duration":1035,"execution_duration":4237,"uploading_duration":585,"executable":"ellipsoids-openmp","args":["1.dat","118.log","118.xoutput"],"id":74,"resource":"1024","request_start":1576628290174,"request_end":1576628302217,"request_duration":12043,"type":"1024"}
{"start":1576628296343,"end":1576628302195,"duration":5852,"downloading_duration":1113,"execution_duration":4125,"uploading_duration":614,"executable":"ellipsoids-openmp","args":["1.dat","119.log","119.xoutput"],"id":75,"resource":"1024","request_start":1576628290174,"request_end":1576628302219,"request_duration":12045,"type":"1024"}
{"start":1576628296244,"end":1576628302207,"duration":5963,"downloading_duration":1076,"execution_duration":4287,"uploading_duration":600,"executable":"ellipsoids-openmp","args":["1.dat","16.log","16.xoutput"],"id":62,"resource":"1024","request_start":1576628290164,"request_end":1576628302225,"request_duration":12061,"type":"1024"}
{"start":1576628296403,"end":1576628302227,"duration":5824,"downloading_duration":998,"execution_duration":4167,"uploading_duration":659,"executable":"ellipsoids-openmp","args":["1.dat","127.log","127.xoutput"],"id":83,"resource":"1024","request_start":1576628290178,"request_end":1576628302246,"request_duration":12068,"type":"1024"}
{"start":1576628296369,"end":1576628302229,"duration":5860,"downloading_duration":1052,"execution_duration":4172,"uploading_duration":636,"executable":"ellipsoids-openmp","args":["1.dat","124.log","124.xoutput"],"id":80,"resource":"1024","request_start":1576628290177,"request_end":1576628302250,"request_duration":12073,"type":"1024"}
{"start":1576628296418,"end":1576628302237,"duration":5819,"downloading_duration":998,"execution_duration":4198,"uploading_duration":623,"executable":"ellipsoids-openmp","args":["1.dat","132.log","132.xoutput"],"id":88,"resource":"1024","request_start":1576628290181,"request_end":1576628302257,"request_duration":12076,"type":"1024"}
{"start":1576628296327,"end":1576628302240,"duration":5913,"downloading_duration":1000,"execution_duration":4258,"uploading_duration":655,"executable":"ellipsoids-openmp","args":["1.dat","116.log","116.xoutput"],"id":72,"resource":"1024","request_start":1576628290172,"request_end":1576628302261,"request_duration":12089,"type":"1024"}
{"start":1576628296174,"end":1576628302242,"duration":6068,"downloading_duration":1213,"execution_duration":4194,"uploading_duration":661,"executable":"ellipsoids-openmp","args":["1.dat","148.log","148.xoutput"],"id":104,"resource":"1024","request_start":1576628290159,"request_end":1576628302265,"request_duration":12106,"type":"1024"}
{"start":1576628296407,"end":1576628302244,"duration":5837,"downloading_duration":1042,"execution_duration":4217,"uploading_duration":578,"executable":"ellipsoids-openmp","args":["1.dat","128.log","128.xoutput"],"id":84,"resource":"1024","request_start":1576628290179,"request_end":1576628302269,"request_duration":12090,"type":"1024"}
{"start":1576628296413,"end":1576628302253,"duration":5840,"downloading_duration":996,"execution_duration":4277,"uploading_duration":567,"executable":"ellipsoids-openmp","args":["1.dat","130.log","130.xoutput"],"id":86,"resource":"1024","request_start":1576628290180,"request_end":1576628302271,"request_duration":12091,"type":"1024"}
{"start":1576628296191,"end":1576628302275,"duration":6084,"downloading_duration":1030,"execution_duration":4215,"uploading_duration":839,"executable":"ellipsoids-openmp","args":["1.dat","11.log","11.xoutput"],"id":57,"resource":"1024","request_start":1576628290161,"request_end":1576628302297,"request_duration":12136,"type":"1024"}
{"start":1576628296333,"end":1576628302280,"duration":5947,"downloading_duration":1097,"execution_duration":4249,"uploading_duration":601,"executable":"ellipsoids-openmp","args":["1.dat","117.log","117.xoutput"],"id":73,"resource":"1024","request_start":1576628290173,"request_end":1576628302307,"request_duration":12134,"type":"1024"}
{"start":1576628296322,"end":1576628302281,"duration":5959,"downloading_duration":1022,"execution_duration":4336,"uploading_duration":601,"executable":"ellipsoids-openmp","args":["1.dat","114.log","114.xoutput"],"id":70,"resource":"1024","request_start":1576628290171,"request_end":1576628302308,"request_duration":12137,"type":"1024"}
{"start":1576628296325,"end":1576628302292,"duration":5967,"downloading_duration":1080,"execution_duration":4287,"uploading_duration":600,"executable":"ellipsoids-openmp","args":["1.dat","115.log","115.xoutput"],"id":71,"resource":"1024","request_start":1576628290172,"request_end":1576628302314,"request_duration":12142,"type":"1024"}
{"start":1576628296261,"end":1576628302296,"duration":6035,"downloading_duration":1128,"execution_duration":4316,"uploading_duration":591,"executable":"ellipsoids-openmp","args":["1.dat","19.log","19.xoutput"],"id":65,"resource":"1024","request_start":1576628290165,"request_end":1576628302321,"request_duration":12156,"type":"1024"}
{"start":1576628296352,"end":1576628302302,"duration":5950,"downloading_duration":1125,"execution_duration":4215,"uploading_duration":610,"executable":"ellipsoids-openmp","args":["1.dat","120.log","120.xoutput"],"id":76,"resource":"1024","request_start":1576628290175,"request_end":1576628302323,"request_duration":12148,"type":"1024"}
{"start":1576628296422,"end":1576628302302,"duration":5880,"downloading_duration":1100,"execution_duration":4192,"uploading_duration":588,"executable":"ellipsoids-openmp","args":["1.dat","131.log","131.xoutput"],"id":87,"resource":"1024","request_start":1576628290180,"request_end":1576628302325,"request_duration":12145,"type":"1024"}
{"start":1576628296425,"end":1576628302325,"duration":5900,"downloading_duration":992,"execution_duration":4265,"uploading_duration":643,"executable":"ellipsoids-openmp","args":["1.dat","134.log","134.xoutput"],"id":90,"resource":"1024","request_start":1576628290182,"request_end":1576628302344,"request_duration":12162,"type":"1024"}
{"start":1576628296299,"end":1576628302332,"duration":6033,"downloading_duration":1033,"execution_duration":4327,"uploading_duration":673,"executable":"ellipsoids-openmp","args":["1.dat","111.log","111.xoutput"],"id":67,"resource":"1024","request_start":1576628290169,"request_end":1576628302352,"request_duration":12183,"type":"1024"}
{"start":1576628296461,"end":1576628302343,"duration":5882,"downloading_duration":1089,"execution_duration":4161,"uploading_duration":632,"executable":"ellipsoids-openmp","args":["1.dat","137.log","137.xoutput"],"id":93,"resource":"1024","request_start":1576628290184,"request_end":1576628302364,"request_duration":12180,"type":"1024"}
{"start":1576628296394,"end":1576628302335,"duration":5941,"downloading_duration":1086,"execution_duration":4297,"uploading_duration":558,"executable":"ellipsoids-openmp","args":["1.dat","126.log","126.xoutput"],"id":82,"resource":"1024","request_start":1576628290178,"request_end":1576628302382,"request_duration":12204,"type":"1024"}
{"start":1576628296358,"end":1576628302393,"duration":6035,"downloading_duration":1034,"execution_duration":4339,"uploading_duration":662,"executable":"ellipsoids-openmp","args":["1.dat","122.log","122.xoutput"],"id":78,"resource":"1024","request_start":1576628290176,"request_end":1576628302413,"request_duration":12237,"type":"1024"}
{"start":1576628296390,"end":1576628302412,"duration":6022,"downloading_duration":1149,"execution_duration":4301,"uploading_duration":572,"executable":"ellipsoids-openmp","args":["1.dat","125.log","125.xoutput"],"id":81,"resource":"1024","request_start":1576628290177,"request_end":1576628302431,"request_duration":12254,"type":"1024"}
{"start":1576628296433,"end":1576628302413,"duration":5980,"downloading_duration":1159,"execution_duration":4213,"uploading_duration":608,"executable":"ellipsoids-openmp","args":["1.dat","136.log","136.xoutput"],"id":92,"resource":"1024","request_start":1576628290183,"request_end":1576628302435,"request_duration":12252,"type":"1024"}
{"start":1576628296433,"end":1576628302418,"duration":5985,"downloading_duration":1050,"execution_duration":4239,"uploading_duration":696,"executable":"ellipsoids-openmp","args":["1.dat","135.log","135.xoutput"],"id":91,"resource":"1024","request_start":1576628290182,"request_end":1576628302437,"request_duration":12255,"type":"1024"}
{"start":1576628296239,"end":1576628302447,"duration":6208,"downloading_duration":995,"execution_duration":4290,"uploading_duration":923,"executable":"ellipsoids-openmp","args":["1.dat","15.log","15.xoutput"],"id":61,"resource":"1024","request_start":1576628290163,"request_end":1576628302466,"request_duration":12303,"type":"1024"}
{"start":1576628296425,"end":1576628302449,"duration":6024,"downloading_duration":1068,"execution_duration":4311,"uploading_duration":645,"executable":"ellipsoids-openmp","args":["1.dat","133.log","133.xoutput"],"id":89,"resource":"1024","request_start":1576628290181,"request_end":1576628302471,"request_duration":12290,"type":"1024"}
{"start":1576628296510,"end":1576628302486,"duration":5976,"downloading_duration":1006,"execution_duration":4276,"uploading_duration":694,"executable":"ellipsoids-openmp","args":["1.dat","138.log","138.xoutput"],"id":94,"resource":"1024","request_start":1576628290184,"request_end":1576628302505,"request_duration":12321,"type":"1024"}
{"start":1576628296650,"end":1576628302555,"duration":5905,"downloading_duration":1088,"execution_duration":4145,"uploading_duration":672,"executable":"ellipsoids-openmp","args":["1.dat","139.log","139.xoutput"],"id":95,"resource":"1024","request_start":1576628290185,"request_end":1576628302575,"request_duration":12390,"type":"1024"}
{"start":1576628296649,"end":1576628302574,"duration":5925,"downloading_duration":1086,"execution_duration":4231,"uploading_duration":608,"executable":"ellipsoids-openmp","args":["1.dat","140.log","140.xoutput"],"id":96,"resource":"1024","request_start":1576628290185,"request_end":1576628302592,"request_duration":12407,"type":"1024"}
{"start":1576628296300,"end":1576628302617,"duration":6317,"downloading_duration":1057,"execution_duration":4275,"uploading_duration":985,"executable":"ellipsoids-openmp","args":["1.dat","112.log","112.xoutput"],"id":68,"resource":"1024","request_start":1576628290170,"request_end":1576628302637,"request_duration":12467,"type":"1024"}
{"start":1576628296672,"end":1576628302617,"duration":5945,"downloading_duration":1039,"execution_duration":4309,"uploading_duration":597,"executable":"ellipsoids-openmp","args":["1.dat","141.log","141.xoutput"],"id":97,"resource":"1024","request_start":1576628290186,"request_end":1576628302657,"request_duration":12471,"type":"1024"}
{"start":1576628296415,"end":1576628302658,"duration":6243,"downloading_duration":1078,"execution_duration":4222,"uploading_duration":943,"executable":"ellipsoids-openmp","args":["1.dat","129.log","129.xoutput"],"id":85,"resource":"1024","request_start":1576628290179,"request_end":1576628302677,"request_duration":12498,"type":"1024"}
{"start":1576628296807,"end":1576628302722,"duration":5915,"downloading_duration":1058,"execution_duration":4296,"uploading_duration":561,"executable":"ellipsoids-openmp","args":["1.dat","142.log","142.xoutput"],"id":98,"resource":"1024","request_start":1576628290186,"request_end":1576628302744,"request_duration":12558,"type":"1024"}
{"start":1576628296807,"end":1576628302810,"duration":6003,"downloading_duration":997,"execution_duration":4320,"uploading_duration":686,"executable":"ellipsoids-openmp","args":["1.dat","143.log","143.xoutput"],"id":99,"resource":"1024","request_start":1576628290187,"request_end":1576628302829,"request_duration":12642,"type":"1024"}
{"start":1576628302010,"end":1576628308250,"duration":6240,"downloading_duration":1068,"execution_duration":4575,"uploading_duration":597,"executable":"ellipsoids-openmp","args":["2.dat","20.log","20.xoutput"],"id":106,"resource":"1024","request_start":1576628290223,"request_end":1576628308270,"request_duration":18047,"type":"1024"}
{"start":1576628302087,"end":1576628308251,"duration":6164,"downloading_duration":1026,"execution_duration":4523,"uploading_duration":615,"executable":"ellipsoids-openmp","args":["2.dat","22.log","22.xoutput"],"id":108,"resource":"1024","request_start":1576628290225,"request_end":1576628308272,"request_duration":18047,"type":"1024"}
{"start":1576628302063,"end":1576628308292,"duration":6229,"downloading_duration":990,"execution_duration":4643,"uploading_duration":596,"executable":"ellipsoids-openmp","args":["2.dat","21.log","21.xoutput"],"id":107,"resource":"1024","request_start":1576628290224,"request_end":1576628308311,"request_duration":18087,"type":"1024"}
{"start":1576628302180,"end":1576628308293,"duration":6113,"downloading_duration":1033,"execution_duration":4515,"uploading_duration":565,"executable":"ellipsoids-openmp","args":["2.dat","27.log","27.xoutput"],"id":113,"resource":"1024","request_start":1576628290227,"request_end":1576628308313,"request_duration":18086,"type":"1024"}
{"start":1576628302139,"end":1576628308307,"duration":6168,"downloading_duration":997,"execution_duration":4580,"uploading_duration":591,"executable":"ellipsoids-openmp","args":["2.dat","24.log","24.xoutput"],"id":110,"resource":"1024","request_start":1576628290226,"request_end":1576628308327,"request_duration":18101,"type":"1024"}
{"start":1576628302145,"end":1576628308330,"duration":6185,"downloading_duration":1025,"execution_duration":4548,"uploading_duration":612,"executable":"ellipsoids-openmp","args":["2.dat","25.log","25.xoutput"],"id":111,"resource":"1024","request_start":1576628290226,"request_end":1576628308349,"request_duration":18123,"type":"1024"}
{"start":1576628302206,"end":1576628308352,"duration":6146,"downloading_duration":1009,"execution_duration":4525,"uploading_duration":612,"executable":"ellipsoids-openmp","args":["2.dat","211.log","211.xoutput"],"id":117,"resource":"1024","request_start":1576628290230,"request_end":1576628308374,"request_duration":18144,"type":"1024"}
{"start":1576628302201,"end":1576628308374,"duration":6173,"downloading_duration":1003,"execution_duration":4562,"uploading_duration":608,"executable":"ellipsoids-openmp","args":["2.dat","210.log","210.xoutput"],"id":116,"resource":"1024","request_start":1576628290229,"request_end":1576628308394,"request_duration":18165,"type":"1024"}
{"start":1576628302187,"end":1576628308388,"duration":6201,"downloading_duration":1003,"execution_duration":4618,"uploading_duration":580,"executable":"ellipsoids-openmp","args":["2.dat","28.log","28.xoutput"],"id":114,"resource":"1024","request_start":1576628290228,"request_end":1576628308407,"request_duration":18179,"type":"1024"}
{"start":1576628302228,"end":1576628308405,"duration":6177,"downloading_duration":996,"execution_duration":4600,"uploading_duration":581,"executable":"ellipsoids-openmp","args":["2.dat","214.log","214.xoutput"],"id":120,"resource":"1024","request_start":1576628290232,"request_end":1576628308425,"request_duration":18193,"type":"1024"}
{"start":1576628302217,"end":1576628308438,"duration":6221,"downloading_duration":994,"execution_duration":4599,"uploading_duration":628,"executable":"ellipsoids-openmp","args":["2.dat","213.log","213.xoutput"],"id":119,"resource":"1024","request_start":1576628290231,"request_end":1576628308457,"request_duration":18226,"type":"1024"}
{"start":1576628302171,"end":1576628308462,"duration":6291,"downloading_duration":1070,"execution_duration":4582,"uploading_duration":639,"executable":"ellipsoids-openmp","args":["2.dat","26.log","26.xoutput"],"id":112,"resource":"1024","request_start":1576628290227,"request_end":1576628308482,"request_duration":18255,"type":"1024"}
{"start":1576628302142,"end":1576628308469,"duration":6327,"downloading_duration":1031,"execution_duration":4699,"uploading_duration":597,"executable":"ellipsoids-openmp","args":["2.dat","23.log","23.xoutput"],"id":109,"resource":"1024","request_start":1576628290225,"request_end":1576628308489,"request_duration":18264,"type":"1024"}
{"start":1576628302292,"end":1576628308470,"duration":6178,"downloading_duration":1002,"execution_duration":4587,"uploading_duration":589,"executable":"ellipsoids-openmp","args":["2.dat","221.log","221.xoutput"],"id":127,"resource":"1024","request_start":1576628290235,"request_end":1576628308492,"request_duration":18257,"type":"1024"}
{"start":1576628302329,"end":1576628308470,"duration":6141,"downloading_duration":1009,"execution_duration":4543,"uploading_duration":589,"executable":"ellipsoids-openmp","args":["2.dat","225.log","225.xoutput"],"id":131,"resource":"1024","request_start":1576628290238,"request_end":1576628308494,"request_duration":18256,"type":"1024"}
{"start":1576628302283,"end":1576628308471,"duration":6188,"downloading_duration":1081,"execution_duration":4515,"uploading_duration":592,"executable":"ellipsoids-openmp","args":["2.dat","220.log","220.xoutput"],"id":126,"resource":"1024","request_start":1576628290235,"request_end":1576628308496,"request_duration":18261,"type":"1024"}
{"start":1576628302342,"end":1576628308473,"duration":6131,"downloading_duration":989,"execution_duration":4548,"uploading_duration":594,"executable":"ellipsoids-openmp","args":["2.dat","226.log","226.xoutput"],"id":132,"resource":"1024","request_start":1576628290238,"request_end":1576628308503,"request_duration":18265,"type":"1024"}
{"start":1576628302278,"end":1576628308478,"duration":6200,"downloading_duration":1013,"execution_duration":4574,"uploading_duration":613,"executable":"ellipsoids-openmp","args":["2.dat","219.log","219.xoutput"],"id":125,"resource":"1024","request_start":1576628290234,"request_end":1576628308505,"request_duration":18271,"type":"1024"}
{"start":1576628302206,"end":1576628308486,"duration":6280,"downloading_duration":1112,"execution_duration":4555,"uploading_duration":613,"executable":"ellipsoids-openmp","args":["2.dat","212.log","212.xoutput"],"id":118,"resource":"1024","request_start":1576628290231,"request_end":1576628308511,"request_duration":18280,"type":"1024"}
{"start":1576628302249,"end":1576628308516,"duration":6267,"downloading_duration":1078,"execution_duration":4625,"uploading_duration":564,"executable":"ellipsoids-openmp","args":["2.dat","216.log","216.xoutput"],"id":122,"resource":"1024","request_start":1576628290233,"request_end":1576628308534,"request_duration":18301,"type":"1024"}
{"start":1576628302273,"end":1576628308520,"duration":6247,"downloading_duration":1079,"execution_duration":4560,"uploading_duration":608,"executable":"ellipsoids-openmp","args":["2.dat","218.log","218.xoutput"],"id":124,"resource":"1024","request_start":1576628290234,"request_end":1576628308539,"request_duration":18305,"type":"1024"}
{"start":1576628302396,"end":1576628308529,"duration":6133,"downloading_duration":997,"execution_duration":4580,"uploading_duration":556,"executable":"ellipsoids-openmp","args":["2.dat","234.log","234.xoutput"],"id":140,"resource":"1024","request_start":1576628290243,"request_end":1576628308549,"request_duration":18306,"type":"1024"}
{"start":1576628302298,"end":1576628308530,"duration":6232,"downloading_duration":1030,"execution_duration":4625,"uploading_duration":577,"executable":"ellipsoids-openmp","args":["2.dat","222.log","222.xoutput"],"id":128,"resource":"1024","request_start":1576628290236,"request_end":1576628308552,"request_duration":18316,"type":"1024"}
{"start":1576628302255,"end":1576628308555,"duration":6300,"downloading_duration":1103,"execution_duration":4607,"uploading_duration":590,"executable":"ellipsoids-openmp","args":["2.dat","217.log","217.xoutput"],"id":123,"resource":"1024","request_start":1576628290233,"request_end":1576628308573,"request_duration":18340,"type":"1024"}
{"start":1576628302378,"end":1576628308558,"duration":6180,"downloading_duration":1060,"execution_duration":4525,"uploading_duration":595,"executable":"ellipsoids-openmp","args":["2.dat","233.log","233.xoutput"],"id":139,"resource":"1024","request_start":1576628290242,"request_end":1576628308583,"request_duration":18341,"type":"1024"}
{"start":1576628302353,"end":1576628308559,"duration":6206,"downloading_duration":1132,"execution_duration":4488,"uploading_duration":586,"executable":"ellipsoids-openmp","args":["2.dat","229.log","229.xoutput"],"id":135,"resource":"1024","request_start":1576628290240,"request_end":1576628308585,"request_duration":18345,"type":"1024"}
{"start":1576628302465,"end":1576628308591,"duration":6126,"downloading_duration":995,"execution_duration":4553,"uploading_duration":578,"executable":"ellipsoids-openmp","args":["2.dat","239.log","239.xoutput"],"id":145,"resource":"1024","request_start":1576628290245,"request_end":1576628308609,"request_duration":18364,"type":"1024"}
{"start":1576628302358,"end":1576628308598,"duration":6240,"downloading_duration":1027,"execution_duration":4590,"uploading_duration":623,"executable":"ellipsoids-openmp","args":["2.dat","231.log","231.xoutput"],"id":137,"resource":"1024","request_start":1576628290241,"request_end":1576628308616,"request_duration":18375,"type":"1024"}
{"start":1576628302410,"end":1576628308604,"duration":6194,"downloading_duration":989,"execution_duration":4634,"uploading_duration":571,"executable":"ellipsoids-openmp","args":["2.dat","235.log","235.xoutput"],"id":141,"resource":"1024","request_start":1576628290243,"request_end":1576628308624,"request_duration":18381,"type":"1024"}
{"start":1576628302498,"end":1576628308612,"duration":6114,"downloading_duration":1035,"execution_duration":4522,"uploading_duration":557,"executable":"ellipsoids-openmp","args":["2.dat","241.log","241.xoutput"],"id":147,"resource":"1024","request_start":1576628290246,"request_end":1576628308634,"request_duration":18388,"type":"1024"}
{"start":1576628302347,"end":1576628308624,"duration":6277,"downloading_duration":1213,"execution_duration":4457,"uploading_duration":607,"executable":"ellipsoids-openmp","args":["2.dat","228.log","228.xoutput"],"id":134,"resource":"1024","request_start":1576628290239,"request_end":1576628308643,"request_duration":18404,"type":"1024"}
{"start":1576628302436,"end":1576628308624,"duration":6188,"downloading_duration":1056,"execution_duration":4530,"uploading_duration":602,"executable":"ellipsoids-openmp","args":["2.dat","236.log","236.xoutput"],"id":142,"resource":"1024","request_start":1576628290244,"request_end":1576628308645,"request_duration":18401,"type":"1024"}
{"start":1576628302245,"end":1576628308631,"duration":6386,"downloading_duration":1082,"execution_duration":4712,"uploading_duration":592,"executable":"ellipsoids-openmp","args":["2.dat","215.log","215.xoutput"],"id":121,"resource":"1024","request_start":1576628290232,"request_end":1576628308655,"request_duration":18423,"type":"1024"}
{"start":1576628302341,"end":1576628308632,"duration":6291,"downloading_duration":1054,"execution_duration":4617,"uploading_duration":620,"executable":"ellipsoids-openmp","args":["2.dat","227.log","227.xoutput"],"id":133,"resource":"1024","request_start":1576628290239,"request_end":1576628308657,"request_duration":18418,"type":"1024"}
{"start":1576628302295,"end":1576628308640,"duration":6345,"downloading_duration":1098,"execution_duration":4591,"uploading_duration":656,"executable":"ellipsoids-openmp","args":["2.dat","223.log","223.xoutput"],"id":129,"resource":"1024","request_start":1576628290236,"request_end":1576628308660,"request_duration":18424,"type":"1024"}
{"start":1576628302494,"end":1576628308717,"duration":6223,"downloading_duration":1039,"execution_duration":4577,"uploading_duration":607,"executable":"ellipsoids-openmp","args":["2.dat","240.log","240.xoutput"],"id":146,"resource":"1024","request_start":1576628290246,"request_end":1576628308737,"request_duration":18491,"type":"1024"}
{"start":1576628302361,"end":1576628308722,"duration":6361,"downloading_duration":1130,"execution_duration":4558,"uploading_duration":673,"executable":"ellipsoids-openmp","args":["2.dat","230.log","230.xoutput"],"id":136,"resource":"1024","request_start":1576628290240,"request_end":1576628308741,"request_duration":18501,"type":"1024"}
{"start":1576628302299,"end":1576628308726,"duration":6427,"downloading_duration":1069,"execution_duration":4739,"uploading_duration":619,"executable":"ellipsoids-openmp","args":["2.dat","224.log","224.xoutput"],"id":130,"resource":"1024","request_start":1576628290237,"request_end":1576628308744,"request_duration":18507,"type":"1024"}
{"start":1576628302466,"end":1576628308763,"duration":6297,"downloading_duration":1058,"execution_duration":4540,"uploading_duration":699,"executable":"ellipsoids-openmp","args":["2.dat","238.log","238.xoutput"],"id":144,"resource":"1024","request_start":1576628290245,"request_end":1576628308782,"request_duration":18537,"type":"1024"}
{"start":1576628302617,"end":1576628308794,"duration":6177,"downloading_duration":1077,"execution_duration":4510,"uploading_duration":590,"executable":"ellipsoids-openmp","args":["2.dat","244.log","244.xoutput"],"id":150,"resource":"1024","request_start":1576628290248,"request_end":1576628308814,"request_duration":18566,"type":"1024"}
{"start":1576628302536,"end":1576628308804,"duration":6268,"downloading_duration":1007,"execution_duration":4661,"uploading_duration":600,"executable":"ellipsoids-openmp","args":["2.dat","242.log","242.xoutput"],"id":148,"resource":"1024","request_start":1576628290247,"request_end":1576628308823,"request_duration":18576,"type":"1024"}
{"start":1576628302459,"end":1576628308851,"duration":6392,"downloading_duration":1059,"execution_duration":4744,"uploading_duration":589,"executable":"ellipsoids-openmp","args":["2.dat","237.log","237.xoutput"],"id":143,"resource":"1024","request_start":1576628290244,"request_end":1576628308872,"request_duration":18628,"type":"1024"}
{"start":1576628302606,"end":1576628308889,"duration":6283,"downloading_duration":1156,"execution_duration":4529,"uploading_duration":598,"executable":"ellipsoids-openmp","args":["2.dat","243.log","243.xoutput"],"id":149,"resource":"1024","request_start":1576628290247,"request_end":1576628308910,"request_duration":18663,"type":"1024"}
{"start":1576628302682,"end":1576628308914,"duration":6232,"downloading_duration":994,"execution_duration":4642,"uploading_duration":596,"executable":"ellipsoids-openmp","args":["2.dat","246.log","246.xoutput"],"id":152,"resource":"1024","request_start":1576628290249,"request_end":1576628308932,"request_duration":18683,"type":"1024"}
{"start":1576628302193,"end":1576628308960,"duration":6767,"downloading_duration":1539,"execution_duration":4552,"uploading_duration":676,"executable":"ellipsoids-openmp","args":["2.dat","29.log","29.xoutput"],"id":115,"resource":"1024","request_start":1576628290229,"request_end":1576628308979,"request_duration":18750,"type":"1024"}
{"start":1576628302373,"end":1576628308967,"duration":6594,"downloading_duration":1058,"execution_duration":4733,"uploading_duration":803,"executable":"ellipsoids-openmp","args":["2.dat","232.log","232.xoutput"],"id":138,"resource":"1024","request_start":1576628290242,"request_end":1576628308987,"request_duration":18745,"type":"1024"}
{"start":1576628302669,"end":1576628308970,"duration":6301,"downloading_duration":1068,"execution_duration":4656,"uploading_duration":577,"executable":"ellipsoids-openmp","args":["2.dat","245.log","245.xoutput"],"id":151,"resource":"1024","request_start":1576628290249,"request_end":1576628308992,"request_duration":18743,"type":"1024"}
{"start":1576628302710,"end":1576628309108,"duration":6398,"downloading_duration":1147,"execution_duration":4651,"uploading_duration":600,"executable":"ellipsoids-openmp","args":["2.dat","247.log","247.xoutput"],"id":153,"resource":"1024","request_start":1576628290250,"request_end":1576628309127,"request_duration":18877,"type":"1024"}
{"start":1576628302856,"end":1576628309134,"duration":6278,"downloading_duration":991,"execution_duration":4612,"uploading_duration":675,"executable":"ellipsoids-openmp","args":["2.dat","249.log","249.xoutput"],"id":155,"resource":"1024","request_start":1576628290251,"request_end":1576628309154,"request_duration":18903,"type":"1024"}
{"start":1576628302772,"end":1576628309190,"duration":6418,"downloading_duration":1030,"execution_duration":4763,"uploading_duration":625,"executable":"ellipsoids-openmp","args":["2.dat","248.log","248.xoutput"],"id":154,"resource":"1024","request_start":1576628290250,"request_end":1576628309282,"request_duration":19032,"type":"1024"}
{"start":1576628308307,"end":1576628314291,"duration":5984,"downloading_duration":1024,"execution_duration":4386,"uploading_duration":574,"executable":"ellipsoids-openmp","args":["0.dat","05.log","05.xoutput"],"id":11,"resource":"1024","request_start":1576628290273,"request_end":1576628314311,"request_duration":24038,"type":"1024"}
{"start":1576628308304,"end":1576628314336,"duration":6032,"downloading_duration":1008,"execution_duration":4419,"uploading_duration":605,"executable":"ellipsoids-openmp","args":["0.dat","04.log","04.xoutput"],"id":10,"resource":"1024","request_start":1576628290273,"request_end":1576628314354,"request_duration":24081,"type":"1024"}
{"start":1576628308343,"end":1576628314406,"duration":6063,"downloading_duration":990,"execution_duration":4428,"uploading_duration":645,"executable":"ellipsoids-openmp","args":["0.dat","07.log","07.xoutput"],"id":13,"resource":"1024","request_start":1576628290275,"request_end":1576628314426,"request_duration":24151,"type":"1024"}
{"start":1576628308340,"end":1576628314415,"duration":6075,"downloading_duration":1044,"execution_duration":4463,"uploading_duration":568,"executable":"ellipsoids-openmp","args":["0.dat","06.log","06.xoutput"],"id":12,"resource":"1024","request_start":1576628290274,"request_end":1576628314434,"request_duration":24160,"type":"1024"}
{"start":1576628308431,"end":1576628314478,"duration":6047,"downloading_duration":1004,"execution_duration":4425,"uploading_duration":618,"executable":"ellipsoids-openmp","args":["0.dat","012.log","012.xoutput"],"id":18,"resource":"1024","request_start":1576628290277,"request_end":1576628314498,"request_duration":24221,"type":"1024"}
{"start":1576628308521,"end":1576628314481,"duration":5960,"downloading_duration":1004,"execution_duration":4387,"uploading_duration":569,"executable":"ellipsoids-openmp","args":["0.dat","019.log","019.xoutput"],"id":25,"resource":"1024","request_start":1576628290281,"request_end":1576628314502,"request_duration":24221,"type":"1024"}
{"start":1576628308353,"end":1576628314511,"duration":6158,"downloading_duration":1138,"execution_duration":4430,"uploading_duration":590,"executable":"ellipsoids-openmp","args":["0.dat","08.log","08.xoutput"],"id":14,"resource":"1024","request_start":1576628290275,"request_end":1576628314530,"request_duration":24255,"type":"1024"}
{"start":1576628308398,"end":1576628314539,"duration":6141,"downloading_duration":1022,"execution_duration":4496,"uploading_duration":623,"executable":"ellipsoids-openmp","args":["0.dat","010.log","010.xoutput"],"id":16,"resource":"1024","request_start":1576628290276,"request_end":1576628314556,"request_duration":24280,"type":"1024"}
{"start":1576628308427,"end":1576628314554,"duration":6127,"downloading_duration":1012,"execution_duration":4464,"uploading_duration":651,"executable":"ellipsoids-openmp","args":["0.dat","011.log","011.xoutput"],"id":17,"resource":"1024","request_start":1576628290277,"request_end":1576628314571,"request_duration":24294,"type":"1024"}
{"start":1576628308480,"end":1576628314564,"duration":6084,"downloading_duration":1003,"execution_duration":4497,"uploading_duration":584,"executable":"ellipsoids-openmp","args":["0.dat","014.log","014.xoutput"],"id":20,"resource":"1024","request_start":1576628290278,"request_end":1576628314581,"request_duration":24303,"type":"1024"}
{"start":1576628308515,"end":1576628314607,"duration":6092,"downloading_duration":1007,"execution_duration":4465,"uploading_duration":620,"executable":"ellipsoids-openmp","args":["0.dat","016.log","016.xoutput"],"id":22,"resource":"1024","request_start":1576628290279,"request_end":1576628314626,"request_duration":24347,"type":"1024"}
{"start":1576628308602,"end":1576628314616,"duration":6014,"downloading_duration":987,"execution_duration":4434,"uploading_duration":593,"executable":"ellipsoids-openmp","args":["0.dat","027.log","027.xoutput"],"id":33,"resource":"1024","request_start":1576628290290,"request_end":1576628314634,"request_duration":24344,"type":"1024"}
{"start":1576628308569,"end":1576628314624,"duration":6055,"downloading_duration":1102,"execution_duration":4320,"uploading_duration":633,"executable":"ellipsoids-openmp","args":["0.dat","024.log","024.xoutput"],"id":30,"resource":"1024","request_start":1576628290287,"request_end":1576628314644,"request_duration":24357,"type":"1024"}
{"start":1576628308449,"end":1576628314647,"duration":6198,"downloading_duration":1160,"execution_duration":4444,"uploading_duration":594,"executable":"ellipsoids-openmp","args":["0.dat","013.log","013.xoutput"],"id":19,"resource":"1024","request_start":1576628290278,"request_end":1576628314666,"request_duration":24388,"type":"1024"}
{"start":1576628308523,"end":1576628314658,"duration":6135,"downloading_duration":1156,"execution_duration":4402,"uploading_duration":577,"executable":"ellipsoids-openmp","args":["0.dat","017.log","017.xoutput"],"id":23,"resource":"1024","request_start":1576628290280,"request_end":1576628314676,"request_duration":24396,"type":"1024"}
{"start":1576628308575,"end":1576628314659,"duration":6084,"downloading_duration":1067,"execution_duration":4456,"uploading_duration":561,"executable":"ellipsoids-openmp","args":["0.dat","025.log","025.xoutput"],"id":31,"resource":"1024","request_start":1576628290288,"request_end":1576628314684,"request_duration":24396,"type":"1024"}
{"start":1576628308379,"end":1576628314662,"duration":6283,"downloading_duration":1076,"execution_duration":4475,"uploading_duration":732,"executable":"ellipsoids-openmp","args":["0.dat","09.log","09.xoutput"],"id":15,"resource":"1024","request_start":1576628290276,"request_end":1576628314686,"request_duration":24410,"type":"1024"}
{"start":1576628308509,"end":1576628314670,"duration":6161,"downloading_duration":1010,"execution_duration":4574,"uploading_duration":577,"executable":"ellipsoids-openmp","args":["0.dat","015.log","015.xoutput"],"id":21,"resource":"1024","request_start":1576628290279,"request_end":1576628314694,"request_duration":24415,"type":"1024"}
{"start":1576628308584,"end":1576628314699,"duration":6115,"downloading_duration":1020,"execution_duration":4504,"uploading_duration":591,"executable":"ellipsoids-openmp","args":["0.dat","026.log","026.xoutput"],"id":32,"resource":"1024","request_start":1576628290289,"request_end":1576628314721,"request_duration":24432,"type":"1024"}
{"start":1576628308661,"end":1576628314719,"duration":6058,"downloading_duration":1035,"execution_duration":4431,"uploading_duration":592,"executable":"ellipsoids-openmp","args":["0.dat","033.log","033.xoutput"],"id":39,"resource":"1024","request_start":1576628290294,"request_end":1576628314741,"request_duration":24447,"type":"1024"}
{"start":1576628308674,"end":1576628314728,"duration":6054,"downloading_duration":1163,"execution_duration":4319,"uploading_duration":572,"executable":"ellipsoids-openmp","args":["0.dat","034.log","034.xoutput"],"id":40,"resource":"1024","request_start":1576628290295,"request_end":1576628314749,"request_duration":24454,"type":"1024"}
{"start":1576628308523,"end":1576628314744,"duration":6221,"downloading_duration":1083,"execution_duration":4472,"uploading_duration":666,"executable":"ellipsoids-openmp","args":["0.dat","018.log","018.xoutput"],"id":24,"resource":"1024","request_start":1576628290280,"request_end":1576628314765,"request_duration":24485,"type":"1024"}
{"start":1576628308639,"end":1576628314754,"duration":6115,"downloading_duration":990,"execution_duration":4493,"uploading_duration":632,"executable":"ellipsoids-openmp","args":["0.dat","030.log","030.xoutput"],"id":36,"resource":"1024","request_start":1576628290292,"request_end":1576628314772,"request_duration":24480,"type":"1024"}
{"start":1576628308689,"end":1576628314769,"duration":6080,"downloading_duration":1063,"execution_duration":4460,"uploading_duration":557,"executable":"ellipsoids-openmp","args":["0.dat","038.log","038.xoutput"],"id":44,"resource":"1024","request_start":1576628290297,"request_end":1576628314788,"request_duration":24491,"type":"1024"}
{"start":1576628308683,"end":1576628314816,"duration":6133,"downloading_duration":1014,"execution_duration":4461,"uploading_duration":658,"executable":"ellipsoids-openmp","args":["0.dat","036.log","036.xoutput"],"id":42,"resource":"1024","request_start":1576628290296,"request_end":1576628314834,"request_duration":24538,"type":"1024"}
{"start":1576628308769,"end":1576628314826,"duration":6057,"downloading_duration":1030,"execution_duration":4385,"uploading_duration":642,"executable":"ellipsoids-openmp","args":["0.dat","040.log","040.xoutput"],"id":46,"resource":"1024","request_start":1576628290298,"request_end":1576628314845,"request_duration":24547,"type":"1024"}
{"start":1576628308539,"end":1576628314827,"duration":6288,"downloading_duration":987,"execution_duration":4653,"uploading_duration":648,"executable":"ellipsoids-openmp","args":["0.dat","022.log","022.xoutput"],"id":28,"resource":"1024","request_start":1576628290285,"request_end":1576628314846,"request_duration":24561,"type":"1024"}
{"start":1576628308641,"end":1576628314846,"duration":6205,"downloading_duration":995,"execution_duration":4620,"uploading_duration":590,"executable":"ellipsoids-openmp","args":["0.dat","031.log","031.xoutput"],"id":37,"resource":"1024","request_start":1576628290293,"request_end":1576628314863,"request_duration":24570,"type":"1024"}
{"start":1576628308844,"end":1576628314874,"duration":6030,"downloading_duration":1008,"execution_duration":4415,"uploading_duration":607,"executable":"ellipsoids-openmp","args":["0.dat","043.log","043.xoutput"],"id":49,"resource":"1024","request_start":1576628290300,"request_end":1576628314895,"request_duration":24595,"type":"1024"}
{"start":1576628308675,"end":1576628314878,"duration":6203,"downloading_duration":1120,"execution_duration":4490,"uploading_duration":593,"executable":"ellipsoids-openmp","args":["0.dat","035.log","035.xoutput"],"id":41,"resource":"1024","request_start":1576628290295,"request_end":1576628314899,"request_duration":24604,"type":"1024"}
{"start":1576628308613,"end":1576628314883,"duration":6270,"downloading_duration":1077,"execution_duration":4621,"uploading_duration":572,"executable":"ellipsoids-openmp","args":["0.dat","028.log","028.xoutput"],"id":34,"resource":"1024","request_start":1576628290291,"request_end":1576628314906,"request_duration":24615,"type":"1024"}
{"start":1576628308562,"end":1576628314887,"duration":6325,"downloading_duration":1223,"execution_duration":4482,"uploading_duration":620,"executable":"ellipsoids-openmp","args":["0.dat","023.log","023.xoutput"],"id":29,"resource":"1024","request_start":1576628290286,"request_end":1576628314911,"request_duration":24625,"type":"1024"}
{"start":1576628308764,"end":1576628314889,"duration":6125,"downloading_duration":1054,"execution_duration":4468,"uploading_duration":603,"executable":"ellipsoids-openmp","args":["0.dat","039.log","039.xoutput"],"id":45,"resource":"1024","request_start":1576628290298,"request_end":1576628314915,"request_duration":24617,"type":"1024"}
{"start":1576628308531,"end":1576628314894,"duration":6363,"downloading_duration":1105,"execution_duration":4630,"uploading_duration":628,"executable":"ellipsoids-openmp","args":["0.dat","020.log","020.xoutput"],"id":26,"resource":"1024","request_start":1576628290281,"request_end":1576628314917,"request_duration":24636,"type":"1024"}
{"start":1576628308621,"end":1576628314900,"duration":6279,"downloading_duration":1077,"execution_duration":4579,"uploading_duration":623,"executable":"ellipsoids-openmp","args":["0.dat","029.log","029.xoutput"],"id":35,"resource":"1024","request_start":1576628290292,"request_end":1576628314924,"request_duration":24632,"type":"1024"}
{"start":1576628308653,"end":1576628314979,"duration":6326,"downloading_duration":1078,"execution_duration":4404,"uploading_duration":844,"executable":"ellipsoids-openmp","args":["0.dat","032.log","032.xoutput"],"id":38,"resource":"1024","request_start":1576628290294,"request_end":1576628315001,"request_duration":24707,"type":"1024"}
{"start":1576628308857,"end":1576628314996,"duration":6139,"downloading_duration":1073,"execution_duration":4456,"uploading_duration":610,"executable":"ellipsoids-openmp","args":["0.dat","044.log","044.xoutput"],"id":50,"resource":"1024","request_start":1576628290300,"request_end":1576628315016,"request_duration":24716,"type":"1024"}
{"start":1576628308539,"end":1576628315015,"duration":6476,"downloading_duration":1092,"execution_duration":4517,"uploading_duration":867,"executable":"ellipsoids-openmp","args":["0.dat","021.log","021.xoutput"],"id":27,"resource":"1024","request_start":1576628290285,"request_end":1576628315034,"request_duration":24749,"type":"1024"}
{"start":1576628308776,"end":1576628315103,"duration":6327,"downloading_duration":1173,"execution_duration":4582,"uploading_duration":572,"executable":"ellipsoids-openmp","args":["0.dat","041.log","041.xoutput"],"id":47,"resource":"1024","request_start":1576628290299,"request_end":1576628315121,"request_duration":24822,"type":"1024"}
{"start":1576628308816,"end":1576628315158,"duration":6342,"downloading_duration":1049,"execution_duration":4679,"uploading_duration":614,"executable":"ellipsoids-openmp","args":["0.dat","042.log","042.xoutput"],"id":48,"resource":"1024","request_start":1576628290299,"request_end":1576628315176,"request_duration":24877,"type":"1024"}
{"start":1576628308937,"end":1576628315251,"duration":6314,"downloading_duration":1081,"execution_duration":4617,"uploading_duration":616,"executable":"ellipsoids-openmp","args":["0.dat","046.log","046.xoutput"],"id":52,"resource":"1024","request_start":1576628290301,"request_end":1576628315281,"request_duration":24980,"type":"1024"}
{"start":1576628309017,"end":1576628315282,"duration":6265,"downloading_duration":1081,"execution_duration":4602,"uploading_duration":582,"executable":"ellipsoids-openmp","args":["0.dat","049.log","049.xoutput"],"id":55,"resource":"1024","request_start":1576628290303,"request_end":1576628315301,"request_duration":24998,"type":"1024"}
{"start":1576628309187,"end":1576628315363,"duration":6176,"downloading_duration":1005,"execution_duration":4611,"uploading_duration":560,"executable":"ellipsoids-openmp","args":["0.dat","02.log","02.xoutput"],"id":8,"resource":"1024","request_start":1576628290305,"request_end":1576628315384,"request_duration":25079,"type":"1024"}
{"start":1576628308958,"end":1576628315368,"duration":6410,"downloading_duration":1078,"execution_duration":4693,"uploading_duration":639,"executable":"ellipsoids-openmp","args":["0.dat","047.log","047.xoutput"],"id":53,"resource":"1024","request_start":1576628290302,"request_end":1576628315387,"request_duration":25085,"type":"1024"}
{"start":1576628309152,"end":1576628315414,"duration":6262,"downloading_duration":984,"execution_duration":4662,"uploading_duration":616,"executable":"ellipsoids-openmp","args":["0.dat","01.log","01.xoutput"],"id":7,"resource":"1024","request_start":1576628290304,"request_end":1576628315435,"request_duration":25131,"type":"1024"}
{"start":1576628308899,"end":1576628315428,"duration":6529,"downloading_duration":1131,"execution_duration":4677,"uploading_duration":721,"executable":"ellipsoids-openmp","args":["0.dat","045.log","045.xoutput"],"id":51,"resource":"1024","request_start":1576628290301,"request_end":1576628315451,"request_duration":25150,"type":"1024"}
{"start":1576628309008,"end":1576628315476,"duration":6468,"downloading_duration":1169,"execution_duration":4676,"uploading_duration":623,"executable":"ellipsoids-openmp","args":["0.dat","048.log","048.xoutput"],"id":54,"resource":"1024","request_start":1576628290302,"request_end":1576628315496,"request_duration":25194,"type":"1024"}
{"start":1576628309025,"end":1576628315562,"duration":6537,"downloading_duration":1169,"execution_duration":4765,"uploading_duration":603,"executable":"ellipsoids-openmp","args":["0.dat","00.log","00.xoutput"],"id":6,"resource":"1024","request_start":1576628290304,"request_end":1576628315581,"request_duration":25277,"type":"1024"}
{"start":1576628309315,"end":1576628315788,"duration":6473,"downloading_duration":1091,"execution_duration":4797,"uploading_duration":585,"executable":"ellipsoids-openmp","args":["0.dat","03.log","03.xoutput"],"id":9,"resource":"1024","request_start":1576628290305,"request_end":1576628315806,"request_duration":25501,"type":"1024"}
{"start":1576628314345,"end":1576628315990,"duration":1645,"downloading_duration":1254,"execution_duration":3,"uploading_duration":388,"executable":"mean-pack-ell","args":["30.xoutput","31.xoutput","32.xoutput","33.xoutput","34.xoutput","35.xoutput","36.xoutput","37.xoutput","38.xoutput","39.xoutput","310.xoutput","311.xoutput","312.xoutput","313.xoutput","314.xoutput","315.xoutput","316.xoutput","317.xoutput","318.xoutput","319.xoutput","320.xoutput","321.xoutput","322.xoutput","323.xoutput","324.xoutput","325.xoutput","326.xoutput","327.xoutput","328.xoutput","329.xoutput","330.xoutput","331.xoutput","332.xoutput","333.xoutput","334.xoutput","335.xoutput","336.xoutput","337.xoutput","338.xoutput","339.xoutput","340.xoutput","341.xoutput","342.xoutput","343.xoutput","344.xoutput","345.xoutput","346.xoutput","347.xoutput","348.xoutput","349.xoutput","average_3.txt"],"id":209,"resource":"1024","request_start":1576628296798,"request_end":1576628316011,"request_duration":19213,"type":"1024"}
{"start":1576628314391,"end":1576628316088,"duration":1697,"downloading_duration":1254,"execution_duration":11,"uploading_duration":432,"executable":"mean-pack-ell","args":["10.xoutput","11.xoutput","12.xoutput","13.xoutput","14.xoutput","15.xoutput","16.xoutput","17.xoutput","18.xoutput","19.xoutput","110.xoutput","111.xoutput","112.xoutput","113.xoutput","114.xoutput","115.xoutput","116.xoutput","117.xoutput","118.xoutput","119.xoutput","120.xoutput","121.xoutput","122.xoutput","123.xoutput","124.xoutput","125.xoutput","126.xoutput","127.xoutput","128.xoutput","129.xoutput","130.xoutput","131.xoutput","132.xoutput","133.xoutput","134.xoutput","135.xoutput","136.xoutput","137.xoutput","138.xoutput","139.xoutput","140.xoutput","141.xoutput","142.xoutput","143.xoutput","144.xoutput","145.xoutput","146.xoutput","147.xoutput","148.xoutput","149.xoutput","average_1.txt"],"id":207,"resource":"1024","request_start":1576628302860,"request_end":1576628316111,"request_duration":13251,"type":"1024"}
{"start":1576628314463,"end":1576628316132,"duration":1669,"downloading_duration":1255,"execution_duration":3,"uploading_duration":411,"executable":"mean-pack-ell","args":["20.xoutput","21.xoutput","22.xoutput","23.xoutput","24.xoutput","25.xoutput","26.xoutput","27.xoutput","28.xoutput","29.xoutput","210.xoutput","211.xoutput","212.xoutput","213.xoutput","214.xoutput","215.xoutput","216.xoutput","217.xoutput","218.xoutput","219.xoutput","220.xoutput","221.xoutput","222.xoutput","223.xoutput","224.xoutput","225.xoutput","226.xoutput","227.xoutput","228.xoutput","229.xoutput","230.xoutput","231.xoutput","232.xoutput","233.xoutput","234.xoutput","235.xoutput","236.xoutput","237.xoutput","238.xoutput","239.xoutput","240.xoutput","241.xoutput","242.xoutput","243.xoutput","244.xoutput","245.xoutput","246.xoutput","247.xoutput","248.xoutput","249.xoutput","average_2.txt"],"id":208,"resource":"1024","request_start":1576628309296,"request_end":1576628316152,"request_duration":6856,"type":"1024"}
{"start":1576628308688,"end":1576628320254,"duration":11566,"downloading_duration":6209,"execution_duration":4734,"uploading_duration":623,"executable":"ellipsoids-openmp","args":["0.dat","037.log","037.xoutput"],"id":43,"resource":"1024","request_start":1576628290296,"request_end":1576628320273,"request_duration":29977,"type":"1024"}
{"start":1576628320399,"end":1576628322080,"duration":1681,"downloading_duration":1303,"execution_duration":3,"uploading_duration":375,"executable":"mean-pack-ell","args":["00.xoutput","01.xoutput","02.xoutput","03.xoutput","04.xoutput","05.xoutput","06.xoutput","07.xoutput","08.xoutput","09.xoutput","010.xoutput","011.xoutput","012.xoutput","013.xoutput","014.xoutput","015.xoutput","016.xoutput","017.xoutput","018.xoutput","019.xoutput","020.xoutput","021.xoutput","022.xoutput","023.xoutput","024.xoutput","025.xoutput","026.xoutput","027.xoutput","028.xoutput","029.xoutput","030.xoutput","031.xoutput","032.xoutput","033.xoutput","034.xoutput","035.xoutput","036.xoutput","037.xoutput","038.xoutput","039.xoutput","040.xoutput","041.xoutput","042.xoutput","043.xoutput","044.xoutput","045.xoutput","046.xoutput","047.xoutput","048.xoutput","049.xoutput","average_0.txt"],"id":206,"resource":"1024","request_start":1576628320292,"request_end":1576628322103,"request_duration":1811,"type":"1024"}
{"start":1576628322218,"end":1576628323107,"duration":889,"downloading_duration":401,"execution_duration":107,"uploading_duration":381,"executable":"summary.js","args":[],"id":210,"resource":"1024","request_start":1576628322110,"request_end":1576628323124,"request_duration":1014,"type":"1024"}
