{"start":1576628217775,"end":1576628218835,"duration":1060,"downloading_duration":533,"execution_duration":121,"uploading_duration":406,"executable":"generateData.js","args":[],"id":1,"resource":"1024","request_start":1576628217019,"request_end":1576628218868,"request_duration":1849,"type":"1024"}
{"start":1576628219001,"end":1576628219940,"duration":939,"downloading_duration":388,"execution_duration":102,"uploading_duration":449,"executable":"createDat.js","args":["0.dat"],"id":2,"resource":"1024","request_start":1576628218881,"request_end":1576628219958,"request_duration":1077,"type":"1024"}
{"start":1576628219509,"end":1576628220596,"duration":1087,"downloading_duration":561,"execution_duration":119,"uploading_duration":407,"executable":"createDat.js","args":["3.dat"],"id":5,"resource":"1024","request_start":1576628218893,"request_end":1576628220685,"request_duration":1792,"type":"1024"}
{"start":1576628219539,"end":1576628220661,"duration":1122,"downloading_duration":545,"execution_duration":119,"uploading_duration":458,"executable":"createDat.js","args":["2.dat"],"id":4,"resource":"1024","request_start":1576628218890,"request_end":1576628220709,"request_duration":1819,"type":"1024"}
{"start":1576628219670,"end":1576628220781,"duration":1111,"downloading_duration":579,"execution_duration":126,"uploading_duration":406,"executable":"createDat.js","args":["1.dat"],"id":3,"resource":"1024","request_start":1576628218886,"request_end":1576628220821,"request_duration":1935,"type":"1024"}
{"start":1576628220325,"end":1576628226445,"duration":6120,"downloading_duration":1092,"execution_duration":4449,"uploading_duration":579,"executable":"ellipsoids-openmp","args":["0.dat","05.log","05.xoutput"],"id":11,"resource":"1024","request_start":1576628220005,"request_end":1576628226467,"request_duration":6462,"type":"1024"}
{"start":1576628220735,"end":1576628226909,"duration":6174,"downloading_duration":1010,"execution_duration":4599,"uploading_duration":565,"executable":"ellipsoids-openmp","args":["0.dat","02.log","02.xoutput"],"id":8,"resource":"1024","request_start":1576628220056,"request_end":1576628226928,"request_duration":6872,"type":"1024"}
{"start":1576628220766,"end":1576628227080,"duration":6314,"downloading_duration":1174,"execution_duration":4562,"uploading_duration":578,"executable":"ellipsoids-openmp","args":["0.dat","09.log","09.xoutput"],"id":15,"resource":"1024","request_start":1576628220011,"request_end":1576628227103,"request_duration":7092,"type":"1024"}
{"start":1576628220718,"end":1576628227104,"duration":6386,"downloading_duration":1115,"execution_duration":4681,"uploading_duration":590,"executable":"ellipsoids-openmp","args":["0.dat","01.log","01.xoutput"],"id":7,"resource":"1024","request_start":1576628220056,"request_end":1576628227124,"request_duration":7068,"type":"1024"}
{"start":1576628220851,"end":1576628227108,"duration":6257,"downloading_duration":1084,"execution_duration":4585,"uploading_duration":588,"executable":"ellipsoids-openmp","args":["0.dat","03.log","03.xoutput"],"id":9,"resource":"1024","request_start":1576628220057,"request_end":1576628227130,"request_duration":7073,"type":"1024"}
{"start":1576628220847,"end":1576628227265,"duration":6418,"downloading_duration":1286,"execution_duration":4524,"uploading_duration":608,"executable":"ellipsoids-openmp","args":["0.dat","032.log","032.xoutput"],"id":38,"resource":"1024","request_start":1576628220037,"request_end":1576628227386,"request_duration":7349,"type":"1024"}
{"start":1576628220781,"end":1576628227279,"duration":6498,"downloading_duration":1161,"execution_duration":4623,"uploading_duration":714,"executable":"ellipsoids-openmp","args":["0.dat","06.log","06.xoutput"],"id":12,"resource":"1024","request_start":1576628220007,"request_end":1576628227388,"request_duration":7381,"type":"1024"}
{"start":1576628220854,"end":1576628227279,"duration":6425,"downloading_duration":1187,"execution_duration":4638,"uploading_duration":600,"executable":"ellipsoids-openmp","args":["0.dat","030.log","030.xoutput"],"id":36,"resource":"1024","request_start":1576628220036,"request_end":1576628227390,"request_duration":7354,"type":"1024"}
{"start":1576628220856,"end":1576628227289,"duration":6433,"downloading_duration":1264,"execution_duration":4569,"uploading_duration":600,"executable":"ellipsoids-openmp","args":["0.dat","017.log","017.xoutput"],"id":23,"resource":"1024","request_start":1576628220020,"request_end":1576628227395,"request_duration":7375,"type":"1024"}
{"start":1576628220907,"end":1576628227292,"duration":6385,"downloading_duration":1212,"execution_duration":4576,"uploading_duration":597,"executable":"ellipsoids-openmp","args":["0.dat","00.log","00.xoutput"],"id":6,"resource":"1024","request_start":1576628220055,"request_end":1576628227397,"request_duration":7342,"type":"1024"}
{"start":1576628220859,"end":1576628227299,"duration":6440,"downloading_duration":1162,"execution_duration":4703,"uploading_duration":575,"executable":"ellipsoids-openmp","args":["0.dat","013.log","013.xoutput"],"id":19,"resource":"1024","request_start":1576628220016,"request_end":1576628227399,"request_duration":7383,"type":"1024"}
{"start":1576628220779,"end":1576628227300,"duration":6521,"downloading_duration":1247,"execution_duration":4700,"uploading_duration":574,"executable":"ellipsoids-openmp","args":["0.dat","07.log","07.xoutput"],"id":13,"resource":"1024","request_start":1576628220008,"request_end":1576628227401,"request_duration":7393,"type":"1024"}
{"start":1576628220862,"end":1576628227308,"duration":6446,"downloading_duration":1195,"execution_duration":4641,"uploading_duration":610,"executable":"ellipsoids-openmp","args":["0.dat","010.log","010.xoutput"],"id":16,"resource":"1024","request_start":1576628220013,"request_end":1576628227403,"request_duration":7390,"type":"1024"}
{"start":1576628220909,"end":1576628227343,"duration":6434,"downloading_duration":1244,"execution_duration":4623,"uploading_duration":567,"executable":"ellipsoids-openmp","args":["0.dat","034.log","034.xoutput"],"id":40,"resource":"1024","request_start":1576628220040,"request_end":1576628227410,"request_duration":7370,"type":"1024"}
{"start":1576628220858,"end":1576628227346,"duration":6488,"downloading_duration":1191,"execution_duration":4679,"uploading_duration":618,"executable":"ellipsoids-openmp","args":["0.dat","024.log","024.xoutput"],"id":30,"resource":"1024","request_start":1576628220031,"request_end":1576628227412,"request_duration":7381,"type":"1024"}
{"start":1576628220915,"end":1576628227353,"duration":6438,"downloading_duration":1147,"execution_duration":4721,"uploading_duration":570,"executable":"ellipsoids-openmp","args":["0.dat","036.log","036.xoutput"],"id":42,"resource":"1024","request_start":1576628220041,"request_end":1576628227413,"request_duration":7372,"type":"1024"}
{"start":1576628220886,"end":1576628227369,"duration":6483,"downloading_duration":1178,"execution_duration":4696,"uploading_duration":609,"executable":"ellipsoids-openmp","args":["0.dat","038.log","038.xoutput"],"id":44,"resource":"1024","request_start":1576628220043,"request_end":1576628227418,"request_duration":7375,"type":"1024"}
{"start":1576628220868,"end":1576628227369,"duration":6501,"downloading_duration":1171,"execution_duration":4708,"uploading_duration":622,"executable":"ellipsoids-openmp","args":["0.dat","021.log","021.xoutput"],"id":27,"resource":"1024","request_start":1576628220028,"request_end":1576628227419,"request_duration":7391,"type":"1024"}
{"start":1576628220869,"end":1576628227393,"duration":6524,"downloading_duration":1228,"execution_duration":4677,"uploading_duration":619,"executable":"ellipsoids-openmp","args":["0.dat","023.log","023.xoutput"],"id":29,"resource":"1024","request_start":1576628220029,"request_end":1576628227423,"request_duration":7394,"type":"1024"}
{"start":1576628220914,"end":1576628227393,"duration":6479,"downloading_duration":1220,"execution_duration":4676,"uploading_duration":583,"executable":"ellipsoids-openmp","args":["0.dat","044.log","044.xoutput"],"id":50,"resource":"1024","request_start":1576628220050,"request_end":1576628227424,"request_duration":7374,"type":"1024"}
{"start":1576628220864,"end":1576628227395,"duration":6531,"downloading_duration":1324,"execution_duration":4629,"uploading_duration":578,"executable":"ellipsoids-openmp","args":["0.dat","015.log","015.xoutput"],"id":21,"resource":"1024","request_start":1576628220018,"request_end":1576628227427,"request_duration":7409,"type":"1024"}
{"start":1576628220857,"end":1576628227415,"duration":6558,"downloading_duration":1297,"execution_duration":4686,"uploading_duration":575,"executable":"ellipsoids-openmp","args":["0.dat","019.log","019.xoutput"],"id":25,"resource":"1024","request_start":1576628220026,"request_end":1576628227435,"request_duration":7409,"type":"1024"}
{"start":1576628220854,"end":1576628227430,"duration":6576,"downloading_duration":1189,"execution_duration":4800,"uploading_duration":587,"executable":"ellipsoids-openmp","args":["0.dat","022.log","022.xoutput"],"id":28,"resource":"1024","request_start":1576628220029,"request_end":1576628227454,"request_duration":7425,"type":"1024"}
{"start":1576628220944,"end":1576628227434,"duration":6490,"downloading_duration":1224,"execution_duration":4697,"uploading_duration":569,"executable":"ellipsoids-openmp","args":["0.dat","047.log","047.xoutput"],"id":53,"resource":"1024","request_start":1576628220052,"request_end":1576628227462,"request_duration":7410,"type":"1024"}
{"start":1576628220842,"end":1576628227436,"duration":6594,"downloading_duration":1243,"execution_duration":4765,"uploading_duration":586,"executable":"ellipsoids-openmp","args":["0.dat","014.log","014.xoutput"],"id":20,"resource":"1024","request_start":1576628220017,"request_end":1576628227464,"request_duration":7447,"type":"1024"}
{"start":1576628220851,"end":1576628227437,"duration":6586,"downloading_duration":1240,"execution_duration":4716,"uploading_duration":630,"executable":"ellipsoids-openmp","args":["0.dat","039.log","039.xoutput"],"id":45,"resource":"1024","request_start":1576628220045,"request_end":1576628227465,"request_duration":7420,"type":"1024"}
{"start":1576628220870,"end":1576628227438,"duration":6568,"downloading_duration":1269,"execution_duration":4700,"uploading_duration":599,"executable":"ellipsoids-openmp","args":["0.dat","031.log","031.xoutput"],"id":37,"resource":"1024","request_start":1576628220036,"request_end":1576628227465,"request_duration":7429,"type":"1024"}
{"start":1576628220918,"end":1576628227438,"duration":6520,"downloading_duration":1253,"execution_duration":4665,"uploading_duration":602,"executable":"ellipsoids-openmp","args":["0.dat","041.log","041.xoutput"],"id":47,"resource":"1024","request_start":1576628220047,"request_end":1576628227468,"request_duration":7421,"type":"1024"}
{"start":1576628220953,"end":1576628227442,"duration":6489,"downloading_duration":1198,"execution_duration":4645,"uploading_duration":646,"executable":"ellipsoids-openmp","args":["0.dat","046.log","046.xoutput"],"id":52,"resource":"1024","request_start":1576628220051,"request_end":1576628227476,"request_duration":7425,"type":"1024"}
{"start":1576628220873,"end":1576628227448,"duration":6575,"downloading_duration":1221,"execution_duration":4735,"uploading_duration":619,"executable":"ellipsoids-openmp","args":["0.dat","011.log","011.xoutput"],"id":17,"resource":"1024","request_start":1576628220014,"request_end":1576628227486,"request_duration":7472,"type":"1024"}
{"start":1576628220883,"end":1576628227449,"duration":6566,"downloading_duration":1227,"execution_duration":4724,"uploading_duration":615,"executable":"ellipsoids-openmp","args":["0.dat","025.log","025.xoutput"],"id":31,"resource":"1024","request_start":1576628220031,"request_end":1576628227488,"request_duration":7457,"type":"1024"}
{"start":1576628220950,"end":1576628227458,"duration":6508,"downloading_duration":1145,"execution_duration":4744,"uploading_duration":619,"executable":"ellipsoids-openmp","args":["0.dat","049.log","049.xoutput"],"id":55,"resource":"1024","request_start":1576628220054,"request_end":1576628227490,"request_duration":7436,"type":"1024"}
{"start":1576628220934,"end":1576628227477,"duration":6543,"downloading_duration":1267,"execution_duration":4682,"uploading_duration":594,"executable":"ellipsoids-openmp","args":["0.dat","012.log","012.xoutput"],"id":18,"resource":"1024","request_start":1576628220015,"request_end":1576628227541,"request_duration":7526,"type":"1024"}
{"start":1576628220789,"end":1576628227481,"duration":6692,"downloading_duration":1264,"execution_duration":4751,"uploading_duration":677,"executable":"ellipsoids-openmp","args":["0.dat","04.log","04.xoutput"],"id":10,"resource":"1024","request_start":1576628220003,"request_end":1576628227544,"request_duration":7541,"type":"1024"}
{"start":1576628220925,"end":1576628227499,"duration":6574,"downloading_duration":1285,"execution_duration":4677,"uploading_duration":612,"executable":"ellipsoids-openmp","args":["0.dat","033.log","033.xoutput"],"id":39,"resource":"1024","request_start":1576628220038,"request_end":1576628227547,"request_duration":7509,"type":"1024"}
{"start":1576628220913,"end":1576628227511,"duration":6598,"downloading_duration":1180,"execution_duration":4835,"uploading_duration":583,"executable":"ellipsoids-openmp","args":["0.dat","043.log","043.xoutput"],"id":49,"resource":"1024","request_start":1576628220049,"request_end":1576628227553,"request_duration":7504,"type":"1024"}
{"start":1576628220883,"end":1576628227530,"duration":6647,"downloading_duration":1190,"execution_duration":4864,"uploading_duration":593,"executable":"ellipsoids-openmp","args":["0.dat","016.log","016.xoutput"],"id":22,"resource":"1024","request_start":1576628220019,"request_end":1576628227563,"request_duration":7544,"type":"1024"}
{"start":1576628220952,"end":1576628227551,"duration":6599,"downloading_duration":1252,"execution_duration":4765,"uploading_duration":582,"executable":"ellipsoids-openmp","args":["0.dat","048.log","048.xoutput"],"id":54,"resource":"1024","request_start":1576628220053,"request_end":1576628227590,"request_duration":7537,"type":"1024"}
{"start":1576628220869,"end":1576628227557,"duration":6688,"downloading_duration":1224,"execution_duration":4863,"uploading_duration":601,"executable":"ellipsoids-openmp","args":["0.dat","027.log","027.xoutput"],"id":33,"resource":"1024","request_start":1576628220033,"request_end":1576628227592,"request_duration":7559,"type":"1024"}
{"start":1576628220871,"end":1576628227558,"duration":6687,"downloading_duration":1251,"execution_duration":4859,"uploading_duration":577,"executable":"ellipsoids-openmp","args":["0.dat","020.log","020.xoutput"],"id":26,"resource":"1024","request_start":1576628220027,"request_end":1576628227596,"request_duration":7569,"type":"1024"}
{"start":1576628220872,"end":1576628227560,"duration":6688,"downloading_duration":1319,"execution_duration":4761,"uploading_duration":608,"executable":"ellipsoids-openmp","args":["0.dat","026.log","026.xoutput"],"id":32,"resource":"1024","request_start":1576628220032,"request_end":1576628227598,"request_duration":7566,"type":"1024"}
{"start":1576628220913,"end":1576628227563,"duration":6650,"downloading_duration":1343,"execution_duration":4726,"uploading_duration":581,"executable":"ellipsoids-openmp","args":["0.dat","035.log","035.xoutput"],"id":41,"resource":"1024","request_start":1576628220041,"request_end":1576628227602,"request_duration":7561,"type":"1024"}
{"start":1576628220861,"end":1576628227587,"duration":6726,"downloading_duration":1337,"execution_duration":4786,"uploading_duration":603,"executable":"ellipsoids-openmp","args":["0.dat","028.log","028.xoutput"],"id":34,"resource":"1024","request_start":1576628220034,"request_end":1576628227611,"request_duration":7577,"type":"1024"}
{"start":1576628220860,"end":1576628227589,"duration":6729,"downloading_duration":1207,"execution_duration":4887,"uploading_duration":635,"executable":"ellipsoids-openmp","args":["0.dat","037.log","037.xoutput"],"id":43,"resource":"1024","request_start":1576628220042,"request_end":1576628227614,"request_duration":7572,"type":"1024"}
{"start":1576628220845,"end":1576628227599,"duration":6754,"downloading_duration":1179,"execution_duration":4971,"uploading_duration":604,"executable":"ellipsoids-openmp","args":["0.dat","018.log","018.xoutput"],"id":24,"resource":"1024","request_start":1576628220024,"request_end":1576628227621,"request_duration":7597,"type":"1024"}
{"start":1576628220800,"end":1576628227638,"duration":6838,"downloading_duration":1264,"execution_duration":4901,"uploading_duration":673,"executable":"ellipsoids-openmp","args":["0.dat","08.log","08.xoutput"],"id":14,"resource":"1024","request_start":1576628220010,"request_end":1576628227657,"request_duration":7647,"type":"1024"}
{"start":1576628220874,"end":1576628227649,"duration":6775,"downloading_duration":1399,"execution_duration":4771,"uploading_duration":605,"executable":"ellipsoids-openmp","args":["0.dat","040.log","040.xoutput"],"id":46,"resource":"1024","request_start":1576628220046,"request_end":1576628227672,"request_duration":7626,"type":"1024"}
{"start":1576628220946,"end":1576628227729,"duration":6783,"downloading_duration":1423,"execution_duration":4781,"uploading_duration":579,"executable":"ellipsoids-openmp","args":["0.dat","045.log","045.xoutput"],"id":51,"resource":"1024","request_start":1576628220051,"request_end":1576628227752,"request_duration":7701,"type":"1024"}
{"start":1576628220939,"end":1576628227734,"duration":6795,"downloading_duration":1364,"execution_duration":4821,"uploading_duration":610,"executable":"ellipsoids-openmp","args":["0.dat","042.log","042.xoutput"],"id":48,"resource":"1024","request_start":1576628220048,"request_end":1576628227765,"request_duration":7717,"type":"1024"}
{"start":1576628220871,"end":1576628227975,"duration":7104,"downloading_duration":1512,"execution_duration":4759,"uploading_duration":833,"executable":"ellipsoids-openmp","args":["0.dat","029.log","029.xoutput"],"id":35,"resource":"1024","request_start":1576628220035,"request_end":1576628227997,"request_duration":7962,"type":"1024"}
{"start":1576628226496,"end":1576628232375,"duration":5879,"downloading_duration":1131,"execution_duration":4180,"uploading_duration":568,"executable":"ellipsoids-openmp","args":["3.dat","30.log","30.xoutput"],"id":156,"resource":"1024","request_start":1576628220743,"request_end":1576628232396,"request_duration":11653,"type":"1024"}
{"start":1576628226955,"end":1576628232879,"duration":5924,"downloading_duration":1108,"execution_duration":4161,"uploading_duration":655,"executable":"ellipsoids-openmp","args":["3.dat","31.log","31.xoutput"],"id":157,"resource":"1024","request_start":1576628220744,"request_end":1576628232900,"request_duration":12156,"type":"1024"}
{"start":1576628227161,"end":1576628233163,"duration":6002,"downloading_duration":1096,"execution_duration":4337,"uploading_duration":569,"executable":"ellipsoids-openmp","args":["3.dat","33.log","33.xoutput"],"id":159,"resource":"1024","request_start":1576628220745,"request_end":1576628233279,"request_duration":12534,"type":"1024"}
{"start":1576628227129,"end":1576628233175,"duration":6046,"downloading_duration":1109,"execution_duration":4336,"uploading_duration":601,"executable":"ellipsoids-openmp","args":["3.dat","32.log","32.xoutput"],"id":158,"resource":"1024","request_start":1576628220744,"request_end":1576628233282,"request_duration":12538,"type":"1024"}
{"start":1576628227425,"end":1576628233194,"duration":5769,"downloading_duration":1042,"execution_duration":4164,"uploading_duration":563,"executable":"ellipsoids-openmp","args":["3.dat","37.log","37.xoutput"],"id":163,"resource":"1024","request_start":1576628220748,"request_end":1576628233289,"request_duration":12541,"type":"1024"}
{"start":1576628227166,"end":1576628233263,"duration":6097,"downloading_duration":1019,"execution_duration":4464,"uploading_duration":614,"executable":"ellipsoids-openmp","args":["3.dat","34.log","34.xoutput"],"id":160,"resource":"1024","request_start":1576628220746,"request_end":1576628233292,"request_duration":12546,"type":"1024"}
{"start":1576628227427,"end":1576628233278,"duration":5851,"downloading_duration":1013,"execution_duration":4261,"uploading_duration":577,"executable":"ellipsoids-openmp","args":["3.dat","38.log","38.xoutput"],"id":164,"resource":"1024","request_start":1576628220749,"request_end":1576628233299,"request_duration":12550,"type":"1024"}
{"start":1576628227425,"end":1576628233282,"duration":5857,"downloading_duration":1003,"execution_duration":4276,"uploading_duration":578,"executable":"ellipsoids-openmp","args":["3.dat","39.log","39.xoutput"],"id":165,"resource":"1024","request_start":1576628220750,"request_end":1576628233303,"request_duration":12553,"type":"1024"}
{"start":1576628227437,"end":1576628233316,"duration":5879,"downloading_duration":1002,"execution_duration":4277,"uploading_duration":600,"executable":"ellipsoids-openmp","args":["3.dat","313.log","313.xoutput"],"id":169,"resource":"1024","request_start":1576628220752,"request_end":1576628233336,"request_duration":12584,"type":"1024"}
{"start":1576628227430,"end":1576628233327,"duration":5897,"downloading_duration":1038,"execution_duration":4267,"uploading_duration":592,"executable":"ellipsoids-openmp","args":["3.dat","311.log","311.xoutput"],"id":167,"resource":"1024","request_start":1576628220751,"request_end":1576628233345,"request_duration":12594,"type":"1024"}
{"start":1576628227444,"end":1576628233364,"duration":5920,"downloading_duration":1005,"execution_duration":4337,"uploading_duration":578,"executable":"ellipsoids-openmp","args":["3.dat","315.log","315.xoutput"],"id":171,"resource":"1024","request_start":1576628220754,"request_end":1576628233385,"request_duration":12631,"type":"1024"}
{"start":1576628227449,"end":1576628233394,"duration":5945,"downloading_duration":1000,"execution_duration":4356,"uploading_duration":589,"executable":"ellipsoids-openmp","args":["3.dat","317.log","317.xoutput"],"id":173,"resource":"1024","request_start":1576628220755,"request_end":1576628233414,"request_duration":12659,"type":"1024"}
{"start":1576628227422,"end":1576628233423,"duration":6001,"downloading_duration":1092,"execution_duration":4278,"uploading_duration":631,"executable":"ellipsoids-openmp","args":["3.dat","35.log","35.xoutput"],"id":161,"resource":"1024","request_start":1576628220747,"request_end":1576628233443,"request_duration":12696,"type":"1024"}
{"start":1576628227455,"end":1576628233428,"duration":5973,"downloading_duration":1072,"execution_duration":4284,"uploading_duration":617,"executable":"ellipsoids-openmp","args":["3.dat","320.log","320.xoutput"],"id":176,"resource":"1024","request_start":1576628220756,"request_end":1576628233451,"request_duration":12695,"type":"1024"}
{"start":1576628227593,"end":1576628233429,"duration":5836,"downloading_duration":1026,"execution_duration":4200,"uploading_duration":610,"executable":"ellipsoids-openmp","args":["3.dat","336.log","336.xoutput"],"id":192,"resource":"1024","request_start":1576628220768,"request_end":1576628233452,"request_duration":12684,"type":"1024"}
{"start":1576628227521,"end":1576628233446,"duration":5925,"downloading_duration":1022,"execution_duration":4302,"uploading_duration":601,"executable":"ellipsoids-openmp","args":["3.dat","330.log","330.xoutput"],"id":186,"resource":"1024","request_start":1576628220765,"request_end":1576628233465,"request_duration":12700,"type":"1024"}
{"start":1576628227423,"end":1576628233448,"duration":6025,"downloading_duration":1044,"execution_duration":4385,"uploading_duration":596,"executable":"ellipsoids-openmp","args":["3.dat","36.log","36.xoutput"],"id":162,"resource":"1024","request_start":1576628220747,"request_end":1576628233467,"request_duration":12720,"type":"1024"}
{"start":1576628227487,"end":1576628233453,"duration":5966,"downloading_duration":1004,"execution_duration":4338,"uploading_duration":624,"executable":"ellipsoids-openmp","args":["3.dat","323.log","323.xoutput"],"id":179,"resource":"1024","request_start":1576628220758,"request_end":1576628233471,"request_duration":12713,"type":"1024"}
{"start":1576628227637,"end":1576628233453,"duration":5816,"downloading_duration":1048,"execution_duration":4178,"uploading_duration":590,"executable":"ellipsoids-openmp","args":["3.dat","342.log","342.xoutput"],"id":198,"resource":"1024","request_start":1576628220772,"request_end":1576628233474,"request_duration":12702,"type":"1024"}
{"start":1576628227437,"end":1576628233458,"duration":6021,"downloading_duration":1125,"execution_duration":4297,"uploading_duration":599,"executable":"ellipsoids-openmp","args":["3.dat","314.log","314.xoutput"],"id":170,"resource":"1024","request_start":1576628220753,"request_end":1576628233481,"request_duration":12728,"type":"1024"}
{"start":1576628227520,"end":1576628233473,"duration":5953,"downloading_duration":1094,"execution_duration":4241,"uploading_duration":618,"executable":"ellipsoids-openmp","args":["3.dat","329.log","329.xoutput"],"id":185,"resource":"1024","request_start":1576628220764,"request_end":1576628233492,"request_duration":12728,"type":"1024"}
{"start":1576628227498,"end":1576628233529,"duration":6031,"downloading_duration":1101,"execution_duration":4308,"uploading_duration":622,"executable":"ellipsoids-openmp","args":["3.dat","325.log","325.xoutput"],"id":181,"resource":"1024","request_start":1576628220759,"request_end":1576628233552,"request_duration":12793,"type":"1024"}
{"start":1576628227464,"end":1576628233541,"duration":6077,"downloading_duration":1043,"execution_duration":4381,"uploading_duration":653,"executable":"ellipsoids-openmp","args":["3.dat","321.log","321.xoutput"],"id":177,"resource":"1024","request_start":1576628220757,"request_end":1576628233560,"request_duration":12803,"type":"1024"}
{"start":1576628227425,"end":1576628233542,"duration":6117,"downloading_duration":1147,"execution_duration":4402,"uploading_duration":568,"executable":"ellipsoids-openmp","args":["3.dat","310.log","310.xoutput"],"id":166,"resource":"1024","request_start":1576628220751,"request_end":1576628233562,"request_duration":12811,"type":"1024"}
{"start":1576628227455,"end":1576628233559,"duration":6104,"downloading_duration":1017,"execution_duration":4439,"uploading_duration":648,"executable":"ellipsoids-openmp","args":["3.dat","319.log","319.xoutput"],"id":175,"resource":"1024","request_start":1576628220756,"request_end":1576628233579,"request_duration":12823,"type":"1024"}
{"start":1576628227686,"end":1576628233562,"duration":5876,"downloading_duration":1008,"execution_duration":4245,"uploading_duration":623,"executable":"ellipsoids-openmp","args":["3.dat","345.log","345.xoutput"],"id":201,"resource":"1024","request_start":1576628220773,"request_end":1576628233584,"request_duration":12811,"type":"1024"}
{"start":1576628227522,"end":1576628233584,"duration":6062,"downloading_duration":1207,"execution_duration":4268,"uploading_duration":587,"executable":"ellipsoids-openmp","args":["3.dat","331.log","331.xoutput"],"id":187,"resource":"1024","request_start":1576628220765,"request_end":1576628233604,"request_duration":12839,"type":"1024"}
{"start":1576628227500,"end":1576628233590,"duration":6090,"downloading_duration":1008,"execution_duration":4419,"uploading_duration":663,"executable":"ellipsoids-openmp","args":["3.dat","328.log","328.xoutput"],"id":184,"resource":"1024","request_start":1576628220761,"request_end":1576628233611,"request_duration":12850,"type":"1024"}
{"start":1576628227429,"end":1576628233593,"duration":6164,"downloading_duration":1119,"execution_duration":4410,"uploading_duration":635,"executable":"ellipsoids-openmp","args":["3.dat","312.log","312.xoutput"],"id":168,"resource":"1024","request_start":1576628220752,"request_end":1576628233613,"request_duration":12861,"type":"1024"}
{"start":1576628227628,"end":1576628233612,"duration":5984,"downloading_duration":1090,"execution_duration":4282,"uploading_duration":612,"executable":"ellipsoids-openmp","args":["3.dat","339.log","339.xoutput"],"id":195,"resource":"1024","request_start":1576628220770,"request_end":1576628233637,"request_duration":12867,"type":"1024"}
{"start":1576628227585,"end":1576628233612,"duration":6027,"downloading_duration":1095,"execution_duration":4335,"uploading_duration":597,"executable":"ellipsoids-openmp","args":["3.dat","333.log","333.xoutput"],"id":189,"resource":"1024","request_start":1576628220766,"request_end":1576628233639,"request_duration":12873,"type":"1024"}
{"start":1576628227584,"end":1576628233614,"duration":6030,"downloading_duration":1073,"execution_duration":4349,"uploading_duration":608,"executable":"ellipsoids-openmp","args":["3.dat","334.log","334.xoutput"],"id":190,"resource":"1024","request_start":1576628220767,"request_end":1576628233641,"request_duration":12874,"type":"1024"}
{"start":1576628227451,"end":1576628233620,"duration":6169,"downloading_duration":1180,"execution_duration":4349,"uploading_duration":640,"executable":"ellipsoids-openmp","args":["3.dat","318.log","318.xoutput"],"id":174,"resource":"1024","request_start":1576628220755,"request_end":1576628233643,"request_duration":12888,"type":"1024"}
{"start":1576628227481,"end":1576628233633,"duration":6152,"downloading_duration":1090,"execution_duration":4462,"uploading_duration":600,"executable":"ellipsoids-openmp","args":["3.dat","322.log","322.xoutput"],"id":178,"resource":"1024","request_start":1576628220757,"request_end":1576628233652,"request_duration":12895,"type":"1024"}
{"start":1576628227492,"end":1576628233634,"duration":6142,"downloading_duration":1047,"execution_duration":4423,"uploading_duration":672,"executable":"ellipsoids-openmp","args":["3.dat","324.log","324.xoutput"],"id":180,"resource":"1024","request_start":1576628220758,"request_end":1576628233665,"request_duration":12907,"type":"1024"}
{"start":1576628227698,"end":1576628233636,"duration":5938,"downloading_duration":1112,"execution_duration":4030,"uploading_duration":796,"executable":"ellipsoids-openmp","args":["3.dat","346.log","346.xoutput"],"id":202,"resource":"1024","request_start":1576628220774,"request_end":1576628233668,"request_duration":12894,"type":"1024"}
{"start":1576628227493,"end":1576628233647,"duration":6154,"downloading_duration":1161,"execution_duration":4400,"uploading_duration":593,"executable":"ellipsoids-openmp","args":["3.dat","326.log","326.xoutput"],"id":182,"resource":"1024","request_start":1576628220759,"request_end":1576628233669,"request_duration":12910,"type":"1024"}
{"start":1576628227634,"end":1576628233647,"duration":6013,"downloading_duration":1012,"execution_duration":4423,"uploading_duration":578,"executable":"ellipsoids-openmp","args":["3.dat","341.log","341.xoutput"],"id":197,"resource":"1024","request_start":1576628220771,"request_end":1576628233676,"request_duration":12905,"type":"1024"}
{"start":1576628227586,"end":1576628233649,"duration":6063,"downloading_duration":1031,"execution_duration":4430,"uploading_duration":602,"executable":"ellipsoids-openmp","args":["3.dat","332.log","332.xoutput"],"id":188,"resource":"1024","request_start":1576628220766,"request_end":1576628233677,"request_duration":12911,"type":"1024"}
{"start":1576628227779,"end":1576628233681,"duration":5902,"downloading_duration":1008,"execution_duration":4275,"uploading_duration":619,"executable":"ellipsoids-openmp","args":["3.dat","347.log","347.xoutput"],"id":203,"resource":"1024","request_start":1576628220774,"request_end":1576628233701,"request_duration":12927,"type":"1024"}
{"start":1576628227642,"end":1576628233688,"duration":6046,"downloading_duration":1077,"execution_duration":4396,"uploading_duration":573,"executable":"ellipsoids-openmp","args":["3.dat","343.log","343.xoutput"],"id":199,"resource":"1024","request_start":1576628220772,"request_end":1576628233712,"request_duration":12940,"type":"1024"}
{"start":1576628227649,"end":1576628233712,"duration":6063,"downloading_duration":1173,"execution_duration":4304,"uploading_duration":586,"executable":"ellipsoids-openmp","args":["3.dat","344.log","344.xoutput"],"id":200,"resource":"1024","request_start":1576628220773,"request_end":1576628233732,"request_duration":12959,"type":"1024"}
{"start":1576628227627,"end":1576628233734,"duration":6107,"downloading_duration":1062,"execution_duration":4439,"uploading_duration":606,"executable":"ellipsoids-openmp","args":["3.dat","340.log","340.xoutput"],"id":196,"resource":"1024","request_start":1576628220770,"request_end":1576628233753,"request_duration":12983,"type":"1024"}
{"start":1576628227495,"end":1576628233735,"duration":6240,"downloading_duration":1040,"execution_duration":4433,"uploading_duration":767,"executable":"ellipsoids-openmp","args":["3.dat","327.log","327.xoutput"],"id":183,"resource":"1024","request_start":1576628220760,"request_end":1576628233755,"request_duration":12995,"type":"1024"}
{"start":1576628227586,"end":1576628233804,"duration":6218,"downloading_duration":1126,"execution_duration":4420,"uploading_duration":672,"executable":"ellipsoids-openmp","args":["3.dat","335.log","335.xoutput"],"id":191,"resource":"1024","request_start":1576628220767,"request_end":1576628233825,"request_duration":13058,"type":"1024"}
{"start":1576628227621,"end":1576628233823,"duration":6202,"downloading_duration":1160,"execution_duration":4450,"uploading_duration":592,"executable":"ellipsoids-openmp","args":["3.dat","337.log","337.xoutput"],"id":193,"resource":"1024","request_start":1576628220769,"request_end":1576628233842,"request_duration":13073,"type":"1024"}
{"start":1576628227797,"end":1576628233851,"duration":6054,"downloading_duration":1098,"execution_duration":4360,"uploading_duration":596,"executable":"ellipsoids-openmp","args":["3.dat","348.log","348.xoutput"],"id":204,"resource":"1024","request_start":1576628220775,"request_end":1576628233870,"request_duration":13095,"type":"1024"}
{"start":1576628227453,"end":1576628233929,"duration":6476,"downloading_duration":1375,"execution_duration":4448,"uploading_duration":653,"executable":"ellipsoids-openmp","args":["3.dat","316.log","316.xoutput"],"id":172,"resource":"1024","request_start":1576628220754,"request_end":1576628233952,"request_duration":13198,"type":"1024"}
{"start":1576628227624,"end":1576628233958,"duration":6334,"downloading_duration":1256,"execution_duration":4444,"uploading_duration":634,"executable":"ellipsoids-openmp","args":["3.dat","338.log","338.xoutput"],"id":194,"resource":"1024","request_start":1576628220769,"request_end":1576628233977,"request_duration":13208,"type":"1024"}
{"start":1576628228027,"end":1576628234084,"duration":6057,"downloading_duration":998,"execution_duration":4475,"uploading_duration":584,"executable":"ellipsoids-openmp","args":["3.dat","349.log","349.xoutput"],"id":205,"resource":"1024","request_start":1576628220775,"request_end":1576628234105,"request_duration":13330,"type":"1024"}
{"start":1576628232423,"end":1576628238766,"duration":6343,"downloading_duration":1121,"execution_duration":4618,"uploading_duration":604,"executable":"ellipsoids-openmp","args":["2.dat","20.log","20.xoutput"],"id":106,"resource":"1024","request_start":1576628220829,"request_end":1576628238789,"request_duration":17960,"type":"1024"}
{"start":1576628232926,"end":1576628239137,"duration":6211,"downloading_duration":999,"execution_duration":4622,"uploading_duration":590,"executable":"ellipsoids-openmp","args":["2.dat","21.log","21.xoutput"],"id":107,"resource":"1024","request_start":1576628220830,"request_end":1576628239238,"request_duration":18408,"type":"1024"}
{"start":1576628233307,"end":1576628239462,"duration":6155,"downloading_duration":1036,"execution_duration":4504,"uploading_duration":615,"executable":"ellipsoids-openmp","args":["2.dat","22.log","22.xoutput"],"id":108,"resource":"1024","request_start":1576628220831,"request_end":1576628239482,"request_duration":18651,"type":"1024"}
{"start":1576628233325,"end":1576628239473,"duration":6148,"downloading_duration":1090,"execution_duration":4497,"uploading_duration":561,"executable":"ellipsoids-openmp","args":["2.dat","26.log","26.xoutput"],"id":112,"resource":"1024","request_start":1576628220833,"request_end":1576628239492,"request_duration":18659,"type":"1024"}
{"start":1576628233329,"end":1576628239603,"duration":6274,"downloading_duration":1030,"execution_duration":4635,"uploading_duration":609,"executable":"ellipsoids-openmp","args":["2.dat","27.log","27.xoutput"],"id":113,"resource":"1024","request_start":1576628220833,"request_end":1576628239626,"request_duration":18793,"type":"1024"}
{"start":1576628233324,"end":1576628239608,"duration":6284,"downloading_duration":1050,"execution_duration":4624,"uploading_duration":610,"executable":"ellipsoids-openmp","args":["2.dat","25.log","25.xoutput"],"id":111,"resource":"1024","request_start":1576628220832,"request_end":1576628239631,"request_duration":18799,"type":"1024"}
{"start":1576628233313,"end":1576628239634,"duration":6321,"downloading_duration":1125,"execution_duration":4641,"uploading_duration":555,"executable":"ellipsoids-openmp","args":["2.dat","23.log","23.xoutput"],"id":109,"resource":"1024","request_start":1576628220831,"request_end":1576628239653,"request_duration":18822,"type":"1024"}
{"start":1576628233372,"end":1576628239652,"duration":6280,"downloading_duration":991,"execution_duration":4706,"uploading_duration":583,"executable":"ellipsoids-openmp","args":["2.dat","29.log","29.xoutput"],"id":115,"resource":"1024","request_start":1576628220834,"request_end":1576628239670,"request_duration":18836,"type":"1024"}
{"start":1576628233438,"end":1576628239655,"duration":6217,"downloading_duration":985,"execution_duration":4671,"uploading_duration":561,"executable":"ellipsoids-openmp","args":["2.dat","211.log","211.xoutput"],"id":117,"resource":"1024","request_start":1576628220835,"request_end":1576628239674,"request_duration":18839,"type":"1024"}
{"start":1576628233499,"end":1576628239660,"duration":6161,"downloading_duration":1012,"execution_duration":4538,"uploading_duration":611,"executable":"ellipsoids-openmp","args":["2.dat","216.log","216.xoutput"],"id":122,"resource":"1024","request_start":1576628220838,"request_end":1576628239679,"request_duration":18841,"type":"1024"}
{"start":1576628233631,"end":1576628239663,"duration":6032,"downloading_duration":1022,"execution_duration":4419,"uploading_duration":591,"executable":"ellipsoids-openmp","args":["2.dat","226.log","226.xoutput"],"id":132,"resource":"1024","request_start":1576628220843,"request_end":1576628239682,"request_duration":18839,"type":"1024"}
{"start":1576628233483,"end":1576628239688,"duration":6205,"downloading_duration":1003,"execution_duration":4601,"uploading_duration":601,"executable":"ellipsoids-openmp","args":["2.dat","214.log","214.xoutput"],"id":120,"resource":"1024","request_start":1576628220837,"request_end":1576628239705,"request_duration":18868,"type":"1024"}
{"start":1576628233614,"end":1576628239712,"duration":6098,"downloading_duration":1021,"execution_duration":4466,"uploading_duration":611,"executable":"ellipsoids-openmp","args":["2.dat","225.log","225.xoutput"],"id":131,"resource":"1024","request_start":1576628220843,"request_end":1576628239732,"request_duration":18889,"type":"1024"}
{"start":1576628233588,"end":1576628239720,"duration":6132,"downloading_duration":1075,"execution_duration":4470,"uploading_duration":587,"executable":"ellipsoids-openmp","args":["2.dat","222.log","222.xoutput"],"id":128,"resource":"1024","request_start":1576628220841,"request_end":1576628239741,"request_duration":18900,"type":"1024"}
{"start":1576628233321,"end":1576628239728,"duration":6407,"downloading_duration":1040,"execution_duration":4780,"uploading_duration":587,"executable":"ellipsoids-openmp","args":["2.dat","24.log","24.xoutput"],"id":110,"resource":"1024","request_start":1576628220832,"request_end":1576628239752,"request_duration":18920,"type":"1024"}
{"start":1576628233476,"end":1576628239772,"duration":6296,"downloading_duration":1057,"execution_duration":4594,"uploading_duration":645,"executable":"ellipsoids-openmp","args":["2.dat","213.log","213.xoutput"],"id":119,"resource":"1024","request_start":1576628220837,"request_end":1576628239791,"request_duration":18954,"type":"1024"}
{"start":1576628233361,"end":1576628239778,"duration":6417,"downloading_duration":1086,"execution_duration":4750,"uploading_duration":581,"executable":"ellipsoids-openmp","args":["2.dat","28.log","28.xoutput"],"id":114,"resource":"1024","request_start":1576628220834,"request_end":1576628239796,"request_duration":18962,"type":"1024"}
{"start":1576628233470,"end":1576628239779,"duration":6309,"downloading_duration":1089,"execution_duration":4618,"uploading_duration":602,"executable":"ellipsoids-openmp","args":["2.dat","212.log","212.xoutput"],"id":118,"resource":"1024","request_start":1576628220836,"request_end":1576628239800,"request_duration":18964,"type":"1024"}
{"start":1576628233511,"end":1576628239780,"duration":6269,"downloading_duration":1091,"execution_duration":4575,"uploading_duration":603,"executable":"ellipsoids-openmp","args":["2.dat","219.log","219.xoutput"],"id":125,"resource":"1024","request_start":1576628220840,"request_end":1576628239801,"request_duration":18961,"type":"1024"}
{"start":1576628233643,"end":1576628239781,"duration":6138,"downloading_duration":1048,"execution_duration":4485,"uploading_duration":605,"executable":"ellipsoids-openmp","args":["2.dat","228.log","228.xoutput"],"id":134,"resource":"1024","request_start":1576628220844,"request_end":1576628239804,"request_duration":18960,"type":"1024"}
{"start":1576628233412,"end":1576628239795,"duration":6383,"downloading_duration":1113,"execution_duration":4660,"uploading_duration":610,"executable":"ellipsoids-openmp","args":["2.dat","210.log","210.xoutput"],"id":116,"resource":"1024","request_start":1576628220835,"request_end":1576628239816,"request_duration":18981,"type":"1024"}
{"start":1576628233607,"end":1576628239806,"duration":6199,"downloading_duration":988,"execution_duration":4627,"uploading_duration":584,"executable":"ellipsoids-openmp","args":["2.dat","224.log","224.xoutput"],"id":130,"resource":"1024","request_start":1576628220842,"request_end":1576628239824,"request_duration":18982,"type":"1024"}
{"start":1576628233502,"end":1576628239844,"duration":6342,"downloading_duration":1019,"execution_duration":4680,"uploading_duration":643,"executable":"ellipsoids-openmp","args":["2.dat","218.log","218.xoutput"],"id":124,"resource":"1024","request_start":1576628220839,"request_end":1576628239862,"request_duration":19023,"type":"1024"}
{"start":1576628233737,"end":1576628239848,"duration":6111,"downloading_duration":1042,"execution_duration":4490,"uploading_duration":579,"executable":"ellipsoids-openmp","args":["2.dat","240.log","240.xoutput"],"id":146,"resource":"1024","request_start":1576628220850,"request_end":1576628239867,"request_duration":19017,"type":"1024"}
{"start":1576628233598,"end":1576628239849,"duration":6251,"downloading_duration":1062,"execution_duration":4623,"uploading_duration":566,"executable":"ellipsoids-openmp","args":["2.dat","223.log","223.xoutput"],"id":129,"resource":"1024","request_start":1576628220842,"request_end":1576628239872,"request_duration":19030,"type":"1024"}
{"start":1576628233663,"end":1576628239884,"duration":6221,"downloading_duration":1039,"execution_duration":4602,"uploading_duration":580,"executable":"ellipsoids-openmp","args":["2.dat","229.log","229.xoutput"],"id":135,"resource":"1024","request_start":1576628220845,"request_end":1576628239904,"request_duration":19059,"type":"1024"}
{"start":1576628233703,"end":1576628239907,"duration":6204,"downloading_duration":993,"execution_duration":4621,"uploading_duration":590,"executable":"ellipsoids-openmp","args":["2.dat","237.log","237.xoutput"],"id":143,"resource":"1024","request_start":1576628220849,"request_end":1576628239924,"request_duration":19075,"type":"1024"}
{"start":1576628233670,"end":1576628239910,"duration":6240,"downloading_duration":1089,"execution_duration":4593,"uploading_duration":558,"executable":"ellipsoids-openmp","args":["2.dat","231.log","231.xoutput"],"id":137,"resource":"1024","request_start":1576628220846,"request_end":1576628239929,"request_duration":19083,"type":"1024"}
{"start":1576628233517,"end":1576628239935,"duration":6418,"downloading_duration":1080,"execution_duration":4682,"uploading_duration":656,"executable":"ellipsoids-openmp","args":["2.dat","220.log","220.xoutput"],"id":126,"resource":"1024","request_start":1576628220840,"request_end":1576628239953,"request_duration":19113,"type":"1024"}
{"start":1576628233504,"end":1576628239935,"duration":6431,"downloading_duration":1121,"execution_duration":4681,"uploading_duration":629,"executable":"ellipsoids-openmp","args":["2.dat","217.log","217.xoutput"],"id":123,"resource":"1024","request_start":1576628220839,"request_end":1576628239956,"request_duration":19117,"type":"1024"}
{"start":1576628233785,"end":1576628239951,"duration":6166,"downloading_duration":1080,"execution_duration":4505,"uploading_duration":581,"executable":"ellipsoids-openmp","args":["2.dat","242.log","242.xoutput"],"id":148,"resource":"1024","request_start":1576628220851,"request_end":1576628239971,"request_duration":19120,"type":"1024"}
{"start":1576628233579,"end":1576628239953,"duration":6374,"downloading_duration":1101,"execution_duration":4644,"uploading_duration":629,"executable":"ellipsoids-openmp","args":["2.dat","221.log","221.xoutput"],"id":127,"resource":"1024","request_start":1576628220841,"request_end":1576628239974,"request_duration":19133,"type":"1024"}
{"start":1576628233678,"end":1576628239958,"duration":6280,"downloading_duration":995,"execution_duration":4676,"uploading_duration":609,"executable":"ellipsoids-openmp","args":["2.dat","233.log","233.xoutput"],"id":139,"resource":"1024","request_start":1576628220847,"request_end":1576628239982,"request_duration":19135,"type":"1024"}
{"start":1576628233703,"end":1576628239960,"duration":6257,"downloading_duration":1013,"execution_duration":4621,"uploading_duration":623,"executable":"ellipsoids-openmp","args":["2.dat","238.log","238.xoutput"],"id":144,"resource":"1024","request_start":1576628220849,"request_end":1576628239984,"request_duration":19135,"type":"1024"}
{"start":1576628233670,"end":1576628239970,"duration":6300,"downloading_duration":1042,"execution_duration":4659,"uploading_duration":599,"executable":"ellipsoids-openmp","args":["2.dat","232.log","232.xoutput"],"id":138,"resource":"1024","request_start":1576628220846,"request_end":1576628239992,"request_duration":19146,"type":"1024"}
{"start":1576628233701,"end":1576628239979,"duration":6278,"downloading_duration":1072,"execution_duration":4570,"uploading_duration":636,"executable":"ellipsoids-openmp","args":["2.dat","235.log","235.xoutput"],"id":141,"resource":"1024","request_start":1576628220848,"request_end":1576628239998,"request_duration":19150,"type":"1024"}
{"start":1576628233730,"end":1576628240009,"duration":6279,"downloading_duration":1022,"execution_duration":4655,"uploading_duration":602,"executable":"ellipsoids-openmp","args":["2.dat","239.log","239.xoutput"],"id":145,"resource":"1024","request_start":1576628220850,"request_end":1576628240032,"request_duration":19182,"type":"1024"}
{"start":1576628233639,"end":1576628240016,"duration":6377,"downloading_duration":1133,"execution_duration":4649,"uploading_duration":595,"executable":"ellipsoids-openmp","args":["2.dat","227.log","227.xoutput"],"id":133,"resource":"1024","request_start":1576628220844,"request_end":1576628240035,"request_duration":19191,"type":"1024"}
{"start":1576628233670,"end":1576628240042,"duration":6372,"downloading_duration":1009,"execution_duration":4744,"uploading_duration":619,"executable":"ellipsoids-openmp","args":["2.dat","230.log","230.xoutput"],"id":136,"resource":"1024","request_start":1576628220845,"request_end":1576628240062,"request_duration":19217,"type":"1024"}
{"start":1576628233788,"end":1576628240116,"duration":6328,"downloading_duration":1085,"execution_duration":4633,"uploading_duration":610,"executable":"ellipsoids-openmp","args":["2.dat","243.log","243.xoutput"],"id":149,"resource":"1024","request_start":1576628220852,"request_end":1576628240135,"request_duration":19283,"type":"1024"}
{"start":1576628233702,"end":1576628240119,"duration":6417,"downloading_duration":1170,"execution_duration":4644,"uploading_duration":603,"executable":"ellipsoids-openmp","args":["2.dat","236.log","236.xoutput"],"id":142,"resource":"1024","request_start":1576628220848,"request_end":1576628240138,"request_duration":19290,"type":"1024"}
{"start":1576628233893,"end":1576628240151,"duration":6258,"downloading_duration":1059,"execution_duration":4600,"uploading_duration":599,"executable":"ellipsoids-openmp","args":["2.dat","246.log","246.xoutput"],"id":152,"resource":"1024","request_start":1576628220854,"request_end":1576628240171,"request_duration":19317,"type":"1024"}
{"start":1576628233757,"end":1576628240153,"duration":6396,"downloading_duration":1126,"execution_duration":4680,"uploading_duration":590,"executable":"ellipsoids-openmp","args":["2.dat","241.log","241.xoutput"],"id":147,"resource":"1024","request_start":1576628220851,"request_end":1576628240174,"request_duration":19323,"type":"1024"}
{"start":1576628233492,"end":1576628240156,"duration":6664,"downloading_duration":1037,"execution_duration":4674,"uploading_duration":953,"executable":"ellipsoids-openmp","args":["2.dat","215.log","215.xoutput"],"id":121,"resource":"1024","request_start":1576628220838,"request_end":1576628240176,"request_duration":19338,"type":"1024"}
{"start":1576628233693,"end":1576628240170,"duration":6477,"downloading_duration":1088,"execution_duration":4746,"uploading_duration":643,"executable":"ellipsoids-openmp","args":["2.dat","234.log","234.xoutput"],"id":140,"resource":"1024","request_start":1576628220847,"request_end":1576628240192,"request_duration":19345,"type":"1024"}
{"start":1576628233851,"end":1576628240242,"duration":6391,"downloading_duration":1025,"execution_duration":4813,"uploading_duration":553,"executable":"ellipsoids-openmp","args":["2.dat","244.log","244.xoutput"],"id":150,"resource":"1024","request_start":1576628220852,"request_end":1576628240261,"request_duration":19409,"type":"1024"}
{"start":1576628234001,"end":1576628240357,"duration":6356,"downloading_duration":1052,"execution_duration":4740,"uploading_duration":564,"executable":"ellipsoids-openmp","args":["2.dat","248.log","248.xoutput"],"id":154,"resource":"1024","request_start":1576628220855,"request_end":1576628240377,"request_duration":19522,"type":"1024"}
{"start":1576628233871,"end":1576628240431,"duration":6560,"downloading_duration":1156,"execution_duration":4786,"uploading_duration":618,"executable":"ellipsoids-openmp","args":["2.dat","245.log","245.xoutput"],"id":151,"resource":"1024","request_start":1576628220853,"request_end":1576628240452,"request_duration":19599,"type":"1024"}
{"start":1576628234135,"end":1576628240469,"duration":6334,"downloading_duration":987,"execution_duration":4759,"uploading_duration":588,"executable":"ellipsoids-openmp","args":["2.dat","249.log","249.xoutput"],"id":155,"resource":"1024","request_start":1576628220855,"request_end":1576628240489,"request_duration":19634,"type":"1024"}
{"start":1576628233977,"end":1576628240485,"duration":6508,"downloading_duration":1108,"execution_duration":4726,"uploading_duration":674,"executable":"ellipsoids-openmp","args":["2.dat","247.log","247.xoutput"],"id":153,"resource":"1024","request_start":1576628220854,"request_end":1576628240507,"request_duration":19653,"type":"1024"}
{"start":1576628238823,"end":1576628245039,"duration":6216,"downloading_duration":1287,"execution_duration":4294,"uploading_duration":635,"executable":"ellipsoids-openmp","args":["1.dat","144.log","144.xoutput"],"id":100,"resource":"1024","request_start":1576628220870,"request_end":1576628245071,"request_duration":24201,"type":"1024"}
{"start":1576628239270,"end":1576628245400,"duration":6130,"downloading_duration":1053,"execution_duration":4243,"uploading_duration":834,"executable":"ellipsoids-openmp","args":["1.dat","145.log","145.xoutput"],"id":101,"resource":"1024","request_start":1576628220871,"request_end":1576628245421,"request_duration":24550,"type":"1024"}
{"start":1576628239512,"end":1576628245541,"duration":6029,"downloading_duration":1170,"execution_duration":4275,"uploading_duration":584,"executable":"ellipsoids-openmp","args":["1.dat","146.log","146.xoutput"],"id":102,"resource":"1024","request_start":1576628220872,"request_end":1576628245563,"request_duration":24691,"type":"1024"}
{"start":1576628239650,"end":1576628245557,"duration":5907,"downloading_duration":1007,"execution_duration":4325,"uploading_duration":575,"executable":"ellipsoids-openmp","args":["1.dat","148.log","148.xoutput"],"id":104,"resource":"1024","request_start":1576628220873,"request_end":1576628245576,"request_duration":24703,"type":"1024"}
{"start":1576628239705,"end":1576628245619,"duration":5914,"downloading_duration":1076,"execution_duration":4210,"uploading_duration":628,"executable":"ellipsoids-openmp","args":["1.dat","12.log","12.xoutput"],"id":58,"resource":"1024","request_start":1576628220875,"request_end":1576628245638,"request_duration":24763,"type":"1024"}
{"start":1576628239659,"end":1576628245620,"duration":5961,"downloading_duration":1047,"execution_duration":4320,"uploading_duration":594,"executable":"ellipsoids-openmp","args":["1.dat","149.log","149.xoutput"],"id":105,"resource":"1024","request_start":1576628220873,"request_end":1576628245639,"request_duration":24766,"type":"1024"}
{"start":1576628239698,"end":1576628245622,"duration":5924,"downloading_duration":1037,"execution_duration":4252,"uploading_duration":635,"executable":"ellipsoids-openmp","args":["1.dat","11.log","11.xoutput"],"id":57,"resource":"1024","request_start":1576628220875,"request_end":1576628245641,"request_duration":24766,"type":"1024"}
{"start":1576628239523,"end":1576628245628,"duration":6105,"downloading_duration":1002,"execution_duration":4436,"uploading_duration":667,"executable":"ellipsoids-openmp","args":["1.dat","147.log","147.xoutput"],"id":103,"resource":"1024","request_start":1576628220872,"request_end":1576628245651,"request_duration":24779,"type":"1024"}
{"start":1576628239758,"end":1576628245648,"duration":5890,"downloading_duration":1104,"execution_duration":4159,"uploading_duration":627,"executable":"ellipsoids-openmp","args":["1.dat","16.log","16.xoutput"],"id":62,"resource":"1024","request_start":1576628220877,"request_end":1576628245666,"request_duration":24789,"type":"1024"}
{"start":1576628239718,"end":1576628245667,"duration":5949,"downloading_duration":1099,"execution_duration":4276,"uploading_duration":574,"executable":"ellipsoids-openmp","args":["1.dat","14.log","14.xoutput"],"id":60,"resource":"1024","request_start":1576628220876,"request_end":1576628245688,"request_duration":24812,"type":"1024"}
{"start":1576628239777,"end":1576628245675,"duration":5898,"downloading_duration":1026,"execution_duration":4282,"uploading_duration":590,"executable":"ellipsoids-openmp","args":["1.dat","18.log","18.xoutput"],"id":64,"resource":"1024","request_start":1576628220878,"request_end":1576628245699,"request_duration":24821,"type":"1024"}
{"start":1576628239846,"end":1576628245692,"duration":5846,"downloading_duration":1002,"execution_duration":4239,"uploading_duration":605,"executable":"ellipsoids-openmp","args":["1.dat","114.log","114.xoutput"],"id":70,"resource":"1024","request_start":1576628220884,"request_end":1576628245716,"request_duration":24832,"type":"1024"}
{"start":1576628239848,"end":1576628245713,"duration":5865,"downloading_duration":1046,"execution_duration":4224,"uploading_duration":595,"executable":"ellipsoids-openmp","args":["1.dat","115.log","115.xoutput"],"id":71,"resource":"1024","request_start":1576628220885,"request_end":1576628245733,"request_duration":24848,"type":"1024"}
{"start":1576628239823,"end":1576628245736,"duration":5913,"downloading_duration":1004,"execution_duration":4323,"uploading_duration":586,"executable":"ellipsoids-openmp","args":["1.dat","110.log","110.xoutput"],"id":66,"resource":"1024","request_start":1576628220882,"request_end":1576628245756,"request_duration":24874,"type":"1024"}
{"start":1576628239827,"end":1576628245743,"duration":5916,"downloading_duration":1048,"execution_duration":4296,"uploading_duration":572,"executable":"ellipsoids-openmp","args":["1.dat","111.log","111.xoutput"],"id":67,"resource":"1024","request_start":1576628220882,"request_end":1576628245761,"request_duration":24879,"type":"1024"}
{"start":1576628239900,"end":1576628245752,"duration":5852,"downloading_duration":1044,"execution_duration":4244,"uploading_duration":564,"executable":"ellipsoids-openmp","args":["1.dat","118.log","118.xoutput"],"id":74,"resource":"1024","request_start":1576628220886,"request_end":1576628245773,"request_duration":24887,"type":"1024"}
{"start":1576628239734,"end":1576628245753,"duration":6019,"downloading_duration":1030,"execution_duration":4385,"uploading_duration":604,"executable":"ellipsoids-openmp","args":["1.dat","15.log","15.xoutput"],"id":61,"resource":"1024","request_start":1576628220877,"request_end":1576628245775,"request_duration":24898,"type":"1024"}
{"start":1576628239682,"end":1576628245780,"duration":6098,"downloading_duration":1072,"execution_duration":4367,"uploading_duration":659,"executable":"ellipsoids-openmp","args":["1.dat","10.log","10.xoutput"],"id":56,"resource":"1024","request_start":1576628220874,"request_end":1576628245802,"request_duration":24928,"type":"1024"}
{"start":1576628239829,"end":1576628245795,"duration":5966,"downloading_duration":1034,"execution_duration":4335,"uploading_duration":597,"executable":"ellipsoids-openmp","args":["1.dat","112.log","112.xoutput"],"id":68,"resource":"1024","request_start":1576628220883,"request_end":1576628245815,"request_duration":24932,"type":"1024"}
{"start":1576628239768,"end":1576628245808,"duration":6040,"downloading_duration":1108,"execution_duration":4280,"uploading_duration":652,"executable":"ellipsoids-openmp","args":["1.dat","17.log","17.xoutput"],"id":63,"resource":"1024","request_start":1576628220878,"request_end":1576628245826,"request_duration":24948,"type":"1024"}
{"start":1576628239829,"end":1576628245837,"duration":6008,"downloading_duration":1128,"execution_duration":4297,"uploading_duration":583,"executable":"ellipsoids-openmp","args":["1.dat","113.log","113.xoutput"],"id":69,"resource":"1024","request_start":1576628220883,"request_end":1576628245855,"request_duration":24972,"type":"1024"}
{"start":1576628239951,"end":1576628245849,"duration":5898,"downloading_duration":997,"execution_duration":4320,"uploading_duration":581,"executable":"ellipsoids-openmp","args":["1.dat","120.log","120.xoutput"],"id":76,"resource":"1024","request_start":1576628220887,"request_end":1576628245871,"request_duration":24984,"type":"1024"}
{"start":1576628240017,"end":1576628245859,"duration":5842,"downloading_duration":983,"execution_duration":4286,"uploading_duration":573,"executable":"ellipsoids-openmp","args":["1.dat","128.log","128.xoutput"],"id":84,"resource":"1024","request_start":1576628220893,"request_end":1576628245876,"request_duration":24983,"type":"1024"}
{"start":1576628239818,"end":1576628245866,"duration":6048,"downloading_duration":1023,"execution_duration":4425,"uploading_duration":600,"executable":"ellipsoids-openmp","args":["1.dat","19.log","19.xoutput"],"id":65,"resource":"1024","request_start":1576628220881,"request_end":1576628245883,"request_duration":25002,"type":"1024"}
{"start":1576628240061,"end":1576628245931,"duration":5870,"downloading_duration":1031,"execution_duration":4253,"uploading_duration":586,"executable":"ellipsoids-openmp","args":["1.dat","130.log","130.xoutput"],"id":86,"resource":"1024","request_start":1576628220894,"request_end":1576628245948,"request_duration":25054,"type":"1024"}
{"start":1576628239710,"end":1576628245937,"duration":6227,"downloading_duration":1240,"execution_duration":4425,"uploading_duration":562,"executable":"ellipsoids-openmp","args":["1.dat","13.log","13.xoutput"],"id":59,"resource":"1024","request_start":1576628220876,"request_end":1576628245953,"request_duration":25077,"type":"1024"}
{"start":1576628239885,"end":1576628245974,"duration":6089,"downloading_duration":1060,"execution_duration":4434,"uploading_duration":595,"executable":"ellipsoids-openmp","args":["1.dat","116.log","116.xoutput"],"id":72,"resource":"1024","request_start":1576628220885,"request_end":1576628245991,"request_duration":25106,"type":"1024"}
{"start":1576628239931,"end":1576628245992,"duration":6061,"downloading_duration":1080,"execution_duration":4361,"uploading_duration":620,"executable":"ellipsoids-openmp","args":["1.dat","119.log","119.xoutput"],"id":75,"resource":"1024","request_start":1576628220887,"request_end":1576628246016,"request_duration":25129,"type":"1024"}
{"start":1576628239997,"end":1576628246009,"duration":6012,"downloading_duration":1032,"execution_duration":4406,"uploading_duration":574,"executable":"ellipsoids-openmp","args":["1.dat","124.log","124.xoutput"],"id":80,"resource":"1024","request_start":1576628220890,"request_end":1576628246030,"request_duration":25140,"type":"1024"}
{"start":1576628239987,"end":1576628246038,"duration":6051,"downloading_duration":1028,"execution_duration":4368,"uploading_duration":655,"executable":"ellipsoids-openmp","args":["1.dat","123.log","123.xoutput"],"id":79,"resource":"1024","request_start":1576628220890,"request_end":1576628246059,"request_duration":25169,"type":"1024"}
{"start":1576628240067,"end":1576628246040,"duration":5973,"downloading_duration":1005,"execution_duration":4404,"uploading_duration":564,"executable":"ellipsoids-openmp","args":["1.dat","131.log","131.xoutput"],"id":87,"resource":"1024","request_start":1576628220895,"request_end":1576628246061,"request_duration":25166,"type":"1024"}
{"start":1576628240008,"end":1576628246047,"duration":6039,"downloading_duration":1006,"execution_duration":4457,"uploading_duration":576,"executable":"ellipsoids-openmp","args":["1.dat","126.log","126.xoutput"],"id":82,"resource":"1024","request_start":1576628220892,"request_end":1576628246070,"request_duration":25178,"type":"1024"}
{"start":1576628240011,"end":1576628246078,"duration":6067,"downloading_duration":1063,"execution_duration":4385,"uploading_duration":619,"executable":"ellipsoids-openmp","args":["1.dat","127.log","127.xoutput"],"id":83,"resource":"1024","request_start":1576628220892,"request_end":1576628246101,"request_duration":25209,"type":"1024"}
{"start":1576628240003,"end":1576628246085,"duration":6082,"downloading_duration":1064,"execution_duration":4409,"uploading_duration":609,"executable":"ellipsoids-openmp","args":["1.dat","125.log","125.xoutput"],"id":81,"resource":"1024","request_start":1576628220891,"request_end":1576628246117,"request_duration":25226,"type":"1024"}
{"start":1576628239983,"end":1576628246089,"duration":6106,"downloading_duration":1065,"execution_duration":4459,"uploading_duration":582,"executable":"ellipsoids-openmp","args":["1.dat","122.log","122.xoutput"],"id":78,"resource":"1024","request_start":1576628220889,"request_end":1576628246124,"request_duration":25235,"type":"1024"}
{"start":1576628240217,"end":1576628246107,"duration":5890,"downloading_duration":988,"execution_duration":4297,"uploading_duration":605,"executable":"ellipsoids-openmp","args":["1.dat","138.log","138.xoutput"],"id":94,"resource":"1024","request_start":1576628220899,"request_end":1576628246129,"request_duration":25230,"type":"1024"}
{"start":1576628240029,"end":1576628246130,"duration":6101,"downloading_duration":1074,"execution_duration":4432,"uploading_duration":595,"executable":"ellipsoids-openmp","args":["1.dat","129.log","129.xoutput"],"id":85,"resource":"1024","request_start":1576628220894,"request_end":1576628246148,"request_duration":25254,"type":"1024"}
{"start":1576628240090,"end":1576628246187,"duration":6097,"downloading_duration":992,"execution_duration":4458,"uploading_duration":647,"executable":"ellipsoids-openmp","args":["1.dat","132.log","132.xoutput"],"id":88,"resource":"1024","request_start":1576628220896,"request_end":1576628246207,"request_duration":25311,"type":"1024"}
{"start":1576628240209,"end":1576628246249,"duration":6040,"downloading_duration":1045,"execution_duration":4399,"uploading_duration":596,"executable":"ellipsoids-openmp","args":["1.dat","136.log","136.xoutput"],"id":92,"resource":"1024","request_start":1576628220898,"request_end":1576628246267,"request_duration":25369,"type":"1024"}
{"start":1576628240209,"end":1576628246260,"duration":6051,"downloading_duration":1045,"execution_duration":4443,"uploading_duration":563,"executable":"ellipsoids-openmp","args":["1.dat","137.log","137.xoutput"],"id":93,"resource":"1024","request_start":1576628220899,"request_end":1576628246281,"request_duration":25382,"type":"1024"}
{"start":1576628239963,"end":1576628246267,"duration":6304,"downloading_duration":1084,"execution_duration":4604,"uploading_duration":616,"executable":"ellipsoids-openmp","args":["1.dat","121.log","121.xoutput"],"id":77,"resource":"1024","request_start":1576628220888,"request_end":1576628246289,"request_duration":25401,"type":"1024"}
{"start":1576628240289,"end":1576628246282,"duration":5993,"downloading_duration":999,"execution_duration":4421,"uploading_duration":573,"executable":"ellipsoids-openmp","args":["1.dat","139.log","139.xoutput"],"id":95,"resource":"1024","request_start":1576628220900,"request_end":1576628246303,"request_duration":25403,"type":"1024"}
{"start":1576628240198,"end":1576628246331,"duration":6133,"downloading_duration":1170,"execution_duration":4378,"uploading_duration":585,"executable":"ellipsoids-openmp","args":["1.dat","135.log","135.xoutput"],"id":91,"resource":"1024","request_start":1576628220898,"request_end":1576628246351,"request_duration":25453,"type":"1024"}
{"start":1576628240164,"end":1576628246364,"duration":6200,"downloading_duration":1098,"execution_duration":4440,"uploading_duration":662,"executable":"ellipsoids-openmp","args":["1.dat","133.log","133.xoutput"],"id":89,"resource":"1024","request_start":1576628220897,"request_end":1576628246382,"request_duration":25485,"type":"1024"}
{"start":1576628240168,"end":1576628246442,"duration":6274,"downloading_duration":1022,"execution_duration":4653,"uploading_duration":599,"executable":"ellipsoids-openmp","args":["1.dat","134.log","134.xoutput"],"id":90,"resource":"1024","request_start":1576628220897,"request_end":1576628246459,"request_duration":25562,"type":"1024"}
{"start":1576628240402,"end":1576628246477,"duration":6075,"downloading_duration":1066,"execution_duration":4410,"uploading_duration":599,"executable":"ellipsoids-openmp","args":["1.dat","140.log","140.xoutput"],"id":96,"resource":"1024","request_start":1576628220900,"request_end":1576628246499,"request_duration":25599,"type":"1024"}
{"start":1576628240535,"end":1576628246649,"duration":6114,"downloading_duration":1046,"execution_duration":4352,"uploading_duration":716,"executable":"ellipsoids-openmp","args":["1.dat","143.log","143.xoutput"],"id":99,"resource":"1024","request_start":1576628220902,"request_end":1576628246667,"request_duration":25765,"type":"1024"}
{"start":1576628240476,"end":1576628246658,"duration":6182,"downloading_duration":1053,"execution_duration":4489,"uploading_duration":640,"executable":"ellipsoids-openmp","args":["1.dat","141.log","141.xoutput"],"id":97,"resource":"1024","request_start":1576628220901,"request_end":1576628246676,"request_duration":25775,"type":"1024"}
{"start":1576628245108,"end":1576628246701,"duration":1593,"downloading_duration":1197,"execution_duration":4,"uploading_duration":392,"executable":"mean-pack-ell","args":["00.xoutput","01.xoutput","02.xoutput","03.xoutput","04.xoutput","05.xoutput","06.xoutput","07.xoutput","08.xoutput","09.xoutput","010.xoutput","011.xoutput","012.xoutput","013.xoutput","014.xoutput","015.xoutput","016.xoutput","017.xoutput","018.xoutput","019.xoutput","020.xoutput","021.xoutput","022.xoutput","023.xoutput","024.xoutput","025.xoutput","026.xoutput","027.xoutput","028.xoutput","029.xoutput","030.xoutput","031.xoutput","032.xoutput","033.xoutput","034.xoutput","035.xoutput","036.xoutput","037.xoutput","038.xoutput","039.xoutput","040.xoutput","041.xoutput","042.xoutput","043.xoutput","044.xoutput","045.xoutput","046.xoutput","047.xoutput","048.xoutput","049.xoutput","average_0.txt"],"id":206,"resource":"1024","request_start":1576628228018,"request_end":1576628246722,"request_duration":18704,"type":"1024"}
{"start":1576628240516,"end":1576628246768,"duration":6252,"downloading_duration":1066,"execution_duration":4582,"uploading_duration":604,"executable":"ellipsoids-openmp","args":["1.dat","142.log","142.xoutput"],"id":98,"resource":"1024","request_start":1576628220901,"request_end":1576628246791,"request_duration":25890,"type":"1024"}
{"start":1576628245594,"end":1576628247213,"duration":1619,"downloading_duration":1241,"execution_duration":5,"uploading_duration":373,"executable":"mean-pack-ell","args":["20.xoutput","21.xoutput","22.xoutput","23.xoutput","24.xoutput","25.xoutput","26.xoutput","27.xoutput","28.xoutput","29.xoutput","210.xoutput","211.xoutput","212.xoutput","213.xoutput","214.xoutput","215.xoutput","216.xoutput","217.xoutput","218.xoutput","219.xoutput","220.xoutput","221.xoutput","222.xoutput","223.xoutput","224.xoutput","225.xoutput","226.xoutput","227.xoutput","228.xoutput","229.xoutput","230.xoutput","231.xoutput","232.xoutput","233.xoutput","234.xoutput","235.xoutput","236.xoutput","237.xoutput","238.xoutput","239.xoutput","240.xoutput","241.xoutput","242.xoutput","243.xoutput","244.xoutput","245.xoutput","246.xoutput","247.xoutput","248.xoutput","249.xoutput","average_2.txt"],"id":208,"resource":"1024","request_start":1576628240525,"request_end":1576628247232,"request_duration":6707,"type":"1024"}
{"start":1576628245455,"end":1576628247234,"duration":1779,"downloading_duration":1350,"execution_duration":41,"uploading_duration":388,"executable":"mean-pack-ell","args":["30.xoutput","31.xoutput","32.xoutput","33.xoutput","34.xoutput","35.xoutput","36.xoutput","37.xoutput","38.xoutput","39.xoutput","310.xoutput","311.xoutput","312.xoutput","313.xoutput","314.xoutput","315.xoutput","316.xoutput","317.xoutput","318.xoutput","319.xoutput","320.xoutput","321.xoutput","322.xoutput","323.xoutput","324.xoutput","325.xoutput","326.xoutput","327.xoutput","328.xoutput","329.xoutput","330.xoutput","331.xoutput","332.xoutput","333.xoutput","334.xoutput","335.xoutput","336.xoutput","337.xoutput","338.xoutput","339.xoutput","340.xoutput","341.xoutput","342.xoutput","343.xoutput","344.xoutput","345.xoutput","346.xoutput","347.xoutput","348.xoutput","349.xoutput","average_3.txt"],"id":209,"resource":"1024","request_start":1576628234125,"request_end":1576628247256,"request_duration":13131,"type":"1024"}
{"start":1576628239895,"end":1576628252045,"duration":12150,"downloading_duration":7305,"execution_duration":4243,"uploading_duration":602,"executable":"ellipsoids-openmp","args":["1.dat","117.log","117.xoutput"],"id":73,"resource":"1024","request_start":1576628220886,"request_end":1576628252065,"request_duration":31179,"type":"1024"}
{"start":1576628252192,"end":1576628253833,"duration":1641,"downloading_duration":1177,"execution_duration":9,"uploading_duration":455,"executable":"mean-pack-ell","args":["10.xoutput","11.xoutput","12.xoutput","13.xoutput","14.xoutput","15.xoutput","16.xoutput","17.xoutput","18.xoutput","19.xoutput","110.xoutput","111.xoutput","112.xoutput","113.xoutput","114.xoutput","115.xoutput","116.xoutput","117.xoutput","118.xoutput","119.xoutput","120.xoutput","121.xoutput","122.xoutput","123.xoutput","124.xoutput","125.xoutput","126.xoutput","127.xoutput","128.xoutput","129.xoutput","130.xoutput","131.xoutput","132.xoutput","133.xoutput","134.xoutput","135.xoutput","136.xoutput","137.xoutput","138.xoutput","139.xoutput","140.xoutput","141.xoutput","142.xoutput","143.xoutput","144.xoutput","145.xoutput","146.xoutput","147.xoutput","148.xoutput","149.xoutput","average_1.txt"],"id":207,"resource":"1024","request_start":1576628252079,"request_end":1576628253853,"request_duration":1774,"type":"1024"}
{"start":1576628253966,"end":1576628254890,"duration":924,"downloading_duration":423,"execution_duration":113,"uploading_duration":388,"executable":"summary.js","args":[],"id":210,"resource":"1024","request_start":1576628253862,"request_end":1576628254906,"request_duration":1044,"type":"1024"}
