{"start":1576628361935,"end":1576628362804,"duration":869,"downloading_duration":375,"execution_duration":107,"uploading_duration":387,"executable":"generateData.js","args":[],"id":1,"resource":"1024","request_start":1576628361768,"request_end":1576628362833,"request_duration":1065,"type":"1024"}
{"start":1576628363069,"end":1576628363940,"duration":871,"downloading_duration":376,"execution_duration":109,"uploading_duration":386,"executable":"createDat.js","args":["2.dat"],"id":4,"resource":"1024","request_start":1576628362854,"request_end":1576628363958,"request_duration":1104,"type":"1024"}
{"start":1576628363074,"end":1576628363969,"duration":895,"downloading_duration":381,"execution_duration":110,"uploading_duration":404,"executable":"createDat.js","args":["1.dat"],"id":3,"resource":"1024","request_start":1576628362850,"request_end":1576628363998,"request_duration":1148,"type":"1024"}
{"start":1576628363068,"end":1576628364021,"duration":953,"downloading_duration":406,"execution_duration":104,"uploading_duration":443,"executable":"createDat.js","args":["3.dat"],"id":5,"resource":"1024","request_start":1576628362857,"request_end":1576628364085,"request_duration":1228,"type":"1024"}
{"start":1576628363070,"end":1576628365044,"duration":1974,"downloading_duration":1438,"execution_duration":105,"uploading_duration":431,"executable":"createDat.js","args":["0.dat"],"id":2,"resource":"1024","request_start":1576628362846,"request_end":1576628365063,"request_duration":2217,"type":"1024"}
{"start":1576628364287,"end":1576628370411,"duration":6124,"downloading_duration":1023,"execution_duration":4517,"uploading_duration":584,"executable":"ellipsoids-openmp","args":["2.dat","20.log","20.xoutput"],"id":106,"resource":"1024","request_start":1576628364003,"request_end":1576628370432,"request_duration":6429,"type":"1024"}
{"start":1576628364343,"end":1576628370502,"duration":6159,"downloading_duration":988,"execution_duration":4568,"uploading_duration":603,"executable":"ellipsoids-openmp","args":["2.dat","25.log","25.xoutput"],"id":111,"resource":"1024","request_start":1576628364012,"request_end":1576628370523,"request_duration":6511,"type":"1024"}
{"start":1576628364367,"end":1576628370518,"duration":6151,"downloading_duration":998,"execution_duration":4546,"uploading_duration":607,"executable":"ellipsoids-openmp","args":["2.dat","28.log","28.xoutput"],"id":114,"resource":"1024","request_start":1576628364016,"request_end":1576628370538,"request_duration":6522,"type":"1024"}
{"start":1576628364391,"end":1576628370520,"duration":6129,"downloading_duration":1009,"execution_duration":4503,"uploading_duration":617,"executable":"ellipsoids-openmp","args":["2.dat","221.log","221.xoutput"],"id":127,"resource":"1024","request_start":1576628364032,"request_end":1576628370544,"request_duration":6512,"type":"1024"}
{"start":1576628364367,"end":1576628370594,"duration":6227,"downloading_duration":1044,"execution_duration":4522,"uploading_duration":661,"executable":"ellipsoids-openmp","args":["2.dat","211.log","211.xoutput"],"id":117,"resource":"1024","request_start":1576628364020,"request_end":1576628370615,"request_duration":6595,"type":"1024"}
{"start":1576628364434,"end":1576628370606,"duration":6172,"downloading_duration":997,"execution_duration":4575,"uploading_duration":600,"executable":"ellipsoids-openmp","args":["2.dat","222.log","222.xoutput"],"id":128,"resource":"1024","request_start":1576628364033,"request_end":1576628370625,"request_duration":6592,"type":"1024"}
{"start":1576628364444,"end":1576628370611,"duration":6167,"downloading_duration":999,"execution_duration":4565,"uploading_duration":603,"executable":"ellipsoids-openmp","args":["2.dat","240.log","240.xoutput"],"id":146,"resource":"1024","request_start":1576628364051,"request_end":1576628370632,"request_duration":6581,"type":"1024"}
{"start":1576628364447,"end":1576628370618,"duration":6171,"downloading_duration":1035,"execution_duration":4521,"uploading_duration":615,"executable":"ellipsoids-openmp","args":["2.dat","233.log","233.xoutput"],"id":139,"resource":"1024","request_start":1576628364044,"request_end":1576628370635,"request_duration":6591,"type":"1024"}
{"start":1576628364367,"end":1576628370629,"duration":6262,"downloading_duration":1028,"execution_duration":4612,"uploading_duration":622,"executable":"ellipsoids-openmp","args":["2.dat","210.log","210.xoutput"],"id":116,"resource":"1024","request_start":1576628364018,"request_end":1576628370686,"request_duration":6668,"type":"1024"}
{"start":1576628364345,"end":1576628370636,"duration":6291,"downloading_duration":988,"execution_duration":4686,"uploading_duration":617,"executable":"ellipsoids-openmp","args":["2.dat","29.log","29.xoutput"],"id":115,"resource":"1024","request_start":1576628364017,"request_end":1576628370690,"request_duration":6673,"type":"1024"}
{"start":1576628364370,"end":1576628370646,"duration":6276,"downloading_duration":988,"execution_duration":4732,"uploading_duration":556,"executable":"ellipsoids-openmp","args":["2.dat","213.log","213.xoutput"],"id":119,"resource":"1024","request_start":1576628364024,"request_end":1576628370693,"request_duration":6669,"type":"1024"}
{"start":1576628364444,"end":1576628370647,"duration":6203,"downloading_duration":1008,"execution_duration":4622,"uploading_duration":573,"executable":"ellipsoids-openmp","args":["2.dat","229.log","229.xoutput"],"id":135,"resource":"1024","request_start":1576628364039,"request_end":1576628370695,"request_duration":6656,"type":"1024"}
{"start":1576628364436,"end":1576628370648,"duration":6212,"downloading_duration":1028,"execution_duration":4589,"uploading_duration":595,"executable":"ellipsoids-openmp","args":["2.dat","217.log","217.xoutput"],"id":123,"resource":"1024","request_start":1576628364028,"request_end":1576628370698,"request_duration":6670,"type":"1024"}
{"start":1576628364286,"end":1576628370655,"duration":6369,"downloading_duration":1019,"execution_duration":4715,"uploading_duration":635,"executable":"ellipsoids-openmp","args":["2.dat","22.log","22.xoutput"],"id":108,"resource":"1024","request_start":1576628364007,"request_end":1576628370701,"request_duration":6694,"type":"1024"}
{"start":1576628364433,"end":1576628370657,"duration":6224,"downloading_duration":1072,"execution_duration":4545,"uploading_duration":607,"executable":"ellipsoids-openmp","args":["2.dat","223.log","223.xoutput"],"id":129,"resource":"1024","request_start":1576628364034,"request_end":1576628370703,"request_duration":6669,"type":"1024"}
{"start":1576628364448,"end":1576628370661,"duration":6213,"downloading_duration":1016,"execution_duration":4588,"uploading_duration":609,"executable":"ellipsoids-openmp","args":["2.dat","234.log","234.xoutput"],"id":140,"resource":"1024","request_start":1576628364045,"request_end":1576628370707,"request_duration":6662,"type":"1024"}
{"start":1576628364434,"end":1576628370667,"duration":6233,"downloading_duration":1074,"execution_duration":4546,"uploading_duration":613,"executable":"ellipsoids-openmp","args":["2.dat","224.log","224.xoutput"],"id":130,"resource":"1024","request_start":1576628364035,"request_end":1576628370709,"request_duration":6674,"type":"1024"}
{"start":1576628364451,"end":1576628370691,"duration":6240,"downloading_duration":998,"execution_duration":4674,"uploading_duration":568,"executable":"ellipsoids-openmp","args":["2.dat","237.log","237.xoutput"],"id":143,"resource":"1024","request_start":1576628364049,"request_end":1576628370718,"request_duration":6669,"type":"1024"}
{"start":1576628364365,"end":1576628370707,"duration":6342,"downloading_duration":1001,"execution_duration":4723,"uploading_duration":618,"executable":"ellipsoids-openmp","args":["2.dat","27.log","27.xoutput"],"id":113,"resource":"1024","request_start":1576628364015,"request_end":1576628370731,"request_duration":6716,"type":"1024"}
{"start":1576628364452,"end":1576628370708,"duration":6256,"downloading_duration":1007,"execution_duration":4636,"uploading_duration":613,"executable":"ellipsoids-openmp","args":["2.dat","238.log","238.xoutput"],"id":144,"resource":"1024","request_start":1576628364050,"request_end":1576628370734,"request_duration":6684,"type":"1024"}
{"start":1576628364434,"end":1576628370710,"duration":6276,"downloading_duration":1093,"execution_duration":4580,"uploading_duration":603,"executable":"ellipsoids-openmp","args":["2.dat","227.log","227.xoutput"],"id":133,"resource":"1024","request_start":1576628364038,"request_end":1576628370735,"request_duration":6697,"type":"1024"}
{"start":1576628364459,"end":1576628370714,"duration":6255,"downloading_duration":1001,"execution_duration":4638,"uploading_duration":616,"executable":"ellipsoids-openmp","args":["2.dat","242.log","242.xoutput"],"id":148,"resource":"1024","request_start":1576628364053,"request_end":1576628370746,"request_duration":6693,"type":"1024"}
{"start":1576628364448,"end":1576628370721,"duration":6273,"downloading_duration":1068,"execution_duration":4564,"uploading_duration":641,"executable":"ellipsoids-openmp","args":["2.dat","241.log","241.xoutput"],"id":147,"resource":"1024","request_start":1576628364052,"request_end":1576628370757,"request_duration":6705,"type":"1024"}
{"start":1576628364345,"end":1576628370725,"duration":6380,"downloading_duration":1072,"execution_duration":4689,"uploading_duration":619,"executable":"ellipsoids-openmp","args":["2.dat","26.log","26.xoutput"],"id":112,"resource":"1024","request_start":1576628364013,"request_end":1576628370759,"request_duration":6746,"type":"1024"}
{"start":1576628364431,"end":1576628370727,"duration":6296,"downloading_duration":1015,"execution_duration":4703,"uploading_duration":578,"executable":"ellipsoids-openmp","args":["2.dat","214.log","214.xoutput"],"id":120,"resource":"1024","request_start":1576628364026,"request_end":1576628370761,"request_duration":6735,"type":"1024"}
{"start":1576628364430,"end":1576628370732,"duration":6302,"downloading_duration":1019,"execution_duration":4689,"uploading_duration":594,"executable":"ellipsoids-openmp","args":["2.dat","218.log","218.xoutput"],"id":124,"resource":"1024","request_start":1576628364029,"request_end":1576628370866,"request_duration":6837,"type":"1024"}
{"start":1576628364462,"end":1576628370736,"duration":6274,"downloading_duration":1001,"execution_duration":4700,"uploading_duration":573,"executable":"ellipsoids-openmp","args":["2.dat","247.log","247.xoutput"],"id":153,"resource":"1024","request_start":1576628364058,"request_end":1576628370870,"request_duration":6812,"type":"1024"}
{"start":1576628364418,"end":1576628370736,"duration":6318,"downloading_duration":1002,"execution_duration":4755,"uploading_duration":561,"executable":"ellipsoids-openmp","args":["2.dat","212.log","212.xoutput"],"id":118,"resource":"1024","request_start":1576628364023,"request_end":1576628370872,"request_duration":6849,"type":"1024"}
{"start":1576628364442,"end":1576628370738,"duration":6296,"downloading_duration":1077,"execution_duration":4589,"uploading_duration":630,"executable":"ellipsoids-openmp","args":["2.dat","235.log","235.xoutput"],"id":141,"resource":"1024","request_start":1576628364047,"request_end":1576628370874,"request_duration":6827,"type":"1024"}
{"start":1576628364345,"end":1576628370739,"duration":6394,"downloading_duration":1030,"execution_duration":4794,"uploading_duration":570,"executable":"ellipsoids-openmp","args":["2.dat","24.log","24.xoutput"],"id":110,"resource":"1024","request_start":1576628364010,"request_end":1576628370877,"request_duration":6867,"type":"1024"}
{"start":1576628364455,"end":1576628370743,"duration":6288,"downloading_duration":1000,"execution_duration":4710,"uploading_duration":578,"executable":"ellipsoids-openmp","args":["2.dat","246.log","246.xoutput"],"id":152,"resource":"1024","request_start":1576628364057,"request_end":1576628370879,"request_duration":6822,"type":"1024"}
{"start":1576628364452,"end":1576628370743,"duration":6291,"downloading_duration":1073,"execution_duration":4648,"uploading_duration":570,"executable":"ellipsoids-openmp","args":["2.dat","243.log","243.xoutput"],"id":149,"resource":"1024","request_start":1576628364054,"request_end":1576628370882,"request_duration":6828,"type":"1024"}
{"start":1576628364344,"end":1576628370742,"duration":6398,"downloading_duration":1091,"execution_duration":4646,"uploading_duration":661,"executable":"ellipsoids-openmp","args":["2.dat","21.log","21.xoutput"],"id":107,"resource":"1024","request_start":1576628364005,"request_end":1576628370884,"request_duration":6879,"type":"1024"}
{"start":1576628364460,"end":1576628370759,"duration":6299,"downloading_duration":1074,"execution_duration":4554,"uploading_duration":671,"executable":"ellipsoids-openmp","args":["2.dat","245.log","245.xoutput"],"id":151,"resource":"1024","request_start":1576628364056,"request_end":1576628370885,"request_duration":6829,"type":"1024"}
{"start":1576628364346,"end":1576628370763,"duration":6417,"downloading_duration":1107,"execution_duration":4706,"uploading_duration":604,"executable":"ellipsoids-openmp","args":["2.dat","23.log","23.xoutput"],"id":109,"resource":"1024","request_start":1576628364009,"request_end":1576628370887,"request_duration":6878,"type":"1024"}
{"start":1576628364425,"end":1576628370763,"duration":6338,"downloading_duration":992,"execution_duration":4658,"uploading_duration":688,"executable":"ellipsoids-openmp","args":["2.dat","215.log","215.xoutput"],"id":121,"resource":"1024","request_start":1576628364027,"request_end":1576628370889,"request_duration":6862,"type":"1024"}
{"start":1576628364451,"end":1576628370774,"duration":6323,"downloading_duration":1069,"execution_duration":4659,"uploading_duration":595,"executable":"ellipsoids-openmp","args":["2.dat","239.log","239.xoutput"],"id":145,"resource":"1024","request_start":1576628364051,"request_end":1576628370893,"request_duration":6842,"type":"1024"}
{"start":1576628364442,"end":1576628370774,"duration":6332,"downloading_duration":1056,"execution_duration":4677,"uploading_duration":599,"executable":"ellipsoids-openmp","args":["2.dat","230.log","230.xoutput"],"id":136,"resource":"1024","request_start":1576628364041,"request_end":1576628370894,"request_duration":6853,"type":"1024"}
{"start":1576628364495,"end":1576628370793,"duration":6298,"downloading_duration":1118,"execution_duration":4579,"uploading_duration":601,"executable":"ellipsoids-openmp","args":["2.dat","248.log","248.xoutput"],"id":154,"resource":"1024","request_start":1576628364058,"request_end":1576628370895,"request_duration":6837,"type":"1024"}
{"start":1576628364432,"end":1576628370805,"duration":6373,"downloading_duration":1048,"execution_duration":4711,"uploading_duration":614,"executable":"ellipsoids-openmp","args":["2.dat","219.log","219.xoutput"],"id":125,"resource":"1024","request_start":1576628364030,"request_end":1576628370896,"request_duration":6866,"type":"1024"}
{"start":1576628364455,"end":1576628370812,"duration":6357,"downloading_duration":1067,"execution_duration":4694,"uploading_duration":596,"executable":"ellipsoids-openmp","args":["2.dat","244.log","244.xoutput"],"id":150,"resource":"1024","request_start":1576628364055,"request_end":1576628370897,"request_duration":6842,"type":"1024"}
{"start":1576628364453,"end":1576628370813,"duration":6360,"downloading_duration":1074,"execution_duration":4638,"uploading_duration":648,"executable":"ellipsoids-openmp","args":["2.dat","236.log","236.xoutput"],"id":142,"resource":"1024","request_start":1576628364048,"request_end":1576628370900,"request_duration":6852,"type":"1024"}
{"start":1576628364440,"end":1576628370828,"duration":6388,"downloading_duration":1164,"execution_duration":4612,"uploading_duration":612,"executable":"ellipsoids-openmp","args":["2.dat","226.log","226.xoutput"],"id":132,"resource":"1024","request_start":1576628364037,"request_end":1576628370925,"request_duration":6888,"type":"1024"}
{"start":1576628364430,"end":1576628370837,"duration":6407,"downloading_duration":1180,"execution_duration":4636,"uploading_duration":591,"executable":"ellipsoids-openmp","args":["2.dat","216.log","216.xoutput"],"id":122,"resource":"1024","request_start":1576628364027,"request_end":1576628370928,"request_duration":6901,"type":"1024"}
{"start":1576628364439,"end":1576628370840,"duration":6401,"downloading_duration":985,"execution_duration":4737,"uploading_duration":679,"executable":"ellipsoids-openmp","args":["2.dat","231.log","231.xoutput"],"id":137,"resource":"1024","request_start":1576628364042,"request_end":1576628370931,"request_duration":6889,"type":"1024"}
{"start":1576628364449,"end":1576628370853,"duration":6404,"downloading_duration":1043,"execution_duration":4800,"uploading_duration":561,"executable":"ellipsoids-openmp","args":["2.dat","232.log","232.xoutput"],"id":138,"resource":"1024","request_start":1576628364043,"request_end":1576628370934,"request_duration":6891,"type":"1024"}
{"start":1576628364434,"end":1576628370899,"duration":6465,"downloading_duration":1105,"execution_duration":4749,"uploading_duration":611,"executable":"ellipsoids-openmp","args":["2.dat","225.log","225.xoutput"],"id":131,"resource":"1024","request_start":1576628364036,"request_end":1576628370943,"request_duration":6907,"type":"1024"}
{"start":1576628364430,"end":1576628370913,"duration":6483,"downloading_duration":1143,"execution_duration":4709,"uploading_duration":631,"executable":"ellipsoids-openmp","args":["2.dat","220.log","220.xoutput"],"id":126,"resource":"1024","request_start":1576628364031,"request_end":1576628370945,"request_duration":6914,"type":"1024"}
{"start":1576628364437,"end":1576628370951,"duration":6514,"downloading_duration":1030,"execution_duration":4871,"uploading_duration":613,"executable":"ellipsoids-openmp","args":["2.dat","228.log","228.xoutput"],"id":134,"resource":"1024","request_start":1576628364039,"request_end":1576628370972,"request_duration":6933,"type":"1024"}
{"start":1576628365094,"end":1576628371349,"duration":6255,"downloading_duration":999,"execution_duration":4694,"uploading_duration":562,"executable":"ellipsoids-openmp","args":["2.dat","249.log","249.xoutput"],"id":155,"resource":"1024","request_start":1576628364059,"request_end":1576628371368,"request_duration":7309,"type":"1024"}
{"start":1576628370552,"end":1576628376494,"duration":5942,"downloading_duration":1003,"execution_duration":4342,"uploading_duration":597,"executable":"ellipsoids-openmp","args":["1.dat","145.log","145.xoutput"],"id":101,"resource":"1024","request_start":1576628364112,"request_end":1576628376513,"request_duration":12401,"type":"1024"}
{"start":1576628370729,"end":1576628376615,"duration":5886,"downloading_duration":998,"execution_duration":4320,"uploading_duration":568,"executable":"ellipsoids-openmp","args":["1.dat","14.log","14.xoutput"],"id":60,"resource":"1024","request_start":1576628364117,"request_end":1576628376634,"request_duration":12517,"type":"1024"}
{"start":1576628370460,"end":1576628376700,"duration":6240,"downloading_duration":1130,"execution_duration":4517,"uploading_duration":593,"executable":"ellipsoids-openmp","args":["1.dat","144.log","144.xoutput"],"id":100,"resource":"1024","request_start":1576628364111,"request_end":1576628376719,"request_duration":12608,"type":"1024"}
{"start":1576628370962,"end":1576628376702,"duration":5740,"downloading_duration":1082,"execution_duration":4059,"uploading_duration":599,"executable":"ellipsoids-openmp","args":["1.dat","138.log","138.xoutput"],"id":94,"resource":"1024","request_start":1576628364139,"request_end":1576628376726,"request_duration":12587,"type":"1024"}
{"start":1576628370731,"end":1576628376702,"duration":5971,"downloading_duration":1011,"execution_duration":4400,"uploading_duration":560,"executable":"ellipsoids-openmp","args":["1.dat","16.log","16.xoutput"],"id":62,"resource":"1024","request_start":1576628364118,"request_end":1576628376728,"request_duration":12610,"type":"1024"}
{"start":1576628370572,"end":1576628376705,"duration":6133,"downloading_duration":998,"execution_duration":4532,"uploading_duration":603,"executable":"ellipsoids-openmp","args":["1.dat","147.log","147.xoutput"],"id":103,"resource":"1024","request_start":1576628364113,"request_end":1576628376731,"request_duration":12618,"type":"1024"}
{"start":1576628370569,"end":1576628376727,"duration":6158,"downloading_duration":1006,"execution_duration":4590,"uploading_duration":562,"executable":"ellipsoids-openmp","args":["1.dat","146.log","146.xoutput"],"id":102,"resource":"1024","request_start":1576628364112,"request_end":1576628376747,"request_duration":12635,"type":"1024"}
{"start":1576628370727,"end":1576628376732,"duration":6005,"downloading_duration":1036,"execution_duration":4391,"uploading_duration":578,"executable":"ellipsoids-openmp","args":["1.dat","15.log","15.xoutput"],"id":61,"resource":"1024","request_start":1576628364118,"request_end":1576628376752,"request_duration":12634,"type":"1024"}
{"start":1576628370743,"end":1576628376748,"duration":6005,"downloading_duration":1005,"execution_duration":4396,"uploading_duration":604,"executable":"ellipsoids-openmp","args":["1.dat","111.log","111.xoutput"],"id":67,"resource":"1024","request_start":1576628364121,"request_end":1576628376769,"request_duration":12648,"type":"1024"}
{"start":1576628370734,"end":1576628376749,"duration":6015,"downloading_duration":992,"execution_duration":4400,"uploading_duration":623,"executable":"ellipsoids-openmp","args":["1.dat","17.log","17.xoutput"],"id":63,"resource":"1024","request_start":1576628364119,"request_end":1576628376771,"request_duration":12652,"type":"1024"}
{"start":1576628370739,"end":1576628376750,"duration":6011,"downloading_duration":1003,"execution_duration":4412,"uploading_duration":596,"executable":"ellipsoids-openmp","args":["1.dat","19.log","19.xoutput"],"id":65,"resource":"1024","request_start":1576628364120,"request_end":1576628376774,"request_duration":12654,"type":"1024"}
{"start":1576628370660,"end":1576628376762,"duration":6102,"downloading_duration":985,"execution_duration":4531,"uploading_duration":586,"executable":"ellipsoids-openmp","args":["1.dat","11.log","11.xoutput"],"id":57,"resource":"1024","request_start":1576628364115,"request_end":1576628376783,"request_duration":12668,"type":"1024"}
{"start":1576628370644,"end":1576628376765,"duration":6121,"downloading_duration":1069,"execution_duration":4493,"uploading_duration":559,"executable":"ellipsoids-openmp","args":["1.dat","148.log","148.xoutput"],"id":104,"resource":"1024","request_start":1576628364114,"request_end":1576628376787,"request_duration":12673,"type":"1024"}
{"start":1576628370737,"end":1576628376799,"duration":6062,"downloading_duration":1067,"execution_duration":4394,"uploading_duration":601,"executable":"ellipsoids-openmp","args":["1.dat","110.log","110.xoutput"],"id":66,"resource":"1024","request_start":1576628364120,"request_end":1576628376818,"request_duration":12698,"type":"1024"}
{"start":1576628370970,"end":1576628376801,"duration":5831,"downloading_duration":1036,"execution_duration":4188,"uploading_duration":607,"executable":"ellipsoids-openmp","args":["1.dat","137.log","137.xoutput"],"id":93,"resource":"1024","request_start":1576628364138,"request_end":1576628376830,"request_duration":12692,"type":"1024"}
{"start":1576628370759,"end":1576628376824,"duration":6065,"downloading_duration":1040,"execution_duration":4380,"uploading_duration":645,"executable":"ellipsoids-openmp","args":["1.dat","112.log","112.xoutput"],"id":68,"resource":"1024","request_start":1576628364121,"request_end":1576628376846,"request_duration":12725,"type":"1024"}
{"start":1576628370940,"end":1576628376868,"duration":5928,"downloading_duration":1035,"execution_duration":4317,"uploading_duration":576,"executable":"ellipsoids-openmp","args":["1.dat","132.log","132.xoutput"],"id":88,"resource":"1024","request_start":1576628364136,"request_end":1576628376886,"request_duration":12750,"type":"1024"}
{"start":1576628370733,"end":1576628376872,"duration":6139,"downloading_duration":1026,"execution_duration":4543,"uploading_duration":570,"executable":"ellipsoids-openmp","args":["1.dat","18.log","18.xoutput"],"id":64,"resource":"1024","request_start":1576628364119,"request_end":1576628376892,"request_duration":12773,"type":"1024"}
{"start":1576628370727,"end":1576628376880,"duration":6153,"downloading_duration":1070,"execution_duration":4413,"uploading_duration":670,"executable":"ellipsoids-openmp","args":["1.dat","13.log","13.xoutput"],"id":59,"resource":"1024","request_start":1576628364116,"request_end":1576628376902,"request_duration":12786,"type":"1024"}
{"start":1576628370764,"end":1576628376884,"duration":6120,"downloading_duration":991,"execution_duration":4521,"uploading_duration":608,"executable":"ellipsoids-openmp","args":["1.dat","114.log","114.xoutput"],"id":70,"resource":"1024","request_start":1576628364123,"request_end":1576628376905,"request_duration":12782,"type":"1024"}
{"start":1576628370934,"end":1576628376900,"duration":5966,"downloading_duration":1001,"execution_duration":4343,"uploading_duration":622,"executable":"ellipsoids-openmp","args":["1.dat","129.log","129.xoutput"],"id":85,"resource":"1024","request_start":1576628364134,"request_end":1576628376922,"request_duration":12788,"type":"1024"}
{"start":1576628370934,"end":1576628376914,"duration":5980,"downloading_duration":1075,"execution_duration":4228,"uploading_duration":677,"executable":"ellipsoids-openmp","args":["1.dat","127.log","127.xoutput"],"id":83,"resource":"1024","request_start":1576628364133,"request_end":1576628376934,"request_duration":12801,"type":"1024"}
{"start":1576628370763,"end":1576628376918,"duration":6155,"downloading_duration":1382,"execution_duration":4177,"uploading_duration":596,"executable":"ellipsoids-openmp","args":["1.dat","113.log","113.xoutput"],"id":69,"resource":"1024","request_start":1576628364122,"request_end":1576628376940,"request_duration":12818,"type":"1024"}
{"start":1576628370941,"end":1576628376926,"duration":5985,"downloading_duration":988,"execution_duration":4437,"uploading_duration":560,"executable":"ellipsoids-openmp","args":["1.dat","134.log","134.xoutput"],"id":90,"resource":"1024","request_start":1576628364137,"request_end":1576628376952,"request_duration":12815,"type":"1024"}
{"start":1576628370726,"end":1576628376930,"duration":6204,"downloading_duration":991,"execution_duration":4564,"uploading_duration":649,"executable":"ellipsoids-openmp","args":["1.dat","12.log","12.xoutput"],"id":58,"resource":"1024","request_start":1576628364116,"request_end":1576628376954,"request_duration":12838,"type":"1024"}
{"start":1576628371010,"end":1576628376940,"duration":5930,"downloading_duration":1073,"execution_duration":4274,"uploading_duration":583,"executable":"ellipsoids-openmp","args":["1.dat","142.log","142.xoutput"],"id":98,"resource":"1024","request_start":1576628364142,"request_end":1576628376964,"request_duration":12822,"type":"1024"}
{"start":1576628370922,"end":1576628376949,"duration":6027,"downloading_duration":981,"execution_duration":4451,"uploading_duration":595,"executable":"ellipsoids-openmp","args":["1.dat","119.log","119.xoutput"],"id":75,"resource":"1024","request_start":1576628364125,"request_end":1576628376970,"request_duration":12845,"type":"1024"}
{"start":1576628370925,"end":1576628376952,"duration":6027,"downloading_duration":987,"execution_duration":4447,"uploading_duration":593,"executable":"ellipsoids-openmp","args":["1.dat","122.log","122.xoutput"],"id":78,"resource":"1024","request_start":1576628364127,"request_end":1576628376979,"request_duration":12852,"type":"1024"}
{"start":1576628370936,"end":1576628376955,"duration":6019,"downloading_duration":1081,"execution_duration":4315,"uploading_duration":623,"executable":"ellipsoids-openmp","args":["1.dat","130.log","130.xoutput"],"id":86,"resource":"1024","request_start":1576628364134,"request_end":1576628376985,"request_duration":12851,"type":"1024"}
{"start":1576628370786,"end":1576628376973,"duration":6187,"downloading_duration":1021,"execution_duration":4447,"uploading_duration":719,"executable":"ellipsoids-openmp","args":["1.dat","117.log","117.xoutput"],"id":73,"resource":"1024","request_start":1576628364124,"request_end":1576628376992,"request_duration":12868,"type":"1024"}
{"start":1576628370926,"end":1576628376979,"duration":6053,"downloading_duration":992,"execution_duration":4448,"uploading_duration":613,"executable":"ellipsoids-openmp","args":["1.dat","123.log","123.xoutput"],"id":79,"resource":"1024","request_start":1576628364127,"request_end":1576628377001,"request_duration":12874,"type":"1024"}
{"start":1576628370938,"end":1576628376990,"duration":6052,"downloading_duration":1047,"execution_duration":4420,"uploading_duration":585,"executable":"ellipsoids-openmp","args":["1.dat","133.log","133.xoutput"],"id":89,"resource":"1024","request_start":1576628364136,"request_end":1576628377010,"request_duration":12874,"type":"1024"}
{"start":1576628370927,"end":1576628376995,"duration":6068,"downloading_duration":1029,"execution_duration":4442,"uploading_duration":597,"executable":"ellipsoids-openmp","args":["1.dat","124.log","124.xoutput"],"id":80,"resource":"1024","request_start":1576628364128,"request_end":1576628377021,"request_duration":12893,"type":"1024"}
{"start":1576628370787,"end":1576628376995,"duration":6208,"downloading_duration":991,"execution_duration":4566,"uploading_duration":651,"executable":"ellipsoids-openmp","args":["1.dat","116.log","116.xoutput"],"id":72,"resource":"1024","request_start":1576628364124,"request_end":1576628377023,"request_duration":12899,"type":"1024"}
{"start":1576628370936,"end":1576628377004,"duration":6068,"downloading_duration":995,"execution_duration":4443,"uploading_duration":630,"executable":"ellipsoids-openmp","args":["1.dat","128.log","128.xoutput"],"id":84,"resource":"1024","request_start":1576628364133,"request_end":1576628377029,"request_duration":12896,"type":"1024"}
{"start":1576628370931,"end":1576628377019,"duration":6088,"downloading_duration":993,"execution_duration":4494,"uploading_duration":601,"executable":"ellipsoids-openmp","args":["1.dat","126.log","126.xoutput"],"id":82,"resource":"1024","request_start":1576628364132,"request_end":1576628377040,"request_duration":12908,"type":"1024"}
{"start":1576628370663,"end":1576628377032,"duration":6369,"downloading_duration":1023,"execution_duration":4706,"uploading_duration":640,"executable":"ellipsoids-openmp","args":["1.dat","10.log","10.xoutput"],"id":56,"resource":"1024","request_start":1576628364115,"request_end":1576628377050,"request_duration":12935,"type":"1024"}
{"start":1576628370657,"end":1576628377034,"duration":6377,"downloading_duration":987,"execution_duration":4801,"uploading_duration":589,"executable":"ellipsoids-openmp","args":["1.dat","149.log","149.xoutput"],"id":105,"resource":"1024","request_start":1576628364114,"request_end":1576628377055,"request_duration":12941,"type":"1024"}
{"start":1576628370957,"end":1576628377038,"duration":6081,"downloading_duration":1029,"execution_duration":4444,"uploading_duration":608,"executable":"ellipsoids-openmp","args":["1.dat","136.log","136.xoutput"],"id":92,"resource":"1024","request_start":1576628364138,"request_end":1576628377062,"request_duration":12924,"type":"1024"}
{"start":1576628370789,"end":1576628377049,"duration":6260,"downloading_duration":1003,"execution_duration":4500,"uploading_duration":757,"executable":"ellipsoids-openmp","args":["1.dat","118.log","118.xoutput"],"id":74,"resource":"1024","request_start":1576628364125,"request_end":1576628377070,"request_duration":12945,"type":"1024"}
{"start":1576628370929,"end":1576628377070,"duration":6141,"downloading_duration":995,"execution_duration":4503,"uploading_duration":643,"executable":"ellipsoids-openmp","args":["1.dat","125.log","125.xoutput"],"id":81,"resource":"1024","request_start":1576628364131,"request_end":1576628377092,"request_duration":12961,"type":"1024"}
{"start":1576628370942,"end":1576628377083,"duration":6141,"downloading_duration":987,"execution_duration":4561,"uploading_duration":593,"executable":"ellipsoids-openmp","args":["1.dat","135.log","135.xoutput"],"id":91,"resource":"1024","request_start":1576628364137,"request_end":1576628377104,"request_duration":12967,"type":"1024"}
{"start":1576628370961,"end":1576628377106,"duration":6145,"downloading_duration":1037,"execution_duration":4538,"uploading_duration":570,"executable":"ellipsoids-openmp","args":["1.dat","139.log","139.xoutput"],"id":95,"resource":"1024","request_start":1576628364140,"request_end":1576628377126,"request_duration":12986,"type":"1024"}
{"start":1576628370937,"end":1576628377116,"duration":6179,"downloading_duration":991,"execution_duration":4601,"uploading_duration":587,"executable":"ellipsoids-openmp","args":["1.dat","131.log","131.xoutput"],"id":87,"resource":"1024","request_start":1576628364135,"request_end":1576628377136,"request_duration":13001,"type":"1024"}
{"start":1576628370774,"end":1576628377161,"duration":6387,"downloading_duration":1156,"execution_duration":4640,"uploading_duration":591,"executable":"ellipsoids-openmp","args":["1.dat","115.log","115.xoutput"],"id":71,"resource":"1024","request_start":1576628364123,"request_end":1576628377181,"request_duration":13058,"type":"1024"}
{"start":1576628370974,"end":1576628377183,"duration":6209,"downloading_duration":1031,"execution_duration":4323,"uploading_duration":855,"executable":"ellipsoids-openmp","args":["1.dat","140.log","140.xoutput"],"id":96,"resource":"1024","request_start":1576628364141,"request_end":1576628377201,"request_duration":13060,"type":"1024"}
{"start":1576628370977,"end":1576628377252,"duration":6275,"downloading_duration":1000,"execution_duration":4621,"uploading_duration":654,"executable":"ellipsoids-openmp","args":["1.dat","141.log","141.xoutput"],"id":97,"resource":"1024","request_start":1576628364141,"request_end":1576628377271,"request_duration":13130,"type":"1024"}
{"start":1576628371393,"end":1576628377289,"duration":5896,"downloading_duration":997,"execution_duration":4281,"uploading_duration":618,"executable":"ellipsoids-openmp","args":["1.dat","143.log","143.xoutput"],"id":99,"resource":"1024","request_start":1576628364143,"request_end":1576628377308,"request_duration":13165,"type":"1024"}
{"start":1576628370923,"end":1576628377426,"duration":6503,"downloading_duration":1061,"execution_duration":4693,"uploading_duration":749,"executable":"ellipsoids-openmp","args":["1.dat","120.log","120.xoutput"],"id":76,"resource":"1024","request_start":1576628364126,"request_end":1576628377444,"request_duration":13318,"type":"1024"}
{"start":1576628370925,"end":1576628377953,"duration":7028,"downloading_duration":984,"execution_duration":4713,"uploading_duration":1331,"executable":"ellipsoids-openmp","args":["1.dat","121.log","121.xoutput"],"id":77,"resource":"1024","request_start":1576628364126,"request_end":1576628377972,"request_duration":13846,"type":"1024"}
{"start":1576628376762,"end":1576628382613,"duration":5851,"downloading_duration":1000,"execution_duration":4285,"uploading_duration":566,"executable":"ellipsoids-openmp","args":["3.dat","35.log","35.xoutput"],"id":161,"resource":"1024","request_start":1576628364184,"request_end":1576628382634,"request_duration":18450,"type":"1024"}
{"start":1576628376664,"end":1576628382688,"duration":6024,"downloading_duration":1002,"execution_duration":4390,"uploading_duration":632,"executable":"ellipsoids-openmp","args":["3.dat","31.log","31.xoutput"],"id":157,"resource":"1024","request_start":1576628364182,"request_end":1576628382707,"request_duration":18525,"type":"1024"}
{"start":1576628376771,"end":1576628382722,"duration":5951,"downloading_duration":987,"execution_duration":4402,"uploading_duration":562,"executable":"ellipsoids-openmp","args":["3.dat","36.log","36.xoutput"],"id":162,"resource":"1024","request_start":1576628364184,"request_end":1576628382741,"request_duration":18557,"type":"1024"}
{"start":1576628376541,"end":1576628382745,"duration":6204,"downloading_duration":1040,"execution_duration":4583,"uploading_duration":581,"executable":"ellipsoids-openmp","args":["3.dat","30.log","30.xoutput"],"id":156,"resource":"1024","request_start":1576628364181,"request_end":1576628382765,"request_duration":18584,"type":"1024"}
{"start":1576628376783,"end":1576628382772,"duration":5989,"downloading_duration":1071,"execution_duration":4288,"uploading_duration":630,"executable":"ellipsoids-openmp","args":["3.dat","37.log","37.xoutput"],"id":163,"resource":"1024","request_start":1576628364185,"request_end":1576628382791,"request_duration":18606,"type":"1024"}
{"start":1576628376931,"end":1576628382773,"duration":5842,"downloading_duration":1083,"execution_duration":4161,"uploading_duration":598,"executable":"ellipsoids-openmp","args":["3.dat","318.log","318.xoutput"],"id":174,"resource":"1024","request_start":1576628364190,"request_end":1576628382794,"request_duration":18604,"type":"1024"}
{"start":1576628376757,"end":1576628382775,"duration":6018,"downloading_duration":999,"execution_duration":4432,"uploading_duration":587,"executable":"ellipsoids-openmp","args":["3.dat","33.log","33.xoutput"],"id":159,"resource":"1024","request_start":1576628364183,"request_end":1576628382797,"request_duration":18614,"type":"1024"}
{"start":1576628376803,"end":1576628382782,"duration":5979,"downloading_duration":994,"execution_duration":4405,"uploading_duration":580,"executable":"ellipsoids-openmp","args":["3.dat","310.log","310.xoutput"],"id":166,"resource":"1024","request_start":1576628364186,"request_end":1576628382806,"request_duration":18620,"type":"1024"}
{"start":1576628376746,"end":1576628382792,"duration":6046,"downloading_duration":1074,"execution_duration":4379,"uploading_duration":593,"executable":"ellipsoids-openmp","args":["3.dat","32.log","32.xoutput"],"id":158,"resource":"1024","request_start":1576628364182,"request_end":1576628382814,"request_duration":18632,"type":"1024"}
{"start":1576628376754,"end":1576628382809,"duration":6055,"downloading_duration":1000,"execution_duration":4429,"uploading_duration":626,"executable":"ellipsoids-openmp","args":["3.dat","34.log","34.xoutput"],"id":160,"resource":"1024","request_start":1576628364183,"request_end":1576628382828,"request_duration":18645,"type":"1024"}
{"start":1576628376811,"end":1576628382829,"duration":6018,"downloading_duration":1000,"execution_duration":4444,"uploading_duration":574,"executable":"ellipsoids-openmp","args":["3.dat","311.log","311.xoutput"],"id":167,"resource":"1024","request_start":1576628364187,"request_end":1576628382847,"request_duration":18660,"type":"1024"}
{"start":1576628376799,"end":1576628382829,"duration":6030,"downloading_duration":996,"execution_duration":4419,"uploading_duration":615,"executable":"ellipsoids-openmp","args":["3.dat","39.log","39.xoutput"],"id":165,"resource":"1024","request_start":1576628364186,"request_end":1576628382850,"request_duration":18664,"type":"1024"}
{"start":1576628376987,"end":1576628382880,"duration":5893,"downloading_duration":993,"execution_duration":4327,"uploading_duration":573,"executable":"ellipsoids-openmp","args":["3.dat","324.log","324.xoutput"],"id":180,"resource":"1024","request_start":1576628364193,"request_end":1576628382900,"request_duration":18707,"type":"1024"}
{"start":1576628376979,"end":1576628382889,"duration":5910,"downloading_duration":981,"execution_duration":4319,"uploading_duration":610,"executable":"ellipsoids-openmp","args":["3.dat","323.log","323.xoutput"],"id":179,"resource":"1024","request_start":1576628364193,"request_end":1576628382906,"request_duration":18713,"type":"1024"}
{"start":1576628377008,"end":1576628382935,"duration":5927,"downloading_duration":1025,"execution_duration":4305,"uploading_duration":597,"executable":"ellipsoids-openmp","args":["3.dat","327.log","327.xoutput"],"id":183,"resource":"1024","request_start":1576628364195,"request_end":1576628382953,"request_duration":18758,"type":"1024"}
{"start":1576628376819,"end":1576628382935,"duration":6116,"downloading_duration":1200,"execution_duration":4288,"uploading_duration":628,"executable":"ellipsoids-openmp","args":["3.dat","312.log","312.xoutput"],"id":168,"resource":"1024","request_start":1576628364187,"request_end":1576628382955,"request_duration":18768,"type":"1024"}
{"start":1576628376950,"end":1576628382936,"duration":5986,"downloading_duration":988,"execution_duration":4376,"uploading_duration":622,"executable":"ellipsoids-openmp","args":["3.dat","320.log","320.xoutput"],"id":176,"resource":"1024","request_start":1576628364191,"request_end":1576628382960,"request_duration":18769,"type":"1024"}
{"start":1576628376881,"end":1576628382949,"duration":6068,"downloading_duration":1002,"execution_duration":4427,"uploading_duration":639,"executable":"ellipsoids-openmp","args":["3.dat","315.log","315.xoutput"],"id":171,"resource":"1024","request_start":1576628364189,"request_end":1576628382971,"request_duration":18782,"type":"1024"}
{"start":1576628376851,"end":1576628382956,"duration":6105,"downloading_duration":1103,"execution_duration":4401,"uploading_duration":601,"executable":"ellipsoids-openmp","args":["3.dat","313.log","313.xoutput"],"id":169,"resource":"1024","request_start":1576628364188,"request_end":1576628382974,"request_duration":18786,"type":"1024"}
{"start":1576628377034,"end":1576628382965,"duration":5931,"downloading_duration":1084,"execution_duration":4232,"uploading_duration":615,"executable":"ellipsoids-openmp","args":["3.dat","330.log","330.xoutput"],"id":186,"resource":"1024","request_start":1576628364196,"request_end":1576628382984,"request_duration":18788,"type":"1024"}
{"start":1576628376859,"end":1576628382967,"duration":6108,"downloading_duration":1106,"execution_duration":4360,"uploading_duration":642,"executable":"ellipsoids-openmp","args":["3.dat","314.log","314.xoutput"],"id":170,"resource":"1024","request_start":1576628364188,"request_end":1576628382987,"request_duration":18799,"type":"1024"}
{"start":1576628376929,"end":1576628382997,"duration":6068,"downloading_duration":1002,"execution_duration":4457,"uploading_duration":609,"executable":"ellipsoids-openmp","args":["3.dat","317.log","317.xoutput"],"id":173,"resource":"1024","request_start":1576628364190,"request_end":1576628383017,"request_duration":18827,"type":"1024"}
{"start":1576628377154,"end":1576628382999,"duration":5845,"downloading_duration":1077,"execution_duration":4161,"uploading_duration":607,"executable":"ellipsoids-openmp","args":["3.dat","342.log","342.xoutput"],"id":198,"resource":"1024","request_start":1576628364202,"request_end":1576628383019,"request_duration":18817,"type":"1024"}
{"start":1576628376799,"end":1576628383024,"duration":6225,"downloading_duration":994,"execution_duration":4632,"uploading_duration":599,"executable":"ellipsoids-openmp","args":["3.dat","38.log","38.xoutput"],"id":164,"resource":"1024","request_start":1576628364185,"request_end":1576628383043,"request_duration":18858,"type":"1024"}
{"start":1576628377085,"end":1576628383026,"duration":5941,"downloading_duration":996,"execution_duration":4361,"uploading_duration":584,"executable":"ellipsoids-openmp","args":["3.dat","337.log","337.xoutput"],"id":193,"resource":"1024","request_start":1576628364200,"request_end":1576628383046,"request_duration":18846,"type":"1024"}
{"start":1576628377081,"end":1576628383029,"duration":5948,"downloading_duration":987,"execution_duration":4384,"uploading_duration":577,"executable":"ellipsoids-openmp","args":["3.dat","336.log","336.xoutput"],"id":192,"resource":"1024","request_start":1576628364199,"request_end":1576628383053,"request_duration":18854,"type":"1024"}
{"start":1576628377001,"end":1576628383047,"duration":6046,"downloading_duration":1032,"execution_duration":4382,"uploading_duration":632,"executable":"ellipsoids-openmp","args":["3.dat","326.log","326.xoutput"],"id":182,"resource":"1024","request_start":1576628364194,"request_end":1576628383066,"request_duration":18872,"type":"1024"}
{"start":1576628377024,"end":1576628383057,"duration":6033,"downloading_duration":996,"execution_duration":4425,"uploading_duration":612,"executable":"ellipsoids-openmp","args":["3.dat","329.log","329.xoutput"],"id":185,"resource":"1024","request_start":1576628364196,"request_end":1576628383076,"request_duration":18880,"type":"1024"}
{"start":1576628376960,"end":1576628383070,"duration":6110,"downloading_duration":1035,"execution_duration":4500,"uploading_duration":575,"executable":"ellipsoids-openmp","args":["3.dat","321.log","321.xoutput"],"id":177,"resource":"1024","request_start":1576628364192,"request_end":1576628383089,"request_duration":18897,"type":"1024"}
{"start":1576628377069,"end":1576628383074,"duration":6005,"downloading_duration":1002,"execution_duration":4362,"uploading_duration":641,"executable":"ellipsoids-openmp","args":["3.dat","334.log","334.xoutput"],"id":190,"resource":"1024","request_start":1576628364198,"request_end":1576628383096,"request_duration":18898,"type":"1024"}
{"start":1576628376967,"end":1576628383099,"duration":6132,"downloading_duration":1182,"execution_duration":4358,"uploading_duration":592,"executable":"ellipsoids-openmp","args":["3.dat","322.log","322.xoutput"],"id":178,"resource":"1024","request_start":1576628364192,"request_end":1576628383118,"request_duration":18926,"type":"1024"}
{"start":1576628377102,"end":1576628383101,"duration":5999,"downloading_duration":966,"execution_duration":4449,"uploading_duration":584,"executable":"ellipsoids-openmp","args":["3.dat","339.log","339.xoutput"],"id":195,"resource":"1024","request_start":1576628364201,"request_end":1576628383121,"request_duration":18920,"type":"1024"}
{"start":1576628377073,"end":1576628383103,"duration":6030,"downloading_duration":1011,"execution_duration":4427,"uploading_duration":592,"executable":"ellipsoids-openmp","args":["3.dat","335.log","335.xoutput"],"id":191,"resource":"1024","request_start":1576628364199,"request_end":1576628383123,"request_duration":18924,"type":"1024"}
{"start":1576628377041,"end":1576628383111,"duration":6070,"downloading_duration":986,"execution_duration":4363,"uploading_duration":721,"executable":"ellipsoids-openmp","args":["3.dat","331.log","331.xoutput"],"id":187,"resource":"1024","request_start":1576628364197,"request_end":1576628383132,"request_duration":18935,"type":"1024"}
{"start":1576628377086,"end":1576628383121,"duration":6035,"downloading_duration":1067,"execution_duration":4405,"uploading_duration":563,"executable":"ellipsoids-openmp","args":["3.dat","333.log","333.xoutput"],"id":189,"resource":"1024","request_start":1576628364198,"request_end":1576628383142,"request_duration":18944,"type":"1024"}
{"start":1576628376924,"end":1576628383128,"duration":6204,"downloading_duration":1026,"execution_duration":4590,"uploading_duration":588,"executable":"ellipsoids-openmp","args":["3.dat","316.log","316.xoutput"],"id":172,"resource":"1024","request_start":1576628364189,"request_end":1576628383150,"request_duration":18961,"type":"1024"}
{"start":1576628377119,"end":1576628383149,"duration":6030,"downloading_duration":1045,"execution_duration":4389,"uploading_duration":596,"executable":"ellipsoids-openmp","args":["3.dat","340.log","340.xoutput"],"id":196,"resource":"1024","request_start":1576628364201,"request_end":1576628383168,"request_duration":18967,"type":"1024"}
{"start":1576628377011,"end":1576628383191,"duration":6180,"downloading_duration":1112,"execution_duration":4444,"uploading_duration":624,"executable":"ellipsoids-openmp","args":["3.dat","325.log","325.xoutput"],"id":181,"resource":"1024","request_start":1576628364194,"request_end":1576628383211,"request_duration":19017,"type":"1024"}
{"start":1576628377131,"end":1576628383198,"duration":6067,"downloading_duration":1005,"execution_duration":4453,"uploading_duration":609,"executable":"ellipsoids-openmp","args":["3.dat","341.log","341.xoutput"],"id":197,"resource":"1024","request_start":1576628364202,"request_end":1576628383216,"request_duration":19014,"type":"1024"}
{"start":1576628377095,"end":1576628383202,"duration":6107,"downloading_duration":999,"execution_duration":4471,"uploading_duration":637,"executable":"ellipsoids-openmp","args":["3.dat","338.log","338.xoutput"],"id":194,"resource":"1024","request_start":1576628364200,"request_end":1576628383223,"request_duration":19023,"type":"1024"}
{"start":1576628377022,"end":1576628383206,"duration":6184,"downloading_duration":1092,"execution_duration":4443,"uploading_duration":649,"executable":"ellipsoids-openmp","args":["3.dat","328.log","328.xoutput"],"id":184,"resource":"1024","request_start":1576628364195,"request_end":1576628383226,"request_duration":19031,"type":"1024"}
{"start":1576628376934,"end":1576628383226,"duration":6292,"downloading_duration":1147,"execution_duration":4468,"uploading_duration":677,"executable":"ellipsoids-openmp","args":["3.dat","319.log","319.xoutput"],"id":175,"resource":"1024","request_start":1576628364191,"request_end":1576628383245,"request_duration":19054,"type":"1024"}
{"start":1576628377240,"end":1576628383265,"duration":6025,"downloading_duration":1081,"execution_duration":4363,"uploading_duration":581,"executable":"ellipsoids-openmp","args":["3.dat","345.log","345.xoutput"],"id":201,"resource":"1024","request_start":1576628364204,"request_end":1576628383286,"request_duration":19082,"type":"1024"}
{"start":1576628377300,"end":1576628383269,"duration":5969,"downloading_duration":995,"execution_duration":4352,"uploading_duration":622,"executable":"ellipsoids-openmp","args":["3.dat","346.log","346.xoutput"],"id":202,"resource":"1024","request_start":1576628364204,"request_end":1576628383289,"request_duration":19085,"type":"1024"}
{"start":1576628377171,"end":1576628383354,"duration":6183,"downloading_duration":1138,"execution_duration":4400,"uploading_duration":645,"executable":"ellipsoids-openmp","args":["3.dat","343.log","343.xoutput"],"id":199,"resource":"1024","request_start":1576628364203,"request_end":1576628383509,"request_duration":19306,"type":"1024"}
{"start":1576628377047,"end":1576628383358,"duration":6311,"downloading_duration":1076,"execution_duration":4451,"uploading_duration":784,"executable":"ellipsoids-openmp","args":["3.dat","332.log","332.xoutput"],"id":188,"resource":"1024","request_start":1576628364197,"request_end":1576628383513,"request_duration":19316,"type":"1024"}
{"start":1576628377337,"end":1576628383397,"duration":6060,"downloading_duration":999,"execution_duration":4423,"uploading_duration":638,"executable":"ellipsoids-openmp","args":["3.dat","347.log","347.xoutput"],"id":203,"resource":"1024","request_start":1576628364205,"request_end":1576628383517,"request_duration":19312,"type":"1024"}
{"start":1576628377470,"end":1576628383438,"duration":5968,"downloading_duration":981,"execution_duration":4409,"uploading_duration":578,"executable":"ellipsoids-openmp","args":["3.dat","348.log","348.xoutput"],"id":204,"resource":"1024","request_start":1576628364205,"request_end":1576628383520,"request_duration":19315,"type":"1024"}
{"start":1576628377204,"end":1576628383439,"duration":6235,"downloading_duration":1065,"execution_duration":4436,"uploading_duration":734,"executable":"ellipsoids-openmp","args":["3.dat","344.log","344.xoutput"],"id":200,"resource":"1024","request_start":1576628364203,"request_end":1576628383521,"request_duration":19318,"type":"1024"}
{"start":1576628378005,"end":1576628384026,"duration":6021,"downloading_duration":994,"execution_duration":4443,"uploading_duration":584,"executable":"ellipsoids-openmp","args":["3.dat","349.log","349.xoutput"],"id":205,"resource":"1024","request_start":1576628364206,"request_end":1576628384047,"request_duration":19841,"type":"1024"}
{"start":1576628382767,"end":1576628388929,"duration":6162,"downloading_duration":1000,"execution_duration":4590,"uploading_duration":572,"executable":"ellipsoids-openmp","args":["0.dat","06.log","06.xoutput"],"id":12,"resource":"1024","request_start":1576628365101,"request_end":1576628388954,"request_duration":23853,"type":"1024"}
{"start":1576628382881,"end":1576628388937,"duration":6056,"downloading_duration":994,"execution_duration":4481,"uploading_duration":581,"executable":"ellipsoids-openmp","args":["0.dat","015.log","015.xoutput"],"id":21,"resource":"1024","request_start":1576628365111,"request_end":1576628388957,"request_duration":23846,"type":"1024"}
{"start":1576628382659,"end":1576628388958,"duration":6299,"downloading_duration":1019,"execution_duration":4692,"uploading_duration":588,"executable":"ellipsoids-openmp","args":["0.dat","04.log","04.xoutput"],"id":10,"resource":"1024","request_start":1576628365098,"request_end":1576628388978,"request_duration":23880,"type":"1024"}
{"start":1576628383011,"end":1576628389059,"duration":6048,"downloading_duration":1002,"execution_duration":4468,"uploading_duration":578,"executable":"ellipsoids-openmp","args":["0.dat","023.log","023.xoutput"],"id":29,"resource":"1024","request_start":1576628365117,"request_end":1576628389081,"request_duration":23964,"type":"1024"}
{"start":1576628382740,"end":1576628389071,"duration":6331,"downloading_duration":1071,"execution_duration":4690,"uploading_duration":570,"executable":"ellipsoids-openmp","args":["0.dat","05.log","05.xoutput"],"id":11,"resource":"1024","request_start":1576628365100,"request_end":1576628389089,"request_duration":23989,"type":"1024"}
{"start":1576628383083,"end":1576628389076,"duration":5993,"downloading_duration":988,"execution_duration":4387,"uploading_duration":618,"executable":"ellipsoids-openmp","args":["0.dat","029.log","029.xoutput"],"id":35,"resource":"1024","request_start":1576628365124,"request_end":1576628389095,"request_duration":23971,"type":"1024"}
{"start":1576628382821,"end":1576628389115,"duration":6294,"downloading_duration":1030,"execution_duration":4663,"uploading_duration":601,"executable":"ellipsoids-openmp","args":["0.dat","08.log","08.xoutput"],"id":14,"resource":"1024","request_start":1576628365104,"request_end":1576628389137,"request_duration":24033,"type":"1024"}
{"start":1576628383096,"end":1576628389126,"duration":6030,"downloading_duration":998,"execution_duration":4445,"uploading_duration":587,"executable":"ellipsoids-openmp","args":["0.dat","030.log","030.xoutput"],"id":36,"resource":"1024","request_start":1576628365125,"request_end":1576628389150,"request_duration":24025,"type":"1024"}
{"start":1576628383046,"end":1576628389171,"duration":6125,"downloading_duration":1004,"execution_duration":4556,"uploading_duration":565,"executable":"ellipsoids-openmp","args":["0.dat","025.log","025.xoutput"],"id":31,"resource":"1024","request_start":1576628365122,"request_end":1576628389198,"request_duration":24076,"type":"1024"}
{"start":1576628382834,"end":1576628389178,"duration":6344,"downloading_duration":995,"execution_duration":4728,"uploading_duration":621,"executable":"ellipsoids-openmp","args":["0.dat","011.log","011.xoutput"],"id":17,"resource":"1024","request_start":1576628365107,"request_end":1576628389200,"request_duration":24093,"type":"1024"}
{"start":1576628382789,"end":1576628389178,"duration":6389,"downloading_duration":1070,"execution_duration":4702,"uploading_duration":617,"executable":"ellipsoids-openmp","args":["0.dat","07.log","07.xoutput"],"id":13,"resource":"1024","request_start":1576628365103,"request_end":1576628389207,"request_duration":24104,"type":"1024"}
{"start":1576628383019,"end":1576628389197,"duration":6178,"downloading_duration":1029,"execution_duration":4550,"uploading_duration":599,"executable":"ellipsoids-openmp","args":["0.dat","024.log","024.xoutput"],"id":30,"resource":"1024","request_start":1576628365121,"request_end":1576628389222,"request_duration":24101,"type":"1024"}
{"start":1576628382872,"end":1576628389198,"duration":6326,"downloading_duration":1078,"execution_duration":4665,"uploading_duration":583,"executable":"ellipsoids-openmp","args":["0.dat","014.log","014.xoutput"],"id":20,"resource":"1024","request_start":1576628365110,"request_end":1576628389223,"request_duration":24113,"type":"1024"}
{"start":1576628382825,"end":1576628389218,"duration":6393,"downloading_duration":1020,"execution_duration":4693,"uploading_duration":680,"executable":"ellipsoids-openmp","args":["0.dat","010.log","010.xoutput"],"id":16,"resource":"1024","request_start":1576628365106,"request_end":1576628389384,"request_duration":24278,"type":"1024"}
{"start":1576628383002,"end":1576628389225,"duration":6223,"downloading_duration":1077,"execution_duration":4478,"uploading_duration":668,"executable":"ellipsoids-openmp","args":["0.dat","021.log","021.xoutput"],"id":27,"resource":"1024","request_start":1576628365115,"request_end":1576628389389,"request_duration":24274,"type":"1024"}
{"start":1576628383148,"end":1576628389230,"duration":6082,"downloading_duration":1002,"execution_duration":4456,"uploading_duration":624,"executable":"ellipsoids-openmp","args":["0.dat","035.log","035.xoutput"],"id":41,"resource":"1024","request_start":1576628365128,"request_end":1576628389393,"request_duration":24265,"type":"1024"}
{"start":1576628382856,"end":1576628389246,"duration":6390,"downloading_duration":1140,"execution_duration":4619,"uploading_duration":631,"executable":"ellipsoids-openmp","args":["0.dat","013.log","013.xoutput"],"id":19,"resource":"1024","request_start":1576628365109,"request_end":1576628389397,"request_duration":24288,"type":"1024"}
{"start":1576628383006,"end":1576628389281,"duration":6275,"downloading_duration":1247,"execution_duration":4448,"uploading_duration":580,"executable":"ellipsoids-openmp","args":["0.dat","022.log","022.xoutput"],"id":28,"resource":"1024","request_start":1576628365116,"request_end":1576628389400,"request_duration":24284,"type":"1024"}
{"start":1576628382931,"end":1576628389291,"duration":6360,"downloading_duration":995,"execution_duration":4775,"uploading_duration":590,"executable":"ellipsoids-openmp","args":["0.dat","017.log","017.xoutput"],"id":23,"resource":"1024","request_start":1576628365112,"request_end":1576628389402,"request_duration":24290,"type":"1024"}
{"start":1576628383250,"end":1576628389296,"duration":6046,"downloading_duration":1000,"execution_duration":4476,"uploading_duration":570,"executable":"ellipsoids-openmp","args":["0.dat","043.log","043.xoutput"],"id":49,"resource":"1024","request_start":1576628365134,"request_end":1576628389403,"request_duration":24269,"type":"1024"}
{"start":1576628382925,"end":1576628389313,"duration":6388,"downloading_duration":1030,"execution_duration":4728,"uploading_duration":630,"executable":"ellipsoids-openmp","args":["0.dat","016.log","016.xoutput"],"id":22,"resource":"1024","request_start":1576628365111,"request_end":1576628389406,"request_duration":24295,"type":"1024"}
{"start":1576628383069,"end":1576628389315,"duration":6246,"downloading_duration":1007,"execution_duration":4603,"uploading_duration":636,"executable":"ellipsoids-openmp","args":["0.dat","027.log","027.xoutput"],"id":33,"resource":"1024","request_start":1576628365123,"request_end":1576628389436,"request_duration":24313,"type":"1024"}
{"start":1576628383258,"end":1576628389334,"duration":6076,"downloading_duration":997,"execution_duration":4479,"uploading_duration":600,"executable":"ellipsoids-openmp","args":["0.dat","044.log","044.xoutput"],"id":50,"resource":"1024","request_start":1576628365134,"request_end":1576628389438,"request_duration":24304,"type":"1024"}
{"start":1576628382985,"end":1576628389334,"duration":6349,"downloading_duration":1032,"execution_duration":4701,"uploading_duration":616,"executable":"ellipsoids-openmp","args":["0.dat","019.log","019.xoutput"],"id":25,"resource":"1024","request_start":1576628365114,"request_end":1576628389440,"request_duration":24326,"type":"1024"}
{"start":1576628383105,"end":1576628389345,"duration":6240,"downloading_duration":1022,"execution_duration":4544,"uploading_duration":674,"executable":"ellipsoids-openmp","args":["0.dat","031.log","031.xoutput"],"id":37,"resource":"1024","request_start":1576628365126,"request_end":1576628389443,"request_duration":24317,"type":"1024"}
{"start":1576628383170,"end":1576628389353,"duration":6183,"downloading_duration":978,"execution_duration":4603,"uploading_duration":602,"executable":"ellipsoids-openmp","args":["0.dat","038.log","038.xoutput"],"id":44,"resource":"1024","request_start":1576628365131,"request_end":1576628389444,"request_duration":24313,"type":"1024"}
{"start":1576628382826,"end":1576628389394,"duration":6568,"downloading_duration":1082,"execution_duration":4899,"uploading_duration":587,"executable":"ellipsoids-openmp","args":["0.dat","09.log","09.xoutput"],"id":15,"resource":"1024","request_start":1576628365105,"request_end":1576628389456,"request_duration":24351,"type":"1024"}
{"start":1576628382844,"end":1576628389394,"duration":6550,"downloading_duration":1070,"execution_duration":4846,"uploading_duration":634,"executable":"ellipsoids-openmp","args":["0.dat","012.log","012.xoutput"],"id":18,"resource":"1024","request_start":1576628365108,"request_end":1576628389458,"request_duration":24350,"type":"1024"}
{"start":1576628383142,"end":1576628389401,"duration":6259,"downloading_duration":1029,"execution_duration":4631,"uploading_duration":599,"executable":"ellipsoids-openmp","args":["0.dat","034.log","034.xoutput"],"id":40,"resource":"1024","request_start":1576628365128,"request_end":1576628389460,"request_duration":24332,"type":"1024"}
{"start":1576628383175,"end":1576628389411,"duration":6236,"downloading_duration":994,"execution_duration":4620,"uploading_duration":622,"executable":"ellipsoids-openmp","args":["0.dat","039.log","039.xoutput"],"id":45,"resource":"1024","request_start":1576628365132,"request_end":1576628389463,"request_duration":24331,"type":"1024"}
{"start":1576628383115,"end":1576628389452,"duration":6337,"downloading_duration":1087,"execution_duration":4668,"uploading_duration":582,"executable":"ellipsoids-openmp","args":["0.dat","032.log","032.xoutput"],"id":38,"resource":"1024","request_start":1576628365127,"request_end":1576628389489,"request_duration":24362,"type":"1024"}
{"start":1576628383195,"end":1576628389460,"duration":6265,"downloading_duration":1034,"execution_duration":4649,"uploading_duration":582,"executable":"ellipsoids-openmp","args":["0.dat","040.log","040.xoutput"],"id":46,"resource":"1024","request_start":1576628365132,"request_end":1576628389493,"request_duration":24361,"type":"1024"}
{"start":1576628382979,"end":1576628389463,"duration":6484,"downloading_duration":1076,"execution_duration":4808,"uploading_duration":600,"executable":"ellipsoids-openmp","args":["0.dat","018.log","018.xoutput"],"id":24,"resource":"1024","request_start":1576628365113,"request_end":1576628389494,"request_duration":24381,"type":"1024"}
{"start":1576628383149,"end":1576628389479,"duration":6330,"downloading_duration":1076,"execution_duration":4630,"uploading_duration":624,"executable":"ellipsoids-openmp","args":["0.dat","036.log","036.xoutput"],"id":42,"resource":"1024","request_start":1576628365129,"request_end":1576628389507,"request_duration":24378,"type":"1024"}
{"start":1576628383160,"end":1576628389483,"duration":6323,"downloading_duration":1089,"execution_duration":4659,"uploading_duration":575,"executable":"ellipsoids-openmp","args":["0.dat","037.log","037.xoutput"],"id":43,"resource":"1024","request_start":1576628365129,"request_end":1576628389511,"request_duration":24382,"type":"1024"}
{"start":1576628383269,"end":1576628389507,"duration":6238,"downloading_duration":1061,"execution_duration":4598,"uploading_duration":579,"executable":"ellipsoids-openmp","args":["0.dat","045.log","045.xoutput"],"id":51,"resource":"1024","request_start":1576628365135,"request_end":1576628389539,"request_duration":24404,"type":"1024"}
{"start":1576628383322,"end":1576628389523,"duration":6201,"downloading_duration":1012,"execution_duration":4535,"uploading_duration":654,"executable":"ellipsoids-openmp","args":["0.dat","047.log","047.xoutput"],"id":53,"resource":"1024","request_start":1576628365136,"request_end":1576628389550,"request_duration":24414,"type":"1024"}
{"start":1576628383237,"end":1576628389538,"duration":6301,"downloading_duration":1011,"execution_duration":4641,"uploading_duration":649,"executable":"ellipsoids-openmp","args":["0.dat","041.log","041.xoutput"],"id":47,"resource":"1024","request_start":1576628365133,"request_end":1576628389563,"request_duration":24430,"type":"1024"}
{"start":1576628383075,"end":1576628389553,"duration":6478,"downloading_duration":1075,"execution_duration":4829,"uploading_duration":574,"executable":"ellipsoids-openmp","args":["0.dat","028.log","028.xoutput"],"id":34,"resource":"1024","request_start":1576628365124,"request_end":1576628389573,"request_duration":24449,"type":"1024"}
{"start":1576628383557,"end":1576628389553,"duration":5996,"downloading_duration":986,"execution_duration":4414,"uploading_duration":596,"executable":"ellipsoids-openmp","args":["0.dat","01.log","01.xoutput"],"id":7,"resource":"1024","request_start":1576628365171,"request_end":1576628389576,"request_duration":24405,"type":"1024"}
{"start":1576628383120,"end":1576628389619,"duration":6499,"downloading_duration":1078,"execution_duration":4708,"uploading_duration":713,"executable":"ellipsoids-openmp","args":["0.dat","033.log","033.xoutput"],"id":39,"resource":"1024","request_start":1576628365127,"request_end":1576628389642,"request_duration":24515,"type":"1024"}
{"start":1576628383246,"end":1576628389651,"duration":6405,"downloading_duration":1171,"execution_duration":4621,"uploading_duration":613,"executable":"ellipsoids-openmp","args":["0.dat","042.log","042.xoutput"],"id":48,"resource":"1024","request_start":1576628365133,"request_end":1576628389670,"request_duration":24537,"type":"1024"}
{"start":1576628382986,"end":1576628389685,"duration":6699,"downloading_duration":1468,"execution_duration":4597,"uploading_duration":634,"executable":"ellipsoids-openmp","args":["0.dat","020.log","020.xoutput"],"id":26,"resource":"1024","request_start":1576628365115,"request_end":1576628389706,"request_duration":24591,"type":"1024"}
{"start":1576628383553,"end":1576628389719,"duration":6166,"downloading_duration":986,"execution_duration":4569,"uploading_duration":611,"executable":"ellipsoids-openmp","args":["0.dat","048.log","048.xoutput"],"id":54,"resource":"1024","request_start":1576628365136,"request_end":1576628389741,"request_duration":24605,"type":"1024"}
{"start":1576628383323,"end":1576628389723,"duration":6400,"downloading_duration":1043,"execution_duration":4741,"uploading_duration":616,"executable":"ellipsoids-openmp","args":["0.dat","046.log","046.xoutput"],"id":52,"resource":"1024","request_start":1576628365135,"request_end":1576628389744,"request_duration":24609,"type":"1024"}
{"start":1576628383556,"end":1576628389825,"duration":6269,"downloading_duration":1026,"execution_duration":4680,"uploading_duration":563,"executable":"ellipsoids-openmp","args":["0.dat","02.log","02.xoutput"],"id":8,"resource":"1024","request_start":1576628365171,"request_end":1576628389846,"request_duration":24675,"type":"1024"}
{"start":1576628383554,"end":1576628389847,"duration":6293,"downloading_duration":1057,"execution_duration":4448,"uploading_duration":788,"executable":"ellipsoids-openmp","args":["0.dat","049.log","049.xoutput"],"id":55,"resource":"1024","request_start":1576628365137,"request_end":1576628389866,"request_duration":24729,"type":"1024"}
{"start":1576628383557,"end":1576628389945,"duration":6388,"downloading_duration":1177,"execution_duration":4637,"uploading_duration":574,"executable":"ellipsoids-openmp","args":["0.dat","00.log","00.xoutput"],"id":6,"resource":"1024","request_start":1576628365137,"request_end":1576628389964,"request_duration":24827,"type":"1024"}
{"start":1576628383048,"end":1576628390252,"duration":7204,"downloading_duration":1078,"execution_duration":4696,"uploading_duration":1430,"executable":"ellipsoids-openmp","args":["0.dat","026.log","026.xoutput"],"id":32,"resource":"1024","request_start":1576628365123,"request_end":1576628390273,"request_duration":25150,"type":"1024"}
{"start":1576628384079,"end":1576628390270,"duration":6191,"downloading_duration":981,"execution_duration":4643,"uploading_duration":567,"executable":"ellipsoids-openmp","args":["0.dat","03.log","03.xoutput"],"id":9,"resource":"1024","request_start":1576628365172,"request_end":1576628390292,"request_duration":25120,"type":"1024"}
{"start":1576628388988,"end":1576628390616,"duration":1628,"downloading_duration":1249,"execution_duration":7,"uploading_duration":372,"executable":"mean-pack-ell","args":["20.xoutput","21.xoutput","22.xoutput","23.xoutput","24.xoutput","25.xoutput","26.xoutput","27.xoutput","28.xoutput","29.xoutput","210.xoutput","211.xoutput","212.xoutput","213.xoutput","214.xoutput","215.xoutput","216.xoutput","217.xoutput","218.xoutput","219.xoutput","220.xoutput","221.xoutput","222.xoutput","223.xoutput","224.xoutput","225.xoutput","226.xoutput","227.xoutput","228.xoutput","229.xoutput","230.xoutput","231.xoutput","232.xoutput","233.xoutput","234.xoutput","235.xoutput","236.xoutput","237.xoutput","238.xoutput","239.xoutput","240.xoutput","241.xoutput","242.xoutput","243.xoutput","244.xoutput","245.xoutput","246.xoutput","247.xoutput","248.xoutput","249.xoutput","average_2.txt"],"id":208,"resource":"1024","request_start":1576628371390,"request_end":1576628390639,"request_duration":19249,"type":"1024"}
{"start":1576628389010,"end":1576628390686,"duration":1676,"downloading_duration":1301,"execution_duration":6,"uploading_duration":369,"executable":"mean-pack-ell","args":["30.xoutput","31.xoutput","32.xoutput","33.xoutput","34.xoutput","35.xoutput","36.xoutput","37.xoutput","38.xoutput","39.xoutput","310.xoutput","311.xoutput","312.xoutput","313.xoutput","314.xoutput","315.xoutput","316.xoutput","317.xoutput","318.xoutput","319.xoutput","320.xoutput","321.xoutput","322.xoutput","323.xoutput","324.xoutput","325.xoutput","326.xoutput","327.xoutput","328.xoutput","329.xoutput","330.xoutput","331.xoutput","332.xoutput","333.xoutput","334.xoutput","335.xoutput","336.xoutput","337.xoutput","338.xoutput","339.xoutput","340.xoutput","341.xoutput","342.xoutput","343.xoutput","344.xoutput","345.xoutput","346.xoutput","347.xoutput","348.xoutput","349.xoutput","average_3.txt"],"id":209,"resource":"1024","request_start":1576628384066,"request_end":1576628390715,"request_duration":6649,"type":"1024"}
{"start":1576628388992,"end":1576628390710,"duration":1718,"downloading_duration":1323,"execution_duration":12,"uploading_duration":383,"executable":"mean-pack-ell","args":["10.xoutput","11.xoutput","12.xoutput","13.xoutput","14.xoutput","15.xoutput","16.xoutput","17.xoutput","18.xoutput","19.xoutput","110.xoutput","111.xoutput","112.xoutput","113.xoutput","114.xoutput","115.xoutput","116.xoutput","117.xoutput","118.xoutput","119.xoutput","120.xoutput","121.xoutput","122.xoutput","123.xoutput","124.xoutput","125.xoutput","126.xoutput","127.xoutput","128.xoutput","129.xoutput","130.xoutput","131.xoutput","132.xoutput","133.xoutput","134.xoutput","135.xoutput","136.xoutput","137.xoutput","138.xoutput","139.xoutput","140.xoutput","141.xoutput","142.xoutput","143.xoutput","144.xoutput","145.xoutput","146.xoutput","147.xoutput","148.xoutput","149.xoutput","average_1.txt"],"id":207,"resource":"1024","request_start":1576628377993,"request_end":1576628390731,"request_duration":12738,"type":"1024"}
{"start":1576628390421,"end":1576628392035,"duration":1614,"downloading_duration":1237,"execution_duration":4,"uploading_duration":373,"executable":"mean-pack-ell","args":["00.xoutput","01.xoutput","02.xoutput","03.xoutput","04.xoutput","05.xoutput","06.xoutput","07.xoutput","08.xoutput","09.xoutput","010.xoutput","011.xoutput","012.xoutput","013.xoutput","014.xoutput","015.xoutput","016.xoutput","017.xoutput","018.xoutput","019.xoutput","020.xoutput","021.xoutput","022.xoutput","023.xoutput","024.xoutput","025.xoutput","026.xoutput","027.xoutput","028.xoutput","029.xoutput","030.xoutput","031.xoutput","032.xoutput","033.xoutput","034.xoutput","035.xoutput","036.xoutput","037.xoutput","038.xoutput","039.xoutput","040.xoutput","041.xoutput","042.xoutput","043.xoutput","044.xoutput","045.xoutput","046.xoutput","047.xoutput","048.xoutput","049.xoutput","average_0.txt"],"id":206,"resource":"1024","request_start":1576628390308,"request_end":1576628392057,"request_duration":1749,"type":"1024"}
{"start":1576628392169,"end":1576628393062,"duration":893,"downloading_duration":378,"execution_duration":119,"uploading_duration":396,"executable":"summary.js","args":[],"id":210,"resource":"1024","request_start":1576628392064,"request_end":1576628393079,"request_duration":1015,"type":"1024"}
