{"start":1576628255573,"end":1576628256603,"duration":1030,"downloading_duration":378,"execution_duration":110,"uploading_duration":542,"executable":"generateData.js","args":[],"id":1,"resource":"1024","request_start":1576628255424,"request_end":1576628256626,"request_duration":1202,"type":"1024"}
{"start":1576628256827,"end":1576628257709,"duration":882,"downloading_duration":381,"execution_duration":96,"uploading_duration":405,"executable":"createDat.js","args":["2.dat"],"id":4,"resource":"1024","request_start":1576628256631,"request_end":1576628257726,"request_duration":1095,"type":"1024"}
{"start":1576628256834,"end":1576628257728,"duration":894,"downloading_duration":382,"execution_duration":95,"uploading_duration":417,"executable":"createDat.js","args":["0.dat"],"id":2,"resource":"1024","request_start":1576628256629,"request_end":1576628257753,"request_duration":1124,"type":"1024"}
{"start":1576628256836,"end":1576628257740,"duration":904,"downloading_duration":372,"execution_duration":139,"uploading_duration":393,"executable":"createDat.js","args":["3.dat"],"id":5,"resource":"1024","request_start":1576628256633,"request_end":1576628257767,"request_duration":1134,"type":"1024"}
{"start":1576628256836,"end":1576628257758,"duration":922,"downloading_duration":417,"execution_duration":98,"uploading_duration":407,"executable":"createDat.js","args":["1.dat"],"id":3,"resource":"1024","request_start":1576628256630,"request_end":1576628257869,"request_duration":1239,"type":"1024"}
{"start":1576628257894,"end":1576628263988,"duration":6094,"downloading_duration":1070,"execution_duration":4460,"uploading_duration":564,"executable":"ellipsoids-openmp","args":["2.dat","249.log","249.xoutput"],"id":155,"resource":"1024","request_start":1576628257827,"request_end":1576628264010,"request_duration":6183,"type":"1024"}
{"start":1576628258121,"end":1576628264519,"duration":6398,"downloading_duration":1002,"execution_duration":4826,"uploading_duration":570,"executable":"ellipsoids-openmp","args":["2.dat","20.log","20.xoutput"],"id":106,"resource":"1024","request_start":1576628257774,"request_end":1576628264538,"request_duration":6764,"type":"1024"}
{"start":1576628258121,"end":1576628264614,"duration":6493,"downloading_duration":1072,"execution_duration":4815,"uploading_duration":606,"executable":"ellipsoids-openmp","args":["2.dat","25.log","25.xoutput"],"id":111,"resource":"1024","request_start":1576628257781,"request_end":1576628264633,"request_duration":6852,"type":"1024"}
{"start":1576628258115,"end":1576628264614,"duration":6499,"downloading_duration":987,"execution_duration":4954,"uploading_duration":558,"executable":"ellipsoids-openmp","args":["2.dat","22.log","22.xoutput"],"id":108,"resource":"1024","request_start":1576628257777,"request_end":1576628264636,"request_duration":6859,"type":"1024"}
{"start":1576628258256,"end":1576628264614,"duration":6358,"downloading_duration":1005,"execution_duration":4764,"uploading_duration":589,"executable":"ellipsoids-openmp","args":["2.dat","246.log","246.xoutput"],"id":152,"resource":"1024","request_start":1576628257825,"request_end":1576628264638,"request_duration":6813,"type":"1024"}
{"start":1576628258235,"end":1576628264639,"duration":6404,"downloading_duration":977,"execution_duration":4863,"uploading_duration":564,"executable":"ellipsoids-openmp","args":["2.dat","223.log","223.xoutput"],"id":129,"resource":"1024","request_start":1576628257803,"request_end":1576628264662,"request_duration":6859,"type":"1024"}
{"start":1576628258121,"end":1576628264648,"duration":6527,"downloading_duration":1036,"execution_duration":4922,"uploading_duration":569,"executable":"ellipsoids-openmp","args":["2.dat","21.log","21.xoutput"],"id":107,"resource":"1024","request_start":1576628257776,"request_end":1576628264668,"request_duration":6892,"type":"1024"}
{"start":1576628258257,"end":1576628264650,"duration":6393,"downloading_duration":1077,"execution_duration":4708,"uploading_duration":608,"executable":"ellipsoids-openmp","args":["2.dat","240.log","240.xoutput"],"id":146,"resource":"1024","request_start":1576628257820,"request_end":1576628264670,"request_duration":6850,"type":"1024"}
{"start":1576628258122,"end":1576628264656,"duration":6534,"downloading_duration":1030,"execution_duration":4909,"uploading_duration":595,"executable":"ellipsoids-openmp","args":["2.dat","23.log","23.xoutput"],"id":109,"resource":"1024","request_start":1576628257779,"request_end":1576628264679,"request_duration":6900,"type":"1024"}
{"start":1576628258255,"end":1576628264667,"duration":6412,"downloading_duration":1088,"execution_duration":4759,"uploading_duration":565,"executable":"ellipsoids-openmp","args":["2.dat","242.log","242.xoutput"],"id":148,"resource":"1024","request_start":1576628257822,"request_end":1576628264689,"request_duration":6867,"type":"1024"}
{"start":1576628258233,"end":1576628264682,"duration":6449,"downloading_duration":1024,"execution_duration":4802,"uploading_duration":623,"executable":"ellipsoids-openmp","args":["2.dat","220.log","220.xoutput"],"id":126,"resource":"1024","request_start":1576628257800,"request_end":1576628264701,"request_duration":6901,"type":"1024"}
{"start":1576628258123,"end":1576628264682,"duration":6559,"downloading_duration":1036,"execution_duration":4878,"uploading_duration":645,"executable":"ellipsoids-openmp","args":["2.dat","28.log","28.xoutput"],"id":114,"resource":"1024","request_start":1576628257785,"request_end":1576628264703,"request_duration":6918,"type":"1024"}
{"start":1576628258126,"end":1576628264693,"duration":6567,"downloading_duration":1039,"execution_duration":4941,"uploading_duration":587,"executable":"ellipsoids-openmp","args":["2.dat","210.log","210.xoutput"],"id":116,"resource":"1024","request_start":1576628257787,"request_end":1576628264713,"request_duration":6926,"type":"1024"}
{"start":1576628258168,"end":1576628264704,"duration":6536,"downloading_duration":1027,"execution_duration":4947,"uploading_duration":562,"executable":"ellipsoids-openmp","args":["2.dat","211.log","211.xoutput"],"id":117,"resource":"1024","request_start":1576628257792,"request_end":1576628264725,"request_duration":6933,"type":"1024"}
{"start":1576628258234,"end":1576628264726,"duration":6492,"downloading_duration":1067,"execution_duration":4837,"uploading_duration":588,"executable":"ellipsoids-openmp","args":["2.dat","214.log","214.xoutput"],"id":120,"resource":"1024","request_start":1576628257795,"request_end":1576628264748,"request_duration":6953,"type":"1024"}
{"start":1576628258260,"end":1576628264734,"duration":6474,"downloading_duration":1008,"execution_duration":4843,"uploading_duration":623,"executable":"ellipsoids-openmp","args":["2.dat","244.log","244.xoutput"],"id":150,"resource":"1024","request_start":1576628257823,"request_end":1576628264758,"request_duration":6935,"type":"1024"}
{"start":1576628258247,"end":1576628264742,"duration":6495,"downloading_duration":1105,"execution_duration":4760,"uploading_duration":630,"executable":"ellipsoids-openmp","args":["2.dat","235.log","235.xoutput"],"id":141,"resource":"1024","request_start":1576628257815,"request_end":1576628264763,"request_duration":6948,"type":"1024"}
{"start":1576628258245,"end":1576628264747,"duration":6502,"downloading_duration":1059,"execution_duration":4839,"uploading_duration":604,"executable":"ellipsoids-openmp","args":["2.dat","231.log","231.xoutput"],"id":137,"resource":"1024","request_start":1576628257811,"request_end":1576628264772,"request_duration":6961,"type":"1024"}
{"start":1576628258169,"end":1576628264762,"duration":6593,"downloading_duration":1034,"execution_duration":4977,"uploading_duration":582,"executable":"ellipsoids-openmp","args":["2.dat","226.log","226.xoutput"],"id":132,"resource":"1024","request_start":1576628257806,"request_end":1576628264781,"request_duration":6975,"type":"1024"}
{"start":1576628258241,"end":1576628264763,"duration":6522,"downloading_duration":1100,"execution_duration":4833,"uploading_duration":589,"executable":"ellipsoids-openmp","args":["2.dat","228.log","228.xoutput"],"id":134,"resource":"1024","request_start":1576628257807,"request_end":1576628264784,"request_duration":6977,"type":"1024"}
{"start":1576628258123,"end":1576628264791,"duration":6668,"downloading_duration":1080,"execution_duration":4988,"uploading_duration":600,"executable":"ellipsoids-openmp","args":["2.dat","26.log","26.xoutput"],"id":112,"resource":"1024","request_start":1576628257783,"request_end":1576628264810,"request_duration":7027,"type":"1024"}
{"start":1576628258253,"end":1576628264792,"duration":6539,"downloading_duration":1120,"execution_duration":4821,"uploading_duration":598,"executable":"ellipsoids-openmp","args":["2.dat","239.log","239.xoutput"],"id":145,"resource":"1024","request_start":1576628257819,"request_end":1576628264812,"request_duration":6993,"type":"1024"}
{"start":1576628258168,"end":1576628264794,"duration":6626,"downloading_duration":1077,"execution_duration":4945,"uploading_duration":604,"executable":"ellipsoids-openmp","args":["2.dat","216.log","216.xoutput"],"id":122,"resource":"1024","request_start":1576628257797,"request_end":1576628264815,"request_duration":7018,"type":"1024"}
{"start":1576628258127,"end":1576628264794,"duration":6667,"downloading_duration":1160,"execution_duration":4916,"uploading_duration":591,"executable":"ellipsoids-openmp","args":["2.dat","29.log","29.xoutput"],"id":115,"resource":"1024","request_start":1576628257786,"request_end":1576628264819,"request_duration":7033,"type":"1024"}
{"start":1576628258233,"end":1576628264795,"duration":6562,"downloading_duration":1029,"execution_duration":4950,"uploading_duration":583,"executable":"ellipsoids-openmp","args":["2.dat","224.log","224.xoutput"],"id":130,"resource":"1024","request_start":1576628257804,"request_end":1576628264821,"request_duration":7017,"type":"1024"}
{"start":1576628258246,"end":1576628264796,"duration":6550,"downloading_duration":1031,"execution_duration":4932,"uploading_duration":587,"executable":"ellipsoids-openmp","args":["2.dat","233.log","233.xoutput"],"id":139,"resource":"1024","request_start":1576628257812,"request_end":1576628264823,"request_duration":7011,"type":"1024"}
{"start":1576628258167,"end":1576628264809,"duration":6642,"downloading_duration":1079,"execution_duration":4933,"uploading_duration":630,"executable":"ellipsoids-openmp","args":["2.dat","218.log","218.xoutput"],"id":124,"resource":"1024","request_start":1576628257798,"request_end":1576628264829,"request_duration":7031,"type":"1024"}
{"start":1576628258239,"end":1576628264819,"duration":6580,"downloading_duration":1027,"execution_duration":4961,"uploading_duration":592,"executable":"ellipsoids-openmp","args":["2.dat","230.log","230.xoutput"],"id":136,"resource":"1024","request_start":1576628257810,"request_end":1576628264836,"request_duration":7026,"type":"1024"}
{"start":1576628258129,"end":1576628264820,"duration":6691,"downloading_duration":1056,"execution_duration":5020,"uploading_duration":615,"executable":"ellipsoids-openmp","args":["2.dat","212.log","212.xoutput"],"id":118,"resource":"1024","request_start":1576628257793,"request_end":1576628264838,"request_duration":7045,"type":"1024"}
{"start":1576628258170,"end":1576628264820,"duration":6650,"downloading_duration":1044,"execution_duration":4985,"uploading_duration":621,"executable":"ellipsoids-openmp","args":["2.dat","215.log","215.xoutput"],"id":121,"resource":"1024","request_start":1576628257796,"request_end":1576628264839,"request_duration":7043,"type":"1024"}
{"start":1576628258128,"end":1576628264820,"duration":6692,"downloading_duration":980,"execution_duration":5123,"uploading_duration":589,"executable":"ellipsoids-openmp","args":["2.dat","27.log","27.xoutput"],"id":113,"resource":"1024","request_start":1576628257784,"request_end":1576628264848,"request_duration":7064,"type":"1024"}
{"start":1576628258171,"end":1576628264823,"duration":6652,"downloading_duration":1076,"execution_duration":5005,"uploading_duration":571,"executable":"ellipsoids-openmp","args":["2.dat","222.log","222.xoutput"],"id":128,"resource":"1024","request_start":1576628257802,"request_end":1576628264849,"request_duration":7047,"type":"1024"}
{"start":1576628258258,"end":1576628264826,"duration":6568,"downloading_duration":1114,"execution_duration":4842,"uploading_duration":612,"executable":"ellipsoids-openmp","args":["2.dat","247.log","247.xoutput"],"id":153,"resource":"1024","request_start":1576628257826,"request_end":1576628264850,"request_duration":7024,"type":"1024"}
{"start":1576628258263,"end":1576628264841,"duration":6578,"downloading_duration":1074,"execution_duration":4932,"uploading_duration":572,"executable":"ellipsoids-openmp","args":["2.dat","245.log","245.xoutput"],"id":151,"resource":"1024","request_start":1576628257824,"request_end":1576628264864,"request_duration":7040,"type":"1024"}
{"start":1576628258233,"end":1576628264854,"duration":6621,"downloading_duration":1063,"execution_duration":4943,"uploading_duration":615,"executable":"ellipsoids-openmp","args":["2.dat","227.log","227.xoutput"],"id":133,"resource":"1024","request_start":1576628257806,"request_end":1576628264874,"request_duration":7068,"type":"1024"}
{"start":1576628258168,"end":1576628264866,"duration":6698,"downloading_duration":1035,"execution_duration":5040,"uploading_duration":623,"executable":"ellipsoids-openmp","args":["2.dat","221.log","221.xoutput"],"id":127,"resource":"1024","request_start":1576628257801,"request_end":1576628264886,"request_duration":7085,"type":"1024"}
{"start":1576628258173,"end":1576628264868,"duration":6695,"downloading_duration":987,"execution_duration":5086,"uploading_duration":622,"executable":"ellipsoids-openmp","args":["2.dat","217.log","217.xoutput"],"id":123,"resource":"1024","request_start":1576628257797,"request_end":1576628264889,"request_duration":7092,"type":"1024"}
{"start":1576628258241,"end":1576628264873,"duration":6632,"downloading_duration":995,"execution_duration":5035,"uploading_duration":602,"executable":"ellipsoids-openmp","args":["2.dat","229.log","229.xoutput"],"id":135,"resource":"1024","request_start":1576628257808,"request_end":1576628264897,"request_duration":7089,"type":"1024"}
{"start":1576628258238,"end":1576628264873,"duration":6635,"downloading_duration":1032,"execution_duration":5029,"uploading_duration":574,"executable":"ellipsoids-openmp","args":["2.dat","225.log","225.xoutput"],"id":131,"resource":"1024","request_start":1576628257805,"request_end":1576628264898,"request_duration":7093,"type":"1024"}
{"start":1576628258251,"end":1576628264876,"duration":6625,"downloading_duration":1108,"execution_duration":4884,"uploading_duration":633,"executable":"ellipsoids-openmp","args":["2.dat","243.log","243.xoutput"],"id":149,"resource":"1024","request_start":1576628257822,"request_end":1576628264899,"request_duration":7077,"type":"1024"}
{"start":1576628258166,"end":1576628264878,"duration":6712,"downloading_duration":1119,"execution_duration":4997,"uploading_duration":596,"executable":"ellipsoids-openmp","args":["2.dat","213.log","213.xoutput"],"id":119,"resource":"1024","request_start":1576628257794,"request_end":1576628264901,"request_duration":7107,"type":"1024"}
{"start":1576628258248,"end":1576628264884,"duration":6636,"downloading_duration":1157,"execution_duration":4904,"uploading_duration":575,"executable":"ellipsoids-openmp","args":["2.dat","238.log","238.xoutput"],"id":144,"resource":"1024","request_start":1576628257818,"request_end":1576628264909,"request_duration":7091,"type":"1024"}
{"start":1576628258245,"end":1576628264906,"duration":6661,"downloading_duration":1086,"execution_duration":4968,"uploading_duration":607,"executable":"ellipsoids-openmp","args":["2.dat","236.log","236.xoutput"],"id":142,"resource":"1024","request_start":1576628257816,"request_end":1576628264926,"request_duration":7110,"type":"1024"}
{"start":1576628258263,"end":1576628264920,"duration":6657,"downloading_duration":1110,"execution_duration":4935,"uploading_duration":612,"executable":"ellipsoids-openmp","args":["2.dat","248.log","248.xoutput"],"id":154,"resource":"1024","request_start":1576628257826,"request_end":1576628264942,"request_duration":7116,"type":"1024"}
{"start":1576628258239,"end":1576628264921,"duration":6682,"downloading_duration":1076,"execution_duration":5037,"uploading_duration":569,"executable":"ellipsoids-openmp","args":["2.dat","234.log","234.xoutput"],"id":140,"resource":"1024","request_start":1576628257813,"request_end":1576628264945,"request_duration":7132,"type":"1024"}
{"start":1576628258124,"end":1576628264949,"duration":6825,"downloading_duration":1162,"execution_duration":5044,"uploading_duration":619,"executable":"ellipsoids-openmp","args":["2.dat","24.log","24.xoutput"],"id":110,"resource":"1024","request_start":1576628257780,"request_end":1576628264968,"request_duration":7188,"type":"1024"}
{"start":1576628258242,"end":1576628264993,"duration":6751,"downloading_duration":1134,"execution_duration":5019,"uploading_duration":598,"executable":"ellipsoids-openmp","args":["2.dat","232.log","232.xoutput"],"id":138,"resource":"1024","request_start":1576628257812,"request_end":1576628265012,"request_duration":7200,"type":"1024"}
{"start":1576628258265,"end":1576628265039,"duration":6774,"downloading_duration":1045,"execution_duration":5144,"uploading_duration":585,"executable":"ellipsoids-openmp","args":["2.dat","241.log","241.xoutput"],"id":147,"resource":"1024","request_start":1576628257821,"request_end":1576628265062,"request_duration":7241,"type":"1024"}
{"start":1576628258227,"end":1576628265340,"duration":7113,"downloading_duration":989,"execution_duration":5081,"uploading_duration":1043,"executable":"ellipsoids-openmp","args":["2.dat","219.log","219.xoutput"],"id":125,"resource":"1024","request_start":1576628257799,"request_end":1576628265382,"request_duration":7583,"type":"1024"}
{"start":1576628258245,"end":1576628265452,"duration":7207,"downloading_duration":1845,"execution_duration":4798,"uploading_duration":564,"executable":"ellipsoids-openmp","args":["2.dat","237.log","237.xoutput"],"id":143,"resource":"1024","request_start":1576628257817,"request_end":1576628265478,"request_duration":7661,"type":"1024"}
{"start":1576628264037,"end":1576628270304,"duration":6267,"downloading_duration":1162,"execution_duration":4465,"uploading_duration":640,"executable":"ellipsoids-openmp","args":["0.dat","04.log","04.xoutput"],"id":10,"resource":"1024","request_start":1576628257895,"request_end":1576628270325,"request_duration":12430,"type":"1024"}
{"start":1576628264565,"end":1576628270577,"duration":6012,"downloading_duration":998,"execution_duration":4446,"uploading_duration":568,"executable":"ellipsoids-openmp","args":["0.dat","05.log","05.xoutput"],"id":11,"resource":"1024","request_start":1576628257896,"request_end":1576628270599,"request_duration":12703,"type":"1024"}
{"start":1576628264749,"end":1576628270684,"duration":5935,"downloading_duration":1013,"execution_duration":4332,"uploading_duration":590,"executable":"ellipsoids-openmp","args":["0.dat","017.log","017.xoutput"],"id":23,"resource":"1024","request_start":1576628257903,"request_end":1576628270704,"request_duration":12801,"type":"1024"}
{"start":1576628264668,"end":1576628270687,"duration":6019,"downloading_duration":992,"execution_duration":4438,"uploading_duration":589,"executable":"ellipsoids-openmp","args":["0.dat","06.log","06.xoutput"],"id":12,"resource":"1024","request_start":1576628257896,"request_end":1576628270707,"request_duration":12811,"type":"1024"}
{"start":1576628264730,"end":1576628270740,"duration":6010,"downloading_duration":1022,"execution_duration":4391,"uploading_duration":597,"executable":"ellipsoids-openmp","args":["0.dat","014.log","014.xoutput"],"id":20,"resource":"1024","request_start":1576628257901,"request_end":1576628270762,"request_duration":12861,"type":"1024"}
{"start":1576628264722,"end":1576628270744,"duration":6022,"downloading_duration":1073,"execution_duration":4369,"uploading_duration":580,"executable":"ellipsoids-openmp","args":["0.dat","013.log","013.xoutput"],"id":19,"resource":"1024","request_start":1576628257901,"request_end":1576628270767,"request_duration":12866,"type":"1024"}
{"start":1576628264671,"end":1576628270796,"duration":6125,"downloading_duration":1100,"execution_duration":4342,"uploading_duration":683,"executable":"ellipsoids-openmp","args":["0.dat","08.log","08.xoutput"],"id":14,"resource":"1024","request_start":1576628257898,"request_end":1576628270818,"request_duration":12920,"type":"1024"}
{"start":1576628264711,"end":1576628270801,"duration":6090,"downloading_duration":997,"execution_duration":4479,"uploading_duration":614,"executable":"ellipsoids-openmp","args":["0.dat","011.log","011.xoutput"],"id":17,"resource":"1024","request_start":1576628257899,"request_end":1576628270823,"request_duration":12924,"type":"1024"}
{"start":1576628264810,"end":1576628270838,"duration":6028,"downloading_duration":1063,"execution_duration":4335,"uploading_duration":630,"executable":"ellipsoids-openmp","args":["0.dat","022.log","022.xoutput"],"id":28,"resource":"1024","request_start":1576628257906,"request_end":1576628270857,"request_duration":12951,"type":"1024"}
{"start":1576628264670,"end":1576628270841,"duration":6171,"downloading_duration":1023,"execution_duration":4507,"uploading_duration":641,"executable":"ellipsoids-openmp","args":["0.dat","07.log","07.xoutput"],"id":13,"resource":"1024","request_start":1576628257897,"request_end":1576628270863,"request_duration":12966,"type":"1024"}
{"start":1576628264846,"end":1576628270851,"duration":6005,"downloading_duration":994,"execution_duration":4407,"uploading_duration":604,"executable":"ellipsoids-openmp","args":["0.dat","024.log","024.xoutput"],"id":30,"resource":"1024","request_start":1576628257908,"request_end":1576628270872,"request_duration":12964,"type":"1024"}
{"start":1576628264695,"end":1576628270853,"duration":6158,"downloading_duration":1036,"execution_duration":4548,"uploading_duration":574,"executable":"ellipsoids-openmp","args":["0.dat","09.log","09.xoutput"],"id":15,"resource":"1024","request_start":1576628257898,"request_end":1576628270880,"request_duration":12982,"type":"1024"}
{"start":1576628264796,"end":1576628270864,"duration":6068,"downloading_duration":1117,"execution_duration":4371,"uploading_duration":580,"executable":"ellipsoids-openmp","args":["0.dat","020.log","020.xoutput"],"id":26,"resource":"1024","request_start":1576628257905,"request_end":1576628270886,"request_duration":12981,"type":"1024"}
{"start":1576628264713,"end":1576628270866,"duration":6153,"downloading_duration":1006,"execution_duration":4536,"uploading_duration":611,"executable":"ellipsoids-openmp","args":["0.dat","012.log","012.xoutput"],"id":18,"resource":"1024","request_start":1576628257900,"request_end":1576628270890,"request_duration":12990,"type":"1024"}
{"start":1576628264969,"end":1576628270867,"duration":5898,"downloading_duration":1032,"execution_duration":4266,"uploading_duration":600,"executable":"ellipsoids-openmp","args":["0.dat","047.log","047.xoutput"],"id":53,"resource":"1024","request_start":1576628257924,"request_end":1576628270892,"request_duration":12968,"type":"1024"}
{"start":1576628264740,"end":1576628270890,"duration":6150,"downloading_duration":1005,"execution_duration":4564,"uploading_duration":581,"executable":"ellipsoids-openmp","args":["0.dat","016.log","016.xoutput"],"id":22,"resource":"1024","request_start":1576628257902,"request_end":1576628270910,"request_duration":13008,"type":"1024"}
{"start":1576628264866,"end":1576628270911,"duration":6045,"downloading_duration":1087,"execution_duration":4402,"uploading_duration":556,"executable":"ellipsoids-openmp","args":["0.dat","031.log","031.xoutput"],"id":37,"resource":"1024","request_start":1576628257914,"request_end":1576628270932,"request_duration":13018,"type":"1024"}
{"start":1576628264799,"end":1576628270914,"duration":6115,"downloading_duration":1071,"execution_duration":4457,"uploading_duration":587,"executable":"ellipsoids-openmp","args":["0.dat","021.log","021.xoutput"],"id":27,"resource":"1024","request_start":1576628257906,"request_end":1576628270934,"request_duration":13028,"type":"1024"}
{"start":1576628264737,"end":1576628270919,"duration":6182,"downloading_duration":1019,"execution_duration":4538,"uploading_duration":625,"executable":"ellipsoids-openmp","args":["0.dat","015.log","015.xoutput"],"id":21,"resource":"1024","request_start":1576628257902,"request_end":1576628270941,"request_duration":13039,"type":"1024"}
{"start":1576628264812,"end":1576628270934,"duration":6122,"downloading_duration":984,"execution_duration":4540,"uploading_duration":598,"executable":"ellipsoids-openmp","args":["0.dat","023.log","023.xoutput"],"id":29,"resource":"1024","request_start":1576628257907,"request_end":1576628270954,"request_duration":13047,"type":"1024"}
{"start":1576628264900,"end":1576628270935,"duration":6035,"downloading_duration":995,"execution_duration":4400,"uploading_duration":640,"executable":"ellipsoids-openmp","args":["0.dat","038.log","038.xoutput"],"id":44,"resource":"1024","request_start":1576628257919,"request_end":1576628270956,"request_duration":13037,"type":"1024"}
{"start":1576628264710,"end":1576628270936,"duration":6226,"downloading_duration":1166,"execution_duration":4464,"uploading_duration":596,"executable":"ellipsoids-openmp","args":["0.dat","010.log","010.xoutput"],"id":16,"resource":"1024","request_start":1576628257899,"request_end":1576628270959,"request_duration":13060,"type":"1024"}
{"start":1576628264868,"end":1576628270940,"duration":6072,"downloading_duration":986,"execution_duration":4502,"uploading_duration":584,"executable":"ellipsoids-openmp","args":["0.dat","032.log","032.xoutput"],"id":38,"resource":"1024","request_start":1576628257915,"request_end":1576628270962,"request_duration":13047,"type":"1024"}
{"start":1576628264852,"end":1576628270951,"duration":6099,"downloading_duration":1025,"execution_duration":4466,"uploading_duration":608,"executable":"ellipsoids-openmp","args":["0.dat","029.log","029.xoutput"],"id":35,"resource":"1024","request_start":1576628257913,"request_end":1576628270971,"request_duration":13058,"type":"1024"}
{"start":1576628264930,"end":1576628270965,"duration":6035,"downloading_duration":979,"execution_duration":4432,"uploading_duration":624,"executable":"ellipsoids-openmp","args":["0.dat","041.log","041.xoutput"],"id":47,"resource":"1024","request_start":1576628257920,"request_end":1576628270985,"request_duration":13065,"type":"1024"}
{"start":1576628264777,"end":1576628270985,"duration":6208,"downloading_duration":1079,"execution_duration":4419,"uploading_duration":710,"executable":"ellipsoids-openmp","args":["0.dat","018.log","018.xoutput"],"id":24,"resource":"1024","request_start":1576628257904,"request_end":1576628271004,"request_duration":13100,"type":"1024"}
{"start":1576628264786,"end":1576628270986,"duration":6200,"downloading_duration":1174,"execution_duration":4395,"uploading_duration":631,"executable":"ellipsoids-openmp","args":["0.dat","019.log","019.xoutput"],"id":25,"resource":"1024","request_start":1576628257905,"request_end":1576628271006,"request_duration":13101,"type":"1024"}
{"start":1576628264931,"end":1576628270993,"duration":6062,"downloading_duration":990,"execution_duration":4425,"uploading_duration":647,"executable":"ellipsoids-openmp","args":["0.dat","043.log","043.xoutput"],"id":49,"resource":"1024","request_start":1576628257922,"request_end":1576628271015,"request_duration":13093,"type":"1024"}
{"start":1576628264867,"end":1576628270998,"duration":6131,"downloading_duration":1006,"execution_duration":4549,"uploading_duration":576,"executable":"ellipsoids-openmp","args":["0.dat","033.log","033.xoutput"],"id":39,"resource":"1024","request_start":1576628257915,"request_end":1576628271017,"request_duration":13102,"type":"1024"}
{"start":1576628264846,"end":1576628270998,"duration":6152,"downloading_duration":1070,"execution_duration":4372,"uploading_duration":710,"executable":"ellipsoids-openmp","args":["0.dat","027.log","027.xoutput"],"id":33,"resource":"1024","request_start":1576628257912,"request_end":1576628271022,"request_duration":13110,"type":"1024"}
{"start":1576628264847,"end":1576628271003,"duration":6156,"downloading_duration":1123,"execution_duration":4411,"uploading_duration":622,"executable":"ellipsoids-openmp","args":["0.dat","026.log","026.xoutput"],"id":32,"resource":"1024","request_start":1576628257912,"request_end":1576628271024,"request_duration":13112,"type":"1024"}
{"start":1576628264917,"end":1576628271031,"duration":6114,"downloading_duration":1030,"execution_duration":4479,"uploading_duration":605,"executable":"ellipsoids-openmp","args":["0.dat","040.log","040.xoutput"],"id":46,"resource":"1024","request_start":1576628257920,"request_end":1576628271050,"request_duration":13130,"type":"1024"}
{"start":1576628264874,"end":1576628271056,"duration":6182,"downloading_duration":1060,"execution_duration":4473,"uploading_duration":649,"executable":"ellipsoids-openmp","args":["0.dat","034.log","034.xoutput"],"id":40,"resource":"1024","request_start":1576628257917,"request_end":1576628271075,"request_duration":13158,"type":"1024"}
{"start":1576628264858,"end":1576628271058,"duration":6200,"downloading_duration":1084,"execution_duration":4442,"uploading_duration":674,"executable":"ellipsoids-openmp","args":["0.dat","030.log","030.xoutput"],"id":36,"resource":"1024","request_start":1576628257914,"request_end":1576628271077,"request_duration":13163,"type":"1024"}
{"start":1576628264956,"end":1576628271068,"duration":6112,"downloading_duration":1004,"execution_duration":4491,"uploading_duration":617,"executable":"ellipsoids-openmp","args":["0.dat","046.log","046.xoutput"],"id":52,"resource":"1024","request_start":1576628257924,"request_end":1576628271086,"request_duration":13162,"type":"1024"}
{"start":1576628264852,"end":1576628271080,"duration":6228,"downloading_duration":982,"execution_duration":4481,"uploading_duration":765,"executable":"ellipsoids-openmp","args":["0.dat","028.log","028.xoutput"],"id":34,"resource":"1024","request_start":1576628257913,"request_end":1576628271099,"request_duration":13186,"type":"1024"}
{"start":1576628264877,"end":1576628271082,"duration":6205,"downloading_duration":1108,"execution_duration":4462,"uploading_duration":635,"executable":"ellipsoids-openmp","args":["0.dat","035.log","035.xoutput"],"id":41,"resource":"1024","request_start":1576628257917,"request_end":1576628271101,"request_duration":13184,"type":"1024"}
{"start":1576628264846,"end":1576628271112,"duration":6266,"downloading_duration":1004,"execution_duration":4643,"uploading_duration":619,"executable":"ellipsoids-openmp","args":["0.dat","025.log","025.xoutput"],"id":31,"resource":"1024","request_start":1576628257911,"request_end":1576628271132,"request_duration":13221,"type":"1024"}
{"start":1576628264914,"end":1576628271120,"duration":6206,"downloading_duration":1089,"execution_duration":4537,"uploading_duration":580,"executable":"ellipsoids-openmp","args":["0.dat","039.log","039.xoutput"],"id":45,"resource":"1024","request_start":1576628257919,"request_end":1576628271139,"request_duration":13220,"type":"1024"}
{"start":1576628264930,"end":1576628271121,"duration":6191,"downloading_duration":1002,"execution_duration":4564,"uploading_duration":625,"executable":"ellipsoids-openmp","args":["0.dat","042.log","042.xoutput"],"id":48,"resource":"1024","request_start":1576628257921,"request_end":1576628271142,"request_duration":13221,"type":"1024"}
{"start":1576628264945,"end":1576628271149,"duration":6204,"downloading_duration":1000,"execution_duration":4587,"uploading_duration":617,"executable":"ellipsoids-openmp","args":["0.dat","045.log","045.xoutput"],"id":51,"resource":"1024","request_start":1576628257923,"request_end":1576628271220,"request_duration":13297,"type":"1024"}
{"start":1576628264930,"end":1576628271159,"duration":6229,"downloading_duration":1079,"execution_duration":4582,"uploading_duration":568,"executable":"ellipsoids-openmp","args":["0.dat","044.log","044.xoutput"],"id":50,"resource":"1024","request_start":1576628257923,"request_end":1576628271222,"request_duration":13299,"type":"1024"}
{"start":1576628264993,"end":1576628271175,"duration":6182,"downloading_duration":991,"execution_duration":4618,"uploading_duration":573,"executable":"ellipsoids-openmp","args":["0.dat","049.log","049.xoutput"],"id":55,"resource":"1024","request_start":1576628257925,"request_end":1576628271224,"request_duration":13299,"type":"1024"}
{"start":1576628264970,"end":1576628271196,"duration":6226,"downloading_duration":1141,"execution_duration":4468,"uploading_duration":617,"executable":"ellipsoids-openmp","args":["0.dat","048.log","048.xoutput"],"id":54,"resource":"1024","request_start":1576628257925,"request_end":1576628271226,"request_duration":13301,"type":"1024"}
{"start":1576628264892,"end":1576628271206,"duration":6314,"downloading_duration":1094,"execution_duration":4648,"uploading_duration":572,"executable":"ellipsoids-openmp","args":["0.dat","037.log","037.xoutput"],"id":43,"resource":"1024","request_start":1576628257918,"request_end":1576628271235,"request_duration":13317,"type":"1024"}
{"start":1576628265042,"end":1576628271259,"duration":6217,"downloading_duration":992,"execution_duration":4625,"uploading_duration":600,"executable":"ellipsoids-openmp","args":["0.dat","00.log","00.xoutput"],"id":6,"resource":"1024","request_start":1576628257926,"request_end":1576628271283,"request_duration":13357,"type":"1024"}
{"start":1576628264879,"end":1576628271309,"duration":6430,"downloading_duration":1267,"execution_duration":4527,"uploading_duration":636,"executable":"ellipsoids-openmp","args":["0.dat","036.log","036.xoutput"],"id":42,"resource":"1024","request_start":1576628257918,"request_end":1576628271328,"request_duration":13410,"type":"1024"}
{"start":1576628265088,"end":1576628271372,"duration":6284,"downloading_duration":989,"execution_duration":4703,"uploading_duration":592,"executable":"ellipsoids-openmp","args":["0.dat","01.log","01.xoutput"],"id":7,"resource":"1024","request_start":1576628257926,"request_end":1576628271391,"request_duration":13465,"type":"1024"}
{"start":1576628265510,"end":1576628271711,"duration":6201,"downloading_duration":1038,"execution_duration":4562,"uploading_duration":601,"executable":"ellipsoids-openmp","args":["0.dat","03.log","03.xoutput"],"id":9,"resource":"1024","request_start":1576628257927,"request_end":1576628271732,"request_duration":13805,"type":"1024"}
{"start":1576628265411,"end":1576628271729,"duration":6318,"downloading_duration":995,"execution_duration":4726,"uploading_duration":597,"executable":"ellipsoids-openmp","args":["0.dat","02.log","02.xoutput"],"id":8,"resource":"1024","request_start":1576628257927,"request_end":1576628271747,"request_duration":13820,"type":"1024"}
{"start":1576628270350,"end":1576628276350,"duration":6000,"downloading_duration":1109,"execution_duration":4314,"uploading_duration":577,"executable":"ellipsoids-openmp","args":["3.dat","30.log","30.xoutput"],"id":156,"resource":"1024","request_start":1576628257952,"request_end":1576628276372,"request_duration":18420,"type":"1024"}
{"start":1576628270625,"end":1576628276603,"duration":5978,"downloading_duration":1093,"execution_duration":4289,"uploading_duration":596,"executable":"ellipsoids-openmp","args":["3.dat","31.log","31.xoutput"],"id":157,"resource":"1024","request_start":1576628257952,"request_end":1576628276622,"request_duration":18670,"type":"1024"}
{"start":1576628270729,"end":1576628276607,"duration":5878,"downloading_duration":1154,"execution_duration":4115,"uploading_duration":609,"executable":"ellipsoids-openmp","args":["3.dat","32.log","32.xoutput"],"id":158,"resource":"1024","request_start":1576628257953,"request_end":1576628276627,"request_duration":18674,"type":"1024"}
{"start":1576628270734,"end":1576628276622,"duration":5888,"downloading_duration":1093,"execution_duration":4191,"uploading_duration":604,"executable":"ellipsoids-openmp","args":["3.dat","33.log","33.xoutput"],"id":159,"resource":"1024","request_start":1576628257953,"request_end":1576628276641,"request_duration":18688,"type":"1024"}
{"start":1576628270921,"end":1576628276631,"duration":5710,"downloading_duration":1104,"execution_duration":4024,"uploading_duration":582,"executable":"ellipsoids-openmp","args":["3.dat","314.log","314.xoutput"],"id":170,"resource":"1024","request_start":1576628257959,"request_end":1576628276650,"request_duration":18691,"type":"1024"}
{"start":1576628270789,"end":1576628276694,"duration":5905,"downloading_duration":1024,"execution_duration":4232,"uploading_duration":649,"executable":"ellipsoids-openmp","args":["3.dat","34.log","34.xoutput"],"id":160,"resource":"1024","request_start":1576628257954,"request_end":1576628276714,"request_duration":18760,"type":"1024"}
{"start":1576628270848,"end":1576628276700,"duration":5852,"downloading_duration":992,"execution_duration":4241,"uploading_duration":619,"executable":"ellipsoids-openmp","args":["3.dat","37.log","37.xoutput"],"id":163,"resource":"1024","request_start":1576628257955,"request_end":1576628276722,"request_duration":18767,"type":"1024"}
{"start":1576628270966,"end":1576628276707,"duration":5741,"downloading_duration":1058,"execution_duration":4056,"uploading_duration":627,"executable":"ellipsoids-openmp","args":["3.dat","318.log","318.xoutput"],"id":174,"resource":"1024","request_start":1576628257961,"request_end":1576628276732,"request_duration":18771,"type":"1024"}
{"start":1576628270905,"end":1576628276718,"duration":5813,"downloading_duration":1019,"execution_duration":4211,"uploading_duration":583,"executable":"ellipsoids-openmp","args":["3.dat","310.log","310.xoutput"],"id":166,"resource":"1024","request_start":1576628257957,"request_end":1576628276738,"request_duration":18781,"type":"1024"}
{"start":1576628270990,"end":1576628276730,"duration":5740,"downloading_duration":1057,"execution_duration":4107,"uploading_duration":576,"executable":"ellipsoids-openmp","args":["3.dat","321.log","321.xoutput"],"id":177,"resource":"1024","request_start":1576628257962,"request_end":1576628276749,"request_duration":18787,"type":"1024"}
{"start":1576628270908,"end":1576628276762,"duration":5854,"downloading_duration":999,"execution_duration":4270,"uploading_duration":585,"executable":"ellipsoids-openmp","args":["3.dat","311.log","311.xoutput"],"id":167,"resource":"1024","request_start":1576628257957,"request_end":1576628276782,"request_duration":18825,"type":"1024"}
{"start":1576628270986,"end":1576628276765,"duration":5779,"downloading_duration":1032,"execution_duration":4137,"uploading_duration":610,"executable":"ellipsoids-openmp","args":["3.dat","320.log","320.xoutput"],"id":176,"resource":"1024","request_start":1576628257962,"request_end":1576628276787,"request_duration":18825,"type":"1024"}
{"start":1576628270912,"end":1576628276775,"duration":5863,"downloading_duration":991,"execution_duration":4294,"uploading_duration":578,"executable":"ellipsoids-openmp","args":["3.dat","312.log","312.xoutput"],"id":168,"resource":"1024","request_start":1576628257958,"request_end":1576628276797,"request_duration":18839,"type":"1024"}
{"start":1576628270886,"end":1576628276782,"duration":5896,"downloading_duration":1094,"execution_duration":4240,"uploading_duration":562,"executable":"ellipsoids-openmp","args":["3.dat","38.log","38.xoutput"],"id":164,"resource":"1024","request_start":1576628257956,"request_end":1576628276805,"request_duration":18849,"type":"1024"}
{"start":1576628270918,"end":1576628276793,"duration":5875,"downloading_duration":1021,"execution_duration":4293,"uploading_duration":561,"executable":"ellipsoids-openmp","args":["3.dat","313.log","313.xoutput"],"id":169,"resource":"1024","request_start":1576628257958,"request_end":1576628276812,"request_duration":18854,"type":"1024"}
{"start":1576628271025,"end":1576628276798,"duration":5773,"downloading_duration":1009,"execution_duration":4186,"uploading_duration":578,"executable":"ellipsoids-openmp","args":["3.dat","324.log","324.xoutput"],"id":180,"resource":"1024","request_start":1576628257964,"request_end":1576628276815,"request_duration":18851,"type":"1024"}
{"start":1576628270959,"end":1576628276804,"duration":5845,"downloading_duration":1064,"execution_duration":4194,"uploading_duration":587,"executable":"ellipsoids-openmp","args":["3.dat","317.log","317.xoutput"],"id":173,"resource":"1024","request_start":1576628257960,"request_end":1576628276825,"request_duration":18865,"type":"1024"}
{"start":1576628271032,"end":1576628276828,"duration":5796,"downloading_duration":1066,"execution_duration":4137,"uploading_duration":593,"executable":"ellipsoids-openmp","args":["3.dat","325.log","325.xoutput"],"id":181,"resource":"1024","request_start":1576628257964,"request_end":1576628276853,"request_duration":18889,"type":"1024"}
{"start":1576628270795,"end":1576628276839,"duration":6044,"downloading_duration":1078,"execution_duration":4371,"uploading_duration":595,"executable":"ellipsoids-openmp","args":["3.dat","35.log","35.xoutput"],"id":161,"resource":"1024","request_start":1576628257954,"request_end":1576628276859,"request_duration":18905,"type":"1024"}
{"start":1576628271031,"end":1576628276844,"duration":5813,"downloading_duration":993,"execution_duration":4158,"uploading_duration":662,"executable":"ellipsoids-openmp","args":["3.dat","326.log","326.xoutput"],"id":182,"resource":"1024","request_start":1576628257965,"request_end":1576628276865,"request_duration":18900,"type":"1024"}
{"start":1576628270990,"end":1576628276844,"duration":5854,"downloading_duration":1080,"execution_duration":4166,"uploading_duration":608,"executable":"ellipsoids-openmp","args":["3.dat","322.log","322.xoutput"],"id":178,"resource":"1024","request_start":1576628257963,"request_end":1576628276871,"request_duration":18908,"type":"1024"}
{"start":1576628270980,"end":1576628276870,"duration":5890,"downloading_duration":1081,"execution_duration":4186,"uploading_duration":623,"executable":"ellipsoids-openmp","args":["3.dat","319.log","319.xoutput"],"id":175,"resource":"1024","request_start":1576628257961,"request_end":1576628276891,"request_duration":18930,"type":"1024"}
{"start":1576628270997,"end":1576628276873,"duration":5876,"downloading_duration":1080,"execution_duration":4107,"uploading_duration":689,"executable":"ellipsoids-openmp","args":["3.dat","323.log","323.xoutput"],"id":179,"resource":"1024","request_start":1576628257963,"request_end":1576628276893,"request_duration":18930,"type":"1024"}
{"start":1576628270899,"end":1576628276882,"duration":5983,"downloading_duration":1026,"execution_duration":4387,"uploading_duration":570,"executable":"ellipsoids-openmp","args":["3.dat","39.log","39.xoutput"],"id":165,"resource":"1024","request_start":1576628257956,"request_end":1576628276900,"request_duration":18944,"type":"1024"}
{"start":1576628271043,"end":1576628276886,"duration":5843,"downloading_duration":1073,"execution_duration":4146,"uploading_duration":624,"executable":"ellipsoids-openmp","args":["3.dat","327.log","327.xoutput"],"id":183,"resource":"1024","request_start":1576628257965,"request_end":1576628276907,"request_duration":18942,"type":"1024"}
{"start":1576628271131,"end":1576628276901,"duration":5770,"downloading_duration":1004,"execution_duration":4146,"uploading_duration":620,"executable":"ellipsoids-openmp","args":["3.dat","336.log","336.xoutput"],"id":192,"resource":"1024","request_start":1576628257970,"request_end":1576628276922,"request_duration":18952,"type":"1024"}
{"start":1576628270939,"end":1576628276908,"duration":5969,"downloading_duration":1162,"execution_duration":4238,"uploading_duration":569,"executable":"ellipsoids-openmp","args":["3.dat","315.log","315.xoutput"],"id":171,"resource":"1024","request_start":1576628257959,"request_end":1576628276926,"request_duration":18967,"type":"1024"}
{"start":1576628271109,"end":1576628276926,"duration":5817,"downloading_duration":996,"execution_duration":4205,"uploading_duration":616,"executable":"ellipsoids-openmp","args":["3.dat","333.log","333.xoutput"],"id":189,"resource":"1024","request_start":1576628257968,"request_end":1576628276945,"request_duration":18977,"type":"1024"}
{"start":1576628270959,"end":1576628276928,"duration":5969,"downloading_duration":1024,"execution_duration":4330,"uploading_duration":615,"executable":"ellipsoids-openmp","args":["3.dat","316.log","316.xoutput"],"id":172,"resource":"1024","request_start":1576628257960,"request_end":1576628276948,"request_duration":18988,"type":"1024"}
{"start":1576628271040,"end":1576628276930,"duration":5890,"downloading_duration":1085,"execution_duration":4204,"uploading_duration":601,"executable":"ellipsoids-openmp","args":["3.dat","328.log","328.xoutput"],"id":184,"resource":"1024","request_start":1576628257966,"request_end":1576628276952,"request_duration":18986,"type":"1024"}
{"start":1576628271081,"end":1576628276931,"duration":5850,"downloading_duration":1019,"execution_duration":4248,"uploading_duration":583,"executable":"ellipsoids-openmp","args":["3.dat","331.log","331.xoutput"],"id":187,"resource":"1024","request_start":1576628257967,"request_end":1576628276955,"request_duration":18988,"type":"1024"}
{"start":1576628271113,"end":1576628276940,"duration":5827,"downloading_duration":1033,"execution_duration":4178,"uploading_duration":616,"executable":"ellipsoids-openmp","args":["3.dat","334.log","334.xoutput"],"id":190,"resource":"1024","request_start":1576628257969,"request_end":1576628276964,"request_duration":18995,"type":"1024"}
{"start":1576628271169,"end":1576628276985,"duration":5816,"downloading_duration":1076,"execution_duration":4175,"uploading_duration":565,"executable":"ellipsoids-openmp","args":["3.dat","339.log","339.xoutput"],"id":195,"resource":"1024","request_start":1576628257971,"request_end":1576628277004,"request_duration":19033,"type":"1024"}
{"start":1576628271057,"end":1576628276999,"duration":5942,"downloading_duration":1163,"execution_duration":4204,"uploading_duration":575,"executable":"ellipsoids-openmp","args":["3.dat","330.log","330.xoutput"],"id":186,"resource":"1024","request_start":1576628257967,"request_end":1576628277207,"request_duration":19240,"type":"1024"}
{"start":1576628271101,"end":1576628277001,"duration":5900,"downloading_duration":1002,"execution_duration":4220,"uploading_duration":678,"executable":"ellipsoids-openmp","args":["3.dat","332.log","332.xoutput"],"id":188,"resource":"1024","request_start":1576628257968,"request_end":1576628277209,"request_duration":19241,"type":"1024"}
{"start":1576628271128,"end":1576628277010,"duration":5882,"downloading_duration":1044,"execution_duration":4261,"uploading_duration":577,"executable":"ellipsoids-openmp","args":["3.dat","335.log","335.xoutput"],"id":191,"resource":"1024","request_start":1576628257969,"request_end":1576628277211,"request_duration":19242,"type":"1024"}
{"start":1576628271264,"end":1576628277013,"duration":5749,"downloading_duration":1029,"execution_duration":4103,"uploading_duration":617,"executable":"ellipsoids-openmp","args":["3.dat","344.log","344.xoutput"],"id":200,"resource":"1024","request_start":1576628257974,"request_end":1576628277215,"request_duration":19241,"type":"1024"}
{"start":1576628271167,"end":1576628277021,"duration":5854,"downloading_duration":1039,"execution_duration":4184,"uploading_duration":631,"executable":"ellipsoids-openmp","args":["3.dat","338.log","338.xoutput"],"id":194,"resource":"1024","request_start":1576628257971,"request_end":1576628277217,"request_duration":19246,"type":"1024"}
{"start":1576628271259,"end":1576628277065,"duration":5806,"downloading_duration":990,"execution_duration":4227,"uploading_duration":589,"executable":"ellipsoids-openmp","args":["3.dat","343.log","343.xoutput"],"id":199,"resource":"1024","request_start":1576628257973,"request_end":1576628277223,"request_duration":19250,"type":"1024"}
{"start":1576628271255,"end":1576628277067,"duration":5812,"downloading_duration":1138,"execution_duration":4043,"uploading_duration":631,"executable":"ellipsoids-openmp","args":["3.dat","342.log","342.xoutput"],"id":198,"resource":"1024","request_start":1576628257973,"request_end":1576628277225,"request_duration":19252,"type":"1024"}
{"start":1576628271052,"end":1576628277098,"duration":6046,"downloading_duration":1090,"execution_duration":4275,"uploading_duration":681,"executable":"ellipsoids-openmp","args":["3.dat","329.log","329.xoutput"],"id":185,"resource":"1024","request_start":1576628257966,"request_end":1576628277227,"request_duration":19261,"type":"1024"}
{"start":1576628271158,"end":1576628277100,"duration":5942,"downloading_duration":1147,"execution_duration":4202,"uploading_duration":593,"executable":"ellipsoids-openmp","args":["3.dat","337.log","337.xoutput"],"id":193,"resource":"1024","request_start":1576628257970,"request_end":1576628277228,"request_duration":19258,"type":"1024"}
{"start":1576628271250,"end":1576628277111,"duration":5861,"downloading_duration":1002,"execution_duration":4242,"uploading_duration":617,"executable":"ellipsoids-openmp","args":["3.dat","340.log","340.xoutput"],"id":196,"resource":"1024","request_start":1576628257972,"request_end":1576628277230,"request_duration":19258,"type":"1024"}
{"start":1576628271257,"end":1576628277108,"duration":5851,"downloading_duration":1086,"execution_duration":4200,"uploading_duration":565,"executable":"ellipsoids-openmp","args":["3.dat","341.log","341.xoutput"],"id":197,"resource":"1024","request_start":1576628257972,"request_end":1576628277231,"request_duration":19259,"type":"1024"}
{"start":1576628271310,"end":1576628277134,"duration":5824,"downloading_duration":1085,"execution_duration":4148,"uploading_duration":591,"executable":"ellipsoids-openmp","args":["3.dat","345.log","345.xoutput"],"id":201,"resource":"1024","request_start":1576628257974,"request_end":1576628277233,"request_duration":19259,"type":"1024"}
{"start":1576628271358,"end":1576628277200,"duration":5842,"downloading_duration":1093,"execution_duration":4161,"uploading_duration":588,"executable":"ellipsoids-openmp","args":["3.dat","346.log","346.xoutput"],"id":202,"resource":"1024","request_start":1576628257975,"request_end":1576628277257,"request_duration":19282,"type":"1024"}
{"start":1576628271416,"end":1576628277374,"duration":5958,"downloading_duration":1104,"execution_duration":4180,"uploading_duration":674,"executable":"ellipsoids-openmp","args":["3.dat","347.log","347.xoutput"],"id":203,"resource":"1024","request_start":1576628257975,"request_end":1576628277393,"request_duration":19418,"type":"1024"}
{"start":1576628271757,"end":1576628277587,"duration":5830,"downloading_duration":1013,"execution_duration":4229,"uploading_duration":588,"executable":"ellipsoids-openmp","args":["3.dat","348.log","348.xoutput"],"id":204,"resource":"1024","request_start":1576628257976,"request_end":1576628277607,"request_duration":19631,"type":"1024"}
{"start":1576628271771,"end":1576628277619,"duration":5848,"downloading_duration":1077,"execution_duration":4163,"uploading_duration":608,"executable":"ellipsoids-openmp","args":["3.dat","349.log","349.xoutput"],"id":205,"resource":"1024","request_start":1576628257976,"request_end":1576628277638,"request_duration":19662,"type":"1024"}
{"start":1576628270845,"end":1576628278184,"duration":7339,"downloading_duration":2608,"execution_duration":4111,"uploading_duration":620,"executable":"ellipsoids-openmp","args":["3.dat","36.log","36.xoutput"],"id":162,"resource":"1024","request_start":1576628257955,"request_end":1576628278203,"request_duration":20248,"type":"1024"}
{"start":1576628276399,"end":1576628282401,"duration":6002,"downloading_duration":1005,"execution_duration":4401,"uploading_duration":596,"executable":"ellipsoids-openmp","args":["1.dat","144.log","144.xoutput"],"id":100,"resource":"1024","request_start":1576628257990,"request_end":1576628282419,"request_duration":24429,"type":"1024"}
{"start":1576628276655,"end":1576628282616,"duration":5961,"downloading_duration":1086,"execution_duration":4271,"uploading_duration":604,"executable":"ellipsoids-openmp","args":["1.dat","146.log","146.xoutput"],"id":102,"resource":"1024","request_start":1576628257992,"request_end":1576628282635,"request_duration":24643,"type":"1024"}
{"start":1576628276670,"end":1576628282719,"duration":6049,"downloading_duration":995,"execution_duration":4464,"uploading_duration":590,"executable":"ellipsoids-openmp","args":["1.dat","147.log","147.xoutput"],"id":103,"resource":"1024","request_start":1576628257992,"request_end":1576628282737,"request_duration":24745,"type":"1024"}
{"start":1576628276831,"end":1576628282807,"duration":5976,"downloading_duration":1016,"execution_duration":4399,"uploading_duration":561,"executable":"ellipsoids-openmp","args":["1.dat","17.log","17.xoutput"],"id":63,"resource":"1024","request_start":1576628257997,"request_end":1576628282825,"request_duration":24828,"type":"1024"}
{"start":1576628276760,"end":1576628282825,"duration":6065,"downloading_duration":997,"execution_duration":4467,"uploading_duration":601,"executable":"ellipsoids-openmp","args":["1.dat","11.log","11.xoutput"],"id":57,"resource":"1024","request_start":1576628257994,"request_end":1576628282843,"request_duration":24849,"type":"1024"}
{"start":1576628276765,"end":1576628282836,"duration":6071,"downloading_duration":1017,"execution_duration":4497,"uploading_duration":557,"executable":"ellipsoids-openmp","args":["1.dat","12.log","12.xoutput"],"id":58,"resource":"1024","request_start":1576628257995,"request_end":1576628282853,"request_duration":24858,"type":"1024"}
{"start":1576628276651,"end":1576628282854,"duration":6203,"downloading_duration":992,"execution_duration":4461,"uploading_duration":750,"executable":"ellipsoids-openmp","args":["1.dat","145.log","145.xoutput"],"id":101,"resource":"1024","request_start":1576628257991,"request_end":1576628282871,"request_duration":24880,"type":"1024"}
{"start":1576628276890,"end":1576628282858,"duration":5968,"downloading_duration":986,"execution_duration":4401,"uploading_duration":581,"executable":"ellipsoids-openmp","args":["1.dat","113.log","113.xoutput"],"id":69,"resource":"1024","request_start":1576628258000,"request_end":1576628282877,"request_duration":24877,"type":"1024"}
{"start":1576628276757,"end":1576628282868,"duration":6111,"downloading_duration":1082,"execution_duration":4378,"uploading_duration":651,"executable":"ellipsoids-openmp","args":["1.dat","10.log","10.xoutput"],"id":56,"resource":"1024","request_start":1576628257994,"request_end":1576628282886,"request_duration":24892,"type":"1024"}
{"start":1576628276841,"end":1576628282880,"duration":6039,"downloading_duration":1033,"execution_duration":4381,"uploading_duration":625,"executable":"ellipsoids-openmp","args":["1.dat","18.log","18.xoutput"],"id":64,"resource":"1024","request_start":1576628257998,"request_end":1576628282901,"request_duration":24903,"type":"1024"}
{"start":1576628276885,"end":1576628282886,"duration":6001,"downloading_duration":1065,"execution_duration":4366,"uploading_duration":570,"executable":"ellipsoids-openmp","args":["1.dat","112.log","112.xoutput"],"id":68,"resource":"1024","request_start":1576628258000,"request_end":1576628282905,"request_duration":24905,"type":"1024"}
{"start":1576628276740,"end":1576628282906,"duration":6166,"downloading_duration":1176,"execution_duration":4392,"uploading_duration":598,"executable":"ellipsoids-openmp","args":["1.dat","149.log","149.xoutput"],"id":105,"resource":"1024","request_start":1576628257993,"request_end":1576628283084,"request_duration":25091,"type":"1024"}
{"start":1576628276816,"end":1576628282918,"duration":6102,"downloading_duration":1161,"execution_duration":4337,"uploading_duration":604,"executable":"ellipsoids-openmp","args":["1.dat","14.log","14.xoutput"],"id":60,"resource":"1024","request_start":1576628257996,"request_end":1576628283088,"request_duration":25092,"type":"1024"}
{"start":1576628276680,"end":1576628282929,"duration":6249,"downloading_duration":1043,"execution_duration":4563,"uploading_duration":643,"executable":"ellipsoids-openmp","args":["1.dat","148.log","148.xoutput"],"id":104,"resource":"1024","request_start":1576628257993,"request_end":1576628283090,"request_duration":25097,"type":"1024"}
{"start":1576628276926,"end":1576628282931,"duration":6005,"downloading_duration":1070,"execution_duration":4377,"uploading_duration":558,"executable":"ellipsoids-openmp","args":["1.dat","117.log","117.xoutput"],"id":73,"resource":"1024","request_start":1576628258002,"request_end":1576628283093,"request_duration":25091,"type":"1024"}
{"start":1576628276822,"end":1576628282938,"duration":6116,"downloading_duration":991,"execution_duration":4559,"uploading_duration":566,"executable":"ellipsoids-openmp","args":["1.dat","16.log","16.xoutput"],"id":62,"resource":"1024","request_start":1576628257997,"request_end":1576628283094,"request_duration":25097,"type":"1024"}
{"start":1576628276843,"end":1576628282943,"duration":6100,"downloading_duration":1090,"execution_duration":4406,"uploading_duration":604,"executable":"ellipsoids-openmp","args":["1.dat","19.log","19.xoutput"],"id":65,"resource":"1024","request_start":1576628257998,"request_end":1576628283095,"request_duration":25097,"type":"1024"}
{"start":1576628276810,"end":1576628282963,"duration":6153,"downloading_duration":1080,"execution_duration":4324,"uploading_duration":749,"executable":"ellipsoids-openmp","args":["1.dat","15.log","15.xoutput"],"id":61,"resource":"1024","request_start":1576628257996,"request_end":1576628283099,"request_duration":25103,"type":"1024"}
{"start":1576628276876,"end":1576628282996,"duration":6120,"downloading_duration":1086,"execution_duration":4440,"uploading_duration":594,"executable":"ellipsoids-openmp","args":["1.dat","111.log","111.xoutput"],"id":67,"resource":"1024","request_start":1576628257999,"request_end":1576628283100,"request_duration":25101,"type":"1024"}
{"start":1576628276951,"end":1576628283014,"duration":6063,"downloading_duration":993,"execution_duration":4437,"uploading_duration":633,"executable":"ellipsoids-openmp","args":["1.dat","119.log","119.xoutput"],"id":75,"resource":"1024","request_start":1576628258003,"request_end":1576628283117,"request_duration":25114,"type":"1024"}
{"start":1576628276978,"end":1576628283027,"duration":6049,"downloading_duration":1008,"execution_duration":4422,"uploading_duration":619,"executable":"ellipsoids-openmp","args":["1.dat","122.log","122.xoutput"],"id":78,"resource":"1024","request_start":1576628258005,"request_end":1576628283127,"request_duration":25122,"type":"1024"}
{"start":1576628276917,"end":1576628283056,"duration":6139,"downloading_duration":1066,"execution_duration":4474,"uploading_duration":599,"executable":"ellipsoids-openmp","args":["1.dat","115.log","115.xoutput"],"id":71,"resource":"1024","request_start":1576628258001,"request_end":1576628283129,"request_duration":25128,"type":"1024"}
{"start":1576628276976,"end":1576628283057,"duration":6081,"downloading_duration":1028,"execution_duration":4439,"uploading_duration":614,"executable":"ellipsoids-openmp","args":["1.dat","121.log","121.xoutput"],"id":77,"resource":"1024","request_start":1576628258005,"request_end":1576628283132,"request_duration":25127,"type":"1024"}
{"start":1576628276899,"end":1576628283061,"duration":6162,"downloading_duration":1006,"execution_duration":4490,"uploading_duration":666,"executable":"ellipsoids-openmp","args":["1.dat","114.log","114.xoutput"],"id":70,"resource":"1024","request_start":1576628258001,"request_end":1576628283133,"request_duration":25132,"type":"1024"}
{"start":1576628277039,"end":1576628283073,"duration":6034,"downloading_duration":1033,"execution_duration":4417,"uploading_duration":584,"executable":"ellipsoids-openmp","args":["1.dat","126.log","126.xoutput"],"id":82,"resource":"1024","request_start":1576628258008,"request_end":1576628283136,"request_duration":25128,"type":"1024"}
{"start":1576628276933,"end":1576628283104,"duration":6171,"downloading_duration":1069,"execution_duration":4428,"uploading_duration":674,"executable":"ellipsoids-openmp","args":["1.dat","118.log","118.xoutput"],"id":74,"resource":"1024","request_start":1576628258003,"request_end":1576628283144,"request_duration":25141,"type":"1024"}
{"start":1576628276851,"end":1576628283104,"duration":6253,"downloading_duration":1063,"execution_duration":4422,"uploading_duration":768,"executable":"ellipsoids-openmp","args":["1.dat","110.log","110.xoutput"],"id":66,"resource":"1024","request_start":1576628257999,"request_end":1576628283146,"request_duration":25147,"type":"1024"}
{"start":1576628276979,"end":1576628283107,"duration":6128,"downloading_duration":1090,"execution_duration":4448,"uploading_duration":590,"executable":"ellipsoids-openmp","args":["1.dat","124.log","124.xoutput"],"id":80,"resource":"1024","request_start":1576628258007,"request_end":1576628283149,"request_duration":25142,"type":"1024"}
{"start":1576628276957,"end":1576628283110,"duration":6153,"downloading_duration":1084,"execution_duration":4490,"uploading_duration":579,"executable":"ellipsoids-openmp","args":["1.dat","120.log","120.xoutput"],"id":76,"resource":"1024","request_start":1576628258004,"request_end":1576628283153,"request_duration":25149,"type":"1024"}
{"start":1576628276773,"end":1576628283148,"duration":6375,"downloading_duration":1170,"execution_duration":4597,"uploading_duration":608,"executable":"ellipsoids-openmp","args":["1.dat","13.log","13.xoutput"],"id":59,"resource":"1024","request_start":1576628257995,"request_end":1576628283224,"request_duration":25229,"type":"1024"}
{"start":1576628276978,"end":1576628283172,"duration":6194,"downloading_duration":999,"execution_duration":4422,"uploading_duration":773,"executable":"ellipsoids-openmp","args":["1.dat","123.log","123.xoutput"],"id":79,"resource":"1024","request_start":1576628258006,"request_end":1576628283230,"request_duration":25224,"type":"1024"}
{"start":1576628276924,"end":1576628283178,"duration":6254,"downloading_duration":1101,"execution_duration":4371,"uploading_duration":782,"executable":"ellipsoids-openmp","args":["1.dat","116.log","116.xoutput"],"id":72,"resource":"1024","request_start":1576628258002,"request_end":1576628283232,"request_duration":25230,"type":"1024"}
{"start":1576628277261,"end":1576628283208,"duration":5947,"downloading_duration":1076,"execution_duration":4182,"uploading_duration":689,"executable":"ellipsoids-openmp","args":["1.dat","135.log","135.xoutput"],"id":91,"resource":"1024","request_start":1576628258016,"request_end":1576628283259,"request_duration":25243,"type":"1024"}
{"start":1576628276989,"end":1576628283242,"duration":6253,"downloading_duration":1026,"execution_duration":4533,"uploading_duration":694,"executable":"ellipsoids-openmp","args":["1.dat","125.log","125.xoutput"],"id":81,"resource":"1024","request_start":1576628258007,"request_end":1576628283267,"request_duration":25260,"type":"1024"}
{"start":1576628277259,"end":1576628283246,"duration":5987,"downloading_duration":1003,"execution_duration":4411,"uploading_duration":573,"executable":"ellipsoids-openmp","args":["1.dat","131.log","131.xoutput"],"id":87,"resource":"1024","request_start":1576628258014,"request_end":1576628283270,"request_duration":25256,"type":"1024"}
{"start":1576628277254,"end":1576628283267,"duration":6013,"downloading_duration":1013,"execution_duration":4364,"uploading_duration":636,"executable":"ellipsoids-openmp","args":["1.dat","127.log","127.xoutput"],"id":83,"resource":"1024","request_start":1576628258008,"request_end":1576628283310,"request_duration":25302,"type":"1024"}
{"start":1576628277258,"end":1576628283281,"duration":6023,"downloading_duration":1070,"execution_duration":4342,"uploading_duration":611,"executable":"ellipsoids-openmp","args":["1.dat","132.log","132.xoutput"],"id":88,"resource":"1024","request_start":1576628258014,"request_end":1576628283312,"request_duration":25298,"type":"1024"}
{"start":1576628277269,"end":1576628283318,"duration":6049,"downloading_duration":993,"execution_duration":4429,"uploading_duration":627,"executable":"ellipsoids-openmp","args":["1.dat","138.log","138.xoutput"],"id":94,"resource":"1024","request_start":1576628258017,"request_end":1576628283345,"request_duration":25328,"type":"1024"}
{"start":1576628277257,"end":1576628283323,"duration":6066,"downloading_duration":1027,"execution_duration":4466,"uploading_duration":573,"executable":"ellipsoids-openmp","args":["1.dat","128.log","128.xoutput"],"id":84,"resource":"1024","request_start":1576628258009,"request_end":1576628283347,"request_duration":25338,"type":"1024"}
{"start":1576628277289,"end":1576628283329,"duration":6040,"downloading_duration":1066,"execution_duration":4417,"uploading_duration":557,"executable":"ellipsoids-openmp","args":["1.dat","139.log","139.xoutput"],"id":95,"resource":"1024","request_start":1576628258018,"request_end":1576628283353,"request_duration":25335,"type":"1024"}
{"start":1576628277261,"end":1576628283375,"duration":6114,"downloading_duration":1093,"execution_duration":4444,"uploading_duration":577,"executable":"ellipsoids-openmp","args":["1.dat","137.log","137.xoutput"],"id":93,"resource":"1024","request_start":1576628258017,"request_end":1576628283393,"request_duration":25376,"type":"1024"}
{"start":1576628277260,"end":1576628283401,"duration":6141,"downloading_duration":994,"execution_duration":4585,"uploading_duration":562,"executable":"ellipsoids-openmp","args":["1.dat","133.log","133.xoutput"],"id":89,"resource":"1024","request_start":1576628258015,"request_end":1576628283421,"request_duration":25406,"type":"1024"}
{"start":1576628277254,"end":1576628283442,"duration":6188,"downloading_duration":1066,"execution_duration":4513,"uploading_duration":609,"executable":"ellipsoids-openmp","args":["1.dat","129.log","129.xoutput"],"id":85,"resource":"1024","request_start":1576628258010,"request_end":1576628283460,"request_duration":25450,"type":"1024"}
{"start":1576628277418,"end":1576628283458,"duration":6040,"downloading_duration":1029,"execution_duration":4430,"uploading_duration":581,"executable":"ellipsoids-openmp","args":["1.dat","140.log","140.xoutput"],"id":96,"resource":"1024","request_start":1576628258018,"request_end":1576628283478,"request_duration":25460,"type":"1024"}
{"start":1576628277260,"end":1576628283497,"duration":6237,"downloading_duration":1005,"execution_duration":4589,"uploading_duration":643,"executable":"ellipsoids-openmp","args":["1.dat","134.log","134.xoutput"],"id":90,"resource":"1024","request_start":1576628258015,"request_end":1576628283515,"request_duration":25500,"type":"1024"}
{"start":1576628277632,"end":1576628283618,"duration":5986,"downloading_duration":998,"execution_duration":4398,"uploading_duration":590,"executable":"ellipsoids-openmp","args":["1.dat","141.log","141.xoutput"],"id":97,"resource":"1024","request_start":1576628258019,"request_end":1576628283636,"request_duration":25617,"type":"1024"}
{"start":1576628277261,"end":1576628283651,"duration":6390,"downloading_duration":1271,"execution_duration":4555,"uploading_duration":564,"executable":"ellipsoids-openmp","args":["1.dat","136.log","136.xoutput"],"id":92,"resource":"1024","request_start":1576628258016,"request_end":1576628283669,"request_duration":25653,"type":"1024"}
{"start":1576628277253,"end":1576628283695,"duration":6442,"downloading_duration":1114,"execution_duration":4440,"uploading_duration":888,"executable":"ellipsoids-openmp","args":["1.dat","130.log","130.xoutput"],"id":86,"resource":"1024","request_start":1576628258013,"request_end":1576628283714,"request_duration":25701,"type":"1024"}
{"start":1576628277674,"end":1576628283837,"duration":6163,"downloading_duration":1036,"execution_duration":4484,"uploading_duration":643,"executable":"ellipsoids-openmp","args":["1.dat","142.log","142.xoutput"],"id":98,"resource":"1024","request_start":1576628258019,"request_end":1576628283856,"request_duration":25837,"type":"1024"}
{"start":1576628282451,"end":1576628284082,"duration":1631,"downloading_duration":1240,"execution_duration":4,"uploading_duration":387,"executable":"mean-pack-ell","args":["20.xoutput","21.xoutput","22.xoutput","23.xoutput","24.xoutput","25.xoutput","26.xoutput","27.xoutput","28.xoutput","29.xoutput","210.xoutput","211.xoutput","212.xoutput","213.xoutput","214.xoutput","215.xoutput","216.xoutput","217.xoutput","218.xoutput","219.xoutput","220.xoutput","221.xoutput","222.xoutput","223.xoutput","224.xoutput","225.xoutput","226.xoutput","227.xoutput","228.xoutput","229.xoutput","230.xoutput","231.xoutput","232.xoutput","233.xoutput","234.xoutput","235.xoutput","236.xoutput","237.xoutput","238.xoutput","239.xoutput","240.xoutput","241.xoutput","242.xoutput","243.xoutput","244.xoutput","245.xoutput","246.xoutput","247.xoutput","248.xoutput","249.xoutput","average_2.txt"],"id":208,"resource":"1024","request_start":1576628265501,"request_end":1576628284101,"request_duration":18600,"type":"1024"}
{"start":1576628278230,"end":1576628284156,"duration":5926,"downloading_duration":1056,"execution_duration":4100,"uploading_duration":770,"executable":"ellipsoids-openmp","args":["1.dat","143.log","143.xoutput"],"id":99,"resource":"1024","request_start":1576628258020,"request_end":1576628284176,"request_duration":26156,"type":"1024"}
{"start":1576628282773,"end":1576628284344,"duration":1571,"downloading_duration":1196,"execution_duration":4,"uploading_duration":371,"executable":"mean-pack-ell","args":["30.xoutput","31.xoutput","32.xoutput","33.xoutput","34.xoutput","35.xoutput","36.xoutput","37.xoutput","38.xoutput","39.xoutput","310.xoutput","311.xoutput","312.xoutput","313.xoutput","314.xoutput","315.xoutput","316.xoutput","317.xoutput","318.xoutput","319.xoutput","320.xoutput","321.xoutput","322.xoutput","323.xoutput","324.xoutput","325.xoutput","326.xoutput","327.xoutput","328.xoutput","329.xoutput","330.xoutput","331.xoutput","332.xoutput","333.xoutput","334.xoutput","335.xoutput","336.xoutput","337.xoutput","338.xoutput","339.xoutput","340.xoutput","341.xoutput","342.xoutput","343.xoutput","344.xoutput","345.xoutput","346.xoutput","347.xoutput","348.xoutput","349.xoutput","average_3.txt"],"id":209,"resource":"1024","request_start":1576628278233,"request_end":1576628284364,"request_duration":6131,"type":"1024"}
{"start":1576628282670,"end":1576628284359,"duration":1689,"downloading_duration":1315,"execution_duration":3,"uploading_duration":371,"executable":"mean-pack-ell","args":["00.xoutput","01.xoutput","02.xoutput","03.xoutput","04.xoutput","05.xoutput","06.xoutput","07.xoutput","08.xoutput","09.xoutput","010.xoutput","011.xoutput","012.xoutput","013.xoutput","014.xoutput","015.xoutput","016.xoutput","017.xoutput","018.xoutput","019.xoutput","020.xoutput","021.xoutput","022.xoutput","023.xoutput","024.xoutput","025.xoutput","026.xoutput","027.xoutput","028.xoutput","029.xoutput","030.xoutput","031.xoutput","032.xoutput","033.xoutput","034.xoutput","035.xoutput","036.xoutput","037.xoutput","038.xoutput","039.xoutput","040.xoutput","041.xoutput","042.xoutput","043.xoutput","044.xoutput","045.xoutput","046.xoutput","047.xoutput","048.xoutput","049.xoutput","average_0.txt"],"id":206,"resource":"1024","request_start":1576628271774,"request_end":1576628284381,"request_duration":12607,"type":"1024"}
{"start":1576628284389,"end":1576628286137,"duration":1748,"downloading_duration":1249,"execution_duration":3,"uploading_duration":496,"executable":"mean-pack-ell","args":["10.xoutput","11.xoutput","12.xoutput","13.xoutput","14.xoutput","15.xoutput","16.xoutput","17.xoutput","18.xoutput","19.xoutput","110.xoutput","111.xoutput","112.xoutput","113.xoutput","114.xoutput","115.xoutput","116.xoutput","117.xoutput","118.xoutput","119.xoutput","120.xoutput","121.xoutput","122.xoutput","123.xoutput","124.xoutput","125.xoutput","126.xoutput","127.xoutput","128.xoutput","129.xoutput","130.xoutput","131.xoutput","132.xoutput","133.xoutput","134.xoutput","135.xoutput","136.xoutput","137.xoutput","138.xoutput","139.xoutput","140.xoutput","141.xoutput","142.xoutput","143.xoutput","144.xoutput","145.xoutput","146.xoutput","147.xoutput","148.xoutput","149.xoutput","average_1.txt"],"id":207,"resource":"1024","request_start":1576628284193,"request_end":1576628286158,"request_duration":1965,"type":"1024"}
{"start":1576628286318,"end":1576628287284,"duration":966,"downloading_duration":471,"execution_duration":110,"uploading_duration":385,"executable":"summary.js","args":[],"id":210,"resource":"1024","request_start":1576628286167,"request_end":1576628287301,"request_duration":1134,"type":"1024"}
