{"start":1576628323797,"end":1576628324706,"duration":909,"downloading_duration":384,"execution_duration":105,"uploading_duration":420,"executable":"generateData.js","args":[],"id":1,"resource":"1024","request_start":1576628323637,"request_end":1576628324735,"request_duration":1098,"type":"1024"}
{"start":1576628325112,"end":1576628325979,"duration":867,"downloading_duration":372,"execution_duration":109,"uploading_duration":386,"executable":"createDat.js","args":["3.dat"],"id":5,"resource":"1024","request_start":1576628324764,"request_end":1576628325997,"request_duration":1233,"type":"1024"}
{"start":1576628325101,"end":1576628325989,"duration":888,"downloading_duration":389,"execution_duration":119,"uploading_duration":380,"executable":"createDat.js","args":["1.dat"],"id":3,"resource":"1024","request_start":1576628324757,"request_end":1576628326015,"request_duration":1258,"type":"1024"}
{"start":1576628325105,"end":1576628326005,"duration":900,"downloading_duration":373,"execution_duration":119,"uploading_duration":408,"executable":"createDat.js","args":["2.dat"],"id":4,"resource":"1024","request_start":1576628324760,"request_end":1576628326032,"request_duration":1272,"type":"1024"}
{"start":1576628325068,"end":1576628326005,"duration":937,"downloading_duration":373,"execution_duration":105,"uploading_duration":459,"executable":"createDat.js","args":["0.dat"],"id":2,"resource":"1024","request_start":1576628324751,"request_end":1576628326033,"request_duration":1282,"type":"1024"}
{"start":1576628326464,"end":1576628331950,"duration":5486,"downloading_duration":981,"execution_duration":3947,"uploading_duration":558,"executable":"ellipsoids-openmp","args":["3.dat","34.log","34.xoutput"],"id":160,"resource":"1024","request_start":1576628326064,"request_end":1576628331972,"request_duration":5908,"type":"1024"}
{"start":1576628326466,"end":1576628332104,"duration":5638,"downloading_duration":1025,"execution_duration":4009,"uploading_duration":604,"executable":"ellipsoids-openmp","args":["3.dat","38.log","38.xoutput"],"id":164,"resource":"1024","request_start":1576628326068,"request_end":1576628332125,"request_duration":6057,"type":"1024"}
{"start":1576628326489,"end":1576628332108,"duration":5619,"downloading_duration":1036,"execution_duration":3972,"uploading_duration":611,"executable":"ellipsoids-openmp","args":["3.dat","329.log","329.xoutput"],"id":185,"resource":"1024","request_start":1576628326087,"request_end":1576628332132,"request_duration":6045,"type":"1024"}
{"start":1576628326515,"end":1576628332134,"duration":5619,"downloading_duration":1036,"execution_duration":4001,"uploading_duration":582,"executable":"ellipsoids-openmp","args":["3.dat","341.log","341.xoutput"],"id":197,"resource":"1024","request_start":1576628326098,"request_end":1576628332155,"request_duration":6057,"type":"1024"}
{"start":1576628326496,"end":1576628332134,"duration":5638,"downloading_duration":982,"execution_duration":4089,"uploading_duration":567,"executable":"ellipsoids-openmp","args":["3.dat","335.log","335.xoutput"],"id":191,"resource":"1024","request_start":1576628326093,"request_end":1576628332159,"request_duration":6066,"type":"1024"}
{"start":1576628326477,"end":1576628332137,"duration":5660,"downloading_duration":1008,"execution_duration":4027,"uploading_duration":625,"executable":"ellipsoids-openmp","args":["3.dat","320.log","320.xoutput"],"id":176,"resource":"1024","request_start":1576628326079,"request_end":1576628332164,"request_duration":6085,"type":"1024"}
{"start":1576628326478,"end":1576628332146,"duration":5668,"downloading_duration":1006,"execution_duration":4064,"uploading_duration":598,"executable":"ellipsoids-openmp","args":["3.dat","324.log","324.xoutput"],"id":180,"resource":"1024","request_start":1576628326083,"request_end":1576628332169,"request_duration":6086,"type":"1024"}
{"start":1576628326482,"end":1576628332169,"duration":5687,"downloading_duration":986,"execution_duration":4068,"uploading_duration":633,"executable":"ellipsoids-openmp","args":["3.dat","330.log","330.xoutput"],"id":186,"resource":"1024","request_start":1576628326088,"request_end":1576628332192,"request_duration":6104,"type":"1024"}
{"start":1576628326476,"end":1576628332187,"duration":5711,"downloading_duration":997,"execution_duration":4090,"uploading_duration":624,"executable":"ellipsoids-openmp","args":["3.dat","319.log","319.xoutput"],"id":175,"resource":"1024","request_start":1576628326078,"request_end":1576628332205,"request_duration":6127,"type":"1024"}
{"start":1576628326472,"end":1576628332199,"duration":5727,"downloading_duration":1030,"execution_duration":4135,"uploading_duration":562,"executable":"ellipsoids-openmp","args":["3.dat","312.log","312.xoutput"],"id":168,"resource":"1024","request_start":1576628326072,"request_end":1576628332216,"request_duration":6144,"type":"1024"}
{"start":1576628326478,"end":1576628332206,"duration":5728,"downloading_duration":1034,"execution_duration":4109,"uploading_duration":585,"executable":"ellipsoids-openmp","args":["3.dat","325.log","325.xoutput"],"id":181,"resource":"1024","request_start":1576628326083,"request_end":1576628332224,"request_duration":6141,"type":"1024"}
{"start":1576628326476,"end":1576628332210,"duration":5734,"downloading_duration":1005,"execution_duration":4141,"uploading_duration":588,"executable":"ellipsoids-openmp","args":["3.dat","317.log","317.xoutput"],"id":173,"resource":"1024","request_start":1576628326076,"request_end":1576628332230,"request_duration":6154,"type":"1024"}
{"start":1576628326517,"end":1576628332211,"duration":5694,"downloading_duration":1005,"execution_duration":4041,"uploading_duration":648,"executable":"ellipsoids-openmp","args":["3.dat","343.log","343.xoutput"],"id":199,"resource":"1024","request_start":1576628326100,"request_end":1576628332230,"request_duration":6130,"type":"1024"}
{"start":1576628326458,"end":1576628332212,"duration":5754,"downloading_duration":991,"execution_duration":4170,"uploading_duration":593,"executable":"ellipsoids-openmp","args":["3.dat","31.log","31.xoutput"],"id":157,"resource":"1024","request_start":1576628326060,"request_end":1576628332234,"request_duration":6174,"type":"1024"}
{"start":1576628326500,"end":1576628332215,"duration":5715,"downloading_duration":1037,"execution_duration":4012,"uploading_duration":666,"executable":"ellipsoids-openmp","args":["3.dat","334.log","334.xoutput"],"id":190,"resource":"1024","request_start":1576628326091,"request_end":1576628332240,"request_duration":6149,"type":"1024"}
{"start":1576628326511,"end":1576628332216,"duration":5705,"downloading_duration":1071,"execution_duration":4030,"uploading_duration":604,"executable":"ellipsoids-openmp","args":["3.dat","336.log","336.xoutput"],"id":192,"resource":"1024","request_start":1576628326094,"request_end":1576628332240,"request_duration":6146,"type":"1024"}
{"start":1576628326464,"end":1576628332219,"duration":5755,"downloading_duration":989,"execution_duration":4061,"uploading_duration":705,"executable":"ellipsoids-openmp","args":["3.dat","33.log","33.xoutput"],"id":159,"resource":"1024","request_start":1576628326063,"request_end":1576628332247,"request_duration":6184,"type":"1024"}
{"start":1576628326495,"end":1576628332224,"duration":5729,"downloading_duration":1040,"execution_duration":4085,"uploading_duration":604,"executable":"ellipsoids-openmp","args":["3.dat","332.log","332.xoutput"],"id":188,"resource":"1024","request_start":1576628326089,"request_end":1576628332250,"request_duration":6161,"type":"1024"}
{"start":1576628326459,"end":1576628332234,"duration":5775,"downloading_duration":987,"execution_duration":4184,"uploading_duration":604,"executable":"ellipsoids-openmp","args":["3.dat","30.log","30.xoutput"],"id":156,"resource":"1024","request_start":1576628326059,"request_end":1576628332260,"request_duration":6201,"type":"1024"}
{"start":1576628326464,"end":1576628332237,"duration":5773,"downloading_duration":998,"execution_duration":4180,"uploading_duration":595,"executable":"ellipsoids-openmp","args":["3.dat","32.log","32.xoutput"],"id":158,"resource":"1024","request_start":1576628326062,"request_end":1576628332261,"request_duration":6199,"type":"1024"}
{"start":1576628326475,"end":1576628332250,"duration":5775,"downloading_duration":1013,"execution_duration":4141,"uploading_duration":621,"executable":"ellipsoids-openmp","args":["3.dat","310.log","310.xoutput"],"id":166,"resource":"1024","request_start":1576628326070,"request_end":1576628332269,"request_duration":6199,"type":"1024"}
{"start":1576628326485,"end":1576628332257,"duration":5772,"downloading_duration":1012,"execution_duration":4160,"uploading_duration":600,"executable":"ellipsoids-openmp","args":["3.dat","326.log","326.xoutput"],"id":182,"resource":"1024","request_start":1576628326084,"request_end":1576628332279,"request_duration":6195,"type":"1024"}
{"start":1576628326494,"end":1576628332259,"duration":5765,"downloading_duration":999,"execution_duration":4064,"uploading_duration":702,"executable":"ellipsoids-openmp","args":["3.dat","328.log","328.xoutput"],"id":184,"resource":"1024","request_start":1576628326086,"request_end":1576628332282,"request_duration":6196,"type":"1024"}
{"start":1576628326525,"end":1576628332259,"duration":5734,"downloading_duration":993,"execution_duration":4140,"uploading_duration":601,"executable":"ellipsoids-openmp","args":["3.dat","349.log","349.xoutput"],"id":205,"resource":"1024","request_start":1576628326105,"request_end":1576628332285,"request_duration":6180,"type":"1024"}
{"start":1576628326483,"end":1576628332267,"duration":5784,"downloading_duration":1078,"execution_duration":4084,"uploading_duration":622,"executable":"ellipsoids-openmp","args":["3.dat","327.log","327.xoutput"],"id":183,"resource":"1024","request_start":1576628326085,"request_end":1576628332299,"request_duration":6214,"type":"1024"}
{"start":1576628326522,"end":1576628332271,"duration":5749,"downloading_duration":1027,"execution_duration":4146,"uploading_duration":576,"executable":"ellipsoids-openmp","args":["3.dat","344.log","344.xoutput"],"id":200,"resource":"1024","request_start":1576628326101,"request_end":1576628332304,"request_duration":6203,"type":"1024"}
{"start":1576628326518,"end":1576628332271,"duration":5753,"downloading_duration":993,"execution_duration":4168,"uploading_duration":592,"executable":"ellipsoids-openmp","args":["3.dat","342.log","342.xoutput"],"id":198,"resource":"1024","request_start":1576628326099,"request_end":1576628332307,"request_duration":6208,"type":"1024"}
{"start":1576628326503,"end":1576628332273,"duration":5770,"downloading_duration":1077,"execution_duration":4089,"uploading_duration":604,"executable":"ellipsoids-openmp","args":["3.dat","338.log","338.xoutput"],"id":194,"resource":"1024","request_start":1576628326096,"request_end":1576628332312,"request_duration":6216,"type":"1024"}
{"start":1576628326471,"end":1576628332279,"duration":5808,"downloading_duration":983,"execution_duration":4194,"uploading_duration":631,"executable":"ellipsoids-openmp","args":["3.dat","37.log","37.xoutput"],"id":163,"resource":"1024","request_start":1576628326067,"request_end":1576628332314,"request_duration":6247,"type":"1024"}
{"start":1576628326471,"end":1576628332288,"duration":5817,"downloading_duration":1034,"execution_duration":4148,"uploading_duration":635,"executable":"ellipsoids-openmp","args":["3.dat","314.log","314.xoutput"],"id":170,"resource":"1024","request_start":1576628326074,"request_end":1576628332321,"request_duration":6247,"type":"1024"}
{"start":1576628326471,"end":1576628332295,"duration":5824,"downloading_duration":1087,"execution_duration":4150,"uploading_duration":587,"executable":"ellipsoids-openmp","args":["3.dat","36.log","36.xoutput"],"id":162,"resource":"1024","request_start":1576628326066,"request_end":1576628332327,"request_duration":6261,"type":"1024"}
{"start":1576628326504,"end":1576628332295,"duration":5791,"downloading_duration":1035,"execution_duration":4105,"uploading_duration":651,"executable":"ellipsoids-openmp","args":["3.dat","340.log","340.xoutput"],"id":196,"resource":"1024","request_start":1576628326097,"request_end":1576628332329,"request_duration":6232,"type":"1024"}
{"start":1576628326521,"end":1576628332296,"duration":5775,"downloading_duration":996,"execution_duration":4211,"uploading_duration":568,"executable":"ellipsoids-openmp","args":["3.dat","348.log","348.xoutput"],"id":204,"resource":"1024","request_start":1576628326104,"request_end":1576628332330,"request_duration":6226,"type":"1024"}
{"start":1576628326477,"end":1576628332315,"duration":5838,"downloading_duration":1009,"execution_duration":4130,"uploading_duration":699,"executable":"ellipsoids-openmp","args":["3.dat","318.log","318.xoutput"],"id":174,"resource":"1024","request_start":1576628326077,"request_end":1576628332337,"request_duration":6260,"type":"1024"}
{"start":1576628326510,"end":1576628332318,"duration":5808,"downloading_duration":1050,"execution_duration":4157,"uploading_duration":601,"executable":"ellipsoids-openmp","args":["3.dat","339.log","339.xoutput"],"id":195,"resource":"1024","request_start":1576628326097,"request_end":1576628332339,"request_duration":6242,"type":"1024"}
{"start":1576628326521,"end":1576628332323,"duration":5802,"downloading_duration":1079,"execution_duration":4141,"uploading_duration":582,"executable":"ellipsoids-openmp","args":["3.dat","347.log","347.xoutput"],"id":203,"resource":"1024","request_start":1576628326103,"request_end":1576628332346,"request_duration":6243,"type":"1024"}
{"start":1576628326477,"end":1576628332329,"duration":5852,"downloading_duration":1072,"execution_duration":4186,"uploading_duration":594,"executable":"ellipsoids-openmp","args":["3.dat","322.log","322.xoutput"],"id":178,"resource":"1024","request_start":1576628326081,"request_end":1576628332353,"request_duration":6272,"type":"1024"}
{"start":1576628326497,"end":1576628332352,"duration":5855,"downloading_duration":1106,"execution_duration":4168,"uploading_duration":581,"executable":"ellipsoids-openmp","args":["3.dat","331.log","331.xoutput"],"id":187,"resource":"1024","request_start":1576628326088,"request_end":1576628332374,"request_duration":6286,"type":"1024"}
{"start":1576628326467,"end":1576628332354,"duration":5887,"downloading_duration":990,"execution_duration":3975,"uploading_duration":922,"executable":"ellipsoids-openmp","args":["3.dat","35.log","35.xoutput"],"id":161,"resource":"1024","request_start":1576628326065,"request_end":1576628332381,"request_duration":6316,"type":"1024"}
{"start":1576628326479,"end":1576628332363,"duration":5884,"downloading_duration":1011,"execution_duration":4235,"uploading_duration":638,"executable":"ellipsoids-openmp","args":["3.dat","321.log","321.xoutput"],"id":177,"resource":"1024","request_start":1576628326080,"request_end":1576628332388,"request_duration":6308,"type":"1024"}
{"start":1576628326473,"end":1576628332369,"duration":5896,"downloading_duration":1165,"execution_duration":4139,"uploading_duration":592,"executable":"ellipsoids-openmp","args":["3.dat","311.log","311.xoutput"],"id":167,"resource":"1024","request_start":1576628326071,"request_end":1576628332392,"request_duration":6321,"type":"1024"}
{"start":1576628326472,"end":1576628332367,"duration":5895,"downloading_duration":1075,"execution_duration":4225,"uploading_duration":595,"executable":"ellipsoids-openmp","args":["3.dat","316.log","316.xoutput"],"id":172,"resource":"1024","request_start":1576628326075,"request_end":1576628332397,"request_duration":6322,"type":"1024"}
{"start":1576628326520,"end":1576628332373,"duration":5853,"downloading_duration":1038,"execution_duration":4184,"uploading_duration":631,"executable":"ellipsoids-openmp","args":["3.dat","346.log","346.xoutput"],"id":202,"resource":"1024","request_start":1576628326102,"request_end":1576628332404,"request_duration":6302,"type":"1024"}
{"start":1576628326523,"end":1576628332375,"duration":5852,"downloading_duration":1006,"execution_duration":4151,"uploading_duration":695,"executable":"ellipsoids-openmp","args":["3.dat","345.log","345.xoutput"],"id":201,"resource":"1024","request_start":1576628326102,"request_end":1576628332405,"request_duration":6303,"type":"1024"}
{"start":1576628326504,"end":1576628332402,"duration":5898,"downloading_duration":1185,"execution_duration":4117,"uploading_duration":596,"executable":"ellipsoids-openmp","args":["3.dat","337.log","337.xoutput"],"id":193,"resource":"1024","request_start":1576628326095,"request_end":1576628332421,"request_duration":6326,"type":"1024"}
{"start":1576628326477,"end":1576628332419,"duration":5942,"downloading_duration":1033,"execution_duration":4198,"uploading_duration":711,"executable":"ellipsoids-openmp","args":["3.dat","315.log","315.xoutput"],"id":171,"resource":"1024","request_start":1576628326075,"request_end":1576628332438,"request_duration":6363,"type":"1024"}
{"start":1576628326480,"end":1576628332421,"duration":5941,"downloading_duration":993,"execution_duration":4321,"uploading_duration":627,"executable":"ellipsoids-openmp","args":["3.dat","323.log","323.xoutput"],"id":179,"resource":"1024","request_start":1576628326082,"request_end":1576628332440,"request_duration":6358,"type":"1024"}
{"start":1576628326493,"end":1576628332445,"duration":5952,"downloading_duration":1203,"execution_duration":4140,"uploading_duration":609,"executable":"ellipsoids-openmp","args":["3.dat","333.log","333.xoutput"],"id":189,"resource":"1024","request_start":1576628326090,"request_end":1576628332464,"request_duration":6374,"type":"1024"}
{"start":1576628326468,"end":1576628332541,"duration":6073,"downloading_duration":1294,"execution_duration":4160,"uploading_duration":619,"executable":"ellipsoids-openmp","args":["3.dat","39.log","39.xoutput"],"id":165,"resource":"1024","request_start":1576628326069,"request_end":1576628332562,"request_duration":6493,"type":"1024"}
{"start":1576628326476,"end":1576628332671,"duration":6195,"downloading_duration":1065,"execution_duration":4135,"uploading_duration":995,"executable":"ellipsoids-openmp","args":["3.dat","313.log","313.xoutput"],"id":169,"resource":"1024","request_start":1576628326073,"request_end":1576628332746,"request_duration":6673,"type":"1024"}
{"start":1576628332273,"end":1576628337932,"duration":5659,"downloading_duration":1021,"execution_duration":4070,"uploading_duration":568,"executable":"ellipsoids-openmp","args":["1.dat","19.log","19.xoutput"],"id":65,"resource":"1024","request_start":1576628326206,"request_end":1576628337953,"request_duration":11747,"type":"1024"}
{"start":1576628332230,"end":1576628338001,"duration":5771,"downloading_duration":1061,"execution_duration":4124,"uploading_duration":586,"executable":"ellipsoids-openmp","args":["1.dat","12.log","12.xoutput"],"id":58,"resource":"1024","request_start":1576628326202,"request_end":1576628338020,"request_duration":11818,"type":"1024"}
{"start":1576628332008,"end":1576628338020,"duration":6012,"downloading_duration":999,"execution_duration":4325,"uploading_duration":688,"executable":"ellipsoids-openmp","args":["1.dat","144.log","144.xoutput"],"id":100,"resource":"1024","request_start":1576628326196,"request_end":1576628338042,"request_duration":11846,"type":"1024"}
{"start":1576628332190,"end":1576628338054,"duration":5864,"downloading_duration":1081,"execution_duration":4214,"uploading_duration":569,"executable":"ellipsoids-openmp","args":["1.dat","149.log","149.xoutput"],"id":105,"resource":"1024","request_start":1576628326200,"request_end":1576628338074,"request_duration":11874,"type":"1024"}
{"start":1576628332278,"end":1576628338071,"duration":5793,"downloading_duration":994,"execution_duration":4206,"uploading_duration":593,"executable":"ellipsoids-openmp","args":["1.dat","111.log","111.xoutput"],"id":67,"resource":"1024","request_start":1576628326207,"request_end":1576628338092,"request_duration":11885,"type":"1024"}
{"start":1576628332305,"end":1576628338074,"duration":5769,"downloading_duration":984,"execution_duration":4161,"uploading_duration":624,"executable":"ellipsoids-openmp","args":["1.dat","114.log","114.xoutput"],"id":70,"resource":"1024","request_start":1576628326209,"request_end":1576628338094,"request_duration":11885,"type":"1024"}
{"start":1576628332243,"end":1576628338084,"duration":5841,"downloading_duration":997,"execution_duration":4260,"uploading_duration":584,"executable":"ellipsoids-openmp","args":["1.dat","13.log","13.xoutput"],"id":59,"resource":"1024","request_start":1576628326203,"request_end":1576628338104,"request_duration":11901,"type":"1024"}
{"start":1576628332310,"end":1576628338100,"duration":5790,"downloading_duration":992,"execution_duration":4198,"uploading_duration":600,"executable":"ellipsoids-openmp","args":["1.dat","115.log","115.xoutput"],"id":71,"resource":"1024","request_start":1576628326209,"request_end":1576628338121,"request_duration":11912,"type":"1024"}
{"start":1576628332200,"end":1576628338116,"duration":5916,"downloading_duration":1077,"execution_duration":4236,"uploading_duration":603,"executable":"ellipsoids-openmp","args":["1.dat","10.log","10.xoutput"],"id":56,"resource":"1024","request_start":1576628326201,"request_end":1576628338137,"request_duration":11936,"type":"1024"}
{"start":1576628332311,"end":1576628338124,"duration":5813,"downloading_duration":994,"execution_duration":4216,"uploading_duration":603,"executable":"ellipsoids-openmp","args":["1.dat","117.log","117.xoutput"],"id":73,"resource":"1024","request_start":1576628326214,"request_end":1576628338144,"request_duration":11930,"type":"1024"}
{"start":1576628332186,"end":1576628338134,"duration":5948,"downloading_duration":1076,"execution_duration":4228,"uploading_duration":644,"executable":"ellipsoids-openmp","args":["1.dat","148.log","148.xoutput"],"id":104,"resource":"1024","request_start":1576628326200,"request_end":1576628338154,"request_duration":11954,"type":"1024"}
{"start":1576628332156,"end":1576628338137,"duration":5981,"downloading_duration":1090,"execution_duration":4325,"uploading_duration":566,"executable":"ellipsoids-openmp","args":["1.dat","145.log","145.xoutput"],"id":101,"resource":"1024","request_start":1576628326197,"request_end":1576628338160,"request_duration":11963,"type":"1024"}
{"start":1576628332264,"end":1576628338140,"duration":5876,"downloading_duration":1024,"execution_duration":4293,"uploading_duration":559,"executable":"ellipsoids-openmp","args":["1.dat","17.log","17.xoutput"],"id":63,"resource":"1024","request_start":1576628326205,"request_end":1576628338162,"request_duration":11957,"type":"1024"}
{"start":1576628332270,"end":1576628338163,"duration":5893,"downloading_duration":1012,"execution_duration":4290,"uploading_duration":591,"executable":"ellipsoids-openmp","args":["1.dat","18.log","18.xoutput"],"id":64,"resource":"1024","request_start":1576628326205,"request_end":1576628338182,"request_duration":11977,"type":"1024"}
{"start":1576628332217,"end":1576628338183,"duration":5966,"downloading_duration":996,"execution_duration":4260,"uploading_duration":710,"executable":"ellipsoids-openmp","args":["1.dat","11.log","11.xoutput"],"id":57,"resource":"1024","request_start":1576628326201,"request_end":1576628338204,"request_duration":12003,"type":"1024"}
{"start":1576628332345,"end":1576628338192,"duration":5847,"downloading_duration":1001,"execution_duration":4241,"uploading_duration":605,"executable":"ellipsoids-openmp","args":["1.dat","121.log","121.xoutput"],"id":77,"resource":"1024","request_start":1576628326216,"request_end":1576628338212,"request_duration":11996,"type":"1024"}
{"start":1576628332256,"end":1576628338211,"duration":5955,"downloading_duration":1114,"execution_duration":4246,"uploading_duration":595,"executable":"ellipsoids-openmp","args":["1.dat","14.log","14.xoutput"],"id":60,"resource":"1024","request_start":1576628326203,"request_end":1576628338232,"request_duration":12029,"type":"1024"}
{"start":1576628332382,"end":1576628338225,"duration":5843,"downloading_duration":982,"execution_duration":4273,"uploading_duration":588,"executable":"ellipsoids-openmp","args":["1.dat","130.log","130.xoutput"],"id":86,"resource":"1024","request_start":1576628326221,"request_end":1576628338244,"request_duration":12023,"type":"1024"}
{"start":1576628332341,"end":1576628338227,"duration":5886,"downloading_duration":982,"execution_duration":4272,"uploading_duration":632,"executable":"ellipsoids-openmp","args":["1.dat","120.log","120.xoutput"],"id":76,"resource":"1024","request_start":1576628326216,"request_end":1576628338246,"request_duration":12030,"type":"1024"}
{"start":1576628332266,"end":1576628338232,"duration":5966,"downloading_duration":1038,"execution_duration":4257,"uploading_duration":671,"executable":"ellipsoids-openmp","args":["1.dat","16.log","16.xoutput"],"id":62,"resource":"1024","request_start":1576628326204,"request_end":1576628338253,"request_duration":12049,"type":"1024"}
{"start":1576628332364,"end":1576628338236,"duration":5872,"downloading_duration":997,"execution_duration":4280,"uploading_duration":595,"executable":"ellipsoids-openmp","args":["1.dat","127.log","127.xoutput"],"id":83,"resource":"1024","request_start":1576628326220,"request_end":1576628338257,"request_duration":12037,"type":"1024"}
{"start":1576628332179,"end":1576628338248,"duration":6069,"downloading_duration":994,"execution_duration":4445,"uploading_duration":630,"executable":"ellipsoids-openmp","args":["1.dat","147.log","147.xoutput"],"id":103,"resource":"1024","request_start":1576628326199,"request_end":1576628338267,"request_duration":12068,"type":"1024"}
{"start":1576628332367,"end":1576628338252,"duration":5885,"downloading_duration":996,"execution_duration":4301,"uploading_duration":588,"executable":"ellipsoids-openmp","args":["1.dat","128.log","128.xoutput"],"id":84,"resource":"1024","request_start":1576628326220,"request_end":1576628338272,"request_duration":12052,"type":"1024"}
{"start":1576628332363,"end":1576628338253,"duration":5890,"downloading_duration":1117,"execution_duration":4192,"uploading_duration":581,"executable":"ellipsoids-openmp","args":["1.dat","125.log","125.xoutput"],"id":81,"resource":"1024","request_start":1576628326219,"request_end":1576628338275,"request_duration":12056,"type":"1024"}
{"start":1576628332296,"end":1576628338260,"duration":5964,"downloading_duration":1093,"execution_duration":4275,"uploading_duration":596,"executable":"ellipsoids-openmp","args":["1.dat","113.log","113.xoutput"],"id":69,"resource":"1024","request_start":1576628326208,"request_end":1576628338282,"request_duration":12074,"type":"1024"}
{"start":1576628332338,"end":1576628338263,"duration":5925,"downloading_duration":996,"execution_duration":4282,"uploading_duration":647,"executable":"ellipsoids-openmp","args":["1.dat","119.log","119.xoutput"],"id":75,"resource":"1024","request_start":1576628326215,"request_end":1576628338285,"request_duration":12070,"type":"1024"}
{"start":1576628332358,"end":1576628338265,"duration":5907,"downloading_duration":999,"execution_duration":4308,"uploading_duration":600,"executable":"ellipsoids-openmp","args":["1.dat","126.log","126.xoutput"],"id":82,"resource":"1024","request_start":1576628326219,"request_end":1576628338289,"request_duration":12070,"type":"1024"}
{"start":1576628332349,"end":1576628338273,"duration":5924,"downloading_duration":1025,"execution_duration":4283,"uploading_duration":616,"executable":"ellipsoids-openmp","args":["1.dat","123.log","123.xoutput"],"id":79,"resource":"1024","request_start":1576628326217,"request_end":1576628338295,"request_duration":12078,"type":"1024"}
{"start":1576628332263,"end":1576628338274,"duration":6011,"downloading_duration":1089,"execution_duration":4325,"uploading_duration":597,"executable":"ellipsoids-openmp","args":["1.dat","15.log","15.xoutput"],"id":61,"resource":"1024","request_start":1576628326204,"request_end":1576628338298,"request_duration":12094,"type":"1024"}
{"start":1576628332357,"end":1576628338293,"duration":5936,"downloading_duration":1080,"execution_duration":4259,"uploading_duration":597,"executable":"ellipsoids-openmp","args":["1.dat","124.log","124.xoutput"],"id":80,"resource":"1024","request_start":1576628326218,"request_end":1576628338347,"request_duration":12129,"type":"1024"}
{"start":1576628332159,"end":1576628338295,"duration":6136,"downloading_duration":1095,"execution_duration":4372,"uploading_duration":669,"executable":"ellipsoids-openmp","args":["1.dat","146.log","146.xoutput"],"id":102,"resource":"1024","request_start":1576628326198,"request_end":1576628338352,"request_duration":12154,"type":"1024"}
{"start":1576628332286,"end":1576628338296,"duration":6010,"downloading_duration":1072,"execution_duration":4340,"uploading_duration":598,"executable":"ellipsoids-openmp","args":["1.dat","112.log","112.xoutput"],"id":68,"resource":"1024","request_start":1576628326207,"request_end":1576628338353,"request_duration":12146,"type":"1024"}
{"start":1576628332308,"end":1576628338310,"duration":6002,"downloading_duration":1079,"execution_duration":4344,"uploading_duration":579,"executable":"ellipsoids-openmp","args":["1.dat","116.log","116.xoutput"],"id":72,"resource":"1024","request_start":1576628326213,"request_end":1576628338357,"request_duration":12144,"type":"1024"}
{"start":1576628332407,"end":1576628338318,"duration":5911,"downloading_duration":1023,"execution_duration":4312,"uploading_duration":576,"executable":"ellipsoids-openmp","args":["1.dat","131.log","131.xoutput"],"id":87,"resource":"1024","request_start":1576628326222,"request_end":1576628338361,"request_duration":12139,"type":"1024"}
{"start":1576628332336,"end":1576628338332,"duration":5996,"downloading_duration":994,"execution_duration":4299,"uploading_duration":703,"executable":"ellipsoids-openmp","args":["1.dat","118.log","118.xoutput"],"id":74,"resource":"1024","request_start":1576628326214,"request_end":1576628338375,"request_duration":12161,"type":"1024"}
{"start":1576628332435,"end":1576628338335,"duration":5900,"downloading_duration":1032,"execution_duration":4215,"uploading_duration":653,"executable":"ellipsoids-openmp","args":["1.dat","137.log","137.xoutput"],"id":93,"resource":"1024","request_start":1576628326225,"request_end":1576628338379,"request_duration":12154,"type":"1024"}
{"start":1576628332344,"end":1576628338337,"duration":5993,"downloading_duration":1092,"execution_duration":4275,"uploading_duration":626,"executable":"ellipsoids-openmp","args":["1.dat","122.log","122.xoutput"],"id":78,"resource":"1024","request_start":1576628326217,"request_end":1576628338381,"request_duration":12164,"type":"1024"}
{"start":1576628332278,"end":1576628338340,"duration":6062,"downloading_duration":1209,"execution_duration":4253,"uploading_duration":600,"executable":"ellipsoids-openmp","args":["1.dat","110.log","110.xoutput"],"id":66,"resource":"1024","request_start":1576628326206,"request_end":1576628338383,"request_duration":12177,"type":"1024"}
{"start":1576628332375,"end":1576628338344,"duration":5969,"downloading_duration":1077,"execution_duration":4334,"uploading_duration":558,"executable":"ellipsoids-openmp","args":["1.dat","129.log","129.xoutput"],"id":85,"resource":"1024","request_start":1576628326221,"request_end":1576628338394,"request_duration":12173,"type":"1024"}
{"start":1576628332430,"end":1576628338347,"duration":5917,"downloading_duration":1064,"execution_duration":4282,"uploading_duration":571,"executable":"ellipsoids-openmp","args":["1.dat","135.log","135.xoutput"],"id":91,"resource":"1024","request_start":1576628326223,"request_end":1576628338396,"request_duration":12173,"type":"1024"}
{"start":1576628332418,"end":1576628338372,"duration":5954,"downloading_duration":1097,"execution_duration":4216,"uploading_duration":641,"executable":"ellipsoids-openmp","args":["1.dat","133.log","133.xoutput"],"id":89,"resource":"1024","request_start":1576628326222,"request_end":1576628338417,"request_duration":12195,"type":"1024"}
{"start":1576628332414,"end":1576628338398,"duration":5984,"downloading_duration":1154,"execution_duration":4228,"uploading_duration":602,"executable":"ellipsoids-openmp","args":["1.dat","132.log","132.xoutput"],"id":88,"resource":"1024","request_start":1576628326222,"request_end":1576628338426,"request_duration":12204,"type":"1024"}
{"start":1576628332488,"end":1576628338400,"duration":5912,"downloading_duration":1109,"execution_duration":4206,"uploading_duration":597,"executable":"ellipsoids-openmp","args":["1.dat","141.log","141.xoutput"],"id":97,"resource":"1024","request_start":1576628326226,"request_end":1576628338435,"request_duration":12209,"type":"1024"}
{"start":1576628332477,"end":1576628338446,"duration":5969,"downloading_duration":1017,"execution_duration":4284,"uploading_duration":668,"executable":"ellipsoids-openmp","args":["1.dat","140.log","140.xoutput"],"id":96,"resource":"1024","request_start":1576628326226,"request_end":1576628338468,"request_duration":12242,"type":"1024"}
{"start":1576628332464,"end":1576628338471,"duration":6007,"downloading_duration":1050,"execution_duration":4381,"uploading_duration":576,"executable":"ellipsoids-openmp","args":["1.dat","139.log","139.xoutput"],"id":95,"resource":"1024","request_start":1576628326225,"request_end":1576628338490,"request_duration":12265,"type":"1024"}
{"start":1576628332419,"end":1576628338485,"duration":6066,"downloading_duration":1108,"execution_duration":4343,"uploading_duration":615,"executable":"ellipsoids-openmp","args":["1.dat","134.log","134.xoutput"],"id":90,"resource":"1024","request_start":1576628326223,"request_end":1576628338504,"request_duration":12281,"type":"1024"}
{"start":1576628332436,"end":1576628338486,"duration":6050,"downloading_duration":1153,"execution_duration":4305,"uploading_duration":592,"executable":"ellipsoids-openmp","args":["1.dat","136.log","136.xoutput"],"id":92,"resource":"1024","request_start":1576628326224,"request_end":1576628338506,"request_duration":12282,"type":"1024"}
{"start":1576628332446,"end":1576628338502,"duration":6056,"downloading_duration":1034,"execution_duration":4240,"uploading_duration":782,"executable":"ellipsoids-openmp","args":["1.dat","138.log","138.xoutput"],"id":94,"resource":"1024","request_start":1576628326225,"request_end":1576628338522,"request_duration":12297,"type":"1024"}
{"start":1576628332587,"end":1576628338566,"duration":5979,"downloading_duration":1090,"execution_duration":4266,"uploading_duration":623,"executable":"ellipsoids-openmp","args":["1.dat","142.log","142.xoutput"],"id":98,"resource":"1024","request_start":1576628326227,"request_end":1576628338587,"request_duration":12360,"type":"1024"}
{"start":1576628332773,"end":1576628338697,"duration":5924,"downloading_duration":1067,"execution_duration":4236,"uploading_duration":621,"executable":"ellipsoids-openmp","args":["1.dat","143.log","143.xoutput"],"id":99,"resource":"1024","request_start":1576628326228,"request_end":1576628338717,"request_duration":12489,"type":"1024"}
{"start":1576628337981,"end":1576628344176,"duration":6195,"downloading_duration":1077,"execution_duration":4489,"uploading_duration":629,"executable":"ellipsoids-openmp","args":["2.dat","20.log","20.xoutput"],"id":106,"resource":"1024","request_start":1576628326252,"request_end":1576628344198,"request_duration":17946,"type":"1024"}
{"start":1576628338123,"end":1576628344245,"duration":6122,"downloading_duration":1007,"execution_duration":4503,"uploading_duration":612,"executable":"ellipsoids-openmp","args":["2.dat","24.log","24.xoutput"],"id":110,"resource":"1024","request_start":1576628326254,"request_end":1576628344268,"request_duration":18014,"type":"1024"}
{"start":1576628338055,"end":1576628344259,"duration":6204,"downloading_duration":1090,"execution_duration":4507,"uploading_duration":607,"executable":"ellipsoids-openmp","args":["2.dat","21.log","21.xoutput"],"id":107,"resource":"1024","request_start":1576628326253,"request_end":1576628344282,"request_duration":18029,"type":"1024"}
{"start":1576628338131,"end":1576628344295,"duration":6164,"downloading_duration":1011,"execution_duration":4596,"uploading_duration":557,"executable":"ellipsoids-openmp","args":["2.dat","25.log","25.xoutput"],"id":111,"resource":"1024","request_start":1576628326255,"request_end":1576628344315,"request_duration":18060,"type":"1024"}
{"start":1576628338133,"end":1576628344314,"duration":6181,"downloading_duration":985,"execution_duration":4523,"uploading_duration":673,"executable":"ellipsoids-openmp","args":["2.dat","26.log","26.xoutput"],"id":112,"resource":"1024","request_start":1576628326255,"request_end":1576628344335,"request_duration":18080,"type":"1024"}
{"start":1576628338068,"end":1576628344317,"duration":6249,"downloading_duration":1110,"execution_duration":4546,"uploading_duration":593,"executable":"ellipsoids-openmp","args":["2.dat","22.log","22.xoutput"],"id":108,"resource":"1024","request_start":1576628326253,"request_end":1576628344337,"request_duration":18084,"type":"1024"}
{"start":1576628338101,"end":1576628344319,"duration":6218,"downloading_duration":1031,"execution_duration":4589,"uploading_duration":598,"executable":"ellipsoids-openmp","args":["2.dat","23.log","23.xoutput"],"id":109,"resource":"1024","request_start":1576628326254,"request_end":1576628344340,"request_duration":18086,"type":"1024"}
{"start":1576628338183,"end":1576628344325,"duration":6142,"downloading_duration":1020,"execution_duration":4521,"uploading_duration":601,"executable":"ellipsoids-openmp","args":["2.dat","210.log","210.xoutput"],"id":116,"resource":"1024","request_start":1576628326257,"request_end":1576628344349,"request_duration":18092,"type":"1024"}
{"start":1576628338191,"end":1576628344337,"duration":6146,"downloading_duration":980,"execution_duration":4582,"uploading_duration":584,"executable":"ellipsoids-openmp","args":["2.dat","212.log","212.xoutput"],"id":118,"resource":"1024","request_start":1576628326258,"request_end":1576628344359,"request_duration":18101,"type":"1024"}
{"start":1576628338146,"end":1576628344343,"duration":6197,"downloading_duration":991,"execution_duration":4621,"uploading_duration":585,"executable":"ellipsoids-openmp","args":["2.dat","27.log","27.xoutput"],"id":113,"resource":"1024","request_start":1576628326256,"request_end":1576628344366,"request_duration":18110,"type":"1024"}
{"start":1576628338288,"end":1576628344375,"duration":6087,"downloading_duration":1006,"execution_duration":4484,"uploading_duration":597,"executable":"ellipsoids-openmp","args":["2.dat","220.log","220.xoutput"],"id":126,"resource":"1024","request_start":1576628326262,"request_end":1576628344394,"request_duration":18132,"type":"1024"}
{"start":1576628338207,"end":1576628344412,"duration":6205,"downloading_duration":1080,"execution_duration":4524,"uploading_duration":601,"executable":"ellipsoids-openmp","args":["2.dat","213.log","213.xoutput"],"id":119,"resource":"1024","request_start":1576628326259,"request_end":1576628344432,"request_duration":18173,"type":"1024"}
{"start":1576628338163,"end":1576628344424,"duration":6261,"downloading_duration":1041,"execution_duration":4604,"uploading_duration":616,"executable":"ellipsoids-openmp","args":["2.dat","28.log","28.xoutput"],"id":114,"resource":"1024","request_start":1576628326256,"request_end":1576628344443,"request_duration":18187,"type":"1024"}
{"start":1576628338187,"end":1576628344426,"duration":6239,"downloading_duration":1081,"execution_duration":4585,"uploading_duration":573,"executable":"ellipsoids-openmp","args":["2.dat","211.log","211.xoutput"],"id":117,"resource":"1024","request_start":1576628326258,"request_end":1576628344447,"request_duration":18189,"type":"1024"}
{"start":1576628338275,"end":1576628344447,"duration":6172,"downloading_duration":1064,"execution_duration":4535,"uploading_duration":573,"executable":"ellipsoids-openmp","args":["2.dat","217.log","217.xoutput"],"id":123,"resource":"1024","request_start":1576628326261,"request_end":1576628344467,"request_duration":18206,"type":"1024"}
{"start":1576628338299,"end":1576628344451,"duration":6152,"downloading_duration":1013,"execution_duration":4523,"uploading_duration":616,"executable":"ellipsoids-openmp","args":["2.dat","223.log","223.xoutput"],"id":129,"resource":"1024","request_start":1576628326264,"request_end":1576628344474,"request_duration":18210,"type":"1024"}
{"start":1576628338271,"end":1576628344470,"duration":6199,"downloading_duration":993,"execution_duration":4605,"uploading_duration":601,"executable":"ellipsoids-openmp","args":["2.dat","218.log","218.xoutput"],"id":124,"resource":"1024","request_start":1576628326261,"request_end":1576628344491,"request_duration":18230,"type":"1024"}
{"start":1576628338281,"end":1576628344483,"duration":6202,"downloading_duration":1023,"execution_duration":4612,"uploading_duration":567,"executable":"ellipsoids-openmp","args":["2.dat","219.log","219.xoutput"],"id":125,"resource":"1024","request_start":1576628326262,"request_end":1576628344501,"request_duration":18239,"type":"1024"}
{"start":1576628338294,"end":1576628344489,"duration":6195,"downloading_duration":1016,"execution_duration":4601,"uploading_duration":578,"executable":"ellipsoids-openmp","args":["2.dat","221.log","221.xoutput"],"id":127,"resource":"1024","request_start":1576628326263,"request_end":1576628344508,"request_duration":18245,"type":"1024"}
{"start":1576628338169,"end":1576628344531,"duration":6362,"downloading_duration":1033,"execution_duration":4728,"uploading_duration":601,"executable":"ellipsoids-openmp","args":["2.dat","29.log","29.xoutput"],"id":115,"resource":"1024","request_start":1576628326257,"request_end":1576628344551,"request_duration":18294,"type":"1024"}
{"start":1576628338318,"end":1576628344540,"duration":6222,"downloading_duration":1008,"execution_duration":4546,"uploading_duration":668,"executable":"ellipsoids-openmp","args":["2.dat","225.log","225.xoutput"],"id":131,"resource":"1024","request_start":1576628326265,"request_end":1576628344559,"request_duration":18294,"type":"1024"}
{"start":1576628338325,"end":1576628344541,"duration":6216,"downloading_duration":1030,"execution_duration":4638,"uploading_duration":548,"executable":"ellipsoids-openmp","args":["2.dat","228.log","228.xoutput"],"id":134,"resource":"1024","request_start":1576628326266,"request_end":1576628344562,"request_duration":18296,"type":"1024"}
{"start":1576628338257,"end":1576628344556,"duration":6299,"downloading_duration":1034,"execution_duration":4712,"uploading_duration":553,"executable":"ellipsoids-openmp","args":["2.dat","216.log","216.xoutput"],"id":122,"resource":"1024","request_start":1576628326260,"request_end":1576628344579,"request_duration":18319,"type":"1024"}
{"start":1576628338323,"end":1576628344588,"duration":6265,"downloading_duration":992,"execution_duration":4613,"uploading_duration":660,"executable":"ellipsoids-openmp","args":["2.dat","227.log","227.xoutput"],"id":133,"resource":"1024","request_start":1576628326266,"request_end":1576628344609,"request_duration":18343,"type":"1024"}
{"start":1576628338406,"end":1576628344591,"duration":6185,"downloading_duration":1032,"execution_duration":4570,"uploading_duration":583,"executable":"ellipsoids-openmp","args":["2.dat","234.log","234.xoutput"],"id":140,"resource":"1024","request_start":1576628326269,"request_end":1576628344614,"request_duration":18345,"type":"1024"}
{"start":1576628338233,"end":1576628344598,"duration":6365,"downloading_duration":1068,"execution_duration":4610,"uploading_duration":687,"executable":"ellipsoids-openmp","args":["2.dat","214.log","214.xoutput"],"id":120,"resource":"1024","request_start":1576628326259,"request_end":1576628344620,"request_duration":18361,"type":"1024"}
{"start":1576628338379,"end":1576628344600,"duration":6221,"downloading_duration":1085,"execution_duration":4552,"uploading_duration":584,"executable":"ellipsoids-openmp","args":["2.dat","229.log","229.xoutput"],"id":135,"resource":"1024","request_start":1576628326267,"request_end":1576628344621,"request_duration":18354,"type":"1024"}
{"start":1576628338407,"end":1576628344601,"duration":6194,"downloading_duration":991,"execution_duration":4593,"uploading_duration":610,"executable":"ellipsoids-openmp","args":["2.dat","235.log","235.xoutput"],"id":141,"resource":"1024","request_start":1576628326270,"request_end":1576628344623,"request_duration":18353,"type":"1024"}
{"start":1576628338406,"end":1576628344631,"duration":6225,"downloading_duration":997,"execution_duration":4578,"uploading_duration":650,"executable":"ellipsoids-openmp","args":["2.dat","236.log","236.xoutput"],"id":142,"resource":"1024","request_start":1576628326270,"request_end":1576628344651,"request_duration":18381,"type":"1024"}
{"start":1576628338321,"end":1576628344636,"duration":6315,"downloading_duration":1129,"execution_duration":4599,"uploading_duration":587,"executable":"ellipsoids-openmp","args":["2.dat","226.log","226.xoutput"],"id":132,"resource":"1024","request_start":1576628326265,"request_end":1576628344656,"request_duration":18391,"type":"1024"}
{"start":1576628338309,"end":1576628344640,"duration":6331,"downloading_duration":1020,"execution_duration":4637,"uploading_duration":674,"executable":"ellipsoids-openmp","args":["2.dat","224.log","224.xoutput"],"id":130,"resource":"1024","request_start":1576628326264,"request_end":1576628344664,"request_duration":18400,"type":"1024"}
{"start":1576628338386,"end":1576628344645,"duration":6259,"downloading_duration":1086,"execution_duration":4604,"uploading_duration":569,"executable":"ellipsoids-openmp","args":["2.dat","232.log","232.xoutput"],"id":138,"resource":"1024","request_start":1576628326268,"request_end":1576628344668,"request_duration":18400,"type":"1024"}
{"start":1576628338420,"end":1576628344660,"duration":6240,"downloading_duration":1001,"execution_duration":4566,"uploading_duration":673,"executable":"ellipsoids-openmp","args":["2.dat","238.log","238.xoutput"],"id":144,"resource":"1024","request_start":1576628326271,"request_end":1576628344679,"request_duration":18408,"type":"1024"}
{"start":1576628338380,"end":1576628344688,"duration":6308,"downloading_duration":980,"execution_duration":4705,"uploading_duration":623,"executable":"ellipsoids-openmp","args":["2.dat","231.log","231.xoutput"],"id":137,"resource":"1024","request_start":1576628326268,"request_end":1576628344708,"request_duration":18440,"type":"1024"}
{"start":1576628338530,"end":1576628344691,"duration":6161,"downloading_duration":1026,"execution_duration":4564,"uploading_duration":571,"executable":"ellipsoids-openmp","args":["2.dat","245.log","245.xoutput"],"id":151,"resource":"1024","request_start":1576628326275,"request_end":1576628344713,"request_duration":18438,"type":"1024"}
{"start":1576628338240,"end":1576628344696,"duration":6456,"downloading_duration":1093,"execution_duration":4754,"uploading_duration":609,"executable":"ellipsoids-openmp","args":["2.dat","215.log","215.xoutput"],"id":121,"resource":"1024","request_start":1576628326260,"request_end":1576628344719,"request_duration":18459,"type":"1024"}
{"start":1576628338553,"end":1576628344698,"duration":6145,"downloading_duration":1081,"execution_duration":4482,"uploading_duration":582,"executable":"ellipsoids-openmp","args":["2.dat","247.log","247.xoutput"],"id":153,"resource":"1024","request_start":1576628326276,"request_end":1576628344722,"request_duration":18446,"type":"1024"}
{"start":1576628338458,"end":1576628344711,"duration":6253,"downloading_duration":1000,"execution_duration":4694,"uploading_duration":559,"executable":"ellipsoids-openmp","args":["2.dat","241.log","241.xoutput"],"id":147,"resource":"1024","request_start":1576628326273,"request_end":1576628344731,"request_duration":18458,"type":"1024"}
{"start":1576628338518,"end":1576628344745,"duration":6227,"downloading_duration":1085,"execution_duration":4394,"uploading_duration":748,"executable":"ellipsoids-openmp","args":["2.dat","244.log","244.xoutput"],"id":150,"resource":"1024","request_start":1576628326275,"request_end":1576628344767,"request_duration":18492,"type":"1024"}
{"start":1576628338389,"end":1576628344764,"duration":6375,"downloading_duration":1157,"execution_duration":4585,"uploading_duration":633,"executable":"ellipsoids-openmp","args":["2.dat","233.log","233.xoutput"],"id":139,"resource":"1024","request_start":1576628326269,"request_end":1576628344784,"request_duration":18515,"type":"1024"}
{"start":1576628338442,"end":1576628344792,"duration":6350,"downloading_duration":1168,"execution_duration":4561,"uploading_duration":621,"executable":"ellipsoids-openmp","args":["2.dat","240.log","240.xoutput"],"id":146,"resource":"1024","request_start":1576628326272,"request_end":1576628344812,"request_duration":18540,"type":"1024"}
{"start":1576628338412,"end":1576628344795,"duration":6383,"downloading_duration":1071,"execution_duration":4749,"uploading_duration":563,"executable":"ellipsoids-openmp","args":["2.dat","237.log","237.xoutput"],"id":143,"resource":"1024","request_start":1576628326271,"request_end":1576628344817,"request_duration":18546,"type":"1024"}
{"start":1576628338381,"end":1576628344799,"duration":6418,"downloading_duration":985,"execution_duration":4629,"uploading_duration":804,"executable":"ellipsoids-openmp","args":["2.dat","230.log","230.xoutput"],"id":136,"resource":"1024","request_start":1576628326267,"request_end":1576628344827,"request_duration":18560,"type":"1024"}
{"start":1576628338494,"end":1576628344812,"duration":6318,"downloading_duration":1014,"execution_duration":4664,"uploading_duration":640,"executable":"ellipsoids-openmp","args":["2.dat","243.log","243.xoutput"],"id":149,"resource":"1024","request_start":1576628326274,"request_end":1576628344832,"request_duration":18558,"type":"1024"}
{"start":1576628338463,"end":1576628344830,"duration":6367,"downloading_duration":1013,"execution_duration":4687,"uploading_duration":667,"executable":"ellipsoids-openmp","args":["2.dat","242.log","242.xoutput"],"id":148,"resource":"1024","request_start":1576628326274,"request_end":1576628344851,"request_duration":18577,"type":"1024"}
{"start":1576628338532,"end":1576628344832,"duration":6300,"downloading_duration":1047,"execution_duration":4605,"uploading_duration":648,"executable":"ellipsoids-openmp","args":["2.dat","246.log","246.xoutput"],"id":152,"resource":"1024","request_start":1576628326276,"request_end":1576628344854,"request_duration":18578,"type":"1024"}
{"start":1576628338422,"end":1576628344855,"duration":6433,"downloading_duration":1247,"execution_duration":4527,"uploading_duration":659,"executable":"ellipsoids-openmp","args":["2.dat","239.log","239.xoutput"],"id":145,"resource":"1024","request_start":1576628326272,"request_end":1576628344874,"request_duration":18602,"type":"1024"}
{"start":1576628338300,"end":1576628344867,"duration":6567,"downloading_duration":1128,"execution_duration":4829,"uploading_duration":610,"executable":"ellipsoids-openmp","args":["2.dat","222.log","222.xoutput"],"id":128,"resource":"1024","request_start":1576628326263,"request_end":1576628344886,"request_duration":18623,"type":"1024"}
{"start":1576628338612,"end":1576628344964,"duration":6352,"downloading_duration":1151,"execution_duration":4619,"uploading_duration":582,"executable":"ellipsoids-openmp","args":["2.dat","248.log","248.xoutput"],"id":154,"resource":"1024","request_start":1576628326277,"request_end":1576628344983,"request_duration":18706,"type":"1024"}
{"start":1576628338746,"end":1576628345009,"duration":6263,"downloading_duration":1077,"execution_duration":4553,"uploading_duration":633,"executable":"ellipsoids-openmp","args":["2.dat","249.log","249.xoutput"],"id":155,"resource":"1024","request_start":1576628326277,"request_end":1576628345030,"request_duration":18753,"type":"1024"}
{"start":1576628344388,"end":1576628350452,"duration":6064,"downloading_duration":1091,"execution_duration":4360,"uploading_duration":613,"executable":"ellipsoids-openmp","args":["0.dat","012.log","012.xoutput"],"id":18,"resource":"1024","request_start":1576628326289,"request_end":1576628350471,"request_duration":24182,"type":"1024"}
{"start":1576628344376,"end":1576628350474,"duration":6098,"downloading_duration":997,"execution_duration":4480,"uploading_duration":621,"executable":"ellipsoids-openmp","args":["0.dat","011.log","011.xoutput"],"id":17,"resource":"1024","request_start":1576628326288,"request_end":1576628350492,"request_duration":24204,"type":"1024"}
{"start":1576628344426,"end":1576628350489,"duration":6063,"downloading_duration":1101,"execution_duration":4383,"uploading_duration":579,"executable":"ellipsoids-openmp","args":["0.dat","014.log","014.xoutput"],"id":20,"resource":"1024","request_start":1576628326290,"request_end":1576628350507,"request_duration":24217,"type":"1024"}
{"start":1576628344292,"end":1576628350507,"duration":6215,"downloading_duration":1073,"execution_duration":4546,"uploading_duration":596,"executable":"ellipsoids-openmp","args":["0.dat","05.log","05.xoutput"],"id":11,"resource":"1024","request_start":1576628326285,"request_end":1576628350525,"request_duration":24240,"type":"1024"}
{"start":1576628344471,"end":1576628350512,"duration":6041,"downloading_duration":1001,"execution_duration":4409,"uploading_duration":631,"executable":"ellipsoids-openmp","args":["0.dat","016.log","016.xoutput"],"id":22,"resource":"1024","request_start":1576628326291,"request_end":1576628350531,"request_duration":24240,"type":"1024"}
{"start":1576628344362,"end":1576628350514,"duration":6152,"downloading_duration":997,"execution_duration":4560,"uploading_duration":595,"executable":"ellipsoids-openmp","args":["0.dat","08.log","08.xoutput"],"id":14,"resource":"1024","request_start":1576628326287,"request_end":1576628350532,"request_duration":24245,"type":"1024"}
{"start":1576628344366,"end":1576628350514,"duration":6148,"downloading_duration":1006,"execution_duration":4559,"uploading_duration":583,"executable":"ellipsoids-openmp","args":["0.dat","010.log","010.xoutput"],"id":16,"resource":"1024","request_start":1576628326288,"request_end":1576628350535,"request_duration":24247,"type":"1024"}
{"start":1576628344391,"end":1576628350563,"duration":6172,"downloading_duration":1076,"execution_duration":4519,"uploading_duration":577,"executable":"ellipsoids-openmp","args":["0.dat","013.log","013.xoutput"],"id":19,"resource":"1024","request_start":1576628326289,"request_end":1576628350581,"request_duration":24292,"type":"1024"}
{"start":1576628344367,"end":1576628350621,"duration":6254,"downloading_duration":1013,"execution_duration":4623,"uploading_duration":618,"executable":"ellipsoids-openmp","args":["0.dat","09.log","09.xoutput"],"id":15,"resource":"1024","request_start":1576628326287,"request_end":1576628350639,"request_duration":24352,"type":"1024"}
{"start":1576628344310,"end":1576628350630,"duration":6320,"downloading_duration":1005,"execution_duration":4724,"uploading_duration":591,"executable":"ellipsoids-openmp","args":["0.dat","06.log","06.xoutput"],"id":12,"resource":"1024","request_start":1576628326286,"request_end":1576628350648,"request_duration":24362,"type":"1024"}
{"start":1576628344457,"end":1576628350643,"duration":6186,"downloading_duration":1079,"execution_duration":4519,"uploading_duration":588,"executable":"ellipsoids-openmp","args":["0.dat","015.log","015.xoutput"],"id":21,"resource":"1024","request_start":1576628326290,"request_end":1576628350660,"request_duration":24370,"type":"1024"}
{"start":1576628344231,"end":1576628350660,"duration":6429,"downloading_duration":1075,"execution_duration":4558,"uploading_duration":796,"executable":"ellipsoids-openmp","args":["0.dat","04.log","04.xoutput"],"id":10,"resource":"1024","request_start":1576628326285,"request_end":1576628350677,"request_duration":24392,"type":"1024"}
{"start":1576628344590,"end":1576628350674,"duration":6084,"downloading_duration":992,"execution_duration":4528,"uploading_duration":564,"executable":"ellipsoids-openmp","args":["0.dat","025.log","025.xoutput"],"id":31,"resource":"1024","request_start":1576628326296,"request_end":1576628350691,"request_duration":24395,"type":"1024"}
{"start":1576628344343,"end":1576628350683,"duration":6340,"downloading_duration":1130,"execution_duration":4582,"uploading_duration":628,"executable":"ellipsoids-openmp","args":["0.dat","07.log","07.xoutput"],"id":13,"resource":"1024","request_start":1576628326286,"request_end":1576628350701,"request_duration":24415,"type":"1024"}
{"start":1576628344500,"end":1576628350704,"duration":6204,"downloading_duration":990,"execution_duration":4622,"uploading_duration":592,"executable":"ellipsoids-openmp","args":["0.dat","019.log","019.xoutput"],"id":25,"resource":"1024","request_start":1576628326292,"request_end":1576628350721,"request_duration":24429,"type":"1024"}
{"start":1576628344494,"end":1576628350711,"duration":6217,"downloading_duration":1013,"execution_duration":4623,"uploading_duration":581,"executable":"ellipsoids-openmp","args":["0.dat","018.log","018.xoutput"],"id":24,"resource":"1024","request_start":1576628326292,"request_end":1576628350728,"request_duration":24436,"type":"1024"}
{"start":1576628344641,"end":1576628350738,"duration":6097,"downloading_duration":1025,"execution_duration":4503,"uploading_duration":569,"executable":"ellipsoids-openmp","args":["0.dat","027.log","027.xoutput"],"id":33,"resource":"1024","request_start":1576628326297,"request_end":1576628350757,"request_duration":24460,"type":"1024"}
{"start":1576628344642,"end":1576628350746,"duration":6104,"downloading_duration":1088,"execution_duration":4431,"uploading_duration":585,"executable":"ellipsoids-openmp","args":["0.dat","028.log","028.xoutput"],"id":34,"resource":"1024","request_start":1576628326297,"request_end":1576628350763,"request_duration":24466,"type":"1024"}
{"start":1576628344537,"end":1576628350750,"duration":6213,"downloading_duration":991,"execution_duration":4620,"uploading_duration":602,"executable":"ellipsoids-openmp","args":["0.dat","021.log","021.xoutput"],"id":27,"resource":"1024","request_start":1576628326293,"request_end":1576628350768,"request_duration":24475,"type":"1024"}
{"start":1576628344611,"end":1576628350780,"duration":6169,"downloading_duration":1007,"execution_duration":4547,"uploading_duration":615,"executable":"ellipsoids-openmp","args":["0.dat","026.log","026.xoutput"],"id":32,"resource":"1024","request_start":1576628326296,"request_end":1576628350798,"request_duration":24502,"type":"1024"}
{"start":1576628344516,"end":1576628350785,"duration":6269,"downloading_duration":1067,"execution_duration":4589,"uploading_duration":613,"executable":"ellipsoids-openmp","args":["0.dat","020.log","020.xoutput"],"id":26,"resource":"1024","request_start":1576628326293,"request_end":1576628350803,"request_duration":24510,"type":"1024"}
{"start":1576628344537,"end":1576628350820,"duration":6283,"downloading_duration":1022,"execution_duration":4577,"uploading_duration":684,"executable":"ellipsoids-openmp","args":["0.dat","022.log","022.xoutput"],"id":28,"resource":"1024","request_start":1576628326294,"request_end":1576628350837,"request_duration":24543,"type":"1024"}
{"start":1576628344588,"end":1576628350822,"duration":6234,"downloading_duration":1005,"execution_duration":4628,"uploading_duration":601,"executable":"ellipsoids-openmp","args":["0.dat","024.log","024.xoutput"],"id":30,"resource":"1024","request_start":1576628326295,"request_end":1576628350840,"request_duration":24545,"type":"1024"}
{"start":1576628344675,"end":1576628350829,"duration":6154,"downloading_duration":978,"execution_duration":4609,"uploading_duration":567,"executable":"ellipsoids-openmp","args":["0.dat","032.log","032.xoutput"],"id":38,"resource":"1024","request_start":1576628326300,"request_end":1576628350847,"request_duration":24547,"type":"1024"}
{"start":1576628344473,"end":1576628350832,"duration":6359,"downloading_duration":1047,"execution_duration":4714,"uploading_duration":598,"executable":"ellipsoids-openmp","args":["0.dat","017.log","017.xoutput"],"id":23,"resource":"1024","request_start":1576628326291,"request_end":1576628350849,"request_duration":24558,"type":"1024"}
{"start":1576628344652,"end":1576628350863,"duration":6211,"downloading_duration":1004,"execution_duration":4583,"uploading_duration":624,"executable":"ellipsoids-openmp","args":["0.dat","030.log","030.xoutput"],"id":36,"resource":"1024","request_start":1576628326298,"request_end":1576628350880,"request_duration":24582,"type":"1024"}
{"start":1576628344583,"end":1576628350863,"duration":6280,"downloading_duration":986,"execution_duration":4697,"uploading_duration":597,"executable":"ellipsoids-openmp","args":["0.dat","023.log","023.xoutput"],"id":29,"resource":"1024","request_start":1576628326295,"request_end":1576628350882,"request_duration":24587,"type":"1024"}
{"start":1576628344656,"end":1576628350863,"duration":6207,"downloading_duration":1028,"execution_duration":4600,"uploading_duration":579,"executable":"ellipsoids-openmp","args":["0.dat","031.log","031.xoutput"],"id":37,"resource":"1024","request_start":1576628326299,"request_end":1576628350890,"request_duration":24591,"type":"1024"}
{"start":1576628344693,"end":1576628350877,"duration":6184,"downloading_duration":982,"execution_duration":4576,"uploading_duration":626,"executable":"ellipsoids-openmp","args":["0.dat","034.log","034.xoutput"],"id":40,"resource":"1024","request_start":1576628326301,"request_end":1576628350899,"request_duration":24598,"type":"1024"}
{"start":1576628344688,"end":1576628350921,"duration":6233,"downloading_duration":1024,"execution_duration":4637,"uploading_duration":572,"executable":"ellipsoids-openmp","args":["0.dat","033.log","033.xoutput"],"id":39,"resource":"1024","request_start":1576628326300,"request_end":1576628350941,"request_duration":24641,"type":"1024"}
{"start":1576628344709,"end":1576628350925,"duration":6216,"downloading_duration":1175,"execution_duration":4449,"uploading_duration":592,"executable":"ellipsoids-openmp","args":["0.dat","036.log","036.xoutput"],"id":42,"resource":"1024","request_start":1576628326302,"request_end":1576628350945,"request_duration":24643,"type":"1024"}
{"start":1576628344746,"end":1576628350931,"duration":6185,"downloading_duration":1028,"execution_duration":4547,"uploading_duration":610,"executable":"ellipsoids-openmp","args":["0.dat","039.log","039.xoutput"],"id":45,"resource":"1024","request_start":1576628326303,"request_end":1576628350951,"request_duration":24648,"type":"1024"}
{"start":1576628344655,"end":1576628350937,"duration":6282,"downloading_duration":1074,"execution_duration":4629,"uploading_duration":579,"executable":"ellipsoids-openmp","args":["0.dat","029.log","029.xoutput"],"id":35,"resource":"1024","request_start":1576628326298,"request_end":1576628350956,"request_duration":24658,"type":"1024"}
{"start":1576628344858,"end":1576628350949,"duration":6091,"downloading_duration":999,"execution_duration":4459,"uploading_duration":633,"executable":"ellipsoids-openmp","args":["0.dat","046.log","046.xoutput"],"id":52,"resource":"1024","request_start":1576628326310,"request_end":1576628350966,"request_duration":24656,"type":"1024"}
{"start":1576628344773,"end":1576628350957,"duration":6184,"downloading_duration":984,"execution_duration":4565,"uploading_duration":635,"executable":"ellipsoids-openmp","args":["0.dat","041.log","041.xoutput"],"id":47,"resource":"1024","request_start":1576628326304,"request_end":1576628350975,"request_duration":24671,"type":"1024"}
{"start":1576628344748,"end":1576628351015,"duration":6267,"downloading_duration":1072,"execution_duration":4607,"uploading_duration":588,"executable":"ellipsoids-openmp","args":["0.dat","040.log","040.xoutput"],"id":46,"resource":"1024","request_start":1576628326304,"request_end":1576628351034,"request_duration":24730,"type":"1024"}
{"start":1576628344887,"end":1576628351043,"duration":6156,"downloading_duration":990,"execution_duration":4577,"uploading_duration":589,"executable":"ellipsoids-openmp","args":["0.dat","049.log","049.xoutput"],"id":55,"resource":"1024","request_start":1576628326312,"request_end":1576628351061,"request_duration":24749,"type":"1024"}
{"start":1576628344808,"end":1576628351098,"duration":6290,"downloading_duration":1045,"execution_duration":4628,"uploading_duration":617,"executable":"ellipsoids-openmp","args":["0.dat","043.log","043.xoutput"],"id":49,"resource":"1024","request_start":1576628326305,"request_end":1576628351116,"request_duration":24811,"type":"1024"}
{"start":1576628344741,"end":1576628351100,"duration":6359,"downloading_duration":996,"execution_duration":4764,"uploading_duration":599,"executable":"ellipsoids-openmp","args":["0.dat","038.log","038.xoutput"],"id":44,"resource":"1024","request_start":1576628326303,"request_end":1576628351121,"request_duration":24818,"type":"1024"}
{"start":1576628344882,"end":1576628351105,"duration":6223,"downloading_duration":1006,"execution_duration":4585,"uploading_duration":632,"executable":"ellipsoids-openmp","args":["0.dat","048.log","048.xoutput"],"id":54,"resource":"1024","request_start":1576628326311,"request_end":1576628351124,"request_duration":24813,"type":"1024"}
{"start":1576628344902,"end":1576628351110,"duration":6208,"downloading_duration":1017,"execution_duration":4593,"uploading_duration":598,"executable":"ellipsoids-openmp","args":["0.dat","047.log","047.xoutput"],"id":53,"resource":"1024","request_start":1576628326311,"request_end":1576628351129,"request_duration":24818,"type":"1024"}
{"start":1576628344734,"end":1576628351111,"duration":6377,"downloading_duration":1074,"execution_duration":4686,"uploading_duration":617,"executable":"ellipsoids-openmp","args":["0.dat","037.log","037.xoutput"],"id":43,"resource":"1024","request_start":1576628326302,"request_end":1576628351149,"request_duration":24847,"type":"1024"}
{"start":1576628344911,"end":1576628351196,"duration":6285,"downloading_duration":1072,"execution_duration":4624,"uploading_duration":589,"executable":"ellipsoids-openmp","args":["0.dat","01.log","01.xoutput"],"id":7,"resource":"1024","request_start":1576628326313,"request_end":1576628351216,"request_duration":24903,"type":"1024"}
{"start":1576628344798,"end":1576628351222,"duration":6424,"downloading_duration":1092,"execution_duration":4736,"uploading_duration":596,"executable":"ellipsoids-openmp","args":["0.dat","042.log","042.xoutput"],"id":48,"resource":"1024","request_start":1576628326305,"request_end":1576628351373,"request_duration":25068,"type":"1024"}
{"start":1576628344909,"end":1576628351235,"duration":6326,"downloading_duration":1079,"execution_duration":4670,"uploading_duration":577,"executable":"ellipsoids-openmp","args":["0.dat","00.log","00.xoutput"],"id":6,"resource":"1024","request_start":1576628326312,"request_end":1576628351377,"request_duration":25065,"type":"1024"}
{"start":1576628344852,"end":1576628351442,"duration":6590,"downloading_duration":1427,"execution_duration":4588,"uploading_duration":575,"executable":"ellipsoids-openmp","args":["0.dat","044.log","044.xoutput"],"id":50,"resource":"1024","request_start":1576628326306,"request_end":1576628351462,"request_duration":25156,"type":"1024"}
{"start":1576628345010,"end":1576628351470,"duration":6460,"downloading_duration":1084,"execution_duration":4728,"uploading_duration":648,"executable":"ellipsoids-openmp","args":["0.dat","02.log","02.xoutput"],"id":8,"resource":"1024","request_start":1576628326313,"request_end":1576628351489,"request_duration":25176,"type":"1024"}
{"start":1576628345060,"end":1576628351607,"duration":6547,"downloading_duration":1095,"execution_duration":4770,"uploading_duration":682,"executable":"ellipsoids-openmp","args":["0.dat","03.log","03.xoutput"],"id":9,"resource":"1024","request_start":1576628326314,"request_end":1576628351628,"request_duration":25314,"type":"1024"}
{"start":1576628344852,"end":1576628351612,"duration":6760,"downloading_duration":1398,"execution_duration":4775,"uploading_duration":587,"executable":"ellipsoids-openmp","args":["0.dat","045.log","045.xoutput"],"id":51,"resource":"1024","request_start":1576628326307,"request_end":1576628351636,"request_duration":25329,"type":"1024"}
{"start":1576628350543,"end":1576628352185,"duration":1642,"downloading_duration":1245,"execution_duration":4,"uploading_duration":393,"executable":"mean-pack-ell","args":["20.xoutput","21.xoutput","22.xoutput","23.xoutput","24.xoutput","25.xoutput","26.xoutput","27.xoutput","28.xoutput","29.xoutput","210.xoutput","211.xoutput","212.xoutput","213.xoutput","214.xoutput","215.xoutput","216.xoutput","217.xoutput","218.xoutput","219.xoutput","220.xoutput","221.xoutput","222.xoutput","223.xoutput","224.xoutput","225.xoutput","226.xoutput","227.xoutput","228.xoutput","229.xoutput","230.xoutput","231.xoutput","232.xoutput","233.xoutput","234.xoutput","235.xoutput","236.xoutput","237.xoutput","238.xoutput","239.xoutput","240.xoutput","241.xoutput","242.xoutput","243.xoutput","244.xoutput","245.xoutput","246.xoutput","247.xoutput","248.xoutput","249.xoutput","average_2.txt"],"id":208,"resource":"1024","request_start":1576628345050,"request_end":1576628352205,"request_duration":7155,"type":"1024"}
{"start":1576628350529,"end":1576628352195,"duration":1666,"downloading_duration":1284,"execution_duration":3,"uploading_duration":379,"executable":"mean-pack-ell","args":["10.xoutput","11.xoutput","12.xoutput","13.xoutput","14.xoutput","15.xoutput","16.xoutput","17.xoutput","18.xoutput","19.xoutput","110.xoutput","111.xoutput","112.xoutput","113.xoutput","114.xoutput","115.xoutput","116.xoutput","117.xoutput","118.xoutput","119.xoutput","120.xoutput","121.xoutput","122.xoutput","123.xoutput","124.xoutput","125.xoutput","126.xoutput","127.xoutput","128.xoutput","129.xoutput","130.xoutput","131.xoutput","132.xoutput","133.xoutput","134.xoutput","135.xoutput","136.xoutput","137.xoutput","138.xoutput","139.xoutput","140.xoutput","141.xoutput","142.xoutput","143.xoutput","144.xoutput","145.xoutput","146.xoutput","147.xoutput","148.xoutput","149.xoutput","average_1.txt"],"id":207,"resource":"1024","request_start":1576628338731,"request_end":1576628352217,"request_duration":13486,"type":"1024"}
{"start":1576628350509,"end":1576628352211,"duration":1702,"downloading_duration":1324,"execution_duration":4,"uploading_duration":374,"executable":"mean-pack-ell","args":["30.xoutput","31.xoutput","32.xoutput","33.xoutput","34.xoutput","35.xoutput","36.xoutput","37.xoutput","38.xoutput","39.xoutput","310.xoutput","311.xoutput","312.xoutput","313.xoutput","314.xoutput","315.xoutput","316.xoutput","317.xoutput","318.xoutput","319.xoutput","320.xoutput","321.xoutput","322.xoutput","323.xoutput","324.xoutput","325.xoutput","326.xoutput","327.xoutput","328.xoutput","329.xoutput","330.xoutput","331.xoutput","332.xoutput","333.xoutput","334.xoutput","335.xoutput","336.xoutput","337.xoutput","338.xoutput","339.xoutput","340.xoutput","341.xoutput","342.xoutput","343.xoutput","344.xoutput","345.xoutput","346.xoutput","347.xoutput","348.xoutput","349.xoutput","average_3.txt"],"id":209,"resource":"1024","request_start":1576628332762,"request_end":1576628352231,"request_duration":19469,"type":"1024"}
{"start":1576628344700,"end":1576628358220,"duration":13520,"downloading_duration":8394,"execution_duration":4481,"uploading_duration":645,"executable":"ellipsoids-openmp","args":["0.dat","035.log","035.xoutput"],"id":41,"resource":"1024","request_start":1576628326301,"request_end":1576628358243,"request_duration":31942,"type":"1024"}
{"start":1576628358452,"end":1576628360120,"duration":1668,"downloading_duration":1285,"execution_duration":3,"uploading_duration":380,"executable":"mean-pack-ell","args":["00.xoutput","01.xoutput","02.xoutput","03.xoutput","04.xoutput","05.xoutput","06.xoutput","07.xoutput","08.xoutput","09.xoutput","010.xoutput","011.xoutput","012.xoutput","013.xoutput","014.xoutput","015.xoutput","016.xoutput","017.xoutput","018.xoutput","019.xoutput","020.xoutput","021.xoutput","022.xoutput","023.xoutput","024.xoutput","025.xoutput","026.xoutput","027.xoutput","028.xoutput","029.xoutput","030.xoutput","031.xoutput","032.xoutput","033.xoutput","034.xoutput","035.xoutput","036.xoutput","037.xoutput","038.xoutput","039.xoutput","040.xoutput","041.xoutput","042.xoutput","043.xoutput","044.xoutput","045.xoutput","046.xoutput","047.xoutput","048.xoutput","049.xoutput","average_0.txt"],"id":206,"resource":"1024","request_start":1576628358256,"request_end":1576628360144,"request_duration":1888,"type":"1024"}
{"start":1576628360314,"end":1576628361249,"duration":935,"downloading_duration":426,"execution_duration":116,"uploading_duration":393,"executable":"summary.js","args":[],"id":210,"resource":"1024","request_start":1576628360153,"request_end":1576628361267,"request_duration":1114,"type":"1024"}
