{"start":1576534419539,"end":1576534421503,"duration":1964,"downloading_duration":501,"execution_duration":1017,"uploading_duration":446,"executable":"generateData.js","args":[],"id":1,"resource":"128","request_start":1576534419382,"request_end":1576534421536,"request_duration":2154,"type":"128"}
{"start":1576534421670,"end":1576534423587,"duration":1917,"downloading_duration":427,"execution_duration":1060,"uploading_duration":430,"executable":"createDat.js","args":["0.dat"],"id":2,"resource":"128","request_start":1576534421551,"request_end":1576534423606,"request_duration":2055,"type":"128"}
{"start":1576534421682,"end":1576534423649,"duration":1967,"downloading_duration":425,"execution_duration":1120,"uploading_duration":422,"executable":"createDat.js","args":["2.dat"],"id":4,"resource":"128","request_start":1576534421561,"request_end":1576534423669,"request_duration":2108,"type":"128"}
{"start":1576534421679,"end":1576534423702,"duration":2023,"downloading_duration":479,"execution_duration":1081,"uploading_duration":463,"executable":"createDat.js","args":["1.dat"],"id":3,"resource":"128","request_start":1576534421558,"request_end":1576534423732,"request_duration":2174,"type":"128"}
{"start":1576534421693,"end":1576534423709,"duration":2016,"downloading_duration":483,"execution_duration":1081,"uploading_duration":452,"executable":"createDat.js","args":["3.dat"],"id":5,"resource":"128","request_start":1576534421566,"request_end":1576534423780,"request_duration":2214,"type":"128"}
{"start":1576534423869,"end":1576534454030,"duration":30161,"downloading_duration":1306,"execution_duration":28221,"uploading_duration":634,"executable":"ellipsoids-openmp","args":["0.dat","012.log","012.xoutput"],"id":18,"resource":"128","request_start":1576534423654,"request_end":1576534454050,"request_duration":30396,"type":"128"}
{"start":1576534423955,"end":1576534454565,"duration":30610,"downloading_duration":1531,"execution_duration":28381,"uploading_duration":698,"executable":"ellipsoids-openmp","args":["0.dat","02.log","02.xoutput"],"id":8,"resource":"128","request_start":1576534423665,"request_end":1576534454585,"request_duration":30920,"type":"128"}
{"start":1576534423869,"end":1576534454739,"duration":30870,"downloading_duration":1535,"execution_duration":28661,"uploading_duration":674,"executable":"ellipsoids-openmp","args":["0.dat","07.log","07.xoutput"],"id":13,"resource":"128","request_start":1576534423644,"request_end":1576534454781,"request_duration":31137,"type":"128"}
{"start":1576534424109,"end":1576534460468,"duration":36359,"downloading_duration":1488,"execution_duration":33920,"uploading_duration":951,"executable":"ellipsoids-openmp","args":["1.dat","18.log","18.xoutput"],"id":29,"resource":"128","request_start":1576534423771,"request_end":1576534460489,"request_duration":36718,"type":"128"}
{"start":1576534424133,"end":1576534460878,"duration":36745,"downloading_duration":1426,"execution_duration":34601,"uploading_duration":718,"executable":"ellipsoids-openmp","args":["3.dat","34.log","34.xoutput"],"id":55,"resource":"128","request_start":1576534423792,"request_end":1576534460900,"request_duration":37108,"type":"128"}
{"start":1576534424132,"end":1576534460917,"duration":36785,"downloading_duration":1327,"execution_duration":34800,"uploading_duration":658,"executable":"ellipsoids-openmp","args":["3.dat","33.log","33.xoutput"],"id":54,"resource":"128","request_start":1576534423791,"request_end":1576534460936,"request_duration":37145,"type":"128"}
{"start":1576534424134,"end":1576534460998,"duration":36864,"downloading_duration":1440,"execution_duration":34760,"uploading_duration":664,"executable":"ellipsoids-openmp","args":["1.dat","13.log","13.xoutput"],"id":24,"resource":"128","request_start":1576534423763,"request_end":1576534461021,"request_duration":37258,"type":"128"}
{"start":1576534424095,"end":1576534461277,"duration":37182,"downloading_duration":1416,"execution_duration":35121,"uploading_duration":645,"executable":"ellipsoids-openmp","args":["1.dat","12.log","12.xoutput"],"id":23,"resource":"128","request_start":1576534423762,"request_end":1576534461299,"request_duration":37537,"type":"128"}
{"start":1576534424112,"end":1576534461361,"duration":37249,"downloading_duration":1560,"execution_duration":35020,"uploading_duration":669,"executable":"ellipsoids-openmp","args":["1.dat","111.log","111.xoutput"],"id":32,"resource":"128","request_start":1576534423774,"request_end":1576534461381,"request_duration":37607,"type":"128"}
{"start":1576534423869,"end":1576534461389,"duration":37520,"downloading_duration":1224,"execution_duration":35660,"uploading_duration":636,"executable":"ellipsoids-openmp","args":["0.dat","06.log","06.xoutput"],"id":12,"resource":"128","request_start":1576534423641,"request_end":1576534461408,"request_duration":37767,"type":"128"}
{"start":1576534424125,"end":1576534461528,"duration":37403,"downloading_duration":1377,"execution_duration":35340,"uploading_duration":686,"executable":"ellipsoids-openmp","args":["1.dat","114.log","114.xoutput"],"id":35,"resource":"128","request_start":1576534423777,"request_end":1576534461548,"request_duration":37771,"type":"128"}
{"start":1576534424110,"end":1576534461532,"duration":37422,"downloading_duration":1696,"execution_duration":35000,"uploading_duration":726,"executable":"ellipsoids-openmp","args":["1.dat","19.log","19.xoutput"],"id":30,"resource":"128","request_start":1576534423772,"request_end":1576534461551,"request_duration":37779,"type":"128"}
{"start":1576534424116,"end":1576534461611,"duration":37495,"downloading_duration":1671,"execution_duration":35081,"uploading_duration":743,"executable":"ellipsoids-openmp","args":["1.dat","110.log","110.xoutput"],"id":31,"resource":"128","request_start":1576534423773,"request_end":1576534461631,"request_duration":37858,"type":"128"}
{"start":1576534424113,"end":1576534461668,"duration":37555,"downloading_duration":1459,"execution_duration":35161,"uploading_duration":935,"executable":"ellipsoids-openmp","args":["1.dat","17.log","17.xoutput"],"id":28,"resource":"128","request_start":1576534423770,"request_end":1576534461692,"request_duration":37922,"type":"128"}
{"start":1576534424124,"end":1576534461720,"duration":37596,"downloading_duration":1707,"execution_duration":35222,"uploading_duration":667,"executable":"ellipsoids-openmp","args":["3.dat","31.log","31.xoutput"],"id":52,"resource":"128","request_start":1576534423790,"request_end":1576534461738,"request_duration":37948,"type":"128"}
{"start":1576534424112,"end":1576534461828,"duration":37716,"downloading_duration":1523,"execution_duration":35500,"uploading_duration":693,"executable":"ellipsoids-openmp","args":["1.dat","113.log","113.xoutput"],"id":34,"resource":"128","request_start":1576534423776,"request_end":1576534461848,"request_duration":38072,"type":"128"}
{"start":1576534424126,"end":1576534461915,"duration":37789,"downloading_duration":1511,"execution_duration":35581,"uploading_duration":697,"executable":"ellipsoids-openmp","args":["3.dat","30.log","30.xoutput"],"id":51,"resource":"128","request_start":1576534423789,"request_end":1576534461938,"request_duration":38149,"type":"128"}
{"start":1576534424138,"end":1576534461974,"duration":37836,"downloading_duration":1400,"execution_duration":35700,"uploading_duration":736,"executable":"ellipsoids-openmp","args":["1.dat","112.log","112.xoutput"],"id":33,"resource":"128","request_start":1576534423775,"request_end":1576534461993,"request_duration":38218,"type":"128"}
{"start":1576534423867,"end":1576534461976,"duration":38109,"downloading_duration":1380,"execution_duration":36061,"uploading_duration":668,"executable":"ellipsoids-openmp","args":["0.dat","011.log","011.xoutput"],"id":17,"resource":"128","request_start":1576534423652,"request_end":1576534462008,"request_duration":38356,"type":"128"}
{"start":1576534424111,"end":1576534462032,"duration":37921,"downloading_duration":1459,"execution_duration":35801,"uploading_duration":661,"executable":"ellipsoids-openmp","args":["1.dat","15.log","15.xoutput"],"id":26,"resource":"128","request_start":1576534423767,"request_end":1576534462051,"request_duration":38284,"type":"128"}
{"start":1576534423866,"end":1576534462120,"duration":38254,"downloading_duration":1332,"execution_duration":36260,"uploading_duration":662,"executable":"ellipsoids-openmp","args":["0.dat","08.log","08.xoutput"],"id":14,"resource":"128","request_start":1576534423646,"request_end":1576534462138,"request_duration":38492,"type":"128"}
{"start":1576534424089,"end":1576534462266,"duration":38177,"downloading_duration":1301,"execution_duration":36240,"uploading_duration":636,"executable":"ellipsoids-openmp","args":["1.dat","10.log","10.xoutput"],"id":21,"resource":"128","request_start":1576534423759,"request_end":1576534462283,"request_duration":38524,"type":"128"}
{"start":1576534424094,"end":1576534462298,"duration":38204,"downloading_duration":1353,"execution_duration":36141,"uploading_duration":710,"executable":"ellipsoids-openmp","args":["1.dat","16.log","16.xoutput"],"id":27,"resource":"128","request_start":1576534423769,"request_end":1576534462321,"request_duration":38552,"type":"128"}
{"start":1576534424097,"end":1576534462314,"duration":38217,"downloading_duration":1499,"execution_duration":36020,"uploading_duration":698,"executable":"ellipsoids-openmp","args":["1.dat","14.log","14.xoutput"],"id":25,"resource":"128","request_start":1576534423765,"request_end":1576534462333,"request_duration":38568,"type":"128"}
{"start":1576534424095,"end":1576534462415,"duration":38320,"downloading_duration":1440,"execution_duration":36181,"uploading_duration":699,"executable":"ellipsoids-openmp","args":["1.dat","11.log","11.xoutput"],"id":22,"resource":"128","request_start":1576534423761,"request_end":1576534462433,"request_duration":38672,"type":"128"}
{"start":1576534424029,"end":1576534462524,"duration":38495,"downloading_duration":1589,"execution_duration":36240,"uploading_duration":666,"executable":"ellipsoids-openmp","args":["2.dat","27.log","27.xoutput"],"id":43,"resource":"128","request_start":1576534423683,"request_end":1576534462543,"request_duration":38860,"type":"128"}
{"start":1576534423869,"end":1576534462561,"duration":38692,"downloading_duration":1345,"execution_duration":36640,"uploading_duration":707,"executable":"ellipsoids-openmp","args":["0.dat","05.log","05.xoutput"],"id":11,"resource":"128","request_start":1576534423637,"request_end":1576534462584,"request_duration":38947,"type":"128"}
{"start":1576534423961,"end":1576534462594,"duration":38633,"downloading_duration":1391,"execution_duration":36301,"uploading_duration":941,"executable":"ellipsoids-openmp","args":["0.dat","01.log","01.xoutput"],"id":7,"resource":"128","request_start":1576534423664,"request_end":1576534462613,"request_duration":38949,"type":"128"}
{"start":1576534424028,"end":1576534462611,"duration":38583,"downloading_duration":1445,"execution_duration":36501,"uploading_duration":637,"executable":"ellipsoids-openmp","args":["2.dat","24.log","24.xoutput"],"id":40,"resource":"128","request_start":1576534423680,"request_end":1576534462630,"request_duration":38950,"type":"128"}
{"start":1576534424009,"end":1576534462663,"duration":38654,"downloading_duration":1354,"execution_duration":36581,"uploading_duration":719,"executable":"ellipsoids-openmp","args":["2.dat","21.log","21.xoutput"],"id":37,"resource":"128","request_start":1576534423677,"request_end":1576534462683,"request_duration":39006,"type":"128"}
{"start":1576534423867,"end":1576534462679,"duration":38812,"downloading_duration":1529,"execution_duration":36580,"uploading_duration":703,"executable":"ellipsoids-openmp","args":["0.dat","04.log","04.xoutput"],"id":10,"resource":"128","request_start":1576534423632,"request_end":1576534462698,"request_duration":39066,"type":"128"}
{"start":1576534424089,"end":1576534462741,"duration":38652,"downloading_duration":1495,"execution_duration":36500,"uploading_duration":657,"executable":"ellipsoids-openmp","args":["2.dat","28.log","28.xoutput"],"id":44,"resource":"128","request_start":1576534423683,"request_end":1576534462760,"request_duration":39077,"type":"128"}
{"start":1576534424105,"end":1576534462767,"duration":38662,"downloading_duration":1460,"execution_duration":36480,"uploading_duration":722,"executable":"ellipsoids-openmp","args":["2.dat","214.log","214.xoutput"],"id":50,"resource":"128","request_start":1576534423689,"request_end":1576534462788,"request_duration":39099,"type":"128"}
{"start":1576534423997,"end":1576534463049,"duration":39052,"downloading_duration":1434,"execution_duration":36961,"uploading_duration":657,"executable":"ellipsoids-openmp","args":["0.dat","03.log","03.xoutput"],"id":9,"resource":"128","request_start":1576534423668,"request_end":1576534463078,"request_duration":39410,"type":"128"}
{"start":1576534424090,"end":1576534463115,"duration":39025,"downloading_duration":1759,"execution_duration":36641,"uploading_duration":625,"executable":"ellipsoids-openmp","args":["2.dat","212.log","212.xoutput"],"id":48,"resource":"128","request_start":1576534423687,"request_end":1576534463191,"request_duration":39504,"type":"128"}
{"start":1576534424130,"end":1576534463125,"duration":38995,"downloading_duration":1381,"execution_duration":36861,"uploading_duration":753,"executable":"ellipsoids-openmp","args":["3.dat","32.log","32.xoutput"],"id":53,"resource":"128","request_start":1576534423790,"request_end":1576534463194,"request_duration":39404,"type":"128"}
{"start":1576534423960,"end":1576534463141,"duration":39181,"downloading_duration":1381,"execution_duration":37180,"uploading_duration":620,"executable":"ellipsoids-openmp","args":["0.dat","014.log","014.xoutput"],"id":20,"resource":"128","request_start":1576534423662,"request_end":1576534463195,"request_duration":39533,"type":"128"}
{"start":1576534424082,"end":1576534463220,"duration":39138,"downloading_duration":1401,"execution_duration":37040,"uploading_duration":697,"executable":"ellipsoids-openmp","args":["2.dat","25.log","25.xoutput"],"id":41,"resource":"128","request_start":1576534423681,"request_end":1576534463248,"request_duration":39567,"type":"128"}
{"start":1576534424015,"end":1576534463232,"duration":39217,"downloading_duration":1508,"execution_duration":36981,"uploading_duration":728,"executable":"ellipsoids-openmp","args":["2.dat","26.log","26.xoutput"],"id":42,"resource":"128","request_start":1576534423682,"request_end":1576534463254,"request_duration":39572,"type":"128"}
{"start":1576534424028,"end":1576534463303,"duration":39275,"downloading_duration":1358,"execution_duration":37181,"uploading_duration":736,"executable":"ellipsoids-openmp","args":["2.dat","23.log","23.xoutput"],"id":39,"resource":"128","request_start":1576534423679,"request_end":1576534463321,"request_duration":39642,"type":"128"}
{"start":1576534423869,"end":1576534463311,"duration":39442,"downloading_duration":1344,"execution_duration":37401,"uploading_duration":697,"executable":"ellipsoids-openmp","args":["0.dat","010.log","010.xoutput"],"id":16,"resource":"128","request_start":1576534423650,"request_end":1576534463330,"request_duration":39680,"type":"128"}
{"start":1576534424080,"end":1576534463338,"duration":39258,"downloading_duration":1381,"execution_duration":37122,"uploading_duration":755,"executable":"ellipsoids-openmp","args":["2.dat","210.log","210.xoutput"],"id":46,"resource":"128","request_start":1576534423685,"request_end":1576534463357,"request_duration":39672,"type":"128"}
{"start":1576534423961,"end":1576534463486,"duration":39525,"downloading_duration":1432,"execution_duration":37440,"uploading_duration":653,"executable":"ellipsoids-openmp","args":["0.dat","00.log","00.xoutput"],"id":6,"resource":"128","request_start":1576534423663,"request_end":1576534463508,"request_duration":39845,"type":"128"}
{"start":1576534424089,"end":1576534463760,"duration":39671,"downloading_duration":1396,"execution_duration":37620,"uploading_duration":655,"executable":"ellipsoids-openmp","args":["2.dat","211.log","211.xoutput"],"id":47,"resource":"128","request_start":1576534423686,"request_end":1576534463777,"request_duration":40091,"type":"128"}
{"start":1576534424013,"end":1576534463983,"duration":39970,"downloading_duration":1404,"execution_duration":37861,"uploading_duration":705,"executable":"ellipsoids-openmp","args":["2.dat","22.log","22.xoutput"],"id":38,"resource":"128","request_start":1576534423678,"request_end":1576534464003,"request_duration":40325,"type":"128"}
{"start":1576534423868,"end":1576534464061,"duration":40193,"downloading_duration":1508,"execution_duration":37900,"uploading_duration":785,"executable":"ellipsoids-openmp","args":["0.dat","09.log","09.xoutput"],"id":15,"resource":"128","request_start":1576534423648,"request_end":1576534464080,"request_duration":40432,"type":"128"}
{"start":1576534423958,"end":1576534464074,"duration":40116,"downloading_duration":1470,"execution_duration":37980,"uploading_duration":666,"executable":"ellipsoids-openmp","args":["0.dat","013.log","013.xoutput"],"id":19,"resource":"128","request_start":1576534423655,"request_end":1576534464093,"request_duration":40438,"type":"128"}
{"start":1576534424089,"end":1576534464334,"duration":40245,"downloading_duration":1403,"execution_duration":38081,"uploading_duration":761,"executable":"ellipsoids-openmp","args":["2.dat","29.log","29.xoutput"],"id":45,"resource":"128","request_start":1576534423684,"request_end":1576534464353,"request_duration":40669,"type":"128"}
{"start":1576534424090,"end":1576534464418,"duration":40328,"downloading_duration":1635,"execution_duration":38060,"uploading_duration":633,"executable":"ellipsoids-openmp","args":["2.dat","213.log","213.xoutput"],"id":49,"resource":"128","request_start":1576534423688,"request_end":1576534464437,"request_duration":40749,"type":"128"}
{"start":1576534424014,"end":1576534464798,"duration":40784,"downloading_duration":1623,"execution_duration":38400,"uploading_duration":761,"executable":"ellipsoids-openmp","args":["2.dat","20.log","20.xoutput"],"id":36,"resource":"128","request_start":1576534423677,"request_end":1576534464848,"request_duration":41171,"type":"128"}
{"start":1576534462550,"end":1576534464924,"duration":2374,"downloading_duration":1888,"execution_duration":41,"uploading_duration":445,"executable":"mean-pack-ell","args":["10.xoutput","11.xoutput","12.xoutput","13.xoutput","14.xoutput","15.xoutput","16.xoutput","17.xoutput","18.xoutput","19.xoutput","110.xoutput","111.xoutput","112.xoutput","113.xoutput","114.xoutput","average_1.txt"],"id":67,"resource":"128","request_start":1576534462443,"request_end":1576534465092,"request_duration":2649,"type":"128"}
{"start":1576534464209,"end":1576534466648,"duration":2439,"downloading_duration":1839,"execution_duration":21,"uploading_duration":579,"executable":"mean-pack-ell","args":["00.xoutput","01.xoutput","02.xoutput","03.xoutput","04.xoutput","05.xoutput","06.xoutput","07.xoutput","08.xoutput","09.xoutput","010.xoutput","011.xoutput","012.xoutput","013.xoutput","014.xoutput","average_0.txt"],"id":66,"resource":"128","request_start":1576534464102,"request_end":1576534466668,"request_duration":2566,"type":"128"}
{"start":1576534464963,"end":1576534467752,"duration":2789,"downloading_duration":2275,"execution_duration":41,"uploading_duration":473,"executable":"mean-pack-ell","args":["20.xoutput","21.xoutput","22.xoutput","23.xoutput","24.xoutput","25.xoutput","26.xoutput","27.xoutput","28.xoutput","29.xoutput","210.xoutput","211.xoutput","212.xoutput","213.xoutput","214.xoutput","average_2.txt"],"id":68,"resource":"128","request_start":1576534464852,"request_end":1576534467772,"request_duration":2920,"type":"128"}
{"start":1576534454612,"end":1576534485598,"duration":30986,"downloading_duration":1534,"execution_duration":28761,"uploading_duration":691,"executable":"ellipsoids-openmp","args":["3.dat","36.log","36.xoutput"],"id":57,"resource":"128","request_start":1576534423793,"request_end":1576534485619,"request_duration":61826,"type":"128"}
{"start":1576534454808,"end":1576534486075,"duration":31267,"downloading_duration":1376,"execution_duration":29181,"uploading_duration":710,"executable":"ellipsoids-openmp","args":["3.dat","37.log","37.xoutput"],"id":58,"resource":"128","request_start":1576534423794,"request_end":1576534486093,"request_duration":62299,"type":"128"}
{"start":1576534454084,"end":1576534486495,"duration":32411,"downloading_duration":1332,"execution_duration":30440,"uploading_duration":639,"executable":"ellipsoids-openmp","args":["3.dat","35.log","35.xoutput"],"id":56,"resource":"128","request_start":1576534423793,"request_end":1576534486517,"request_duration":62724,"type":"128"}
{"start":1576534460930,"end":1576534497144,"duration":36214,"downloading_duration":1429,"execution_duration":34141,"uploading_duration":644,"executable":"ellipsoids-openmp","args":["3.dat","39.log","39.xoutput"],"id":60,"resource":"128","request_start":1576534423795,"request_end":1576534497287,"request_duration":73492,"type":"128"}
{"start":1576534460968,"end":1576534497157,"duration":36189,"downloading_duration":1731,"execution_duration":33821,"uploading_duration":637,"executable":"ellipsoids-openmp","args":["3.dat","310.log","310.xoutput"],"id":61,"resource":"128","request_start":1576534423796,"request_end":1576534497289,"request_duration":73493,"type":"128"}
{"start":1576534461413,"end":1576534498505,"duration":37092,"downloading_duration":1380,"execution_duration":34720,"uploading_duration":992,"executable":"ellipsoids-openmp","args":["3.dat","313.log","313.xoutput"],"id":64,"resource":"128","request_start":1576534423797,"request_end":1576534498524,"request_duration":74727,"type":"128"}
{"start":1576534460519,"end":1576534498563,"duration":38044,"downloading_duration":1338,"execution_duration":36041,"uploading_duration":665,"executable":"ellipsoids-openmp","args":["3.dat","38.log","38.xoutput"],"id":59,"resource":"128","request_start":1576534423795,"request_end":1576534498582,"request_duration":74787,"type":"128"}
{"start":1576534461056,"end":1576534498700,"duration":37644,"downloading_duration":1438,"execution_duration":35481,"uploading_duration":725,"executable":"ellipsoids-openmp","args":["3.dat","311.log","311.xoutput"],"id":62,"resource":"128","request_start":1576534423796,"request_end":1576534498720,"request_duration":74924,"type":"128"}
{"start":1576534461323,"end":1576534498787,"duration":37464,"downloading_duration":1488,"execution_duration":35221,"uploading_duration":755,"executable":"ellipsoids-openmp","args":["3.dat","312.log","312.xoutput"],"id":63,"resource":"128","request_start":1576534423797,"request_end":1576534498807,"request_duration":75010,"type":"128"}
{"start":1576534461438,"end":1576534499136,"duration":37698,"downloading_duration":1374,"execution_duration":35520,"uploading_duration":804,"executable":"ellipsoids-openmp","args":["3.dat","314.log","314.xoutput"],"id":65,"resource":"128","request_start":1576534423834,"request_end":1576534499228,"request_duration":75394,"type":"128"}
{"start":1576534499487,"end":1576534502093,"duration":2606,"downloading_duration":2106,"execution_duration":40,"uploading_duration":460,"executable":"mean-pack-ell","args":["30.xoutput","31.xoutput","32.xoutput","33.xoutput","34.xoutput","35.xoutput","36.xoutput","37.xoutput","38.xoutput","39.xoutput","310.xoutput","311.xoutput","312.xoutput","313.xoutput","314.xoutput","average_3.txt"],"id":69,"resource":"128","request_start":1576534499239,"request_end":1576534502113,"request_duration":2874,"type":"128"}
{"start":1576534502277,"end":1576534504788,"duration":2511,"downloading_duration":1015,"execution_duration":1041,"uploading_duration":455,"executable":"summary.js","args":[],"id":70,"resource":"128","request_start":1576534502118,"request_end":1576534504807,"request_duration":2689,"type":"128"}
