{"start":1576624266979,"end":1576624267825,"duration":846,"downloading_duration":394,"execution_duration":63,"uploading_duration":389,"executable":"generateData.js","args":[],"id":1,"resource":"2048","request_start":1576624266813,"request_end":1576624267859,"request_duration":1046,"type":"2048"}
{"start":1576624267977,"end":1576624268821,"duration":844,"downloading_duration":382,"execution_duration":62,"uploading_duration":400,"executable":"createDat.js","args":["0.dat"],"id":2,"resource":"2048","request_start":1576624267873,"request_end":1576624268840,"request_duration":967,"type":"2048"}
{"start":1576624268005,"end":1576624268826,"duration":821,"downloading_duration":375,"execution_duration":62,"uploading_duration":384,"executable":"createDat.js","args":["2.dat"],"id":4,"resource":"2048","request_start":1576624267882,"request_end":1576624268844,"request_duration":962,"type":"2048"}
{"start":1576624267996,"end":1576624268829,"duration":833,"downloading_duration":383,"execution_duration":64,"uploading_duration":386,"executable":"createDat.js","args":["3.dat"],"id":5,"resource":"2048","request_start":1576624267885,"request_end":1576624268852,"request_duration":967,"type":"2048"}
{"start":1576624268005,"end":1576624268869,"duration":864,"downloading_duration":390,"execution_duration":62,"uploading_duration":412,"executable":"createDat.js","args":["1.dat"],"id":3,"resource":"2048","request_start":1576624267878,"request_end":1576624268895,"request_duration":1017,"type":"2048"}
{"start":1576624269223,"end":1576624273016,"duration":3793,"downloading_duration":993,"execution_duration":2202,"uploading_duration":598,"executable":"ellipsoids-openmp","args":["0.dat","06.log","06.xoutput"],"id":12,"resource":"2048","request_start":1576624268901,"request_end":1576624273039,"request_duration":4138,"type":"2048"}
{"start":1576624269223,"end":1576624273048,"duration":3825,"downloading_duration":1064,"execution_duration":2182,"uploading_duration":579,"executable":"ellipsoids-openmp","args":["0.dat","07.log","07.xoutput"],"id":13,"resource":"2048","request_start":1576624268902,"request_end":1576624273074,"request_duration":4172,"type":"2048"}
{"start":1576624269224,"end":1576624273055,"duration":3831,"downloading_duration":994,"execution_duration":2246,"uploading_duration":591,"executable":"ellipsoids-openmp","args":["0.dat","05.log","05.xoutput"],"id":11,"resource":"2048","request_start":1576624268900,"request_end":1576624273078,"request_duration":4178,"type":"2048"}
{"start":1576624269223,"end":1576624273059,"duration":3836,"downloading_duration":1075,"execution_duration":2198,"uploading_duration":563,"executable":"ellipsoids-openmp","args":["0.dat","04.log","04.xoutput"],"id":10,"resource":"2048","request_start":1576624268899,"request_end":1576624273081,"request_duration":4182,"type":"2048"}
{"start":1576624269342,"end":1576624273059,"duration":3717,"downloading_duration":1004,"execution_duration":2132,"uploading_duration":581,"executable":"ellipsoids-openmp","args":["0.dat","014.log","014.xoutput"],"id":20,"resource":"2048","request_start":1576624268912,"request_end":1576624273085,"request_duration":4173,"type":"2048"}
{"start":1576624269339,"end":1576624273066,"duration":3727,"downloading_duration":1005,"execution_duration":2152,"uploading_duration":570,"executable":"ellipsoids-openmp","args":["0.dat","013.log","013.xoutput"],"id":19,"resource":"2048","request_start":1576624268911,"request_end":1576624273091,"request_duration":4180,"type":"2048"}
{"start":1576624269279,"end":1576624273071,"duration":3792,"downloading_duration":989,"execution_duration":2194,"uploading_duration":609,"executable":"ellipsoids-openmp","args":["0.dat","010.log","010.xoutput"],"id":16,"resource":"2048","request_start":1576624268908,"request_end":1576624273097,"request_duration":4189,"type":"2048"}
{"start":1576624269354,"end":1576624273071,"duration":3717,"downloading_duration":991,"execution_duration":2155,"uploading_duration":571,"executable":"ellipsoids-openmp","args":["0.dat","035.log","035.xoutput"],"id":41,"resource":"2048","request_start":1576624268932,"request_end":1576624273098,"request_duration":4166,"type":"2048"}
{"start":1576624269277,"end":1576624273083,"duration":3806,"downloading_duration":1024,"execution_duration":2167,"uploading_duration":615,"executable":"ellipsoids-openmp","args":["0.dat","012.log","012.xoutput"],"id":18,"resource":"2048","request_start":1576624268910,"request_end":1576624273104,"request_duration":4194,"type":"2048"}
{"start":1576624269277,"end":1576624273090,"duration":3813,"downloading_duration":1036,"execution_duration":2174,"uploading_duration":603,"executable":"ellipsoids-openmp","args":["0.dat","08.log","08.xoutput"],"id":14,"resource":"2048","request_start":1576624268903,"request_end":1576624273112,"request_duration":4209,"type":"2048"}
{"start":1576624269345,"end":1576624273095,"duration":3750,"downloading_duration":1031,"execution_duration":2140,"uploading_duration":579,"executable":"ellipsoids-openmp","args":["0.dat","023.log","023.xoutput"],"id":29,"resource":"2048","request_start":1576624268920,"request_end":1576624273114,"request_duration":4194,"type":"2048"}
{"start":1576624269277,"end":1576624273097,"duration":3820,"downloading_duration":1013,"execution_duration":2147,"uploading_duration":660,"executable":"ellipsoids-openmp","args":["0.dat","011.log","011.xoutput"],"id":17,"resource":"2048","request_start":1576624268909,"request_end":1576624273120,"request_duration":4211,"type":"2048"}
{"start":1576624269360,"end":1576624273116,"duration":3756,"downloading_duration":1008,"execution_duration":2126,"uploading_duration":622,"executable":"ellipsoids-openmp","args":["0.dat","041.log","041.xoutput"],"id":47,"resource":"2048","request_start":1576624268938,"request_end":1576624273136,"request_duration":4198,"type":"2048"}
{"start":1576624269357,"end":1576624273123,"duration":3766,"downloading_duration":991,"execution_duration":2210,"uploading_duration":565,"executable":"ellipsoids-openmp","args":["0.dat","038.log","038.xoutput"],"id":44,"resource":"2048","request_start":1576624268934,"request_end":1576624273142,"request_duration":4208,"type":"2048"}
{"start":1576624269350,"end":1576624273123,"duration":3773,"downloading_duration":1023,"execution_duration":2128,"uploading_duration":622,"executable":"ellipsoids-openmp","args":["0.dat","030.log","030.xoutput"],"id":36,"resource":"2048","request_start":1576624268926,"request_end":1576624273146,"request_duration":4220,"type":"2048"}
{"start":1576624269279,"end":1576624273144,"duration":3865,"downloading_duration":979,"execution_duration":2273,"uploading_duration":613,"executable":"ellipsoids-openmp","args":["0.dat","09.log","09.xoutput"],"id":15,"resource":"2048","request_start":1576624268904,"request_end":1576624273164,"request_duration":4260,"type":"2048"}
{"start":1576624269410,"end":1576624273151,"duration":3741,"downloading_duration":1001,"execution_duration":2185,"uploading_duration":555,"executable":"ellipsoids-openmp","args":["0.dat","02.log","02.xoutput"],"id":8,"resource":"2048","request_start":1576624268943,"request_end":1576624273169,"request_duration":4226,"type":"2048"}
{"start":1576624269342,"end":1576624273154,"duration":3812,"downloading_duration":1005,"execution_duration":2202,"uploading_duration":605,"executable":"ellipsoids-openmp","args":["0.dat","019.log","019.xoutput"],"id":25,"resource":"2048","request_start":1576624268916,"request_end":1576624273176,"request_duration":4260,"type":"2048"}
{"start":1576624269415,"end":1576624273159,"duration":3744,"downloading_duration":989,"execution_duration":2174,"uploading_duration":581,"executable":"ellipsoids-openmp","args":["0.dat","03.log","03.xoutput"],"id":9,"resource":"2048","request_start":1576624268944,"request_end":1576624273180,"request_duration":4236,"type":"2048"}
{"start":1576624269361,"end":1576624273163,"duration":3802,"downloading_duration":1033,"execution_duration":2172,"uploading_duration":597,"executable":"ellipsoids-openmp","args":["0.dat","036.log","036.xoutput"],"id":42,"resource":"2048","request_start":1576624268933,"request_end":1576624273189,"request_duration":4256,"type":"2048"}
{"start":1576624269346,"end":1576624273182,"duration":3836,"downloading_duration":992,"execution_duration":2222,"uploading_duration":622,"executable":"ellipsoids-openmp","args":["0.dat","025.log","025.xoutput"],"id":31,"resource":"2048","request_start":1576624268922,"request_end":1576624273203,"request_duration":4281,"type":"2048"}
{"start":1576624269348,"end":1576624273189,"duration":3841,"downloading_duration":1078,"execution_duration":2151,"uploading_duration":612,"executable":"ellipsoids-openmp","args":["0.dat","026.log","026.xoutput"],"id":32,"resource":"2048","request_start":1576624268923,"request_end":1576624273210,"request_duration":4287,"type":"2048"}
{"start":1576624269403,"end":1576624273191,"duration":3788,"downloading_duration":1128,"execution_duration":2082,"uploading_duration":578,"executable":"ellipsoids-openmp","args":["0.dat","039.log","039.xoutput"],"id":45,"resource":"2048","request_start":1576624268936,"request_end":1576624273213,"request_duration":4277,"type":"2048"}
{"start":1576624269343,"end":1576624273194,"duration":3851,"downloading_duration":1028,"execution_duration":2217,"uploading_duration":606,"executable":"ellipsoids-openmp","args":["0.dat","020.log","020.xoutput"],"id":26,"resource":"2048","request_start":1576624268917,"request_end":1576624273221,"request_duration":4304,"type":"2048"}
{"start":1576624269356,"end":1576624273203,"duration":3847,"downloading_duration":1036,"execution_duration":2193,"uploading_duration":618,"executable":"ellipsoids-openmp","args":["0.dat","033.log","033.xoutput"],"id":39,"resource":"2048","request_start":1576624268929,"request_end":1576624273225,"request_duration":4296,"type":"2048"}
{"start":1576624269351,"end":1576624273205,"duration":3854,"downloading_duration":1041,"execution_duration":2203,"uploading_duration":610,"executable":"ellipsoids-openmp","args":["0.dat","031.log","031.xoutput"],"id":37,"resource":"2048","request_start":1576624268927,"request_end":1576624273228,"request_duration":4301,"type":"2048"}
{"start":1576624269408,"end":1576624273212,"duration":3804,"downloading_duration":989,"execution_duration":2214,"uploading_duration":601,"executable":"ellipsoids-openmp","args":["0.dat","01.log","01.xoutput"],"id":7,"resource":"2048","request_start":1576624268942,"request_end":1576624273233,"request_duration":4291,"type":"2048"}
{"start":1576624269353,"end":1576624273218,"duration":3865,"downloading_duration":987,"execution_duration":2165,"uploading_duration":713,"executable":"ellipsoids-openmp","args":["0.dat","028.log","028.xoutput"],"id":34,"resource":"2048","request_start":1576624268925,"request_end":1576624273240,"request_duration":4315,"type":"2048"}
{"start":1576624269281,"end":1576624273222,"duration":3941,"downloading_duration":986,"execution_duration":2201,"uploading_duration":754,"executable":"ellipsoids-openmp","args":["0.dat","016.log","016.xoutput"],"id":22,"resource":"2048","request_start":1576624268914,"request_end":1576624273246,"request_duration":4332,"type":"2048"}
{"start":1576624269350,"end":1576624273226,"duration":3876,"downloading_duration":1070,"execution_duration":2246,"uploading_duration":560,"executable":"ellipsoids-openmp","args":["0.dat","029.log","029.xoutput"],"id":35,"resource":"2048","request_start":1576624268925,"request_end":1576624273248,"request_duration":4323,"type":"2048"}
{"start":1576624269349,"end":1576624273226,"duration":3877,"downloading_duration":991,"execution_duration":2312,"uploading_duration":574,"executable":"ellipsoids-openmp","args":["0.dat","022.log","022.xoutput"],"id":28,"resource":"2048","request_start":1576624268919,"request_end":1576624273254,"request_duration":4335,"type":"2048"}
{"start":1576624269344,"end":1576624273227,"duration":3883,"downloading_duration":1000,"execution_duration":2300,"uploading_duration":583,"executable":"ellipsoids-openmp","args":["0.dat","021.log","021.xoutput"],"id":27,"resource":"2048","request_start":1576624268918,"request_end":1576624273255,"request_duration":4337,"type":"2048"}
{"start":1576624269338,"end":1576624273228,"duration":3890,"downloading_duration":1082,"execution_duration":2222,"uploading_duration":586,"executable":"ellipsoids-openmp","args":["0.dat","015.log","015.xoutput"],"id":21,"resource":"2048","request_start":1576624268913,"request_end":1576624273257,"request_duration":4344,"type":"2048"}
{"start":1576624269350,"end":1576624273235,"duration":3885,"downloading_duration":1083,"execution_duration":2236,"uploading_duration":566,"executable":"ellipsoids-openmp","args":["0.dat","027.log","027.xoutput"],"id":33,"resource":"2048","request_start":1576624268924,"request_end":1576624273265,"request_duration":4341,"type":"2048"}
{"start":1576624269354,"end":1576624273242,"duration":3888,"downloading_duration":1068,"execution_duration":2196,"uploading_duration":624,"executable":"ellipsoids-openmp","args":["0.dat","034.log","034.xoutput"],"id":40,"resource":"2048","request_start":1576624268931,"request_end":1576624273272,"request_duration":4341,"type":"2048"}
{"start":1576624269344,"end":1576624273254,"duration":3910,"downloading_duration":1113,"execution_duration":2203,"uploading_duration":594,"executable":"ellipsoids-openmp","args":["0.dat","024.log","024.xoutput"],"id":30,"resource":"2048","request_start":1576624268921,"request_end":1576624273279,"request_duration":4358,"type":"2048"}
{"start":1576624269406,"end":1576624273263,"duration":3857,"downloading_duration":1004,"execution_duration":2239,"uploading_duration":614,"executable":"ellipsoids-openmp","args":["0.dat","00.log","00.xoutput"],"id":6,"resource":"2048","request_start":1576624268942,"request_end":1576624273283,"request_duration":4341,"type":"2048"}
{"start":1576624269381,"end":1576624273270,"duration":3889,"downloading_duration":1027,"execution_duration":2287,"uploading_duration":575,"executable":"ellipsoids-openmp","args":["0.dat","042.log","042.xoutput"],"id":48,"resource":"2048","request_start":1576624268939,"request_end":1576624273292,"request_duration":4353,"type":"2048"}
{"start":1576624269413,"end":1576624273275,"duration":3862,"downloading_duration":1082,"execution_duration":2194,"uploading_duration":586,"executable":"ellipsoids-openmp","args":["2.dat","25.log","25.xoutput"],"id":101,"resource":"2048","request_start":1576624268977,"request_end":1576624273298,"request_duration":4321,"type":"2048"}
{"start":1576624269408,"end":1576624273276,"duration":3868,"downloading_duration":988,"execution_duration":2221,"uploading_duration":659,"executable":"ellipsoids-openmp","args":["0.dat","044.log","044.xoutput"],"id":50,"resource":"2048","request_start":1576624268941,"request_end":1576624273301,"request_duration":4360,"type":"2048"}
{"start":1576624269339,"end":1576624273278,"duration":3939,"downloading_duration":1067,"execution_duration":2276,"uploading_duration":596,"executable":"ellipsoids-openmp","args":["0.dat","018.log","018.xoutput"],"id":24,"resource":"2048","request_start":1576624268915,"request_end":1576624273301,"request_duration":4386,"type":"2048"}
{"start":1576624269341,"end":1576624273283,"duration":3942,"downloading_duration":1085,"execution_duration":2239,"uploading_duration":618,"executable":"ellipsoids-openmp","args":["0.dat","017.log","017.xoutput"],"id":23,"resource":"2048","request_start":1576624268914,"request_end":1576624273313,"request_duration":4399,"type":"2048"}
{"start":1576624269360,"end":1576624273286,"duration":3926,"downloading_duration":1060,"execution_duration":2241,"uploading_duration":625,"executable":"ellipsoids-openmp","args":["0.dat","037.log","037.xoutput"],"id":43,"resource":"2048","request_start":1576624268933,"request_end":1576624273316,"request_duration":4383,"type":"2048"}
{"start":1576624269364,"end":1576624273301,"duration":3937,"downloading_duration":1098,"execution_duration":2229,"uploading_duration":610,"executable":"ellipsoids-openmp","args":["0.dat","043.log","043.xoutput"],"id":49,"resource":"2048","request_start":1576624268940,"request_end":1576624273323,"request_duration":4383,"type":"2048"}
{"start":1576624269364,"end":1576624273307,"duration":3943,"downloading_duration":1052,"execution_duration":2295,"uploading_duration":596,"executable":"ellipsoids-openmp","args":["0.dat","040.log","040.xoutput"],"id":46,"resource":"2048","request_start":1576624268937,"request_end":1576624273329,"request_duration":4392,"type":"2048"}
{"start":1576624269421,"end":1576624273323,"duration":3902,"downloading_duration":1092,"execution_duration":2227,"uploading_duration":583,"executable":"ellipsoids-openmp","args":["2.dat","27.log","27.xoutput"],"id":103,"resource":"2048","request_start":1576624268979,"request_end":1576624273345,"request_duration":4366,"type":"2048"}
{"start":1576624269415,"end":1576624273335,"duration":3920,"downloading_duration":1073,"execution_duration":2218,"uploading_duration":629,"executable":"ellipsoids-openmp","args":["2.dat","26.log","26.xoutput"],"id":102,"resource":"2048","request_start":1576624268978,"request_end":1576624273356,"request_duration":4378,"type":"2048"}
{"start":1576624269410,"end":1576624273352,"duration":3942,"downloading_duration":1067,"execution_duration":2299,"uploading_duration":576,"executable":"ellipsoids-openmp","args":["2.dat","24.log","24.xoutput"],"id":100,"resource":"2048","request_start":1576624268976,"request_end":1576624273431,"request_duration":4455,"type":"2048"}
{"start":1576624269416,"end":1576624273404,"duration":3988,"downloading_duration":1075,"execution_duration":2304,"uploading_duration":609,"executable":"ellipsoids-openmp","args":["2.dat","28.log","28.xoutput"],"id":104,"resource":"2048","request_start":1576624268979,"request_end":1576624273439,"request_duration":4460,"type":"2048"}
{"start":1576624269357,"end":1576624274713,"duration":5356,"downloading_duration":2571,"execution_duration":2175,"uploading_duration":610,"executable":"ellipsoids-openmp","args":["0.dat","032.log","032.xoutput"],"id":38,"resource":"2048","request_start":1576624268928,"request_end":1576624274732,"request_duration":5804,"type":"2048"}
{"start":1576624273100,"end":1576624276795,"duration":3695,"downloading_duration":985,"execution_duration":2149,"uploading_duration":561,"executable":"ellipsoids-openmp","args":["2.dat","210.log","210.xoutput"],"id":106,"resource":"2048","request_start":1576624268981,"request_end":1576624276817,"request_duration":7836,"type":"2048"}
{"start":1576624273066,"end":1576624276804,"duration":3738,"downloading_duration":1081,"execution_duration":2064,"uploading_duration":593,"executable":"ellipsoids-openmp","args":["2.dat","29.log","29.xoutput"],"id":105,"resource":"2048","request_start":1576624268980,"request_end":1576624276826,"request_duration":7846,"type":"2048"}
{"start":1576624273106,"end":1576624276824,"duration":3718,"downloading_duration":997,"execution_duration":2113,"uploading_duration":608,"executable":"ellipsoids-openmp","args":["2.dat","211.log","211.xoutput"],"id":107,"resource":"2048","request_start":1576624268981,"request_end":1576624276846,"request_duration":7865,"type":"2048"}
{"start":1576624273144,"end":1576624276868,"duration":3724,"downloading_duration":1009,"execution_duration":2145,"uploading_duration":570,"executable":"ellipsoids-openmp","args":["2.dat","219.log","219.xoutput"],"id":115,"resource":"2048","request_start":1576624268986,"request_end":1576624276892,"request_duration":7906,"type":"2048"}
{"start":1576624273111,"end":1576624276881,"duration":3770,"downloading_duration":1041,"execution_duration":2151,"uploading_duration":578,"executable":"ellipsoids-openmp","args":["2.dat","213.log","213.xoutput"],"id":109,"resource":"2048","request_start":1576624268982,"request_end":1576624276902,"request_duration":7920,"type":"2048"}
{"start":1576624273121,"end":1576624276886,"duration":3765,"downloading_duration":990,"execution_duration":2193,"uploading_duration":582,"executable":"ellipsoids-openmp","args":["2.dat","216.log","216.xoutput"],"id":112,"resource":"2048","request_start":1576624268984,"request_end":1576624276909,"request_duration":7925,"type":"2048"}
{"start":1576624273111,"end":1576624276894,"duration":3783,"downloading_duration":1044,"execution_duration":2156,"uploading_duration":583,"executable":"ellipsoids-openmp","args":["2.dat","212.log","212.xoutput"],"id":108,"resource":"2048","request_start":1576624268982,"request_end":1576624276914,"request_duration":7932,"type":"2048"}
{"start":1576624273129,"end":1576624276896,"duration":3767,"downloading_duration":988,"execution_duration":2215,"uploading_duration":564,"executable":"ellipsoids-openmp","args":["2.dat","217.log","217.xoutput"],"id":113,"resource":"2048","request_start":1576624268985,"request_end":1576624276917,"request_duration":7932,"type":"2048"}
{"start":1576624273197,"end":1576624276953,"duration":3756,"downloading_duration":1024,"execution_duration":2151,"uploading_duration":581,"executable":"ellipsoids-openmp","args":["2.dat","225.log","225.xoutput"],"id":121,"resource":"2048","request_start":1576624268989,"request_end":1576624276974,"request_duration":7985,"type":"2048"}
{"start":1576624273137,"end":1576624276966,"duration":3829,"downloading_duration":1066,"execution_duration":2149,"uploading_duration":614,"executable":"ellipsoids-openmp","args":["2.dat","218.log","218.xoutput"],"id":114,"resource":"2048","request_start":1576624268985,"request_end":1576624276989,"request_duration":8004,"type":"2048"}
{"start":1576624273118,"end":1576624276964,"duration":3846,"downloading_duration":1032,"execution_duration":2239,"uploading_duration":575,"executable":"ellipsoids-openmp","args":["2.dat","214.log","214.xoutput"],"id":110,"resource":"2048","request_start":1576624268983,"request_end":1576624276992,"request_duration":8009,"type":"2048"}
{"start":1576624273173,"end":1576624276968,"duration":3795,"downloading_duration":994,"execution_duration":2192,"uploading_duration":609,"executable":"ellipsoids-openmp","args":["2.dat","223.log","223.xoutput"],"id":119,"resource":"2048","request_start":1576624268988,"request_end":1576624276993,"request_duration":8005,"type":"2048"}
{"start":1576624273162,"end":1576624276971,"duration":3809,"downloading_duration":991,"execution_duration":2215,"uploading_duration":603,"executable":"ellipsoids-openmp","args":["2.dat","221.log","221.xoutput"],"id":117,"resource":"2048","request_start":1576624268987,"request_end":1576624276995,"request_duration":8008,"type":"2048"}
{"start":1576624273254,"end":1576624276975,"duration":3721,"downloading_duration":987,"execution_duration":2132,"uploading_duration":602,"executable":"ellipsoids-openmp","args":["2.dat","234.log","234.xoutput"],"id":130,"resource":"2048","request_start":1576624268994,"request_end":1576624276999,"request_duration":8005,"type":"2048"}
{"start":1576624273277,"end":1576624276990,"duration":3713,"downloading_duration":989,"execution_duration":2150,"uploading_duration":574,"executable":"ellipsoids-openmp","args":["2.dat","238.log","238.xoutput"],"id":134,"resource":"2048","request_start":1576624268996,"request_end":1576624277007,"request_duration":8011,"type":"2048"}
{"start":1576624273282,"end":1576624276999,"duration":3717,"downloading_duration":1005,"execution_duration":2150,"uploading_duration":562,"executable":"ellipsoids-openmp","args":["2.dat","241.log","241.xoutput"],"id":137,"resource":"2048","request_start":1576624268998,"request_end":1576624277021,"request_duration":8023,"type":"2048"}
{"start":1576624273148,"end":1576624277002,"duration":3854,"downloading_duration":1071,"execution_duration":2194,"uploading_duration":589,"executable":"ellipsoids-openmp","args":["2.dat","220.log","220.xoutput"],"id":116,"resource":"2048","request_start":1576624268986,"request_end":1576624277023,"request_duration":8037,"type":"2048"}
{"start":1576624273344,"end":1576624277006,"duration":3662,"downloading_duration":993,"execution_duration":2075,"uploading_duration":594,"executable":"ellipsoids-openmp","args":["3.dat","32.log","32.xoutput"],"id":143,"resource":"2048","request_start":1576624269038,"request_end":1576624277028,"request_duration":7990,"type":"2048"}
{"start":1576624273215,"end":1576624277009,"duration":3794,"downloading_duration":996,"execution_duration":2219,"uploading_duration":579,"executable":"ellipsoids-openmp","args":["2.dat","228.log","228.xoutput"],"id":124,"resource":"2048","request_start":1576624268991,"request_end":1576624277031,"request_duration":8040,"type":"2048"}
{"start":1576624273122,"end":1576624277018,"duration":3896,"downloading_duration":998,"execution_duration":2212,"uploading_duration":686,"executable":"ellipsoids-openmp","args":["2.dat","215.log","215.xoutput"],"id":111,"resource":"2048","request_start":1576624268983,"request_end":1576624277039,"request_duration":8056,"type":"2048"}
{"start":1576624273265,"end":1576624277020,"duration":3755,"downloading_duration":983,"execution_duration":2224,"uploading_duration":548,"executable":"ellipsoids-openmp","args":["2.dat","236.log","236.xoutput"],"id":132,"resource":"2048","request_start":1576624268995,"request_end":1576624277042,"request_duration":8047,"type":"2048"}
{"start":1576624273244,"end":1576624277021,"duration":3777,"downloading_duration":992,"execution_duration":2202,"uploading_duration":583,"executable":"ellipsoids-openmp","args":["2.dat","231.log","231.xoutput"],"id":127,"resource":"2048","request_start":1576624268992,"request_end":1576624277044,"request_duration":8052,"type":"2048"}
{"start":1576624273331,"end":1576624277022,"duration":3691,"downloading_duration":988,"execution_duration":2150,"uploading_duration":553,"executable":"ellipsoids-openmp","args":["3.dat","30.log","30.xoutput"],"id":141,"resource":"2048","request_start":1576624269037,"request_end":1576624277047,"request_duration":8010,"type":"2048"}
{"start":1576624273188,"end":1576624277030,"duration":3842,"downloading_duration":995,"execution_duration":2201,"uploading_duration":646,"executable":"ellipsoids-openmp","args":["2.dat","224.log","224.xoutput"],"id":120,"resource":"2048","request_start":1576624268989,"request_end":1576624277054,"request_duration":8065,"type":"2048"}
{"start":1576624273204,"end":1576624277031,"duration":3827,"downloading_duration":976,"execution_duration":2221,"uploading_duration":630,"executable":"ellipsoids-openmp","args":["2.dat","226.log","226.xoutput"],"id":122,"resource":"2048","request_start":1576624268990,"request_end":1576624277055,"request_duration":8065,"type":"2048"}
{"start":1576624273334,"end":1576624277041,"duration":3707,"downloading_duration":987,"execution_duration":2135,"uploading_duration":585,"executable":"ellipsoids-openmp","args":["2.dat","23.log","23.xoutput"],"id":99,"resource":"2048","request_start":1576624269002,"request_end":1576624277062,"request_duration":8060,"type":"2048"}
{"start":1576624273169,"end":1576624277047,"duration":3878,"downloading_duration":1079,"execution_duration":2188,"uploading_duration":611,"executable":"ellipsoids-openmp","args":["2.dat","222.log","222.xoutput"],"id":118,"resource":"2048","request_start":1576624268988,"request_end":1576624277067,"request_duration":8079,"type":"2048"}
{"start":1576624273248,"end":1576624277068,"duration":3820,"downloading_duration":985,"execution_duration":2241,"uploading_duration":594,"executable":"ellipsoids-openmp","args":["2.dat","232.log","232.xoutput"],"id":128,"resource":"2048","request_start":1576624268993,"request_end":1576624277111,"request_duration":8118,"type":"2048"}
{"start":1576624273229,"end":1576624277073,"duration":3844,"downloading_duration":1062,"execution_duration":2191,"uploading_duration":591,"executable":"ellipsoids-openmp","args":["2.dat","229.log","229.xoutput"],"id":125,"resource":"2048","request_start":1576624268991,"request_end":1576624277116,"request_duration":8125,"type":"2048"}
{"start":1576624273262,"end":1576624277074,"duration":3812,"downloading_duration":996,"execution_duration":2216,"uploading_duration":600,"executable":"ellipsoids-openmp","args":["2.dat","235.log","235.xoutput"],"id":131,"resource":"2048","request_start":1576624268995,"request_end":1576624277119,"request_duration":8124,"type":"2048"}
{"start":1576624273272,"end":1576624277083,"duration":3811,"downloading_duration":1001,"execution_duration":2225,"uploading_duration":585,"executable":"ellipsoids-openmp","args":["2.dat","237.log","237.xoutput"],"id":133,"resource":"2048","request_start":1576624268996,"request_end":1576624277128,"request_duration":8132,"type":"2048"}
{"start":1576624273283,"end":1576624277086,"duration":3803,"downloading_duration":992,"execution_duration":2183,"uploading_duration":628,"executable":"ellipsoids-openmp","args":["2.dat","240.log","240.xoutput"],"id":136,"resource":"2048","request_start":1576624268997,"request_end":1576624277131,"request_duration":8134,"type":"2048"}
{"start":1576624273238,"end":1576624277093,"duration":3855,"downloading_duration":999,"execution_duration":2254,"uploading_duration":602,"executable":"ellipsoids-openmp","args":["2.dat","230.log","230.xoutput"],"id":126,"resource":"2048","request_start":1576624268992,"request_end":1576624277133,"request_duration":8141,"type":"2048"}
{"start":1576624273280,"end":1576624277097,"duration":3817,"downloading_duration":1049,"execution_duration":2209,"uploading_duration":559,"executable":"ellipsoids-openmp","args":["2.dat","239.log","239.xoutput"],"id":135,"resource":"2048","request_start":1576624268997,"request_end":1576624277136,"request_duration":8139,"type":"2048"}
{"start":1576624273357,"end":1576624277098,"duration":3741,"downloading_duration":1072,"execution_duration":2065,"uploading_duration":604,"executable":"ellipsoids-openmp","args":["3.dat","34.log","34.xoutput"],"id":145,"resource":"2048","request_start":1576624269039,"request_end":1576624277137,"request_duration":8098,"type":"2048"}
{"start":1576624273208,"end":1576624277109,"duration":3901,"downloading_duration":1077,"execution_duration":2232,"uploading_duration":592,"executable":"ellipsoids-openmp","args":["2.dat","227.log","227.xoutput"],"id":123,"resource":"2048","request_start":1576624268990,"request_end":1576624277146,"request_duration":8156,"type":"2048"}
{"start":1576624273318,"end":1576624277110,"duration":3792,"downloading_duration":995,"execution_duration":2193,"uploading_duration":604,"executable":"ellipsoids-openmp","args":["2.dat","20.log","20.xoutput"],"id":96,"resource":"2048","request_start":1576624269000,"request_end":1576624277147,"request_duration":8147,"type":"2048"}
{"start":1576624273320,"end":1576624277118,"duration":3798,"downloading_duration":1023,"execution_duration":2208,"uploading_duration":567,"executable":"ellipsoids-openmp","args":["2.dat","21.log","21.xoutput"],"id":97,"resource":"2048","request_start":1576624269001,"request_end":1576624277157,"request_duration":8156,"type":"2048"}
{"start":1576624273385,"end":1576624277127,"duration":3742,"downloading_duration":1034,"execution_duration":2149,"uploading_duration":559,"executable":"ellipsoids-openmp","args":["3.dat","36.log","36.xoutput"],"id":147,"resource":"2048","request_start":1576624269043,"request_end":1576624277159,"request_duration":8116,"type":"2048"}
{"start":1576624273338,"end":1576624277159,"duration":3821,"downloading_duration":1088,"execution_duration":2156,"uploading_duration":577,"executable":"ellipsoids-openmp","args":["3.dat","31.log","31.xoutput"],"id":142,"resource":"2048","request_start":1576624269038,"request_end":1576624277180,"request_duration":8142,"type":"2048"}
{"start":1576624273248,"end":1576624277163,"duration":3915,"downloading_duration":1080,"execution_duration":2242,"uploading_duration":593,"executable":"ellipsoids-openmp","args":["2.dat","233.log","233.xoutput"],"id":129,"resource":"2048","request_start":1576624268994,"request_end":1576624277184,"request_duration":8190,"type":"2048"}
{"start":1576624273293,"end":1576624277193,"duration":3900,"downloading_duration":1091,"execution_duration":2227,"uploading_duration":582,"executable":"ellipsoids-openmp","args":["2.dat","242.log","242.xoutput"],"id":138,"resource":"2048","request_start":1576624268999,"request_end":1576624277213,"request_duration":8214,"type":"2048"}
{"start":1576624273463,"end":1576624277195,"duration":3732,"downloading_duration":1029,"execution_duration":2115,"uploading_duration":588,"executable":"ellipsoids-openmp","args":["3.dat","37.log","37.xoutput"],"id":148,"resource":"2048","request_start":1576624269044,"request_end":1576624277215,"request_duration":8171,"type":"2048"}
{"start":1576624273469,"end":1576624277203,"duration":3734,"downloading_duration":993,"execution_duration":2146,"uploading_duration":595,"executable":"ellipsoids-openmp","args":["3.dat","38.log","38.xoutput"],"id":149,"resource":"2048","request_start":1576624269044,"request_end":1576624277223,"request_duration":8179,"type":"2048"}
{"start":1576624273308,"end":1576624277235,"duration":3927,"downloading_duration":1088,"execution_duration":2205,"uploading_duration":634,"executable":"ellipsoids-openmp","args":["2.dat","244.log","244.xoutput"],"id":140,"resource":"2048","request_start":1576624269000,"request_end":1576624277256,"request_duration":8256,"type":"2048"}
{"start":1576624273330,"end":1576624277238,"duration":3908,"downloading_duration":1071,"execution_duration":2207,"uploading_duration":630,"executable":"ellipsoids-openmp","args":["2.dat","22.log","22.xoutput"],"id":98,"resource":"2048","request_start":1576624269001,"request_end":1576624277260,"request_duration":8259,"type":"2048"}
{"start":1576624273406,"end":1576624277256,"duration":3850,"downloading_duration":1081,"execution_duration":2185,"uploading_duration":584,"executable":"ellipsoids-openmp","args":["3.dat","35.log","35.xoutput"],"id":146,"resource":"2048","request_start":1576624269043,"request_end":1576624277419,"request_duration":8376,"type":"2048"}
{"start":1576624273300,"end":1576624277321,"duration":4021,"downloading_duration":994,"execution_duration":2250,"uploading_duration":777,"executable":"ellipsoids-openmp","args":["2.dat","243.log","243.xoutput"],"id":139,"resource":"2048","request_start":1576624268999,"request_end":1576624277422,"request_duration":8423,"type":"2048"}
{"start":1576624273349,"end":1576624277413,"duration":4064,"downloading_duration":1351,"execution_duration":2116,"uploading_duration":597,"executable":"ellipsoids-openmp","args":["3.dat","33.log","33.xoutput"],"id":144,"resource":"2048","request_start":1576624269039,"request_end":1576624277439,"request_duration":8400,"type":"2048"}
{"start":1576624274768,"end":1576624278649,"duration":3881,"downloading_duration":1108,"execution_duration":2181,"uploading_duration":592,"executable":"ellipsoids-openmp","args":["3.dat","39.log","39.xoutput"],"id":150,"resource":"2048","request_start":1576624269045,"request_end":1576624278670,"request_duration":9625,"type":"2048"}
{"start":1576624276852,"end":1576624280494,"duration":3642,"downloading_duration":1016,"execution_duration":2059,"uploading_duration":567,"executable":"ellipsoids-openmp","args":["3.dat","311.log","311.xoutput"],"id":152,"resource":"2048","request_start":1576624269046,"request_end":1576624280514,"request_duration":11468,"type":"2048"}
{"start":1576624276842,"end":1576624280623,"duration":3781,"downloading_duration":997,"execution_duration":2191,"uploading_duration":593,"executable":"ellipsoids-openmp","args":["3.dat","310.log","310.xoutput"],"id":151,"resource":"2048","request_start":1576624269045,"request_end":1576624280643,"request_duration":11598,"type":"2048"}
{"start":1576624276867,"end":1576624280640,"duration":3773,"downloading_duration":1026,"execution_duration":2129,"uploading_duration":618,"executable":"ellipsoids-openmp","args":["3.dat","312.log","312.xoutput"],"id":153,"resource":"2048","request_start":1576624269046,"request_end":1576624280660,"request_duration":11614,"type":"2048"}
{"start":1576624277033,"end":1576624280648,"duration":3615,"downloading_duration":981,"execution_duration":2038,"uploading_duration":596,"executable":"ellipsoids-openmp","args":["3.dat","324.log","324.xoutput"],"id":165,"resource":"2048","request_start":1576624269053,"request_end":1576624280668,"request_duration":11615,"type":"2048"}
{"start":1576624277019,"end":1576624280669,"duration":3650,"downloading_duration":1050,"execution_duration":1997,"uploading_duration":603,"executable":"ellipsoids-openmp","args":["3.dat","321.log","321.xoutput"],"id":162,"resource":"2048","request_start":1576624269051,"request_end":1576624280689,"request_duration":11638,"type":"2048"}
{"start":1576624276941,"end":1576624280670,"duration":3729,"downloading_duration":1018,"execution_duration":2147,"uploading_duration":564,"executable":"ellipsoids-openmp","args":["3.dat","316.log","316.xoutput"],"id":157,"resource":"2048","request_start":1576624269048,"request_end":1576624280693,"request_duration":11645,"type":"2048"}
{"start":1576624277093,"end":1576624280680,"duration":3587,"downloading_duration":983,"execution_duration":2045,"uploading_duration":559,"executable":"ellipsoids-openmp","args":["3.dat","336.log","336.xoutput"],"id":177,"resource":"2048","request_start":1576624269059,"request_end":1576624280700,"request_duration":11641,"type":"2048"}
{"start":1576624277075,"end":1576624280684,"duration":3609,"downloading_duration":997,"execution_duration":2061,"uploading_duration":551,"executable":"ellipsoids-openmp","args":["3.dat","332.log","332.xoutput"],"id":173,"resource":"2048","request_start":1576624269057,"request_end":1576624280706,"request_duration":11649,"type":"2048"}
{"start":1576624277046,"end":1576624280691,"duration":3645,"downloading_duration":1071,"execution_duration":2000,"uploading_duration":574,"executable":"ellipsoids-openmp","args":["3.dat","325.log","325.xoutput"],"id":166,"resource":"2048","request_start":1576624269053,"request_end":1576624280714,"request_duration":11661,"type":"2048"}
{"start":1576624277086,"end":1576624280699,"duration":3613,"downloading_duration":989,"execution_duration":2045,"uploading_duration":579,"executable":"ellipsoids-openmp","args":["3.dat","335.log","335.xoutput"],"id":176,"resource":"2048","request_start":1576624269058,"request_end":1576624280722,"request_duration":11664,"type":"2048"}
{"start":1576624277024,"end":1576624280706,"duration":3682,"downloading_duration":1035,"execution_duration":2078,"uploading_duration":569,"executable":"ellipsoids-openmp","args":["3.dat","323.log","323.xoutput"],"id":164,"resource":"2048","request_start":1576624269052,"request_end":1576624280730,"request_duration":11678,"type":"2048"}
{"start":1576624277058,"end":1576624280715,"duration":3657,"downloading_duration":995,"execution_duration":2062,"uploading_duration":600,"executable":"ellipsoids-openmp","args":["3.dat","328.log","328.xoutput"],"id":169,"resource":"2048","request_start":1576624269055,"request_end":1576624280735,"request_duration":11680,"type":"2048"}
{"start":1576624277002,"end":1576624280722,"duration":3720,"downloading_duration":1082,"execution_duration":2070,"uploading_duration":568,"executable":"ellipsoids-openmp","args":["3.dat","318.log","318.xoutput"],"id":159,"resource":"2048","request_start":1576624269049,"request_end":1576624280743,"request_duration":11694,"type":"2048"}
{"start":1576624277018,"end":1576624280722,"duration":3704,"downloading_duration":1004,"execution_duration":2078,"uploading_duration":622,"executable":"ellipsoids-openmp","args":["3.dat","320.log","320.xoutput"],"id":161,"resource":"2048","request_start":1576624269050,"request_end":1576624280745,"request_duration":11695,"type":"2048"}
{"start":1576624277080,"end":1576624280728,"duration":3648,"downloading_duration":1027,"execution_duration":2034,"uploading_duration":587,"executable":"ellipsoids-openmp","args":["3.dat","334.log","334.xoutput"],"id":175,"resource":"2048","request_start":1576624269058,"request_end":1576624280754,"request_duration":11696,"type":"2048"}
{"start":1576624277161,"end":1576624280729,"duration":3568,"downloading_duration":990,"execution_duration":1980,"uploading_duration":598,"executable":"ellipsoids-openmp","args":["3.dat","341.log","341.xoutput"],"id":182,"resource":"2048","request_start":1576624269061,"request_end":1576624280755,"request_duration":11694,"type":"2048"}
{"start":1576624277054,"end":1576624280731,"duration":3677,"downloading_duration":1077,"execution_duration":1955,"uploading_duration":645,"executable":"ellipsoids-openmp","args":["3.dat","326.log","326.xoutput"],"id":167,"resource":"2048","request_start":1576624269054,"request_end":1576624280757,"request_duration":11703,"type":"2048"}
{"start":1576624276914,"end":1576624280731,"duration":3817,"downloading_duration":987,"execution_duration":2192,"uploading_duration":638,"executable":"ellipsoids-openmp","args":["3.dat","313.log","313.xoutput"],"id":154,"resource":"2048","request_start":1576624269047,"request_end":1576624280758,"request_duration":11711,"type":"2048"}
{"start":1576624276943,"end":1576624280736,"duration":3793,"downloading_duration":1031,"execution_duration":2166,"uploading_duration":596,"executable":"ellipsoids-openmp","args":["3.dat","315.log","315.xoutput"],"id":156,"resource":"2048","request_start":1576624269048,"request_end":1576624280766,"request_duration":11718,"type":"2048"}
{"start":1576624277141,"end":1576624280749,"duration":3608,"downloading_duration":994,"execution_duration":2056,"uploading_duration":558,"executable":"ellipsoids-openmp","args":["3.dat","338.log","338.xoutput"],"id":179,"resource":"2048","request_start":1576624269060,"request_end":1576624280773,"request_duration":11713,"type":"2048"}
{"start":1576624277068,"end":1576624280762,"duration":3694,"downloading_duration":997,"execution_duration":2043,"uploading_duration":654,"executable":"ellipsoids-openmp","args":["3.dat","329.log","329.xoutput"],"id":170,"resource":"2048","request_start":1576624269055,"request_end":1576624280780,"request_duration":11725,"type":"2048"}
{"start":1576624277205,"end":1576624280761,"duration":3556,"downloading_duration":1020,"execution_duration":1987,"uploading_duration":549,"executable":"ellipsoids-openmp","args":["1.dat","14.log","14.xoutput"],"id":55,"resource":"2048","request_start":1576624269083,"request_end":1576624280783,"request_duration":11700,"type":"2048"}
{"start":1576624277122,"end":1576624280778,"duration":3656,"downloading_duration":979,"execution_duration":2011,"uploading_duration":666,"executable":"ellipsoids-openmp","args":["3.dat","330.log","330.xoutput"],"id":171,"resource":"2048","request_start":1576624269056,"request_end":1576624280801,"request_duration":11745,"type":"2048"}
{"start":1576624277024,"end":1576624280784,"duration":3760,"downloading_duration":1078,"execution_duration":1976,"uploading_duration":706,"executable":"ellipsoids-openmp","args":["3.dat","322.log","322.xoutput"],"id":163,"resource":"2048","request_start":1576624269052,"request_end":1576624280806,"request_duration":11754,"type":"2048"}
{"start":1576624277075,"end":1576624280783,"duration":3708,"downloading_duration":1082,"execution_duration":2061,"uploading_duration":565,"executable":"ellipsoids-openmp","args":["3.dat","331.log","331.xoutput"],"id":172,"resource":"2048","request_start":1576624269056,"request_end":1576624280807,"request_duration":11751,"type":"2048"}
{"start":1576624277280,"end":1576624280815,"duration":3535,"downloading_duration":987,"execution_duration":1985,"uploading_duration":563,"executable":"ellipsoids-openmp","args":["1.dat","19.log","19.xoutput"],"id":60,"resource":"2048","request_start":1576624269085,"request_end":1576624280834,"request_duration":11749,"type":"2048"}
{"start":1576624277147,"end":1576624280819,"duration":3672,"downloading_duration":993,"execution_duration":2068,"uploading_duration":611,"executable":"ellipsoids-openmp","args":["3.dat","339.log","339.xoutput"],"id":180,"resource":"2048","request_start":1576624269060,"request_end":1576624280840,"request_duration":11780,"type":"2048"}
{"start":1576624277020,"end":1576624280825,"duration":3805,"downloading_duration":1137,"execution_duration":2077,"uploading_duration":591,"executable":"ellipsoids-openmp","args":["3.dat","319.log","319.xoutput"],"id":160,"resource":"2048","request_start":1576624269050,"request_end":1576624280849,"request_duration":11799,"type":"2048"}
{"start":1576624276948,"end":1576624280827,"duration":3879,"downloading_duration":994,"execution_duration":2118,"uploading_duration":767,"executable":"ellipsoids-openmp","args":["3.dat","317.log","317.xoutput"],"id":158,"resource":"2048","request_start":1576624269049,"request_end":1576624280851,"request_duration":11802,"type":"2048"}
{"start":1576624277057,"end":1576624280830,"duration":3773,"downloading_duration":1098,"execution_duration":2073,"uploading_duration":602,"executable":"ellipsoids-openmp","args":["3.dat","327.log","327.xoutput"],"id":168,"resource":"2048","request_start":1576624269054,"request_end":1576624280854,"request_duration":11800,"type":"2048"}
{"start":1576624277171,"end":1576624280832,"duration":3661,"downloading_duration":986,"execution_duration":2090,"uploading_duration":585,"executable":"ellipsoids-openmp","args":["1.dat","11.log","11.xoutput"],"id":52,"resource":"2048","request_start":1576624269081,"request_end":1576624280862,"request_duration":11781,"type":"2048"}
{"start":1576624277164,"end":1576624280841,"duration":3677,"downloading_duration":998,"execution_duration":2094,"uploading_duration":585,"executable":"ellipsoids-openmp","args":["3.dat","343.log","343.xoutput"],"id":184,"resource":"2048","request_start":1576624269062,"request_end":1576624280872,"request_duration":11810,"type":"2048"}
{"start":1576624277163,"end":1576624280841,"duration":3678,"downloading_duration":994,"execution_duration":2067,"uploading_duration":617,"executable":"ellipsoids-openmp","args":["3.dat","342.log","342.xoutput"],"id":183,"resource":"2048","request_start":1576624269062,"request_end":1576624280883,"request_duration":11821,"type":"2048"}
{"start":1576624277238,"end":1576624280868,"duration":3630,"downloading_duration":1036,"execution_duration":1997,"uploading_duration":597,"executable":"ellipsoids-openmp","args":["1.dat","16.log","16.xoutput"],"id":57,"resource":"2048","request_start":1576624269084,"request_end":1576624280891,"request_duration":11807,"type":"2048"}
{"start":1576624277173,"end":1576624280872,"duration":3699,"downloading_duration":990,"execution_duration":2083,"uploading_duration":626,"executable":"ellipsoids-openmp","args":["1.dat","10.log","10.xoutput"],"id":51,"resource":"2048","request_start":1576624269081,"request_end":1576624280893,"request_duration":11812,"type":"2048"}
{"start":1576624277245,"end":1576624280874,"duration":3629,"downloading_duration":998,"execution_duration":2087,"uploading_duration":544,"executable":"ellipsoids-openmp","args":["1.dat","17.log","17.xoutput"],"id":58,"resource":"2048","request_start":1576624269084,"request_end":1576624280902,"request_duration":11818,"type":"2048"}
{"start":1576624277157,"end":1576624280884,"duration":3727,"downloading_duration":1112,"execution_duration":2004,"uploading_duration":611,"executable":"ellipsoids-openmp","args":["3.dat","340.log","340.xoutput"],"id":181,"resource":"2048","request_start":1576624269061,"request_end":1576624280907,"request_duration":11846,"type":"2048"}
{"start":1576624277143,"end":1576624280895,"duration":3752,"downloading_duration":1087,"execution_duration":2087,"uploading_duration":578,"executable":"ellipsoids-openmp","args":["3.dat","337.log","337.xoutput"],"id":178,"resource":"2048","request_start":1576624269059,"request_end":1576624280914,"request_duration":11855,"type":"2048"}
{"start":1576624277219,"end":1576624280909,"duration":3690,"downloading_duration":1044,"execution_duration":2086,"uploading_duration":560,"executable":"ellipsoids-openmp","args":["1.dat","15.log","15.xoutput"],"id":56,"resource":"2048","request_start":1576624269083,"request_end":1576624280934,"request_duration":11851,"type":"2048"}
{"start":1576624277078,"end":1576624280933,"duration":3855,"downloading_duration":1119,"execution_duration":2062,"uploading_duration":674,"executable":"ellipsoids-openmp","args":["3.dat","333.log","333.xoutput"],"id":174,"resource":"2048","request_start":1576624269057,"request_end":1576624280952,"request_duration":11895,"type":"2048"}
{"start":1576624277187,"end":1576624280934,"duration":3747,"downloading_duration":1064,"execution_duration":2076,"uploading_duration":607,"executable":"ellipsoids-openmp","args":["1.dat","12.log","12.xoutput"],"id":53,"resource":"2048","request_start":1576624269082,"request_end":1576624280962,"request_duration":11880,"type":"2048"}
{"start":1576624277288,"end":1576624280962,"duration":3674,"downloading_duration":1005,"execution_duration":2100,"uploading_duration":569,"executable":"ellipsoids-openmp","args":["1.dat","110.log","110.xoutput"],"id":61,"resource":"2048","request_start":1576624269086,"request_end":1576624280982,"request_duration":11896,"type":"2048"}
{"start":1576624277251,"end":1576624280975,"duration":3724,"downloading_duration":985,"execution_duration":2138,"uploading_duration":601,"executable":"ellipsoids-openmp","args":["1.dat","18.log","18.xoutput"],"id":59,"resource":"2048","request_start":1576624269085,"request_end":1576624280995,"request_duration":11910,"type":"2048"}
{"start":1576624277198,"end":1576624280991,"duration":3793,"downloading_duration":1084,"execution_duration":2150,"uploading_duration":559,"executable":"ellipsoids-openmp","args":["1.dat","13.log","13.xoutput"],"id":54,"resource":"2048","request_start":1576624269082,"request_end":1576624281010,"request_duration":11928,"type":"2048"}
{"start":1576624277464,"end":1576624281014,"duration":3550,"downloading_duration":989,"execution_duration":2003,"uploading_duration":558,"executable":"ellipsoids-openmp","args":["1.dat","113.log","113.xoutput"],"id":64,"resource":"2048","request_start":1576624269087,"request_end":1576624281036,"request_duration":11949,"type":"2048"}
{"start":1576624277168,"end":1576624281060,"duration":3892,"downloading_duration":1135,"execution_duration":2100,"uploading_duration":657,"executable":"ellipsoids-openmp","args":["3.dat","344.log","344.xoutput"],"id":185,"resource":"2048","request_start":1576624269063,"request_end":1576624281079,"request_duration":12016,"type":"2048"}
{"start":1576624277452,"end":1576624281075,"duration":3623,"downloading_duration":1069,"execution_duration":1965,"uploading_duration":589,"executable":"ellipsoids-openmp","args":["1.dat","111.log","111.xoutput"],"id":62,"resource":"2048","request_start":1576624269086,"request_end":1576624281095,"request_duration":12009,"type":"2048"}
{"start":1576624277458,"end":1576624281296,"duration":3838,"downloading_duration":1086,"execution_duration":2076,"uploading_duration":676,"executable":"ellipsoids-openmp","args":["1.dat","112.log","112.xoutput"],"id":63,"resource":"2048","request_start":1576624269087,"request_end":1576624281318,"request_duration":12231,"type":"2048"}
{"start":1576624276928,"end":1576624281674,"duration":4746,"downloading_duration":2087,"execution_duration":2073,"uploading_duration":586,"executable":"ellipsoids-openmp","args":["3.dat","314.log","314.xoutput"],"id":155,"resource":"2048","request_start":1576624269047,"request_end":1576624281695,"request_duration":12648,"type":"2048"}
{"start":1576624280894,"end":1576624282385,"duration":1491,"downloading_duration":1110,"execution_duration":3,"uploading_duration":378,"executable":"mean-pack-ell","args":["00.xoutput","01.xoutput","02.xoutput","03.xoutput","04.xoutput","05.xoutput","06.xoutput","07.xoutput","08.xoutput","09.xoutput","010.xoutput","011.xoutput","012.xoutput","013.xoutput","014.xoutput","015.xoutput","016.xoutput","017.xoutput","018.xoutput","019.xoutput","020.xoutput","021.xoutput","022.xoutput","023.xoutput","024.xoutput","025.xoutput","026.xoutput","027.xoutput","028.xoutput","029.xoutput","030.xoutput","031.xoutput","032.xoutput","033.xoutput","034.xoutput","035.xoutput","036.xoutput","037.xoutput","038.xoutput","039.xoutput","040.xoutput","041.xoutput","042.xoutput","043.xoutput","044.xoutput","average_0.txt"],"id":186,"resource":"2048","request_start":1576624274743,"request_end":1576624282405,"request_duration":7662,"type":"2048"}
{"start":1576624278698,"end":1576624282435,"duration":3737,"downloading_duration":1028,"execution_duration":2072,"uploading_duration":637,"executable":"ellipsoids-openmp","args":["1.dat","114.log","114.xoutput"],"id":65,"resource":"2048","request_start":1576624269088,"request_end":1576624282456,"request_duration":13368,"type":"2048"}
{"start":1576624280903,"end":1576624282434,"duration":1531,"downloading_duration":1130,"execution_duration":4,"uploading_duration":397,"executable":"mean-pack-ell","args":["20.xoutput","21.xoutput","22.xoutput","23.xoutput","24.xoutput","25.xoutput","26.xoutput","27.xoutput","28.xoutput","29.xoutput","210.xoutput","211.xoutput","212.xoutput","213.xoutput","214.xoutput","215.xoutput","216.xoutput","217.xoutput","218.xoutput","219.xoutput","220.xoutput","221.xoutput","222.xoutput","223.xoutput","224.xoutput","225.xoutput","226.xoutput","227.xoutput","228.xoutput","229.xoutput","230.xoutput","231.xoutput","232.xoutput","233.xoutput","234.xoutput","235.xoutput","236.xoutput","237.xoutput","238.xoutput","239.xoutput","240.xoutput","241.xoutput","242.xoutput","243.xoutput","244.xoutput","average_2.txt"],"id":188,"resource":"2048","request_start":1576624277444,"request_end":1576624282458,"request_duration":5014,"type":"2048"}
{"start":1576624281825,"end":1576624283430,"duration":1605,"downloading_duration":1224,"execution_duration":3,"uploading_duration":378,"executable":"mean-pack-ell","args":["30.xoutput","31.xoutput","32.xoutput","33.xoutput","34.xoutput","35.xoutput","36.xoutput","37.xoutput","38.xoutput","39.xoutput","310.xoutput","311.xoutput","312.xoutput","313.xoutput","314.xoutput","315.xoutput","316.xoutput","317.xoutput","318.xoutput","319.xoutput","320.xoutput","321.xoutput","322.xoutput","323.xoutput","324.xoutput","325.xoutput","326.xoutput","327.xoutput","328.xoutput","329.xoutput","330.xoutput","331.xoutput","332.xoutput","333.xoutput","334.xoutput","335.xoutput","336.xoutput","337.xoutput","338.xoutput","339.xoutput","340.xoutput","341.xoutput","342.xoutput","343.xoutput","344.xoutput","average_3.txt"],"id":189,"resource":"2048","request_start":1576624281714,"request_end":1576624283450,"request_duration":1736,"type":"2048"}
{"start":1576624280541,"end":1576624284222,"duration":3681,"downloading_duration":988,"execution_duration":2068,"uploading_duration":625,"executable":"ellipsoids-openmp","args":["1.dat","115.log","115.xoutput"],"id":66,"resource":"2048","request_start":1576624269088,"request_end":1576624284243,"request_duration":15155,"type":"2048"}
{"start":1576624280720,"end":1576624284451,"duration":3731,"downloading_duration":1040,"execution_duration":2129,"uploading_duration":562,"executable":"ellipsoids-openmp","args":["1.dat","120.log","120.xoutput"],"id":71,"resource":"2048","request_start":1576624269091,"request_end":1576624284470,"request_duration":15379,"type":"2048"}
{"start":1576624280669,"end":1576624284455,"duration":3786,"downloading_duration":1001,"execution_duration":2138,"uploading_duration":647,"executable":"ellipsoids-openmp","args":["1.dat","116.log","116.xoutput"],"id":67,"resource":"2048","request_start":1576624269089,"request_end":1576624284478,"request_duration":15389,"type":"2048"}
{"start":1576624280766,"end":1576624284460,"duration":3694,"downloading_duration":966,"execution_duration":2143,"uploading_duration":585,"executable":"ellipsoids-openmp","args":["1.dat","126.log","126.xoutput"],"id":77,"resource":"2048","request_start":1576624269095,"request_end":1576624284483,"request_duration":15388,"type":"2048"}
{"start":1576624280699,"end":1576624284485,"duration":3786,"downloading_duration":997,"execution_duration":2196,"uploading_duration":593,"executable":"ellipsoids-openmp","args":["1.dat","118.log","118.xoutput"],"id":69,"resource":"2048","request_start":1576624269090,"request_end":1576624284505,"request_duration":15415,"type":"2048"}
{"start":1576624280753,"end":1576624284486,"duration":3733,"downloading_duration":976,"execution_duration":2168,"uploading_duration":589,"executable":"ellipsoids-openmp","args":["1.dat","124.log","124.xoutput"],"id":75,"resource":"2048","request_start":1576624269093,"request_end":1576624284509,"request_duration":15416,"type":"2048"}
{"start":1576624280733,"end":1576624284487,"duration":3754,"downloading_duration":994,"execution_duration":2151,"uploading_duration":609,"executable":"ellipsoids-openmp","args":["1.dat","122.log","122.xoutput"],"id":73,"resource":"2048","request_start":1576624269092,"request_end":1576624284512,"request_duration":15420,"type":"2048"}
{"start":1576624280773,"end":1576624284500,"duration":3727,"downloading_duration":1004,"execution_duration":2121,"uploading_duration":602,"executable":"ellipsoids-openmp","args":["1.dat","127.log","127.xoutput"],"id":78,"resource":"2048","request_start":1576624269095,"request_end":1576624284524,"request_duration":15429,"type":"2048"}
{"start":1576624280700,"end":1576624284505,"duration":3805,"downloading_duration":1021,"execution_duration":2197,"uploading_duration":587,"executable":"ellipsoids-openmp","args":["1.dat","117.log","117.xoutput"],"id":68,"resource":"2048","request_start":1576624269090,"request_end":1576624284528,"request_duration":15438,"type":"2048"}
{"start":1576624280797,"end":1576624284510,"duration":3713,"downloading_duration":1001,"execution_duration":2130,"uploading_duration":582,"executable":"ellipsoids-openmp","args":["1.dat","134.log","134.xoutput"],"id":85,"resource":"2048","request_start":1576624269099,"request_end":1576624284531,"request_duration":15432,"type":"2048"}
{"start":1576624280890,"end":1576624284526,"duration":3636,"downloading_duration":1003,"execution_duration":2081,"uploading_duration":552,"executable":"ellipsoids-openmp","args":["1.dat","144.log","144.xoutput"],"id":95,"resource":"2048","request_start":1576624269105,"request_end":1576624284548,"request_duration":15443,"type":"2048"}
{"start":1576624280757,"end":1576624284541,"duration":3784,"downloading_duration":987,"execution_duration":2201,"uploading_duration":596,"executable":"ellipsoids-openmp","args":["1.dat","125.log","125.xoutput"],"id":76,"resource":"2048","request_start":1576624269094,"request_end":1576624284560,"request_duration":15466,"type":"2048"}
{"start":1576624280713,"end":1576624284540,"duration":3827,"downloading_duration":1031,"execution_duration":2210,"uploading_duration":586,"executable":"ellipsoids-openmp","args":["1.dat","119.log","119.xoutput"],"id":70,"resource":"2048","request_start":1576624269091,"request_end":1576624284563,"request_duration":15472,"type":"2048"}
{"start":1576624280786,"end":1576624284540,"duration":3754,"downloading_duration":1023,"execution_duration":2128,"uploading_duration":603,"executable":"ellipsoids-openmp","args":["1.dat","131.log","131.xoutput"],"id":82,"resource":"2048","request_start":1576624269097,"request_end":1576624284565,"request_duration":15468,"type":"2048"}
{"start":1576624280788,"end":1576624284545,"duration":3757,"downloading_duration":1038,"execution_duration":2130,"uploading_duration":589,"executable":"ellipsoids-openmp","args":["1.dat","130.log","130.xoutput"],"id":81,"resource":"2048","request_start":1576624269097,"request_end":1576624284571,"request_duration":15474,"type":"2048"}
{"start":1576624280806,"end":1576624284583,"duration":3777,"downloading_duration":1026,"execution_duration":2193,"uploading_duration":558,"executable":"ellipsoids-openmp","args":["1.dat","135.log","135.xoutput"],"id":86,"resource":"2048","request_start":1576624269099,"request_end":1576624284606,"request_duration":15507,"type":"2048"}
{"start":1576624280788,"end":1576624284593,"duration":3805,"downloading_duration":1003,"execution_duration":2202,"uploading_duration":600,"executable":"ellipsoids-openmp","args":["1.dat","132.log","132.xoutput"],"id":83,"resource":"2048","request_start":1576624269098,"request_end":1576624284615,"request_duration":15517,"type":"2048"}
{"start":1576624280729,"end":1576624284593,"duration":3864,"downloading_duration":1075,"execution_duration":2227,"uploading_duration":562,"executable":"ellipsoids-openmp","args":["1.dat","121.log","121.xoutput"],"id":72,"resource":"2048","request_start":1576624269092,"request_end":1576624284617,"request_duration":15525,"type":"2048"}
{"start":1576624280825,"end":1576624284604,"duration":3779,"downloading_duration":1035,"execution_duration":2180,"uploading_duration":564,"executable":"ellipsoids-openmp","args":["1.dat","137.log","137.xoutput"],"id":88,"resource":"2048","request_start":1576624269100,"request_end":1576624284623,"request_duration":15523,"type":"2048"}
{"start":1576624280838,"end":1576624284625,"duration":3787,"downloading_duration":1014,"execution_duration":2217,"uploading_duration":556,"executable":"ellipsoids-openmp","args":["1.dat","139.log","139.xoutput"],"id":90,"resource":"2048","request_start":1576624269101,"request_end":1576624284647,"request_duration":15546,"type":"2048"}
{"start":1576624280812,"end":1576624284649,"duration":3837,"downloading_duration":1156,"execution_duration":2130,"uploading_duration":551,"executable":"ellipsoids-openmp","args":["1.dat","136.log","136.xoutput"],"id":87,"resource":"2048","request_start":1576624269100,"request_end":1576624284673,"request_duration":15573,"type":"2048"}
{"start":1576624280790,"end":1576624284729,"duration":3939,"downloading_duration":1071,"execution_duration":2174,"uploading_duration":694,"executable":"ellipsoids-openmp","args":["1.dat","133.log","133.xoutput"],"id":84,"resource":"2048","request_start":1576624269098,"request_end":1576624284750,"request_duration":15652,"type":"2048"}
{"start":1576624280740,"end":1576624284734,"duration":3994,"downloading_duration":1101,"execution_duration":2211,"uploading_duration":682,"executable":"ellipsoids-openmp","args":["1.dat","123.log","123.xoutput"],"id":74,"resource":"2048","request_start":1576624269093,"request_end":1576624284756,"request_duration":15663,"type":"2048"}
{"start":1576624280832,"end":1576624284736,"duration":3904,"downloading_duration":1079,"execution_duration":2186,"uploading_duration":639,"executable":"ellipsoids-openmp","args":["1.dat","138.log","138.xoutput"],"id":89,"resource":"2048","request_start":1576624269101,"request_end":1576624284758,"request_duration":15657,"type":"2048"}
{"start":1576624280861,"end":1576624284759,"duration":3898,"downloading_duration":1063,"execution_duration":2206,"uploading_duration":629,"executable":"ellipsoids-openmp","args":["1.dat","140.log","140.xoutput"],"id":91,"resource":"2048","request_start":1576624269102,"request_end":1576624284778,"request_duration":15676,"type":"2048"}
{"start":1576624280871,"end":1576624284761,"duration":3890,"downloading_duration":1012,"execution_duration":2221,"uploading_duration":657,"executable":"ellipsoids-openmp","args":["1.dat","141.log","141.xoutput"],"id":92,"resource":"2048","request_start":1576624269103,"request_end":1576624284783,"request_duration":15680,"type":"2048"}
{"start":1576624280781,"end":1576624284763,"duration":3982,"downloading_duration":1160,"execution_duration":2175,"uploading_duration":647,"executable":"ellipsoids-openmp","args":["1.dat","129.log","129.xoutput"],"id":80,"resource":"2048","request_start":1576624269096,"request_end":1576624284786,"request_duration":15690,"type":"2048"}
{"start":1576624280877,"end":1576624284766,"duration":3889,"downloading_duration":1076,"execution_duration":2204,"uploading_duration":609,"executable":"ellipsoids-openmp","args":["1.dat","142.log","142.xoutput"],"id":93,"resource":"2048","request_start":1576624269103,"request_end":1576624284789,"request_duration":15686,"type":"2048"}
{"start":1576624280890,"end":1576624284804,"duration":3914,"downloading_duration":1227,"execution_duration":2131,"uploading_duration":556,"executable":"ellipsoids-openmp","args":["1.dat","143.log","143.xoutput"],"id":94,"resource":"2048","request_start":1576624269104,"request_end":1576624284827,"request_duration":15723,"type":"2048"}
{"start":1576624280784,"end":1576624284879,"duration":4095,"downloading_duration":1036,"execution_duration":2171,"uploading_duration":888,"executable":"ellipsoids-openmp","args":["1.dat","128.log","128.xoutput"],"id":79,"resource":"2048","request_start":1576624269096,"request_end":1576624284898,"request_duration":15802,"type":"2048"}
{"start":1576624285019,"end":1576624286511,"duration":1492,"downloading_duration":1057,"execution_duration":3,"uploading_duration":432,"executable":"mean-pack-ell","args":["10.xoutput","11.xoutput","12.xoutput","13.xoutput","14.xoutput","15.xoutput","16.xoutput","17.xoutput","18.xoutput","19.xoutput","110.xoutput","111.xoutput","112.xoutput","113.xoutput","114.xoutput","115.xoutput","116.xoutput","117.xoutput","118.xoutput","119.xoutput","120.xoutput","121.xoutput","122.xoutput","123.xoutput","124.xoutput","125.xoutput","126.xoutput","127.xoutput","128.xoutput","129.xoutput","130.xoutput","131.xoutput","132.xoutput","133.xoutput","134.xoutput","135.xoutput","136.xoutput","137.xoutput","138.xoutput","139.xoutput","140.xoutput","141.xoutput","142.xoutput","143.xoutput","144.xoutput","average_1.txt"],"id":187,"resource":"2048","request_start":1576624284911,"request_end":1576624286533,"request_duration":1622,"type":"2048"}
{"start":1576624286655,"end":1576624287533,"duration":878,"downloading_duration":416,"execution_duration":63,"uploading_duration":399,"executable":"summary.js","args":[],"id":190,"resource":"2048","request_start":1576624286540,"request_end":1576624287551,"request_duration":1011,"type":"2048"}
