{"start":1576624216675,"end":1576624217513,"duration":838,"downloading_duration":389,"execution_duration":64,"uploading_duration":385,"executable":"generateData.js","args":[],"id":1,"resource":"2048","request_start":1576624216513,"request_end":1576624217539,"request_duration":1026,"type":"2048"}
{"start":1576624217679,"end":1576624218510,"duration":831,"downloading_duration":372,"execution_duration":61,"uploading_duration":398,"executable":"createDat.js","args":["1.dat"],"id":3,"resource":"2048","request_start":1576624217555,"request_end":1576624218531,"request_duration":976,"type":"2048"}
{"start":1576624217693,"end":1576624218531,"duration":838,"downloading_duration":377,"execution_duration":64,"uploading_duration":397,"executable":"createDat.js","args":["2.dat"],"id":4,"resource":"2048","request_start":1576624217558,"request_end":1576624218558,"request_duration":1000,"type":"2048"}
{"start":1576624217693,"end":1576624218568,"duration":875,"downloading_duration":394,"execution_duration":68,"uploading_duration":413,"executable":"createDat.js","args":["3.dat"],"id":5,"resource":"2048","request_start":1576624217561,"request_end":1576624218660,"request_duration":1099,"type":"2048"}
{"start":1576624217688,"end":1576624218612,"duration":924,"downloading_duration":443,"execution_duration":64,"uploading_duration":417,"executable":"createDat.js","args":["0.dat"],"id":2,"resource":"2048","request_start":1576624217550,"request_end":1576624218661,"request_duration":1111,"type":"2048"}
{"start":1576624218892,"end":1576624222549,"duration":3657,"downloading_duration":1000,"execution_duration":2095,"uploading_duration":562,"executable":"ellipsoids-openmp","args":["1.dat","11.log","11.xoutput"],"id":52,"resource":"2048","request_start":1576624218578,"request_end":1576624222574,"request_duration":3996,"type":"2048"}
{"start":1576624218891,"end":1576624222565,"duration":3674,"downloading_duration":986,"execution_duration":2122,"uploading_duration":566,"executable":"ellipsoids-openmp","args":["1.dat","16.log","16.xoutput"],"id":57,"resource":"2048","request_start":1576624218586,"request_end":1576624222586,"request_duration":4000,"type":"2048"}
{"start":1576624218896,"end":1576624222576,"duration":3680,"downloading_duration":1014,"execution_duration":2107,"uploading_duration":559,"executable":"ellipsoids-openmp","args":["1.dat","15.log","15.xoutput"],"id":56,"resource":"2048","request_start":1576624218585,"request_end":1576624222600,"request_duration":4015,"type":"2048"}
{"start":1576624218891,"end":1576624222619,"duration":3728,"downloading_duration":1064,"execution_duration":2094,"uploading_duration":570,"executable":"ellipsoids-openmp","args":["1.dat","10.log","10.xoutput"],"id":51,"resource":"2048","request_start":1576624218576,"request_end":1576624222639,"request_duration":4063,"type":"2048"}
{"start":1576624218896,"end":1576624222622,"duration":3726,"downloading_duration":988,"execution_duration":2158,"uploading_duration":580,"executable":"ellipsoids-openmp","args":["1.dat","110.log","110.xoutput"],"id":61,"resource":"2048","request_start":1576624218591,"request_end":1576624222645,"request_duration":4054,"type":"2048"}
{"start":1576624218888,"end":1576624222639,"duration":3751,"downloading_duration":1002,"execution_duration":2154,"uploading_duration":595,"executable":"ellipsoids-openmp","args":["1.dat","19.log","19.xoutput"],"id":60,"resource":"2048","request_start":1576624218590,"request_end":1576624222690,"request_duration":4100,"type":"2048"}
{"start":1576624219138,"end":1576624222653,"duration":3515,"downloading_duration":997,"execution_duration":1932,"uploading_duration":586,"executable":"ellipsoids-openmp","args":["1.dat","123.log","123.xoutput"],"id":74,"resource":"2048","request_start":1576624218605,"request_end":1576624222691,"request_duration":4086,"type":"2048"}
{"start":1576624218897,"end":1576624222659,"duration":3762,"downloading_duration":1030,"execution_duration":2149,"uploading_duration":583,"executable":"ellipsoids-openmp","args":["1.dat","116.log","116.xoutput"],"id":67,"resource":"2048","request_start":1576624218598,"request_end":1576624222691,"request_duration":4093,"type":"2048"}
{"start":1576624218896,"end":1576624222673,"duration":3777,"downloading_duration":1030,"execution_duration":2186,"uploading_duration":561,"executable":"ellipsoids-openmp","args":["1.dat","12.log","12.xoutput"],"id":53,"resource":"2048","request_start":1576624218580,"request_end":1576624222693,"request_duration":4113,"type":"2048"}
{"start":1576624218892,"end":1576624222689,"duration":3797,"downloading_duration":1005,"execution_duration":2176,"uploading_duration":616,"executable":"ellipsoids-openmp","args":["1.dat","14.log","14.xoutput"],"id":55,"resource":"2048","request_start":1576624218583,"request_end":1576624222718,"request_duration":4135,"type":"2048"}
{"start":1576624219072,"end":1576624222695,"duration":3623,"downloading_duration":993,"execution_duration":2053,"uploading_duration":577,"executable":"ellipsoids-openmp","args":["1.dat","114.log","114.xoutput"],"id":65,"resource":"2048","request_start":1576624218596,"request_end":1576624222720,"request_duration":4124,"type":"2048"}
{"start":1576624218896,"end":1576624222733,"duration":3837,"downloading_duration":997,"execution_duration":2214,"uploading_duration":626,"executable":"ellipsoids-openmp","args":["1.dat","112.log","112.xoutput"],"id":63,"resource":"2048","request_start":1576624218593,"request_end":1576624222758,"request_duration":4165,"type":"2048"}
{"start":1576624219072,"end":1576624222736,"duration":3664,"downloading_duration":1072,"execution_duration":2014,"uploading_duration":578,"executable":"ellipsoids-openmp","args":["1.dat","121.log","121.xoutput"],"id":72,"resource":"2048","request_start":1576624218603,"request_end":1576624222760,"request_duration":4157,"type":"2048"}
{"start":1576624219067,"end":1576624222745,"duration":3678,"downloading_duration":1014,"execution_duration":2096,"uploading_duration":568,"executable":"ellipsoids-openmp","args":["1.dat","111.log","111.xoutput"],"id":62,"resource":"2048","request_start":1576624218592,"request_end":1576624222772,"request_duration":4180,"type":"2048"}
{"start":1576624218893,"end":1576624222748,"duration":3855,"downloading_duration":1049,"execution_duration":2196,"uploading_duration":610,"executable":"ellipsoids-openmp","args":["1.dat","13.log","13.xoutput"],"id":54,"resource":"2048","request_start":1576624218582,"request_end":1576624222774,"request_duration":4192,"type":"2048"}
{"start":1576624218892,"end":1576624222763,"duration":3871,"downloading_duration":1086,"execution_duration":2148,"uploading_duration":637,"executable":"ellipsoids-openmp","args":["1.dat","17.log","17.xoutput"],"id":58,"resource":"2048","request_start":1576624218587,"request_end":1576624222788,"request_duration":4201,"type":"2048"}
{"start":1576624219241,"end":1576624222776,"duration":3535,"downloading_duration":979,"execution_duration":1993,"uploading_duration":563,"executable":"ellipsoids-openmp","args":["1.dat","133.log","133.xoutput"],"id":84,"resource":"2048","request_start":1576624218618,"request_end":1576624222802,"request_duration":4184,"type":"2048"}
{"start":1576624219072,"end":1576624222778,"duration":3706,"downloading_duration":1026,"execution_duration":2085,"uploading_duration":595,"executable":"ellipsoids-openmp","args":["1.dat","117.log","117.xoutput"],"id":68,"resource":"2048","request_start":1576624218599,"request_end":1576624222805,"request_duration":4206,"type":"2048"}
{"start":1576624219137,"end":1576624222779,"duration":3642,"downloading_duration":995,"execution_duration":2069,"uploading_duration":578,"executable":"ellipsoids-openmp","args":["1.dat","126.log","126.xoutput"],"id":77,"resource":"2048","request_start":1576624218608,"request_end":1576624222806,"request_duration":4198,"type":"2048"}
{"start":1576624219132,"end":1576624222785,"duration":3653,"downloading_duration":1024,"execution_duration":2070,"uploading_duration":559,"executable":"ellipsoids-openmp","args":["1.dat","120.log","120.xoutput"],"id":71,"resource":"2048","request_start":1576624218602,"request_end":1576624222809,"request_duration":4207,"type":"2048"}
{"start":1576624219140,"end":1576624222802,"duration":3662,"downloading_duration":1005,"execution_duration":2048,"uploading_duration":609,"executable":"ellipsoids-openmp","args":["1.dat","124.log","124.xoutput"],"id":75,"resource":"2048","request_start":1576624218606,"request_end":1576624222828,"request_duration":4222,"type":"2048"}
{"start":1576624219061,"end":1576624222809,"duration":3748,"downloading_duration":1025,"execution_duration":2141,"uploading_duration":582,"executable":"ellipsoids-openmp","args":["1.dat","113.log","113.xoutput"],"id":64,"resource":"2048","request_start":1576624218595,"request_end":1576624222831,"request_duration":4236,"type":"2048"}
{"start":1576624219219,"end":1576624222823,"duration":3604,"downloading_duration":992,"execution_duration":2002,"uploading_duration":610,"executable":"ellipsoids-openmp","args":["1.dat","129.log","129.xoutput"],"id":80,"resource":"2048","request_start":1576624218610,"request_end":1576624222844,"request_duration":4234,"type":"2048"}
{"start":1576624219236,"end":1576624222829,"duration":3593,"downloading_duration":993,"execution_duration":2018,"uploading_duration":582,"executable":"ellipsoids-openmp","args":["1.dat","134.log","134.xoutput"],"id":85,"resource":"2048","request_start":1576624218619,"request_end":1576624222850,"request_duration":4231,"type":"2048"}
{"start":1576624219071,"end":1576624222830,"duration":3759,"downloading_duration":1169,"execution_duration":2024,"uploading_duration":566,"executable":"ellipsoids-openmp","args":["1.dat","122.log","122.xoutput"],"id":73,"resource":"2048","request_start":1576624218604,"request_end":1576624222855,"request_duration":4251,"type":"2048"}
{"start":1576624219238,"end":1576624222839,"duration":3601,"downloading_duration":987,"execution_duration":1992,"uploading_duration":622,"executable":"ellipsoids-openmp","args":["1.dat","131.log","131.xoutput"],"id":82,"resource":"2048","request_start":1576624218617,"request_end":1576624222859,"request_duration":4242,"type":"2048"}
{"start":1576624219133,"end":1576624222843,"duration":3710,"downloading_duration":1004,"execution_duration":2097,"uploading_duration":609,"executable":"ellipsoids-openmp","args":["1.dat","127.log","127.xoutput"],"id":78,"resource":"2048","request_start":1576624218609,"request_end":1576624222862,"request_duration":4253,"type":"2048"}
{"start":1576624219125,"end":1576624222863,"duration":3738,"downloading_duration":992,"execution_duration":2101,"uploading_duration":645,"executable":"ellipsoids-openmp","args":["1.dat","119.log","119.xoutput"],"id":70,"resource":"2048","request_start":1576624218601,"request_end":1576624222886,"request_duration":4285,"type":"2048"}
{"start":1576624219242,"end":1576624222884,"duration":3642,"downloading_duration":997,"execution_duration":2077,"uploading_duration":568,"executable":"ellipsoids-openmp","args":["1.dat","138.log","138.xoutput"],"id":89,"resource":"2048","request_start":1576624218624,"request_end":1576624222907,"request_duration":4283,"type":"2048"}
{"start":1576624219244,"end":1576624222888,"duration":3644,"downloading_duration":990,"execution_duration":2072,"uploading_duration":582,"executable":"ellipsoids-openmp","args":["1.dat","142.log","142.xoutput"],"id":93,"resource":"2048","request_start":1576624218628,"request_end":1576624222909,"request_duration":4281,"type":"2048"}
{"start":1576624219242,"end":1576624222900,"duration":3658,"downloading_duration":985,"execution_duration":2023,"uploading_duration":650,"executable":"ellipsoids-openmp","args":["1.dat","137.log","137.xoutput"],"id":88,"resource":"2048","request_start":1576624218623,"request_end":1576624222923,"request_duration":4300,"type":"2048"}
{"start":1576624219067,"end":1576624222902,"duration":3835,"downloading_duration":1078,"execution_duration":2147,"uploading_duration":610,"executable":"ellipsoids-openmp","args":["1.dat","118.log","118.xoutput"],"id":69,"resource":"2048","request_start":1576624218600,"request_end":1576624222924,"request_duration":4324,"type":"2048"}
{"start":1576624219214,"end":1576624222948,"duration":3734,"downloading_duration":1064,"execution_duration":2081,"uploading_duration":589,"executable":"ellipsoids-openmp","args":["1.dat","130.log","130.xoutput"],"id":81,"resource":"2048","request_start":1576624218615,"request_end":1576624222968,"request_duration":4353,"type":"2048"}
{"start":1576624219220,"end":1576624222956,"duration":3736,"downloading_duration":1158,"execution_duration":1995,"uploading_duration":583,"executable":"ellipsoids-openmp","args":["1.dat","128.log","128.xoutput"],"id":79,"resource":"2048","request_start":1576624218609,"request_end":1576624222976,"request_duration":4367,"type":"2048"}
{"start":1576624219246,"end":1576624222961,"duration":3715,"downloading_duration":1065,"execution_duration":2013,"uploading_duration":637,"executable":"ellipsoids-openmp","args":["1.dat","144.log","144.xoutput"],"id":95,"resource":"2048","request_start":1576624218664,"request_end":1576624222982,"request_duration":4318,"type":"2048"}
{"start":1576624219241,"end":1576624222964,"duration":3723,"downloading_duration":1092,"execution_duration":2065,"uploading_duration":566,"executable":"ellipsoids-openmp","args":["1.dat","136.log","136.xoutput"],"id":87,"resource":"2048","request_start":1576624218623,"request_end":1576624222983,"request_duration":4360,"type":"2048"}
{"start":1576624219238,"end":1576624222972,"duration":3734,"downloading_duration":1004,"execution_duration":2147,"uploading_duration":583,"executable":"ellipsoids-openmp","args":["1.dat","135.log","135.xoutput"],"id":86,"resource":"2048","request_start":1576624218621,"request_end":1576624222993,"request_duration":4372,"type":"2048"}
{"start":1576624219243,"end":1576624222987,"duration":3744,"downloading_duration":1035,"execution_duration":2130,"uploading_duration":579,"executable":"ellipsoids-openmp","args":["1.dat","140.log","140.xoutput"],"id":91,"resource":"2048","request_start":1576624218626,"request_end":1576624223008,"request_duration":4382,"type":"2048"}
{"start":1576624219234,"end":1576624222994,"duration":3760,"downloading_duration":981,"execution_duration":2190,"uploading_duration":589,"executable":"ellipsoids-openmp","args":["2.dat","28.log","28.xoutput"],"id":104,"resource":"2048","request_start":1576624218692,"request_end":1576624223020,"request_duration":4328,"type":"2048"}
{"start":1576624219271,"end":1576624223003,"duration":3732,"downloading_duration":1085,"execution_duration":2080,"uploading_duration":567,"executable":"ellipsoids-openmp","args":["1.dat","143.log","143.xoutput"],"id":94,"resource":"2048","request_start":1576624218629,"request_end":1576624223026,"request_duration":4397,"type":"2048"}
{"start":1576624219237,"end":1576624223017,"duration":3780,"downloading_duration":982,"execution_duration":2232,"uploading_duration":566,"executable":"ellipsoids-openmp","args":["2.dat","25.log","25.xoutput"],"id":101,"resource":"2048","request_start":1576624218690,"request_end":1576624223037,"request_duration":4347,"type":"2048"}
{"start":1576624219137,"end":1576624223019,"duration":3882,"downloading_duration":997,"execution_duration":2096,"uploading_duration":789,"executable":"ellipsoids-openmp","args":["1.dat","125.log","125.xoutput"],"id":76,"resource":"2048","request_start":1576624218607,"request_end":1576624223041,"request_duration":4434,"type":"2048"}
{"start":1576624219243,"end":1576624223046,"duration":3803,"downloading_duration":1075,"execution_duration":2110,"uploading_duration":618,"executable":"ellipsoids-openmp","args":["1.dat","141.log","141.xoutput"],"id":92,"resource":"2048","request_start":1576624218627,"request_end":1576624223066,"request_duration":4439,"type":"2048"}
{"start":1576624219241,"end":1576624223053,"duration":3812,"downloading_duration":1090,"execution_duration":2156,"uploading_duration":566,"executable":"ellipsoids-openmp","args":["1.dat","139.log","139.xoutput"],"id":90,"resource":"2048","request_start":1576624218625,"request_end":1576624223073,"request_duration":4448,"type":"2048"}
{"start":1576624219242,"end":1576624223054,"duration":3812,"downloading_duration":1112,"execution_duration":2093,"uploading_duration":607,"executable":"ellipsoids-openmp","args":["1.dat","132.log","132.xoutput"],"id":83,"resource":"2048","request_start":1576624218618,"request_end":1576624223076,"request_duration":4458,"type":"2048"}
{"start":1576624218888,"end":1576624223085,"duration":4197,"downloading_duration":986,"execution_duration":2137,"uploading_duration":1074,"executable":"ellipsoids-openmp","args":["1.dat","18.log","18.xoutput"],"id":59,"resource":"2048","request_start":1576624218589,"request_end":1576624223105,"request_duration":4516,"type":"2048"}
{"start":1576624219239,"end":1576624223097,"duration":3858,"downloading_duration":1064,"execution_duration":2214,"uploading_duration":580,"executable":"ellipsoids-openmp","args":["2.dat","26.log","26.xoutput"],"id":102,"resource":"2048","request_start":1576624218691,"request_end":1576624223123,"request_duration":4432,"type":"2048"}
{"start":1576624219234,"end":1576624223137,"duration":3903,"downloading_duration":1156,"execution_duration":2165,"uploading_duration":582,"executable":"ellipsoids-openmp","args":["2.dat","27.log","27.xoutput"],"id":103,"resource":"2048","request_start":1576624218692,"request_end":1576624223157,"request_duration":4465,"type":"2048"}
{"start":1576624219238,"end":1576624223151,"duration":3913,"downloading_duration":1066,"execution_duration":2224,"uploading_duration":623,"executable":"ellipsoids-openmp","args":["2.dat","24.log","24.xoutput"],"id":100,"resource":"2048","request_start":1576624218689,"request_end":1576624223173,"request_duration":4484,"type":"2048"}
{"start":1576624219061,"end":1576624224533,"duration":5472,"downloading_duration":2808,"execution_duration":2085,"uploading_duration":579,"executable":"ellipsoids-openmp","args":["1.dat","115.log","115.xoutput"],"id":66,"resource":"2048","request_start":1576624218597,"request_end":1576624224555,"request_duration":5958,"type":"2048"}
{"start":1576624222603,"end":1576624226434,"duration":3831,"downloading_duration":984,"execution_duration":2284,"uploading_duration":563,"executable":"ellipsoids-openmp","args":["2.dat","29.log","29.xoutput"],"id":105,"resource":"2048","request_start":1576624218693,"request_end":1576624226456,"request_duration":7763,"type":"2048"}
{"start":1576624222663,"end":1576624226464,"duration":3801,"downloading_duration":1003,"execution_duration":2209,"uploading_duration":589,"executable":"ellipsoids-openmp","args":["2.dat","212.log","212.xoutput"],"id":108,"resource":"2048","request_start":1576624218695,"request_end":1576624226485,"request_duration":7790,"type":"2048"}
{"start":1576624222613,"end":1576624226550,"duration":3937,"downloading_duration":1081,"execution_duration":2252,"uploading_duration":604,"executable":"ellipsoids-openmp","args":["2.dat","210.log","210.xoutput"],"id":106,"resource":"2048","request_start":1576624218694,"request_end":1576624226573,"request_duration":7879,"type":"2048"}
{"start":1576624222670,"end":1576624226562,"duration":3892,"downloading_duration":979,"execution_duration":2330,"uploading_duration":583,"executable":"ellipsoids-openmp","args":["2.dat","213.log","213.xoutput"],"id":109,"resource":"2048","request_start":1576624218696,"request_end":1576624226587,"request_duration":7891,"type":"2048"}
{"start":1576624222722,"end":1576624226572,"duration":3850,"downloading_duration":994,"execution_duration":2284,"uploading_duration":572,"executable":"ellipsoids-openmp","args":["2.dat","216.log","216.xoutput"],"id":112,"resource":"2048","request_start":1576624218698,"request_end":1576624226736,"request_duration":8038,"type":"2048"}
{"start":1576624222723,"end":1576624226625,"duration":3902,"downloading_duration":1027,"execution_duration":2237,"uploading_duration":638,"executable":"ellipsoids-openmp","args":["2.dat","215.log","215.xoutput"],"id":111,"resource":"2048","request_start":1576624218697,"request_end":1576624226746,"request_duration":8049,"type":"2048"}
{"start":1576624222799,"end":1576624226647,"duration":3848,"downloading_duration":1014,"execution_duration":2204,"uploading_duration":630,"executable":"ellipsoids-openmp","args":["2.dat","223.log","223.xoutput"],"id":119,"resource":"2048","request_start":1576624218702,"request_end":1576624226752,"request_duration":8050,"type":"2048"}
{"start":1576624222716,"end":1576624226665,"duration":3949,"downloading_duration":1085,"execution_duration":2270,"uploading_duration":594,"executable":"ellipsoids-openmp","args":["2.dat","214.log","214.xoutput"],"id":110,"resource":"2048","request_start":1576624218696,"request_end":1576624226754,"request_duration":8058,"type":"2048"}
{"start":1576624222745,"end":1576624226666,"duration":3921,"downloading_duration":1031,"execution_duration":2270,"uploading_duration":620,"executable":"ellipsoids-openmp","args":["2.dat","218.log","218.xoutput"],"id":114,"resource":"2048","request_start":1576624218699,"request_end":1576624226755,"request_duration":8056,"type":"2048"}
{"start":1576624222839,"end":1576624226673,"duration":3834,"downloading_duration":998,"execution_duration":2239,"uploading_duration":597,"executable":"ellipsoids-openmp","args":["2.dat","227.log","227.xoutput"],"id":123,"resource":"2048","request_start":1576624218704,"request_end":1576624226757,"request_duration":8053,"type":"2048"}
{"start":1576624222784,"end":1576624226696,"duration":3912,"downloading_duration":1085,"execution_duration":2260,"uploading_duration":567,"executable":"ellipsoids-openmp","args":["2.dat","220.log","220.xoutput"],"id":116,"resource":"2048","request_start":1576624218701,"request_end":1576624226758,"request_duration":8057,"type":"2048"}
{"start":1576624222815,"end":1576624226708,"duration":3893,"downloading_duration":995,"execution_duration":2283,"uploading_duration":615,"executable":"ellipsoids-openmp","args":["2.dat","224.log","224.xoutput"],"id":120,"resource":"2048","request_start":1576624218703,"request_end":1576624226759,"request_duration":8056,"type":"2048"}
{"start":1576624222792,"end":1576624226719,"duration":3927,"downloading_duration":1071,"execution_duration":2277,"uploading_duration":579,"executable":"ellipsoids-openmp","args":["2.dat","221.log","221.xoutput"],"id":117,"resource":"2048","request_start":1576624218701,"request_end":1576624226784,"request_duration":8083,"type":"2048"}
{"start":1576624222754,"end":1576624226721,"duration":3967,"downloading_duration":1066,"execution_duration":2325,"uploading_duration":576,"executable":"ellipsoids-openmp","args":["2.dat","219.log","219.xoutput"],"id":115,"resource":"2048","request_start":1576624218700,"request_end":1576624226785,"request_duration":8085,"type":"2048"}
{"start":1576624222884,"end":1576624226726,"duration":3842,"downloading_duration":1034,"execution_duration":2216,"uploading_duration":592,"executable":"ellipsoids-openmp","args":["2.dat","233.log","233.xoutput"],"id":129,"resource":"2048","request_start":1576624218708,"request_end":1576624226790,"request_duration":8082,"type":"2048"}
{"start":1576624223100,"end":1576624226729,"duration":3629,"downloading_duration":981,"execution_duration":2069,"uploading_duration":579,"executable":"ellipsoids-openmp","args":["3.dat","34.log","34.xoutput"],"id":145,"resource":"2048","request_start":1576624218790,"request_end":1576624226791,"request_duration":8001,"type":"2048"}
{"start":1576624222724,"end":1576624226739,"duration":4015,"downloading_duration":1109,"execution_duration":2306,"uploading_duration":600,"executable":"ellipsoids-openmp","args":["2.dat","217.log","217.xoutput"],"id":113,"resource":"2048","request_start":1576624218698,"request_end":1576624226793,"request_duration":8095,"type":"2048"}
{"start":1576624222624,"end":1576624226745,"duration":4121,"downloading_duration":1161,"execution_duration":2310,"uploading_duration":650,"executable":"ellipsoids-openmp","args":["2.dat","211.log","211.xoutput"],"id":107,"resource":"2048","request_start":1576624218694,"request_end":1576624226803,"request_duration":8109,"type":"2048"}
{"start":1576624222939,"end":1576624226746,"duration":3807,"downloading_duration":990,"execution_duration":2254,"uploading_duration":563,"executable":"ellipsoids-openmp","args":["2.dat","238.log","238.xoutput"],"id":134,"resource":"2048","request_start":1576624218712,"request_end":1576624226804,"request_duration":8092,"type":"2048"}
{"start":1576624222885,"end":1576624226749,"duration":3864,"downloading_duration":1014,"execution_duration":2255,"uploading_duration":595,"executable":"ellipsoids-openmp","args":["2.dat","234.log","234.xoutput"],"id":130,"resource":"2048","request_start":1576624218710,"request_end":1576624226805,"request_duration":8095,"type":"2048"}
{"start":1576624222832,"end":1576624226751,"duration":3919,"downloading_duration":1089,"execution_duration":2225,"uploading_duration":605,"executable":"ellipsoids-openmp","args":["2.dat","225.log","225.xoutput"],"id":121,"resource":"2048","request_start":1576624218703,"request_end":1576624226806,"request_duration":8103,"type":"2048"}
{"start":1576624223152,"end":1576624226757,"duration":3605,"downloading_duration":984,"execution_duration":2020,"uploading_duration":601,"executable":"ellipsoids-openmp","args":["3.dat","36.log","36.xoutput"],"id":147,"resource":"2048","request_start":1576624218791,"request_end":1576624226807,"request_duration":8016,"type":"2048"}
{"start":1576624222840,"end":1576624226758,"duration":3918,"downloading_duration":992,"execution_duration":2365,"uploading_duration":561,"executable":"ellipsoids-openmp","args":["2.dat","228.log","228.xoutput"],"id":124,"resource":"2048","request_start":1576624218705,"request_end":1576624226807,"request_duration":8102,"type":"2048"}
{"start":1576624223100,"end":1576624226766,"duration":3666,"downloading_duration":1000,"execution_duration":2077,"uploading_duration":589,"executable":"ellipsoids-openmp","args":["3.dat","33.log","33.xoutput"],"id":144,"resource":"2048","request_start":1576624218789,"request_end":1576624226808,"request_duration":8019,"type":"2048"}
{"start":1576624223034,"end":1576624226766,"duration":3732,"downloading_duration":988,"execution_duration":2181,"uploading_duration":563,"executable":"ellipsoids-openmp","args":["2.dat","21.log","21.xoutput"],"id":97,"resource":"2048","request_start":1576624218717,"request_end":1576624226808,"request_duration":8091,"type":"2048"}
{"start":1576624222872,"end":1576624226779,"duration":3907,"downloading_duration":1032,"execution_duration":2251,"uploading_duration":624,"executable":"ellipsoids-openmp","args":["2.dat","231.log","231.xoutput"],"id":127,"resource":"2048","request_start":1576624218707,"request_end":1576624226826,"request_duration":8119,"type":"2048"}
{"start":1576624222857,"end":1576624226780,"duration":3923,"downloading_duration":1019,"execution_duration":2288,"uploading_duration":616,"executable":"ellipsoids-openmp","args":["2.dat","229.log","229.xoutput"],"id":125,"resource":"2048","request_start":1576624218706,"request_end":1576624226827,"request_duration":8121,"type":"2048"}
{"start":1576624222912,"end":1576624226779,"duration":3867,"downloading_duration":1035,"execution_duration":2243,"uploading_duration":589,"executable":"ellipsoids-openmp","args":["2.dat","236.log","236.xoutput"],"id":132,"resource":"2048","request_start":1576624218711,"request_end":1576624226829,"request_duration":8118,"type":"2048"}
{"start":1576624222865,"end":1576624226793,"duration":3928,"downloading_duration":1093,"execution_duration":2215,"uploading_duration":620,"executable":"ellipsoids-openmp","args":["2.dat","230.log","230.xoutput"],"id":126,"resource":"2048","request_start":1576624218707,"request_end":1576624226842,"request_duration":8135,"type":"2048"}
{"start":1576624222932,"end":1576624226808,"duration":3876,"downloading_duration":993,"execution_duration":2298,"uploading_duration":585,"executable":"ellipsoids-openmp","args":["2.dat","237.log","237.xoutput"],"id":133,"resource":"2048","request_start":1576624218712,"request_end":1576624226849,"request_duration":8137,"type":"2048"}
{"start":1576624222887,"end":1576624226813,"duration":3926,"downloading_duration":1031,"execution_duration":2309,"uploading_duration":586,"executable":"ellipsoids-openmp","args":["2.dat","235.log","235.xoutput"],"id":131,"resource":"2048","request_start":1576624218710,"request_end":1576624226851,"request_duration":8141,"type":"2048"}
{"start":1576624223019,"end":1576624226819,"duration":3800,"downloading_duration":1002,"execution_duration":2200,"uploading_duration":598,"executable":"ellipsoids-openmp","args":["2.dat","20.log","20.xoutput"],"id":96,"resource":"2048","request_start":1576624218716,"request_end":1576624226861,"request_duration":8145,"type":"2048"}
{"start":1576624223094,"end":1576624226820,"duration":3726,"downloading_duration":1006,"execution_duration":2128,"uploading_duration":592,"executable":"ellipsoids-openmp","args":["3.dat","32.log","32.xoutput"],"id":143,"resource":"2048","request_start":1576624218788,"request_end":1576624226863,"request_duration":8075,"type":"2048"}
{"start":1576624222953,"end":1576624226825,"duration":3872,"downloading_duration":1067,"execution_duration":2211,"uploading_duration":594,"executable":"ellipsoids-openmp","args":["2.dat","240.log","240.xoutput"],"id":136,"resource":"2048","request_start":1576624218714,"request_end":1576624226865,"request_duration":8151,"type":"2048"}
{"start":1576624223002,"end":1576624226842,"duration":3840,"downloading_duration":979,"execution_duration":2251,"uploading_duration":610,"executable":"ellipsoids-openmp","args":["2.dat","242.log","242.xoutput"],"id":138,"resource":"2048","request_start":1576624218715,"request_end":1576624226879,"request_duration":8164,"type":"2048"}
{"start":1576624223047,"end":1576624226849,"duration":3802,"downloading_duration":1025,"execution_duration":2207,"uploading_duration":570,"executable":"ellipsoids-openmp","args":["2.dat","22.log","22.xoutput"],"id":98,"resource":"2048","request_start":1576624218717,"request_end":1576624226882,"request_duration":8165,"type":"2048"}
{"start":1576624223063,"end":1576624226858,"duration":3795,"downloading_duration":1032,"execution_duration":2150,"uploading_duration":613,"executable":"ellipsoids-openmp","args":["3.dat","30.log","30.xoutput"],"id":141,"resource":"2048","request_start":1576624218787,"request_end":1576624226889,"request_duration":8102,"type":"2048"}
{"start":1576624223129,"end":1576624226866,"duration":3737,"downloading_duration":1097,"execution_duration":2047,"uploading_duration":593,"executable":"ellipsoids-openmp","args":["3.dat","35.log","35.xoutput"],"id":146,"resource":"2048","request_start":1576624218790,"request_end":1576624226895,"request_duration":8105,"type":"2048"}
{"start":1576624223007,"end":1576624226876,"duration":3869,"downloading_duration":1025,"execution_duration":2221,"uploading_duration":623,"executable":"ellipsoids-openmp","args":["2.dat","243.log","243.xoutput"],"id":139,"resource":"2048","request_start":1576624218715,"request_end":1576624226904,"request_duration":8189,"type":"2048"}
{"start":1576624222840,"end":1576624226875,"duration":4035,"downloading_duration":1075,"execution_duration":2373,"uploading_duration":587,"executable":"ellipsoids-openmp","args":["2.dat","226.log","226.xoutput"],"id":122,"resource":"2048","request_start":1576624218704,"request_end":1576624226906,"request_duration":8202,"type":"2048"}
{"start":1576624223012,"end":1576624226889,"duration":3877,"downloading_duration":1016,"execution_duration":2263,"uploading_duration":598,"executable":"ellipsoids-openmp","args":["2.dat","244.log","244.xoutput"],"id":140,"resource":"2048","request_start":1576624218716,"request_end":1576624226919,"request_duration":8203,"type":"2048"}
{"start":1576624222997,"end":1576624226892,"duration":3895,"downloading_duration":1064,"execution_duration":2266,"uploading_duration":565,"executable":"ellipsoids-openmp","args":["2.dat","241.log","241.xoutput"],"id":137,"resource":"2048","request_start":1576624218714,"request_end":1576624226921,"request_duration":8207,"type":"2048"}
{"start":1576624223215,"end":1576624226923,"duration":3708,"downloading_duration":1022,"execution_duration":2077,"uploading_duration":609,"executable":"ellipsoids-openmp","args":["3.dat","38.log","38.xoutput"],"id":149,"resource":"2048","request_start":1576624218792,"request_end":1576624226942,"request_duration":8150,"type":"2048"}
{"start":1576624223068,"end":1576624226924,"duration":3856,"downloading_duration":1092,"execution_duration":2189,"uploading_duration":575,"executable":"ellipsoids-openmp","args":["3.dat","31.log","31.xoutput"],"id":142,"resource":"2048","request_start":1576624218788,"request_end":1576624226944,"request_duration":8156,"type":"2048"}
{"start":1576624223051,"end":1576624226931,"duration":3880,"downloading_duration":1025,"execution_duration":2169,"uploading_duration":686,"executable":"ellipsoids-openmp","args":["2.dat","23.log","23.xoutput"],"id":99,"resource":"2048","request_start":1576624218718,"request_end":1576624226952,"request_duration":8234,"type":"2048"}
{"start":1576624222946,"end":1576624226941,"duration":3995,"downloading_duration":1079,"execution_duration":2267,"uploading_duration":649,"executable":"ellipsoids-openmp","args":["2.dat","239.log","239.xoutput"],"id":135,"resource":"2048","request_start":1576624218713,"request_end":1576624226993,"request_duration":8280,"type":"2048"}
{"start":1576624223182,"end":1576624227038,"duration":3856,"downloading_duration":1132,"execution_duration":2083,"uploading_duration":641,"executable":"ellipsoids-openmp","args":["3.dat","37.log","37.xoutput"],"id":148,"resource":"2048","request_start":1576624218791,"request_end":1576624227058,"request_duration":8267,"type":"2048"}
{"start":1576624222800,"end":1576624227058,"duration":4258,"downloading_duration":1052,"execution_duration":2311,"uploading_duration":895,"executable":"ellipsoids-openmp","args":["2.dat","222.log","222.xoutput"],"id":118,"resource":"2048","request_start":1576624218702,"request_end":1576624227078,"request_duration":8376,"type":"2048"}
{"start":1576624222877,"end":1576624227340,"duration":4463,"downloading_duration":1062,"execution_duration":2289,"uploading_duration":1112,"executable":"ellipsoids-openmp","args":["2.dat","232.log","232.xoutput"],"id":128,"resource":"2048","request_start":1576624218708,"request_end":1576624227362,"request_duration":8654,"type":"2048"}
{"start":1576624224583,"end":1576624228505,"duration":3922,"downloading_duration":1076,"execution_duration":2218,"uploading_duration":628,"executable":"ellipsoids-openmp","args":["3.dat","39.log","39.xoutput"],"id":150,"resource":"2048","request_start":1576624218792,"request_end":1576624228529,"request_duration":9737,"type":"2048"}
{"start":1576624226480,"end":1576624230269,"duration":3789,"downloading_duration":1092,"execution_duration":2054,"uploading_duration":643,"executable":"ellipsoids-openmp","args":["3.dat","310.log","310.xoutput"],"id":151,"resource":"2048","request_start":1576624218793,"request_end":1576624230289,"request_duration":11496,"type":"2048"}
{"start":1576624226609,"end":1576624230276,"duration":3667,"downloading_duration":976,"execution_duration":2111,"uploading_duration":580,"executable":"ellipsoids-openmp","args":["3.dat","312.log","312.xoutput"],"id":153,"resource":"2048","request_start":1576624218794,"request_end":1576624230299,"request_duration":11505,"type":"2048"}
{"start":1576624226791,"end":1576624230408,"duration":3617,"downloading_duration":992,"execution_duration":2055,"uploading_duration":570,"executable":"ellipsoids-openmp","args":["3.dat","320.log","320.xoutput"],"id":161,"resource":"2048","request_start":1576624218799,"request_end":1576624230429,"request_duration":11630,"type":"2048"}
{"start":1576624226618,"end":1576624230409,"duration":3791,"downloading_duration":1051,"execution_duration":2160,"uploading_duration":580,"executable":"ellipsoids-openmp","args":["3.dat","313.log","313.xoutput"],"id":154,"resource":"2048","request_start":1576624218795,"request_end":1576624230432,"request_duration":11637,"type":"2048"}
{"start":1576624226781,"end":1576624230424,"duration":3643,"downloading_duration":999,"execution_duration":2034,"uploading_duration":610,"executable":"ellipsoids-openmp","args":["3.dat","314.log","314.xoutput"],"id":155,"resource":"2048","request_start":1576624218795,"request_end":1576624230445,"request_duration":11650,"type":"2048"}
{"start":1576624226514,"end":1576624230441,"duration":3927,"downloading_duration":1002,"execution_duration":2122,"uploading_duration":803,"executable":"ellipsoids-openmp","args":["3.dat","311.log","311.xoutput"],"id":152,"resource":"2048","request_start":1576624218794,"request_end":1576624230546,"request_duration":11752,"type":"2048"}
{"start":1576624226789,"end":1576624230461,"duration":3672,"downloading_duration":986,"execution_duration":2097,"uploading_duration":589,"executable":"ellipsoids-openmp","args":["3.dat","318.log","318.xoutput"],"id":159,"resource":"2048","request_start":1576624218798,"request_end":1576624230550,"request_duration":11752,"type":"2048"}
{"start":1576624226875,"end":1576624230476,"duration":3601,"downloading_duration":989,"execution_duration":2033,"uploading_duration":579,"executable":"ellipsoids-openmp","args":["3.dat","338.log","338.xoutput"],"id":179,"resource":"2048","request_start":1576624218809,"request_end":1576624230554,"request_duration":11745,"type":"2048"}
{"start":1576624226819,"end":1576624230513,"duration":3694,"downloading_duration":994,"execution_duration":2112,"uploading_duration":588,"executable":"ellipsoids-openmp","args":["3.dat","324.log","324.xoutput"],"id":165,"resource":"2048","request_start":1576624218801,"request_end":1576624230558,"request_duration":11757,"type":"2048"}
{"start":1576624226786,"end":1576624230518,"duration":3732,"downloading_duration":988,"execution_duration":2149,"uploading_duration":595,"executable":"ellipsoids-openmp","args":["3.dat","316.log","316.xoutput"],"id":157,"resource":"2048","request_start":1576624218796,"request_end":1576624230560,"request_duration":11764,"type":"2048"}
{"start":1576624226840,"end":1576624230530,"duration":3690,"downloading_duration":991,"execution_duration":2104,"uploading_duration":595,"executable":"ellipsoids-openmp","args":["3.dat","330.log","330.xoutput"],"id":171,"resource":"2048","request_start":1576624218804,"request_end":1576624230563,"request_duration":11759,"type":"2048"}
{"start":1576624226788,"end":1576624230534,"duration":3746,"downloading_duration":1001,"execution_duration":2131,"uploading_duration":614,"executable":"ellipsoids-openmp","args":["3.dat","315.log","315.xoutput"],"id":156,"resource":"2048","request_start":1576624218796,"request_end":1576624230565,"request_duration":11769,"type":"2048"}
{"start":1576624226859,"end":1576624230542,"duration":3683,"downloading_duration":995,"execution_duration":2108,"uploading_duration":580,"executable":"ellipsoids-openmp","args":["3.dat","335.log","335.xoutput"],"id":176,"resource":"2048","request_start":1576624218807,"request_end":1576624230568,"request_duration":11761,"type":"2048"}
{"start":1576624226793,"end":1576624230548,"duration":3755,"downloading_duration":1071,"execution_duration":2014,"uploading_duration":670,"executable":"ellipsoids-openmp","args":["3.dat","319.log","319.xoutput"],"id":160,"resource":"2048","request_start":1576624218798,"request_end":1576624230581,"request_duration":11783,"type":"2048"}
{"start":1576624226905,"end":1576624230557,"duration":3652,"downloading_duration":1011,"execution_duration":2055,"uploading_duration":586,"executable":"ellipsoids-openmp","args":["3.dat","342.log","342.xoutput"],"id":183,"resource":"2048","request_start":1576624218811,"request_end":1576624230587,"request_duration":11776,"type":"2048"}
{"start":1576624226858,"end":1576624230557,"duration":3699,"downloading_duration":1074,"execution_duration":2066,"uploading_duration":559,"executable":"ellipsoids-openmp","args":["3.dat","336.log","336.xoutput"],"id":177,"resource":"2048","request_start":1576624218808,"request_end":1576624230589,"request_duration":11781,"type":"2048"}
{"start":1576624226882,"end":1576624230575,"duration":3693,"downloading_duration":1001,"execution_duration":2109,"uploading_duration":583,"executable":"ellipsoids-openmp","args":["3.dat","340.log","340.xoutput"],"id":181,"resource":"2048","request_start":1576624218810,"request_end":1576624230597,"request_duration":11787,"type":"2048"}
{"start":1576624226790,"end":1576624230578,"duration":3788,"downloading_duration":1062,"execution_duration":2089,"uploading_duration":637,"executable":"ellipsoids-openmp","args":["3.dat","321.log","321.xoutput"],"id":162,"resource":"2048","request_start":1576624218799,"request_end":1576624230648,"request_duration":11849,"type":"2048"}
{"start":1576624226833,"end":1576624230583,"duration":3750,"downloading_duration":1044,"execution_duration":2145,"uploading_duration":561,"executable":"ellipsoids-openmp","args":["3.dat","327.log","327.xoutput"],"id":168,"resource":"2048","request_start":1576624218803,"request_end":1576624230654,"request_duration":11851,"type":"2048"}
{"start":1576624226818,"end":1576624230586,"duration":3768,"downloading_duration":1079,"execution_duration":2077,"uploading_duration":612,"executable":"ellipsoids-openmp","args":["3.dat","323.log","323.xoutput"],"id":164,"resource":"2048","request_start":1576624218800,"request_end":1576624230657,"request_duration":11857,"type":"2048"}
{"start":1576624226811,"end":1576624230596,"duration":3785,"downloading_duration":1063,"execution_duration":2067,"uploading_duration":655,"executable":"ellipsoids-openmp","args":["3.dat","322.log","322.xoutput"],"id":163,"resource":"2048","request_start":1576624218800,"request_end":1576624230661,"request_duration":11861,"type":"2048"}
{"start":1576624226839,"end":1576624230618,"duration":3779,"downloading_duration":1039,"execution_duration":2119,"uploading_duration":621,"executable":"ellipsoids-openmp","args":["3.dat","329.log","329.xoutput"],"id":170,"resource":"2048","request_start":1576624218804,"request_end":1576624230666,"request_duration":11862,"type":"2048"}
{"start":1576624226845,"end":1576624230632,"duration":3787,"downloading_duration":1083,"execution_duration":2147,"uploading_duration":557,"executable":"ellipsoids-openmp","args":["3.dat","333.log","333.xoutput"],"id":174,"resource":"2048","request_start":1576624218806,"request_end":1576624230676,"request_duration":11870,"type":"2048"}
{"start":1576624226905,"end":1576624230645,"duration":3740,"downloading_duration":984,"execution_duration":2195,"uploading_duration":561,"executable":"ellipsoids-openmp","args":["3.dat","343.log","343.xoutput"],"id":184,"resource":"2048","request_start":1576624218811,"request_end":1576624230679,"request_duration":11868,"type":"2048"}
{"start":1576624226842,"end":1576624230649,"duration":3807,"downloading_duration":1024,"execution_duration":2136,"uploading_duration":647,"executable":"ellipsoids-openmp","args":["3.dat","332.log","332.xoutput"],"id":173,"resource":"2048","request_start":1576624218805,"request_end":1576624230682,"request_duration":11877,"type":"2048"}
{"start":1576624226846,"end":1576624230658,"duration":3812,"downloading_duration":1000,"execution_duration":2149,"uploading_duration":663,"executable":"ellipsoids-openmp","args":["3.dat","334.log","334.xoutput"],"id":175,"resource":"2048","request_start":1576624218807,"request_end":1576624230684,"request_duration":11877,"type":"2048"}
{"start":1576624226823,"end":1576624230666,"duration":3843,"downloading_duration":1074,"execution_duration":2117,"uploading_duration":652,"executable":"ellipsoids-openmp","args":["3.dat","325.log","325.xoutput"],"id":166,"resource":"2048","request_start":1576624218802,"request_end":1576624230695,"request_duration":11893,"type":"2048"}
{"start":1576624226837,"end":1576624230676,"duration":3839,"downloading_duration":1079,"execution_duration":2112,"uploading_duration":648,"executable":"ellipsoids-openmp","args":["3.dat","328.log","328.xoutput"],"id":169,"resource":"2048","request_start":1576624218803,"request_end":1576624230723,"request_duration":11920,"type":"2048"}
{"start":1576624226841,"end":1576624230680,"duration":3839,"downloading_duration":1082,"execution_duration":2142,"uploading_duration":615,"executable":"ellipsoids-openmp","args":["3.dat","331.log","331.xoutput"],"id":172,"resource":"2048","request_start":1576624218805,"request_end":1576624230727,"request_duration":11922,"type":"2048"}
{"start":1576624226896,"end":1576624230697,"duration":3801,"downloading_duration":1072,"execution_duration":2145,"uploading_duration":584,"executable":"ellipsoids-openmp","args":["3.dat","341.log","341.xoutput"],"id":182,"resource":"2048","request_start":1576624218810,"request_end":1576624230731,"request_duration":11921,"type":"2048"}
{"start":1576624226883,"end":1576624230721,"duration":3838,"downloading_duration":997,"execution_duration":2187,"uploading_duration":654,"executable":"ellipsoids-openmp","args":["3.dat","339.log","339.xoutput"],"id":180,"resource":"2048","request_start":1576624218809,"request_end":1576624230746,"request_duration":11937,"type":"2048"}
{"start":1576624226862,"end":1576624230720,"duration":3858,"downloading_duration":997,"execution_duration":2201,"uploading_duration":660,"executable":"ellipsoids-openmp","args":["3.dat","337.log","337.xoutput"],"id":178,"resource":"2048","request_start":1576624218808,"request_end":1576624230747,"request_duration":11939,"type":"2048"}
{"start":1576624226969,"end":1576624230734,"duration":3765,"downloading_duration":1029,"execution_duration":2131,"uploading_duration":605,"executable":"ellipsoids-openmp","args":["0.dat","011.log","011.xoutput"],"id":17,"resource":"2048","request_start":1576624218816,"request_end":1576624230760,"request_duration":11944,"type":"2048"}
{"start":1576624226908,"end":1576624230741,"duration":3833,"downloading_duration":1071,"execution_duration":2193,"uploading_duration":569,"executable":"ellipsoids-openmp","args":["0.dat","04.log","04.xoutput"],"id":10,"resource":"2048","request_start":1576624218812,"request_end":1576624230763,"request_duration":11951,"type":"2048"}
{"start":1576624226913,"end":1576624230784,"duration":3871,"downloading_duration":1080,"execution_duration":2155,"uploading_duration":636,"executable":"ellipsoids-openmp","args":["0.dat","05.log","05.xoutput"],"id":11,"resource":"2048","request_start":1576624218813,"request_end":1576624230805,"request_duration":11992,"type":"2048"}
{"start":1576624226908,"end":1576624230833,"duration":3925,"downloading_duration":1155,"execution_duration":2175,"uploading_duration":595,"executable":"ellipsoids-openmp","args":["3.dat","344.log","344.xoutput"],"id":185,"resource":"2048","request_start":1576624218812,"request_end":1576624230853,"request_duration":12041,"type":"2048"}
{"start":1576624226941,"end":1576624230845,"duration":3904,"downloading_duration":1072,"execution_duration":2245,"uploading_duration":587,"executable":"ellipsoids-openmp","args":["0.dat","08.log","08.xoutput"],"id":14,"resource":"2048","request_start":1576624218814,"request_end":1576624230864,"request_duration":12050,"type":"2048"}
{"start":1576624226824,"end":1576624230873,"duration":4049,"downloading_duration":1069,"execution_duration":2130,"uploading_duration":850,"executable":"ellipsoids-openmp","args":["3.dat","326.log","326.xoutput"],"id":167,"resource":"2048","request_start":1576624218802,"request_end":1576624230892,"request_duration":12090,"type":"2048"}
{"start":1576624226975,"end":1576624230878,"duration":3903,"downloading_duration":1084,"execution_duration":2245,"uploading_duration":574,"executable":"ellipsoids-openmp","args":["0.dat","013.log","013.xoutput"],"id":19,"resource":"2048","request_start":1576624218817,"request_end":1576624230900,"request_duration":12083,"type":"2048"}
{"start":1576624226951,"end":1576624230895,"duration":3944,"downloading_duration":1076,"execution_duration":2295,"uploading_duration":573,"executable":"ellipsoids-openmp","args":["0.dat","010.log","010.xoutput"],"id":16,"resource":"2048","request_start":1576624218815,"request_end":1576624230915,"request_duration":12100,"type":"2048"}
{"start":1576624226948,"end":1576624230949,"duration":4001,"downloading_duration":1047,"execution_duration":2354,"uploading_duration":600,"executable":"ellipsoids-openmp","args":["0.dat","09.log","09.xoutput"],"id":15,"resource":"2048","request_start":1576624218815,"request_end":1576624230973,"request_duration":12158,"type":"2048"}
{"start":1576624226976,"end":1576624230958,"duration":3982,"downloading_duration":1108,"execution_duration":2293,"uploading_duration":581,"executable":"ellipsoids-openmp","args":["0.dat","012.log","012.xoutput"],"id":18,"resource":"2048","request_start":1576624218816,"request_end":1576624230979,"request_duration":12163,"type":"2048"}
{"start":1576624227022,"end":1576624230992,"duration":3970,"downloading_duration":1072,"execution_duration":2342,"uploading_duration":556,"executable":"ellipsoids-openmp","args":["0.dat","014.log","014.xoutput"],"id":20,"resource":"2048","request_start":1576624218817,"request_end":1576624231010,"request_duration":12193,"type":"2048"}
{"start":1576624227084,"end":1576624231050,"duration":3966,"downloading_duration":1016,"execution_duration":2369,"uploading_duration":581,"executable":"ellipsoids-openmp","args":["0.dat","015.log","015.xoutput"],"id":21,"resource":"2048","request_start":1576624218818,"request_end":1576624231073,"request_duration":12255,"type":"2048"}
{"start":1576624226930,"end":1576624231071,"duration":4141,"downloading_duration":1147,"execution_duration":2388,"uploading_duration":606,"executable":"ellipsoids-openmp","args":["0.dat","07.log","07.xoutput"],"id":13,"resource":"2048","request_start":1576624218814,"request_end":1576624231093,"request_duration":12279,"type":"2048"}
{"start":1576624227105,"end":1576624231081,"duration":3976,"downloading_duration":1067,"execution_duration":2326,"uploading_duration":583,"executable":"ellipsoids-openmp","args":["0.dat","016.log","016.xoutput"],"id":22,"resource":"2048","request_start":1576624218818,"request_end":1576624231100,"request_duration":12282,"type":"2048"}
{"start":1576624226919,"end":1576624231171,"duration":4252,"downloading_duration":1358,"execution_duration":2337,"uploading_duration":557,"executable":"ellipsoids-openmp","args":["0.dat","06.log","06.xoutput"],"id":12,"resource":"2048","request_start":1576624218813,"request_end":1576624231191,"request_duration":12378,"type":"2048"}
{"start":1576624227393,"end":1576624231274,"duration":3881,"downloading_duration":1029,"execution_duration":2225,"uploading_duration":627,"executable":"ellipsoids-openmp","args":["0.dat","017.log","017.xoutput"],"id":23,"resource":"2048","request_start":1576624218819,"request_end":1576624231295,"request_duration":12476,"type":"2048"}
{"start":1576624230777,"end":1576624232256,"duration":1479,"downloading_duration":1015,"execution_duration":3,"uploading_duration":461,"executable":"mean-pack-ell","args":["10.xoutput","11.xoutput","12.xoutput","13.xoutput","14.xoutput","15.xoutput","16.xoutput","17.xoutput","18.xoutput","19.xoutput","110.xoutput","111.xoutput","112.xoutput","113.xoutput","114.xoutput","115.xoutput","116.xoutput","117.xoutput","118.xoutput","119.xoutput","120.xoutput","121.xoutput","122.xoutput","123.xoutput","124.xoutput","125.xoutput","126.xoutput","127.xoutput","128.xoutput","129.xoutput","130.xoutput","131.xoutput","132.xoutput","133.xoutput","134.xoutput","135.xoutput","136.xoutput","137.xoutput","138.xoutput","139.xoutput","140.xoutput","141.xoutput","142.xoutput","143.xoutput","144.xoutput","average_1.txt"],"id":187,"resource":"2048","request_start":1576624224571,"request_end":1576624232281,"request_duration":7710,"type":"2048"}
{"start":1576624230781,"end":1576624232286,"duration":1505,"downloading_duration":1111,"execution_duration":4,"uploading_duration":390,"executable":"mean-pack-ell","args":["20.xoutput","21.xoutput","22.xoutput","23.xoutput","24.xoutput","25.xoutput","26.xoutput","27.xoutput","28.xoutput","29.xoutput","210.xoutput","211.xoutput","212.xoutput","213.xoutput","214.xoutput","215.xoutput","216.xoutput","217.xoutput","218.xoutput","219.xoutput","220.xoutput","221.xoutput","222.xoutput","223.xoutput","224.xoutput","225.xoutput","226.xoutput","227.xoutput","228.xoutput","229.xoutput","230.xoutput","231.xoutput","232.xoutput","233.xoutput","234.xoutput","235.xoutput","236.xoutput","237.xoutput","238.xoutput","239.xoutput","240.xoutput","241.xoutput","242.xoutput","243.xoutput","244.xoutput","average_2.txt"],"id":188,"resource":"2048","request_start":1576624227369,"request_end":1576624232306,"request_duration":4937,"type":"2048"}
{"start":1576624228557,"end":1576624232449,"duration":3892,"downloading_duration":1046,"execution_duration":2283,"uploading_duration":563,"executable":"ellipsoids-openmp","args":["0.dat","018.log","018.xoutput"],"id":24,"resource":"2048","request_start":1576624218819,"request_end":1576624232473,"request_duration":13654,"type":"2048"}
{"start":1576624230317,"end":1576624234113,"duration":3796,"downloading_duration":988,"execution_duration":2223,"uploading_duration":585,"executable":"ellipsoids-openmp","args":["0.dat","019.log","019.xoutput"],"id":25,"resource":"2048","request_start":1576624218820,"request_end":1576624234134,"request_duration":15314,"type":"2048"}
{"start":1576624230481,"end":1576624234174,"duration":3693,"downloading_duration":998,"execution_duration":2134,"uploading_duration":561,"executable":"ellipsoids-openmp","args":["0.dat","023.log","023.xoutput"],"id":29,"resource":"2048","request_start":1576624218822,"request_end":1576624234195,"request_duration":15373,"type":"2048"}
{"start":1576624230327,"end":1576624234185,"duration":3858,"downloading_duration":1096,"execution_duration":2201,"uploading_duration":561,"executable":"ellipsoids-openmp","args":["0.dat","020.log","020.xoutput"],"id":26,"resource":"2048","request_start":1576624218820,"request_end":1576624234205,"request_duration":15385,"type":"2048"}
{"start":1576624230598,"end":1576624234341,"duration":3743,"downloading_duration":992,"execution_duration":2150,"uploading_duration":601,"executable":"ellipsoids-openmp","args":["0.dat","028.log","028.xoutput"],"id":34,"resource":"2048","request_start":1576624218825,"request_end":1576624234373,"request_duration":15548,"type":"2048"}
{"start":1576624230609,"end":1576624234359,"duration":3750,"downloading_duration":999,"execution_duration":2146,"uploading_duration":605,"executable":"ellipsoids-openmp","args":["0.dat","032.log","032.xoutput"],"id":38,"resource":"2048","request_start":1576624218828,"request_end":1576624234391,"request_duration":15563,"type":"2048"}
{"start":1576624230598,"end":1576624234410,"duration":3812,"downloading_duration":1027,"execution_duration":2217,"uploading_duration":568,"executable":"ellipsoids-openmp","args":["0.dat","030.log","030.xoutput"],"id":36,"resource":"2048","request_start":1576624218826,"request_end":1576624234436,"request_duration":15610,"type":"2048"}
{"start":1576624230597,"end":1576624234411,"duration":3814,"downloading_duration":982,"execution_duration":2245,"uploading_duration":587,"executable":"ellipsoids-openmp","args":["0.dat","029.log","029.xoutput"],"id":35,"resource":"2048","request_start":1576624218826,"request_end":1576624234437,"request_duration":15611,"type":"2048"}
{"start":1576624230596,"end":1576624234427,"duration":3831,"downloading_duration":998,"execution_duration":2176,"uploading_duration":657,"executable":"ellipsoids-openmp","args":["0.dat","027.log","027.xoutput"],"id":33,"resource":"2048","request_start":1576624218824,"request_end":1576624234449,"request_duration":15625,"type":"2048"}
{"start":1576624230593,"end":1576624234441,"duration":3848,"downloading_duration":1002,"execution_duration":2198,"uploading_duration":648,"executable":"ellipsoids-openmp","args":["0.dat","024.log","024.xoutput"],"id":30,"resource":"2048","request_start":1576624218822,"request_end":1576624234596,"request_duration":15774,"type":"2048"}
{"start":1576624230694,"end":1576624234450,"duration":3756,"downloading_duration":983,"execution_duration":2199,"uploading_duration":574,"executable":"ellipsoids-openmp","args":["0.dat","039.log","039.xoutput"],"id":45,"resource":"2048","request_start":1576624218831,"request_end":1576624234602,"request_duration":15771,"type":"2048"}
{"start":1576624230697,"end":1576624234478,"duration":3781,"downloading_duration":1004,"execution_duration":2220,"uploading_duration":557,"executable":"ellipsoids-openmp","args":["0.dat","040.log","040.xoutput"],"id":46,"resource":"2048","request_start":1576624218832,"request_end":1576624234607,"request_duration":15775,"type":"2048"}
{"start":1576624230600,"end":1576624234483,"duration":3883,"downloading_duration":1009,"execution_duration":2276,"uploading_duration":598,"executable":"ellipsoids-openmp","args":["0.dat","031.log","031.xoutput"],"id":37,"resource":"2048","request_start":1576624218827,"request_end":1576624234608,"request_duration":15781,"type":"2048"}
{"start":1576624230614,"end":1576624234496,"duration":3882,"downloading_duration":1002,"execution_duration":2282,"uploading_duration":598,"executable":"ellipsoids-openmp","args":["0.dat","033.log","033.xoutput"],"id":39,"resource":"2048","request_start":1576624218828,"request_end":1576624234610,"request_duration":15782,"type":"2048"}
{"start":1576624230692,"end":1576624234504,"duration":3812,"downloading_duration":1096,"execution_duration":2140,"uploading_duration":576,"executable":"ellipsoids-openmp","args":["0.dat","036.log","036.xoutput"],"id":42,"resource":"2048","request_start":1576624218830,"request_end":1576624234611,"request_duration":15781,"type":"2048"}
{"start":1576624230614,"end":1576624234518,"duration":3904,"downloading_duration":1150,"execution_duration":2178,"uploading_duration":576,"executable":"ellipsoids-openmp","args":["0.dat","034.log","034.xoutput"],"id":40,"resource":"2048","request_start":1576624218829,"request_end":1576624234613,"request_duration":15784,"type":"2048"}
{"start":1576624230597,"end":1576624234544,"duration":3947,"downloading_duration":983,"execution_duration":2195,"uploading_duration":769,"executable":"ellipsoids-openmp","args":["0.dat","026.log","026.xoutput"],"id":32,"resource":"2048","request_start":1576624218823,"request_end":1576624234617,"request_duration":15794,"type":"2048"}
{"start":1576624230760,"end":1576624234556,"duration":3796,"downloading_duration":991,"execution_duration":2218,"uploading_duration":587,"executable":"ellipsoids-openmp","args":["0.dat","03.log","03.xoutput"],"id":9,"resource":"2048","request_start":1576624218836,"request_end":1576624234619,"request_duration":15783,"type":"2048"}
{"start":1576624230631,"end":1576624234587,"duration":3956,"downloading_duration":1087,"execution_duration":2295,"uploading_duration":574,"executable":"ellipsoids-openmp","args":["0.dat","035.log","035.xoutput"],"id":41,"resource":"2048","request_start":1576624218829,"request_end":1576624234641,"request_duration":15812,"type":"2048"}
{"start":1576624230720,"end":1576624234634,"duration":3914,"downloading_duration":1084,"execution_duration":2271,"uploading_duration":559,"executable":"ellipsoids-openmp","args":["0.dat","00.log","00.xoutput"],"id":6,"resource":"2048","request_start":1576624218834,"request_end":1576624234654,"request_duration":15820,"type":"2048"}
{"start":1576624230709,"end":1576624234636,"duration":3927,"downloading_duration":996,"execution_duration":2290,"uploading_duration":641,"executable":"ellipsoids-openmp","args":["0.dat","044.log","044.xoutput"],"id":50,"resource":"2048","request_start":1576624218834,"request_end":1576624234657,"request_duration":15823,"type":"2048"}
{"start":1576624230761,"end":1576624234645,"duration":3884,"downloading_duration":1094,"execution_duration":2213,"uploading_duration":577,"executable":"ellipsoids-openmp","args":["0.dat","02.log","02.xoutput"],"id":8,"resource":"2048","request_start":1576624218836,"request_end":1576624234697,"request_duration":15861,"type":"2048"}
{"start":1576624230695,"end":1576624234646,"duration":3951,"downloading_duration":1063,"execution_duration":2328,"uploading_duration":560,"executable":"ellipsoids-openmp","args":["0.dat","038.log","038.xoutput"],"id":44,"resource":"2048","request_start":1576624218831,"request_end":1576624234700,"request_duration":15869,"type":"2048"}
{"start":1576624230709,"end":1576624234651,"duration":3942,"downloading_duration":1083,"execution_duration":2278,"uploading_duration":581,"executable":"ellipsoids-openmp","args":["0.dat","043.log","043.xoutput"],"id":49,"resource":"2048","request_start":1576624218833,"request_end":1576624234704,"request_duration":15871,"type":"2048"}
{"start":1576624230700,"end":1576624234653,"duration":3953,"downloading_duration":1079,"execution_duration":2304,"uploading_duration":570,"executable":"ellipsoids-openmp","args":["0.dat","041.log","041.xoutput"],"id":47,"resource":"2048","request_start":1576624218832,"request_end":1576624234708,"request_duration":15876,"type":"2048"}
{"start":1576624230694,"end":1576624234683,"duration":3989,"downloading_duration":1071,"execution_duration":2315,"uploading_duration":603,"executable":"ellipsoids-openmp","args":["0.dat","037.log","037.xoutput"],"id":43,"resource":"2048","request_start":1576624218830,"request_end":1576624234722,"request_duration":15892,"type":"2048"}
{"start":1576624230704,"end":1576624234698,"duration":3994,"downloading_duration":1129,"execution_duration":2191,"uploading_duration":674,"executable":"ellipsoids-openmp","args":["0.dat","042.log","042.xoutput"],"id":48,"resource":"2048","request_start":1576624218833,"request_end":1576624234725,"request_duration":15892,"type":"2048"}
{"start":1576624230453,"end":1576624234703,"duration":4250,"downloading_duration":1143,"execution_duration":2349,"uploading_duration":758,"executable":"ellipsoids-openmp","args":["0.dat","021.log","021.xoutput"],"id":27,"resource":"2048","request_start":1576624218821,"request_end":1576624234731,"request_duration":15910,"type":"2048"}
{"start":1576624230754,"end":1576624234715,"duration":3961,"downloading_duration":1089,"execution_duration":2268,"uploading_duration":604,"executable":"ellipsoids-openmp","args":["0.dat","01.log","01.xoutput"],"id":7,"resource":"2048","request_start":1576624218835,"request_end":1576624234737,"request_duration":15902,"type":"2048"}
{"start":1576624230461,"end":1576624235250,"duration":4789,"downloading_duration":999,"execution_duration":2198,"uploading_duration":1592,"executable":"ellipsoids-openmp","args":["0.dat","022.log","022.xoutput"],"id":28,"resource":"2048","request_start":1576624218821,"request_end":1576624235273,"request_duration":16452,"type":"2048"}
{"start":1576624230592,"end":1576624236629,"duration":6037,"downloading_duration":3233,"execution_duration":2223,"uploading_duration":581,"executable":"ellipsoids-openmp","args":["0.dat","025.log","025.xoutput"],"id":31,"resource":"2048","request_start":1576624218823,"request_end":1576624236653,"request_duration":17830,"type":"2048"}
{"start":1576624236761,"end":1576624238174,"duration":1413,"downloading_duration":1036,"execution_duration":3,"uploading_duration":374,"executable":"mean-pack-ell","args":["00.xoutput","01.xoutput","02.xoutput","03.xoutput","04.xoutput","05.xoutput","06.xoutput","07.xoutput","08.xoutput","09.xoutput","010.xoutput","011.xoutput","012.xoutput","013.xoutput","014.xoutput","015.xoutput","016.xoutput","017.xoutput","018.xoutput","019.xoutput","020.xoutput","021.xoutput","022.xoutput","023.xoutput","024.xoutput","025.xoutput","026.xoutput","027.xoutput","028.xoutput","029.xoutput","030.xoutput","031.xoutput","032.xoutput","033.xoutput","034.xoutput","035.xoutput","036.xoutput","037.xoutput","038.xoutput","039.xoutput","040.xoutput","041.xoutput","042.xoutput","043.xoutput","044.xoutput","average_0.txt"],"id":186,"resource":"2048","request_start":1576624236660,"request_end":1576624238195,"request_duration":1535,"type":"2048"}
{"start":1576624226787,"end":1576624238177,"duration":11390,"downloading_duration":8599,"execution_duration":2176,"uploading_duration":615,"executable":"ellipsoids-openmp","args":["3.dat","317.log","317.xoutput"],"id":158,"resource":"2048","request_start":1576624218797,"request_end":1576624238197,"request_duration":19400,"type":"2048"}
{"start":1576624238329,"end":1576624239809,"duration":1480,"downloading_duration":1105,"execution_duration":3,"uploading_duration":372,"executable":"mean-pack-ell","args":["30.xoutput","31.xoutput","32.xoutput","33.xoutput","34.xoutput","35.xoutput","36.xoutput","37.xoutput","38.xoutput","39.xoutput","310.xoutput","311.xoutput","312.xoutput","313.xoutput","314.xoutput","315.xoutput","316.xoutput","317.xoutput","318.xoutput","319.xoutput","320.xoutput","321.xoutput","322.xoutput","323.xoutput","324.xoutput","325.xoutput","326.xoutput","327.xoutput","328.xoutput","329.xoutput","330.xoutput","331.xoutput","332.xoutput","333.xoutput","334.xoutput","335.xoutput","336.xoutput","337.xoutput","338.xoutput","339.xoutput","340.xoutput","341.xoutput","342.xoutput","343.xoutput","344.xoutput","average_3.txt"],"id":189,"resource":"2048","request_start":1576624238219,"request_end":1576624239828,"request_duration":1609,"type":"2048"}
{"start":1576624239954,"end":1576624240884,"duration":930,"downloading_duration":433,"execution_duration":66,"uploading_duration":431,"executable":"summary.js","args":[],"id":190,"resource":"2048","request_start":1576624239837,"request_end":1576624240902,"request_duration":1065,"type":"2048"}
