{"start":1576624194781,"end":1576624195591,"duration":810,"downloading_duration":372,"execution_duration":64,"uploading_duration":374,"executable":"generateData.js","args":[],"id":1,"resource":"2048","request_start":1576624194629,"request_end":1576624195623,"request_duration":994,"type":"2048"}
{"start":1576624195809,"end":1576624196650,"duration":841,"downloading_duration":372,"execution_duration":59,"uploading_duration":410,"executable":"createDat.js","args":["1.dat"],"id":3,"resource":"2048","request_start":1576624195641,"request_end":1576624196669,"request_duration":1028,"type":"2048"}
{"start":1576624195802,"end":1576624196657,"duration":855,"downloading_duration":383,"execution_duration":62,"uploading_duration":410,"executable":"createDat.js","args":["0.dat"],"id":2,"resource":"2048","request_start":1576624195636,"request_end":1576624196688,"request_duration":1052,"type":"2048"}
{"start":1576624195889,"end":1576624196718,"duration":829,"downloading_duration":382,"execution_duration":63,"uploading_duration":384,"executable":"createDat.js","args":["3.dat"],"id":5,"resource":"2048","request_start":1576624195647,"request_end":1576624196804,"request_duration":1157,"type":"2048"}
{"start":1576624195877,"end":1576624196755,"duration":878,"downloading_duration":376,"execution_duration":60,"uploading_duration":442,"executable":"createDat.js","args":["2.dat"],"id":4,"resource":"2048","request_start":1576624195644,"request_end":1576624196804,"request_duration":1160,"type":"2048"}
{"start":1576624197246,"end":1576624200926,"duration":3680,"downloading_duration":984,"execution_duration":2136,"uploading_duration":560,"executable":"ellipsoids-openmp","args":["1.dat","18.log","18.xoutput"],"id":59,"resource":"2048","request_start":1576624196728,"request_end":1576624200948,"request_duration":4220,"type":"2048"}
{"start":1576624197263,"end":1576624201076,"duration":3813,"downloading_duration":983,"execution_duration":2250,"uploading_duration":580,"executable":"ellipsoids-openmp","args":["1.dat","124.log","124.xoutput"],"id":75,"resource":"2048","request_start":1576624196747,"request_end":1576624201097,"request_duration":4350,"type":"2048"}
{"start":1576624197321,"end":1576624201143,"duration":3822,"downloading_duration":994,"execution_duration":2270,"uploading_duration":558,"executable":"ellipsoids-openmp","args":["1.dat","134.log","134.xoutput"],"id":85,"resource":"2048","request_start":1576624196758,"request_end":1576624201164,"request_duration":4406,"type":"2048"}
{"start":1576624197320,"end":1576624201170,"duration":3850,"downloading_duration":1001,"execution_duration":2282,"uploading_duration":567,"executable":"ellipsoids-openmp","args":["1.dat","139.log","139.xoutput"],"id":90,"resource":"2048","request_start":1576624196765,"request_end":1576624201190,"request_duration":4425,"type":"2048"}
{"start":1576624197327,"end":1576624201170,"duration":3843,"downloading_duration":1037,"execution_duration":2233,"uploading_duration":573,"executable":"ellipsoids-openmp","args":["0.dat","05.log","05.xoutput"],"id":11,"resource":"2048","request_start":1576624196815,"request_end":1576624201192,"request_duration":4377,"type":"2048"}
{"start":1576624197253,"end":1576624201176,"duration":3923,"downloading_duration":995,"execution_duration":2334,"uploading_duration":594,"executable":"ellipsoids-openmp","args":["1.dat","16.log","16.xoutput"],"id":57,"resource":"2048","request_start":1576624196726,"request_end":1576624201252,"request_duration":4526,"type":"2048"}
{"start":1576624197312,"end":1576624201226,"duration":3914,"downloading_duration":1019,"execution_duration":2334,"uploading_duration":561,"executable":"ellipsoids-openmp","args":["1.dat","129.log","129.xoutput"],"id":80,"resource":"2048","request_start":1576624196751,"request_end":1576624201261,"request_duration":4510,"type":"2048"}
{"start":1576624197289,"end":1576624201240,"duration":3951,"downloading_duration":1083,"execution_duration":2276,"uploading_duration":592,"executable":"ellipsoids-openmp","args":["1.dat","122.log","122.xoutput"],"id":73,"resource":"2048","request_start":1576624196745,"request_end":1576624201274,"request_duration":4529,"type":"2048"}
{"start":1576624197317,"end":1576624201243,"duration":3926,"downloading_duration":1090,"execution_duration":2251,"uploading_duration":585,"executable":"ellipsoids-openmp","args":["1.dat","140.log","140.xoutput"],"id":91,"resource":"2048","request_start":1576624196765,"request_end":1576624201277,"request_duration":4512,"type":"2048"}
{"start":1576624197305,"end":1576624201248,"duration":3943,"downloading_duration":1038,"execution_duration":2311,"uploading_duration":594,"executable":"ellipsoids-openmp","args":["1.dat","128.log","128.xoutput"],"id":79,"resource":"2048","request_start":1576624196750,"request_end":1576624201280,"request_duration":4530,"type":"2048"}
{"start":1576624197325,"end":1576624201261,"duration":3936,"downloading_duration":1111,"execution_duration":2238,"uploading_duration":587,"executable":"ellipsoids-openmp","args":["1.dat","142.log","142.xoutput"],"id":93,"resource":"2048","request_start":1576624196767,"request_end":1576624201287,"request_duration":4520,"type":"2048"}
{"start":1576624197458,"end":1576624201288,"duration":3830,"downloading_duration":1090,"execution_duration":2152,"uploading_duration":588,"executable":"ellipsoids-openmp","args":["1.dat","14.log","14.xoutput"],"id":55,"resource":"2048","request_start":1576624196723,"request_end":1576624201415,"request_duration":4692,"type":"2048"}
{"start":1576624197308,"end":1576624201289,"duration":3981,"downloading_duration":1028,"execution_duration":2336,"uploading_duration":617,"executable":"ellipsoids-openmp","args":["1.dat","135.log","135.xoutput"],"id":86,"resource":"2048","request_start":1576624196761,"request_end":1576624201417,"request_duration":4656,"type":"2048"}
{"start":1576624197319,"end":1576624201293,"duration":3974,"downloading_duration":1090,"execution_duration":2252,"uploading_duration":632,"executable":"ellipsoids-openmp","args":["0.dat","04.log","04.xoutput"],"id":10,"resource":"2048","request_start":1576624196814,"request_end":1576624201420,"request_duration":4606,"type":"2048"}
{"start":1576624197488,"end":1576624201302,"duration":3814,"downloading_duration":1030,"execution_duration":2209,"uploading_duration":575,"executable":"ellipsoids-openmp","args":["1.dat","110.log","110.xoutput"],"id":61,"resource":"2048","request_start":1576624196730,"request_end":1576624201422,"request_duration":4692,"type":"2048"}
{"start":1576624197310,"end":1576624201318,"duration":4008,"downloading_duration":1179,"execution_duration":2184,"uploading_duration":645,"executable":"ellipsoids-openmp","args":["1.dat","127.log","127.xoutput"],"id":78,"resource":"2048","request_start":1576624196749,"request_end":1576624201425,"request_duration":4676,"type":"2048"}
{"start":1576624197266,"end":1576624201339,"duration":4073,"downloading_duration":1204,"execution_duration":2239,"uploading_duration":630,"executable":"ellipsoids-openmp","args":["1.dat","125.log","125.xoutput"],"id":76,"resource":"2048","request_start":1576624196747,"request_end":1576624201427,"request_duration":4680,"type":"2048"}
{"start":1576624197308,"end":1576624201345,"duration":4037,"downloading_duration":1095,"execution_duration":2339,"uploading_duration":603,"executable":"ellipsoids-openmp","args":["1.dat","126.log","126.xoutput"],"id":77,"resource":"2048","request_start":1576624196748,"request_end":1576624201430,"request_duration":4682,"type":"2048"}
{"start":1576624197315,"end":1576624201360,"duration":4045,"downloading_duration":1146,"execution_duration":2295,"uploading_duration":604,"executable":"ellipsoids-openmp","args":["1.dat","138.log","138.xoutput"],"id":89,"resource":"2048","request_start":1576624196764,"request_end":1576624201431,"request_duration":4667,"type":"2048"}
{"start":1576624197327,"end":1576624201368,"duration":4041,"downloading_duration":1155,"execution_duration":2239,"uploading_duration":647,"executable":"ellipsoids-openmp","args":["0.dat","06.log","06.xoutput"],"id":12,"resource":"2048","request_start":1576624196815,"request_end":1576624201434,"request_duration":4619,"type":"2048"}
{"start":1576624197487,"end":1576624201379,"duration":3892,"downloading_duration":1043,"execution_duration":2214,"uploading_duration":635,"executable":"ellipsoids-openmp","args":["1.dat","114.log","114.xoutput"],"id":65,"resource":"2048","request_start":1576624196735,"request_end":1576624201436,"request_duration":4701,"type":"2048"}
{"start":1576624197418,"end":1576624201380,"duration":3962,"downloading_duration":985,"execution_duration":2344,"uploading_duration":633,"executable":"ellipsoids-openmp","args":["1.dat","13.log","13.xoutput"],"id":54,"resource":"2048","request_start":1576624196722,"request_end":1576624201451,"request_duration":4729,"type":"2048"}
{"start":1576624197325,"end":1576624201383,"duration":4058,"downloading_duration":1094,"execution_duration":2321,"uploading_duration":643,"executable":"ellipsoids-openmp","args":["1.dat","141.log","141.xoutput"],"id":92,"resource":"2048","request_start":1576624196766,"request_end":1576624201452,"request_duration":4686,"type":"2048"}
{"start":1576624197550,"end":1576624201389,"duration":3839,"downloading_duration":1033,"execution_duration":2217,"uploading_duration":589,"executable":"ellipsoids-openmp","args":["1.dat","117.log","117.xoutput"],"id":68,"resource":"2048","request_start":1576624196737,"request_end":1576624201453,"request_duration":4716,"type":"2048"}
{"start":1576624197450,"end":1576624201420,"duration":3970,"downloading_duration":1031,"execution_duration":2197,"uploading_duration":742,"executable":"ellipsoids-openmp","args":["1.dat","11.log","11.xoutput"],"id":52,"resource":"2048","request_start":1576624196719,"request_end":1576624201462,"request_duration":4743,"type":"2048"}
{"start":1576624197488,"end":1576624201426,"duration":3938,"downloading_duration":1093,"execution_duration":2254,"uploading_duration":591,"executable":"ellipsoids-openmp","args":["1.dat","113.log","113.xoutput"],"id":64,"resource":"2048","request_start":1576624196734,"request_end":1576624201464,"request_duration":4730,"type":"2048"}
{"start":1576624197549,"end":1576624201428,"duration":3879,"downloading_duration":992,"execution_duration":2258,"uploading_duration":629,"executable":"ellipsoids-openmp","args":["1.dat","116.log","116.xoutput"],"id":67,"resource":"2048","request_start":1576624196736,"request_end":1576624201467,"request_duration":4731,"type":"2048"}
{"start":1576624197577,"end":1576624201436,"duration":3859,"downloading_duration":1025,"execution_duration":2221,"uploading_duration":613,"executable":"ellipsoids-openmp","args":["1.dat","17.log","17.xoutput"],"id":58,"resource":"2048","request_start":1576624196727,"request_end":1576624201470,"request_duration":4743,"type":"2048"}
{"start":1576624197579,"end":1576624201439,"duration":3860,"downloading_duration":1038,"execution_duration":2238,"uploading_duration":584,"executable":"ellipsoids-openmp","args":["1.dat","119.log","119.xoutput"],"id":70,"resource":"2048","request_start":1576624196739,"request_end":1576624201480,"request_duration":4741,"type":"2048"}
{"start":1576624197574,"end":1576624201449,"duration":3875,"downloading_duration":1038,"execution_duration":2236,"uploading_duration":601,"executable":"ellipsoids-openmp","args":["1.dat","132.log","132.xoutput"],"id":83,"resource":"2048","request_start":1576624196755,"request_end":1576624201481,"request_duration":4726,"type":"2048"}
{"start":1576624197447,"end":1576624201456,"duration":4009,"downloading_duration":1085,"execution_duration":2296,"uploading_duration":628,"executable":"ellipsoids-openmp","args":["1.dat","10.log","10.xoutput"],"id":51,"resource":"2048","request_start":1576624196718,"request_end":1576624201486,"request_duration":4768,"type":"2048"}
{"start":1576624197547,"end":1576624201457,"duration":3910,"downloading_duration":1088,"execution_duration":2255,"uploading_duration":567,"executable":"ellipsoids-openmp","args":["1.dat","120.log","120.xoutput"],"id":71,"resource":"2048","request_start":1576624196740,"request_end":1576624201488,"request_duration":4748,"type":"2048"}
{"start":1576624197553,"end":1576624201467,"duration":3914,"downloading_duration":1036,"execution_duration":2224,"uploading_duration":654,"executable":"ellipsoids-openmp","args":["1.dat","118.log","118.xoutput"],"id":69,"resource":"2048","request_start":1576624196738,"request_end":1576624201500,"request_duration":4762,"type":"2048"}
{"start":1576624197326,"end":1576624201476,"duration":4150,"downloading_duration":1071,"execution_duration":2211,"uploading_duration":868,"executable":"ellipsoids-openmp","args":["0.dat","08.log","08.xoutput"],"id":14,"resource":"2048","request_start":1576624196817,"request_end":1576624201503,"request_duration":4686,"type":"2048"}
{"start":1576624197576,"end":1576624201476,"duration":3900,"downloading_duration":1082,"execution_duration":2205,"uploading_duration":613,"executable":"ellipsoids-openmp","args":["1.dat","12.log","12.xoutput"],"id":53,"resource":"2048","request_start":1576624196721,"request_end":1576624201505,"request_duration":4784,"type":"2048"}
{"start":1576624197655,"end":1576624201487,"duration":3832,"downloading_duration":1022,"execution_duration":2244,"uploading_duration":566,"executable":"ellipsoids-openmp","args":["1.dat","144.log","144.xoutput"],"id":95,"resource":"2048","request_start":1576624196769,"request_end":1576624201513,"request_duration":4744,"type":"2048"}
{"start":1576624197548,"end":1576624201488,"duration":3940,"downloading_duration":1000,"execution_duration":2211,"uploading_duration":729,"executable":"ellipsoids-openmp","args":["1.dat","111.log","111.xoutput"],"id":62,"resource":"2048","request_start":1576624196731,"request_end":1576624201520,"request_duration":4789,"type":"2048"}
{"start":1576624197578,"end":1576624201492,"duration":3914,"downloading_duration":1083,"execution_duration":2221,"uploading_duration":610,"executable":"ellipsoids-openmp","args":["1.dat","131.log","131.xoutput"],"id":82,"resource":"2048","request_start":1576624196754,"request_end":1576624201522,"request_duration":4768,"type":"2048"}
{"start":1576624197656,"end":1576624201502,"duration":3846,"downloading_duration":1008,"execution_duration":2274,"uploading_duration":564,"executable":"ellipsoids-openmp","args":["1.dat","143.log","143.xoutput"],"id":94,"resource":"2048","request_start":1576624196768,"request_end":1576624201548,"request_duration":4780,"type":"2048"}
{"start":1576624197572,"end":1576624201509,"duration":3937,"downloading_duration":1081,"execution_duration":2258,"uploading_duration":598,"executable":"ellipsoids-openmp","args":["1.dat","123.log","123.xoutput"],"id":74,"resource":"2048","request_start":1576624196746,"request_end":1576624201550,"request_duration":4804,"type":"2048"}
{"start":1576624197735,"end":1576624201585,"duration":3850,"downloading_duration":997,"execution_duration":2261,"uploading_duration":592,"executable":"ellipsoids-openmp","args":["1.dat","130.log","130.xoutput"],"id":81,"resource":"2048","request_start":1576624196753,"request_end":1576624201606,"request_duration":4853,"type":"2048"}
{"start":1576624197544,"end":1576624201610,"duration":4066,"downloading_duration":1089,"execution_duration":2260,"uploading_duration":717,"executable":"ellipsoids-openmp","args":["1.dat","112.log","112.xoutput"],"id":63,"resource":"2048","request_start":1576624196732,"request_end":1576624201635,"request_duration":4903,"type":"2048"}
{"start":1576624197747,"end":1576624201641,"duration":3894,"downloading_duration":998,"execution_duration":2300,"uploading_duration":596,"executable":"ellipsoids-openmp","args":["1.dat","136.log","136.xoutput"],"id":87,"resource":"2048","request_start":1576624196762,"request_end":1576624201663,"request_duration":4901,"type":"2048"}
{"start":1576624197611,"end":1576624201643,"duration":4032,"downloading_duration":1163,"execution_duration":2311,"uploading_duration":558,"executable":"ellipsoids-openmp","args":["1.dat","137.log","137.xoutput"],"id":88,"resource":"2048","request_start":1576624196763,"request_end":1576624201665,"request_duration":4902,"type":"2048"}
{"start":1576624197574,"end":1576624201647,"duration":4073,"downloading_duration":1173,"execution_duration":2305,"uploading_duration":595,"executable":"ellipsoids-openmp","args":["1.dat","121.log","121.xoutput"],"id":72,"resource":"2048","request_start":1576624196741,"request_end":1576624201672,"request_duration":4931,"type":"2048"}
{"start":1576624197789,"end":1576624201650,"duration":3861,"downloading_duration":1033,"execution_duration":2234,"uploading_duration":594,"executable":"ellipsoids-openmp","args":["1.dat","133.log","133.xoutput"],"id":84,"resource":"2048","request_start":1576624196756,"request_end":1576624201674,"request_duration":4918,"type":"2048"}
{"start":1576624197517,"end":1576624201661,"duration":4144,"downloading_duration":1070,"execution_duration":2239,"uploading_duration":835,"executable":"ellipsoids-openmp","args":["1.dat","115.log","115.xoutput"],"id":66,"resource":"2048","request_start":1576624196735,"request_end":1576624201683,"request_duration":4948,"type":"2048"}
{"start":1576624197578,"end":1576624201663,"duration":4085,"downloading_duration":1116,"execution_duration":2302,"uploading_duration":667,"executable":"ellipsoids-openmp","args":["1.dat","15.log","15.xoutput"],"id":56,"resource":"2048","request_start":1576624196725,"request_end":1576624201685,"request_duration":4960,"type":"2048"}
{"start":1576624197581,"end":1576624201884,"duration":4303,"downloading_duration":1123,"execution_duration":2278,"uploading_duration":902,"executable":"ellipsoids-openmp","args":["1.dat","19.log","19.xoutput"],"id":60,"resource":"2048","request_start":1576624196729,"request_end":1576624201903,"request_duration":5174,"type":"2048"}
{"start":1576624197781,"end":1576624201970,"duration":4189,"downloading_duration":1030,"execution_duration":2158,"uploading_duration":1001,"executable":"ellipsoids-openmp","args":["0.dat","07.log","07.xoutput"],"id":13,"resource":"2048","request_start":1576624196816,"request_end":1576624201992,"request_duration":5176,"type":"2048"}
{"start":1576624200974,"end":1576624204949,"duration":3975,"downloading_duration":1150,"execution_duration":2212,"uploading_duration":613,"executable":"ellipsoids-openmp","args":["0.dat","09.log","09.xoutput"],"id":15,"resource":"2048","request_start":1576624196818,"request_end":1576624204970,"request_duration":8152,"type":"2048"}
{"start":1576624201196,"end":1576624205100,"duration":3904,"downloading_duration":1013,"execution_duration":2293,"uploading_duration":598,"executable":"ellipsoids-openmp","args":["0.dat","011.log","011.xoutput"],"id":17,"resource":"2048","request_start":1576624196819,"request_end":1576624205163,"request_duration":8344,"type":"2048"}
{"start":1576624201287,"end":1576624205115,"duration":3828,"downloading_duration":1007,"execution_duration":2270,"uploading_duration":551,"executable":"ellipsoids-openmp","args":["0.dat","014.log","014.xoutput"],"id":20,"resource":"2048","request_start":1576624196821,"request_end":1576624205167,"request_duration":8346,"type":"2048"}
{"start":1576624201122,"end":1576624205121,"duration":3999,"downloading_duration":1058,"execution_duration":2342,"uploading_duration":599,"executable":"ellipsoids-openmp","args":["0.dat","010.log","010.xoutput"],"id":16,"resource":"2048","request_start":1576624196818,"request_end":1576624205170,"request_duration":8352,"type":"2048"}
{"start":1576624201216,"end":1576624205152,"duration":3936,"downloading_duration":1074,"execution_duration":2241,"uploading_duration":621,"executable":"ellipsoids-openmp","args":["0.dat","012.log","012.xoutput"],"id":18,"resource":"2048","request_start":1576624196819,"request_end":1576624205179,"request_duration":8360,"type":"2048"}
{"start":1576624201289,"end":1576624205184,"duration":3895,"downloading_duration":1022,"execution_duration":2295,"uploading_duration":578,"executable":"ellipsoids-openmp","args":["0.dat","015.log","015.xoutput"],"id":21,"resource":"2048","request_start":1576624196821,"request_end":1576624205292,"request_duration":8471,"type":"2048"}
{"start":1576624201309,"end":1576624205210,"duration":3901,"downloading_duration":998,"execution_duration":2272,"uploading_duration":631,"executable":"ellipsoids-openmp","args":["0.dat","018.log","018.xoutput"],"id":24,"resource":"2048","request_start":1576624196823,"request_end":1576624205298,"request_duration":8475,"type":"2048"}
{"start":1576624201306,"end":1576624205221,"duration":3915,"downloading_duration":1033,"execution_duration":2310,"uploading_duration":572,"executable":"ellipsoids-openmp","args":["0.dat","017.log","017.xoutput"],"id":23,"resource":"2048","request_start":1576624196822,"request_end":1576624205301,"request_duration":8479,"type":"2048"}
{"start":1576624201227,"end":1576624205276,"duration":4049,"downloading_duration":1072,"execution_duration":2375,"uploading_duration":602,"executable":"ellipsoids-openmp","args":["0.dat","013.log","013.xoutput"],"id":19,"resource":"2048","request_start":1576624196820,"request_end":1576624205304,"request_duration":8484,"type":"2048"}
{"start":1576624201302,"end":1576624205286,"duration":3984,"downloading_duration":1004,"execution_duration":2380,"uploading_duration":600,"executable":"ellipsoids-openmp","args":["0.dat","016.log","016.xoutput"],"id":22,"resource":"2048","request_start":1576624196822,"request_end":1576624205313,"request_duration":8491,"type":"2048"}
{"start":1576624201465,"end":1576624205297,"duration":3832,"downloading_duration":1010,"execution_duration":2254,"uploading_duration":568,"executable":"ellipsoids-openmp","args":["0.dat","026.log","026.xoutput"],"id":32,"resource":"2048","request_start":1576624196828,"request_end":1576624205323,"request_duration":8495,"type":"2048"}
{"start":1576624201465,"end":1576624205327,"duration":3862,"downloading_duration":1005,"execution_duration":2255,"uploading_duration":602,"executable":"ellipsoids-openmp","args":["0.dat","023.log","023.xoutput"],"id":29,"resource":"2048","request_start":1576624196826,"request_end":1576624205348,"request_duration":8522,"type":"2048"}
{"start":1576624201493,"end":1576624205328,"duration":3835,"downloading_duration":997,"execution_duration":2278,"uploading_duration":560,"executable":"ellipsoids-openmp","args":["0.dat","033.log","033.xoutput"],"id":39,"resource":"2048","request_start":1576624196832,"request_end":1576624205349,"request_duration":8517,"type":"2048"}
{"start":1576624201467,"end":1576624205330,"duration":3863,"downloading_duration":993,"execution_duration":2289,"uploading_duration":581,"executable":"ellipsoids-openmp","args":["0.dat","025.log","025.xoutput"],"id":31,"resource":"2048","request_start":1576624196827,"request_end":1576624205351,"request_duration":8524,"type":"2048"}
{"start":1576624201464,"end":1576624205334,"duration":3870,"downloading_duration":1002,"execution_duration":2298,"uploading_duration":570,"executable":"ellipsoids-openmp","args":["0.dat","024.log","024.xoutput"],"id":30,"resource":"2048","request_start":1576624196827,"request_end":1576624205357,"request_duration":8530,"type":"2048"}
{"start":1576624201468,"end":1576624205367,"duration":3899,"downloading_duration":1068,"execution_duration":2246,"uploading_duration":585,"executable":"ellipsoids-openmp","args":["0.dat","027.log","027.xoutput"],"id":33,"resource":"2048","request_start":1576624196828,"request_end":1576624205388,"request_duration":8560,"type":"2048"}
{"start":1576624201484,"end":1576624205368,"duration":3884,"downloading_duration":1004,"execution_duration":2306,"uploading_duration":574,"executable":"ellipsoids-openmp","args":["0.dat","032.log","032.xoutput"],"id":38,"resource":"2048","request_start":1576624196832,"request_end":1576624205394,"request_duration":8562,"type":"2048"}
{"start":1576624201496,"end":1576624205369,"duration":3873,"downloading_duration":1115,"execution_duration":2179,"uploading_duration":579,"executable":"ellipsoids-openmp","args":["0.dat","034.log","034.xoutput"],"id":40,"resource":"2048","request_start":1576624196833,"request_end":1576624205399,"request_duration":8566,"type":"2048"}
{"start":1576624201480,"end":1576624205380,"duration":3900,"downloading_duration":1058,"execution_duration":2277,"uploading_duration":565,"executable":"ellipsoids-openmp","args":["0.dat","030.log","030.xoutput"],"id":36,"resource":"2048","request_start":1576624196830,"request_end":1576624205405,"request_duration":8575,"type":"2048"}
{"start":1576624201469,"end":1576624205388,"duration":3919,"downloading_duration":1077,"execution_duration":2217,"uploading_duration":625,"executable":"ellipsoids-openmp","args":["0.dat","028.log","028.xoutput"],"id":34,"resource":"2048","request_start":1576624196829,"request_end":1576624205409,"request_duration":8580,"type":"2048"}
{"start":1576624201513,"end":1576624205406,"duration":3893,"downloading_duration":1092,"execution_duration":2222,"uploading_duration":579,"executable":"ellipsoids-openmp","args":["0.dat","038.log","038.xoutput"],"id":44,"resource":"2048","request_start":1576624196835,"request_end":1576624205426,"request_duration":8591,"type":"2048"}
{"start":1576624201464,"end":1576624205409,"duration":3945,"downloading_duration":1104,"execution_duration":2263,"uploading_duration":578,"executable":"ellipsoids-openmp","args":["0.dat","022.log","022.xoutput"],"id":28,"resource":"2048","request_start":1576624196826,"request_end":1576624205433,"request_duration":8607,"type":"2048"}
{"start":1576624201478,"end":1576624205414,"duration":3936,"downloading_duration":1081,"execution_duration":2266,"uploading_duration":589,"executable":"ellipsoids-openmp","args":["0.dat","031.log","031.xoutput"],"id":37,"resource":"2048","request_start":1576624196831,"request_end":1576624205437,"request_duration":8606,"type":"2048"}
{"start":1576624201465,"end":1576624205417,"duration":3952,"downloading_duration":1086,"execution_duration":2303,"uploading_duration":563,"executable":"ellipsoids-openmp","args":["0.dat","021.log","021.xoutput"],"id":27,"resource":"2048","request_start":1576624196825,"request_end":1576624205443,"request_duration":8618,"type":"2048"}
{"start":1576624201515,"end":1576624205426,"duration":3911,"downloading_duration":1075,"execution_duration":2275,"uploading_duration":561,"executable":"ellipsoids-openmp","args":["0.dat","039.log","039.xoutput"],"id":45,"resource":"2048","request_start":1576624196836,"request_end":1576624205451,"request_duration":8615,"type":"2048"}
{"start":1576624201548,"end":1576624205438,"duration":3890,"downloading_duration":1006,"execution_duration":2269,"uploading_duration":615,"executable":"ellipsoids-openmp","args":["0.dat","00.log","00.xoutput"],"id":6,"resource":"2048","request_start":1576624196839,"request_end":1576624205458,"request_duration":8619,"type":"2048"}
{"start":1576624201458,"end":1576624205447,"duration":3989,"downloading_duration":1097,"execution_duration":2254,"uploading_duration":638,"executable":"ellipsoids-openmp","args":["0.dat","020.log","020.xoutput"],"id":26,"resource":"2048","request_start":1576624196824,"request_end":1576624205467,"request_duration":8643,"type":"2048"}
{"start":1576624201694,"end":1576624205454,"duration":3760,"downloading_duration":1052,"execution_duration":2112,"uploading_duration":596,"executable":"ellipsoids-openmp","args":["3.dat","33.log","33.xoutput"],"id":144,"resource":"2048","request_start":1576624196898,"request_end":1576624205477,"request_duration":8579,"type":"2048"}
{"start":1576624201543,"end":1576624205456,"duration":3913,"downloading_duration":1011,"execution_duration":2281,"uploading_duration":621,"executable":"ellipsoids-openmp","args":["0.dat","044.log","044.xoutput"],"id":50,"resource":"2048","request_start":1576624196838,"request_end":1576624205480,"request_duration":8642,"type":"2048"}
{"start":1576624201689,"end":1576624205457,"duration":3768,"downloading_duration":997,"execution_duration":2149,"uploading_duration":622,"executable":"ellipsoids-openmp","args":["3.dat","32.log","32.xoutput"],"id":143,"resource":"2048","request_start":1576624196898,"request_end":1576624205482,"request_duration":8584,"type":"2048"}
{"start":1576624201510,"end":1576624205457,"duration":3947,"downloading_duration":1031,"execution_duration":2294,"uploading_duration":622,"executable":"ellipsoids-openmp","args":["0.dat","037.log","037.xoutput"],"id":43,"resource":"2048","request_start":1576624196835,"request_end":1576624205486,"request_duration":8651,"type":"2048"}
{"start":1576624201548,"end":1576624205461,"duration":3913,"downloading_duration":1078,"execution_duration":2258,"uploading_duration":577,"executable":"ellipsoids-openmp","args":["0.dat","01.log","01.xoutput"],"id":7,"resource":"2048","request_start":1576624196840,"request_end":1576624205488,"request_duration":8648,"type":"2048"}
{"start":1576624201661,"end":1576624205465,"duration":3804,"downloading_duration":1032,"execution_duration":2216,"uploading_duration":556,"executable":"ellipsoids-openmp","args":["3.dat","31.log","31.xoutput"],"id":142,"resource":"2048","request_start":1576624196897,"request_end":1576624205492,"request_duration":8595,"type":"2048"}
{"start":1576624201497,"end":1576624205475,"duration":3978,"downloading_duration":1109,"execution_duration":2285,"uploading_duration":584,"executable":"ellipsoids-openmp","args":["0.dat","035.log","035.xoutput"],"id":41,"resource":"2048","request_start":1576624196834,"request_end":1576624205499,"request_duration":8665,"type":"2048"}
{"start":1576624201708,"end":1576624205481,"duration":3773,"downloading_duration":994,"execution_duration":2175,"uploading_duration":604,"executable":"ellipsoids-openmp","args":["3.dat","35.log","35.xoutput"],"id":146,"resource":"2048","request_start":1576624196899,"request_end":1576624205502,"request_duration":8603,"type":"2048"}
{"start":1576624201495,"end":1576624205486,"duration":3991,"downloading_duration":1087,"execution_duration":2271,"uploading_duration":633,"executable":"ellipsoids-openmp","args":["0.dat","036.log","036.xoutput"],"id":42,"resource":"2048","request_start":1576624196834,"request_end":1576624205512,"request_duration":8678,"type":"2048"}
{"start":1576624201634,"end":1576624205496,"duration":3862,"downloading_duration":1109,"execution_duration":2158,"uploading_duration":595,"executable":"ellipsoids-openmp","args":["3.dat","30.log","30.xoutput"],"id":141,"resource":"2048","request_start":1576624196897,"request_end":1576624205520,"request_duration":8623,"type":"2048"}
{"start":1576624201716,"end":1576624205525,"duration":3809,"downloading_duration":1057,"execution_duration":2162,"uploading_duration":590,"executable":"ellipsoids-openmp","args":["3.dat","36.log","36.xoutput"],"id":147,"resource":"2048","request_start":1576624196900,"request_end":1576624205544,"request_duration":8644,"type":"2048"}
{"start":1576624201518,"end":1576624205567,"duration":4049,"downloading_duration":1166,"execution_duration":2267,"uploading_duration":616,"executable":"ellipsoids-openmp","args":["0.dat","040.log","040.xoutput"],"id":46,"resource":"2048","request_start":1576624196836,"request_end":1576624205587,"request_duration":8751,"type":"2048"}
{"start":1576624201470,"end":1576624205573,"duration":4103,"downloading_duration":1205,"execution_duration":2272,"uploading_duration":626,"executable":"ellipsoids-openmp","args":["0.dat","029.log","029.xoutput"],"id":35,"resource":"2048","request_start":1576624196830,"request_end":1576624205593,"request_duration":8763,"type":"2048"}
{"start":1576624201529,"end":1576624205594,"duration":4065,"downloading_duration":1097,"execution_duration":2280,"uploading_duration":688,"executable":"ellipsoids-openmp","args":["0.dat","042.log","042.xoutput"],"id":48,"resource":"2048","request_start":1576624196837,"request_end":1576624205616,"request_duration":8779,"type":"2048"}
{"start":1576624201579,"end":1576624205638,"duration":4059,"downloading_duration":1216,"execution_duration":2282,"uploading_duration":561,"executable":"ellipsoids-openmp","args":["0.dat","03.log","03.xoutput"],"id":9,"resource":"2048","request_start":1576624196841,"request_end":1576624205658,"request_duration":8817,"type":"2048"}
{"start":1576624201702,"end":1576624205646,"duration":3944,"downloading_duration":1178,"execution_duration":2170,"uploading_duration":596,"executable":"ellipsoids-openmp","args":["3.dat","34.log","34.xoutput"],"id":145,"resource":"2048","request_start":1576624196899,"request_end":1576624205666,"request_duration":8767,"type":"2048"}
{"start":1576624201532,"end":1576624205649,"duration":4117,"downloading_duration":1177,"execution_duration":2240,"uploading_duration":700,"executable":"ellipsoids-openmp","args":["0.dat","043.log","043.xoutput"],"id":49,"resource":"2048","request_start":1576624196838,"request_end":1576624205671,"request_duration":8833,"type":"2048"}
{"start":1576624201716,"end":1576624205663,"duration":3947,"downloading_duration":1095,"execution_duration":2133,"uploading_duration":719,"executable":"ellipsoids-openmp","args":["3.dat","37.log","37.xoutput"],"id":148,"resource":"2048","request_start":1576624196900,"request_end":1576624205683,"request_duration":8783,"type":"2048"}
{"start":1576624201526,"end":1576624205680,"duration":4154,"downloading_duration":1089,"execution_duration":2283,"uploading_duration":782,"executable":"ellipsoids-openmp","args":["0.dat","041.log","041.xoutput"],"id":47,"resource":"2048","request_start":1576624196837,"request_end":1576624205703,"request_duration":8866,"type":"2048"}
{"start":1576624201575,"end":1576624205689,"duration":4114,"downloading_duration":1190,"execution_duration":2358,"uploading_duration":566,"executable":"ellipsoids-openmp","args":["0.dat","02.log","02.xoutput"],"id":8,"resource":"2048","request_start":1576624196840,"request_end":1576624205710,"request_duration":8870,"type":"2048"}
{"start":1576624202018,"end":1576624205765,"duration":3747,"downloading_duration":1003,"execution_duration":2135,"uploading_duration":609,"executable":"ellipsoids-openmp","args":["3.dat","39.log","39.xoutput"],"id":150,"resource":"2048","request_start":1576624196901,"request_end":1576624205786,"request_duration":8885,"type":"2048"}
{"start":1576624201931,"end":1576624205857,"duration":3926,"downloading_duration":1089,"execution_duration":2217,"uploading_duration":620,"executable":"ellipsoids-openmp","args":["3.dat","38.log","38.xoutput"],"id":149,"resource":"2048","request_start":1576624196901,"request_end":1576624205876,"request_duration":8975,"type":"2048"}
{"start":1576624201312,"end":1576624205902,"duration":4590,"downloading_duration":1096,"execution_duration":2195,"uploading_duration":1299,"executable":"ellipsoids-openmp","args":["0.dat","019.log","019.xoutput"],"id":25,"resource":"2048","request_start":1576624196824,"request_end":1576624205924,"request_duration":9100,"type":"2048"}
{"start":1576624204997,"end":1576624208682,"duration":3685,"downloading_duration":1077,"execution_duration":2049,"uploading_duration":559,"executable":"ellipsoids-openmp","args":["3.dat","310.log","310.xoutput"],"id":151,"resource":"2048","request_start":1576624196902,"request_end":1576624208704,"request_duration":11802,"type":"2048"}
{"start":1576624205205,"end":1576624208919,"duration":3714,"downloading_duration":1007,"execution_duration":2103,"uploading_duration":604,"executable":"ellipsoids-openmp","args":["3.dat","314.log","314.xoutput"],"id":155,"resource":"2048","request_start":1576624196904,"request_end":1576624208940,"request_duration":12036,"type":"2048"}
{"start":1576624205195,"end":1576624209015,"duration":3820,"downloading_duration":1038,"execution_duration":2153,"uploading_duration":629,"executable":"ellipsoids-openmp","args":["3.dat","311.log","311.xoutput"],"id":152,"resource":"2048","request_start":1576624196902,"request_end":1576624209100,"request_duration":12198,"type":"2048"}
{"start":1576624205200,"end":1576624209016,"duration":3816,"downloading_duration":1097,"execution_duration":2142,"uploading_duration":577,"executable":"ellipsoids-openmp","args":["3.dat","312.log","312.xoutput"],"id":153,"resource":"2048","request_start":1576624196903,"request_end":1576624209102,"request_duration":12199,"type":"2048"}
{"start":1576624205339,"end":1576624209096,"duration":3757,"downloading_duration":993,"execution_duration":2145,"uploading_duration":619,"executable":"ellipsoids-openmp","args":["3.dat","319.log","319.xoutput"],"id":160,"resource":"2048","request_start":1576624196906,"request_end":1576624209120,"request_duration":12214,"type":"2048"}
{"start":1576624205201,"end":1576624209101,"duration":3900,"downloading_duration":1080,"execution_duration":2209,"uploading_duration":611,"executable":"ellipsoids-openmp","args":["3.dat","313.log","313.xoutput"],"id":154,"resource":"2048","request_start":1576624196903,"request_end":1576624209124,"request_duration":12221,"type":"2048"}
{"start":1576624205376,"end":1576624209117,"duration":3741,"downloading_duration":1081,"execution_duration":2046,"uploading_duration":614,"executable":"ellipsoids-openmp","args":["3.dat","323.log","323.xoutput"],"id":164,"resource":"2048","request_start":1576624196909,"request_end":1576624209138,"request_duration":12229,"type":"2048"}
{"start":1576624205421,"end":1576624209118,"duration":3697,"downloading_duration":993,"execution_duration":2110,"uploading_duration":594,"executable":"ellipsoids-openmp","args":["3.dat","326.log","326.xoutput"],"id":167,"resource":"2048","request_start":1576624196910,"request_end":1576624209140,"request_duration":12230,"type":"2048"}
{"start":1576624205351,"end":1576624209157,"duration":3806,"downloading_duration":1004,"execution_duration":2222,"uploading_duration":580,"executable":"ellipsoids-openmp","args":["3.dat","320.log","320.xoutput"],"id":161,"resource":"2048","request_start":1576624196907,"request_end":1576624209178,"request_duration":12271,"type":"2048"}
{"start":1576624205434,"end":1576624209161,"duration":3727,"downloading_duration":1010,"execution_duration":2152,"uploading_duration":565,"executable":"ellipsoids-openmp","args":["3.dat","329.log","329.xoutput"],"id":170,"resource":"2048","request_start":1576624196912,"request_end":1576624209185,"request_duration":12273,"type":"2048"}
{"start":1576624205416,"end":1576624209168,"duration":3752,"downloading_duration":991,"execution_duration":2150,"uploading_duration":611,"executable":"ellipsoids-openmp","args":["3.dat","325.log","325.xoutput"],"id":166,"resource":"2048","request_start":1576624196910,"request_end":1576624209193,"request_duration":12283,"type":"2048"}
{"start":1576624205336,"end":1576624209185,"duration":3849,"downloading_duration":1104,"execution_duration":2184,"uploading_duration":561,"executable":"ellipsoids-openmp","args":["3.dat","317.log","317.xoutput"],"id":158,"resource":"2048","request_start":1576624196905,"request_end":1576624209206,"request_duration":12301,"type":"2048"}
{"start":1576624205374,"end":1576624209185,"duration":3811,"downloading_duration":1001,"execution_duration":2211,"uploading_duration":599,"executable":"ellipsoids-openmp","args":["3.dat","322.log","322.xoutput"],"id":163,"resource":"2048","request_start":1576624196908,"request_end":1576624209209,"request_duration":12301,"type":"2048"}
{"start":1576624205384,"end":1576624209217,"duration":3833,"downloading_duration":1029,"execution_duration":2202,"uploading_duration":602,"executable":"ellipsoids-openmp","args":["3.dat","324.log","324.xoutput"],"id":165,"resource":"2048","request_start":1576624196909,"request_end":1576624209238,"request_duration":12329,"type":"2048"}
{"start":1576624205506,"end":1576624209222,"duration":3716,"downloading_duration":1055,"execution_duration":2095,"uploading_duration":566,"executable":"ellipsoids-openmp","args":["3.dat","337.log","337.xoutput"],"id":178,"resource":"2048","request_start":1576624196916,"request_end":1576624209248,"request_duration":12332,"type":"2048"}
{"start":1576624205331,"end":1576624209224,"duration":3893,"downloading_duration":1150,"execution_duration":2183,"uploading_duration":560,"executable":"ellipsoids-openmp","args":["3.dat","315.log","315.xoutput"],"id":156,"resource":"2048","request_start":1576624196904,"request_end":1576624209250,"request_duration":12346,"type":"2048"}
{"start":1576624205373,"end":1576624209234,"duration":3861,"downloading_duration":1076,"execution_duration":2179,"uploading_duration":606,"executable":"ellipsoids-openmp","args":["3.dat","321.log","321.xoutput"],"id":162,"resource":"2048","request_start":1576624196908,"request_end":1576624209256,"request_duration":12348,"type":"2048"}
{"start":1576624205336,"end":1576624209237,"duration":3901,"downloading_duration":1083,"execution_duration":2204,"uploading_duration":614,"executable":"ellipsoids-openmp","args":["3.dat","316.log","316.xoutput"],"id":157,"resource":"2048","request_start":1576624196905,"request_end":1576624209259,"request_duration":12354,"type":"2048"}
{"start":1576624205438,"end":1576624209248,"duration":3810,"downloading_duration":1090,"execution_duration":2111,"uploading_duration":609,"executable":"ellipsoids-openmp","args":["3.dat","328.log","328.xoutput"],"id":169,"resource":"2048","request_start":1576624196911,"request_end":1576624209271,"request_duration":12360,"type":"2048"}
{"start":1576624205458,"end":1576624209254,"duration":3796,"downloading_duration":1027,"execution_duration":2209,"uploading_duration":560,"executable":"ellipsoids-openmp","args":["3.dat","331.log","331.xoutput"],"id":172,"resource":"2048","request_start":1576624196913,"request_end":1576624209292,"request_duration":12379,"type":"2048"}
{"start":1576624205484,"end":1576624209268,"duration":3784,"downloading_duration":1065,"execution_duration":2147,"uploading_duration":572,"executable":"ellipsoids-openmp","args":["3.dat","335.log","335.xoutput"],"id":176,"resource":"2048","request_start":1576624196915,"request_end":1576624209295,"request_duration":12380,"type":"2048"}
{"start":1576624205463,"end":1576624209268,"duration":3805,"downloading_duration":1085,"execution_duration":2143,"uploading_duration":577,"executable":"ellipsoids-openmp","args":["3.dat","332.log","332.xoutput"],"id":173,"resource":"2048","request_start":1576624196913,"request_end":1576624209296,"request_duration":12383,"type":"2048"}
{"start":1576624205334,"end":1576624209273,"duration":3939,"downloading_duration":985,"execution_duration":2279,"uploading_duration":675,"executable":"ellipsoids-openmp","args":["3.dat","318.log","318.xoutput"],"id":159,"resource":"2048","request_start":1576624196906,"request_end":1576624209298,"request_duration":12392,"type":"2048"}
{"start":1576624205526,"end":1576624209278,"duration":3752,"downloading_duration":1017,"execution_duration":2171,"uploading_duration":564,"executable":"ellipsoids-openmp","args":["3.dat","343.log","343.xoutput"],"id":184,"resource":"2048","request_start":1576624196919,"request_end":1576624209307,"request_duration":12388,"type":"2048"}
{"start":1576624205468,"end":1576624209279,"duration":3811,"downloading_duration":1030,"execution_duration":2196,"uploading_duration":585,"executable":"ellipsoids-openmp","args":["3.dat","333.log","333.xoutput"],"id":174,"resource":"2048","request_start":1576624196914,"request_end":1576624209308,"request_duration":12394,"type":"2048"}
{"start":1576624205493,"end":1576624209282,"duration":3789,"downloading_duration":1061,"execution_duration":2095,"uploading_duration":633,"executable":"ellipsoids-openmp","args":["3.dat","336.log","336.xoutput"],"id":177,"resource":"2048","request_start":1576624196915,"request_end":1576624209316,"request_duration":12401,"type":"2048"}
{"start":1576624205512,"end":1576624209306,"duration":3794,"downloading_duration":1087,"execution_duration":2124,"uploading_duration":583,"executable":"ellipsoids-openmp","args":["3.dat","338.log","338.xoutput"],"id":179,"resource":"2048","request_start":1576624196916,"request_end":1576624209332,"request_duration":12416,"type":"2048"}
{"start":1576624205519,"end":1576624209313,"duration":3794,"downloading_duration":1037,"execution_duration":2180,"uploading_duration":577,"executable":"ellipsoids-openmp","args":["3.dat","342.log","342.xoutput"],"id":183,"resource":"2048","request_start":1576624196918,"request_end":1576624209336,"request_duration":12418,"type":"2048"}
{"start":1576624205509,"end":1576624209316,"duration":3807,"downloading_duration":1134,"execution_duration":2111,"uploading_duration":562,"executable":"ellipsoids-openmp","args":["3.dat","339.log","339.xoutput"],"id":180,"resource":"2048","request_start":1576624196917,"request_end":1576624209339,"request_duration":12422,"type":"2048"}
{"start":1576624205526,"end":1576624209321,"duration":3795,"downloading_duration":1116,"execution_duration":2118,"uploading_duration":561,"executable":"ellipsoids-openmp","args":["3.dat","344.log","344.xoutput"],"id":185,"resource":"2048","request_start":1576624196919,"request_end":1576624209347,"request_duration":12428,"type":"2048"}
{"start":1576624205456,"end":1576624209330,"duration":3874,"downloading_duration":1170,"execution_duration":2109,"uploading_duration":595,"executable":"ellipsoids-openmp","args":["3.dat","330.log","330.xoutput"],"id":171,"resource":"2048","request_start":1576624196912,"request_end":1576624209355,"request_duration":12443,"type":"2048"}
{"start":1576624205514,"end":1576624209347,"duration":3833,"downloading_duration":1077,"execution_duration":2165,"uploading_duration":591,"executable":"ellipsoids-openmp","args":["3.dat","341.log","341.xoutput"],"id":182,"resource":"2048","request_start":1576624196918,"request_end":1576624209377,"request_duration":12459,"type":"2048"}
{"start":1576624205428,"end":1576624209351,"duration":3923,"downloading_duration":1152,"execution_duration":2182,"uploading_duration":589,"executable":"ellipsoids-openmp","args":["3.dat","327.log","327.xoutput"],"id":168,"resource":"2048","request_start":1576624196911,"request_end":1576624209379,"request_duration":12468,"type":"2048"}
{"start":1576624205477,"end":1576624209355,"duration":3878,"downloading_duration":1002,"execution_duration":2206,"uploading_duration":670,"executable":"ellipsoids-openmp","args":["3.dat","334.log","334.xoutput"],"id":175,"resource":"2048","request_start":1576624196914,"request_end":1576624209381,"request_duration":12467,"type":"2048"}
{"start":1576624205707,"end":1576624209380,"duration":3673,"downloading_duration":1002,"execution_duration":2111,"uploading_duration":560,"executable":"ellipsoids-openmp","args":["2.dat","213.log","213.xoutput"],"id":109,"resource":"2048","request_start":1576624196924,"request_end":1576624209414,"request_duration":12490,"type":"2048"}
{"start":1576624205639,"end":1576624209493,"duration":3854,"downloading_duration":1086,"execution_duration":2182,"uploading_duration":586,"executable":"ellipsoids-openmp","args":["2.dat","29.log","29.xoutput"],"id":105,"resource":"2048","request_start":1576624196922,"request_end":1576624209512,"request_duration":12590,"type":"2048"}
{"start":1576624205539,"end":1576624209528,"duration":3989,"downloading_duration":1112,"execution_duration":2288,"uploading_duration":589,"executable":"ellipsoids-openmp","args":["2.dat","24.log","24.xoutput"],"id":100,"resource":"2048","request_start":1576624196920,"request_end":1576624209549,"request_duration":12629,"type":"2048"}
{"start":1576624205548,"end":1576624209547,"duration":3999,"downloading_duration":1107,"execution_duration":2294,"uploading_duration":598,"executable":"ellipsoids-openmp","args":["2.dat","25.log","25.xoutput"],"id":101,"resource":"2048","request_start":1576624196920,"request_end":1576624209567,"request_duration":12647,"type":"2048"}
{"start":1576624205611,"end":1576624209551,"duration":3940,"downloading_duration":1019,"execution_duration":2302,"uploading_duration":619,"executable":"ellipsoids-openmp","args":["2.dat","27.log","27.xoutput"],"id":103,"resource":"2048","request_start":1576624196921,"request_end":1576624209572,"request_duration":12651,"type":"2048"}
{"start":1576624205699,"end":1576624209559,"duration":3860,"downloading_duration":1011,"execution_duration":2286,"uploading_duration":563,"executable":"ellipsoids-openmp","args":["2.dat","212.log","212.xoutput"],"id":108,"resource":"2048","request_start":1576624196924,"request_end":1576624209581,"request_duration":12657,"type":"2048"}
{"start":1576624205617,"end":1576624209563,"duration":3946,"downloading_duration":1008,"execution_duration":2302,"uploading_duration":636,"executable":"ellipsoids-openmp","args":["2.dat","28.log","28.xoutput"],"id":104,"resource":"2048","request_start":1576624196922,"request_end":1576624209584,"request_duration":12662,"type":"2048"}
{"start":1576624205735,"end":1576624209574,"duration":3839,"downloading_duration":987,"execution_duration":2291,"uploading_duration":561,"executable":"ellipsoids-openmp","args":["2.dat","215.log","215.xoutput"],"id":111,"resource":"2048","request_start":1576624196925,"request_end":1576624209596,"request_duration":12671,"type":"2048"}
{"start":1576624205572,"end":1576624209594,"duration":4022,"downloading_duration":1040,"execution_duration":2299,"uploading_duration":683,"executable":"ellipsoids-openmp","args":["2.dat","26.log","26.xoutput"],"id":102,"resource":"2048","request_start":1576624196921,"request_end":1576624209615,"request_duration":12694,"type":"2048"}
{"start":1576624205517,"end":1576624209598,"duration":4081,"downloading_duration":1106,"execution_duration":2042,"uploading_duration":933,"executable":"ellipsoids-openmp","args":["3.dat","340.log","340.xoutput"],"id":181,"resource":"2048","request_start":1576624196917,"request_end":1576624209623,"request_duration":12706,"type":"2048"}
{"start":1576624205684,"end":1576624209686,"duration":4002,"downloading_duration":1194,"execution_duration":2218,"uploading_duration":590,"executable":"ellipsoids-openmp","args":["2.dat","210.log","210.xoutput"],"id":106,"resource":"2048","request_start":1576624196923,"request_end":1576624209706,"request_duration":12783,"type":"2048"}
{"start":1576624205811,"end":1576624209691,"duration":3880,"downloading_duration":1070,"execution_duration":2195,"uploading_duration":615,"executable":"ellipsoids-openmp","args":["2.dat","216.log","216.xoutput"],"id":112,"resource":"2048","request_start":1576624196926,"request_end":1576624209711,"request_duration":12785,"type":"2048"}
{"start":1576624205908,"end":1576624209781,"duration":3873,"downloading_duration":1069,"execution_duration":2247,"uploading_duration":557,"executable":"ellipsoids-openmp","args":["2.dat","217.log","217.xoutput"],"id":113,"resource":"2048","request_start":1576624196926,"request_end":1576624209802,"request_duration":12876,"type":"2048"}
{"start":1576624205947,"end":1576624209785,"duration":3838,"downloading_duration":1004,"execution_duration":2211,"uploading_duration":623,"executable":"ellipsoids-openmp","args":["2.dat","218.log","218.xoutput"],"id":114,"resource":"2048","request_start":1576624196927,"request_end":1576624209807,"request_duration":12880,"type":"2048"}
{"start":1576624205693,"end":1576624209833,"duration":4140,"downloading_duration":1264,"execution_duration":2291,"uploading_duration":585,"executable":"ellipsoids-openmp","args":["2.dat","211.log","211.xoutput"],"id":107,"resource":"2048","request_start":1576624196923,"request_end":1576624209853,"request_duration":12930,"type":"2048"}
{"start":1576624205729,"end":1576624210233,"duration":4504,"downloading_duration":1159,"execution_duration":2292,"uploading_duration":1053,"executable":"ellipsoids-openmp","args":["2.dat","214.log","214.xoutput"],"id":110,"resource":"2048","request_start":1576624196925,"request_end":1576624210253,"request_duration":13328,"type":"2048"}
{"start":1576624209385,"end":1576624210868,"duration":1483,"downloading_duration":1076,"execution_duration":3,"uploading_duration":404,"executable":"mean-pack-ell","args":["10.xoutput","11.xoutput","12.xoutput","13.xoutput","14.xoutput","15.xoutput","16.xoutput","17.xoutput","18.xoutput","19.xoutput","110.xoutput","111.xoutput","112.xoutput","113.xoutput","114.xoutput","115.xoutput","116.xoutput","117.xoutput","118.xoutput","119.xoutput","120.xoutput","121.xoutput","122.xoutput","123.xoutput","124.xoutput","125.xoutput","126.xoutput","127.xoutput","128.xoutput","129.xoutput","130.xoutput","131.xoutput","132.xoutput","133.xoutput","134.xoutput","135.xoutput","136.xoutput","137.xoutput","138.xoutput","139.xoutput","140.xoutput","141.xoutput","142.xoutput","143.xoutput","144.xoutput","average_1.txt"],"id":187,"resource":"2048","request_start":1576624201926,"request_end":1576624210891,"request_duration":8965,"type":"2048"}
{"start":1576624209407,"end":1576624210870,"duration":1463,"downloading_duration":1090,"execution_duration":3,"uploading_duration":370,"executable":"mean-pack-ell","args":["00.xoutput","01.xoutput","02.xoutput","03.xoutput","04.xoutput","05.xoutput","06.xoutput","07.xoutput","08.xoutput","09.xoutput","010.xoutput","011.xoutput","012.xoutput","013.xoutput","014.xoutput","015.xoutput","016.xoutput","017.xoutput","018.xoutput","019.xoutput","020.xoutput","021.xoutput","022.xoutput","023.xoutput","024.xoutput","025.xoutput","026.xoutput","027.xoutput","028.xoutput","029.xoutput","030.xoutput","031.xoutput","032.xoutput","033.xoutput","034.xoutput","035.xoutput","036.xoutput","037.xoutput","038.xoutput","039.xoutput","040.xoutput","041.xoutput","042.xoutput","043.xoutput","044.xoutput","average_0.txt"],"id":186,"resource":"2048","request_start":1576624205950,"request_end":1576624210893,"request_duration":4943,"type":"2048"}
{"start":1576624209794,"end":1576624211271,"duration":1477,"downloading_duration":1088,"execution_duration":3,"uploading_duration":386,"executable":"mean-pack-ell","args":["30.xoutput","31.xoutput","32.xoutput","33.xoutput","34.xoutput","35.xoutput","36.xoutput","37.xoutput","38.xoutput","39.xoutput","310.xoutput","311.xoutput","312.xoutput","313.xoutput","314.xoutput","315.xoutput","316.xoutput","317.xoutput","318.xoutput","319.xoutput","320.xoutput","321.xoutput","322.xoutput","323.xoutput","324.xoutput","325.xoutput","326.xoutput","327.xoutput","328.xoutput","329.xoutput","330.xoutput","331.xoutput","332.xoutput","333.xoutput","334.xoutput","335.xoutput","336.xoutput","337.xoutput","338.xoutput","339.xoutput","340.xoutput","341.xoutput","342.xoutput","343.xoutput","344.xoutput","average_3.txt"],"id":189,"resource":"2048","request_start":1576624209635,"request_end":1576624211293,"request_duration":1658,"type":"2048"}
{"start":1576624208729,"end":1576624212658,"duration":3929,"downloading_duration":1066,"execution_duration":2275,"uploading_duration":588,"executable":"ellipsoids-openmp","args":["2.dat","219.log","219.xoutput"],"id":115,"resource":"2048","request_start":1576624196927,"request_end":1576624212683,"request_duration":15756,"type":"2048"}
{"start":1576624208965,"end":1576624212857,"duration":3892,"downloading_duration":1071,"execution_duration":2197,"uploading_duration":624,"executable":"ellipsoids-openmp","args":["2.dat","220.log","220.xoutput"],"id":116,"resource":"2048","request_start":1576624196928,"request_end":1576624212877,"request_duration":15949,"type":"2048"}
{"start":1576624209131,"end":1576624212923,"duration":3792,"downloading_duration":993,"execution_duration":2205,"uploading_duration":594,"executable":"ellipsoids-openmp","args":["2.dat","221.log","221.xoutput"],"id":117,"resource":"2048","request_start":1576624196928,"request_end":1576624212988,"request_duration":16060,"type":"2048"}
{"start":1576624209135,"end":1576624212943,"duration":3808,"downloading_duration":1103,"execution_duration":2060,"uploading_duration":645,"executable":"ellipsoids-openmp","args":["2.dat","222.log","222.xoutput"],"id":118,"resource":"2048","request_start":1576624196929,"request_end":1576624212991,"request_duration":16062,"type":"2048"}
{"start":1576624209143,"end":1576624212949,"duration":3806,"downloading_duration":988,"execution_duration":2226,"uploading_duration":592,"executable":"ellipsoids-openmp","args":["2.dat","223.log","223.xoutput"],"id":119,"resource":"2048","request_start":1576624196929,"request_end":1576624212999,"request_duration":16070,"type":"2048"}
{"start":1576624209189,"end":1576624212967,"duration":3778,"downloading_duration":1030,"execution_duration":2186,"uploading_duration":562,"executable":"ellipsoids-openmp","args":["2.dat","226.log","226.xoutput"],"id":122,"resource":"2048","request_start":1576624196931,"request_end":1576624213001,"request_duration":16070,"type":"2048"}
{"start":1576624209157,"end":1576624212998,"duration":3841,"downloading_duration":1058,"execution_duration":2218,"uploading_duration":565,"executable":"ellipsoids-openmp","args":["2.dat","224.log","224.xoutput"],"id":120,"resource":"2048","request_start":1576624196930,"request_end":1576624213022,"request_duration":16092,"type":"2048"}
{"start":1576624209273,"end":1576624213004,"duration":3731,"downloading_duration":999,"execution_duration":2167,"uploading_duration":565,"executable":"ellipsoids-openmp","args":["2.dat","234.log","234.xoutput"],"id":130,"resource":"2048","request_start":1576624196935,"request_end":1576624213028,"request_duration":16093,"type":"2048"}
{"start":1576624209204,"end":1576624213003,"duration":3799,"downloading_duration":986,"execution_duration":2234,"uploading_duration":579,"executable":"ellipsoids-openmp","args":["2.dat","227.log","227.xoutput"],"id":123,"resource":"2048","request_start":1576624196931,"request_end":1576624213031,"request_duration":16100,"type":"2048"}
{"start":1576624209274,"end":1576624213017,"duration":3743,"downloading_duration":1000,"execution_duration":2181,"uploading_duration":562,"executable":"ellipsoids-openmp","args":["2.dat","233.log","233.xoutput"],"id":129,"resource":"2048","request_start":1576624196934,"request_end":1576624213044,"request_duration":16110,"type":"2048"}
{"start":1576624209213,"end":1576624213040,"duration":3827,"downloading_duration":1035,"execution_duration":2187,"uploading_duration":605,"executable":"ellipsoids-openmp","args":["2.dat","228.log","228.xoutput"],"id":124,"resource":"2048","request_start":1576624196932,"request_end":1576624213069,"request_duration":16137,"type":"2048"}
{"start":1576624209224,"end":1576624213090,"duration":3866,"downloading_duration":998,"execution_duration":2239,"uploading_duration":629,"executable":"ellipsoids-openmp","args":["2.dat","229.log","229.xoutput"],"id":125,"resource":"2048","request_start":1576624196932,"request_end":1576624213116,"request_duration":16184,"type":"2048"}
{"start":1576624209238,"end":1576624213102,"duration":3864,"downloading_duration":1036,"execution_duration":2167,"uploading_duration":661,"executable":"ellipsoids-openmp","args":["2.dat","231.log","231.xoutput"],"id":127,"resource":"2048","request_start":1576624196933,"request_end":1576624213126,"request_duration":16193,"type":"2048"}
{"start":1576624209331,"end":1576624213118,"duration":3787,"downloading_duration":989,"execution_duration":2212,"uploading_duration":586,"executable":"ellipsoids-openmp","args":["2.dat","241.log","241.xoutput"],"id":137,"resource":"2048","request_start":1576624196939,"request_end":1576624213139,"request_duration":16200,"type":"2048"}
{"start":1576624209233,"end":1576624213124,"duration":3891,"downloading_duration":1025,"execution_duration":2255,"uploading_duration":611,"executable":"ellipsoids-openmp","args":["2.dat","230.log","230.xoutput"],"id":126,"resource":"2048","request_start":1576624196933,"request_end":1576624213148,"request_duration":16215,"type":"2048"}
{"start":1576624209299,"end":1576624213143,"duration":3844,"downloading_duration":989,"execution_duration":2250,"uploading_duration":605,"executable":"ellipsoids-openmp","args":["2.dat","237.log","237.xoutput"],"id":133,"resource":"2048","request_start":1576624196937,"request_end":1576624213165,"request_duration":16228,"type":"2048"}
{"start":1576624209336,"end":1576624213144,"duration":3808,"downloading_duration":991,"execution_duration":2227,"uploading_duration":590,"executable":"ellipsoids-openmp","args":["2.dat","243.log","243.xoutput"],"id":139,"resource":"2048","request_start":1576624196940,"request_end":1576624213172,"request_duration":16232,"type":"2048"}
{"start":1576624209290,"end":1576624213145,"duration":3855,"downloading_duration":1066,"execution_duration":2211,"uploading_duration":578,"executable":"ellipsoids-openmp","args":["2.dat","236.log","236.xoutput"],"id":132,"resource":"2048","request_start":1576624196936,"request_end":1576624213175,"request_duration":16239,"type":"2048"}
{"start":1576624209326,"end":1576624213148,"duration":3822,"downloading_duration":1024,"execution_duration":2243,"uploading_duration":555,"executable":"ellipsoids-openmp","args":["2.dat","238.log","238.xoutput"],"id":134,"resource":"2048","request_start":1576624196937,"request_end":1576624213177,"request_duration":16240,"type":"2048"}
{"start":1576624209266,"end":1576624213160,"duration":3894,"downloading_duration":1010,"execution_duration":2305,"uploading_duration":579,"executable":"ellipsoids-openmp","args":["2.dat","232.log","232.xoutput"],"id":128,"resource":"2048","request_start":1576624196934,"request_end":1576624213190,"request_duration":16256,"type":"2048"}
{"start":1576624209358,"end":1576624213203,"duration":3845,"downloading_duration":1092,"execution_duration":2203,"uploading_duration":550,"executable":"ellipsoids-openmp","args":["2.dat","20.log","20.xoutput"],"id":96,"resource":"2048","request_start":1576624196941,"request_end":1576624213240,"request_duration":16299,"type":"2048"}
{"start":1576624209333,"end":1576624213210,"duration":3877,"downloading_duration":1081,"execution_duration":2209,"uploading_duration":587,"executable":"ellipsoids-openmp","args":["2.dat","240.log","240.xoutput"],"id":136,"resource":"2048","request_start":1576624196938,"request_end":1576624213245,"request_duration":16307,"type":"2048"}
{"start":1576624209344,"end":1576624213215,"duration":3871,"downloading_duration":996,"execution_duration":2263,"uploading_duration":612,"executable":"ellipsoids-openmp","args":["2.dat","244.log","244.xoutput"],"id":140,"resource":"2048","request_start":1576624196941,"request_end":1576624213247,"request_duration":16306,"type":"2048"}
{"start":1576624209326,"end":1576624213232,"duration":3906,"downloading_duration":1074,"execution_duration":2255,"uploading_duration":577,"executable":"ellipsoids-openmp","args":["2.dat","239.log","239.xoutput"],"id":135,"resource":"2048","request_start":1576624196938,"request_end":1576624213255,"request_duration":16317,"type":"2048"}
{"start":1576624209290,"end":1576624213222,"duration":3932,"downloading_duration":1084,"execution_duration":2292,"uploading_duration":556,"executable":"ellipsoids-openmp","args":["2.dat","235.log","235.xoutput"],"id":131,"resource":"2048","request_start":1576624196935,"request_end":1576624213263,"request_duration":16328,"type":"2048"}
{"start":1576624209334,"end":1576624213277,"duration":3943,"downloading_duration":1160,"execution_duration":2198,"uploading_duration":585,"executable":"ellipsoids-openmp","args":["2.dat","242.log","242.xoutput"],"id":138,"resource":"2048","request_start":1576624196939,"request_end":1576624213297,"request_duration":16358,"type":"2048"}
{"start":1576624209361,"end":1576624213304,"duration":3943,"downloading_duration":1082,"execution_duration":2257,"uploading_duration":604,"executable":"ellipsoids-openmp","args":["2.dat","21.log","21.xoutput"],"id":97,"resource":"2048","request_start":1576624196942,"request_end":1576624213324,"request_duration":16382,"type":"2048"}
{"start":1576624209368,"end":1576624213306,"duration":3938,"downloading_duration":1034,"execution_duration":2264,"uploading_duration":640,"executable":"ellipsoids-openmp","args":["2.dat","22.log","22.xoutput"],"id":98,"resource":"2048","request_start":1576624196942,"request_end":1576624213329,"request_duration":16387,"type":"2048"}
{"start":1576624209374,"end":1576624213320,"duration":3946,"downloading_duration":1094,"execution_duration":2286,"uploading_duration":566,"executable":"ellipsoids-openmp","args":["2.dat","23.log","23.xoutput"],"id":99,"resource":"2048","request_start":1576624196943,"request_end":1576624213339,"request_duration":16396,"type":"2048"}
{"start":1576624209169,"end":1576624213370,"duration":4201,"downloading_duration":1002,"execution_duration":2208,"uploading_duration":991,"executable":"ellipsoids-openmp","args":["2.dat","225.log","225.xoutput"],"id":121,"resource":"2048","request_start":1576624196930,"request_end":1576624213388,"request_duration":16458,"type":"2048"}
{"start":1576624213524,"end":1576624215026,"duration":1502,"downloading_duration":1125,"execution_duration":3,"uploading_duration":374,"executable":"mean-pack-ell","args":["20.xoutput","21.xoutput","22.xoutput","23.xoutput","24.xoutput","25.xoutput","26.xoutput","27.xoutput","28.xoutput","29.xoutput","210.xoutput","211.xoutput","212.xoutput","213.xoutput","214.xoutput","215.xoutput","216.xoutput","217.xoutput","218.xoutput","219.xoutput","220.xoutput","221.xoutput","222.xoutput","223.xoutput","224.xoutput","225.xoutput","226.xoutput","227.xoutput","228.xoutput","229.xoutput","230.xoutput","231.xoutput","232.xoutput","233.xoutput","234.xoutput","235.xoutput","236.xoutput","237.xoutput","238.xoutput","239.xoutput","240.xoutput","241.xoutput","242.xoutput","243.xoutput","244.xoutput","average_2.txt"],"id":188,"resource":"2048","request_start":1576624213404,"request_end":1576624215060,"request_duration":1656,"type":"2048"}
{"start":1576624215179,"end":1576624216030,"duration":851,"downloading_duration":398,"execution_duration":65,"uploading_duration":388,"executable":"summary.js","args":[],"id":190,"resource":"2048","request_start":1576624215068,"request_end":1576624216047,"request_duration":979,"type":"2048"}
