{"start":1576624241570,"end":1576624242398,"duration":828,"downloading_duration":379,"execution_duration":65,"uploading_duration":384,"executable":"generateData.js","args":[],"id":1,"resource":"2048","request_start":1576624241415,"request_end":1576624242429,"request_duration":1014,"type":"2048"}
{"start":1576624242566,"end":1576624243395,"duration":829,"downloading_duration":386,"execution_duration":64,"uploading_duration":379,"executable":"createDat.js","args":["2.dat"],"id":4,"resource":"2048","request_start":1576624242449,"request_end":1576624243412,"request_duration":963,"type":"2048"}
{"start":1576624242559,"end":1576624243395,"duration":836,"downloading_duration":383,"execution_duration":63,"uploading_duration":390,"executable":"createDat.js","args":["1.dat"],"id":3,"resource":"2048","request_start":1576624242445,"request_end":1576624243412,"request_duration":967,"type":"2048"}
{"start":1576624242566,"end":1576624243425,"duration":859,"downloading_duration":381,"execution_duration":79,"uploading_duration":399,"executable":"createDat.js","args":["3.dat"],"id":5,"resource":"2048","request_start":1576624242452,"request_end":1576624243610,"request_duration":1158,"type":"2048"}
{"start":1576624242565,"end":1576624243627,"duration":1062,"downloading_duration":392,"execution_duration":62,"uploading_duration":608,"executable":"createDat.js","args":["0.dat"],"id":2,"resource":"2048","request_start":1576624242441,"request_end":1576624243658,"request_duration":1217,"type":"2048"}
{"start":1576624243686,"end":1576624247347,"duration":3661,"downloading_duration":992,"execution_duration":2082,"uploading_duration":587,"executable":"ellipsoids-openmp","args":["1.dat","14.log","14.xoutput"],"id":55,"resource":"2048","request_start":1576624243540,"request_end":1576624247369,"request_duration":3829,"type":"2048"}
{"start":1576624243843,"end":1576624247709,"duration":3866,"downloading_duration":984,"execution_duration":2295,"uploading_duration":587,"executable":"ellipsoids-openmp","args":["2.dat","24.log","24.xoutput"],"id":100,"resource":"2048","request_start":1576624243440,"request_end":1576624247729,"request_duration":4289,"type":"2048"}
{"start":1576624243991,"end":1576624247716,"duration":3725,"downloading_duration":1100,"execution_duration":2061,"uploading_duration":564,"executable":"ellipsoids-openmp","args":["1.dat","11.log","11.xoutput"],"id":52,"resource":"2048","request_start":1576624243533,"request_end":1576624247738,"request_duration":4205,"type":"2048"}
{"start":1576624243864,"end":1576624247742,"duration":3878,"downloading_duration":985,"execution_duration":2328,"uploading_duration":565,"executable":"ellipsoids-openmp","args":["2.dat","211.log","211.xoutput"],"id":107,"resource":"2048","request_start":1576624243448,"request_end":1576624247762,"request_duration":4314,"type":"2048"}
{"start":1576624243952,"end":1576624247754,"duration":3802,"downloading_duration":1050,"execution_duration":2165,"uploading_duration":587,"executable":"ellipsoids-openmp","args":["1.dat","10.log","10.xoutput"],"id":51,"resource":"2048","request_start":1576624243529,"request_end":1576624247774,"request_duration":4245,"type":"2048"}
{"start":1576624243984,"end":1576624247763,"duration":3779,"downloading_duration":1091,"execution_duration":2082,"uploading_duration":606,"executable":"ellipsoids-openmp","args":["1.dat","12.log","12.xoutput"],"id":53,"resource":"2048","request_start":1576624243536,"request_end":1576624247786,"request_duration":4250,"type":"2048"}
{"start":1576624243947,"end":1576624247765,"duration":3818,"downloading_duration":987,"execution_duration":2246,"uploading_duration":585,"executable":"ellipsoids-openmp","args":["2.dat","225.log","225.xoutput"],"id":121,"resource":"2048","request_start":1576624243464,"request_end":1576624247789,"request_duration":4325,"type":"2048"}
{"start":1576624243946,"end":1576624247774,"duration":3828,"downloading_duration":1076,"execution_duration":2133,"uploading_duration":619,"executable":"ellipsoids-openmp","args":["2.dat","230.log","230.xoutput"],"id":126,"resource":"2048","request_start":1576624243469,"request_end":1576624247793,"request_duration":4324,"type":"2048"}
{"start":1576624243950,"end":1576624247776,"duration":3826,"downloading_duration":977,"execution_duration":2274,"uploading_duration":575,"executable":"ellipsoids-openmp","args":["2.dat","220.log","220.xoutput"],"id":116,"resource":"2048","request_start":1576624243457,"request_end":1576624247800,"request_duration":4343,"type":"2048"}
{"start":1576624243945,"end":1576624247781,"duration":3836,"downloading_duration":1050,"execution_duration":2222,"uploading_duration":564,"executable":"ellipsoids-openmp","args":["2.dat","224.log","224.xoutput"],"id":120,"resource":"2048","request_start":1576624243463,"request_end":1576624247802,"request_duration":4339,"type":"2048"}
{"start":1576624243864,"end":1576624247782,"duration":3918,"downloading_duration":991,"execution_duration":2342,"uploading_duration":585,"executable":"ellipsoids-openmp","args":["2.dat","25.log","25.xoutput"],"id":101,"resource":"2048","request_start":1576624243441,"request_end":1576624247807,"request_duration":4366,"type":"2048"}
{"start":1576624243957,"end":1576624247793,"duration":3836,"downloading_duration":997,"execution_duration":2273,"uploading_duration":566,"executable":"ellipsoids-openmp","args":["2.dat","241.log","241.xoutput"],"id":137,"resource":"2048","request_start":1576624243481,"request_end":1576624247814,"request_duration":4333,"type":"2048"}
{"start":1576624243856,"end":1576624247796,"duration":3940,"downloading_duration":993,"execution_duration":2341,"uploading_duration":606,"executable":"ellipsoids-openmp","args":["2.dat","26.log","26.xoutput"],"id":102,"resource":"2048","request_start":1576624243443,"request_end":1576624247818,"request_duration":4375,"type":"2048"}
{"start":1576624243855,"end":1576624247795,"duration":3940,"downloading_duration":989,"execution_duration":2337,"uploading_duration":614,"executable":"ellipsoids-openmp","args":["2.dat","28.log","28.xoutput"],"id":104,"resource":"2048","request_start":1576624243445,"request_end":1576624247819,"request_duration":4374,"type":"2048"}
{"start":1576624243859,"end":1576624247800,"duration":3941,"downloading_duration":1050,"execution_duration":2299,"uploading_duration":592,"executable":"ellipsoids-openmp","args":["2.dat","212.log","212.xoutput"],"id":108,"resource":"2048","request_start":1576624243448,"request_end":1576624247821,"request_duration":4373,"type":"2048"}
{"start":1576624243920,"end":1576624247805,"duration":3885,"downloading_duration":983,"execution_duration":2346,"uploading_duration":556,"executable":"ellipsoids-openmp","args":["2.dat","217.log","217.xoutput"],"id":113,"resource":"2048","request_start":1576624243453,"request_end":1576624247830,"request_duration":4377,"type":"2048"}
{"start":1576624243855,"end":1576624247812,"duration":3957,"downloading_duration":1078,"execution_duration":2304,"uploading_duration":575,"executable":"ellipsoids-openmp","args":["2.dat","29.log","29.xoutput"],"id":105,"resource":"2048","request_start":1576624243446,"request_end":1576624247838,"request_duration":4392,"type":"2048"}
{"start":1576624243849,"end":1576624247817,"duration":3968,"downloading_duration":1002,"execution_duration":2309,"uploading_duration":657,"executable":"ellipsoids-openmp","args":["2.dat","27.log","27.xoutput"],"id":103,"resource":"2048","request_start":1576624243444,"request_end":1576624247841,"request_duration":4397,"type":"2048"}
{"start":1576624243950,"end":1576624247818,"duration":3868,"downloading_duration":992,"execution_duration":2313,"uploading_duration":563,"executable":"ellipsoids-openmp","args":["2.dat","239.log","239.xoutput"],"id":135,"resource":"2048","request_start":1576624243480,"request_end":1576624247842,"request_duration":4362,"type":"2048"}
{"start":1576624243949,"end":1576624247823,"duration":3874,"downloading_duration":1003,"execution_duration":2305,"uploading_duration":566,"executable":"ellipsoids-openmp","args":["2.dat","235.log","235.xoutput"],"id":131,"resource":"2048","request_start":1576624243475,"request_end":1576624247849,"request_duration":4374,"type":"2048"}
{"start":1576624243855,"end":1576624247826,"duration":3971,"downloading_duration":1006,"execution_duration":2405,"uploading_duration":560,"executable":"ellipsoids-openmp","args":["2.dat","210.log","210.xoutput"],"id":106,"resource":"2048","request_start":1576624243447,"request_end":1576624247851,"request_duration":4404,"type":"2048"}
{"start":1576624243900,"end":1576624247827,"duration":3927,"downloading_duration":1074,"execution_duration":2275,"uploading_duration":578,"executable":"ellipsoids-openmp","args":["2.dat","215.log","215.xoutput"],"id":111,"resource":"2048","request_start":1576624243451,"request_end":1576624247852,"request_duration":4401,"type":"2048"}
{"start":1576624243948,"end":1576624247833,"duration":3885,"downloading_duration":1002,"execution_duration":2323,"uploading_duration":560,"executable":"ellipsoids-openmp","args":["2.dat","234.log","234.xoutput"],"id":130,"resource":"2048","request_start":1576624243473,"request_end":1576624247862,"request_duration":4389,"type":"2048"}
{"start":1576624243861,"end":1576624247833,"duration":3972,"downloading_duration":1015,"execution_duration":2381,"uploading_duration":576,"executable":"ellipsoids-openmp","args":["2.dat","213.log","213.xoutput"],"id":109,"resource":"2048","request_start":1576624243449,"request_end":1576624247863,"request_duration":4414,"type":"2048"}
{"start":1576624243946,"end":1576624247843,"duration":3897,"downloading_duration":1042,"execution_duration":2273,"uploading_duration":582,"executable":"ellipsoids-openmp","args":["2.dat","221.log","221.xoutput"],"id":117,"resource":"2048","request_start":1576624243457,"request_end":1576624247874,"request_duration":4417,"type":"2048"}
{"start":1576624243944,"end":1576624247852,"duration":3908,"downloading_duration":1024,"execution_duration":2261,"uploading_duration":623,"executable":"ellipsoids-openmp","args":["2.dat","218.log","218.xoutput"],"id":114,"resource":"2048","request_start":1576624243454,"request_end":1576624247881,"request_duration":4427,"type":"2048"}
{"start":1576624243951,"end":1576624247861,"duration":3910,"downloading_duration":1024,"execution_duration":2322,"uploading_duration":564,"executable":"ellipsoids-openmp","args":["2.dat","237.log","237.xoutput"],"id":133,"resource":"2048","request_start":1576624243476,"request_end":1576624247888,"request_duration":4412,"type":"2048"}
{"start":1576624243960,"end":1576624247874,"duration":3914,"downloading_duration":1093,"execution_duration":2234,"uploading_duration":587,"executable":"ellipsoids-openmp","args":["2.dat","242.log","242.xoutput"],"id":138,"resource":"2048","request_start":1576624243482,"request_end":1576624247898,"request_duration":4416,"type":"2048"}
{"start":1576624243950,"end":1576624247887,"duration":3937,"downloading_duration":1003,"execution_duration":2342,"uploading_duration":592,"executable":"ellipsoids-openmp","args":["2.dat","232.log","232.xoutput"],"id":128,"resource":"2048","request_start":1576624243471,"request_end":1576624247909,"request_duration":4438,"type":"2048"}
{"start":1576624243945,"end":1576624247900,"duration":3955,"downloading_duration":1032,"execution_duration":2333,"uploading_duration":590,"executable":"ellipsoids-openmp","args":["2.dat","222.log","222.xoutput"],"id":118,"resource":"2048","request_start":1576624243458,"request_end":1576624247921,"request_duration":4463,"type":"2048"}
{"start":1576624243990,"end":1576624247900,"duration":3910,"downloading_duration":991,"execution_duration":2355,"uploading_duration":564,"executable":"ellipsoids-openmp","args":["2.dat","244.log","244.xoutput"],"id":140,"resource":"2048","request_start":1576624243484,"request_end":1576624247922,"request_duration":4438,"type":"2048"}
{"start":1576624243898,"end":1576624247900,"duration":4002,"downloading_duration":1078,"execution_duration":2314,"uploading_duration":610,"executable":"ellipsoids-openmp","args":["2.dat","216.log","216.xoutput"],"id":112,"resource":"2048","request_start":1576624243452,"request_end":1576624247924,"request_duration":4472,"type":"2048"}
{"start":1576624243944,"end":1576624247902,"duration":3958,"downloading_duration":1040,"execution_duration":2299,"uploading_duration":619,"executable":"ellipsoids-openmp","args":["2.dat","219.log","219.xoutput"],"id":115,"resource":"2048","request_start":1576624243455,"request_end":1576624247926,"request_duration":4471,"type":"2048"}
{"start":1576624243945,"end":1576624247905,"duration":3960,"downloading_duration":1077,"execution_duration":2290,"uploading_duration":593,"executable":"ellipsoids-openmp","args":["2.dat","226.log","226.xoutput"],"id":122,"resource":"2048","request_start":1576624243465,"request_end":1576624247927,"request_duration":4462,"type":"2048"}
{"start":1576624243638,"end":1576624247911,"duration":4273,"downloading_duration":996,"execution_duration":2050,"uploading_duration":1227,"executable":"ellipsoids-openmp","args":["1.dat","13.log","13.xoutput"],"id":54,"resource":"2048","request_start":1576624243538,"request_end":1576624247938,"request_duration":4400,"type":"2048"}
{"start":1576624243946,"end":1576624247912,"duration":3966,"downloading_duration":1036,"execution_duration":2368,"uploading_duration":562,"executable":"ellipsoids-openmp","args":["2.dat","223.log","223.xoutput"],"id":119,"resource":"2048","request_start":1576624243459,"request_end":1576624247940,"request_duration":4481,"type":"2048"}
{"start":1576624243946,"end":1576624247927,"duration":3981,"downloading_duration":1068,"execution_duration":2249,"uploading_duration":664,"executable":"ellipsoids-openmp","args":["2.dat","231.log","231.xoutput"],"id":127,"resource":"2048","request_start":1576624243470,"request_end":1576624247949,"request_duration":4479,"type":"2048"}
{"start":1576624243945,"end":1576624247927,"duration":3982,"downloading_duration":986,"execution_duration":2407,"uploading_duration":589,"executable":"ellipsoids-openmp","args":["2.dat","229.log","229.xoutput"],"id":125,"resource":"2048","request_start":1576624243468,"request_end":1576624247951,"request_duration":4483,"type":"2048"}
{"start":1576624243958,"end":1576624247928,"duration":3970,"downloading_duration":1046,"execution_duration":2331,"uploading_duration":593,"executable":"ellipsoids-openmp","args":["2.dat","20.log","20.xoutput"],"id":96,"resource":"2048","request_start":1576624243485,"request_end":1576624247952,"request_duration":4467,"type":"2048"}
{"start":1576624243900,"end":1576624247930,"duration":4030,"downloading_duration":1034,"execution_duration":2319,"uploading_duration":677,"executable":"ellipsoids-openmp","args":["2.dat","214.log","214.xoutput"],"id":110,"resource":"2048","request_start":1576624243450,"request_end":1576624247955,"request_duration":4505,"type":"2048"}
{"start":1576624243946,"end":1576624247935,"duration":3989,"downloading_duration":997,"execution_duration":2384,"uploading_duration":608,"executable":"ellipsoids-openmp","args":["2.dat","227.log","227.xoutput"],"id":123,"resource":"2048","request_start":1576624243466,"request_end":1576624247962,"request_duration":4496,"type":"2048"}
{"start":1576624243949,"end":1576624247934,"duration":3985,"downloading_duration":1084,"execution_duration":2342,"uploading_duration":559,"executable":"ellipsoids-openmp","args":["2.dat","240.log","240.xoutput"],"id":136,"resource":"2048","request_start":1576624243481,"request_end":1576624247964,"request_duration":4483,"type":"2048"}
{"start":1576624243944,"end":1576624247940,"duration":3996,"downloading_duration":1041,"execution_duration":2395,"uploading_duration":560,"executable":"ellipsoids-openmp","args":["2.dat","228.log","228.xoutput"],"id":124,"resource":"2048","request_start":1576624243467,"request_end":1576624247968,"request_duration":4501,"type":"2048"}
{"start":1576624243950,"end":1576624247961,"duration":4011,"downloading_duration":1077,"execution_duration":2376,"uploading_duration":558,"executable":"ellipsoids-openmp","args":["2.dat","233.log","233.xoutput"],"id":129,"resource":"2048","request_start":1576624243472,"request_end":1576624247981,"request_duration":4509,"type":"2048"}
{"start":1576624243958,"end":1576624247965,"duration":4007,"downloading_duration":1020,"execution_duration":2416,"uploading_duration":571,"executable":"ellipsoids-openmp","args":["2.dat","22.log","22.xoutput"],"id":98,"resource":"2048","request_start":1576624243487,"request_end":1576624247989,"request_duration":4502,"type":"2048"}
{"start":1576624243952,"end":1576624247977,"duration":4025,"downloading_duration":1034,"execution_duration":2425,"uploading_duration":566,"executable":"ellipsoids-openmp","args":["2.dat","236.log","236.xoutput"],"id":132,"resource":"2048","request_start":1576624243476,"request_end":1576624247998,"request_duration":4522,"type":"2048"}
{"start":1576624243972,"end":1576624247987,"duration":4015,"downloading_duration":1073,"execution_duration":2361,"uploading_duration":581,"executable":"ellipsoids-openmp","args":["2.dat","23.log","23.xoutput"],"id":99,"resource":"2048","request_start":1576624243523,"request_end":1576624248007,"request_duration":4484,"type":"2048"}
{"start":1576624243961,"end":1576624247992,"duration":4031,"downloading_duration":1088,"execution_duration":2351,"uploading_duration":592,"executable":"ellipsoids-openmp","args":["2.dat","243.log","243.xoutput"],"id":139,"resource":"2048","request_start":1576624243483,"request_end":1576624248015,"request_duration":4532,"type":"2048"}
{"start":1576624243958,"end":1576624248049,"duration":4091,"downloading_duration":1171,"execution_duration":2324,"uploading_duration":596,"executable":"ellipsoids-openmp","args":["2.dat","238.log","238.xoutput"],"id":134,"resource":"2048","request_start":1576624243477,"request_end":1576624248073,"request_duration":4596,"type":"2048"}
{"start":1576624243961,"end":1576624248098,"duration":4137,"downloading_duration":1136,"execution_duration":2375,"uploading_duration":626,"executable":"ellipsoids-openmp","args":["2.dat","21.log","21.xoutput"],"id":97,"resource":"2048","request_start":1576624243486,"request_end":1576624248118,"request_duration":4632,"type":"2048"}
{"start":1576624247826,"end":1576624251567,"duration":3741,"downloading_duration":989,"execution_duration":2202,"uploading_duration":550,"executable":"ellipsoids-openmp","args":["1.dat","114.log","114.xoutput"],"id":65,"resource":"2048","request_start":1576624243551,"request_end":1576624251587,"request_duration":8036,"type":"2048"}
{"start":1576624247851,"end":1576624251581,"duration":3730,"downloading_duration":985,"execution_duration":2178,"uploading_duration":567,"executable":"ellipsoids-openmp","args":["1.dat","119.log","119.xoutput"],"id":70,"resource":"2048","request_start":1576624243557,"request_end":1576624251604,"request_duration":8047,"type":"2048"}
{"start":1576624247859,"end":1576624251635,"duration":3776,"downloading_duration":997,"execution_duration":2186,"uploading_duration":593,"executable":"ellipsoids-openmp","args":["1.dat","120.log","120.xoutput"],"id":71,"resource":"2048","request_start":1576624243558,"request_end":1576624251656,"request_duration":8098,"type":"2048"}
{"start":1576624247762,"end":1576624251645,"duration":3883,"downloading_duration":997,"execution_duration":2284,"uploading_duration":602,"executable":"ellipsoids-openmp","args":["1.dat","17.log","17.xoutput"],"id":58,"resource":"2048","request_start":1576624243544,"request_end":1576624251664,"request_duration":8120,"type":"2048"}
{"start":1576624247819,"end":1576624251645,"duration":3826,"downloading_duration":998,"execution_duration":2248,"uploading_duration":580,"executable":"ellipsoids-openmp","args":["1.dat","111.log","111.xoutput"],"id":62,"resource":"2048","request_start":1576624243548,"request_end":1576624251667,"request_duration":8119,"type":"2048"}
{"start":1576624247871,"end":1576624251650,"duration":3779,"downloading_duration":992,"execution_duration":2214,"uploading_duration":573,"executable":"ellipsoids-openmp","args":["1.dat","123.log","123.xoutput"],"id":74,"resource":"2048","request_start":1576624243560,"request_end":1576624251671,"request_duration":8111,"type":"2048"}
{"start":1576624247883,"end":1576624251651,"duration":3768,"downloading_duration":990,"execution_duration":2220,"uploading_duration":558,"executable":"ellipsoids-openmp","args":["1.dat","126.log","126.xoutput"],"id":77,"resource":"2048","request_start":1576624243563,"request_end":1576624251677,"request_duration":8114,"type":"2048"}
{"start":1576624247755,"end":1576624251653,"duration":3898,"downloading_duration":1045,"execution_duration":2243,"uploading_duration":610,"executable":"ellipsoids-openmp","args":["1.dat","16.log","16.xoutput"],"id":57,"resource":"2048","request_start":1576624243543,"request_end":1576624251679,"request_duration":8136,"type":"2048"}
{"start":1576624248014,"end":1576624251673,"duration":3659,"downloading_duration":1003,"execution_duration":2074,"uploading_duration":582,"executable":"ellipsoids-openmp","args":["3.dat","34.log","34.xoutput"],"id":145,"resource":"2048","request_start":1576624243680,"request_end":1576624251692,"request_duration":8012,"type":"2048"}
{"start":1576624247846,"end":1576624251675,"duration":3829,"downloading_duration":993,"execution_duration":2233,"uploading_duration":603,"executable":"ellipsoids-openmp","args":["1.dat","117.log","117.xoutput"],"id":68,"resource":"2048","request_start":1576624243555,"request_end":1576624251695,"request_duration":8140,"type":"2048"}
{"start":1576624247913,"end":1576624251677,"duration":3764,"downloading_duration":1008,"execution_duration":2190,"uploading_duration":566,"executable":"ellipsoids-openmp","args":["1.dat","131.log","131.xoutput"],"id":82,"resource":"2048","request_start":1576624243566,"request_end":1576624251698,"request_duration":8132,"type":"2048"}
{"start":1576624247827,"end":1576624251678,"duration":3851,"downloading_duration":993,"execution_duration":2235,"uploading_duration":623,"executable":"ellipsoids-openmp","args":["1.dat","113.log","113.xoutput"],"id":64,"resource":"2048","request_start":1576624243550,"request_end":1576624251701,"request_duration":8151,"type":"2048"}
{"start":1576624247792,"end":1576624251681,"duration":3889,"downloading_duration":991,"execution_duration":2306,"uploading_duration":592,"executable":"ellipsoids-openmp","args":["1.dat","18.log","18.xoutput"],"id":59,"resource":"2048","request_start":1576624243545,"request_end":1576624251708,"request_duration":8163,"type":"2048"}
{"start":1576624248041,"end":1576624251687,"duration":3646,"downloading_duration":1051,"execution_duration":2022,"uploading_duration":573,"executable":"ellipsoids-openmp","args":["3.dat","37.log","37.xoutput"],"id":148,"resource":"2048","request_start":1576624243681,"request_end":1576624251712,"request_duration":8031,"type":"2048"}
{"start":1576624247837,"end":1576624251688,"duration":3851,"downloading_duration":1030,"execution_duration":2224,"uploading_duration":597,"executable":"ellipsoids-openmp","args":["1.dat","115.log","115.xoutput"],"id":66,"resource":"2048","request_start":1576624243553,"request_end":1576624251715,"request_duration":8162,"type":"2048"}
{"start":1576624247864,"end":1576624251691,"duration":3827,"downloading_duration":998,"execution_duration":2239,"uploading_duration":590,"executable":"ellipsoids-openmp","args":["1.dat","121.log","121.xoutput"],"id":72,"resource":"2048","request_start":1576624243558,"request_end":1576624251719,"request_duration":8161,"type":"2048"}
{"start":1576624247904,"end":1576624251695,"duration":3791,"downloading_duration":1069,"execution_duration":2171,"uploading_duration":551,"executable":"ellipsoids-openmp","args":["1.dat","129.log","129.xoutput"],"id":80,"resource":"2048","request_start":1576624243565,"request_end":1576624251730,"request_duration":8165,"type":"2048"}
{"start":1576624247850,"end":1576624251702,"duration":3852,"downloading_duration":995,"execution_duration":2207,"uploading_duration":650,"executable":"ellipsoids-openmp","args":["1.dat","118.log","118.xoutput"],"id":69,"resource":"2048","request_start":1576624243556,"request_end":1576624251732,"request_duration":8176,"type":"2048"}
{"start":1576624247802,"end":1576624251706,"duration":3904,"downloading_duration":990,"execution_duration":2259,"uploading_duration":655,"executable":"ellipsoids-openmp","args":["1.dat","19.log","19.xoutput"],"id":60,"resource":"2048","request_start":1576624243546,"request_end":1576624251734,"request_duration":8188,"type":"2048"}
{"start":1576624247819,"end":1576624251711,"duration":3892,"downloading_duration":1039,"execution_duration":2243,"uploading_duration":610,"executable":"ellipsoids-openmp","args":["1.dat","112.log","112.xoutput"],"id":63,"resource":"2048","request_start":1576624243549,"request_end":1576624251740,"request_duration":8191,"type":"2048"}
{"start":1576624247931,"end":1576624251718,"duration":3787,"downloading_duration":1031,"execution_duration":2135,"uploading_duration":621,"executable":"ellipsoids-openmp","args":["1.dat","132.log","132.xoutput"],"id":83,"resource":"2048","request_start":1576624243567,"request_end":1576624251742,"request_duration":8175,"type":"2048"}
{"start":1576624247975,"end":1576624251719,"duration":3744,"downloading_duration":1034,"execution_duration":2110,"uploading_duration":600,"executable":"ellipsoids-openmp","args":["1.dat","142.log","142.xoutput"],"id":93,"resource":"2048","request_start":1576624243572,"request_end":1576624251744,"request_duration":8172,"type":"2048"}
{"start":1576624248034,"end":1576624251720,"duration":3686,"downloading_duration":1028,"execution_duration":2075,"uploading_duration":583,"executable":"ellipsoids-openmp","args":["3.dat","36.log","36.xoutput"],"id":147,"resource":"2048","request_start":1576624243681,"request_end":1576624251745,"request_duration":8064,"type":"2048"}
{"start":1576624247954,"end":1576624251720,"duration":3766,"downloading_duration":1074,"execution_duration":2135,"uploading_duration":557,"executable":"ellipsoids-openmp","args":["1.dat","135.log","135.xoutput"],"id":86,"resource":"2048","request_start":1576624243568,"request_end":1576624251748,"request_duration":8180,"type":"2048"}
{"start":1576624247844,"end":1576624251724,"duration":3880,"downloading_duration":1162,"execution_duration":2136,"uploading_duration":582,"executable":"ellipsoids-openmp","args":["1.dat","116.log","116.xoutput"],"id":67,"resource":"2048","request_start":1576624243553,"request_end":1576624251760,"request_duration":8207,"type":"2048"}
{"start":1576624247883,"end":1576624251727,"duration":3844,"downloading_duration":991,"execution_duration":2229,"uploading_duration":624,"executable":"ellipsoids-openmp","args":["1.dat","125.log","125.xoutput"],"id":76,"resource":"2048","request_start":1576624243562,"request_end":1576624251764,"request_duration":8202,"type":"2048"}
{"start":1576624247992,"end":1576624251730,"duration":3738,"downloading_duration":1070,"execution_duration":2090,"uploading_duration":578,"executable":"ellipsoids-openmp","args":["3.dat","31.log","31.xoutput"],"id":142,"resource":"2048","request_start":1576624243678,"request_end":1576624251766,"request_duration":8088,"type":"2048"}
{"start":1576624247982,"end":1576624251731,"duration":3749,"downloading_duration":1073,"execution_duration":2098,"uploading_duration":578,"executable":"ellipsoids-openmp","args":["1.dat","144.log","144.xoutput"],"id":95,"resource":"2048","request_start":1576624243573,"request_end":1576624251773,"request_duration":8200,"type":"2048"}
{"start":1576624247910,"end":1576624251731,"duration":3821,"downloading_duration":1009,"execution_duration":2244,"uploading_duration":568,"executable":"ellipsoids-openmp","args":["1.dat","130.log","130.xoutput"],"id":81,"resource":"2048","request_start":1576624243566,"request_end":1576624251775,"request_duration":8209,"type":"2048"}
{"start":1576624247975,"end":1576624251732,"duration":3757,"downloading_duration":1059,"execution_duration":2136,"uploading_duration":562,"executable":"ellipsoids-openmp","args":["1.dat","141.log","141.xoutput"],"id":92,"resource":"2048","request_start":1576624243572,"request_end":1576624251777,"request_duration":8205,"type":"2048"}
{"start":1576624247813,"end":1576624251748,"duration":3935,"downloading_duration":1116,"execution_duration":2243,"uploading_duration":576,"executable":"ellipsoids-openmp","args":["1.dat","110.log","110.xoutput"],"id":61,"resource":"2048","request_start":1576624243547,"request_end":1576624251786,"request_duration":8239,"type":"2048"}
{"start":1576624247877,"end":1576624251749,"duration":3872,"downloading_duration":1087,"execution_duration":2218,"uploading_duration":567,"executable":"ellipsoids-openmp","args":["1.dat","124.log","124.xoutput"],"id":75,"resource":"2048","request_start":1576624243561,"request_end":1576624251788,"request_duration":8227,"type":"2048"}
{"start":1576624247957,"end":1576624251751,"duration":3794,"downloading_duration":1067,"execution_duration":2144,"uploading_duration":583,"executable":"ellipsoids-openmp","args":["1.dat","138.log","138.xoutput"],"id":89,"resource":"2048","request_start":1576624243570,"request_end":1576624251791,"request_duration":8221,"type":"2048"}
{"start":1576624247891,"end":1576624251757,"duration":3866,"downloading_duration":1014,"execution_duration":2200,"uploading_duration":652,"executable":"ellipsoids-openmp","args":["1.dat","128.log","128.xoutput"],"id":79,"resource":"2048","request_start":1576624243564,"request_end":1576624251793,"request_duration":8229,"type":"2048"}
{"start":1576624247980,"end":1576624251760,"duration":3780,"downloading_duration":1017,"execution_duration":2182,"uploading_duration":581,"executable":"ellipsoids-openmp","args":["1.dat","143.log","143.xoutput"],"id":94,"resource":"2048","request_start":1576624243573,"request_end":1576624251800,"request_duration":8227,"type":"2048"}
{"start":1576624248003,"end":1576624251761,"duration":3758,"downloading_duration":1005,"execution_duration":2134,"uploading_duration":619,"executable":"ellipsoids-openmp","args":["3.dat","33.log","33.xoutput"],"id":144,"resource":"2048","request_start":1576624243679,"request_end":1576624251801,"request_duration":8122,"type":"2048"}
{"start":1576624248025,"end":1576624251763,"duration":3738,"downloading_duration":1095,"execution_duration":2022,"uploading_duration":621,"executable":"ellipsoids-openmp","args":["3.dat","35.log","35.xoutput"],"id":146,"resource":"2048","request_start":1576624243680,"request_end":1576624251804,"request_duration":8124,"type":"2048"}
{"start":1576624247971,"end":1576624251764,"duration":3793,"downloading_duration":993,"execution_duration":2211,"uploading_duration":589,"executable":"ellipsoids-openmp","args":["1.dat","139.log","139.xoutput"],"id":90,"resource":"2048","request_start":1576624243571,"request_end":1576624251805,"request_duration":8234,"type":"2048"}
{"start":1576624247987,"end":1576624251771,"duration":3784,"downloading_duration":1019,"execution_duration":2160,"uploading_duration":605,"executable":"ellipsoids-openmp","args":["3.dat","30.log","30.xoutput"],"id":141,"resource":"2048","request_start":1576624243677,"request_end":1576624251812,"request_duration":8135,"type":"2048"}
{"start":1576624247871,"end":1576624251792,"duration":3921,"downloading_duration":1091,"execution_duration":2234,"uploading_duration":596,"executable":"ellipsoids-openmp","args":["1.dat","122.log","122.xoutput"],"id":73,"resource":"2048","request_start":1576624243559,"request_end":1576624251821,"request_duration":8262,"type":"2048"}
{"start":1576624247401,"end":1576624251795,"duration":4394,"downloading_duration":994,"execution_duration":2250,"uploading_duration":1150,"executable":"ellipsoids-openmp","args":["1.dat","15.log","15.xoutput"],"id":56,"resource":"2048","request_start":1576624243541,"request_end":1576624251823,"request_duration":8282,"type":"2048"}
{"start":1576624247955,"end":1576624251823,"duration":3868,"downloading_duration":1012,"execution_duration":2229,"uploading_duration":627,"executable":"ellipsoids-openmp","args":["1.dat","136.log","136.xoutput"],"id":87,"resource":"2048","request_start":1576624243569,"request_end":1576624251841,"request_duration":8272,"type":"2048"}
{"start":1576624247956,"end":1576624251838,"duration":3882,"downloading_duration":1008,"execution_duration":2290,"uploading_duration":584,"executable":"ellipsoids-openmp","args":["1.dat","137.log","137.xoutput"],"id":88,"resource":"2048","request_start":1576624243570,"request_end":1576624251856,"request_duration":8286,"type":"2048"}
{"start":1576624247894,"end":1576624251844,"duration":3950,"downloading_duration":1080,"execution_duration":2286,"uploading_duration":584,"executable":"ellipsoids-openmp","args":["1.dat","127.log","127.xoutput"],"id":78,"resource":"2048","request_start":1576624243564,"request_end":1576624251865,"request_duration":8301,"type":"2048"}
{"start":1576624247939,"end":1576624251842,"duration":3903,"downloading_duration":1002,"execution_duration":2330,"uploading_duration":571,"executable":"ellipsoids-openmp","args":["1.dat","133.log","133.xoutput"],"id":84,"resource":"2048","request_start":1576624243567,"request_end":1576624251866,"request_duration":8299,"type":"2048"}
{"start":1576624247971,"end":1576624251844,"duration":3873,"downloading_duration":1008,"execution_duration":2262,"uploading_duration":603,"executable":"ellipsoids-openmp","args":["1.dat","140.log","140.xoutput"],"id":91,"resource":"2048","request_start":1576624243571,"request_end":1576624251868,"request_duration":8297,"type":"2048"}
{"start":1576624247948,"end":1576624251895,"duration":3947,"downloading_duration":1000,"execution_duration":2262,"uploading_duration":685,"executable":"ellipsoids-openmp","args":["1.dat","134.log","134.xoutput"],"id":85,"resource":"2048","request_start":1576624243568,"request_end":1576624251915,"request_duration":8347,"type":"2048"}
{"start":1576624248098,"end":1576624251950,"duration":3852,"downloading_duration":1098,"execution_duration":2130,"uploading_duration":624,"executable":"ellipsoids-openmp","args":["3.dat","38.log","38.xoutput"],"id":149,"resource":"2048","request_start":1576624243682,"request_end":1576624251970,"request_duration":8288,"type":"2048"}
{"start":1576624247999,"end":1576624251970,"duration":3971,"downloading_duration":1155,"execution_duration":2095,"uploading_duration":721,"executable":"ellipsoids-openmp","args":["3.dat","32.log","32.xoutput"],"id":143,"resource":"2048","request_start":1576624243679,"request_end":1576624251989,"request_duration":8310,"type":"2048"}
{"start":1576624248143,"end":1576624252077,"duration":3934,"downloading_duration":999,"execution_duration":2110,"uploading_duration":825,"executable":"ellipsoids-openmp","args":["3.dat","39.log","39.xoutput"],"id":150,"resource":"2048","request_start":1576624243682,"request_end":1576624252098,"request_duration":8416,"type":"2048"}
{"start":1576624251706,"end":1576624255387,"duration":3681,"downloading_duration":986,"execution_duration":2127,"uploading_duration":568,"executable":"ellipsoids-openmp","args":["3.dat","317.log","317.xoutput"],"id":158,"resource":"2048","request_start":1576624243686,"request_end":1576624255407,"request_duration":11721,"type":"2048"}
{"start":1576624251614,"end":1576624255411,"duration":3797,"downloading_duration":1075,"execution_duration":2131,"uploading_duration":591,"executable":"ellipsoids-openmp","args":["3.dat","310.log","310.xoutput"],"id":151,"resource":"2048","request_start":1576624243683,"request_end":1576624255431,"request_duration":11748,"type":"2048"}
{"start":1576624251684,"end":1576624255427,"duration":3743,"downloading_duration":997,"execution_duration":2181,"uploading_duration":565,"executable":"ellipsoids-openmp","args":["3.dat","312.log","312.xoutput"],"id":153,"resource":"2048","request_start":1576624243684,"request_end":1576624255447,"request_duration":11763,"type":"2048"}
{"start":1576624251753,"end":1576624255437,"duration":3684,"downloading_duration":976,"execution_duration":2144,"uploading_duration":564,"executable":"ellipsoids-openmp","args":["3.dat","325.log","325.xoutput"],"id":166,"resource":"2048","request_start":1576624243690,"request_end":1576624255456,"request_duration":11766,"type":"2048"}
{"start":1576624251695,"end":1576624255437,"duration":3742,"downloading_duration":1038,"execution_duration":2107,"uploading_duration":597,"executable":"ellipsoids-openmp","args":["3.dat","314.log","314.xoutput"],"id":155,"resource":"2048","request_start":1576624243685,"request_end":1576624255460,"request_duration":11775,"type":"2048"}
{"start":1576624251702,"end":1576624255445,"duration":3743,"downloading_duration":1097,"execution_duration":2066,"uploading_duration":580,"executable":"ellipsoids-openmp","args":["3.dat","315.log","315.xoutput"],"id":156,"resource":"2048","request_start":1576624243685,"request_end":1576624255465,"request_duration":11780,"type":"2048"}
{"start":1576624251739,"end":1576624255448,"duration":3709,"downloading_duration":1007,"execution_duration":2080,"uploading_duration":622,"executable":"ellipsoids-openmp","args":["3.dat","323.log","323.xoutput"],"id":164,"resource":"2048","request_start":1576624243689,"request_end":1576624255469,"request_duration":11780,"type":"2048"}
{"start":1576624251773,"end":1576624255453,"duration":3680,"downloading_duration":1014,"execution_duration":2064,"uploading_duration":602,"executable":"ellipsoids-openmp","args":["3.dat","329.log","329.xoutput"],"id":170,"resource":"2048","request_start":1576624243692,"request_end":1576624255475,"request_duration":11783,"type":"2048"}
{"start":1576624251776,"end":1576624255453,"duration":3677,"downloading_duration":985,"execution_duration":2130,"uploading_duration":562,"executable":"ellipsoids-openmp","args":["3.dat","331.log","331.xoutput"],"id":172,"resource":"2048","request_start":1576624243693,"request_end":1576624255483,"request_duration":11790,"type":"2048"}
{"start":1576624251759,"end":1576624255467,"duration":3708,"downloading_duration":994,"execution_duration":2119,"uploading_duration":595,"executable":"ellipsoids-openmp","args":["3.dat","328.log","328.xoutput"],"id":169,"resource":"2048","request_start":1576624243692,"request_end":1576624255490,"request_duration":11798,"type":"2048"}
{"start":1576624251755,"end":1576624255474,"duration":3719,"downloading_duration":1001,"execution_duration":2105,"uploading_duration":613,"executable":"ellipsoids-openmp","args":["3.dat","326.log","326.xoutput"],"id":167,"resource":"2048","request_start":1576624243691,"request_end":1576624255497,"request_duration":11806,"type":"2048"}
{"start":1576624251708,"end":1576624255477,"duration":3769,"downloading_duration":1071,"execution_duration":2056,"uploading_duration":642,"executable":"ellipsoids-openmp","args":["3.dat","316.log","316.xoutput"],"id":157,"resource":"2048","request_start":1576624243686,"request_end":1576624255499,"request_duration":11813,"type":"2048"}
{"start":1576624251791,"end":1576624255482,"duration":3691,"downloading_duration":1040,"execution_duration":2100,"uploading_duration":551,"executable":"ellipsoids-openmp","args":["3.dat","334.log","334.xoutput"],"id":175,"resource":"2048","request_start":1576624243695,"request_end":1576624255505,"request_duration":11810,"type":"2048"}
{"start":1576624251796,"end":1576624255488,"duration":3692,"downloading_duration":1028,"execution_duration":2101,"uploading_duration":563,"executable":"ellipsoids-openmp","args":["3.dat","336.log","336.xoutput"],"id":177,"resource":"2048","request_start":1576624243696,"request_end":1576624255511,"request_duration":11815,"type":"2048"}
{"start":1576624251632,"end":1576624255490,"duration":3858,"downloading_duration":1084,"execution_duration":2143,"uploading_duration":631,"executable":"ellipsoids-openmp","args":["3.dat","311.log","311.xoutput"],"id":152,"resource":"2048","request_start":1576624243683,"request_end":1576624255512,"request_duration":11829,"type":"2048"}
{"start":1576624251761,"end":1576624255494,"duration":3733,"downloading_duration":984,"execution_duration":2127,"uploading_duration":622,"executable":"ellipsoids-openmp","args":["3.dat","327.log","327.xoutput"],"id":168,"resource":"2048","request_start":1576624243691,"request_end":1576624255522,"request_duration":11831,"type":"2048"}
{"start":1576624251716,"end":1576624255495,"duration":3779,"downloading_duration":1039,"execution_duration":2126,"uploading_duration":614,"executable":"ellipsoids-openmp","args":["3.dat","318.log","318.xoutput"],"id":159,"resource":"2048","request_start":1576624243687,"request_end":1576624255522,"request_duration":11835,"type":"2048"}
{"start":1576624251812,"end":1576624255505,"duration":3693,"downloading_duration":999,"execution_duration":2101,"uploading_duration":593,"executable":"ellipsoids-openmp","args":["3.dat","340.log","340.xoutput"],"id":181,"resource":"2048","request_start":1576624243698,"request_end":1576624255530,"request_duration":11832,"type":"2048"}
{"start":1576624251729,"end":1576624255521,"duration":3792,"downloading_duration":1006,"execution_duration":2167,"uploading_duration":619,"executable":"ellipsoids-openmp","args":["3.dat","320.log","320.xoutput"],"id":161,"resource":"2048","request_start":1576624243688,"request_end":1576624255542,"request_duration":11854,"type":"2048"}
{"start":1576624251748,"end":1576624255537,"duration":3789,"downloading_duration":1031,"execution_duration":2157,"uploading_duration":601,"executable":"ellipsoids-openmp","args":["3.dat","324.log","324.xoutput"],"id":165,"resource":"2048","request_start":1576624243690,"request_end":1576624255557,"request_duration":11867,"type":"2048"}
{"start":1576624251803,"end":1576624255552,"duration":3749,"downloading_duration":1080,"execution_duration":2093,"uploading_duration":576,"executable":"ellipsoids-openmp","args":["3.dat","338.log","338.xoutput"],"id":179,"resource":"2048","request_start":1576624243697,"request_end":1576624255572,"request_duration":11875,"type":"2048"}
{"start":1576624251690,"end":1576624255555,"duration":3865,"downloading_duration":985,"execution_duration":2282,"uploading_duration":598,"executable":"ellipsoids-openmp","args":["3.dat","313.log","313.xoutput"],"id":154,"resource":"2048","request_start":1576624243684,"request_end":1576624255582,"request_duration":11898,"type":"2048"}
{"start":1576624251802,"end":1576624255589,"duration":3787,"downloading_duration":985,"execution_duration":2154,"uploading_duration":648,"executable":"ellipsoids-openmp","args":["3.dat","337.log","337.xoutput"],"id":178,"resource":"2048","request_start":1576624243696,"request_end":1576624255613,"request_duration":11917,"type":"2048"}
{"start":1576624251722,"end":1576624255597,"duration":3875,"downloading_duration":1085,"execution_duration":2200,"uploading_duration":590,"executable":"ellipsoids-openmp","args":["3.dat","319.log","319.xoutput"],"id":160,"resource":"2048","request_start":1576624243687,"request_end":1576624255616,"request_duration":11929,"type":"2048"}
{"start":1576624251795,"end":1576624255604,"duration":3809,"downloading_duration":1072,"execution_duration":2096,"uploading_duration":641,"executable":"ellipsoids-openmp","args":["3.dat","335.log","335.xoutput"],"id":176,"resource":"2048","request_start":1576624243695,"request_end":1576624255625,"request_duration":11930,"type":"2048"}
{"start":1576624251803,"end":1576624255605,"duration":3802,"downloading_duration":1028,"execution_duration":2201,"uploading_duration":573,"executable":"ellipsoids-openmp","args":["3.dat","339.log","339.xoutput"],"id":180,"resource":"2048","request_start":1576624243697,"request_end":1576624255627,"request_duration":11930,"type":"2048"}
{"start":1576624251824,"end":1576624255612,"duration":3788,"downloading_duration":1008,"execution_duration":2133,"uploading_duration":647,"executable":"ellipsoids-openmp","args":["3.dat","344.log","344.xoutput"],"id":185,"resource":"2048","request_start":1576624243700,"request_end":1576624255632,"request_duration":11932,"type":"2048"}
{"start":1576624251819,"end":1576624255620,"duration":3801,"downloading_duration":1025,"execution_duration":2164,"uploading_duration":612,"executable":"ellipsoids-openmp","args":["3.dat","343.log","343.xoutput"],"id":184,"resource":"2048","request_start":1576624243699,"request_end":1576624255642,"request_duration":11943,"type":"2048"}
{"start":1576624251771,"end":1576624255630,"duration":3859,"downloading_duration":1050,"execution_duration":2226,"uploading_duration":583,"executable":"ellipsoids-openmp","args":["3.dat","330.log","330.xoutput"],"id":171,"resource":"2048","request_start":1576624243693,"request_end":1576624255650,"request_duration":11957,"type":"2048"}
{"start":1576624251817,"end":1576624255637,"duration":3820,"downloading_duration":1112,"execution_duration":2115,"uploading_duration":593,"executable":"ellipsoids-openmp","args":["3.dat","341.log","341.xoutput"],"id":182,"resource":"2048","request_start":1576624243698,"request_end":1576624255660,"request_duration":11962,"type":"2048"}
{"start":1576624251777,"end":1576624255651,"duration":3874,"downloading_duration":1043,"execution_duration":2214,"uploading_duration":617,"executable":"ellipsoids-openmp","args":["3.dat","333.log","333.xoutput"],"id":174,"resource":"2048","request_start":1576624243694,"request_end":1576624255672,"request_duration":11978,"type":"2048"}
{"start":1576624251847,"end":1576624255657,"duration":3810,"downloading_duration":1009,"execution_duration":2212,"uploading_duration":589,"executable":"ellipsoids-openmp","args":["0.dat","08.log","08.xoutput"],"id":14,"resource":"2048","request_start":1576624243713,"request_end":1576624255683,"request_duration":11970,"type":"2048"}
{"start":1576624251730,"end":1576624255663,"duration":3933,"downloading_duration":1098,"execution_duration":2149,"uploading_duration":686,"executable":"ellipsoids-openmp","args":["3.dat","321.log","321.xoutput"],"id":162,"resource":"2048","request_start":1576624243688,"request_end":1576624255686,"request_duration":11998,"type":"2048"}
{"start":1576624251833,"end":1576624255666,"duration":3833,"downloading_duration":988,"execution_duration":2227,"uploading_duration":618,"executable":"ellipsoids-openmp","args":["0.dat","05.log","05.xoutput"],"id":11,"resource":"2048","request_start":1576624243711,"request_end":1576624255696,"request_duration":11985,"type":"2048"}
{"start":1576624251868,"end":1576624255688,"duration":3820,"downloading_duration":1012,"execution_duration":2185,"uploading_duration":623,"executable":"ellipsoids-openmp","args":["0.dat","010.log","010.xoutput"],"id":16,"resource":"2048","request_start":1576624243714,"request_end":1576624255708,"request_duration":11994,"type":"2048"}
{"start":1576624251832,"end":1576624255690,"duration":3858,"downloading_duration":987,"execution_duration":2268,"uploading_duration":603,"executable":"ellipsoids-openmp","args":["0.dat","04.log","04.xoutput"],"id":10,"resource":"2048","request_start":1576624243711,"request_end":1576624255710,"request_duration":11999,"type":"2048"}
{"start":1576624251819,"end":1576624255692,"duration":3873,"downloading_duration":1112,"execution_duration":2140,"uploading_duration":621,"executable":"ellipsoids-openmp","args":["3.dat","342.log","342.xoutput"],"id":183,"resource":"2048","request_start":1576624243699,"request_end":1576624255718,"request_duration":12019,"type":"2048"}
{"start":1576624251848,"end":1576624255696,"duration":3848,"downloading_duration":1068,"execution_duration":2223,"uploading_duration":557,"executable":"ellipsoids-openmp","args":["0.dat","09.log","09.xoutput"],"id":15,"resource":"2048","request_start":1576624243713,"request_end":1576624255720,"request_duration":12007,"type":"2048"}
{"start":1576624251776,"end":1576624255697,"duration":3921,"downloading_duration":1172,"execution_duration":2149,"uploading_duration":600,"executable":"ellipsoids-openmp","args":["3.dat","332.log","332.xoutput"],"id":173,"resource":"2048","request_start":1576624243694,"request_end":1576624255721,"request_duration":12027,"type":"2048"}
{"start":1576624251901,"end":1576624255728,"duration":3827,"downloading_duration":992,"execution_duration":2275,"uploading_duration":560,"executable":"ellipsoids-openmp","args":["0.dat","013.log","013.xoutput"],"id":19,"resource":"2048","request_start":1576624243715,"request_end":1576624255750,"request_duration":12035,"type":"2048"}
{"start":1576624251831,"end":1576624255733,"duration":3902,"downloading_duration":989,"execution_duration":2249,"uploading_duration":664,"executable":"ellipsoids-openmp","args":["0.dat","06.log","06.xoutput"],"id":12,"resource":"2048","request_start":1576624243712,"request_end":1576624255757,"request_duration":12045,"type":"2048"}
{"start":1576624251899,"end":1576624255736,"duration":3837,"downloading_duration":1100,"execution_duration":2168,"uploading_duration":569,"executable":"ellipsoids-openmp","args":["0.dat","014.log","014.xoutput"],"id":20,"resource":"2048","request_start":1576624243716,"request_end":1576624255763,"request_duration":12047,"type":"2048"}
{"start":1576624251938,"end":1576624255765,"duration":3827,"downloading_duration":1079,"execution_duration":2196,"uploading_duration":552,"executable":"ellipsoids-openmp","args":["0.dat","015.log","015.xoutput"],"id":21,"resource":"2048","request_start":1576624243716,"request_end":1576624255785,"request_duration":12069,"type":"2048"}
{"start":1576624251844,"end":1576624255804,"duration":3960,"downloading_duration":1091,"execution_duration":2252,"uploading_duration":617,"executable":"ellipsoids-openmp","args":["0.dat","07.log","07.xoutput"],"id":13,"resource":"2048","request_start":1576624243712,"request_end":1576624255823,"request_duration":12111,"type":"2048"}
{"start":1576624251884,"end":1576624255875,"duration":3991,"downloading_duration":1085,"execution_duration":2303,"uploading_duration":603,"executable":"ellipsoids-openmp","args":["0.dat","011.log","011.xoutput"],"id":17,"resource":"2048","request_start":1576624243714,"request_end":1576624255896,"request_duration":12182,"type":"2048"}
{"start":1576624251997,"end":1576624255882,"duration":3885,"downloading_duration":1004,"execution_duration":2298,"uploading_duration":583,"executable":"ellipsoids-openmp","args":["0.dat","016.log","016.xoutput"],"id":22,"resource":"2048","request_start":1576624243717,"request_end":1576624255902,"request_duration":12185,"type":"2048"}
{"start":1576624252126,"end":1576624255902,"duration":3776,"downloading_duration":1057,"execution_duration":2156,"uploading_duration":563,"executable":"ellipsoids-openmp","args":["0.dat","018.log","018.xoutput"],"id":24,"resource":"2048","request_start":1576624243718,"request_end":1576624255923,"request_duration":12205,"type":"2048"}
{"start":1576624252012,"end":1576624256008,"duration":3996,"downloading_duration":1037,"execution_duration":2321,"uploading_duration":638,"executable":"ellipsoids-openmp","args":["0.dat","017.log","017.xoutput"],"id":23,"resource":"2048","request_start":1576624243717,"request_end":1576624256028,"request_duration":12311,"type":"2048"}
{"start":1576624251737,"end":1576624256695,"duration":4958,"downloading_duration":2137,"execution_duration":2149,"uploading_duration":672,"executable":"ellipsoids-openmp","args":["3.dat","322.log","322.xoutput"],"id":163,"resource":"2048","request_start":1576624243689,"request_end":1576624256717,"request_duration":13028,"type":"2048"}
{"start":1576624255702,"end":1576624257101,"duration":1399,"downloading_duration":1025,"execution_duration":4,"uploading_duration":370,"executable":"mean-pack-ell","args":["20.xoutput","21.xoutput","22.xoutput","23.xoutput","24.xoutput","25.xoutput","26.xoutput","27.xoutput","28.xoutput","29.xoutput","210.xoutput","211.xoutput","212.xoutput","213.xoutput","214.xoutput","215.xoutput","216.xoutput","217.xoutput","218.xoutput","219.xoutput","220.xoutput","221.xoutput","222.xoutput","223.xoutput","224.xoutput","225.xoutput","226.xoutput","227.xoutput","228.xoutput","229.xoutput","230.xoutput","231.xoutput","232.xoutput","233.xoutput","234.xoutput","235.xoutput","236.xoutput","237.xoutput","238.xoutput","239.xoutput","240.xoutput","241.xoutput","242.xoutput","243.xoutput","244.xoutput","average_2.txt"],"id":188,"resource":"2048","request_start":1576624248132,"request_end":1576624257124,"request_duration":8992,"type":"2048"}
{"start":1576624255714,"end":1576624257209,"duration":1495,"downloading_duration":1097,"execution_duration":4,"uploading_duration":394,"executable":"mean-pack-ell","args":["10.xoutput","11.xoutput","12.xoutput","13.xoutput","14.xoutput","15.xoutput","16.xoutput","17.xoutput","18.xoutput","19.xoutput","110.xoutput","111.xoutput","112.xoutput","113.xoutput","114.xoutput","115.xoutput","116.xoutput","117.xoutput","118.xoutput","119.xoutput","120.xoutput","121.xoutput","122.xoutput","123.xoutput","124.xoutput","125.xoutput","126.xoutput","127.xoutput","128.xoutput","129.xoutput","130.xoutput","131.xoutput","132.xoutput","133.xoutput","134.xoutput","135.xoutput","136.xoutput","137.xoutput","138.xoutput","139.xoutput","140.xoutput","141.xoutput","142.xoutput","143.xoutput","144.xoutput","average_1.txt"],"id":187,"resource":"2048","request_start":1576624251923,"request_end":1576624257229,"request_duration":5306,"type":"2048"}
{"start":1576624257071,"end":1576624258566,"duration":1495,"downloading_duration":1119,"execution_duration":4,"uploading_duration":372,"executable":"mean-pack-ell","args":["30.xoutput","31.xoutput","32.xoutput","33.xoutput","34.xoutput","35.xoutput","36.xoutput","37.xoutput","38.xoutput","39.xoutput","310.xoutput","311.xoutput","312.xoutput","313.xoutput","314.xoutput","315.xoutput","316.xoutput","317.xoutput","318.xoutput","319.xoutput","320.xoutput","321.xoutput","322.xoutput","323.xoutput","324.xoutput","325.xoutput","326.xoutput","327.xoutput","328.xoutput","329.xoutput","330.xoutput","331.xoutput","332.xoutput","333.xoutput","334.xoutput","335.xoutput","336.xoutput","337.xoutput","338.xoutput","339.xoutput","340.xoutput","341.xoutput","342.xoutput","343.xoutput","344.xoutput","average_3.txt"],"id":189,"resource":"2048","request_start":1576624256729,"request_end":1576624258586,"request_duration":1857,"type":"2048"}
{"start":1576624255441,"end":1576624259235,"duration":3794,"downloading_duration":991,"execution_duration":2179,"uploading_duration":624,"executable":"ellipsoids-openmp","args":["0.dat","019.log","019.xoutput"],"id":25,"resource":"2048","request_start":1576624243718,"request_end":1576624259257,"request_duration":15539,"type":"2048"}
{"start":1576624255462,"end":1576624259268,"duration":3806,"downloading_duration":989,"execution_duration":2261,"uploading_duration":556,"executable":"ellipsoids-openmp","args":["0.dat","020.log","020.xoutput"],"id":26,"resource":"2048","request_start":1576624243719,"request_end":1576624259288,"request_duration":15569,"type":"2048"}
{"start":1576624255522,"end":1576624259278,"duration":3756,"downloading_duration":1012,"execution_duration":2188,"uploading_duration":556,"executable":"ellipsoids-openmp","args":["0.dat","029.log","029.xoutput"],"id":35,"resource":"2048","request_start":1576624243723,"request_end":1576624259302,"request_duration":15579,"type":"2048"}
{"start":1576624255480,"end":1576624259283,"duration":3803,"downloading_duration":990,"execution_duration":2253,"uploading_duration":560,"executable":"ellipsoids-openmp","args":["0.dat","022.log","022.xoutput"],"id":28,"resource":"2048","request_start":1576624243720,"request_end":1576624259306,"request_duration":15586,"type":"2048"}
{"start":1576624255516,"end":1576624259340,"duration":3824,"downloading_duration":998,"execution_duration":2249,"uploading_duration":577,"executable":"ellipsoids-openmp","args":["0.dat","028.log","028.xoutput"],"id":34,"resource":"2048","request_start":1576624243723,"request_end":1576624259363,"request_duration":15640,"type":"2048"}
{"start":1576624255540,"end":1576624259388,"duration":3848,"downloading_duration":1063,"execution_duration":2195,"uploading_duration":590,"executable":"ellipsoids-openmp","args":["0.dat","032.log","032.xoutput"],"id":38,"resource":"2048","request_start":1576624243725,"request_end":1576624259407,"request_duration":15682,"type":"2048"}
{"start":1576624255494,"end":1576624259394,"duration":3900,"downloading_duration":1071,"execution_duration":2275,"uploading_duration":554,"executable":"ellipsoids-openmp","args":["0.dat","025.log","025.xoutput"],"id":31,"resource":"2048","request_start":1576624243721,"request_end":1576624259413,"request_duration":15692,"type":"2048"}
{"start":1576624255489,"end":1576624259400,"duration":3911,"downloading_duration":992,"execution_duration":2196,"uploading_duration":723,"executable":"ellipsoids-openmp","args":["0.dat","024.log","024.xoutput"],"id":30,"resource":"2048","request_start":1576624243721,"request_end":1576624259423,"request_duration":15702,"type":"2048"}
{"start":1576624255567,"end":1576624259411,"duration":3844,"downloading_duration":997,"execution_duration":2289,"uploading_duration":558,"executable":"ellipsoids-openmp","args":["0.dat","037.log","037.xoutput"],"id":43,"resource":"2048","request_start":1576624243727,"request_end":1576624259430,"request_duration":15703,"type":"2048"}
{"start":1576624255504,"end":1576624259412,"duration":3908,"downloading_duration":1042,"execution_duration":2311,"uploading_duration":555,"executable":"ellipsoids-openmp","args":["0.dat","026.log","026.xoutput"],"id":32,"resource":"2048","request_start":1576624243722,"request_end":1576624259433,"request_duration":15711,"type":"2048"}
{"start":1576624255582,"end":1576624259414,"duration":3832,"downloading_duration":1067,"execution_duration":2207,"uploading_duration":558,"executable":"ellipsoids-openmp","args":["0.dat","038.log","038.xoutput"],"id":44,"resource":"2048","request_start":1576624243728,"request_end":1576624259438,"request_duration":15710,"type":"2048"}
{"start":1576624255636,"end":1576624259419,"duration":3783,"downloading_duration":985,"execution_duration":2207,"uploading_duration":591,"executable":"ellipsoids-openmp","args":["0.dat","041.log","041.xoutput"],"id":47,"resource":"2048","request_start":1576624243729,"request_end":1576624259441,"request_duration":15712,"type":"2048"}
{"start":1576624255652,"end":1576624259419,"duration":3767,"downloading_duration":1015,"execution_duration":2166,"uploading_duration":586,"executable":"ellipsoids-openmp","args":["0.dat","043.log","043.xoutput"],"id":49,"resource":"2048","request_start":1576624243730,"request_end":1576624259442,"request_duration":15712,"type":"2048"}
{"start":1576624255530,"end":1576624259443,"duration":3913,"downloading_duration":1055,"execution_duration":2276,"uploading_duration":582,"executable":"ellipsoids-openmp","args":["0.dat","030.log","030.xoutput"],"id":36,"resource":"2048","request_start":1576624243724,"request_end":1576624259463,"request_duration":15739,"type":"2048"}
{"start":1576624255668,"end":1576624259459,"duration":3791,"downloading_duration":997,"execution_duration":2212,"uploading_duration":582,"executable":"ellipsoids-openmp","args":["0.dat","01.log","01.xoutput"],"id":7,"resource":"2048","request_start":1576624243732,"request_end":1576624259480,"request_duration":15748,"type":"2048"}
{"start":1576624255511,"end":1576624259464,"duration":3953,"downloading_duration":1033,"execution_duration":2271,"uploading_duration":649,"executable":"ellipsoids-openmp","args":["0.dat","027.log","027.xoutput"],"id":33,"resource":"2048","request_start":1576624243722,"request_end":1576624259494,"request_duration":15772,"type":"2048"}
{"start":1576624255599,"end":1576624259466,"duration":3867,"downloading_duration":1005,"execution_duration":2290,"uploading_duration":572,"executable":"ellipsoids-openmp","args":["0.dat","039.log","039.xoutput"],"id":45,"resource":"2048","request_start":1576624243728,"request_end":1576624259495,"request_duration":15767,"type":"2048"}
{"start":1576624255538,"end":1576624259487,"duration":3949,"downloading_duration":1069,"execution_duration":2284,"uploading_duration":596,"executable":"ellipsoids-openmp","args":["0.dat","031.log","031.xoutput"],"id":37,"resource":"2048","request_start":1576624243724,"request_end":1576624259506,"request_duration":15782,"type":"2048"}
{"start":1576624255481,"end":1576624259490,"duration":4009,"downloading_duration":1114,"execution_duration":2342,"uploading_duration":553,"executable":"ellipsoids-openmp","args":["0.dat","021.log","021.xoutput"],"id":27,"resource":"2048","request_start":1576624243719,"request_end":1576624259511,"request_duration":15792,"type":"2048"}
{"start":1576624255556,"end":1576624259477,"duration":3921,"downloading_duration":1193,"execution_duration":2133,"uploading_duration":595,"executable":"ellipsoids-openmp","args":["0.dat","034.log","034.xoutput"],"id":40,"resource":"2048","request_start":1576624243726,"request_end":1576624259513,"request_duration":15787,"type":"2048"}
{"start":1576624255608,"end":1576624259500,"duration":3892,"downloading_duration":1011,"execution_duration":2290,"uploading_duration":591,"executable":"ellipsoids-openmp","args":["0.dat","040.log","040.xoutput"],"id":46,"resource":"2048","request_start":1576624243729,"request_end":1576624259525,"request_duration":15796,"type":"2048"}
{"start":1576624255556,"end":1576624259514,"duration":3958,"downloading_duration":1030,"execution_duration":2274,"uploading_duration":654,"executable":"ellipsoids-openmp","args":["0.dat","035.log","035.xoutput"],"id":41,"resource":"2048","request_start":1576624243726,"request_end":1576624259533,"request_duration":15807,"type":"2048"}
{"start":1576624255558,"end":1576624259524,"duration":3966,"downloading_duration":1027,"execution_duration":2352,"uploading_duration":587,"executable":"ellipsoids-openmp","args":["0.dat","036.log","036.xoutput"],"id":42,"resource":"2048","request_start":1576624243727,"request_end":1576624259547,"request_duration":15820,"type":"2048"}
{"start":1576624255676,"end":1576624259530,"duration":3854,"downloading_duration":989,"execution_duration":2261,"uploading_duration":604,"executable":"ellipsoids-openmp","args":["0.dat","02.log","02.xoutput"],"id":8,"resource":"2048","request_start":1576624243733,"request_end":1576624259556,"request_duration":15823,"type":"2048"}
{"start":1576624255646,"end":1576624259530,"duration":3884,"downloading_duration":1027,"execution_duration":2213,"uploading_duration":644,"executable":"ellipsoids-openmp","args":["0.dat","042.log","042.xoutput"],"id":48,"resource":"2048","request_start":1576624243730,"request_end":1576624259559,"request_duration":15829,"type":"2048"}
{"start":1576624255650,"end":1576624259541,"duration":3891,"downloading_duration":1059,"execution_duration":2247,"uploading_duration":585,"executable":"ellipsoids-openmp","args":["0.dat","044.log","044.xoutput"],"id":50,"resource":"2048","request_start":1576624243731,"request_end":1576624259564,"request_duration":15833,"type":"2048"}
{"start":1576624255658,"end":1576624259563,"duration":3905,"downloading_duration":1001,"execution_duration":2288,"uploading_duration":616,"executable":"ellipsoids-openmp","args":["0.dat","00.log","00.xoutput"],"id":6,"resource":"2048","request_start":1576624243731,"request_end":1576624259584,"request_duration":15853,"type":"2048"}
{"start":1576624255485,"end":1576624259567,"duration":4082,"downloading_duration":1170,"execution_duration":2315,"uploading_duration":597,"executable":"ellipsoids-openmp","args":["0.dat","023.log","023.xoutput"],"id":29,"resource":"2048","request_start":1576624243720,"request_end":1576624259591,"request_duration":15871,"type":"2048"}
{"start":1576624255542,"end":1576624259643,"duration":4101,"downloading_duration":1189,"execution_duration":2355,"uploading_duration":557,"executable":"ellipsoids-openmp","args":["0.dat","033.log","033.xoutput"],"id":39,"resource":"2048","request_start":1576624243725,"request_end":1576624259663,"request_duration":15938,"type":"2048"}
{"start":1576624255687,"end":1576624260773,"duration":5086,"downloading_duration":992,"execution_duration":2254,"uploading_duration":1840,"executable":"ellipsoids-openmp","args":["0.dat","03.log","03.xoutput"],"id":9,"resource":"2048","request_start":1576624243733,"request_end":1576624260793,"request_duration":17060,"type":"2048"}
{"start":1576624251900,"end":1576624263611,"duration":11711,"downloading_duration":8797,"execution_duration":2323,"uploading_duration":591,"executable":"ellipsoids-openmp","args":["0.dat","012.log","012.xoutput"],"id":18,"resource":"2048","request_start":1576624243715,"request_end":1576624263632,"request_duration":19917,"type":"2048"}
{"start":1576624263783,"end":1576624265300,"duration":1517,"downloading_duration":1144,"execution_duration":4,"uploading_duration":369,"executable":"mean-pack-ell","args":["00.xoutput","01.xoutput","02.xoutput","03.xoutput","04.xoutput","05.xoutput","06.xoutput","07.xoutput","08.xoutput","09.xoutput","010.xoutput","011.xoutput","012.xoutput","013.xoutput","014.xoutput","015.xoutput","016.xoutput","017.xoutput","018.xoutput","019.xoutput","020.xoutput","021.xoutput","022.xoutput","023.xoutput","024.xoutput","025.xoutput","026.xoutput","027.xoutput","028.xoutput","029.xoutput","030.xoutput","031.xoutput","032.xoutput","033.xoutput","034.xoutput","035.xoutput","036.xoutput","037.xoutput","038.xoutput","039.xoutput","040.xoutput","041.xoutput","042.xoutput","043.xoutput","044.xoutput","average_0.txt"],"id":186,"resource":"2048","request_start":1576624263639,"request_end":1576624265321,"request_duration":1682,"type":"2048"}
{"start":1576624265435,"end":1576624266291,"duration":856,"downloading_duration":391,"execution_duration":64,"uploading_duration":401,"executable":"summary.js","args":[],"id":190,"resource":"2048","request_start":1576624265329,"request_end":1576624266310,"request_duration":981,"type":"2048"}
