{"start":1576545767057,"end":1576545768369,"duration":1312,"downloading_duration":364,"execution_duration":499,"uploading_duration":449,"executable":"generateData.js","args":[],"id":1,"resource":"256","request_start":1576545766902,"request_end":1576545768393,"request_duration":1491,"type":"256"}
{"start":1576545768607,"end":1576545769885,"duration":1278,"downloading_duration":384,"execution_duration":488,"uploading_duration":406,"executable":"createDat.js","args":["0.dat"],"id":2,"resource":"256","request_start":1576545768396,"request_end":1576545769906,"request_duration":1510,"type":"256"}
{"start":1576545768606,"end":1576545769913,"duration":1307,"downloading_duration":397,"execution_duration":487,"uploading_duration":423,"executable":"createDat.js","args":["3.dat"],"id":5,"resource":"256","request_start":1576545768400,"request_end":1576545769972,"request_duration":1572,"type":"256"}
{"start":1576545768613,"end":1576545769914,"duration":1301,"downloading_duration":393,"execution_duration":501,"uploading_duration":407,"executable":"createDat.js","args":["2.dat"],"id":4,"resource":"256","request_start":1576545768399,"request_end":1576545769974,"request_duration":1575,"type":"256"}
{"start":1576545768615,"end":1576545769913,"duration":1298,"downloading_duration":391,"execution_duration":503,"uploading_duration":404,"executable":"createDat.js","args":["1.dat"],"id":3,"resource":"256","request_start":1576545768398,"request_end":1576545769976,"request_duration":1578,"type":"256"}
{"start":1576545770531,"end":1576545787240,"duration":16709,"downloading_duration":1199,"execution_duration":14883,"uploading_duration":627,"executable":"ellipsoids-openmp","args":["3.dat","312.log","312.xoutput"],"id":78,"resource":"256","request_start":1576545770035,"request_end":1576545787261,"request_duration":17226,"type":"256"}
{"start":1576545770423,"end":1576545789023,"duration":18600,"downloading_duration":1166,"execution_duration":16701,"uploading_duration":733,"executable":"ellipsoids-openmp","args":["3.dat","32.log","32.xoutput"],"id":68,"resource":"256","request_start":1576545770024,"request_end":1576545789049,"request_duration":19025,"type":"256"}
{"start":1576545770422,"end":1576545789163,"duration":18741,"downloading_duration":1247,"execution_duration":16900,"uploading_duration":594,"executable":"ellipsoids-openmp","args":["3.dat","35.log","35.xoutput"],"id":71,"resource":"256","request_start":1576545770028,"request_end":1576545789184,"request_duration":19156,"type":"256"}
{"start":1576545770417,"end":1576545789356,"duration":18939,"downloading_duration":1067,"execution_duration":17241,"uploading_duration":631,"executable":"ellipsoids-openmp","args":["3.dat","30.log","30.xoutput"],"id":66,"resource":"256","request_start":1576545770022,"request_end":1576545789378,"request_duration":19356,"type":"256"}
{"start":1576545770424,"end":1576545789396,"duration":18972,"downloading_duration":1220,"execution_duration":17040,"uploading_duration":712,"executable":"ellipsoids-openmp","args":["3.dat","34.log","34.xoutput"],"id":70,"resource":"256","request_start":1576545770026,"request_end":1576545789422,"request_duration":19396,"type":"256"}
{"start":1576545770423,"end":1576545789405,"duration":18982,"downloading_duration":1119,"execution_duration":17223,"uploading_duration":640,"executable":"ellipsoids-openmp","args":["3.dat","33.log","33.xoutput"],"id":69,"resource":"256","request_start":1576545770025,"request_end":1576545789425,"request_duration":19400,"type":"256"}
{"start":1576545770576,"end":1576545789411,"duration":18835,"downloading_duration":1479,"execution_duration":16741,"uploading_duration":615,"executable":"ellipsoids-openmp","args":["3.dat","36.log","36.xoutput"],"id":72,"resource":"256","request_start":1576545770029,"request_end":1576545789432,"request_duration":19403,"type":"256"}
{"start":1576545770421,"end":1576545789550,"duration":19129,"downloading_duration":1114,"execution_duration":17340,"uploading_duration":675,"executable":"ellipsoids-openmp","args":["3.dat","37.log","37.xoutput"],"id":73,"resource":"256","request_start":1576545770030,"request_end":1576545789571,"request_duration":19541,"type":"256"}
{"start":1576545770427,"end":1576545789595,"duration":19168,"downloading_duration":1232,"execution_duration":17320,"uploading_duration":616,"executable":"ellipsoids-openmp","args":["3.dat","310.log","310.xoutput"],"id":76,"resource":"256","request_start":1576545770034,"request_end":1576545789617,"request_duration":19583,"type":"256"}
{"start":1576545770523,"end":1576545789596,"duration":19073,"downloading_duration":1139,"execution_duration":17241,"uploading_duration":693,"executable":"ellipsoids-openmp","args":["3.dat","314.log","314.xoutput"],"id":80,"resource":"256","request_start":1576545770037,"request_end":1576545789619,"request_duration":19582,"type":"256"}
{"start":1576545770519,"end":1576545789625,"duration":19106,"downloading_duration":1179,"execution_duration":17302,"uploading_duration":625,"executable":"ellipsoids-openmp","args":["3.dat","315.log","315.xoutput"],"id":81,"resource":"256","request_start":1576545770040,"request_end":1576545789645,"request_duration":19605,"type":"256"}
{"start":1576545770592,"end":1576545789638,"duration":19046,"downloading_duration":1262,"execution_duration":17158,"uploading_duration":626,"executable":"ellipsoids-openmp","args":["3.dat","313.log","313.xoutput"],"id":79,"resource":"256","request_start":1576545770036,"request_end":1576545789657,"request_duration":19621,"type":"256"}
{"start":1576545770405,"end":1576545789641,"duration":19236,"downloading_duration":1160,"execution_duration":17462,"uploading_duration":614,"executable":"ellipsoids-openmp","args":["3.dat","31.log","31.xoutput"],"id":67,"resource":"256","request_start":1576545770023,"request_end":1576545789661,"request_duration":19638,"type":"256"}
{"start":1576545770426,"end":1576545789649,"duration":19223,"downloading_duration":1260,"execution_duration":17360,"uploading_duration":603,"executable":"ellipsoids-openmp","args":["3.dat","38.log","38.xoutput"],"id":74,"resource":"256","request_start":1576545770031,"request_end":1576545789668,"request_duration":19637,"type":"256"}
{"start":1576545770559,"end":1576545789679,"duration":19120,"downloading_duration":1298,"execution_duration":17143,"uploading_duration":679,"executable":"ellipsoids-openmp","args":["3.dat","316.log","316.xoutput"],"id":82,"resource":"256","request_start":1576545770040,"request_end":1576545789698,"request_duration":19658,"type":"256"}
{"start":1576545770426,"end":1576545789739,"duration":19313,"downloading_duration":1340,"execution_duration":17277,"uploading_duration":696,"executable":"ellipsoids-openmp","args":["3.dat","311.log","311.xoutput"],"id":77,"resource":"256","request_start":1576545770035,"request_end":1576545789758,"request_duration":19723,"type":"256"}
{"start":1576545770326,"end":1576545789800,"duration":19474,"downloading_duration":1556,"execution_duration":17262,"uploading_duration":656,"executable":"ellipsoids-openmp","args":["0.dat","014.log","014.xoutput"],"id":20,"resource":"256","request_start":1576545769928,"request_end":1576545789821,"request_duration":19893,"type":"256"}
{"start":1576545770425,"end":1576545789846,"duration":19421,"downloading_duration":1167,"execution_duration":17620,"uploading_duration":634,"executable":"ellipsoids-openmp","args":["3.dat","39.log","39.xoutput"],"id":75,"resource":"256","request_start":1576545770032,"request_end":1576545789868,"request_duration":19836,"type":"256"}
{"start":1576545770595,"end":1576545789900,"duration":19305,"downloading_duration":1120,"execution_duration":17541,"uploading_duration":644,"executable":"ellipsoids-openmp","args":["3.dat","319.log","319.xoutput"],"id":85,"resource":"256","request_start":1576545770043,"request_end":1576545789917,"request_duration":19874,"type":"256"}
{"start":1576545770324,"end":1576545789901,"duration":19577,"downloading_duration":1133,"execution_duration":17821,"uploading_duration":623,"executable":"ellipsoids-openmp","args":["0.dat","016.log","016.xoutput"],"id":22,"resource":"256","request_start":1576545769930,"request_end":1576545789920,"request_duration":19990,"type":"256"}
{"start":1576545770262,"end":1576545789976,"duration":19714,"downloading_duration":1127,"execution_duration":17939,"uploading_duration":648,"executable":"ellipsoids-openmp","args":["0.dat","06.log","06.xoutput"],"id":12,"resource":"256","request_start":1576545769920,"request_end":1576545789994,"request_duration":20074,"type":"256"}
{"start":1576545770631,"end":1576545790043,"duration":19412,"downloading_duration":1260,"execution_duration":17481,"uploading_duration":671,"executable":"ellipsoids-openmp","args":["3.dat","318.log","318.xoutput"],"id":84,"resource":"256","request_start":1576545770042,"request_end":1576545790068,"request_duration":20026,"type":"256"}
{"start":1576545770326,"end":1576545790112,"duration":19786,"downloading_duration":1263,"execution_duration":17861,"uploading_duration":662,"executable":"ellipsoids-openmp","args":["0.dat","018.log","018.xoutput"],"id":24,"resource":"256","request_start":1576545769932,"request_end":1576545790131,"request_duration":20199,"type":"256"}
{"start":1576545770266,"end":1576545790205,"duration":19939,"downloading_duration":1119,"execution_duration":18222,"uploading_duration":598,"executable":"ellipsoids-openmp","args":["0.dat","08.log","08.xoutput"],"id":14,"resource":"256","request_start":1576545769922,"request_end":1576545790224,"request_duration":20302,"type":"256"}
{"start":1576545770458,"end":1576545790234,"duration":19776,"downloading_duration":1222,"execution_duration":17821,"uploading_duration":733,"executable":"ellipsoids-openmp","args":["0.dat","00.log","00.xoutput"],"id":6,"resource":"256","request_start":1576545769934,"request_end":1576545790252,"request_duration":20318,"type":"256"}
{"start":1576545770321,"end":1576545790236,"duration":19915,"downloading_duration":1161,"execution_duration":18141,"uploading_duration":613,"executable":"ellipsoids-openmp","args":["0.dat","012.log","012.xoutput"],"id":18,"resource":"256","request_start":1576545769926,"request_end":1576545790255,"request_duration":20329,"type":"256"}
{"start":1576545770230,"end":1576545790235,"duration":20005,"downloading_duration":1116,"execution_duration":18260,"uploading_duration":629,"executable":"ellipsoids-openmp","args":["0.dat","04.log","04.xoutput"],"id":10,"resource":"256","request_start":1576545769918,"request_end":1576545790257,"request_duration":20339,"type":"256"}
{"start":1576545770448,"end":1576545790237,"duration":19789,"downloading_duration":1259,"execution_duration":17882,"uploading_duration":648,"executable":"ellipsoids-openmp","args":["0.dat","015.log","015.xoutput"],"id":21,"resource":"256","request_start":1576545769929,"request_end":1576545790258,"request_duration":20329,"type":"256"}
{"start":1576545770263,"end":1576545790254,"duration":19991,"downloading_duration":1219,"execution_duration":18141,"uploading_duration":631,"executable":"ellipsoids-openmp","args":["0.dat","010.log","010.xoutput"],"id":16,"resource":"256","request_start":1576545769924,"request_end":1576545790271,"request_duration":20347,"type":"256"}
{"start":1576545770263,"end":1576545790314,"duration":20051,"downloading_duration":1124,"execution_duration":18220,"uploading_duration":707,"executable":"ellipsoids-openmp","args":["0.dat","05.log","05.xoutput"],"id":11,"resource":"256","request_start":1576545769919,"request_end":1576545790464,"request_duration":20545,"type":"256"}
{"start":1576545770315,"end":1576545790319,"duration":20004,"downloading_duration":1184,"execution_duration":18161,"uploading_duration":659,"executable":"ellipsoids-openmp","args":["0.dat","09.log","09.xoutput"],"id":15,"resource":"256","request_start":1576545769923,"request_end":1576545790466,"request_duration":20543,"type":"256"}
{"start":1576545770607,"end":1576545790413,"duration":19806,"downloading_duration":1299,"execution_duration":17882,"uploading_duration":625,"executable":"ellipsoids-openmp","args":["2.dat","29.log","29.xoutput"],"id":55,"resource":"256","request_start":1576545770052,"request_end":1576545790474,"request_duration":20422,"type":"256"}
{"start":1576545770589,"end":1576545790553,"duration":19964,"downloading_duration":1299,"execution_duration":17980,"uploading_duration":685,"executable":"ellipsoids-openmp","args":["0.dat","01.log","01.xoutput"],"id":7,"resource":"256","request_start":1576545769935,"request_end":1576545790572,"request_duration":20637,"type":"256"}
{"start":1576545770576,"end":1576545790659,"duration":20083,"downloading_duration":1359,"execution_duration":18042,"uploading_duration":682,"executable":"ellipsoids-openmp","args":["3.dat","317.log","317.xoutput"],"id":83,"resource":"256","request_start":1576545770041,"request_end":1576545790677,"request_duration":20636,"type":"256"}
{"start":1576545770572,"end":1576545790748,"duration":20176,"downloading_duration":1139,"execution_duration":18381,"uploading_duration":656,"executable":"ellipsoids-openmp","args":["2.dat","21.log","21.xoutput"],"id":47,"resource":"256","request_start":1576545770045,"request_end":1576545790767,"request_duration":20722,"type":"256"}
{"start":1576545770265,"end":1576545790751,"duration":20486,"downloading_duration":1096,"execution_duration":18744,"uploading_duration":646,"executable":"ellipsoids-openmp","args":["0.dat","011.log","011.xoutput"],"id":17,"resource":"256","request_start":1576545769925,"request_end":1576545790778,"request_duration":20853,"type":"256"}
{"start":1576545770591,"end":1576545790759,"duration":20168,"downloading_duration":1200,"execution_duration":18340,"uploading_duration":628,"executable":"ellipsoids-openmp","args":["0.dat","03.log","03.xoutput"],"id":9,"resource":"256","request_start":1576545769937,"request_end":1576545790782,"request_duration":20845,"type":"256"}
{"start":1576545770264,"end":1576545790780,"duration":20516,"downloading_duration":1174,"execution_duration":18722,"uploading_duration":620,"executable":"ellipsoids-openmp","args":["0.dat","07.log","07.xoutput"],"id":13,"resource":"256","request_start":1576545769921,"request_end":1576545790796,"request_duration":20875,"type":"256"}
{"start":1576545770571,"end":1576545790782,"duration":20211,"downloading_duration":1297,"execution_duration":18221,"uploading_duration":693,"executable":"ellipsoids-openmp","args":["2.dat","24.log","24.xoutput"],"id":50,"resource":"256","request_start":1576545770048,"request_end":1576545790801,"request_duration":20753,"type":"256"}
{"start":1576545770573,"end":1576545790826,"duration":20253,"downloading_duration":1299,"execution_duration":18262,"uploading_duration":692,"executable":"ellipsoids-openmp","args":["2.dat","25.log","25.xoutput"],"id":51,"resource":"256","request_start":1576545770049,"request_end":1576545790844,"request_duration":20795,"type":"256"}
{"start":1576545770623,"end":1576545790843,"duration":20220,"downloading_duration":1321,"execution_duration":18240,"uploading_duration":659,"executable":"ellipsoids-openmp","args":["2.dat","23.log","23.xoutput"],"id":49,"resource":"256","request_start":1576545770047,"request_end":1576545790862,"request_duration":20815,"type":"256"}
{"start":1576545770621,"end":1576545790849,"duration":20228,"downloading_duration":1219,"execution_duration":18303,"uploading_duration":706,"executable":"ellipsoids-openmp","args":["2.dat","28.log","28.xoutput"],"id":54,"resource":"256","request_start":1576545770051,"request_end":1576545790868,"request_duration":20817,"type":"256"}
{"start":1576545770318,"end":1576545790934,"duration":20616,"downloading_duration":1074,"execution_duration":18941,"uploading_duration":601,"executable":"ellipsoids-openmp","args":["0.dat","013.log","013.xoutput"],"id":19,"resource":"256","request_start":1576545769927,"request_end":1576545790952,"request_duration":21025,"type":"256"}
{"start":1576545770600,"end":1576545790987,"duration":20387,"downloading_duration":1239,"execution_duration":18461,"uploading_duration":687,"executable":"ellipsoids-openmp","args":["0.dat","019.log","019.xoutput"],"id":25,"resource":"256","request_start":1576545769933,"request_end":1576545791008,"request_duration":21075,"type":"256"}
{"start":1576545770582,"end":1576545791048,"duration":20466,"downloading_duration":1199,"execution_duration":18600,"uploading_duration":667,"executable":"ellipsoids-openmp","args":["2.dat","27.log","27.xoutput"],"id":53,"resource":"256","request_start":1576545770050,"request_end":1576545791065,"request_duration":21015,"type":"256"}
{"start":1576545770557,"end":1576545791056,"duration":20499,"downloading_duration":1318,"execution_duration":18542,"uploading_duration":639,"executable":"ellipsoids-openmp","args":["2.dat","20.log","20.xoutput"],"id":46,"resource":"256","request_start":1576545770044,"request_end":1576545791074,"request_duration":21030,"type":"256"}
{"start":1576545770583,"end":1576545791155,"duration":20572,"downloading_duration":1179,"execution_duration":18761,"uploading_duration":632,"executable":"ellipsoids-openmp","args":["2.dat","22.log","22.xoutput"],"id":48,"resource":"256","request_start":1576545770046,"request_end":1576545791172,"request_duration":21126,"type":"256"}
{"start":1576545770588,"end":1576545791162,"duration":20574,"downloading_duration":1379,"execution_duration":18501,"uploading_duration":694,"executable":"ellipsoids-openmp","args":["2.dat","26.log","26.xoutput"],"id":52,"resource":"256","request_start":1576545770050,"request_end":1576545791180,"request_duration":21130,"type":"256"}
{"start":1576545770612,"end":1576545791249,"duration":20637,"downloading_duration":1279,"execution_duration":18741,"uploading_duration":617,"executable":"ellipsoids-openmp","args":["0.dat","02.log","02.xoutput"],"id":8,"resource":"256","request_start":1576545769936,"request_end":1576545791270,"request_duration":21334,"type":"256"}
{"start":1576545770468,"end":1576545792346,"duration":21878,"downloading_duration":1579,"execution_duration":19521,"uploading_duration":778,"executable":"ellipsoids-openmp","args":["0.dat","017.log","017.xoutput"],"id":23,"resource":"256","request_start":1576545769931,"request_end":1576545792457,"request_duration":22526,"type":"256"}
{"start":1576545790791,"end":1576545792907,"duration":2116,"downloading_duration":1539,"execution_duration":160,"uploading_duration":417,"executable":"mean-pack-ell","args":["30.xoutput","31.xoutput","32.xoutput","33.xoutput","34.xoutput","35.xoutput","36.xoutput","37.xoutput","38.xoutput","39.xoutput","310.xoutput","311.xoutput","312.xoutput","313.xoutput","314.xoutput","315.xoutput","316.xoutput","317.xoutput","318.xoutput","319.xoutput","average_3.txt"],"id":89,"resource":"256","request_start":1576545790684,"request_end":1576545792925,"request_duration":2241,"type":"256"}
{"start":1576545792577,"end":1576545794597,"duration":2020,"downloading_duration":1611,"execution_duration":21,"uploading_duration":388,"executable":"mean-pack-ell","args":["00.xoutput","01.xoutput","02.xoutput","03.xoutput","04.xoutput","05.xoutput","06.xoutput","07.xoutput","08.xoutput","09.xoutput","010.xoutput","011.xoutput","012.xoutput","013.xoutput","014.xoutput","015.xoutput","016.xoutput","017.xoutput","018.xoutput","019.xoutput","average_0.txt"],"id":86,"resource":"256","request_start":1576545792463,"request_end":1576545794617,"request_duration":2154,"type":"256"}
{"start":1576545787295,"end":1576545803806,"duration":16511,"downloading_duration":1196,"execution_duration":14681,"uploading_duration":634,"executable":"ellipsoids-openmp","args":["2.dat","210.log","210.xoutput"],"id":56,"resource":"256","request_start":1576545770053,"request_end":1576545803826,"request_duration":33773,"type":"256"}
{"start":1576545789727,"end":1576545807696,"duration":17969,"downloading_duration":1150,"execution_duration":16220,"uploading_duration":599,"executable":"ellipsoids-openmp","args":["1.dat","14.log","14.xoutput"],"id":30,"resource":"256","request_start":1576545770061,"request_end":1576545807715,"request_duration":37654,"type":"256"}
{"start":1576545789784,"end":1576545808037,"duration":18253,"downloading_duration":1198,"execution_duration":16401,"uploading_duration":654,"executable":"ellipsoids-openmp","args":["1.dat","15.log","15.xoutput"],"id":31,"resource":"256","request_start":1576545770061,"request_end":1576545808058,"request_duration":37997,"type":"256"}
{"start":1576545789699,"end":1576545808263,"duration":18564,"downloading_duration":1123,"execution_duration":16800,"uploading_duration":641,"executable":"ellipsoids-openmp","args":["1.dat","13.log","13.xoutput"],"id":29,"resource":"256","request_start":1576545770060,"request_end":1576545808281,"request_duration":38221,"type":"256"}
{"start":1576545789893,"end":1576545808321,"duration":18428,"downloading_duration":1239,"execution_duration":16560,"uploading_duration":629,"executable":"ellipsoids-openmp","args":["1.dat","17.log","17.xoutput"],"id":33,"resource":"256","request_start":1576545770062,"request_end":1576545808340,"request_duration":38278,"type":"256"}
{"start":1576545789673,"end":1576545808412,"duration":18739,"downloading_duration":1153,"execution_duration":16760,"uploading_duration":826,"executable":"ellipsoids-openmp","args":["1.dat","10.log","10.xoutput"],"id":26,"resource":"256","request_start":1576545770058,"request_end":1576545808431,"request_duration":38373,"type":"256"}
{"start":1576545789695,"end":1576545808464,"duration":18769,"downloading_duration":1183,"execution_duration":16780,"uploading_duration":806,"executable":"ellipsoids-openmp","args":["1.dat","12.log","12.xoutput"],"id":28,"resource":"256","request_start":1576545770060,"request_end":1576545808481,"request_duration":38421,"type":"256"}
{"start":1576545789695,"end":1576545808518,"duration":18823,"downloading_duration":1203,"execution_duration":17000,"uploading_duration":620,"executable":"ellipsoids-openmp","args":["1.dat","11.log","11.xoutput"],"id":27,"resource":"256","request_start":1576545770059,"request_end":1576545808537,"request_duration":38478,"type":"256"}
{"start":1576545790165,"end":1576545808527,"duration":18362,"downloading_duration":1124,"execution_duration":16581,"uploading_duration":657,"executable":"ellipsoids-openmp","args":["1.dat","112.log","112.xoutput"],"id":38,"resource":"256","request_start":1576545770068,"request_end":1576545808547,"request_duration":38479,"type":"256"}
{"start":1576545789953,"end":1576545808686,"duration":18733,"downloading_duration":1182,"execution_duration":16880,"uploading_duration":671,"executable":"ellipsoids-openmp","args":["1.dat","19.log","19.xoutput"],"id":35,"resource":"256","request_start":1576545770066,"request_end":1576545808703,"request_duration":38637,"type":"256"}
{"start":1576545789847,"end":1576545808696,"duration":18849,"downloading_duration":1176,"execution_duration":17041,"uploading_duration":632,"executable":"ellipsoids-openmp","args":["1.dat","16.log","16.xoutput"],"id":32,"resource":"256","request_start":1576545770062,"request_end":1576545808720,"request_duration":38658,"type":"256"}
{"start":1576545790253,"end":1576545808824,"duration":18571,"downloading_duration":1215,"execution_duration":16740,"uploading_duration":616,"executable":"ellipsoids-openmp","args":["1.dat","113.log","113.xoutput"],"id":39,"resource":"256","request_start":1576545770069,"request_end":1576545808848,"request_duration":38779,"type":"256"}
{"start":1576545789459,"end":1576545808861,"duration":19402,"downloading_duration":1185,"execution_duration":17561,"uploading_duration":656,"executable":"ellipsoids-openmp","args":["2.dat","216.log","216.xoutput"],"id":62,"resource":"256","request_start":1576545770056,"request_end":1576545808878,"request_duration":38822,"type":"256"}
{"start":1576545789453,"end":1576545809042,"duration":19589,"downloading_duration":1321,"execution_duration":17661,"uploading_duration":607,"executable":"ellipsoids-openmp","args":["2.dat","214.log","214.xoutput"],"id":60,"resource":"256","request_start":1576545770055,"request_end":1576545809060,"request_duration":39005,"type":"256"}
{"start":1576545790291,"end":1576545809057,"duration":18766,"downloading_duration":1107,"execution_duration":17061,"uploading_duration":598,"executable":"ellipsoids-openmp","args":["1.dat","116.log","116.xoutput"],"id":42,"resource":"256","request_start":1576545770070,"request_end":1576545809075,"request_duration":39005,"type":"256"}
{"start":1576545790091,"end":1576545809067,"duration":18976,"downloading_duration":1120,"execution_duration":17280,"uploading_duration":576,"executable":"ellipsoids-openmp","args":["1.dat","111.log","111.xoutput"],"id":37,"resource":"256","request_start":1576545770068,"request_end":1576545809088,"request_duration":39020,"type":"256"}
{"start":1576545789947,"end":1576545809079,"duration":19132,"downloading_duration":1350,"execution_duration":17160,"uploading_duration":622,"executable":"ellipsoids-openmp","args":["1.dat","18.log","18.xoutput"],"id":34,"resource":"256","request_start":1576545770066,"request_end":1576545809100,"request_duration":39034,"type":"256"}
{"start":1576545790029,"end":1576545809098,"duration":19069,"downloading_duration":1179,"execution_duration":17261,"uploading_duration":629,"executable":"ellipsoids-openmp","args":["1.dat","110.log","110.xoutput"],"id":36,"resource":"256","request_start":1576545770067,"request_end":1576545809115,"request_duration":39048,"type":"256"}
{"start":1576545789211,"end":1576545809173,"duration":19962,"downloading_duration":1158,"execution_duration":18201,"uploading_duration":603,"executable":"ellipsoids-openmp","args":["2.dat","212.log","212.xoutput"],"id":58,"resource":"256","request_start":1576545770054,"request_end":1576545809190,"request_duration":39136,"type":"256"}
{"start":1576545789085,"end":1576545809215,"duration":20130,"downloading_duration":1104,"execution_duration":18360,"uploading_duration":666,"executable":"ellipsoids-openmp","args":["2.dat","211.log","211.xoutput"],"id":57,"resource":"256","request_start":1576545770054,"request_end":1576545809234,"request_duration":39180,"type":"256"}
{"start":1576545790291,"end":1576545809328,"duration":19037,"downloading_duration":1152,"execution_duration":17240,"uploading_duration":645,"executable":"ellipsoids-openmp","args":["1.dat","117.log","117.xoutput"],"id":43,"resource":"256","request_start":1576545770071,"request_end":1576545809347,"request_duration":39276,"type":"256"}
{"start":1576545790278,"end":1576545809386,"duration":19108,"downloading_duration":1124,"execution_duration":17321,"uploading_duration":663,"executable":"ellipsoids-openmp","args":["1.dat","114.log","114.xoutput"],"id":40,"resource":"256","request_start":1576545770069,"request_end":1576545809407,"request_duration":39338,"type":"256"}
{"start":1576545789651,"end":1576545809448,"duration":19797,"downloading_duration":1214,"execution_duration":17941,"uploading_duration":642,"executable":"ellipsoids-openmp","args":["2.dat","219.log","219.xoutput"],"id":65,"resource":"256","request_start":1576545770058,"request_end":1576545809467,"request_duration":39409,"type":"256"}
{"start":1576545789453,"end":1576545809450,"duration":19997,"downloading_duration":1269,"execution_duration":18081,"uploading_duration":647,"executable":"ellipsoids-openmp","args":["2.dat","215.log","215.xoutput"],"id":61,"resource":"256","request_start":1576545770056,"request_end":1576545809472,"request_duration":39416,"type":"256"}
{"start":1576545790299,"end":1576545809455,"duration":19156,"downloading_duration":1186,"execution_duration":17320,"uploading_duration":650,"executable":"ellipsoids-openmp","args":["1.dat","118.log","118.xoutput"],"id":44,"resource":"256","request_start":1576545770071,"request_end":1576545809477,"request_duration":39406,"type":"256"}
{"start":1576545790527,"end":1576545809508,"duration":18981,"downloading_duration":1239,"execution_duration":17120,"uploading_duration":622,"executable":"ellipsoids-openmp","args":["1.dat","119.log","119.xoutput"],"id":45,"resource":"256","request_start":1576545770072,"request_end":1576545809504,"request_duration":39432,"type":"256"}
{"start":1576545789407,"end":1576545809502,"duration":20095,"downloading_duration":1257,"execution_duration":18221,"uploading_duration":617,"executable":"ellipsoids-openmp","args":["2.dat","213.log","213.xoutput"],"id":59,"resource":"256","request_start":1576545770055,"request_end":1576545809520,"request_duration":39465,"type":"256"}
{"start":1576545789645,"end":1576545809543,"duration":19898,"downloading_duration":1247,"execution_duration":18021,"uploading_duration":630,"executable":"ellipsoids-openmp","args":["2.dat","218.log","218.xoutput"],"id":64,"resource":"256","request_start":1576545770057,"request_end":1576545809561,"request_duration":39504,"type":"256"}
{"start":1576545790286,"end":1576545809690,"duration":19404,"downloading_duration":1260,"execution_duration":17521,"uploading_duration":623,"executable":"ellipsoids-openmp","args":["1.dat","115.log","115.xoutput"],"id":41,"resource":"256","request_start":1576545770070,"request_end":1576545809707,"request_duration":39637,"type":"256"}
{"start":1576545789600,"end":1576545809969,"duration":20369,"downloading_duration":1179,"execution_duration":18560,"uploading_duration":630,"executable":"ellipsoids-openmp","args":["2.dat","217.log","217.xoutput"],"id":63,"resource":"256","request_start":1576545770057,"request_end":1576545809988,"request_duration":39931,"type":"256"}
{"start":1576545809816,"end":1576545811804,"duration":1988,"downloading_duration":1530,"execution_duration":3,"uploading_duration":455,"executable":"mean-pack-ell","args":["10.xoutput","11.xoutput","12.xoutput","13.xoutput","14.xoutput","15.xoutput","16.xoutput","17.xoutput","18.xoutput","19.xoutput","110.xoutput","111.xoutput","112.xoutput","113.xoutput","114.xoutput","115.xoutput","116.xoutput","117.xoutput","118.xoutput","119.xoutput","average_1.txt"],"id":87,"resource":"256","request_start":1576545809710,"request_end":1576545811824,"request_duration":2114,"type":"256"}
{"start":1576545810130,"end":1576545812086,"duration":1956,"downloading_duration":1529,"execution_duration":20,"uploading_duration":407,"executable":"mean-pack-ell","args":["20.xoutput","21.xoutput","22.xoutput","23.xoutput","24.xoutput","25.xoutput","26.xoutput","27.xoutput","28.xoutput","29.xoutput","210.xoutput","211.xoutput","212.xoutput","213.xoutput","214.xoutput","215.xoutput","216.xoutput","217.xoutput","218.xoutput","219.xoutput","average_2.txt"],"id":88,"resource":"256","request_start":1576545809994,"request_end":1576545812105,"request_duration":2111,"type":"256"}
{"start":1576545812214,"end":1576545813631,"duration":1417,"downloading_duration":486,"execution_duration":501,"uploading_duration":430,"executable":"summary.js","args":[],"id":90,"resource":"256","request_start":1576545812112,"request_end":1576545813648,"request_duration":1536,"type":"256"}
