{"start":1576545862009,"end":1576545863303,"duration":1294,"downloading_duration":403,"execution_duration":479,"uploading_duration":412,"executable":"generateData.js","args":[],"id":1,"resource":"256","request_start":1576545861842,"request_end":1576545863329,"request_duration":1487,"type":"256"}
{"start":1576545863497,"end":1576545864839,"duration":1342,"downloading_duration":386,"execution_duration":542,"uploading_duration":414,"executable":"createDat.js","args":["2.dat"],"id":4,"resource":"256","request_start":1576545863334,"request_end":1576545864860,"request_duration":1526,"type":"256"}
{"start":1576545863506,"end":1576545864877,"duration":1371,"downloading_duration":402,"execution_duration":541,"uploading_duration":428,"executable":"createDat.js","args":["1.dat"],"id":3,"resource":"256","request_start":1576545863333,"request_end":1576545864891,"request_duration":1558,"type":"256"}
{"start":1576545863479,"end":1576545864902,"duration":1423,"downloading_duration":420,"execution_duration":483,"uploading_duration":520,"executable":"createDat.js","args":["0.dat"],"id":2,"resource":"256","request_start":1576545863331,"request_end":1576545864933,"request_duration":1602,"type":"256"}
{"start":1576545863499,"end":1576545864949,"duration":1450,"downloading_duration":520,"execution_duration":528,"uploading_duration":402,"executable":"createDat.js","args":["3.dat"],"id":5,"resource":"256","request_start":1576545863335,"request_end":1576545864978,"request_duration":1643,"type":"256"}
{"start":1576545865267,"end":1576545881451,"duration":16184,"downloading_duration":1086,"execution_duration":14460,"uploading_duration":638,"executable":"ellipsoids-openmp","args":["1.dat","112.log","112.xoutput"],"id":38,"resource":"256","request_start":1576545864957,"request_end":1576545881473,"request_duration":16516,"type":"256"}
{"start":1576545865322,"end":1576545884098,"duration":18776,"downloading_duration":1122,"execution_duration":17060,"uploading_duration":594,"executable":"ellipsoids-openmp","args":["1.dat","111.log","111.xoutput"],"id":37,"resource":"256","request_start":1576545864956,"request_end":1576545884182,"request_duration":19226,"type":"256"}
{"start":1576545865260,"end":1576545884108,"duration":18848,"downloading_duration":1123,"execution_duration":17120,"uploading_duration":605,"executable":"ellipsoids-openmp","args":["1.dat","10.log","10.xoutput"],"id":26,"resource":"256","request_start":1576545864946,"request_end":1576545884185,"request_duration":19239,"type":"256"}
{"start":1576545865265,"end":1576545884134,"duration":18869,"downloading_duration":1154,"execution_duration":17120,"uploading_duration":595,"executable":"ellipsoids-openmp","args":["1.dat","15.log","15.xoutput"],"id":31,"resource":"256","request_start":1576545864951,"request_end":1576545884187,"request_duration":19236,"type":"256"}
{"start":1576545865265,"end":1576545884241,"duration":18976,"downloading_duration":1261,"execution_duration":17038,"uploading_duration":677,"executable":"ellipsoids-openmp","args":["1.dat","14.log","14.xoutput"],"id":30,"resource":"256","request_start":1576545864950,"request_end":1576545884260,"request_duration":19310,"type":"256"}
{"start":1576545865267,"end":1576545884267,"duration":19000,"downloading_duration":1101,"execution_duration":17260,"uploading_duration":639,"executable":"ellipsoids-openmp","args":["1.dat","13.log","13.xoutput"],"id":29,"resource":"256","request_start":1576545864949,"request_end":1576545884288,"request_duration":19339,"type":"256"}
{"start":1576545865329,"end":1576545884295,"duration":18966,"downloading_duration":1223,"execution_duration":17061,"uploading_duration":682,"executable":"ellipsoids-openmp","args":["1.dat","115.log","115.xoutput"],"id":41,"resource":"256","request_start":1576545864960,"request_end":1576545884332,"request_duration":19372,"type":"256"}
{"start":1576545865259,"end":1576545884302,"duration":19043,"downloading_duration":1231,"execution_duration":17180,"uploading_duration":632,"executable":"ellipsoids-openmp","args":["1.dat","11.log","11.xoutput"],"id":27,"resource":"256","request_start":1576545864947,"request_end":1576545884335,"request_duration":19388,"type":"256"}
{"start":1576545865264,"end":1576545884311,"duration":19047,"downloading_duration":1126,"execution_duration":17180,"uploading_duration":741,"executable":"ellipsoids-openmp","args":["1.dat","12.log","12.xoutput"],"id":28,"resource":"256","request_start":1576545864948,"request_end":1576545884343,"request_duration":19395,"type":"256"}
{"start":1576545865264,"end":1576545884353,"duration":19089,"downloading_duration":1125,"execution_duration":17301,"uploading_duration":663,"executable":"ellipsoids-openmp","args":["1.dat","16.log","16.xoutput"],"id":32,"resource":"256","request_start":1576545864952,"request_end":1576545884373,"request_duration":19421,"type":"256"}
{"start":1576545865327,"end":1576545884362,"duration":19035,"downloading_duration":1216,"execution_duration":17181,"uploading_duration":638,"executable":"ellipsoids-openmp","args":["1.dat","118.log","118.xoutput"],"id":44,"resource":"256","request_start":1576545864964,"request_end":1576545884382,"request_duration":19418,"type":"256"}
{"start":1576545865270,"end":1576545884387,"duration":19117,"downloading_duration":1123,"execution_duration":17401,"uploading_duration":593,"executable":"ellipsoids-openmp","args":["1.dat","110.log","110.xoutput"],"id":36,"resource":"256","request_start":1576545864955,"request_end":1576545884408,"request_duration":19453,"type":"256"}
{"start":1576545865262,"end":1576545884396,"duration":19134,"downloading_duration":1220,"execution_duration":17161,"uploading_duration":753,"executable":"ellipsoids-openmp","args":["1.dat","17.log","17.xoutput"],"id":33,"resource":"256","request_start":1576545864952,"request_end":1576545884415,"request_duration":19463,"type":"256"}
{"start":1576545865261,"end":1576545884439,"duration":19178,"downloading_duration":1141,"execution_duration":17241,"uploading_duration":796,"executable":"ellipsoids-openmp","args":["1.dat","18.log","18.xoutput"],"id":34,"resource":"256","request_start":1576545864953,"request_end":1576545884457,"request_duration":19504,"type":"256"}
{"start":1576545865329,"end":1576545884542,"duration":19213,"downloading_duration":1230,"execution_duration":17341,"uploading_duration":642,"executable":"ellipsoids-openmp","args":["1.dat","116.log","116.xoutput"],"id":42,"resource":"256","request_start":1576545864962,"request_end":1576545884578,"request_duration":19616,"type":"256"}
{"start":1576545865331,"end":1576545884617,"duration":19286,"downloading_duration":1161,"execution_duration":17501,"uploading_duration":624,"executable":"ellipsoids-openmp","args":["1.dat","119.log","119.xoutput"],"id":45,"resource":"256","request_start":1576545864965,"request_end":1576545884639,"request_duration":19674,"type":"256"}
{"start":1576545865176,"end":1576545884624,"duration":19448,"downloading_duration":1120,"execution_duration":17720,"uploading_duration":608,"executable":"ellipsoids-openmp","args":["2.dat","212.log","212.xoutput"],"id":58,"resource":"256","request_start":1576545864883,"request_end":1576545884652,"request_duration":19769,"type":"256"}
{"start":1576545865322,"end":1576545884627,"duration":19305,"downloading_duration":1260,"execution_duration":17440,"uploading_duration":605,"executable":"ellipsoids-openmp","args":["1.dat","19.log","19.xoutput"],"id":35,"resource":"256","request_start":1576545864954,"request_end":1576545884655,"request_duration":19701,"type":"256"}
{"start":1576545865327,"end":1576545884677,"duration":19350,"downloading_duration":1128,"execution_duration":17581,"uploading_duration":641,"executable":"ellipsoids-openmp","args":["1.dat","117.log","117.xoutput"],"id":43,"resource":"256","request_start":1576545864963,"request_end":1576545884694,"request_duration":19731,"type":"256"}
{"start":1576545865328,"end":1576545884700,"duration":19372,"downloading_duration":1137,"execution_duration":17580,"uploading_duration":655,"executable":"ellipsoids-openmp","args":["1.dat","114.log","114.xoutput"],"id":40,"resource":"256","request_start":1576545864958,"request_end":1576545884723,"request_duration":19765,"type":"256"}
{"start":1576545865175,"end":1576545884742,"duration":19567,"downloading_duration":1157,"execution_duration":17760,"uploading_duration":650,"executable":"ellipsoids-openmp","args":["2.dat","214.log","214.xoutput"],"id":60,"resource":"256","request_start":1576545864884,"request_end":1576545884782,"request_duration":19898,"type":"256"}
{"start":1576545865234,"end":1576545884756,"duration":19522,"downloading_duration":1161,"execution_duration":17741,"uploading_duration":620,"executable":"ellipsoids-openmp","args":["2.dat","219.log","219.xoutput"],"id":65,"resource":"256","request_start":1576545864889,"request_end":1576545884787,"request_duration":19898,"type":"256"}
{"start":1576545865306,"end":1576545884773,"duration":19467,"downloading_duration":1146,"execution_duration":17660,"uploading_duration":661,"executable":"ellipsoids-openmp","args":["1.dat","113.log","113.xoutput"],"id":39,"resource":"256","request_start":1576545864957,"request_end":1576545884812,"request_duration":19855,"type":"256"}
{"start":1576545865174,"end":1576545884788,"duration":19614,"downloading_duration":1073,"execution_duration":17921,"uploading_duration":620,"executable":"ellipsoids-openmp","args":["2.dat","211.log","211.xoutput"],"id":57,"resource":"256","request_start":1576545864882,"request_end":1576545884815,"request_duration":19933,"type":"256"}
{"start":1576545865336,"end":1576545884840,"duration":19504,"downloading_duration":1123,"execution_duration":17781,"uploading_duration":600,"executable":"ellipsoids-openmp","args":["0.dat","010.log","010.xoutput"],"id":16,"resource":"256","request_start":1576545864983,"request_end":1576545884865,"request_duration":19882,"type":"256"}
{"start":1576545865232,"end":1576545884938,"duration":19706,"downloading_duration":1229,"execution_duration":17821,"uploading_duration":656,"executable":"ellipsoids-openmp","args":["2.dat","218.log","218.xoutput"],"id":64,"resource":"256","request_start":1576545864888,"request_end":1576545884959,"request_duration":20071,"type":"256"}
{"start":1576545865111,"end":1576545885074,"duration":19963,"downloading_duration":1057,"execution_duration":18301,"uploading_duration":605,"executable":"ellipsoids-openmp","args":["2.dat","21.log","21.xoutput"],"id":47,"resource":"256","request_start":1576545864872,"request_end":1576545885093,"request_duration":20221,"type":"256"}
{"start":1576545865114,"end":1576545885138,"duration":20024,"downloading_duration":1143,"execution_duration":18300,"uploading_duration":581,"executable":"ellipsoids-openmp","args":["2.dat","25.log","25.xoutput"],"id":51,"resource":"256","request_start":1576545864876,"request_end":1576545885159,"request_duration":20283,"type":"256"}
{"start":1576545865176,"end":1576545885171,"duration":19995,"downloading_duration":1167,"execution_duration":18061,"uploading_duration":767,"executable":"ellipsoids-openmp","args":["2.dat","29.log","29.xoutput"],"id":55,"resource":"256","request_start":1576545864880,"request_end":1576545885190,"request_duration":20310,"type":"256"}
{"start":1576545865228,"end":1576545885412,"duration":20184,"downloading_duration":1140,"execution_duration":18441,"uploading_duration":603,"executable":"ellipsoids-openmp","args":["2.dat","216.log","216.xoutput"],"id":62,"resource":"256","request_start":1576545864886,"request_end":1576545885431,"request_duration":20545,"type":"256"}
{"start":1576545865179,"end":1576545885417,"duration":20238,"downloading_duration":1112,"execution_duration":18501,"uploading_duration":625,"executable":"ellipsoids-openmp","args":["2.dat","213.log","213.xoutput"],"id":59,"resource":"256","request_start":1576545864884,"request_end":1576545885439,"request_duration":20555,"type":"256"}
{"start":1576545865172,"end":1576545885438,"duration":20266,"downloading_duration":1128,"execution_duration":18539,"uploading_duration":599,"executable":"ellipsoids-openmp","args":["2.dat","28.log","28.xoutput"],"id":54,"resource":"256","request_start":1576545864879,"request_end":1576545885456,"request_duration":20577,"type":"256"}
{"start":1576545865135,"end":1576545885499,"duration":20364,"downloading_duration":1131,"execution_duration":18443,"uploading_duration":790,"executable":"ellipsoids-openmp","args":["2.dat","23.log","23.xoutput"],"id":49,"resource":"256","request_start":1576545864874,"request_end":1576545885496,"request_duration":20622,"type":"256"}
{"start":1576545865332,"end":1576545885498,"duration":20166,"downloading_duration":1217,"execution_duration":18303,"uploading_duration":646,"executable":"ellipsoids-openmp","args":["0.dat","06.log","06.xoutput"],"id":12,"resource":"256","request_start":1576545864980,"request_end":1576545885518,"request_duration":20538,"type":"256"}
{"start":1576545865228,"end":1576545885541,"duration":20313,"downloading_duration":1229,"execution_duration":18481,"uploading_duration":603,"executable":"ellipsoids-openmp","args":["2.dat","215.log","215.xoutput"],"id":61,"resource":"256","request_start":1576545864885,"request_end":1576545885560,"request_duration":20675,"type":"256"}
{"start":1576545865113,"end":1576545885608,"duration":20495,"downloading_duration":1089,"execution_duration":18660,"uploading_duration":746,"executable":"ellipsoids-openmp","args":["2.dat","24.log","24.xoutput"],"id":50,"resource":"256","request_start":1576545864875,"request_end":1576545885627,"request_duration":20752,"type":"256"}
{"start":1576545865333,"end":1576545885638,"duration":20305,"downloading_duration":1106,"execution_duration":18580,"uploading_duration":619,"executable":"ellipsoids-openmp","args":["0.dat","07.log","07.xoutput"],"id":13,"resource":"256","request_start":1576545864981,"request_end":1576545885655,"request_duration":20674,"type":"256"}
{"start":1576545865338,"end":1576545885714,"duration":20376,"downloading_duration":1148,"execution_duration":18580,"uploading_duration":648,"executable":"ellipsoids-openmp","args":["0.dat","05.log","05.xoutput"],"id":11,"resource":"256","request_start":1576545864979,"request_end":1576545885734,"request_duration":20755,"type":"256"}
{"start":1576545865343,"end":1576545885865,"duration":20522,"downloading_duration":1226,"execution_duration":18601,"uploading_duration":695,"executable":"ellipsoids-openmp","args":["0.dat","011.log","011.xoutput"],"id":17,"resource":"256","request_start":1576545864984,"request_end":1576545885923,"request_duration":20939,"type":"256"}
{"start":1576545865173,"end":1576545885885,"duration":20712,"downloading_duration":1106,"execution_duration":18661,"uploading_duration":945,"executable":"ellipsoids-openmp","args":["2.dat","210.log","210.xoutput"],"id":56,"resource":"256","request_start":1576545864881,"request_end":1576545885926,"request_duration":21045,"type":"256"}
{"start":1576545865110,"end":1576545885911,"duration":20801,"downloading_duration":1096,"execution_duration":19100,"uploading_duration":605,"executable":"ellipsoids-openmp","args":["2.dat","20.log","20.xoutput"],"id":46,"resource":"256","request_start":1576545864871,"request_end":1576545885937,"request_duration":21066,"type":"256"}
{"start":1576545865182,"end":1576545885911,"duration":20729,"downloading_duration":1150,"execution_duration":18901,"uploading_duration":678,"executable":"ellipsoids-openmp","args":["2.dat","27.log","27.xoutput"],"id":53,"resource":"256","request_start":1576545864878,"request_end":1576545885938,"request_duration":21060,"type":"256"}
{"start":1576545865115,"end":1576545886049,"duration":20934,"downloading_duration":1192,"execution_duration":18800,"uploading_duration":942,"executable":"ellipsoids-openmp","args":["2.dat","22.log","22.xoutput"],"id":48,"resource":"256","request_start":1576545864873,"request_end":1576545886072,"request_duration":21199,"type":"256"}
{"start":1576545865344,"end":1576545886055,"duration":20711,"downloading_duration":1079,"execution_duration":18980,"uploading_duration":652,"executable":"ellipsoids-openmp","args":["0.dat","013.log","013.xoutput"],"id":19,"resource":"256","request_start":1576545864985,"request_end":1576545886079,"request_duration":21094,"type":"256"}
{"start":1576545865115,"end":1576545886134,"duration":21019,"downloading_duration":1188,"execution_duration":19200,"uploading_duration":631,"executable":"ellipsoids-openmp","args":["2.dat","26.log","26.xoutput"],"id":52,"resource":"256","request_start":1576545864877,"request_end":1576545886190,"request_duration":21313,"type":"256"}
{"start":1576545865235,"end":1576545886158,"duration":20923,"downloading_duration":1214,"execution_duration":19001,"uploading_duration":708,"executable":"ellipsoids-openmp","args":["2.dat","217.log","217.xoutput"],"id":63,"resource":"256","request_start":1576545864887,"request_end":1576545886194,"request_duration":21307,"type":"256"}
{"start":1576545865342,"end":1576545886290,"duration":20948,"downloading_duration":1132,"execution_duration":18941,"uploading_duration":875,"executable":"ellipsoids-openmp","args":["0.dat","09.log","09.xoutput"],"id":15,"resource":"256","request_start":1576545864982,"request_end":1576545886312,"request_duration":21330,"type":"256"}
{"start":1576545865345,"end":1576545886337,"duration":20992,"downloading_duration":1299,"execution_duration":19101,"uploading_duration":592,"executable":"ellipsoids-openmp","args":["0.dat","08.log","08.xoutput"],"id":14,"resource":"256","request_start":1576545864981,"request_end":1576545886358,"request_duration":21377,"type":"256"}
{"start":1576545865346,"end":1576545886475,"duration":21129,"downloading_duration":1229,"execution_duration":19282,"uploading_duration":618,"executable":"ellipsoids-openmp","args":["0.dat","012.log","012.xoutput"],"id":18,"resource":"256","request_start":1576545864985,"request_end":1576545886492,"request_duration":21507,"type":"256"}
{"start":1576545865330,"end":1576545886652,"duration":21322,"downloading_duration":1237,"execution_duration":19480,"uploading_duration":605,"executable":"ellipsoids-openmp","args":["0.dat","04.log","04.xoutput"],"id":10,"resource":"256","request_start":1576545864978,"request_end":1576545886671,"request_duration":21693,"type":"256"}
{"start":1576545885472,"end":1576545887711,"duration":2239,"downloading_duration":1620,"execution_duration":20,"uploading_duration":599,"executable":"mean-pack-ell","args":["10.xoutput","11.xoutput","12.xoutput","13.xoutput","14.xoutput","15.xoutput","16.xoutput","17.xoutput","18.xoutput","19.xoutput","110.xoutput","111.xoutput","112.xoutput","113.xoutput","114.xoutput","115.xoutput","116.xoutput","117.xoutput","118.xoutput","119.xoutput","average_1.txt"],"id":87,"resource":"256","request_start":1576545884832,"request_end":1576545887731,"request_duration":2899,"type":"256"}
{"start":1576545886316,"end":1576545888673,"duration":2357,"downloading_duration":1599,"execution_duration":22,"uploading_duration":736,"executable":"mean-pack-ell","args":["20.xoutput","21.xoutput","22.xoutput","23.xoutput","24.xoutput","25.xoutput","26.xoutput","27.xoutput","28.xoutput","29.xoutput","210.xoutput","211.xoutput","212.xoutput","213.xoutput","214.xoutput","215.xoutput","216.xoutput","217.xoutput","218.xoutput","219.xoutput","average_2.txt"],"id":88,"resource":"256","request_start":1576545886206,"request_end":1576545888693,"request_duration":2487,"type":"256"}
{"start":1576545881498,"end":1576545897200,"duration":15702,"downloading_duration":1215,"execution_duration":13901,"uploading_duration":586,"executable":"ellipsoids-openmp","args":["0.dat","014.log","014.xoutput"],"id":20,"resource":"256","request_start":1576545864986,"request_end":1576545897218,"request_duration":32232,"type":"256"}
{"start":1576545884490,"end":1576545903469,"duration":18979,"downloading_duration":1134,"execution_duration":17220,"uploading_duration":625,"executable":"ellipsoids-openmp","args":["3.dat","33.log","33.xoutput"],"id":69,"resource":"256","request_start":1576545865038,"request_end":1576545903488,"request_duration":38450,"type":"256"}
{"start":1576545884412,"end":1576545903597,"duration":19185,"downloading_duration":1161,"execution_duration":17400,"uploading_duration":624,"executable":"ellipsoids-openmp","args":["3.dat","30.log","30.xoutput"],"id":66,"resource":"256","request_start":1576545865036,"request_end":1576545903618,"request_duration":38582,"type":"256"}
{"start":1576545884845,"end":1576545903608,"duration":18763,"downloading_duration":1115,"execution_duration":17060,"uploading_duration":588,"executable":"ellipsoids-openmp","args":["3.dat","313.log","313.xoutput"],"id":79,"resource":"256","request_start":1576545865043,"request_end":1576545903626,"request_duration":38583,"type":"256"}
{"start":1576545884749,"end":1576545903670,"duration":18921,"downloading_duration":1143,"execution_duration":17141,"uploading_duration":637,"executable":"ellipsoids-openmp","args":["3.dat","39.log","39.xoutput"],"id":75,"resource":"256","request_start":1576545865041,"request_end":1576545903690,"request_duration":38649,"type":"256"}
{"start":1576545884894,"end":1576545903768,"duration":18874,"downloading_duration":1299,"execution_duration":16900,"uploading_duration":675,"executable":"ellipsoids-openmp","args":["3.dat","314.log","314.xoutput"],"id":80,"resource":"256","request_start":1576545865044,"request_end":1576545903787,"request_duration":38743,"type":"256"}
{"start":1576545884668,"end":1576545903850,"duration":19182,"downloading_duration":1193,"execution_duration":17322,"uploading_duration":667,"executable":"ellipsoids-openmp","args":["3.dat","35.log","35.xoutput"],"id":71,"resource":"256","request_start":1576545865039,"request_end":1576545903867,"request_duration":38828,"type":"256"}
{"start":1576545884684,"end":1576545903862,"duration":19178,"downloading_duration":1111,"execution_duration":17480,"uploading_duration":587,"executable":"ellipsoids-openmp","args":["3.dat","37.log","37.xoutput"],"id":73,"resource":"256","request_start":1576545865040,"request_end":1576545903880,"request_duration":38840,"type":"256"}
{"start":1576545884988,"end":1576545903922,"duration":18934,"downloading_duration":1133,"execution_duration":17161,"uploading_duration":640,"executable":"ellipsoids-openmp","args":["3.dat","315.log","315.xoutput"],"id":81,"resource":"256","request_start":1576545865045,"request_end":1576545903939,"request_duration":38894,"type":"256"}
{"start":1576545884608,"end":1576545903974,"duration":19366,"downloading_duration":1211,"execution_duration":17421,"uploading_duration":734,"executable":"ellipsoids-openmp","args":["3.dat","34.log","34.xoutput"],"id":70,"resource":"256","request_start":1576545865038,"request_end":1576545903992,"request_duration":38954,"type":"256"}
{"start":1576545884444,"end":1576545903996,"duration":19552,"downloading_duration":1178,"execution_duration":17681,"uploading_duration":693,"executable":"ellipsoids-openmp","args":["3.dat","32.log","32.xoutput"],"id":68,"resource":"256","request_start":1576545865037,"request_end":1576545904015,"request_duration":38978,"type":"256"}
{"start":1576545884221,"end":1576545904020,"duration":19799,"downloading_duration":1121,"execution_duration":17920,"uploading_duration":758,"executable":"ellipsoids-openmp","args":["0.dat","017.log","017.xoutput"],"id":23,"resource":"256","request_start":1576545864988,"request_end":1576545904040,"request_duration":39052,"type":"256"}
{"start":1576545884291,"end":1576545904082,"duration":19791,"downloading_duration":1137,"execution_duration":17860,"uploading_duration":794,"executable":"ellipsoids-openmp","args":["0.dat","018.log","018.xoutput"],"id":24,"resource":"256","request_start":1576545864988,"request_end":1576545904103,"request_duration":39115,"type":"256"}
{"start":1576545885120,"end":1576545904139,"duration":19019,"downloading_duration":1169,"execution_duration":17201,"uploading_duration":649,"executable":"ellipsoids-openmp","args":["3.dat","316.log","316.xoutput"],"id":82,"resource":"256","request_start":1576545865045,"request_end":1576545904157,"request_duration":39112,"type":"256"}
{"start":1576545884726,"end":1576545904198,"duration":19472,"downloading_duration":1160,"execution_duration":17719,"uploading_duration":593,"executable":"ellipsoids-openmp","args":["3.dat","38.log","38.xoutput"],"id":74,"resource":"256","request_start":1576545865040,"request_end":1576545904216,"request_duration":39176,"type":"256"}
{"start":1576545884817,"end":1576545904199,"duration":19382,"downloading_duration":1275,"execution_duration":17320,"uploading_duration":787,"executable":"ellipsoids-openmp","args":["3.dat","311.log","311.xoutput"],"id":77,"resource":"256","request_start":1576545865042,"request_end":1576545904221,"request_duration":39179,"type":"256"}
{"start":1576545885190,"end":1576545904255,"duration":19065,"downloading_duration":1113,"execution_duration":17340,"uploading_duration":612,"executable":"ellipsoids-openmp","args":["3.dat","317.log","317.xoutput"],"id":83,"resource":"256","request_start":1576545865046,"request_end":1576545904272,"request_duration":39226,"type":"256"}
{"start":1576545884686,"end":1576545904315,"duration":19629,"downloading_duration":1210,"execution_duration":17820,"uploading_duration":599,"executable":"ellipsoids-openmp","args":["3.dat","36.log","36.xoutput"],"id":72,"resource":"256","request_start":1576545865039,"request_end":1576545904332,"request_duration":39293,"type":"256"}
{"start":1576545884840,"end":1576545904339,"duration":19499,"downloading_duration":1055,"execution_duration":17820,"uploading_duration":624,"executable":"ellipsoids-openmp","args":["3.dat","312.log","312.xoutput"],"id":78,"resource":"256","request_start":1576545865043,"request_end":1576545904356,"request_duration":39313,"type":"256"}
{"start":1576545884435,"end":1576545904379,"duration":19944,"downloading_duration":1138,"execution_duration":18162,"uploading_duration":644,"executable":"ellipsoids-openmp","args":["3.dat","31.log","31.xoutput"],"id":67,"resource":"256","request_start":1576545865037,"request_end":1576545904397,"request_duration":39360,"type":"256"}
{"start":1576545885460,"end":1576545904427,"duration":18967,"downloading_duration":1159,"execution_duration":17180,"uploading_duration":628,"executable":"ellipsoids-openmp","args":["3.dat","319.log","319.xoutput"],"id":85,"resource":"256","request_start":1576545865047,"request_end":1576545904451,"request_duration":39404,"type":"256"}
{"start":1576545884216,"end":1576545904497,"duration":20281,"downloading_duration":1105,"execution_duration":18519,"uploading_duration":657,"executable":"ellipsoids-openmp","args":["0.dat","015.log","015.xoutput"],"id":21,"resource":"256","request_start":1576545864987,"request_end":1576545904542,"request_duration":39555,"type":"256"}
{"start":1576545884812,"end":1576545904499,"duration":19687,"downloading_duration":1155,"execution_duration":17881,"uploading_duration":651,"executable":"ellipsoids-openmp","args":["3.dat","310.log","310.xoutput"],"id":76,"resource":"256","request_start":1576545865042,"request_end":1576545904544,"request_duration":39502,"type":"256"}
{"start":1576545884313,"end":1576545904499,"duration":20186,"downloading_duration":1277,"execution_duration":18280,"uploading_duration":629,"executable":"ellipsoids-openmp","args":["0.dat","019.log","019.xoutput"],"id":25,"resource":"256","request_start":1576545864989,"request_end":1576545904546,"request_duration":39557,"type":"256"}
{"start":1576545885220,"end":1576545904703,"duration":19483,"downloading_duration":1198,"execution_duration":17659,"uploading_duration":626,"executable":"ellipsoids-openmp","args":["3.dat","318.log","318.xoutput"],"id":84,"resource":"256","request_start":1576545865046,"request_end":1576545904722,"request_duration":39676,"type":"256"}
{"start":1576545884366,"end":1576545904710,"duration":20344,"downloading_duration":1184,"execution_duration":18560,"uploading_duration":600,"executable":"ellipsoids-openmp","args":["0.dat","01.log","01.xoutput"],"id":7,"resource":"256","request_start":1576545864990,"request_end":1576545904733,"request_duration":39743,"type":"256"}
{"start":1576545884410,"end":1576545904785,"duration":20375,"downloading_duration":1132,"execution_duration":18401,"uploading_duration":842,"executable":"ellipsoids-openmp","args":["0.dat","03.log","03.xoutput"],"id":9,"resource":"256","request_start":1576545864991,"request_end":1576545904802,"request_duration":39811,"type":"256"}
{"start":1576545884364,"end":1576545904814,"duration":20450,"downloading_duration":1125,"execution_duration":18580,"uploading_duration":745,"executable":"ellipsoids-openmp","args":["0.dat","00.log","00.xoutput"],"id":6,"resource":"256","request_start":1576545864989,"request_end":1576545904832,"request_duration":39843,"type":"256"}
{"start":1576545884223,"end":1576545904898,"duration":20675,"downloading_duration":1161,"execution_duration":18880,"uploading_duration":634,"executable":"ellipsoids-openmp","args":["0.dat","016.log","016.xoutput"],"id":22,"resource":"256","request_start":1576545864987,"request_end":1576545904917,"request_duration":39930,"type":"256"}
{"start":1576545884372,"end":1576545905123,"duration":20751,"downloading_duration":1171,"execution_duration":18962,"uploading_duration":618,"executable":"ellipsoids-openmp","args":["0.dat","02.log","02.xoutput"],"id":8,"resource":"256","request_start":1576545864990,"request_end":1576545905143,"request_duration":40153,"type":"256"}
{"start":1576545904938,"end":1576545906991,"duration":2053,"downloading_duration":1626,"execution_duration":3,"uploading_duration":424,"executable":"mean-pack-ell","args":["30.xoutput","31.xoutput","32.xoutput","33.xoutput","34.xoutput","35.xoutput","36.xoutput","37.xoutput","38.xoutput","39.xoutput","310.xoutput","311.xoutput","312.xoutput","313.xoutput","314.xoutput","315.xoutput","316.xoutput","317.xoutput","318.xoutput","319.xoutput","average_3.txt"],"id":89,"resource":"256","request_start":1576545904738,"request_end":1576545907010,"request_duration":2272,"type":"256"}
{"start":1576545905296,"end":1576545907187,"duration":1891,"downloading_duration":1448,"execution_duration":3,"uploading_duration":440,"executable":"mean-pack-ell","args":["00.xoutput","01.xoutput","02.xoutput","03.xoutput","04.xoutput","05.xoutput","06.xoutput","07.xoutput","08.xoutput","09.xoutput","010.xoutput","011.xoutput","012.xoutput","013.xoutput","014.xoutput","015.xoutput","016.xoutput","017.xoutput","018.xoutput","019.xoutput","average_0.txt"],"id":86,"resource":"256","request_start":1576545905150,"request_end":1576545907212,"request_duration":2062,"type":"256"}
{"start":1576545907332,"end":1576545908813,"duration":1481,"downloading_duration":527,"execution_duration":527,"uploading_duration":427,"executable":"summary.js","args":[],"id":90,"resource":"256","request_start":1576545907219,"request_end":1576545908837,"request_duration":1618,"type":"256"}
