{"start":1576524965049,"end":1576524966196,"duration":1147,"downloading_duration":579,"execution_duration":126,"uploading_duration":442,"executable":"generateData.js","args":[],"id":1,"resource":"1024","request_start":1576524964286,"request_end":1576524966148,"request_duration":1862,"type":"1024"}
{"start":1576524966341,"end":1576524967259,"duration":918,"downloading_duration":416,"execution_duration":101,"uploading_duration":401,"executable":"createDat.js","args":["0.dat"],"id":2,"resource":"1024","request_start":1576524966153,"request_end":1576524967203,"request_duration":1050,"type":"1024"}
{"start":1576524966826,"end":1576524967896,"duration":1070,"downloading_duration":533,"execution_duration":128,"uploading_duration":409,"executable":"createDat.js","args":["1.dat"],"id":3,"resource":"1024","request_start":1576524966155,"request_end":1576524967845,"request_duration":1690,"type":"1024"}
{"start":1576524966838,"end":1576524967906,"duration":1068,"downloading_duration":505,"execution_duration":125,"uploading_duration":438,"executable":"createDat.js","args":["2.dat"],"id":4,"resource":"1024","request_start":1576524966156,"request_end":1576524967861,"request_duration":1705,"type":"1024"}
{"start":1576524966820,"end":1576524967912,"duration":1092,"downloading_duration":544,"execution_duration":125,"uploading_duration":423,"executable":"createDat.js","args":["3.dat"],"id":5,"resource":"1024","request_start":1576524966158,"request_end":1576524967866,"request_duration":1708,"type":"1024"}
{"start":1576524967388,"end":1576524973853,"duration":6465,"downloading_duration":1065,"execution_duration":4766,"uploading_duration":634,"executable":"ellipsoids-openmp","args":["0.dat","00.log","00.xoutput"],"id":6,"resource":"1024","request_start":1576524967205,"request_end":1576524973802,"request_duration":6597,"type":"1024"}
{"start":1576524968071,"end":1576524974085,"duration":6014,"downloading_duration":1090,"execution_duration":4341,"uploading_duration":583,"executable":"ellipsoids-openmp","args":["3.dat","30.log","30.xoutput"],"id":9,"resource":"1024","request_start":1576524967878,"request_end":1576524974034,"request_duration":6156,"type":"1024"}
{"start":1576524968036,"end":1576524974163,"duration":6127,"downloading_duration":1010,"execution_duration":4343,"uploading_duration":774,"executable":"ellipsoids-openmp","args":["1.dat","10.log","10.xoutput"],"id":7,"resource":"1024","request_start":1576524967853,"request_end":1576524974112,"request_duration":6259,"type":"1024"}
{"start":1576524968062,"end":1576524974720,"duration":6658,"downloading_duration":1090,"execution_duration":4974,"uploading_duration":594,"executable":"ellipsoids-openmp","args":["2.dat","20.log","20.xoutput"],"id":8,"resource":"1024","request_start":1576524967873,"request_end":1576524974667,"request_duration":6794,"type":"1024"}
{"start":1576524974073,"end":1576524975549,"duration":1476,"downloading_duration":1041,"execution_duration":2,"uploading_duration":433,"executable":"mean-pack-ell","args":["00.xoutput","average_0.txt"],"id":10,"resource":"1024","request_start":1576524973804,"request_end":1576524975499,"request_duration":1695,"type":"1024"}
{"start":1576524974466,"end":1576524975787,"duration":1321,"downloading_duration":921,"execution_duration":4,"uploading_duration":396,"executable":"mean-pack-ell","args":["30.xoutput","average_3.txt"],"id":13,"resource":"1024","request_start":1576524974039,"request_end":1576524975734,"request_duration":1695,"type":"1024"}
{"start":1576524974501,"end":1576524975867,"duration":1366,"downloading_duration":960,"execution_duration":4,"uploading_duration":402,"executable":"mean-pack-ell","args":["10.xoutput","average_1.txt"],"id":11,"resource":"1024","request_start":1576524974119,"request_end":1576524975818,"request_duration":1699,"type":"1024"}
{"start":1576524974846,"end":1576524976233,"duration":1387,"downloading_duration":1006,"execution_duration":3,"uploading_duration":378,"executable":"mean-pack-ell","args":["20.xoutput","average_2.txt"],"id":12,"resource":"1024","request_start":1576524974672,"request_end":1576524976182,"request_duration":1510,"type":"1024"}
{"start":1576524976413,"end":1576524977490,"duration":1077,"downloading_duration":570,"execution_duration":104,"uploading_duration":403,"executable":"summary.js","args":[],"id":14,"resource":"1024","request_start":1576524976187,"request_end":1576524977438,"request_duration":1251,"type":"1024"}
