{"start":1576546470089,"end":1576546470933,"duration":844,"downloading_duration":392,"execution_duration":61,"uploading_duration":391,"executable":"generateData.js","args":[],"id":1,"resource":"3008","request_start":1576546469944,"request_end":1576546470956,"request_duration":1012,"type":"3008"}
{"start":1576546471064,"end":1576546471929,"duration":865,"downloading_duration":383,"execution_duration":61,"uploading_duration":421,"executable":"createDat.js","args":["0.dat"],"id":2,"resource":"3008","request_start":1576546470958,"request_end":1576546471947,"request_duration":989,"type":"3008"}
{"start":1576546471098,"end":1576546471936,"duration":838,"downloading_duration":386,"execution_duration":59,"uploading_duration":393,"executable":"createDat.js","args":["3.dat"],"id":5,"resource":"3008","request_start":1576546470962,"request_end":1576546471955,"request_duration":993,"type":"3008"}
{"start":1576546471086,"end":1576546471954,"duration":868,"downloading_duration":380,"execution_duration":61,"uploading_duration":427,"executable":"createDat.js","args":["2.dat"],"id":4,"resource":"3008","request_start":1576546470961,"request_end":1576546471998,"request_duration":1037,"type":"3008"}
{"start":1576546471089,"end":1576546472017,"duration":928,"downloading_duration":477,"execution_duration":62,"uploading_duration":389,"executable":"createDat.js","args":["1.dat"],"id":3,"resource":"3008","request_start":1576546470960,"request_end":1576546472047,"request_duration":1087,"type":"3008"}
{"start":1576546472263,"end":1576546475278,"duration":3015,"downloading_duration":987,"execution_duration":1456,"uploading_duration":572,"executable":"ellipsoids-openmp","args":["0.dat","07.log","07.xoutput"],"id":13,"resource":"3008","request_start":1576546471964,"request_end":1576546475298,"request_duration":3334,"type":"3008"}
{"start":1576546472076,"end":1576546475328,"duration":3252,"downloading_duration":1041,"execution_duration":1597,"uploading_duration":614,"executable":"ellipsoids-openmp","args":["2.dat","29.log","29.xoutput"],"id":55,"resource":"3008","request_start":1576546472040,"request_end":1576546475348,"request_duration":3308,"type":"3008"}
{"start":1576546472260,"end":1576546475372,"duration":3112,"downloading_duration":994,"execution_duration":1482,"uploading_duration":636,"executable":"ellipsoids-openmp","args":["0.dat","05.log","05.xoutput"],"id":11,"resource":"3008","request_start":1576546471962,"request_end":1576546475392,"request_duration":3430,"type":"3008"}
{"start":1576546472281,"end":1576546475376,"duration":3095,"downloading_duration":1001,"execution_duration":1502,"uploading_duration":592,"executable":"ellipsoids-openmp","args":["0.dat","06.log","06.xoutput"],"id":12,"resource":"3008","request_start":1576546471963,"request_end":1576546475397,"request_duration":3434,"type":"3008"}
{"start":1576546472265,"end":1576546475406,"duration":3141,"downloading_duration":1002,"execution_duration":1522,"uploading_duration":617,"executable":"ellipsoids-openmp","args":["0.dat","08.log","08.xoutput"],"id":14,"resource":"3008","request_start":1576546471965,"request_end":1576546475426,"request_duration":3461,"type":"3008"}
{"start":1576546472444,"end":1576546475491,"duration":3047,"downloading_duration":1033,"execution_duration":1429,"uploading_duration":585,"executable":"ellipsoids-openmp","args":["3.dat","35.log","35.xoutput"],"id":71,"resource":"3008","request_start":1576546472007,"request_end":1576546475510,"request_duration":3503,"type":"3008"}
{"start":1576546472332,"end":1576546475528,"duration":3196,"downloading_duration":1088,"execution_duration":1522,"uploading_duration":586,"executable":"ellipsoids-openmp","args":["0.dat","09.log","09.xoutput"],"id":15,"resource":"3008","request_start":1576546471966,"request_end":1576546475548,"request_duration":3582,"type":"3008"}
{"start":1576546472490,"end":1576546475535,"duration":3045,"downloading_duration":992,"execution_duration":1485,"uploading_duration":568,"executable":"ellipsoids-openmp","args":["3.dat","317.log","317.xoutput"],"id":83,"resource":"3008","request_start":1576546472020,"request_end":1576546475554,"request_duration":3534,"type":"3008"}
{"start":1576546472479,"end":1576546475537,"duration":3058,"downloading_duration":1006,"execution_duration":1471,"uploading_duration":581,"executable":"ellipsoids-openmp","args":["3.dat","318.log","318.xoutput"],"id":84,"resource":"3008","request_start":1576546472020,"request_end":1576546475557,"request_duration":3537,"type":"3008"}
{"start":1576546472488,"end":1576546475540,"duration":3052,"downloading_duration":1044,"execution_duration":1438,"uploading_duration":570,"executable":"ellipsoids-openmp","args":["3.dat","37.log","37.xoutput"],"id":73,"resource":"3008","request_start":1576546472009,"request_end":1576546475562,"request_duration":3553,"type":"3008"}
{"start":1576546472341,"end":1576546475545,"duration":3204,"downloading_duration":1081,"execution_duration":1507,"uploading_duration":616,"executable":"ellipsoids-openmp","args":["0.dat","017.log","017.xoutput"],"id":23,"resource":"3008","request_start":1576546471974,"request_end":1576546475565,"request_duration":3591,"type":"3008"}
{"start":1576546472473,"end":1576546475550,"duration":3077,"downloading_duration":987,"execution_duration":1463,"uploading_duration":627,"executable":"ellipsoids-openmp","args":["3.dat","38.log","38.xoutput"],"id":74,"resource":"3008","request_start":1576546472010,"request_end":1576546475571,"request_duration":3561,"type":"3008"}
{"start":1576546472335,"end":1576546475553,"duration":3218,"downloading_duration":1085,"execution_duration":1553,"uploading_duration":580,"executable":"ellipsoids-openmp","args":["0.dat","011.log","011.xoutput"],"id":17,"resource":"3008","request_start":1576546471968,"request_end":1576546475573,"request_duration":3605,"type":"3008"}
{"start":1576546472364,"end":1576546475553,"duration":3189,"downloading_duration":1048,"execution_duration":1558,"uploading_duration":583,"executable":"ellipsoids-openmp","args":["0.dat","00.log","00.xoutput"],"id":6,"resource":"3008","request_start":1576546471976,"request_end":1576546475577,"request_duration":3601,"type":"3008"}
{"start":1576546472365,"end":1576546475556,"duration":3191,"downloading_duration":1128,"execution_duration":1495,"uploading_duration":568,"executable":"ellipsoids-openmp","args":["3.dat","31.log","31.xoutput"],"id":67,"resource":"3008","request_start":1576546472004,"request_end":1576546475580,"request_duration":3576,"type":"3008"}
{"start":1576546472482,"end":1576546475576,"duration":3094,"downloading_duration":1000,"execution_duration":1489,"uploading_duration":605,"executable":"ellipsoids-openmp","args":["3.dat","39.log","39.xoutput"],"id":75,"resource":"3008","request_start":1576546472010,"request_end":1576546475594,"request_duration":3584,"type":"3008"}
{"start":1576546472485,"end":1576546475579,"duration":3094,"downloading_duration":1052,"execution_duration":1461,"uploading_duration":581,"executable":"ellipsoids-openmp","args":["3.dat","311.log","311.xoutput"],"id":77,"resource":"3008","request_start":1576546472013,"request_end":1576546475600,"request_duration":3587,"type":"3008"}
{"start":1576546472286,"end":1576546475584,"duration":3298,"downloading_duration":1130,"execution_duration":1558,"uploading_duration":610,"executable":"ellipsoids-openmp","args":["0.dat","04.log","04.xoutput"],"id":10,"resource":"3008","request_start":1576546471961,"request_end":1576546475605,"request_duration":3644,"type":"3008"}
{"start":1576546472349,"end":1576546475588,"duration":3239,"downloading_duration":1065,"execution_duration":1520,"uploading_duration":654,"executable":"ellipsoids-openmp","args":["0.dat","010.log","010.xoutput"],"id":16,"resource":"3008","request_start":1576546471967,"request_end":1576546475609,"request_duration":3642,"type":"3008"}
{"start":1576546472360,"end":1576546475589,"duration":3229,"downloading_duration":1059,"execution_duration":1573,"uploading_duration":597,"executable":"ellipsoids-openmp","args":["0.dat","03.log","03.xoutput"],"id":9,"resource":"3008","request_start":1576546471979,"request_end":1576546475612,"request_duration":3633,"type":"3008"}
{"start":1576546472496,"end":1576546475590,"duration":3094,"downloading_duration":1023,"execution_duration":1522,"uploading_duration":549,"executable":"ellipsoids-openmp","args":["2.dat","20.log","20.xoutput"],"id":46,"resource":"3008","request_start":1576546472032,"request_end":1576546475617,"request_duration":3585,"type":"3008"}
{"start":1576546472500,"end":1576546475596,"duration":3096,"downloading_duration":1027,"execution_duration":1478,"uploading_duration":591,"executable":"ellipsoids-openmp","args":["3.dat","316.log","316.xoutput"],"id":82,"resource":"3008","request_start":1576546472019,"request_end":1576546475622,"request_duration":3603,"type":"3008"}
{"start":1576546472341,"end":1576546475604,"duration":3263,"downloading_duration":1069,"execution_duration":1626,"uploading_duration":568,"executable":"ellipsoids-openmp","args":["0.dat","018.log","018.xoutput"],"id":24,"resource":"3008","request_start":1576546471974,"request_end":1576546475627,"request_duration":3653,"type":"3008"}
{"start":1576546472335,"end":1576546475603,"duration":3268,"downloading_duration":1154,"execution_duration":1548,"uploading_duration":566,"executable":"ellipsoids-openmp","args":["0.dat","013.log","013.xoutput"],"id":19,"resource":"3008","request_start":1576546471970,"request_end":1576546475630,"request_duration":3660,"type":"3008"}
{"start":1576546472514,"end":1576546475607,"duration":3093,"downloading_duration":996,"execution_duration":1510,"uploading_duration":587,"executable":"ellipsoids-openmp","args":["2.dat","26.log","26.xoutput"],"id":52,"resource":"3008","request_start":1576546472038,"request_end":1576546475631,"request_duration":3593,"type":"3008"}
{"start":1576546472340,"end":1576546475608,"duration":3268,"downloading_duration":1150,"execution_duration":1519,"uploading_duration":599,"executable":"ellipsoids-openmp","args":["0.dat","015.log","015.xoutput"],"id":21,"resource":"3008","request_start":1576546471972,"request_end":1576546475632,"request_duration":3660,"type":"3008"}
{"start":1576546472361,"end":1576546475609,"duration":3248,"downloading_duration":1050,"execution_duration":1578,"uploading_duration":620,"executable":"ellipsoids-openmp","args":["0.dat","019.log","019.xoutput"],"id":25,"resource":"3008","request_start":1576546471975,"request_end":1576546475637,"request_duration":3662,"type":"3008"}
{"start":1576546472364,"end":1576546475611,"duration":3247,"downloading_duration":1134,"execution_duration":1530,"uploading_duration":583,"executable":"ellipsoids-openmp","args":["0.dat","01.log","01.xoutput"],"id":7,"resource":"3008","request_start":1576546471977,"request_end":1576546475649,"request_duration":3672,"type":"3008"}
{"start":1576546472494,"end":1576546475622,"duration":3128,"downloading_duration":998,"execution_duration":1474,"uploading_duration":656,"executable":"ellipsoids-openmp","args":["3.dat","310.log","310.xoutput"],"id":76,"resource":"3008","request_start":1576546472012,"request_end":1576546475654,"request_duration":3642,"type":"3008"}
{"start":1576546472372,"end":1576546475629,"duration":3257,"downloading_duration":1209,"execution_duration":1465,"uploading_duration":583,"executable":"ellipsoids-openmp","args":["3.dat","30.log","30.xoutput"],"id":66,"resource":"3008","request_start":1576546472003,"request_end":1576546475658,"request_duration":3655,"type":"3008"}
{"start":1576546472354,"end":1576546475639,"duration":3285,"downloading_duration":1149,"execution_duration":1548,"uploading_duration":588,"executable":"ellipsoids-openmp","args":["0.dat","014.log","014.xoutput"],"id":20,"resource":"3008","request_start":1576546471971,"request_end":1576546475667,"request_duration":3696,"type":"3008"}
{"start":1576546472493,"end":1576546475641,"duration":3148,"downloading_duration":1093,"execution_duration":1468,"uploading_duration":587,"executable":"ellipsoids-openmp","args":["3.dat","36.log","36.xoutput"],"id":72,"resource":"3008","request_start":1576546472008,"request_end":1576546475669,"request_duration":3661,"type":"3008"}
{"start":1576546472340,"end":1576546475641,"duration":3301,"downloading_duration":1170,"execution_duration":1573,"uploading_duration":558,"executable":"ellipsoids-openmp","args":["0.dat","016.log","016.xoutput"],"id":22,"resource":"3008","request_start":1576546471973,"request_end":1576546475670,"request_duration":3697,"type":"3008"}
{"start":1576546472334,"end":1576546475645,"duration":3311,"downloading_duration":1190,"execution_duration":1518,"uploading_duration":603,"executable":"ellipsoids-openmp","args":["0.dat","012.log","012.xoutput"],"id":18,"resource":"3008","request_start":1576546471969,"request_end":1576546475672,"request_duration":3703,"type":"3008"}
{"start":1576546472493,"end":1576546475671,"duration":3178,"downloading_duration":1033,"execution_duration":1452,"uploading_duration":693,"executable":"ellipsoids-openmp","args":["3.dat","313.log","313.xoutput"],"id":79,"resource":"3008","request_start":1576546472015,"request_end":1576546475694,"request_duration":3679,"type":"3008"}
{"start":1576546472527,"end":1576546475713,"duration":3186,"downloading_duration":999,"execution_duration":1614,"uploading_duration":573,"executable":"ellipsoids-openmp","args":["2.dat","28.log","28.xoutput"],"id":54,"resource":"3008","request_start":1576546472039,"request_end":1576546475731,"request_duration":3692,"type":"3008"}
{"start":1576546472500,"end":1576546475718,"duration":3218,"downloading_duration":1073,"execution_duration":1546,"uploading_duration":599,"executable":"ellipsoids-openmp","args":["2.dat","23.log","23.xoutput"],"id":49,"resource":"3008","request_start":1576546472035,"request_end":1576546475738,"request_duration":3703,"type":"3008"}
{"start":1576546472523,"end":1576546475720,"duration":3197,"downloading_duration":1033,"execution_duration":1563,"uploading_duration":601,"executable":"ellipsoids-openmp","args":["2.dat","21.log","21.xoutput"],"id":47,"resource":"3008","request_start":1576546472033,"request_end":1576546475740,"request_duration":3707,"type":"3008"}
{"start":1576546472341,"end":1576546475740,"duration":3399,"downloading_duration":1251,"execution_duration":1568,"uploading_duration":580,"executable":"ellipsoids-openmp","args":["0.dat","02.log","02.xoutput"],"id":8,"resource":"3008","request_start":1576546471978,"request_end":1576546475759,"request_duration":3781,"type":"3008"}
{"start":1576546472708,"end":1576546475799,"duration":3091,"downloading_duration":1009,"execution_duration":1533,"uploading_duration":549,"executable":"ellipsoids-openmp","args":["2.dat","22.log","22.xoutput"],"id":48,"resource":"3008","request_start":1576546472034,"request_end":1576546475819,"request_duration":3785,"type":"3008"}
{"start":1576546472771,"end":1576546475818,"duration":3047,"downloading_duration":1002,"execution_duration":1475,"uploading_duration":570,"executable":"ellipsoids-openmp","args":["3.dat","319.log","319.xoutput"],"id":85,"resource":"3008","request_start":1576546472021,"request_end":1576546475838,"request_duration":3817,"type":"3008"}
{"start":1576546472477,"end":1576546475846,"duration":3369,"downloading_duration":1067,"execution_duration":1518,"uploading_duration":784,"executable":"ellipsoids-openmp","args":["3.dat","314.log","314.xoutput"],"id":80,"resource":"3008","request_start":1576546472016,"request_end":1576546475866,"request_duration":3850,"type":"3008"}
{"start":1576546472802,"end":1576546475877,"duration":3075,"downloading_duration":988,"execution_duration":1414,"uploading_duration":673,"executable":"ellipsoids-openmp","args":["3.dat","315.log","315.xoutput"],"id":81,"resource":"3008","request_start":1576546472018,"request_end":1576546475896,"request_duration":3878,"type":"3008"}
{"start":1576546472918,"end":1576546475970,"duration":3052,"downloading_duration":985,"execution_duration":1483,"uploading_duration":584,"executable":"ellipsoids-openmp","args":["2.dat","25.log","25.xoutput"],"id":51,"resource":"3008","request_start":1576546472037,"request_end":1576546476027,"request_duration":3990,"type":"3008"}
{"start":1576546472886,"end":1576546475972,"duration":3086,"downloading_duration":982,"execution_duration":1492,"uploading_duration":612,"executable":"ellipsoids-openmp","args":["3.dat","33.log","33.xoutput"],"id":69,"resource":"3008","request_start":1576546472005,"request_end":1576546476029,"request_duration":4024,"type":"3008"}
{"start":1576546472720,"end":1576546475979,"duration":3259,"downloading_duration":1028,"execution_duration":1580,"uploading_duration":651,"executable":"ellipsoids-openmp","args":["2.dat","27.log","27.xoutput"],"id":53,"resource":"3008","request_start":1576546472038,"request_end":1576546476031,"request_duration":3993,"type":"3008"}
{"start":1576546472863,"end":1576546476063,"duration":3200,"downloading_duration":1036,"execution_duration":1481,"uploading_duration":683,"executable":"ellipsoids-openmp","args":["3.dat","32.log","32.xoutput"],"id":68,"resource":"3008","request_start":1576546472005,"request_end":1576546476174,"request_duration":4169,"type":"3008"}
{"start":1576546472886,"end":1576546476115,"duration":3229,"downloading_duration":1114,"execution_duration":1480,"uploading_duration":635,"executable":"ellipsoids-openmp","args":["3.dat","34.log","34.xoutput"],"id":70,"resource":"3008","request_start":1576546472006,"request_end":1576546476181,"request_duration":4175,"type":"3008"}
{"start":1576546472956,"end":1576546476291,"duration":3335,"downloading_duration":1183,"execution_duration":1571,"uploading_duration":581,"executable":"ellipsoids-openmp","args":["2.dat","24.log","24.xoutput"],"id":50,"resource":"3008","request_start":1576546472036,"request_end":1576546476309,"request_duration":4273,"type":"3008"}
{"start":1576546472475,"end":1576546476773,"duration":4298,"downloading_duration":2457,"execution_duration":1233,"uploading_duration":608,"executable":"ellipsoids-openmp","args":["3.dat","312.log","312.xoutput"],"id":78,"resource":"3008","request_start":1576546472014,"request_end":1576546476791,"request_duration":4777,"type":"3008"}
{"start":1576546476224,"end":1576546477627,"duration":1403,"downloading_duration":1020,"execution_duration":3,"uploading_duration":380,"executable":"mean-pack-ell","args":["00.xoutput","01.xoutput","02.xoutput","03.xoutput","04.xoutput","05.xoutput","06.xoutput","07.xoutput","08.xoutput","09.xoutput","010.xoutput","011.xoutput","012.xoutput","013.xoutput","014.xoutput","015.xoutput","016.xoutput","017.xoutput","018.xoutput","019.xoutput","average_0.txt"],"id":86,"resource":"3008","request_start":1576546475767,"request_end":1576546477647,"request_duration":1880,"type":"3008"}
{"start":1576546476949,"end":1576546478359,"duration":1410,"downloading_duration":1031,"execution_duration":2,"uploading_duration":377,"executable":"mean-pack-ell","args":["30.xoutput","31.xoutput","32.xoutput","33.xoutput","34.xoutput","35.xoutput","36.xoutput","37.xoutput","38.xoutput","39.xoutput","310.xoutput","311.xoutput","312.xoutput","313.xoutput","314.xoutput","315.xoutput","316.xoutput","317.xoutput","318.xoutput","319.xoutput","average_3.txt"],"id":89,"resource":"3008","request_start":1576546476800,"request_end":1576546478380,"request_duration":1580,"type":"3008"}
{"start":1576546475324,"end":1576546478480,"duration":3156,"downloading_duration":1029,"execution_duration":1534,"uploading_duration":593,"executable":"ellipsoids-openmp","args":["2.dat","210.log","210.xoutput"],"id":56,"resource":"3008","request_start":1576546472041,"request_end":1576546478498,"request_duration":6457,"type":"3008"}
{"start":1576546475417,"end":1576546478544,"duration":3127,"downloading_duration":994,"execution_duration":1576,"uploading_duration":557,"executable":"ellipsoids-openmp","args":["2.dat","212.log","212.xoutput"],"id":58,"resource":"3008","request_start":1576546472042,"request_end":1576546478562,"request_duration":6520,"type":"3008"}
{"start":1576546475373,"end":1576546478564,"duration":3191,"downloading_duration":1032,"execution_duration":1554,"uploading_duration":605,"executable":"ellipsoids-openmp","args":["2.dat","211.log","211.xoutput"],"id":57,"resource":"3008","request_start":1576546472041,"request_end":1576546478587,"request_duration":6546,"type":"3008"}
{"start":1576546475593,"end":1576546478596,"duration":3003,"downloading_duration":1001,"execution_duration":1431,"uploading_duration":571,"executable":"ellipsoids-openmp","args":["1.dat","10.log","10.xoutput"],"id":26,"resource":"3008","request_start":1576546472087,"request_end":1576546478616,"request_duration":6529,"type":"3008"}
{"start":1576546475582,"end":1576546478611,"duration":3029,"downloading_duration":1013,"execution_duration":1443,"uploading_duration":573,"executable":"ellipsoids-openmp","args":["2.dat","217.log","217.xoutput"],"id":63,"resource":"3008","request_start":1576546472044,"request_end":1576546478631,"request_duration":6587,"type":"3008"}
{"start":1576546475609,"end":1576546478613,"duration":3004,"downloading_duration":1002,"execution_duration":1416,"uploading_duration":586,"executable":"ellipsoids-openmp","args":["1.dat","13.log","13.xoutput"],"id":29,"resource":"3008","request_start":1576546472089,"request_end":1576546478633,"request_duration":6544,"type":"3008"}
{"start":1576546475424,"end":1576546478628,"duration":3204,"downloading_duration":1093,"execution_duration":1511,"uploading_duration":600,"executable":"ellipsoids-openmp","args":["2.dat","213.log","213.xoutput"],"id":59,"resource":"3008","request_start":1576546472042,"request_end":1576546478647,"request_duration":6605,"type":"3008"}
{"start":1576546475689,"end":1576546478637,"duration":2948,"downloading_duration":985,"execution_duration":1391,"uploading_duration":572,"executable":"ellipsoids-openmp","args":["1.dat","118.log","118.xoutput"],"id":44,"resource":"3008","request_start":1576546472098,"request_end":1576546478658,"request_duration":6560,"type":"3008"}
{"start":1576546475453,"end":1576546478648,"duration":3195,"downloading_duration":990,"execution_duration":1546,"uploading_duration":659,"executable":"ellipsoids-openmp","args":["2.dat","214.log","214.xoutput"],"id":60,"resource":"3008","request_start":1576546472043,"request_end":1576546478676,"request_duration":6633,"type":"3008"}
{"start":1576546475624,"end":1576546478651,"duration":3027,"downloading_duration":1009,"execution_duration":1424,"uploading_duration":594,"executable":"ellipsoids-openmp","args":["1.dat","16.log","16.xoutput"],"id":32,"resource":"3008","request_start":1576546472091,"request_end":1576546478679,"request_duration":6588,"type":"3008"}
{"start":1576546475605,"end":1576546478656,"duration":3051,"downloading_duration":999,"execution_duration":1449,"uploading_duration":603,"executable":"ellipsoids-openmp","args":["1.dat","14.log","14.xoutput"],"id":30,"resource":"3008","request_start":1576546472089,"request_end":1576546478680,"request_duration":6591,"type":"3008"}
{"start":1576546475608,"end":1576546478659,"duration":3051,"downloading_duration":1029,"execution_duration":1452,"uploading_duration":570,"executable":"ellipsoids-openmp","args":["1.dat","12.log","12.xoutput"],"id":28,"resource":"3008","request_start":1576546472088,"request_end":1576546478689,"request_duration":6601,"type":"3008"}
{"start":1576546475590,"end":1576546478666,"duration":3076,"downloading_duration":1013,"execution_duration":1495,"uploading_duration":568,"executable":"ellipsoids-openmp","args":["2.dat","215.log","215.xoutput"],"id":61,"resource":"3008","request_start":1576546472043,"request_end":1576546478691,"request_duration":6648,"type":"3008"}
{"start":1576546475662,"end":1576546478683,"duration":3021,"downloading_duration":1000,"execution_duration":1425,"uploading_duration":596,"executable":"ellipsoids-openmp","args":["1.dat","112.log","112.xoutput"],"id":38,"resource":"3008","request_start":1576546472095,"request_end":1576546478702,"request_duration":6607,"type":"3008"}
{"start":1576546475640,"end":1576546478696,"duration":3056,"downloading_duration":1027,"execution_duration":1441,"uploading_duration":588,"executable":"ellipsoids-openmp","args":["1.dat","18.log","18.xoutput"],"id":34,"resource":"3008","request_start":1576546472092,"request_end":1576546478716,"request_duration":6624,"type":"3008"}
{"start":1576546475682,"end":1576546478702,"duration":3020,"downloading_duration":997,"execution_duration":1400,"uploading_duration":623,"executable":"ellipsoids-openmp","args":["1.dat","117.log","117.xoutput"],"id":43,"resource":"3008","request_start":1576546472097,"request_end":1576546478729,"request_duration":6632,"type":"3008"}
{"start":1576546475636,"end":1576546478713,"duration":3077,"downloading_duration":1075,"execution_duration":1387,"uploading_duration":615,"executable":"ellipsoids-openmp","args":["1.dat","17.log","17.xoutput"],"id":33,"resource":"3008","request_start":1576546472091,"request_end":1576546478739,"request_duration":6648,"type":"3008"}
{"start":1576546475599,"end":1576546478722,"duration":3123,"downloading_duration":1085,"execution_duration":1396,"uploading_duration":642,"executable":"ellipsoids-openmp","args":["1.dat","11.log","11.xoutput"],"id":27,"resource":"3008","request_start":1576546472087,"request_end":1576546478747,"request_duration":6660,"type":"3008"}
{"start":1576546475658,"end":1576546478758,"duration":3100,"downloading_duration":1077,"execution_duration":1445,"uploading_duration":578,"executable":"ellipsoids-openmp","args":["1.dat","111.log","111.xoutput"],"id":37,"resource":"3008","request_start":1576546472094,"request_end":1576546478778,"request_duration":6684,"type":"3008"}
{"start":1576546475662,"end":1576546478759,"duration":3097,"downloading_duration":1079,"execution_duration":1402,"uploading_duration":616,"executable":"ellipsoids-openmp","args":["1.dat","113.log","113.xoutput"],"id":39,"resource":"3008","request_start":1576546472095,"request_end":1576546478781,"request_duration":6686,"type":"3008"}
{"start":1576546475647,"end":1576546478760,"duration":3113,"downloading_duration":1036,"execution_duration":1428,"uploading_duration":649,"executable":"ellipsoids-openmp","args":["1.dat","110.log","110.xoutput"],"id":36,"resource":"3008","request_start":1576546472093,"request_end":1576546478784,"request_duration":6691,"type":"3008"}
{"start":1576546475587,"end":1576546478762,"duration":3175,"downloading_duration":1049,"execution_duration":1553,"uploading_duration":573,"executable":"ellipsoids-openmp","args":["2.dat","218.log","218.xoutput"],"id":64,"resource":"3008","request_start":1576546472045,"request_end":1576546478788,"request_duration":6743,"type":"3008"}
{"start":1576546475690,"end":1576546478775,"duration":3085,"downloading_duration":1085,"execution_duration":1409,"uploading_duration":591,"executable":"ellipsoids-openmp","args":["1.dat","119.log","119.xoutput"],"id":45,"resource":"3008","request_start":1576546472099,"request_end":1576546478798,"request_duration":6699,"type":"3008"}
{"start":1576546475642,"end":1576546478798,"duration":3156,"downloading_duration":1006,"execution_duration":1492,"uploading_duration":658,"executable":"ellipsoids-openmp","args":["1.dat","19.log","19.xoutput"],"id":35,"resource":"3008","request_start":1576546472093,"request_end":1576546478816,"request_duration":6723,"type":"3008"}
{"start":1576546475576,"end":1576546478820,"duration":3244,"downloading_duration":1104,"execution_duration":1484,"uploading_duration":656,"executable":"ellipsoids-openmp","args":["2.dat","216.log","216.xoutput"],"id":62,"resource":"3008","request_start":1576546472044,"request_end":1576546478840,"request_duration":6796,"type":"3008"}
{"start":1576546475585,"end":1576546478820,"duration":3235,"downloading_duration":1085,"execution_duration":1542,"uploading_duration":608,"executable":"ellipsoids-openmp","args":["2.dat","219.log","219.xoutput"],"id":65,"resource":"3008","request_start":1576546472046,"request_end":1576546478842,"request_duration":6796,"type":"3008"}
{"start":1576546475668,"end":1576546478827,"duration":3159,"downloading_duration":1038,"execution_duration":1449,"uploading_duration":672,"executable":"ellipsoids-openmp","args":["1.dat","116.log","116.xoutput"],"id":42,"resource":"3008","request_start":1576546472097,"request_end":1576546478850,"request_duration":6753,"type":"3008"}
{"start":1576546475618,"end":1576546478864,"duration":3246,"downloading_duration":1151,"execution_duration":1413,"uploading_duration":682,"executable":"ellipsoids-openmp","args":["1.dat","15.log","15.xoutput"],"id":31,"resource":"3008","request_start":1576546472090,"request_end":1576546478886,"request_duration":6796,"type":"3008"}
{"start":1576546475663,"end":1576546478875,"duration":3212,"downloading_duration":1036,"execution_duration":1489,"uploading_duration":687,"executable":"ellipsoids-openmp","args":["1.dat","114.log","114.xoutput"],"id":40,"resource":"3008","request_start":1576546472096,"request_end":1576546478895,"request_duration":6799,"type":"3008"}
{"start":1576546475663,"end":1576546479356,"duration":3693,"downloading_duration":1529,"execution_duration":1464,"uploading_duration":700,"executable":"ellipsoids-openmp","args":["1.dat","115.log","115.xoutput"],"id":41,"resource":"3008","request_start":1576546472096,"request_end":1576546479376,"request_duration":7280,"type":"3008"}
{"start":1576546478968,"end":1576546480325,"duration":1357,"downloading_duration":940,"execution_duration":2,"uploading_duration":415,"executable":"mean-pack-ell","args":["20.xoutput","21.xoutput","22.xoutput","23.xoutput","24.xoutput","25.xoutput","26.xoutput","27.xoutput","28.xoutput","29.xoutput","210.xoutput","211.xoutput","212.xoutput","213.xoutput","214.xoutput","215.xoutput","216.xoutput","217.xoutput","218.xoutput","219.xoutput","average_2.txt"],"id":88,"resource":"3008","request_start":1576546478856,"request_end":1576546480346,"request_duration":1490,"type":"3008"}
{"start":1576546479492,"end":1576546480980,"duration":1488,"downloading_duration":1051,"execution_duration":3,"uploading_duration":434,"executable":"mean-pack-ell","args":["10.xoutput","11.xoutput","12.xoutput","13.xoutput","14.xoutput","15.xoutput","16.xoutput","17.xoutput","18.xoutput","19.xoutput","110.xoutput","111.xoutput","112.xoutput","113.xoutput","114.xoutput","115.xoutput","116.xoutput","117.xoutput","118.xoutput","119.xoutput","average_1.txt"],"id":87,"resource":"3008","request_start":1576546479382,"request_end":1576546481000,"request_duration":1618,"type":"3008"}
{"start":1576546481116,"end":1576546481966,"duration":850,"downloading_duration":401,"execution_duration":62,"uploading_duration":387,"executable":"summary.js","args":[],"id":90,"resource":"3008","request_start":1576546481007,"request_end":1576546481985,"request_duration":978,"type":"3008"}
