{"start":1576546258837,"end":1576546259685,"duration":848,"downloading_duration":381,"execution_duration":74,"uploading_duration":393,"executable":"generateData.js","args":[],"id":1,"resource":"1536","request_start":1576546258675,"request_end":1576546259707,"request_duration":1032,"type":"1536"}
{"start":1576546259831,"end":1576546260662,"duration":831,"downloading_duration":378,"execution_duration":71,"uploading_duration":382,"executable":"createDat.js","args":["2.dat"],"id":4,"resource":"1536","request_start":1576546259713,"request_end":1576546260679,"request_duration":966,"type":"1536"}
{"start":1576546259826,"end":1576546260663,"duration":837,"downloading_duration":370,"execution_duration":65,"uploading_duration":402,"executable":"createDat.js","args":["0.dat"],"id":2,"resource":"1536","request_start":1576546259710,"request_end":1576546260682,"request_duration":972,"type":"1536"}
{"start":1576546259831,"end":1576546260703,"duration":872,"downloading_duration":387,"execution_duration":71,"uploading_duration":414,"executable":"createDat.js","args":["1.dat"],"id":3,"resource":"1536","request_start":1576546259711,"request_end":1576546260787,"request_duration":1076,"type":"1536"}
{"start":1576546259831,"end":1576546261216,"duration":1385,"downloading_duration":447,"execution_duration":67,"uploading_duration":871,"executable":"createDat.js","args":["3.dat"],"id":5,"resource":"1536","request_start":1576546259714,"request_end":1576546261236,"request_duration":1522,"type":"1536"}
{"start":1576546261012,"end":1576546265441,"duration":4429,"downloading_duration":999,"execution_duration":2849,"uploading_duration":581,"executable":"ellipsoids-openmp","args":["2.dat","27.log","27.xoutput"],"id":53,"resource":"1536","request_start":1576546260699,"request_end":1576546265496,"request_duration":4797,"type":"1536"}
{"start":1576546261187,"end":1576546265502,"duration":4315,"downloading_duration":985,"execution_duration":2762,"uploading_duration":568,"executable":"ellipsoids-openmp","args":["1.dat","17.log","17.xoutput"],"id":33,"resource":"1536","request_start":1576546260818,"request_end":1576546265523,"request_duration":4705,"type":"1536"}
{"start":1576546261009,"end":1576546265506,"duration":4497,"downloading_duration":1079,"execution_duration":2850,"uploading_duration":568,"executable":"ellipsoids-openmp","args":["2.dat","23.log","23.xoutput"],"id":49,"resource":"1536","request_start":1576546260695,"request_end":1576546265525,"request_duration":4830,"type":"1536"}
{"start":1576546261052,"end":1576546265566,"duration":4514,"downloading_duration":981,"execution_duration":2953,"uploading_duration":580,"executable":"ellipsoids-openmp","args":["2.dat","212.log","212.xoutput"],"id":58,"resource":"1536","request_start":1576546260704,"request_end":1576546265598,"request_duration":4894,"type":"1536"}
{"start":1576546261003,"end":1576546265587,"duration":4584,"downloading_duration":1079,"execution_duration":2889,"uploading_duration":616,"executable":"ellipsoids-openmp","args":["2.dat","26.log","26.xoutput"],"id":52,"resource":"1536","request_start":1576546260698,"request_end":1576546265607,"request_duration":4909,"type":"1536"}
{"start":1576546261003,"end":1576546265588,"duration":4585,"downloading_duration":999,"execution_duration":2993,"uploading_duration":593,"executable":"ellipsoids-openmp","args":["2.dat","22.log","22.xoutput"],"id":48,"resource":"1536","request_start":1576546260694,"request_end":1576546265609,"request_duration":4915,"type":"1536"}
{"start":1576546261151,"end":1576546265595,"duration":4444,"downloading_duration":993,"execution_duration":2888,"uploading_duration":563,"executable":"ellipsoids-openmp","args":["1.dat","10.log","10.xoutput"],"id":26,"resource":"1536","request_start":1576546260809,"request_end":1576546265616,"request_duration":4807,"type":"1536"}
{"start":1576546261186,"end":1576546265601,"duration":4415,"downloading_duration":985,"execution_duration":2793,"uploading_duration":637,"executable":"ellipsoids-openmp","args":["1.dat","11.log","11.xoutput"],"id":27,"resource":"1536","request_start":1576546260811,"request_end":1576546265620,"request_duration":4809,"type":"1536"}
{"start":1576546261172,"end":1576546265626,"duration":4454,"downloading_duration":1085,"execution_duration":2792,"uploading_duration":577,"executable":"ellipsoids-openmp","args":["1.dat","14.log","14.xoutput"],"id":30,"resource":"1536","request_start":1576546260815,"request_end":1576546265646,"request_duration":4831,"type":"1536"}
{"start":1576546261123,"end":1576546265635,"duration":4512,"downloading_duration":1066,"execution_duration":2869,"uploading_duration":577,"executable":"ellipsoids-openmp","args":["0.dat","011.log","011.xoutput"],"id":17,"resource":"1536","request_start":1576546260720,"request_end":1576546265655,"request_duration":4935,"type":"1536"}
{"start":1576546261061,"end":1576546265645,"duration":4584,"downloading_duration":987,"execution_duration":2969,"uploading_duration":628,"executable":"ellipsoids-openmp","args":["2.dat","29.log","29.xoutput"],"id":55,"resource":"1536","request_start":1576546260701,"request_end":1576546265665,"request_duration":4964,"type":"1536"}
{"start":1576546261126,"end":1576546265668,"duration":4542,"downloading_duration":989,"execution_duration":2939,"uploading_duration":614,"executable":"ellipsoids-openmp","args":["0.dat","010.log","010.xoutput"],"id":16,"resource":"1536","request_start":1576546260719,"request_end":1576546265687,"request_duration":4968,"type":"1536"}
{"start":1576546261156,"end":1576546265668,"duration":4512,"downloading_duration":1083,"execution_duration":2803,"uploading_duration":626,"executable":"ellipsoids-openmp","args":["1.dat","12.log","12.xoutput"],"id":28,"resource":"1536","request_start":1576546260812,"request_end":1576546265689,"request_duration":4877,"type":"1536"}
{"start":1576546261062,"end":1576546265671,"duration":4609,"downloading_duration":1018,"execution_duration":2989,"uploading_duration":602,"executable":"ellipsoids-openmp","args":["2.dat","216.log","216.xoutput"],"id":62,"resource":"1536","request_start":1576546260707,"request_end":1576546265692,"request_duration":4985,"type":"1536"}
{"start":1576546261003,"end":1576546265671,"duration":4668,"downloading_duration":990,"execution_duration":3020,"uploading_duration":658,"executable":"ellipsoids-openmp","args":["2.dat","21.log","21.xoutput"],"id":47,"resource":"1536","request_start":1576546260693,"request_end":1576546265697,"request_duration":5004,"type":"1536"}
{"start":1576546260999,"end":1576546265672,"duration":4673,"downloading_duration":1036,"execution_duration":3062,"uploading_duration":575,"executable":"ellipsoids-openmp","args":["2.dat","20.log","20.xoutput"],"id":46,"resource":"1536","request_start":1576546260692,"request_end":1576546265704,"request_duration":5012,"type":"1536"}
{"start":1576546261151,"end":1576546265673,"duration":4522,"downloading_duration":1079,"execution_duration":2839,"uploading_duration":604,"executable":"ellipsoids-openmp","args":["1.dat","13.log","13.xoutput"],"id":29,"resource":"1536","request_start":1576546260814,"request_end":1576546265706,"request_duration":4892,"type":"1536"}
{"start":1576546261062,"end":1576546265672,"duration":4610,"downloading_duration":1073,"execution_duration":2929,"uploading_duration":608,"executable":"ellipsoids-openmp","args":["2.dat","214.log","214.xoutput"],"id":60,"resource":"1536","request_start":1576546260705,"request_end":1576546265708,"request_duration":5003,"type":"1536"}
{"start":1576546261008,"end":1576546265674,"duration":4666,"downloading_duration":1085,"execution_duration":2982,"uploading_duration":599,"executable":"ellipsoids-openmp","args":["2.dat","24.log","24.xoutput"],"id":50,"resource":"1536","request_start":1576546260696,"request_end":1576546265708,"request_duration":5012,"type":"1536"}
{"start":1576546261109,"end":1576546265679,"duration":4570,"downloading_duration":1075,"execution_duration":2928,"uploading_duration":567,"executable":"ellipsoids-openmp","args":["2.dat","219.log","219.xoutput"],"id":65,"resource":"1536","request_start":1576546260710,"request_end":1576546265709,"request_duration":4999,"type":"1536"}
{"start":1576546260999,"end":1576546265678,"duration":4679,"downloading_duration":1070,"execution_duration":3027,"uploading_duration":582,"executable":"ellipsoids-openmp","args":["2.dat","25.log","25.xoutput"],"id":51,"resource":"1536","request_start":1576546260697,"request_end":1576546265710,"request_duration":5013,"type":"1536"}
{"start":1576546261067,"end":1576546265684,"duration":4617,"downloading_duration":990,"execution_duration":3023,"uploading_duration":604,"executable":"ellipsoids-openmp","args":["2.dat","215.log","215.xoutput"],"id":61,"resource":"1536","request_start":1576546260706,"request_end":1576546265710,"request_duration":5004,"type":"1536"}
{"start":1576546261013,"end":1576546265687,"duration":4674,"downloading_duration":1078,"execution_duration":3031,"uploading_duration":565,"executable":"ellipsoids-openmp","args":["2.dat","210.log","210.xoutput"],"id":56,"resource":"1536","request_start":1576546260702,"request_end":1576546265720,"request_duration":5018,"type":"1536"}
{"start":1576546261136,"end":1576546265687,"duration":4551,"downloading_duration":995,"execution_duration":2943,"uploading_duration":613,"executable":"ellipsoids-openmp","args":["0.dat","017.log","017.xoutput"],"id":23,"resource":"1536","request_start":1576546260726,"request_end":1576546265723,"request_duration":4997,"type":"1536"}
{"start":1576546261188,"end":1576546265688,"duration":4500,"downloading_duration":1077,"execution_duration":2852,"uploading_duration":571,"executable":"ellipsoids-openmp","args":["1.dat","18.log","18.xoutput"],"id":34,"resource":"1536","request_start":1576546260819,"request_end":1576546265724,"request_duration":4905,"type":"1536"}
{"start":1576546261114,"end":1576546265689,"duration":4575,"downloading_duration":1042,"execution_duration":2910,"uploading_duration":623,"executable":"ellipsoids-openmp","args":["0.dat","04.log","04.xoutput"],"id":10,"resource":"1536","request_start":1576546260713,"request_end":1576546265733,"request_duration":5020,"type":"1536"}
{"start":1576546261130,"end":1576546265709,"duration":4579,"downloading_duration":997,"execution_duration":2962,"uploading_duration":620,"executable":"ellipsoids-openmp","args":["0.dat","07.log","07.xoutput"],"id":13,"resource":"1536","request_start":1576546260716,"request_end":1576546265741,"request_duration":5025,"type":"1536"}
{"start":1576546261067,"end":1576546265712,"duration":4645,"downloading_duration":986,"execution_duration":3031,"uploading_duration":628,"executable":"ellipsoids-openmp","args":["2.dat","213.log","213.xoutput"],"id":59,"resource":"1536","request_start":1576546260705,"request_end":1576546265743,"request_duration":5038,"type":"1536"}
{"start":1576546261274,"end":1576546265716,"duration":4442,"downloading_duration":991,"execution_duration":2886,"uploading_duration":565,"executable":"ellipsoids-openmp","args":["1.dat","19.log","19.xoutput"],"id":35,"resource":"1536","request_start":1576546260821,"request_end":1576546265745,"request_duration":4924,"type":"1536"}
{"start":1576546261181,"end":1576546265721,"duration":4540,"downloading_duration":1092,"execution_duration":2862,"uploading_duration":586,"executable":"ellipsoids-openmp","args":["1.dat","16.log","16.xoutput"],"id":32,"resource":"1536","request_start":1576546260817,"request_end":1576546265747,"request_duration":4930,"type":"1536"}
{"start":1576546261123,"end":1576546265722,"duration":4599,"downloading_duration":1000,"execution_duration":3004,"uploading_duration":595,"executable":"ellipsoids-openmp","args":["0.dat","05.log","05.xoutput"],"id":11,"resource":"1536","request_start":1576546260714,"request_end":1576546265754,"request_duration":5040,"type":"1536"}
{"start":1576546261136,"end":1576546265730,"duration":4594,"downloading_duration":1064,"execution_duration":2960,"uploading_duration":570,"executable":"ellipsoids-openmp","args":["0.dat","013.log","013.xoutput"],"id":19,"resource":"1536","request_start":1576546260721,"request_end":1576546265759,"request_duration":5038,"type":"1536"}
{"start":1576546261135,"end":1576546265732,"duration":4597,"downloading_duration":999,"execution_duration":3043,"uploading_duration":555,"executable":"ellipsoids-openmp","args":["0.dat","015.log","015.xoutput"],"id":21,"resource":"1536","request_start":1576546260724,"request_end":1576546265761,"request_duration":5037,"type":"1536"}
{"start":1576546261130,"end":1576546265771,"duration":4641,"downloading_duration":1079,"execution_duration":2979,"uploading_duration":583,"executable":"ellipsoids-openmp","args":["0.dat","012.log","012.xoutput"],"id":18,"resource":"1536","request_start":1576546260721,"request_end":1576546265789,"request_duration":5068,"type":"1536"}
{"start":1576546261151,"end":1576546265771,"duration":4620,"downloading_duration":1072,"execution_duration":2944,"uploading_duration":604,"executable":"ellipsoids-openmp","args":["0.dat","01.log","01.xoutput"],"id":7,"resource":"1536","request_start":1576546260731,"request_end":1576546265793,"request_duration":5062,"type":"1536"}
{"start":1576546261114,"end":1576546265774,"duration":4660,"downloading_duration":1085,"execution_duration":2956,"uploading_duration":619,"executable":"ellipsoids-openmp","args":["2.dat","211.log","211.xoutput"],"id":57,"resource":"1536","request_start":1576546260703,"request_end":1576546265800,"request_duration":5097,"type":"1536"}
{"start":1576546261184,"end":1576546265777,"duration":4593,"downloading_duration":1224,"execution_duration":2767,"uploading_duration":602,"executable":"ellipsoids-openmp","args":["1.dat","15.log","15.xoutput"],"id":31,"resource":"1536","request_start":1576546260816,"request_end":1576546265804,"request_duration":4988,"type":"1536"}
{"start":1576546261123,"end":1576546265778,"duration":4655,"downloading_duration":986,"execution_duration":3048,"uploading_duration":621,"executable":"ellipsoids-openmp","args":["0.dat","09.log","09.xoutput"],"id":15,"resource":"1536","request_start":1576546260718,"request_end":1576546265806,"request_duration":5088,"type":"1536"}
{"start":1576546261147,"end":1576546265779,"duration":4632,"downloading_duration":990,"execution_duration":3079,"uploading_duration":563,"executable":"ellipsoids-openmp","args":["0.dat","018.log","018.xoutput"],"id":24,"resource":"1536","request_start":1576546260727,"request_end":1576546265808,"request_duration":5081,"type":"1536"}
{"start":1576546261123,"end":1576546265782,"duration":4659,"downloading_duration":1067,"execution_duration":3006,"uploading_duration":586,"executable":"ellipsoids-openmp","args":["2.dat","218.log","218.xoutput"],"id":64,"resource":"1536","request_start":1576546260709,"request_end":1576546265815,"request_duration":5106,"type":"1536"}
{"start":1576546261141,"end":1576546265787,"duration":4646,"downloading_duration":993,"execution_duration":3033,"uploading_duration":620,"executable":"ellipsoids-openmp","args":["0.dat","00.log","00.xoutput"],"id":6,"resource":"1536","request_start":1576546260730,"request_end":1576546265820,"request_duration":5090,"type":"1536"}
{"start":1576546261012,"end":1576546265793,"duration":4781,"downloading_duration":1077,"execution_duration":3082,"uploading_duration":622,"executable":"ellipsoids-openmp","args":["2.dat","28.log","28.xoutput"],"id":54,"resource":"1536","request_start":1576546260700,"request_end":1576546265823,"request_duration":5123,"type":"1536"}
{"start":1576546261145,"end":1576546265804,"duration":4659,"downloading_duration":1022,"execution_duration":3043,"uploading_duration":594,"executable":"ellipsoids-openmp","args":["0.dat","016.log","016.xoutput"],"id":22,"resource":"1536","request_start":1576546260725,"request_end":1576546265829,"request_duration":5104,"type":"1536"}
{"start":1576546261129,"end":1576546265824,"duration":4695,"downloading_duration":1077,"execution_duration":3053,"uploading_duration":565,"executable":"ellipsoids-openmp","args":["0.dat","06.log","06.xoutput"],"id":12,"resource":"1536","request_start":1576546260715,"request_end":1576546265851,"request_duration":5136,"type":"1536"}
{"start":1576546261149,"end":1576546265827,"duration":4678,"downloading_duration":1037,"execution_duration":3058,"uploading_duration":583,"executable":"ellipsoids-openmp","args":["0.dat","02.log","02.xoutput"],"id":8,"resource":"1536","request_start":1576546260732,"request_end":1576546265855,"request_duration":5123,"type":"1536"}
{"start":1576546261148,"end":1576546265851,"duration":4703,"downloading_duration":1024,"execution_duration":3089,"uploading_duration":590,"executable":"ellipsoids-openmp","args":["0.dat","03.log","03.xoutput"],"id":9,"resource":"1536","request_start":1576546260733,"request_end":1576546265871,"request_duration":5138,"type":"1536"}
{"start":1576546261147,"end":1576546265852,"duration":4705,"downloading_duration":1078,"execution_duration":3013,"uploading_duration":614,"executable":"ellipsoids-openmp","args":["0.dat","019.log","019.xoutput"],"id":25,"resource":"1536","request_start":1576546260729,"request_end":1576546265873,"request_duration":5144,"type":"1536"}
{"start":1576546261127,"end":1576546265879,"duration":4752,"downloading_duration":1081,"execution_duration":3074,"uploading_duration":597,"executable":"ellipsoids-openmp","args":["0.dat","08.log","08.xoutput"],"id":14,"resource":"1536","request_start":1576546260717,"request_end":1576546265901,"request_duration":5184,"type":"1536"}
{"start":1576546261111,"end":1576546265932,"duration":4821,"downloading_duration":1021,"execution_duration":3066,"uploading_duration":734,"executable":"ellipsoids-openmp","args":["2.dat","217.log","217.xoutput"],"id":63,"resource":"1536","request_start":1576546260708,"request_end":1576546265952,"request_duration":5244,"type":"1536"}
{"start":1576546261142,"end":1576546266053,"duration":4911,"downloading_duration":1077,"execution_duration":3169,"uploading_duration":665,"executable":"ellipsoids-openmp","args":["0.dat","014.log","014.xoutput"],"id":20,"resource":"1536","request_start":1576546260723,"request_end":1576546266072,"request_duration":5349,"type":"1536"}
{"start":1576546266069,"end":1576546267553,"duration":1484,"downloading_duration":1058,"execution_duration":3,"uploading_duration":423,"executable":"mean-pack-ell","args":["20.xoutput","21.xoutput","22.xoutput","23.xoutput","24.xoutput","25.xoutput","26.xoutput","27.xoutput","28.xoutput","29.xoutput","210.xoutput","211.xoutput","212.xoutput","213.xoutput","214.xoutput","215.xoutput","216.xoutput","217.xoutput","218.xoutput","219.xoutput","average_2.txt"],"id":88,"resource":"1536","request_start":1576546265960,"request_end":1576546267574,"request_duration":1614,"type":"1536"}
{"start":1576546266192,"end":1576546267617,"duration":1425,"downloading_duration":1032,"execution_duration":3,"uploading_duration":390,"executable":"mean-pack-ell","args":["00.xoutput","01.xoutput","02.xoutput","03.xoutput","04.xoutput","05.xoutput","06.xoutput","07.xoutput","08.xoutput","09.xoutput","010.xoutput","011.xoutput","012.xoutput","013.xoutput","014.xoutput","015.xoutput","016.xoutput","017.xoutput","018.xoutput","019.xoutput","average_0.txt"],"id":86,"resource":"1536","request_start":1576546266080,"request_end":1576546267637,"request_duration":1557,"type":"1536"}
{"start":1576546265631,"end":1576546270004,"duration":4373,"downloading_duration":998,"execution_duration":2793,"uploading_duration":582,"executable":"ellipsoids-openmp","args":["1.dat","114.log","114.xoutput"],"id":40,"resource":"1536","request_start":1576546260824,"request_end":1576546270024,"request_duration":9200,"type":"1536"}
{"start":1576546265531,"end":1576546270006,"duration":4475,"downloading_duration":1025,"execution_duration":2849,"uploading_duration":601,"executable":"ellipsoids-openmp","args":["1.dat","110.log","110.xoutput"],"id":36,"resource":"1536","request_start":1576546260821,"request_end":1576546270028,"request_duration":9207,"type":"1536"}
{"start":1576546265681,"end":1576546270019,"duration":4338,"downloading_duration":990,"execution_duration":2786,"uploading_duration":562,"executable":"ellipsoids-openmp","args":["1.dat","119.log","119.xoutput"],"id":45,"resource":"1536","request_start":1576546260827,"request_end":1576546270039,"request_duration":9212,"type":"1536"}
{"start":1576546265558,"end":1576546270033,"duration":4475,"downloading_duration":993,"execution_duration":2908,"uploading_duration":574,"executable":"ellipsoids-openmp","args":["1.dat","112.log","112.xoutput"],"id":38,"resource":"1536","request_start":1576546260822,"request_end":1576546270051,"request_duration":9229,"type":"1536"}
{"start":1576546265642,"end":1576546270094,"duration":4452,"downloading_duration":1039,"execution_duration":2820,"uploading_duration":593,"executable":"ellipsoids-openmp","args":["1.dat","115.log","115.xoutput"],"id":41,"resource":"1536","request_start":1576546260824,"request_end":1576546270117,"request_duration":9293,"type":"1536"}
{"start":1576546265624,"end":1576546270103,"duration":4479,"downloading_duration":1024,"execution_duration":2883,"uploading_duration":572,"executable":"ellipsoids-openmp","args":["1.dat","113.log","113.xoutput"],"id":39,"resource":"1536","request_start":1576546260823,"request_end":1576546270127,"request_duration":9304,"type":"1536"}
{"start":1576546265649,"end":1576546270116,"duration":4467,"downloading_duration":1001,"execution_duration":2861,"uploading_duration":605,"executable":"ellipsoids-openmp","args":["1.dat","116.log","116.xoutput"],"id":42,"resource":"1536","request_start":1576546260825,"request_end":1576546270136,"request_duration":9311,"type":"1536"}
{"start":1576546265760,"end":1576546270154,"duration":4394,"downloading_duration":1031,"execution_duration":2779,"uploading_duration":584,"executable":"ellipsoids-openmp","args":["3.dat","315.log","315.xoutput"],"id":81,"resource":"1536","request_start":1576546261263,"request_end":1576546270175,"request_duration":8912,"type":"1536"}
{"start":1576546265648,"end":1576546270184,"duration":4536,"downloading_duration":1065,"execution_duration":2911,"uploading_duration":560,"executable":"ellipsoids-openmp","args":["1.dat","117.log","117.xoutput"],"id":43,"resource":"1536","request_start":1576546260826,"request_end":1576546270202,"request_duration":9376,"type":"1536"}
{"start":1576546265738,"end":1576546270202,"duration":4464,"downloading_duration":995,"execution_duration":2870,"uploading_duration":599,"executable":"ellipsoids-openmp","args":["3.dat","37.log","37.xoutput"],"id":73,"resource":"1536","request_start":1576546261258,"request_end":1576546270221,"request_duration":8963,"type":"1536"}
{"start":1576546265732,"end":1576546270202,"duration":4470,"downloading_duration":1005,"execution_duration":2895,"uploading_duration":570,"executable":"ellipsoids-openmp","args":["3.dat","35.log","35.xoutput"],"id":71,"resource":"1536","request_start":1576546261257,"request_end":1576546270224,"request_duration":8967,"type":"1536"}
{"start":1576546265751,"end":1576546270227,"duration":4476,"downloading_duration":1085,"execution_duration":2800,"uploading_duration":591,"executable":"ellipsoids-openmp","args":["3.dat","313.log","313.xoutput"],"id":79,"resource":"1536","request_start":1576546261262,"request_end":1576546270245,"request_duration":8983,"type":"1536"}
{"start":1576546265725,"end":1576546270228,"duration":4503,"downloading_duration":991,"execution_duration":2909,"uploading_duration":603,"executable":"ellipsoids-openmp","args":["3.dat","33.log","33.xoutput"],"id":69,"resource":"1536","request_start":1576546261256,"request_end":1576546270248,"request_duration":8992,"type":"1536"}
{"start":1576546265695,"end":1576546270250,"duration":4555,"downloading_duration":1043,"execution_duration":2921,"uploading_duration":591,"executable":"ellipsoids-openmp","args":["3.dat","30.log","30.xoutput"],"id":66,"resource":"1536","request_start":1576546261254,"request_end":1576546270269,"request_duration":9015,"type":"1536"}
{"start":1576546265774,"end":1576546270278,"duration":4504,"downloading_duration":1015,"execution_duration":2890,"uploading_duration":599,"executable":"ellipsoids-openmp","args":["3.dat","317.log","317.xoutput"],"id":83,"resource":"1536","request_start":1576546261264,"request_end":1576546270297,"request_duration":9033,"type":"1536"}
{"start":1576546265768,"end":1576546270281,"duration":4513,"downloading_duration":1068,"execution_duration":2834,"uploading_duration":611,"executable":"ellipsoids-openmp","args":["3.dat","316.log","316.xoutput"],"id":82,"resource":"1536","request_start":1576546261263,"request_end":1576546270300,"request_duration":9037,"type":"1536"}
{"start":1576546265726,"end":1576546270298,"duration":4572,"downloading_duration":1002,"execution_duration":2932,"uploading_duration":638,"executable":"ellipsoids-openmp","args":["3.dat","34.log","34.xoutput"],"id":70,"resource":"1536","request_start":1576546261257,"request_end":1576546270317,"request_duration":9060,"type":"1536"}
{"start":1576546265751,"end":1576546270302,"duration":4551,"downloading_duration":1077,"execution_duration":2867,"uploading_duration":607,"executable":"ellipsoids-openmp","args":["3.dat","312.log","312.xoutput"],"id":78,"resource":"1536","request_start":1576546261261,"request_end":1576546270320,"request_duration":9059,"type":"1536"}
{"start":1576546265739,"end":1576546270303,"duration":4564,"downloading_duration":997,"execution_duration":2901,"uploading_duration":666,"executable":"ellipsoids-openmp","args":["3.dat","39.log","39.xoutput"],"id":75,"resource":"1536","request_start":1576546261259,"request_end":1576546270325,"request_duration":9066,"type":"1536"}
{"start":1576546265752,"end":1576546270311,"duration":4559,"downloading_duration":1088,"execution_duration":2901,"uploading_duration":570,"executable":"ellipsoids-openmp","args":["3.dat","314.log","314.xoutput"],"id":80,"resource":"1536","request_start":1576546261262,"request_end":1576546270332,"request_duration":9070,"type":"1536"}
{"start":1576546265722,"end":1576546270320,"duration":4598,"downloading_duration":1069,"execution_duration":2951,"uploading_duration":578,"executable":"ellipsoids-openmp","args":["3.dat","32.log","32.xoutput"],"id":68,"resource":"1536","request_start":1576546261256,"request_end":1576546270343,"request_duration":9087,"type":"1536"}
{"start":1576546265741,"end":1576546270323,"duration":4582,"downloading_duration":1093,"execution_duration":2900,"uploading_duration":589,"executable":"ellipsoids-openmp","args":["3.dat","310.log","310.xoutput"],"id":76,"resource":"1536","request_start":1576546261260,"request_end":1576546270346,"request_duration":9086,"type":"1536"}
{"start":1576546265735,"end":1576546270330,"duration":4595,"downloading_duration":1003,"execution_duration":2843,"uploading_duration":749,"executable":"ellipsoids-openmp","args":["3.dat","36.log","36.xoutput"],"id":72,"resource":"1536","request_start":1576546261258,"request_end":1576546270353,"request_duration":9095,"type":"1536"}
{"start":1576546265775,"end":1576546270339,"duration":4564,"downloading_duration":1034,"execution_duration":2910,"uploading_duration":620,"executable":"ellipsoids-openmp","args":["3.dat","318.log","318.xoutput"],"id":84,"resource":"1536","request_start":1576546261264,"request_end":1576546270357,"request_duration":9093,"type":"1536"}
{"start":1576546265670,"end":1576546270339,"duration":4669,"downloading_duration":1116,"execution_duration":2853,"uploading_duration":700,"executable":"ellipsoids-openmp","args":["1.dat","118.log","118.xoutput"],"id":44,"resource":"1536","request_start":1576546260826,"request_end":1576546270363,"request_duration":9537,"type":"1536"}
{"start":1576546265716,"end":1576546270384,"duration":4668,"downloading_duration":1229,"execution_duration":2823,"uploading_duration":616,"executable":"ellipsoids-openmp","args":["3.dat","31.log","31.xoutput"],"id":67,"resource":"1536","request_start":1576546261255,"request_end":1576546270405,"request_duration":9150,"type":"1536"}
{"start":1576546265736,"end":1576546270394,"duration":4658,"downloading_duration":1162,"execution_duration":2890,"uploading_duration":606,"executable":"ellipsoids-openmp","args":["3.dat","38.log","38.xoutput"],"id":74,"resource":"1536","request_start":1576546261259,"request_end":1576546270416,"request_duration":9157,"type":"1536"}
{"start":1576546265779,"end":1576546270399,"duration":4620,"downloading_duration":1139,"execution_duration":2867,"uploading_duration":614,"executable":"ellipsoids-openmp","args":["3.dat","319.log","319.xoutput"],"id":85,"resource":"1536","request_start":1576546261265,"request_end":1576546270421,"request_duration":9156,"type":"1536"}
{"start":1576546265557,"end":1576546270522,"duration":4965,"downloading_duration":1008,"execution_duration":2945,"uploading_duration":1012,"executable":"ellipsoids-openmp","args":["1.dat","111.log","111.xoutput"],"id":37,"resource":"1536","request_start":1576546260822,"request_end":1576546270542,"request_duration":9720,"type":"1536"}
{"start":1576546265742,"end":1576546271863,"duration":6121,"downloading_duration":2789,"execution_duration":2652,"uploading_duration":680,"executable":"ellipsoids-openmp","args":["3.dat","311.log","311.xoutput"],"id":77,"resource":"1536","request_start":1576546261260,"request_end":1576546271883,"request_duration":10623,"type":"1536"}
{"start":1576546270663,"end":1576546272101,"duration":1438,"downloading_duration":1003,"execution_duration":2,"uploading_duration":433,"executable":"mean-pack-ell","args":["10.xoutput","11.xoutput","12.xoutput","13.xoutput","14.xoutput","15.xoutput","16.xoutput","17.xoutput","18.xoutput","19.xoutput","110.xoutput","111.xoutput","112.xoutput","113.xoutput","114.xoutput","115.xoutput","116.xoutput","117.xoutput","118.xoutput","119.xoutput","average_1.txt"],"id":87,"resource":"1536","request_start":1576546270558,"request_end":1576546272121,"request_duration":1563,"type":"1536"}
{"start":1576546271996,"end":1576546273457,"duration":1461,"downloading_duration":1084,"execution_duration":3,"uploading_duration":374,"executable":"mean-pack-ell","args":["30.xoutput","31.xoutput","32.xoutput","33.xoutput","34.xoutput","35.xoutput","36.xoutput","37.xoutput","38.xoutput","39.xoutput","310.xoutput","311.xoutput","312.xoutput","313.xoutput","314.xoutput","315.xoutput","316.xoutput","317.xoutput","318.xoutput","319.xoutput","average_3.txt"],"id":89,"resource":"1536","request_start":1576546271888,"request_end":1576546273477,"request_duration":1589,"type":"1536"}
{"start":1576546273594,"end":1576546274539,"duration":945,"downloading_duration":426,"execution_duration":71,"uploading_duration":448,"executable":"summary.js","args":[],"id":90,"resource":"1536","request_start":1576546273482,"request_end":1576546274556,"request_duration":1074,"type":"1536"}
