{"start":1576546242187,"end":1576546243204,"duration":1017,"downloading_duration":388,"execution_duration":71,"uploading_duration":558,"executable":"generateData.js","args":[],"id":1,"resource":"1536","request_start":1576546242030,"request_end":1576546243226,"request_duration":1196,"type":"1536"}
{"start":1576546243341,"end":1576546244189,"duration":848,"downloading_duration":383,"execution_duration":70,"uploading_duration":395,"executable":"createDat.js","args":["1.dat"],"id":3,"resource":"1536","request_start":1576546243231,"request_end":1576546244207,"request_duration":976,"type":"1536"}
{"start":1576546243340,"end":1576546244192,"duration":852,"downloading_duration":382,"execution_duration":72,"uploading_duration":398,"executable":"createDat.js","args":["0.dat"],"id":2,"resource":"1536","request_start":1576546243229,"request_end":1576546244210,"request_duration":981,"type":"1536"}
{"start":1576546243363,"end":1576546244210,"duration":847,"downloading_duration":385,"execution_duration":72,"uploading_duration":390,"executable":"createDat.js","args":["2.dat"],"id":4,"resource":"1536","request_start":1576546243232,"request_end":1576546244293,"request_duration":1061,"type":"1536"}
{"start":1576546243362,"end":1576546244292,"duration":930,"downloading_duration":476,"execution_duration":71,"uploading_duration":383,"executable":"createDat.js","args":["3.dat"],"id":5,"resource":"1536","request_start":1576546243233,"request_end":1576546244314,"request_duration":1081,"type":"1536"}
{"start":1576546244645,"end":1576546248946,"duration":4301,"downloading_duration":995,"execution_duration":2734,"uploading_duration":572,"executable":"ellipsoids-openmp","args":["1.dat","113.log","113.xoutput"],"id":39,"resource":"1536","request_start":1576546244232,"request_end":1576546248966,"request_duration":4734,"type":"1536"}
{"start":1576546244504,"end":1576546248966,"duration":4462,"downloading_duration":996,"execution_duration":2882,"uploading_duration":584,"executable":"ellipsoids-openmp","args":["1.dat","10.log","10.xoutput"],"id":26,"resource":"1536","request_start":1576546244219,"request_end":1576546248987,"request_duration":4768,"type":"1536"}
{"start":1576546244560,"end":1576546249000,"duration":4440,"downloading_duration":1008,"execution_duration":2828,"uploading_duration":604,"executable":"ellipsoids-openmp","args":["1.dat","12.log","12.xoutput"],"id":28,"resource":"1536","request_start":1576546244221,"request_end":1576546249021,"request_duration":4800,"type":"1536"}
{"start":1576546244642,"end":1576546249012,"duration":4370,"downloading_duration":995,"execution_duration":2753,"uploading_duration":622,"executable":"ellipsoids-openmp","args":["1.dat","15.log","15.xoutput"],"id":31,"resource":"1536","request_start":1576546244224,"request_end":1576546249030,"request_duration":4806,"type":"1536"}
{"start":1576546244649,"end":1576546249036,"duration":4387,"downloading_duration":996,"execution_duration":2805,"uploading_duration":586,"executable":"ellipsoids-openmp","args":["1.dat","115.log","115.xoutput"],"id":41,"resource":"1536","request_start":1576546244234,"request_end":1576546249055,"request_duration":4821,"type":"1536"}
{"start":1576546244554,"end":1576546249032,"duration":4478,"downloading_duration":1110,"execution_duration":2779,"uploading_duration":589,"executable":"ellipsoids-openmp","args":["1.dat","17.log","17.xoutput"],"id":33,"resource":"1536","request_start":1576546244226,"request_end":1576546249062,"request_duration":4836,"type":"1536"}
{"start":1576546244563,"end":1576546249073,"duration":4510,"downloading_duration":992,"execution_duration":2848,"uploading_duration":670,"executable":"ellipsoids-openmp","args":["1.dat","13.log","13.xoutput"],"id":29,"resource":"1536","request_start":1576546244222,"request_end":1576546249095,"request_duration":4873,"type":"1536"}
{"start":1576546244644,"end":1576546249076,"duration":4432,"downloading_duration":1043,"execution_duration":2769,"uploading_duration":620,"executable":"ellipsoids-openmp","args":["1.dat","114.log","114.xoutput"],"id":40,"resource":"1536","request_start":1576546244233,"request_end":1576546249097,"request_duration":4864,"type":"1536"}
{"start":1576546244620,"end":1576546249079,"duration":4459,"downloading_duration":1033,"execution_duration":2832,"uploading_duration":594,"executable":"ellipsoids-openmp","args":["1.dat","16.log","16.xoutput"],"id":32,"resource":"1536","request_start":1576546244225,"request_end":1576546249107,"request_duration":4882,"type":"1536"}
{"start":1576546244640,"end":1576546249089,"duration":4449,"downloading_duration":1042,"execution_duration":2808,"uploading_duration":599,"executable":"ellipsoids-openmp","args":["1.dat","110.log","110.xoutput"],"id":36,"resource":"1536","request_start":1576546244229,"request_end":1576546249113,"request_duration":4884,"type":"1536"}
{"start":1576546244642,"end":1576546249099,"duration":4457,"downloading_duration":1008,"execution_duration":2817,"uploading_duration":632,"executable":"ellipsoids-openmp","args":["1.dat","19.log","19.xoutput"],"id":35,"resource":"1536","request_start":1576546244228,"request_end":1576546249120,"request_duration":4892,"type":"1536"}
{"start":1576546244641,"end":1576546249101,"duration":4460,"downloading_duration":1067,"execution_duration":2821,"uploading_duration":572,"executable":"ellipsoids-openmp","args":["1.dat","112.log","112.xoutput"],"id":38,"resource":"1536","request_start":1576546244231,"request_end":1576546249123,"request_duration":4892,"type":"1536"}
{"start":1576546244651,"end":1576546249101,"duration":4450,"downloading_duration":1003,"execution_duration":2838,"uploading_duration":609,"executable":"ellipsoids-openmp","args":["1.dat","117.log","117.xoutput"],"id":43,"resource":"1536","request_start":1576546244235,"request_end":1576546249126,"request_duration":4891,"type":"1536"}
{"start":1576546244559,"end":1576546249114,"duration":4555,"downloading_duration":1001,"execution_duration":2930,"uploading_duration":624,"executable":"ellipsoids-openmp","args":["1.dat","11.log","11.xoutput"],"id":27,"resource":"1536","request_start":1576546244220,"request_end":1576546249134,"request_duration":4914,"type":"1536"}
{"start":1576546244640,"end":1576546249153,"duration":4513,"downloading_duration":1071,"execution_duration":2826,"uploading_duration":616,"executable":"ellipsoids-openmp","args":["1.dat","111.log","111.xoutput"],"id":37,"resource":"1536","request_start":1576546244230,"request_end":1576546249178,"request_duration":4948,"type":"1536"}
{"start":1576546244648,"end":1576546249177,"duration":4529,"downloading_duration":1170,"execution_duration":2763,"uploading_duration":596,"executable":"ellipsoids-openmp","args":["1.dat","119.log","119.xoutput"],"id":45,"resource":"1536","request_start":1576546244237,"request_end":1576546249197,"request_duration":4960,"type":"1536"}
{"start":1576546244650,"end":1576546249185,"duration":4535,"downloading_duration":1088,"execution_duration":2843,"uploading_duration":604,"executable":"ellipsoids-openmp","args":["1.dat","116.log","116.xoutput"],"id":42,"resource":"1536","request_start":1576546244234,"request_end":1576546249206,"request_duration":4972,"type":"1536"}
{"start":1576546244649,"end":1576546249204,"duration":4555,"downloading_duration":1098,"execution_duration":2878,"uploading_duration":579,"executable":"ellipsoids-openmp","args":["1.dat","118.log","118.xoutput"],"id":44,"resource":"1536","request_start":1576546244236,"request_end":1576546249221,"request_duration":4985,"type":"1536"}
{"start":1576546244684,"end":1576546249226,"duration":4542,"downloading_duration":1005,"execution_duration":2932,"uploading_duration":605,"executable":"ellipsoids-openmp","args":["0.dat","05.log","05.xoutput"],"id":11,"resource":"1536","request_start":1576546244241,"request_end":1576546249247,"request_duration":5006,"type":"1536"}
{"start":1576546244654,"end":1576546249232,"duration":4578,"downloading_duration":987,"execution_duration":3015,"uploading_duration":576,"executable":"ellipsoids-openmp","args":["0.dat","04.log","04.xoutput"],"id":10,"resource":"1536","request_start":1576546244240,"request_end":1576546249253,"request_duration":5013,"type":"1536"}
{"start":1576546244670,"end":1576546249274,"duration":4604,"downloading_duration":1004,"execution_duration":2974,"uploading_duration":626,"executable":"ellipsoids-openmp","args":["0.dat","014.log","014.xoutput"],"id":20,"resource":"1536","request_start":1576546244249,"request_end":1576546249293,"request_duration":5044,"type":"1536"}
{"start":1576546244669,"end":1576546249286,"duration":4617,"downloading_duration":1002,"execution_duration":3034,"uploading_duration":581,"executable":"ellipsoids-openmp","args":["0.dat","013.log","013.xoutput"],"id":19,"resource":"1536","request_start":1576546244248,"request_end":1576546249306,"request_duration":5058,"type":"1536"}
{"start":1576546244702,"end":1576546249289,"duration":4587,"downloading_duration":1031,"execution_duration":2988,"uploading_duration":568,"executable":"ellipsoids-openmp","args":["0.dat","018.log","018.xoutput"],"id":24,"resource":"1536","request_start":1576546244252,"request_end":1576546249309,"request_duration":5057,"type":"1536"}
{"start":1576546244562,"end":1576546249294,"duration":4732,"downloading_duration":1085,"execution_duration":2774,"uploading_duration":873,"executable":"ellipsoids-openmp","args":["1.dat","18.log","18.xoutput"],"id":34,"resource":"1536","request_start":1576546244227,"request_end":1576546249317,"request_duration":5090,"type":"1536"}
{"start":1576546244563,"end":1576546249308,"duration":4745,"downloading_duration":1098,"execution_duration":2808,"uploading_duration":839,"executable":"ellipsoids-openmp","args":["1.dat","14.log","14.xoutput"],"id":30,"resource":"1536","request_start":1576546244224,"request_end":1576546249332,"request_duration":5108,"type":"1536"}
{"start":1576546244710,"end":1576546249310,"duration":4600,"downloading_duration":1022,"execution_duration":2970,"uploading_duration":608,"executable":"ellipsoids-openmp","args":["2.dat","22.log","22.xoutput"],"id":48,"resource":"1536","request_start":1576546244328,"request_end":1576546249333,"request_duration":5005,"type":"1536"}
{"start":1576546244709,"end":1576546249313,"duration":4604,"downloading_duration":1026,"execution_duration":3003,"uploading_duration":575,"executable":"ellipsoids-openmp","args":["0.dat","019.log","019.xoutput"],"id":25,"resource":"1536","request_start":1576546244255,"request_end":1576546249335,"request_duration":5080,"type":"1536"}
{"start":1576546244678,"end":1576546249319,"duration":4641,"downloading_duration":1033,"execution_duration":3009,"uploading_duration":599,"executable":"ellipsoids-openmp","args":["0.dat","011.log","011.xoutput"],"id":17,"resource":"1536","request_start":1576546244246,"request_end":1576546249341,"request_duration":5095,"type":"1536"}
{"start":1576546244675,"end":1576546249323,"duration":4648,"downloading_duration":1056,"execution_duration":3000,"uploading_duration":592,"executable":"ellipsoids-openmp","args":["0.dat","00.log","00.xoutput"],"id":6,"resource":"1536","request_start":1576546244256,"request_end":1576546249343,"request_duration":5087,"type":"1536"}
{"start":1576546244696,"end":1576546249329,"duration":4633,"downloading_duration":1004,"execution_duration":3062,"uploading_duration":567,"executable":"ellipsoids-openmp","args":["0.dat","016.log","016.xoutput"],"id":22,"resource":"1536","request_start":1576546244251,"request_end":1576546249352,"request_duration":5101,"type":"1536"}
{"start":1576546244678,"end":1576546249338,"duration":4660,"downloading_duration":1066,"execution_duration":2994,"uploading_duration":600,"executable":"ellipsoids-openmp","args":["0.dat","03.log","03.xoutput"],"id":9,"resource":"1536","request_start":1576546244258,"request_end":1576546249358,"request_duration":5100,"type":"1536"}
{"start":1576546244657,"end":1576546249338,"duration":4681,"downloading_duration":1112,"execution_duration":2989,"uploading_duration":580,"executable":"ellipsoids-openmp","args":["0.dat","07.log","07.xoutput"],"id":13,"resource":"1536","request_start":1576546244243,"request_end":1576546249360,"request_duration":5117,"type":"1536"}
{"start":1576546244671,"end":1576546249353,"duration":4682,"downloading_duration":1077,"execution_duration":2962,"uploading_duration":643,"executable":"ellipsoids-openmp","args":["0.dat","012.log","012.xoutput"],"id":18,"resource":"1536","request_start":1576546244247,"request_end":1576546249371,"request_duration":5124,"type":"1536"}
{"start":1576546244706,"end":1576546249354,"duration":4648,"downloading_duration":994,"execution_duration":2991,"uploading_duration":663,"executable":"ellipsoids-openmp","args":["2.dat","20.log","20.xoutput"],"id":46,"resource":"1536","request_start":1576546244325,"request_end":1576546249374,"request_duration":5049,"type":"1536"}
{"start":1576546244682,"end":1576546249387,"duration":4705,"downloading_duration":1012,"execution_duration":3081,"uploading_duration":612,"executable":"ellipsoids-openmp","args":["2.dat","24.log","24.xoutput"],"id":50,"resource":"1536","request_start":1576546244331,"request_end":1576546249407,"request_duration":5076,"type":"1536"}
{"start":1576546244670,"end":1576546249386,"duration":4716,"downloading_duration":1029,"execution_duration":3021,"uploading_duration":666,"executable":"ellipsoids-openmp","args":["0.dat","09.log","09.xoutput"],"id":15,"resource":"1536","request_start":1576546244245,"request_end":1576546249408,"request_duration":5163,"type":"1536"}
{"start":1576546244683,"end":1576546249388,"duration":4705,"downloading_duration":1089,"execution_duration":2999,"uploading_duration":617,"executable":"ellipsoids-openmp","args":["2.dat","25.log","25.xoutput"],"id":51,"resource":"1536","request_start":1576546244332,"request_end":1576546249413,"request_duration":5081,"type":"1536"}
{"start":1576546244673,"end":1576546249391,"duration":4718,"downloading_duration":1059,"execution_duration":3063,"uploading_duration":596,"executable":"ellipsoids-openmp","args":["0.dat","015.log","015.xoutput"],"id":21,"resource":"1536","request_start":1576546244250,"request_end":1576546249415,"request_duration":5165,"type":"1536"}
{"start":1576546244717,"end":1576546249394,"duration":4677,"downloading_duration":1017,"execution_duration":3056,"uploading_duration":604,"executable":"ellipsoids-openmp","args":["2.dat","28.log","28.xoutput"],"id":54,"resource":"1536","request_start":1576546244335,"request_end":1576546249425,"request_duration":5090,"type":"1536"}
{"start":1576546244678,"end":1576546249398,"duration":4720,"downloading_duration":1093,"execution_duration":3033,"uploading_duration":594,"executable":"ellipsoids-openmp","args":["0.dat","01.log","01.xoutput"],"id":7,"resource":"1536","request_start":1576546244256,"request_end":1576546249427,"request_duration":5171,"type":"1536"}
{"start":1576546244668,"end":1576546249419,"duration":4751,"downloading_duration":1109,"execution_duration":3053,"uploading_duration":589,"executable":"ellipsoids-openmp","args":["0.dat","010.log","010.xoutput"],"id":16,"resource":"1536","request_start":1576546244246,"request_end":1576546249437,"request_duration":5191,"type":"1536"}
{"start":1576546244667,"end":1576546249426,"duration":4759,"downloading_duration":985,"execution_duration":3181,"uploading_duration":593,"executable":"ellipsoids-openmp","args":["0.dat","08.log","08.xoutput"],"id":14,"resource":"1536","request_start":1576546244244,"request_end":1576546249445,"request_duration":5201,"type":"1536"}
{"start":1576546244674,"end":1576546249428,"duration":4754,"downloading_duration":1098,"execution_duration":3010,"uploading_duration":646,"executable":"ellipsoids-openmp","args":["0.dat","02.log","02.xoutput"],"id":8,"resource":"1536","request_start":1576546244257,"request_end":1576546249453,"request_duration":5196,"type":"1536"}
{"start":1576546244699,"end":1576546249443,"duration":4744,"downloading_duration":1036,"execution_duration":3140,"uploading_duration":568,"executable":"ellipsoids-openmp","args":["2.dat","23.log","23.xoutput"],"id":49,"resource":"1536","request_start":1576546244330,"request_end":1576546249465,"request_duration":5135,"type":"1536"}
{"start":1576546244717,"end":1576546249524,"duration":4807,"downloading_duration":1030,"execution_duration":3150,"uploading_duration":627,"executable":"ellipsoids-openmp","args":["2.dat","27.log","27.xoutput"],"id":53,"resource":"1536","request_start":1576546244334,"request_end":1576546249547,"request_duration":5213,"type":"1536"}
{"start":1576546244731,"end":1576546249537,"duration":4806,"downloading_duration":1074,"execution_duration":3130,"uploading_duration":602,"executable":"ellipsoids-openmp","args":["2.dat","26.log","26.xoutput"],"id":52,"resource":"1536","request_start":1576546244333,"request_end":1576546249557,"request_duration":5224,"type":"1536"}
{"start":1576546244682,"end":1576546249604,"duration":4922,"downloading_duration":1086,"execution_duration":3094,"uploading_duration":742,"executable":"ellipsoids-openmp","args":["2.dat","21.log","21.xoutput"],"id":47,"resource":"1536","request_start":1576546244327,"request_end":1576546249623,"request_duration":5296,"type":"1536"}
{"start":1576546244717,"end":1576546249622,"duration":4905,"downloading_duration":1133,"execution_duration":3070,"uploading_duration":702,"executable":"ellipsoids-openmp","args":["2.dat","29.log","29.xoutput"],"id":55,"resource":"1536","request_start":1576546244336,"request_end":1576546249642,"request_duration":5306,"type":"1536"}
{"start":1576546244692,"end":1576546249686,"duration":4994,"downloading_duration":1408,"execution_duration":2952,"uploading_duration":634,"executable":"ellipsoids-openmp","args":["0.dat","017.log","017.xoutput"],"id":23,"resource":"1536","request_start":1576546244252,"request_end":1576546249707,"request_duration":5455,"type":"1536"}
{"start":1576546244657,"end":1576546249821,"duration":5164,"downloading_duration":1439,"execution_duration":3129,"uploading_duration":596,"executable":"ellipsoids-openmp","args":["0.dat","06.log","06.xoutput"],"id":12,"resource":"1536","request_start":1576546244242,"request_end":1576546249839,"request_duration":5597,"type":"1536"}
{"start":1576546249395,"end":1576546250902,"duration":1507,"downloading_duration":1079,"execution_duration":3,"uploading_duration":425,"executable":"mean-pack-ell","args":["10.xoutput","11.xoutput","12.xoutput","13.xoutput","14.xoutput","15.xoutput","16.xoutput","17.xoutput","18.xoutput","19.xoutput","110.xoutput","111.xoutput","112.xoutput","113.xoutput","114.xoutput","115.xoutput","116.xoutput","117.xoutput","118.xoutput","119.xoutput","average_1.txt"],"id":87,"resource":"1536","request_start":1576546249337,"request_end":1576546250925,"request_duration":1588,"type":"1536"}
{"start":1576546249957,"end":1576546251366,"duration":1409,"downloading_duration":1036,"execution_duration":3,"uploading_duration":370,"executable":"mean-pack-ell","args":["00.xoutput","01.xoutput","02.xoutput","03.xoutput","04.xoutput","05.xoutput","06.xoutput","07.xoutput","08.xoutput","09.xoutput","010.xoutput","011.xoutput","012.xoutput","013.xoutput","014.xoutput","015.xoutput","016.xoutput","017.xoutput","018.xoutput","019.xoutput","average_0.txt"],"id":86,"resource":"1536","request_start":1576546249845,"request_end":1576546251388,"request_duration":1543,"type":"1536"}
{"start":1576546249148,"end":1576546253472,"duration":4324,"downloading_duration":1008,"execution_duration":2721,"uploading_duration":595,"executable":"ellipsoids-openmp","args":["3.dat","30.log","30.xoutput"],"id":66,"resource":"1536","request_start":1576546244371,"request_end":1576546253494,"request_duration":9123,"type":"1536"}
{"start":1576546249156,"end":1576546253500,"duration":4344,"downloading_duration":983,"execution_duration":2803,"uploading_duration":558,"executable":"ellipsoids-openmp","args":["3.dat","31.log","31.xoutput"],"id":67,"resource":"1536","request_start":1576546244372,"request_end":1576546253520,"request_duration":9148,"type":"1536"}
{"start":1576546249163,"end":1576546253530,"duration":4367,"downloading_duration":995,"execution_duration":2772,"uploading_duration":600,"executable":"ellipsoids-openmp","args":["3.dat","33.log","33.xoutput"],"id":69,"resource":"1536","request_start":1576546244373,"request_end":1576546253549,"request_duration":9176,"type":"1536"}
{"start":1576546248992,"end":1576546253537,"duration":4545,"downloading_duration":1039,"execution_duration":2936,"uploading_duration":570,"executable":"ellipsoids-openmp","args":["2.dat","210.log","210.xoutput"],"id":56,"resource":"1536","request_start":1576546244337,"request_end":1576546253556,"request_duration":9219,"type":"1536"}
{"start":1576546249016,"end":1576546253571,"duration":4555,"downloading_duration":1001,"execution_duration":2944,"uploading_duration":610,"executable":"ellipsoids-openmp","args":["2.dat","211.log","211.xoutput"],"id":57,"resource":"1536","request_start":1576546244338,"request_end":1576546253592,"request_duration":9254,"type":"1536"}
{"start":1576546249274,"end":1576546253573,"duration":4299,"downloading_duration":1008,"execution_duration":2698,"uploading_duration":593,"executable":"ellipsoids-openmp","args":["3.dat","38.log","38.xoutput"],"id":74,"resource":"1536","request_start":1576546244375,"request_end":1576546253595,"request_duration":9220,"type":"1536"}
{"start":1576546249225,"end":1576546253576,"duration":4351,"downloading_duration":994,"execution_duration":2762,"uploading_duration":595,"executable":"ellipsoids-openmp","args":["3.dat","35.log","35.xoutput"],"id":71,"resource":"1536","request_start":1576546244374,"request_end":1576546253597,"request_duration":9223,"type":"1536"}
{"start":1576546249205,"end":1576546253587,"duration":4382,"downloading_duration":1090,"execution_duration":2724,"uploading_duration":568,"executable":"ellipsoids-openmp","args":["3.dat","34.log","34.xoutput"],"id":70,"resource":"1536","request_start":1576546244373,"request_end":1576546253606,"request_duration":9233,"type":"1536"}
{"start":1576546249057,"end":1576546253596,"duration":4539,"downloading_duration":1017,"execution_duration":2944,"uploading_duration":578,"executable":"ellipsoids-openmp","args":["2.dat","213.log","213.xoutput"],"id":59,"resource":"1536","request_start":1576546244339,"request_end":1576546253614,"request_duration":9275,"type":"1536"}
{"start":1576546249156,"end":1576546253608,"duration":4452,"downloading_duration":1071,"execution_duration":2791,"uploading_duration":590,"executable":"ellipsoids-openmp","args":["3.dat","32.log","32.xoutput"],"id":68,"resource":"1536","request_start":1576546244372,"request_end":1576546253625,"request_duration":9253,"type":"1536"}
{"start":1576546249371,"end":1576546253642,"duration":4271,"downloading_duration":1000,"execution_duration":2688,"uploading_duration":583,"executable":"ellipsoids-openmp","args":["3.dat","315.log","315.xoutput"],"id":81,"resource":"1536","request_start":1576546244379,"request_end":1576546253663,"request_duration":9284,"type":"1536"}
{"start":1576546249280,"end":1576546253653,"duration":4373,"downloading_duration":1001,"execution_duration":2770,"uploading_duration":602,"executable":"ellipsoids-openmp","args":["3.dat","39.log","39.xoutput"],"id":75,"resource":"1536","request_start":1576546244376,"request_end":1576546253673,"request_duration":9297,"type":"1536"}
{"start":1576546249367,"end":1576546253686,"duration":4319,"downloading_duration":1022,"execution_duration":2601,"uploading_duration":696,"executable":"ellipsoids-openmp","args":["3.dat","316.log","316.xoutput"],"id":82,"resource":"1536","request_start":1576546244380,"request_end":1576546253704,"request_duration":9324,"type":"1536"}
{"start":1576546249338,"end":1576546253687,"duration":4349,"downloading_duration":999,"execution_duration":2741,"uploading_duration":609,"executable":"ellipsoids-openmp","args":["3.dat","312.log","312.xoutput"],"id":78,"resource":"1536","request_start":1576546244378,"request_end":1576546253707,"request_duration":9329,"type":"1536"}
{"start":1576546249249,"end":1576546253701,"duration":4452,"downloading_duration":1078,"execution_duration":2766,"uploading_duration":608,"executable":"ellipsoids-openmp","args":["3.dat","37.log","37.xoutput"],"id":73,"resource":"1536","request_start":1576546244375,"request_end":1576546253719,"request_duration":9344,"type":"1536"}
{"start":1576546249086,"end":1576546253701,"duration":4615,"downloading_duration":1014,"execution_duration":3016,"uploading_duration":585,"executable":"ellipsoids-openmp","args":["2.dat","215.log","215.xoutput"],"id":61,"resource":"1536","request_start":1576546244340,"request_end":1576546253722,"request_duration":9382,"type":"1536"}
{"start":1576546249234,"end":1576546253703,"duration":4469,"downloading_duration":1126,"execution_duration":2776,"uploading_duration":567,"executable":"ellipsoids-openmp","args":["3.dat","36.log","36.xoutput"],"id":72,"resource":"1536","request_start":1576546244374,"request_end":1576546253725,"request_duration":9351,"type":"1536"}
{"start":1576546249037,"end":1576546253712,"duration":4675,"downloading_duration":1078,"execution_duration":2995,"uploading_duration":602,"executable":"ellipsoids-openmp","args":["2.dat","212.log","212.xoutput"],"id":58,"resource":"1536","request_start":1576546244339,"request_end":1576546253740,"request_duration":9401,"type":"1536"}
{"start":1576546249321,"end":1576546253739,"duration":4418,"downloading_duration":1094,"execution_duration":2725,"uploading_duration":599,"executable":"ellipsoids-openmp","args":["3.dat","310.log","310.xoutput"],"id":76,"resource":"1536","request_start":1576546244377,"request_end":1576546253761,"request_duration":9384,"type":"1536"}
{"start":1576546249134,"end":1576546253744,"duration":4610,"downloading_duration":991,"execution_duration":3006,"uploading_duration":613,"executable":"ellipsoids-openmp","args":["2.dat","218.log","218.xoutput"],"id":64,"resource":"1536","request_start":1576546244345,"request_end":1576546253768,"request_duration":9423,"type":"1536"}
{"start":1576546249130,"end":1576546253754,"duration":4624,"downloading_duration":1017,"execution_duration":2994,"uploading_duration":613,"executable":"ellipsoids-openmp","args":["2.dat","217.log","217.xoutput"],"id":63,"resource":"1536","request_start":1576546244341,"request_end":1576546253774,"request_duration":9433,"type":"1536"}
{"start":1576546249358,"end":1576546253762,"duration":4404,"downloading_duration":1011,"execution_duration":2805,"uploading_duration":588,"executable":"ellipsoids-openmp","args":["3.dat","314.log","314.xoutput"],"id":80,"resource":"1536","request_start":1576546244379,"request_end":1576546253783,"request_duration":9404,"type":"1536"}
{"start":1576546249140,"end":1576546253762,"duration":4622,"downloading_duration":1064,"execution_duration":2951,"uploading_duration":607,"executable":"ellipsoids-openmp","args":["2.dat","219.log","219.xoutput"],"id":65,"resource":"1536","request_start":1576546244346,"request_end":1576546253785,"request_duration":9439,"type":"1536"}
{"start":1576546249346,"end":1576546253850,"duration":4504,"downloading_duration":1084,"execution_duration":2804,"uploading_duration":616,"executable":"ellipsoids-openmp","args":["3.dat","313.log","313.xoutput"],"id":79,"resource":"1536","request_start":1576546244378,"request_end":1576546253870,"request_duration":9492,"type":"1536"}
{"start":1576546249370,"end":1576546253858,"duration":4488,"downloading_duration":1001,"execution_duration":2828,"uploading_duration":659,"executable":"ellipsoids-openmp","args":["3.dat","317.log","317.xoutput"],"id":83,"resource":"1536","request_start":1576546244380,"request_end":1576546253879,"request_duration":9499,"type":"1536"}
{"start":1576546249333,"end":1576546253862,"duration":4529,"downloading_duration":1094,"execution_duration":2793,"uploading_duration":642,"executable":"ellipsoids-openmp","args":["3.dat","311.log","311.xoutput"],"id":77,"resource":"1536","request_start":1576546244377,"request_end":1576546253882,"request_duration":9505,"type":"1536"}
{"start":1576546249124,"end":1576546253881,"duration":4757,"downloading_duration":1082,"execution_duration":3085,"uploading_duration":590,"executable":"ellipsoids-openmp","args":["2.dat","216.log","216.xoutput"],"id":62,"resource":"1536","request_start":1576546244341,"request_end":1576546253899,"request_duration":9558,"type":"1536"}
{"start":1576546249373,"end":1576546253896,"duration":4523,"downloading_duration":1076,"execution_duration":2779,"uploading_duration":668,"executable":"ellipsoids-openmp","args":["3.dat","318.log","318.xoutput"],"id":84,"resource":"1536","request_start":1576546244381,"request_end":1576546253914,"request_duration":9533,"type":"1536"}
{"start":1576546249379,"end":1576546254195,"duration":4816,"downloading_duration":1029,"execution_duration":2844,"uploading_duration":943,"executable":"ellipsoids-openmp","args":["3.dat","319.log","319.xoutput"],"id":85,"resource":"1536","request_start":1576546244381,"request_end":1576546254218,"request_duration":9837,"type":"1536"}
{"start":1576546249081,"end":1576546254727,"duration":5646,"downloading_duration":2047,"execution_duration":3011,"uploading_duration":588,"executable":"ellipsoids-openmp","args":["2.dat","214.log","214.xoutput"],"id":60,"resource":"1536","request_start":1576546244340,"request_end":1576546254749,"request_duration":10409,"type":"1536"}
{"start":1576546254326,"end":1576546255746,"duration":1420,"downloading_duration":1047,"execution_duration":3,"uploading_duration":370,"executable":"mean-pack-ell","args":["30.xoutput","31.xoutput","32.xoutput","33.xoutput","34.xoutput","35.xoutput","36.xoutput","37.xoutput","38.xoutput","39.xoutput","310.xoutput","311.xoutput","312.xoutput","313.xoutput","314.xoutput","315.xoutput","316.xoutput","317.xoutput","318.xoutput","319.xoutput","average_3.txt"],"id":89,"resource":"1536","request_start":1576546254223,"request_end":1576546255767,"request_duration":1544,"type":"1536"}
{"start":1576546254864,"end":1576546256614,"duration":1750,"downloading_duration":1359,"execution_duration":3,"uploading_duration":388,"executable":"mean-pack-ell","args":["20.xoutput","21.xoutput","22.xoutput","23.xoutput","24.xoutput","25.xoutput","26.xoutput","27.xoutput","28.xoutput","29.xoutput","210.xoutput","211.xoutput","212.xoutput","213.xoutput","214.xoutput","215.xoutput","216.xoutput","217.xoutput","218.xoutput","219.xoutput","average_2.txt"],"id":88,"resource":"1536","request_start":1576546254754,"request_end":1576546256632,"request_duration":1878,"type":"1536"}
{"start":1576546256748,"end":1576546258256,"duration":1508,"downloading_duration":952,"execution_duration":72,"uploading_duration":484,"executable":"summary.js","args":[],"id":90,"resource":"1536","request_start":1576546256639,"request_end":1576546258278,"request_duration":1639,"type":"1536"}
