{"start":1576546212405,"end":1576546213216,"duration":811,"downloading_duration":365,"execution_duration":73,"uploading_duration":373,"executable":"generateData.js","args":[],"id":1,"resource":"1536","request_start":1576546212251,"request_end":1576546213240,"request_duration":989,"type":"1536"}
{"start":1576546213366,"end":1576546214206,"duration":840,"downloading_duration":381,"execution_duration":71,"uploading_duration":388,"executable":"createDat.js","args":["2.dat"],"id":4,"resource":"1536","request_start":1576546213245,"request_end":1576546214223,"request_duration":978,"type":"1536"}
{"start":1576546213349,"end":1576546214220,"duration":871,"downloading_duration":382,"execution_duration":72,"uploading_duration":417,"executable":"createDat.js","args":["0.dat"],"id":2,"resource":"1536","request_start":1576546213243,"request_end":1576546214280,"request_duration":1037,"type":"1536"}
{"start":1576546213362,"end":1576546214228,"duration":866,"downloading_duration":379,"execution_duration":72,"uploading_duration":415,"executable":"createDat.js","args":["1.dat"],"id":3,"resource":"1536","request_start":1576546213244,"request_end":1576546214282,"request_duration":1038,"type":"1536"}
{"start":1576546213363,"end":1576546214229,"duration":866,"downloading_duration":388,"execution_duration":75,"uploading_duration":403,"executable":"createDat.js","args":["3.dat"],"id":5,"resource":"1536","request_start":1576546213247,"request_end":1576546214284,"request_duration":1037,"type":"1536"}
{"start":1576546214431,"end":1576546219012,"duration":4581,"downloading_duration":1012,"execution_duration":3014,"uploading_duration":555,"executable":"ellipsoids-openmp","args":["2.dat","26.log","26.xoutput"],"id":52,"resource":"1536","request_start":1576546214241,"request_end":1576546219034,"request_duration":4793,"type":"1536"}
{"start":1576546214437,"end":1576546219164,"duration":4727,"downloading_duration":1110,"execution_duration":2999,"uploading_duration":618,"executable":"ellipsoids-openmp","args":["2.dat","20.log","20.xoutput"],"id":46,"resource":"1536","request_start":1576546214235,"request_end":1576546219189,"request_duration":4954,"type":"1536"}
{"start":1576546214431,"end":1576546219178,"duration":4747,"downloading_duration":1073,"execution_duration":3107,"uploading_duration":567,"executable":"ellipsoids-openmp","args":["2.dat","25.log","25.xoutput"],"id":51,"resource":"1536","request_start":1576546214240,"request_end":1576546219198,"request_duration":4958,"type":"1536"}
{"start":1576546214570,"end":1576546219195,"duration":4625,"downloading_duration":1022,"execution_duration":3019,"uploading_duration":584,"executable":"ellipsoids-openmp","args":["2.dat","217.log","217.xoutput"],"id":63,"resource":"1536","request_start":1576546214251,"request_end":1576546219215,"request_duration":4964,"type":"1536"}
{"start":1576546214562,"end":1576546219213,"duration":4651,"downloading_duration":1112,"execution_duration":2979,"uploading_duration":560,"executable":"ellipsoids-openmp","args":["2.dat","211.log","211.xoutput"],"id":57,"resource":"1536","request_start":1576546214245,"request_end":1576546219233,"request_duration":4988,"type":"1536"}
{"start":1576546214431,"end":1576546219238,"duration":4807,"downloading_duration":1038,"execution_duration":3190,"uploading_duration":579,"executable":"ellipsoids-openmp","args":["2.dat","22.log","22.xoutput"],"id":48,"resource":"1536","request_start":1576546214237,"request_end":1576546219257,"request_duration":5020,"type":"1536"}
{"start":1576546214431,"end":1576546219246,"duration":4815,"downloading_duration":1063,"execution_duration":3087,"uploading_duration":665,"executable":"ellipsoids-openmp","args":["2.dat","27.log","27.xoutput"],"id":53,"resource":"1536","request_start":1576546214242,"request_end":1576546219265,"request_duration":5023,"type":"1536"}
{"start":1576546214430,"end":1576546219246,"duration":4816,"downloading_duration":1103,"execution_duration":3149,"uploading_duration":564,"executable":"ellipsoids-openmp","args":["2.dat","23.log","23.xoutput"],"id":49,"resource":"1536","request_start":1576546214238,"request_end":1576546219267,"request_duration":5029,"type":"1536"}
{"start":1576546214561,"end":1576546219272,"duration":4711,"downloading_duration":1007,"execution_duration":3096,"uploading_duration":608,"executable":"ellipsoids-openmp","args":["2.dat","29.log","29.xoutput"],"id":55,"resource":"1536","request_start":1576546214244,"request_end":1576546219290,"request_duration":5046,"type":"1536"}
{"start":1576546214431,"end":1576546219287,"duration":4856,"downloading_duration":1015,"execution_duration":3113,"uploading_duration":728,"executable":"ellipsoids-openmp","args":["2.dat","28.log","28.xoutput"],"id":54,"resource":"1536","request_start":1576546214243,"request_end":1576546219308,"request_duration":5065,"type":"1536"}
{"start":1576546214559,"end":1576546219314,"duration":4755,"downloading_duration":1033,"execution_duration":3064,"uploading_duration":658,"executable":"ellipsoids-openmp","args":["2.dat","212.log","212.xoutput"],"id":58,"resource":"1536","request_start":1576546214246,"request_end":1576546219334,"request_duration":5088,"type":"1536"}
{"start":1576546214567,"end":1576546219338,"duration":4771,"downloading_duration":1060,"execution_duration":3139,"uploading_duration":572,"executable":"ellipsoids-openmp","args":["2.dat","216.log","216.xoutput"],"id":62,"resource":"1536","request_start":1576546214250,"request_end":1576546219357,"request_duration":5107,"type":"1536"}
{"start":1576546214695,"end":1576546219339,"duration":4644,"downloading_duration":1037,"execution_duration":3019,"uploading_duration":588,"executable":"ellipsoids-openmp","args":["2.dat","215.log","215.xoutput"],"id":61,"resource":"1536","request_start":1576546214249,"request_end":1576546219360,"request_duration":5111,"type":"1536"}
{"start":1576546214564,"end":1576546219343,"duration":4779,"downloading_duration":1174,"execution_duration":2982,"uploading_duration":623,"executable":"ellipsoids-openmp","args":["2.dat","218.log","218.xoutput"],"id":64,"resource":"1536","request_start":1576546214252,"request_end":1576546219364,"request_duration":5112,"type":"1536"}
{"start":1576546214901,"end":1576546219346,"duration":4445,"downloading_duration":1088,"execution_duration":2790,"uploading_duration":567,"executable":"ellipsoids-openmp","args":["1.dat","13.log","13.xoutput"],"id":29,"resource":"1536","request_start":1576546214353,"request_end":1576546219368,"request_duration":5015,"type":"1536"}
{"start":1576546214760,"end":1576546219347,"duration":4587,"downloading_duration":1009,"execution_duration":2981,"uploading_duration":597,"executable":"ellipsoids-openmp","args":["0.dat","010.log","010.xoutput"],"id":16,"resource":"1536","request_start":1576546214336,"request_end":1576546219375,"request_duration":5039,"type":"1536"}
{"start":1576546214898,"end":1576546219350,"duration":4452,"downloading_duration":1012,"execution_duration":2842,"uploading_duration":598,"executable":"ellipsoids-openmp","args":["1.dat","11.log","11.xoutput"],"id":27,"resource":"1536","request_start":1576546214351,"request_end":1576546219378,"request_duration":5027,"type":"1536"}
{"start":1576546214909,"end":1576546219354,"duration":4445,"downloading_duration":1074,"execution_duration":2790,"uploading_duration":581,"executable":"ellipsoids-openmp","args":["1.dat","17.log","17.xoutput"],"id":33,"resource":"1536","request_start":1576546214356,"request_end":1576546219380,"request_duration":5024,"type":"1536"}
{"start":1576546214909,"end":1576546219360,"duration":4451,"downloading_duration":1046,"execution_duration":2832,"uploading_duration":573,"executable":"ellipsoids-openmp","args":["1.dat","18.log","18.xoutput"],"id":34,"resource":"1536","request_start":1576546214357,"request_end":1576546219388,"request_duration":5031,"type":"1536"}
{"start":1576546214567,"end":1576546219366,"duration":4799,"downloading_duration":1102,"execution_duration":3135,"uploading_duration":562,"executable":"ellipsoids-openmp","args":["2.dat","214.log","214.xoutput"],"id":60,"resource":"1536","request_start":1576546214248,"request_end":1576546219392,"request_duration":5144,"type":"1536"}
{"start":1576546214780,"end":1576546219382,"duration":4602,"downloading_duration":1020,"execution_duration":2848,"uploading_duration":734,"executable":"ellipsoids-openmp","args":["1.dat","10.log","10.xoutput"],"id":26,"resource":"1536","request_start":1576546214350,"request_end":1576546219402,"request_duration":5052,"type":"1536"}
{"start":1576546214750,"end":1576546219403,"duration":4653,"downloading_duration":1047,"execution_duration":3043,"uploading_duration":563,"executable":"ellipsoids-openmp","args":["0.dat","08.log","08.xoutput"],"id":14,"resource":"1536","request_start":1576546214334,"request_end":1576546219421,"request_duration":5087,"type":"1536"}
{"start":1576546214557,"end":1576546219417,"duration":4860,"downloading_duration":1093,"execution_duration":3169,"uploading_duration":598,"executable":"ellipsoids-openmp","args":["2.dat","213.log","213.xoutput"],"id":59,"resource":"1536","request_start":1576546214247,"request_end":1576546219436,"request_duration":5189,"type":"1536"}
{"start":1576546214750,"end":1576546219442,"duration":4692,"downloading_duration":1034,"execution_duration":2999,"uploading_duration":659,"executable":"ellipsoids-openmp","args":["0.dat","05.log","05.xoutput"],"id":11,"resource":"1536","request_start":1576546214331,"request_end":1576546219465,"request_duration":5134,"type":"1536"}
{"start":1576546214749,"end":1576546219481,"duration":4732,"downloading_duration":998,"execution_duration":3144,"uploading_duration":590,"executable":"ellipsoids-openmp","args":["0.dat","04.log","04.xoutput"],"id":10,"resource":"1536","request_start":1576546214330,"request_end":1576546219502,"request_duration":5172,"type":"1536"}
{"start":1576546214754,"end":1576546219501,"duration":4747,"downloading_duration":1018,"execution_duration":3122,"uploading_duration":607,"executable":"ellipsoids-openmp","args":["0.dat","06.log","06.xoutput"],"id":12,"resource":"1536","request_start":1576546214332,"request_end":1576546219521,"request_duration":5189,"type":"1536"}
{"start":1576546214918,"end":1576546219504,"duration":4586,"downloading_duration":1069,"execution_duration":2908,"uploading_duration":609,"executable":"ellipsoids-openmp","args":["1.dat","19.log","19.xoutput"],"id":35,"resource":"1536","request_start":1576546214358,"request_end":1576546219526,"request_duration":5168,"type":"1536"}
{"start":1576546214759,"end":1576546219507,"duration":4748,"downloading_duration":1019,"execution_duration":3121,"uploading_duration":608,"executable":"ellipsoids-openmp","args":["0.dat","012.log","012.xoutput"],"id":18,"resource":"1536","request_start":1576546214338,"request_end":1576546219585,"request_duration":5247,"type":"1536"}
{"start":1576546214782,"end":1576546219510,"duration":4728,"downloading_duration":1013,"execution_duration":3102,"uploading_duration":613,"executable":"ellipsoids-openmp","args":["0.dat","00.log","00.xoutput"],"id":6,"resource":"1536","request_start":1576546214347,"request_end":1576546219591,"request_duration":5244,"type":"1536"}
{"start":1576546214778,"end":1576546219513,"duration":4735,"downloading_duration":1135,"execution_duration":3010,"uploading_duration":590,"executable":"ellipsoids-openmp","args":["0.dat","01.log","01.xoutput"],"id":7,"resource":"1536","request_start":1576546214348,"request_end":1576546219592,"request_duration":5244,"type":"1536"}
{"start":1576546214699,"end":1576546219517,"duration":4818,"downloading_duration":1110,"execution_duration":3159,"uploading_duration":549,"executable":"ellipsoids-openmp","args":["2.dat","219.log","219.xoutput"],"id":65,"resource":"1536","request_start":1576546214252,"request_end":1576546219594,"request_duration":5342,"type":"1536"}
{"start":1576546214753,"end":1576546219517,"duration":4764,"downloading_duration":1085,"execution_duration":3061,"uploading_duration":618,"executable":"ellipsoids-openmp","args":["0.dat","09.log","09.xoutput"],"id":15,"resource":"1536","request_start":1576546214335,"request_end":1576546219596,"request_duration":5261,"type":"1536"}
{"start":1576546214770,"end":1576546219547,"duration":4777,"downloading_duration":1106,"execution_duration":3082,"uploading_duration":589,"executable":"ellipsoids-openmp","args":["0.dat","017.log","017.xoutput"],"id":23,"resource":"1536","request_start":1576546214343,"request_end":1576546219601,"request_duration":5258,"type":"1536"}
{"start":1576546214798,"end":1576546219558,"duration":4760,"downloading_duration":1172,"execution_duration":2971,"uploading_duration":617,"executable":"ellipsoids-openmp","args":["0.dat","013.log","013.xoutput"],"id":19,"resource":"1536","request_start":1576546214339,"request_end":1576546219605,"request_duration":5266,"type":"1536"}
{"start":1576546214898,"end":1576546219568,"duration":4670,"downloading_duration":1164,"execution_duration":2910,"uploading_duration":596,"executable":"ellipsoids-openmp","args":["1.dat","14.log","14.xoutput"],"id":30,"resource":"1536","request_start":1576546214354,"request_end":1576546219608,"request_duration":5254,"type":"1536"}
{"start":1576546214782,"end":1576546219586,"duration":4804,"downloading_duration":1094,"execution_duration":3096,"uploading_duration":614,"executable":"ellipsoids-openmp","args":["0.dat","02.log","02.xoutput"],"id":8,"resource":"1536","request_start":1576546214349,"request_end":1576546219619,"request_duration":5270,"type":"1536"}
{"start":1576546214778,"end":1576546219594,"duration":4816,"downloading_duration":1050,"execution_duration":3070,"uploading_duration":696,"executable":"ellipsoids-openmp","args":["0.dat","03.log","03.xoutput"],"id":9,"resource":"1536","request_start":1576546214350,"request_end":1576546219622,"request_duration":5272,"type":"1536"}
{"start":1576546214770,"end":1576546219600,"duration":4830,"downloading_duration":1056,"execution_duration":3179,"uploading_duration":595,"executable":"ellipsoids-openmp","args":["0.dat","019.log","019.xoutput"],"id":25,"resource":"1536","request_start":1576546214346,"request_end":1576546219628,"request_duration":5282,"type":"1536"}
{"start":1576546214770,"end":1576546219609,"duration":4839,"downloading_duration":1239,"execution_duration":3025,"uploading_duration":575,"executable":"ellipsoids-openmp","args":["0.dat","018.log","018.xoutput"],"id":24,"resource":"1536","request_start":1576546214344,"request_end":1576546219630,"request_duration":5286,"type":"1536"}
{"start":1576546214772,"end":1576546219615,"duration":4843,"downloading_duration":995,"execution_duration":3186,"uploading_duration":662,"executable":"ellipsoids-openmp","args":["0.dat","014.log","014.xoutput"],"id":20,"resource":"1536","request_start":1576546214341,"request_end":1576546219721,"request_duration":5380,"type":"1536"}
{"start":1576546214758,"end":1576546219615,"duration":4857,"downloading_duration":1260,"execution_duration":2911,"uploading_duration":686,"executable":"ellipsoids-openmp","args":["0.dat","011.log","011.xoutput"],"id":17,"resource":"1536","request_start":1576546214337,"request_end":1576546219725,"request_duration":5388,"type":"1536"}
{"start":1576546214899,"end":1576546219628,"duration":4729,"downloading_duration":1172,"execution_duration":2998,"uploading_duration":559,"executable":"ellipsoids-openmp","args":["1.dat","15.log","15.xoutput"],"id":31,"resource":"1536","request_start":1576546214355,"request_end":1576546219732,"request_duration":5377,"type":"1536"}
{"start":1576546214765,"end":1576546219633,"duration":4868,"downloading_duration":1092,"execution_duration":3178,"uploading_duration":598,"executable":"ellipsoids-openmp","args":["0.dat","015.log","015.xoutput"],"id":21,"resource":"1536","request_start":1576546214342,"request_end":1576546219733,"request_duration":5391,"type":"1536"}
{"start":1576546214560,"end":1576546219660,"duration":5100,"downloading_duration":1522,"execution_duration":2990,"uploading_duration":588,"executable":"ellipsoids-openmp","args":["2.dat","210.log","210.xoutput"],"id":56,"resource":"1536","request_start":1576546214245,"request_end":1576546219738,"request_duration":5493,"type":"1536"}
{"start":1576546214431,"end":1576546219677,"duration":5246,"downloading_duration":1518,"execution_duration":3033,"uploading_duration":695,"executable":"ellipsoids-openmp","args":["2.dat","24.log","24.xoutput"],"id":50,"resource":"1536","request_start":1576546214239,"request_end":1576546219741,"request_duration":5502,"type":"1536"}
{"start":1576546214900,"end":1576546219744,"duration":4844,"downloading_duration":1105,"execution_duration":3054,"uploading_duration":685,"executable":"ellipsoids-openmp","args":["1.dat","16.log","16.xoutput"],"id":32,"resource":"1536","request_start":1576546214355,"request_end":1576546219768,"request_duration":5413,"type":"1536"}
{"start":1576546214747,"end":1576546219827,"duration":5080,"downloading_duration":1043,"execution_duration":3012,"uploading_duration":1025,"executable":"ellipsoids-openmp","args":["0.dat","07.log","07.xoutput"],"id":13,"resource":"1536","request_start":1576546214333,"request_end":1576546219857,"request_duration":5524,"type":"1536"}
{"start":1576546214432,"end":1576546219945,"duration":5513,"downloading_duration":1965,"execution_duration":2942,"uploading_duration":606,"executable":"ellipsoids-openmp","args":["2.dat","21.log","21.xoutput"],"id":47,"resource":"1536","request_start":1576546214236,"request_end":1576546219964,"request_duration":5728,"type":"1536"}
{"start":1576546214783,"end":1576546219984,"duration":5201,"downloading_duration":1085,"execution_duration":2743,"uploading_duration":1373,"executable":"ellipsoids-openmp","args":["1.dat","12.log","12.xoutput"],"id":28,"resource":"1536","request_start":1576546214352,"request_end":1576546220005,"request_duration":5653,"type":"1536"}
{"start":1576546214772,"end":1576546220669,"duration":5897,"downloading_duration":2216,"execution_duration":3055,"uploading_duration":626,"executable":"ellipsoids-openmp","args":["0.dat","016.log","016.xoutput"],"id":22,"resource":"1536","request_start":1576546214342,"request_end":1576546220690,"request_duration":6348,"type":"1536"}
{"start":1576546220078,"end":1576546221532,"duration":1454,"downloading_duration":1078,"execution_duration":3,"uploading_duration":373,"executable":"mean-pack-ell","args":["20.xoutput","21.xoutput","22.xoutput","23.xoutput","24.xoutput","25.xoutput","26.xoutput","27.xoutput","28.xoutput","29.xoutput","210.xoutput","211.xoutput","212.xoutput","213.xoutput","214.xoutput","215.xoutput","216.xoutput","217.xoutput","218.xoutput","219.xoutput","average_2.txt"],"id":88,"resource":"1536","request_start":1576546219972,"request_end":1576546221587,"request_duration":1615,"type":"1536"}
{"start":1576546220861,"end":1576546222250,"duration":1389,"downloading_duration":1005,"execution_duration":3,"uploading_duration":381,"executable":"mean-pack-ell","args":["00.xoutput","01.xoutput","02.xoutput","03.xoutput","04.xoutput","05.xoutput","06.xoutput","07.xoutput","08.xoutput","09.xoutput","010.xoutput","011.xoutput","012.xoutput","013.xoutput","014.xoutput","015.xoutput","016.xoutput","017.xoutput","018.xoutput","019.xoutput","average_0.txt"],"id":86,"resource":"1536","request_start":1576546220695,"request_end":1576546222271,"request_duration":1576,"type":"1536"}
{"start":1576546219064,"end":1576546223508,"duration":4444,"downloading_duration":1028,"execution_duration":2820,"uploading_duration":596,"executable":"ellipsoids-openmp","args":["1.dat","110.log","110.xoutput"],"id":36,"resource":"1536","request_start":1576546214359,"request_end":1576546223526,"request_duration":9167,"type":"1536"}
{"start":1576546219221,"end":1576546223666,"duration":4445,"downloading_duration":1064,"execution_duration":2805,"uploading_duration":576,"executable":"ellipsoids-openmp","args":["1.dat","111.log","111.xoutput"],"id":37,"resource":"1536","request_start":1576546214359,"request_end":1576546223685,"request_duration":9326,"type":"1536"}
{"start":1576546219285,"end":1576546223675,"duration":4390,"downloading_duration":999,"execution_duration":2824,"uploading_duration":567,"executable":"ellipsoids-openmp","args":["1.dat","115.log","115.xoutput"],"id":41,"resource":"1536","request_start":1576546214361,"request_end":1576546223696,"request_duration":9335,"type":"1536"}
{"start":1576546219234,"end":1576546223685,"duration":4451,"downloading_duration":1011,"execution_duration":2855,"uploading_duration":585,"executable":"ellipsoids-openmp","args":["1.dat","112.log","112.xoutput"],"id":38,"resource":"1536","request_start":1576546214360,"request_end":1576546223703,"request_duration":9343,"type":"1536"}
{"start":1576546219406,"end":1576546223785,"duration":4379,"downloading_duration":993,"execution_duration":2791,"uploading_duration":595,"executable":"ellipsoids-openmp","args":["3.dat","37.log","37.xoutput"],"id":73,"resource":"1536","request_start":1576546214370,"request_end":1576546223804,"request_duration":9434,"type":"1536"}
{"start":1576546219317,"end":1576546223805,"duration":4488,"downloading_duration":1046,"execution_duration":2850,"uploading_duration":592,"executable":"ellipsoids-openmp","args":["1.dat","118.log","118.xoutput"],"id":44,"resource":"1536","request_start":1576546214363,"request_end":1576546223822,"request_duration":9459,"type":"1536"}
{"start":1576546219337,"end":1576546223806,"duration":4469,"downloading_duration":1044,"execution_duration":2840,"uploading_duration":585,"executable":"ellipsoids-openmp","args":["1.dat","119.log","119.xoutput"],"id":45,"resource":"1536","request_start":1576546214363,"request_end":1576546223825,"request_duration":9462,"type":"1536"}
{"start":1576546219298,"end":1576546223807,"duration":4509,"downloading_duration":1023,"execution_duration":2856,"uploading_duration":630,"executable":"ellipsoids-openmp","args":["1.dat","117.log","117.xoutput"],"id":43,"resource":"1536","request_start":1576546214362,"request_end":1576546223828,"request_duration":9466,"type":"1536"}
{"start":1576546219247,"end":1576546223820,"duration":4573,"downloading_duration":1079,"execution_duration":2894,"uploading_duration":600,"executable":"ellipsoids-openmp","args":["1.dat","113.log","113.xoutput"],"id":39,"resource":"1536","request_start":1576546214360,"request_end":1576546223841,"request_duration":9481,"type":"1536"}
{"start":1576546219392,"end":1576546223847,"duration":4455,"downloading_duration":1027,"execution_duration":2834,"uploading_duration":594,"executable":"ellipsoids-openmp","args":["3.dat","32.log","32.xoutput"],"id":68,"resource":"1536","request_start":1576546214365,"request_end":1576546223870,"request_duration":9505,"type":"1536"}
{"start":1576546219461,"end":1576546223849,"duration":4388,"downloading_duration":997,"execution_duration":2829,"uploading_duration":562,"executable":"ellipsoids-openmp","args":["3.dat","312.log","312.xoutput"],"id":78,"resource":"1536","request_start":1576546214373,"request_end":1576546223873,"request_duration":9500,"type":"1536"}
{"start":1576546219549,"end":1576546223875,"duration":4326,"downloading_duration":1007,"execution_duration":2764,"uploading_duration":555,"executable":"ellipsoids-openmp","args":["3.dat","315.log","315.xoutput"],"id":81,"resource":"1536","request_start":1576546214375,"request_end":1576546223895,"request_duration":9520,"type":"1536"}
{"start":1576546219293,"end":1576546223879,"duration":4586,"downloading_duration":1066,"execution_duration":2890,"uploading_duration":630,"executable":"ellipsoids-openmp","args":["1.dat","116.log","116.xoutput"],"id":42,"resource":"1536","request_start":1576546214362,"request_end":1576546223898,"request_duration":9536,"type":"1536"}
{"start":1576546219388,"end":1576546223884,"duration":4496,"downloading_duration":1054,"execution_duration":2873,"uploading_duration":569,"executable":"ellipsoids-openmp","args":["3.dat","33.log","33.xoutput"],"id":69,"resource":"1536","request_start":1576546214366,"request_end":1576546223907,"request_duration":9541,"type":"1536"}
{"start":1576546219260,"end":1576546223889,"duration":4629,"downloading_duration":1003,"execution_duration":3004,"uploading_duration":622,"executable":"ellipsoids-openmp","args":["1.dat","114.log","114.xoutput"],"id":40,"resource":"1536","request_start":1576546214361,"request_end":1576546223910,"request_duration":9549,"type":"1536"}
{"start":1576546219450,"end":1576546223913,"duration":4463,"downloading_duration":986,"execution_duration":2854,"uploading_duration":623,"executable":"ellipsoids-openmp","args":["3.dat","311.log","311.xoutput"],"id":77,"resource":"1536","request_start":1576546214373,"request_end":1576546223934,"request_duration":9561,"type":"1536"}
{"start":1576546219491,"end":1576546223922,"duration":4431,"downloading_duration":1002,"execution_duration":2841,"uploading_duration":588,"executable":"ellipsoids-openmp","args":["3.dat","313.log","313.xoutput"],"id":79,"resource":"1536","request_start":1576546214374,"request_end":1576546223941,"request_duration":9567,"type":"1536"}
{"start":1576546219396,"end":1576546223947,"duration":4551,"downloading_duration":1094,"execution_duration":2866,"uploading_duration":591,"executable":"ellipsoids-openmp","args":["3.dat","34.log","34.xoutput"],"id":70,"resource":"1536","request_start":1576546214366,"request_end":1576546223965,"request_duration":9599,"type":"1536"}
{"start":1576546219629,"end":1576546223945,"duration":4316,"downloading_duration":1028,"execution_duration":2671,"uploading_duration":617,"executable":"ellipsoids-openmp","args":["3.dat","318.log","318.xoutput"],"id":84,"resource":"1536","request_start":1576546214377,"request_end":1576546223968,"request_duration":9591,"type":"1536"}
{"start":1576546219429,"end":1576546223948,"duration":4519,"downloading_duration":1077,"execution_duration":2851,"uploading_duration":591,"executable":"ellipsoids-openmp","args":["3.dat","39.log","39.xoutput"],"id":75,"resource":"1536","request_start":1576546214372,"request_end":1576546223972,"request_duration":9600,"type":"1536"}
{"start":1576546219417,"end":1576546223949,"duration":4532,"downloading_duration":1071,"execution_duration":2814,"uploading_duration":647,"executable":"ellipsoids-openmp","args":["3.dat","38.log","38.xoutput"],"id":74,"resource":"1536","request_start":1576546214371,"request_end":1576546223972,"request_duration":9601,"type":"1536"}
{"start":1576546219405,"end":1576546223954,"duration":4549,"downloading_duration":1193,"execution_duration":2768,"uploading_duration":588,"executable":"ellipsoids-openmp","args":["3.dat","35.log","35.xoutput"],"id":71,"resource":"1536","request_start":1576546214367,"request_end":1576546223981,"request_duration":9614,"type":"1536"}
{"start":1576546219429,"end":1576546223965,"duration":4536,"downloading_duration":991,"execution_duration":2861,"uploading_duration":684,"executable":"ellipsoids-openmp","args":["3.dat","310.log","310.xoutput"],"id":76,"resource":"1536","request_start":1576546214372,"request_end":1576546223990,"request_duration":9618,"type":"1536"}
{"start":1576546219528,"end":1576546223973,"duration":4445,"downloading_duration":999,"execution_duration":2836,"uploading_duration":610,"executable":"ellipsoids-openmp","args":["3.dat","314.log","314.xoutput"],"id":80,"resource":"1536","request_start":1576546214374,"request_end":1576546223995,"request_duration":9621,"type":"1536"}
{"start":1576546219404,"end":1576546223986,"duration":4582,"downloading_duration":1166,"execution_duration":2771,"uploading_duration":645,"executable":"ellipsoids-openmp","args":["3.dat","36.log","36.xoutput"],"id":72,"resource":"1536","request_start":1576546214367,"request_end":1576546224008,"request_duration":9641,"type":"1536"}
{"start":1576546219558,"end":1576546223990,"duration":4432,"downloading_duration":992,"execution_duration":2847,"uploading_duration":593,"executable":"ellipsoids-openmp","args":["3.dat","316.log","316.xoutput"],"id":82,"resource":"1536","request_start":1576546214375,"request_end":1576546224012,"request_duration":9637,"type":"1536"}
{"start":1576546219385,"end":1576546224008,"duration":4623,"downloading_duration":1088,"execution_duration":2952,"uploading_duration":583,"executable":"ellipsoids-openmp","args":["3.dat","31.log","31.xoutput"],"id":67,"resource":"1536","request_start":1576546214365,"request_end":1576546224026,"request_duration":9661,"type":"1536"}
{"start":1576546219367,"end":1576546224013,"duration":4646,"downloading_duration":1208,"execution_duration":2839,"uploading_duration":599,"executable":"ellipsoids-openmp","args":["3.dat","30.log","30.xoutput"],"id":66,"resource":"1536","request_start":1576546214364,"request_end":1576546224047,"request_duration":9683,"type":"1536"}
{"start":1576546219637,"end":1576546224037,"duration":4400,"downloading_duration":1052,"execution_duration":2785,"uploading_duration":563,"executable":"ellipsoids-openmp","args":["3.dat","319.log","319.xoutput"],"id":85,"resource":"1536","request_start":1576546214377,"request_end":1576546224060,"request_duration":9683,"type":"1536"}
{"start":1576546219609,"end":1576546224061,"duration":4452,"downloading_duration":1018,"execution_duration":2862,"uploading_duration":572,"executable":"ellipsoids-openmp","args":["3.dat","317.log","317.xoutput"],"id":83,"resource":"1536","request_start":1576546214376,"request_end":1576546224081,"request_duration":9705,"type":"1536"}
{"start":1576546224140,"end":1576546225651,"duration":1511,"downloading_duration":1036,"execution_duration":2,"uploading_duration":473,"executable":"mean-pack-ell","args":["10.xoutput","11.xoutput","12.xoutput","13.xoutput","14.xoutput","15.xoutput","16.xoutput","17.xoutput","18.xoutput","19.xoutput","110.xoutput","111.xoutput","112.xoutput","113.xoutput","114.xoutput","115.xoutput","116.xoutput","117.xoutput","118.xoutput","119.xoutput","average_1.txt"],"id":87,"resource":"1536","request_start":1576546223923,"request_end":1576546225670,"request_duration":1747,"type":"1536"}
{"start":1576546224237,"end":1576546225665,"duration":1428,"downloading_duration":1043,"execution_duration":2,"uploading_duration":383,"executable":"mean-pack-ell","args":["30.xoutput","31.xoutput","32.xoutput","33.xoutput","34.xoutput","35.xoutput","36.xoutput","37.xoutput","38.xoutput","39.xoutput","310.xoutput","311.xoutput","312.xoutput","313.xoutput","314.xoutput","315.xoutput","316.xoutput","317.xoutput","318.xoutput","319.xoutput","average_3.txt"],"id":89,"resource":"1536","request_start":1576546224091,"request_end":1576546225687,"request_duration":1596,"type":"1536"}
{"start":1576546225800,"end":1576546226684,"duration":884,"downloading_duration":407,"execution_duration":73,"uploading_duration":404,"executable":"summary.js","args":[],"id":90,"resource":"1536","request_start":1576546225692,"request_end":1576546226701,"request_duration":1009,"type":"1536"}
