{"start":1576628789121,"end":1576628789974,"duration":853,"downloading_duration":386,"execution_duration":62,"uploading_duration":405,"executable":"generateData.js","args":[],"id":1,"resource":"3008","request_start":1576628788944,"request_end":1576628790004,"request_duration":1060,"type":"3008"}
{"start":1576628790159,"end":1576628790991,"duration":832,"downloading_duration":379,"execution_duration":62,"uploading_duration":391,"executable":"createDat.js","args":["0.dat"],"id":2,"resource":"3008","request_start":1576628790018,"request_end":1576628791009,"request_duration":991,"type":"3008"}
{"start":1576628790194,"end":1576628791018,"duration":824,"downloading_duration":390,"execution_duration":62,"uploading_duration":372,"executable":"createDat.js","args":["3.dat"],"id":5,"resource":"3008","request_start":1576628790031,"request_end":1576628791038,"request_duration":1007,"type":"3008"}
{"start":1576628790191,"end":1576628791137,"duration":946,"downloading_duration":480,"execution_duration":63,"uploading_duration":403,"executable":"createDat.js","args":["1.dat"],"id":3,"resource":"3008","request_start":1576628790024,"request_end":1576628791156,"request_duration":1132,"type":"3008"}
{"start":1576628790187,"end":1576628791218,"duration":1031,"downloading_duration":557,"execution_duration":63,"uploading_duration":411,"executable":"createDat.js","args":["2.dat"],"id":4,"resource":"3008","request_start":1576628790028,"request_end":1576628791249,"request_duration":1221,"type":"3008"}
{"start":1576628791183,"end":1576628794334,"duration":3151,"downloading_duration":998,"execution_duration":1546,"uploading_duration":607,"executable":"ellipsoids-openmp","args":["0.dat","02.log","02.xoutput"],"id":8,"resource":"3008","request_start":1576628791115,"request_end":1576628794354,"request_duration":3239,"type":"3008"}
{"start":1576628791273,"end":1576628794493,"duration":3220,"downloading_duration":1037,"execution_duration":1539,"uploading_duration":644,"executable":"ellipsoids-openmp","args":["0.dat","03.log","03.xoutput"],"id":9,"resource":"3008","request_start":1576628791116,"request_end":1576628794512,"request_duration":3396,"type":"3008"}
{"start":1576628791461,"end":1576628794551,"duration":3090,"downloading_duration":1002,"execution_duration":1502,"uploading_duration":586,"executable":"ellipsoids-openmp","args":["0.dat","05.log","05.xoutput"],"id":11,"resource":"3008","request_start":1576628791060,"request_end":1576628794571,"request_duration":3511,"type":"3008"}
{"start":1576628791527,"end":1576628794553,"duration":3026,"downloading_duration":998,"execution_duration":1470,"uploading_duration":558,"executable":"ellipsoids-openmp","args":["0.dat","027.log","027.xoutput"],"id":33,"resource":"3008","request_start":1576628791089,"request_end":1576628794574,"request_duration":3485,"type":"3008"}
{"start":1576628791471,"end":1576628794592,"duration":3121,"downloading_duration":1032,"execution_duration":1482,"uploading_duration":607,"executable":"ellipsoids-openmp","args":["0.dat","013.log","013.xoutput"],"id":19,"resource":"3008","request_start":1576628791072,"request_end":1576628794611,"request_duration":3539,"type":"3008"}
{"start":1576628791539,"end":1576628794611,"duration":3072,"downloading_duration":985,"execution_duration":1507,"uploading_duration":580,"executable":"ellipsoids-openmp","args":["0.dat","036.log","036.xoutput"],"id":42,"resource":"3008","request_start":1576628791101,"request_end":1576628794630,"request_duration":3529,"type":"3008"}
{"start":1576628791480,"end":1576628794617,"duration":3137,"downloading_duration":986,"execution_duration":1535,"uploading_duration":616,"executable":"ellipsoids-openmp","args":["0.dat","023.log","023.xoutput"],"id":29,"resource":"3008","request_start":1576628791085,"request_end":1576628794639,"request_duration":3554,"type":"3008"}
{"start":1576628791468,"end":1576628794623,"duration":3155,"downloading_duration":992,"execution_duration":1589,"uploading_duration":574,"executable":"ellipsoids-openmp","args":["0.dat","09.log","09.xoutput"],"id":15,"resource":"3008","request_start":1576628791066,"request_end":1576628794644,"request_duration":3578,"type":"3008"}
{"start":1576628791469,"end":1576628794625,"duration":3156,"downloading_duration":1025,"execution_duration":1575,"uploading_duration":556,"executable":"ellipsoids-openmp","args":["0.dat","011.log","011.xoutput"],"id":17,"resource":"3008","request_start":1576628791069,"request_end":1576628794647,"request_duration":3578,"type":"3008"}
{"start":1576628791466,"end":1576628794640,"duration":3174,"downloading_duration":1076,"execution_duration":1520,"uploading_duration":578,"executable":"ellipsoids-openmp","args":["0.dat","08.log","08.xoutput"],"id":14,"resource":"3008","request_start":1576628791065,"request_end":1576628794660,"request_duration":3595,"type":"3008"}
{"start":1576628791470,"end":1576628794644,"duration":3174,"downloading_duration":991,"execution_duration":1547,"uploading_duration":636,"executable":"ellipsoids-openmp","args":["0.dat","016.log","016.xoutput"],"id":22,"resource":"3008","request_start":1576628791078,"request_end":1576628794663,"request_duration":3585,"type":"3008"}
{"start":1576628791444,"end":1576628794647,"duration":3203,"downloading_duration":1081,"execution_duration":1499,"uploading_duration":623,"executable":"ellipsoids-openmp","args":["0.dat","06.log","06.xoutput"],"id":12,"resource":"3008","request_start":1576628791062,"request_end":1576628794670,"request_duration":3608,"type":"3008"}
{"start":1576628791473,"end":1576628794649,"duration":3176,"downloading_duration":1028,"execution_duration":1533,"uploading_duration":615,"executable":"ellipsoids-openmp","args":["0.dat","015.log","015.xoutput"],"id":21,"resource":"3008","request_start":1576628791077,"request_end":1576628794672,"request_duration":3595,"type":"3008"}
{"start":1576628791534,"end":1576628794648,"duration":3114,"downloading_duration":1035,"execution_duration":1519,"uploading_duration":560,"executable":"ellipsoids-openmp","args":["0.dat","029.log","029.xoutput"],"id":35,"resource":"3008","request_start":1576628791092,"request_end":1576628794673,"request_duration":3581,"type":"3008"}
{"start":1576628791570,"end":1576628794661,"duration":3091,"downloading_duration":1025,"execution_duration":1492,"uploading_duration":574,"executable":"ellipsoids-openmp","args":["0.dat","048.log","048.xoutput"],"id":54,"resource":"3008","request_start":1576628791112,"request_end":1576628794680,"request_duration":3568,"type":"3008"}
{"start":1576628791535,"end":1576628794666,"duration":3131,"downloading_duration":1027,"execution_duration":1538,"uploading_duration":566,"executable":"ellipsoids-openmp","args":["0.dat","039.log","039.xoutput"],"id":45,"resource":"3008","request_start":1576628791104,"request_end":1576628794685,"request_duration":3581,"type":"3008"}
{"start":1576628791474,"end":1576628794669,"duration":3195,"downloading_duration":996,"execution_duration":1570,"uploading_duration":629,"executable":"ellipsoids-openmp","args":["0.dat","019.log","019.xoutput"],"id":25,"resource":"3008","request_start":1576628791081,"request_end":1576628794691,"request_duration":3610,"type":"3008"}
{"start":1576628791475,"end":1576628794671,"duration":3196,"downloading_duration":989,"execution_duration":1561,"uploading_duration":646,"executable":"ellipsoids-openmp","args":["0.dat","017.log","017.xoutput"],"id":23,"resource":"3008","request_start":1576628791079,"request_end":1576628794693,"request_duration":3614,"type":"3008"}
{"start":1576628791464,"end":1576628794674,"duration":3210,"downloading_duration":991,"execution_duration":1609,"uploading_duration":610,"executable":"ellipsoids-openmp","args":["0.dat","04.log","04.xoutput"],"id":10,"resource":"3008","request_start":1576628791058,"request_end":1576628794699,"request_duration":3641,"type":"3008"}
{"start":1576628791463,"end":1576628794677,"duration":3214,"downloading_duration":1030,"execution_duration":1560,"uploading_duration":624,"executable":"ellipsoids-openmp","args":["0.dat","07.log","07.xoutput"],"id":13,"resource":"3008","request_start":1576628791063,"request_end":1576628794702,"request_duration":3639,"type":"3008"}
{"start":1576628791524,"end":1576628794679,"duration":3155,"downloading_duration":1040,"execution_duration":1530,"uploading_duration":585,"executable":"ellipsoids-openmp","args":["0.dat","021.log","021.xoutput"],"id":27,"resource":"3008","request_start":1576628791083,"request_end":1576628794703,"request_duration":3620,"type":"3008"}
{"start":1576628791519,"end":1576628794685,"duration":3166,"downloading_duration":1002,"execution_duration":1576,"uploading_duration":588,"executable":"ellipsoids-openmp","args":["0.dat","045.log","045.xoutput"],"id":51,"resource":"3008","request_start":1576628791109,"request_end":1576628794716,"request_duration":3607,"type":"3008"}
{"start":1576628791539,"end":1576628794717,"duration":3178,"downloading_duration":995,"execution_duration":1521,"uploading_duration":662,"executable":"ellipsoids-openmp","args":["0.dat","037.log","037.xoutput"],"id":43,"resource":"3008","request_start":1576628791102,"request_end":1576628794735,"request_duration":3633,"type":"3008"}
{"start":1576628791479,"end":1576628794719,"duration":3240,"downloading_duration":1065,"execution_duration":1578,"uploading_duration":597,"executable":"ellipsoids-openmp","args":["0.dat","022.log","022.xoutput"],"id":28,"resource":"3008","request_start":1576628791084,"request_end":1576628794738,"request_duration":3654,"type":"3008"}
{"start":1576628791540,"end":1576628794719,"duration":3179,"downloading_duration":1025,"execution_duration":1544,"uploading_duration":610,"executable":"ellipsoids-openmp","args":["0.dat","032.log","032.xoutput"],"id":38,"resource":"3008","request_start":1576628791096,"request_end":1576628794743,"request_duration":3647,"type":"3008"}
{"start":1576628791589,"end":1576628794720,"duration":3131,"downloading_duration":1068,"execution_duration":1497,"uploading_duration":566,"executable":"ellipsoids-openmp","args":["0.dat","046.log","046.xoutput"],"id":52,"resource":"3008","request_start":1576628791110,"request_end":1576628794747,"request_duration":3637,"type":"3008"}
{"start":1576628791468,"end":1576628794721,"duration":3253,"downloading_duration":1076,"execution_duration":1581,"uploading_duration":596,"executable":"ellipsoids-openmp","args":["0.dat","012.log","012.xoutput"],"id":18,"resource":"3008","request_start":1576628791071,"request_end":1576628794748,"request_duration":3677,"type":"3008"}
{"start":1576628791515,"end":1576628794722,"duration":3207,"downloading_duration":995,"execution_duration":1591,"uploading_duration":621,"executable":"ellipsoids-openmp","args":["0.dat","042.log","042.xoutput"],"id":48,"resource":"3008","request_start":1576628791107,"request_end":1576628794749,"request_duration":3642,"type":"3008"}
{"start":1576628791522,"end":1576628794724,"duration":3202,"downloading_duration":1078,"execution_duration":1480,"uploading_duration":644,"executable":"ellipsoids-openmp","args":["0.dat","026.log","026.xoutput"],"id":32,"resource":"3008","request_start":1576628791088,"request_end":1576628794750,"request_duration":3662,"type":"3008"}
{"start":1576628791475,"end":1576628794726,"duration":3251,"downloading_duration":1028,"execution_duration":1591,"uploading_duration":632,"executable":"ellipsoids-openmp","args":["0.dat","014.log","014.xoutput"],"id":20,"resource":"3008","request_start":1576628791073,"request_end":1576628794761,"request_duration":3688,"type":"3008"}
{"start":1576628791522,"end":1576628794728,"duration":3206,"downloading_duration":1134,"execution_duration":1499,"uploading_duration":573,"executable":"ellipsoids-openmp","args":["0.dat","043.log","043.xoutput"],"id":49,"resource":"3008","request_start":1576628791107,"request_end":1576628794761,"request_duration":3654,"type":"3008"}
{"start":1576628791534,"end":1576628794728,"duration":3194,"downloading_duration":1023,"execution_duration":1567,"uploading_duration":604,"executable":"ellipsoids-openmp","args":["0.dat","031.log","031.xoutput"],"id":37,"resource":"3008","request_start":1576628791095,"request_end":1576628794764,"request_duration":3669,"type":"3008"}
{"start":1576628791518,"end":1576628794728,"duration":3210,"downloading_duration":1036,"execution_duration":1540,"uploading_duration":634,"executable":"ellipsoids-openmp","args":["0.dat","040.log","040.xoutput"],"id":46,"resource":"3008","request_start":1576628791105,"request_end":1576628794765,"request_duration":3660,"type":"3008"}
{"start":1576628791469,"end":1576628794730,"duration":3261,"downloading_duration":1091,"execution_duration":1547,"uploading_duration":623,"executable":"ellipsoids-openmp","args":["0.dat","010.log","010.xoutput"],"id":16,"resource":"3008","request_start":1576628791068,"request_end":1576628794766,"request_duration":3698,"type":"3008"}
{"start":1576628791532,"end":1576628794733,"duration":3201,"downloading_duration":1075,"execution_duration":1504,"uploading_duration":622,"executable":"ellipsoids-openmp","args":["0.dat","025.log","025.xoutput"],"id":31,"resource":"3008","request_start":1576628791087,"request_end":1576628794768,"request_duration":3681,"type":"3008"}
{"start":1576628791536,"end":1576628794739,"duration":3203,"downloading_duration":1075,"execution_duration":1556,"uploading_duration":572,"executable":"ellipsoids-openmp","args":["0.dat","033.log","033.xoutput"],"id":39,"resource":"3008","request_start":1576628791097,"request_end":1576628794769,"request_duration":3672,"type":"3008"}
{"start":1576628791528,"end":1576628794744,"duration":3216,"downloading_duration":1083,"execution_duration":1537,"uploading_duration":596,"executable":"ellipsoids-openmp","args":["0.dat","028.log","028.xoutput"],"id":34,"resource":"3008","request_start":1576628791091,"request_end":1576628794781,"request_duration":3690,"type":"3008"}
{"start":1576628791548,"end":1576628794747,"duration":3199,"downloading_duration":1080,"execution_duration":1490,"uploading_duration":629,"executable":"ellipsoids-openmp","args":["0.dat","049.log","049.xoutput"],"id":55,"resource":"3008","request_start":1576628791113,"request_end":1576628794781,"request_duration":3668,"type":"3008"}
{"start":1576628791547,"end":1576628794759,"duration":3212,"downloading_duration":992,"execution_duration":1587,"uploading_duration":633,"executable":"ellipsoids-openmp","args":["0.dat","041.log","041.xoutput"],"id":47,"resource":"3008","request_start":1576628791106,"request_end":1576628794785,"request_duration":3679,"type":"3008"}
{"start":1576628791479,"end":1576628794766,"duration":3287,"downloading_duration":999,"execution_duration":1596,"uploading_duration":692,"executable":"ellipsoids-openmp","args":["0.dat","020.log","020.xoutput"],"id":26,"resource":"3008","request_start":1576628791082,"request_end":1576628794806,"request_duration":3724,"type":"3008"}
{"start":1576628791537,"end":1576628794770,"duration":3233,"downloading_duration":1136,"execution_duration":1516,"uploading_duration":581,"executable":"ellipsoids-openmp","args":["0.dat","035.log","035.xoutput"],"id":41,"resource":"3008","request_start":1576628791101,"request_end":1576628794809,"request_duration":3708,"type":"3008"}
{"start":1576628791590,"end":1576628794772,"duration":3182,"downloading_duration":1035,"execution_duration":1533,"uploading_duration":614,"executable":"ellipsoids-openmp","args":["0.dat","01.log","01.xoutput"],"id":7,"resource":"3008","request_start":1576628791114,"request_end":1576628794811,"request_duration":3697,"type":"3008"}
{"start":1576628791541,"end":1576628794783,"duration":3242,"downloading_duration":1050,"execution_duration":1552,"uploading_duration":640,"executable":"ellipsoids-openmp","args":["0.dat","038.log","038.xoutput"],"id":44,"resource":"3008","request_start":1576628791103,"request_end":1576628794819,"request_duration":3716,"type":"3008"}
{"start":1576628791520,"end":1576628794812,"duration":3292,"downloading_duration":1034,"execution_duration":1552,"uploading_duration":706,"executable":"ellipsoids-openmp","args":["0.dat","044.log","044.xoutput"],"id":50,"resource":"3008","request_start":1576628791108,"request_end":1576628794843,"request_duration":3735,"type":"3008"}
{"start":1576628791482,"end":1576628794825,"duration":3343,"downloading_duration":996,"execution_duration":1579,"uploading_duration":768,"executable":"ellipsoids-openmp","args":["0.dat","018.log","018.xoutput"],"id":24,"resource":"3008","request_start":1576628791080,"request_end":1576628794859,"request_duration":3779,"type":"3008"}
{"start":1576628791529,"end":1576628794831,"duration":3302,"downloading_duration":999,"execution_duration":1524,"uploading_duration":779,"executable":"ellipsoids-openmp","args":["0.dat","024.log","024.xoutput"],"id":30,"resource":"3008","request_start":1576628791086,"request_end":1576628794861,"request_duration":3775,"type":"3008"}
{"start":1576628791532,"end":1576628794835,"duration":3303,"downloading_duration":1088,"execution_duration":1580,"uploading_duration":635,"executable":"ellipsoids-openmp","args":["0.dat","030.log","030.xoutput"],"id":36,"resource":"3008","request_start":1576628791093,"request_end":1576628794866,"request_duration":3773,"type":"3008"}
{"start":1576628791538,"end":1576628794846,"duration":3308,"downloading_duration":1004,"execution_duration":1595,"uploading_duration":709,"executable":"ellipsoids-openmp","args":["0.dat","034.log","034.xoutput"],"id":40,"resource":"3008","request_start":1576628791100,"request_end":1576628794879,"request_duration":3779,"type":"3008"}
{"start":1576628791584,"end":1576628794854,"duration":3270,"downloading_duration":989,"execution_duration":1620,"uploading_duration":661,"executable":"ellipsoids-openmp","args":["0.dat","00.log","00.xoutput"],"id":6,"resource":"3008","request_start":1576628791113,"request_end":1576628794882,"request_duration":3769,"type":"3008"}
{"start":1576628791594,"end":1576628794907,"duration":3313,"downloading_duration":1216,"execution_duration":1539,"uploading_duration":558,"executable":"ellipsoids-openmp","args":["0.dat","047.log","047.xoutput"],"id":53,"resource":"3008","request_start":1576628791111,"request_end":1576628794931,"request_duration":3820,"type":"3008"}
{"start":1576628794378,"end":1576628797395,"duration":3017,"downloading_duration":1000,"execution_duration":1453,"uploading_duration":564,"executable":"ellipsoids-openmp","args":["3.dat","30.log","30.xoutput"],"id":156,"resource":"3008","request_start":1576628791159,"request_end":1576628797417,"request_duration":6258,"type":"3008"}
{"start":1576628794544,"end":1576628797593,"duration":3049,"downloading_duration":1005,"execution_duration":1480,"uploading_duration":564,"executable":"ellipsoids-openmp","args":["3.dat","31.log","31.xoutput"],"id":157,"resource":"3008","request_start":1576628791159,"request_end":1576628797615,"request_duration":6456,"type":"3008"}
{"start":1576628794605,"end":1576628797698,"duration":3093,"downloading_duration":1075,"execution_duration":1449,"uploading_duration":569,"executable":"ellipsoids-openmp","args":["3.dat","33.log","33.xoutput"],"id":159,"resource":"3008","request_start":1576628791160,"request_end":1576628797723,"request_duration":6563,"type":"3008"}
{"start":1576628794690,"end":1576628797732,"duration":3042,"downloading_duration":1027,"execution_duration":1439,"uploading_duration":576,"executable":"ellipsoids-openmp","args":["3.dat","310.log","310.xoutput"],"id":166,"resource":"3008","request_start":1576628791165,"request_end":1576628797751,"request_duration":6586,"type":"3008"}
{"start":1576628794662,"end":1576628797750,"duration":3088,"downloading_duration":986,"execution_duration":1532,"uploading_duration":570,"executable":"ellipsoids-openmp","args":["3.dat","36.log","36.xoutput"],"id":162,"resource":"3008","request_start":1576628791162,"request_end":1576628797771,"request_duration":6609,"type":"3008"}
{"start":1576628794697,"end":1576628797752,"duration":3055,"downloading_duration":1039,"execution_duration":1453,"uploading_duration":563,"executable":"ellipsoids-openmp","args":["3.dat","312.log","312.xoutput"],"id":168,"resource":"3008","request_start":1576628791167,"request_end":1576628797777,"request_duration":6610,"type":"3008"}
{"start":1576628794598,"end":1576628797760,"duration":3162,"downloading_duration":1007,"execution_duration":1468,"uploading_duration":687,"executable":"ellipsoids-openmp","args":["3.dat","32.log","32.xoutput"],"id":158,"resource":"3008","request_start":1576628791160,"request_end":1576628797786,"request_duration":6626,"type":"3008"}
{"start":1576628794637,"end":1576628797764,"duration":3127,"downloading_duration":1078,"execution_duration":1492,"uploading_duration":557,"executable":"ellipsoids-openmp","args":["3.dat","34.log","34.xoutput"],"id":160,"resource":"3008","request_start":1576628791161,"request_end":1576628797788,"request_duration":6627,"type":"3008"}
{"start":1576628794678,"end":1576628797772,"duration":3094,"downloading_duration":1030,"execution_duration":1474,"uploading_duration":590,"executable":"ellipsoids-openmp","args":["3.dat","37.log","37.xoutput"],"id":163,"resource":"3008","request_start":1576628791163,"request_end":1576628797797,"request_duration":6634,"type":"3008"}
{"start":1576628794764,"end":1576628797775,"duration":3011,"downloading_duration":986,"execution_duration":1462,"uploading_duration":563,"executable":"ellipsoids-openmp","args":["3.dat","323.log","323.xoutput"],"id":179,"resource":"3008","request_start":1576628791174,"request_end":1576628797802,"request_duration":6628,"type":"3008"}
{"start":1576628794684,"end":1576628797819,"duration":3135,"downloading_duration":1070,"execution_duration":1445,"uploading_duration":620,"executable":"ellipsoids-openmp","args":["3.dat","38.log","38.xoutput"],"id":164,"resource":"3008","request_start":1576628791163,"request_end":1576628797848,"request_duration":6685,"type":"3008"}
{"start":1576628794707,"end":1576628797824,"duration":3117,"downloading_duration":1067,"execution_duration":1455,"uploading_duration":595,"executable":"ellipsoids-openmp","args":["3.dat","314.log","314.xoutput"],"id":170,"resource":"3008","request_start":1576628791169,"request_end":1576628797850,"request_duration":6681,"type":"3008"}
{"start":1576628794705,"end":1576628797830,"duration":3125,"downloading_duration":1071,"execution_duration":1492,"uploading_duration":562,"executable":"ellipsoids-openmp","args":["3.dat","313.log","313.xoutput"],"id":169,"resource":"3008","request_start":1576628791168,"request_end":1576628797857,"request_duration":6689,"type":"3008"}
{"start":1576628794838,"end":1576628797836,"duration":2998,"downloading_duration":976,"execution_duration":1464,"uploading_duration":558,"executable":"ellipsoids-openmp","args":["3.dat","339.log","339.xoutput"],"id":195,"resource":"3008","request_start":1576628791183,"request_end":1576628797860,"request_duration":6677,"type":"3008"}
{"start":1576628794695,"end":1576628797837,"duration":3142,"downloading_duration":984,"execution_duration":1544,"uploading_duration":614,"executable":"ellipsoids-openmp","args":["3.dat","311.log","311.xoutput"],"id":167,"resource":"3008","request_start":1576628791166,"request_end":1576628797862,"request_duration":6696,"type":"3008"}
{"start":1576628794809,"end":1576628797838,"duration":3029,"downloading_duration":989,"execution_duration":1453,"uploading_duration":587,"executable":"ellipsoids-openmp","args":["3.dat","336.log","336.xoutput"],"id":192,"resource":"3008","request_start":1576628791181,"request_end":1576628797870,"request_duration":6689,"type":"3008"}
{"start":1576628794728,"end":1576628797841,"duration":3113,"downloading_duration":1041,"execution_duration":1502,"uploading_duration":570,"executable":"ellipsoids-openmp","args":["3.dat","318.log","318.xoutput"],"id":174,"resource":"3008","request_start":1576628791171,"request_end":1576628797872,"request_duration":6701,"type":"3008"}
{"start":1576628794742,"end":1576628797844,"duration":3102,"downloading_duration":1115,"execution_duration":1406,"uploading_duration":581,"executable":"ellipsoids-openmp","args":["3.dat","321.log","321.xoutput"],"id":177,"resource":"3008","request_start":1576628791173,"request_end":1576628797874,"request_duration":6701,"type":"3008"}
{"start":1576628794654,"end":1576628797850,"duration":3196,"downloading_duration":1064,"execution_duration":1482,"uploading_duration":650,"executable":"ellipsoids-openmp","args":["3.dat","35.log","35.xoutput"],"id":161,"resource":"3008","request_start":1576628791162,"request_end":1576628797880,"request_duration":6718,"type":"3008"}
{"start":1576628794799,"end":1576628797852,"duration":3053,"downloading_duration":986,"execution_duration":1475,"uploading_duration":592,"executable":"ellipsoids-openmp","args":["3.dat","335.log","335.xoutput"],"id":191,"resource":"3008","request_start":1576628791181,"request_end":1576628797883,"request_duration":6702,"type":"3008"}
{"start":1576628794718,"end":1576628797860,"duration":3142,"downloading_duration":1081,"execution_duration":1474,"uploading_duration":587,"executable":"ellipsoids-openmp","args":["3.dat","316.log","316.xoutput"],"id":172,"resource":"3008","request_start":1576628791170,"request_end":1576628797886,"request_duration":6716,"type":"3008"}
{"start":1576628794774,"end":1576628797868,"duration":3094,"downloading_duration":1080,"execution_duration":1433,"uploading_duration":581,"executable":"ellipsoids-openmp","args":["3.dat","324.log","324.xoutput"],"id":180,"resource":"3008","request_start":1576628791175,"request_end":1576628797910,"request_duration":6735,"type":"3008"}
{"start":1576628794692,"end":1576628797872,"duration":3180,"downloading_duration":1093,"execution_duration":1492,"uploading_duration":595,"executable":"ellipsoids-openmp","args":["3.dat","39.log","39.xoutput"],"id":165,"resource":"3008","request_start":1576628791164,"request_end":1576628797913,"request_duration":6749,"type":"3008"}
{"start":1576628794791,"end":1576628797876,"duration":3085,"downloading_duration":1024,"execution_duration":1502,"uploading_duration":559,"executable":"ellipsoids-openmp","args":["3.dat","329.log","329.xoutput"],"id":185,"resource":"3008","request_start":1576628791178,"request_end":1576628797914,"request_duration":6736,"type":"3008"}
{"start":1576628794773,"end":1576628797879,"duration":3106,"downloading_duration":1075,"execution_duration":1470,"uploading_duration":561,"executable":"ellipsoids-openmp","args":["3.dat","325.log","325.xoutput"],"id":181,"resource":"3008","request_start":1576628791175,"request_end":1576628797917,"request_duration":6742,"type":"3008"}
{"start":1576628794797,"end":1576628797884,"duration":3087,"downloading_duration":1070,"execution_duration":1445,"uploading_duration":572,"executable":"ellipsoids-openmp","args":["3.dat","333.log","333.xoutput"],"id":189,"resource":"3008","request_start":1576628791180,"request_end":1576628797928,"request_duration":6748,"type":"3008"}
{"start":1576628794715,"end":1576628797891,"duration":3176,"downloading_duration":996,"execution_duration":1555,"uploading_duration":625,"executable":"ellipsoids-openmp","args":["3.dat","315.log","315.xoutput"],"id":171,"resource":"3008","request_start":1576628791169,"request_end":1576628797930,"request_duration":6761,"type":"3008"}
{"start":1576628794734,"end":1576628797905,"duration":3171,"downloading_duration":1166,"execution_duration":1448,"uploading_duration":557,"executable":"ellipsoids-openmp","args":["3.dat","319.log","319.xoutput"],"id":175,"resource":"3008","request_start":1576628791172,"request_end":1576628797947,"request_duration":6775,"type":"3008"}
{"start":1576628794795,"end":1576628797911,"duration":3116,"downloading_duration":1028,"execution_duration":1477,"uploading_duration":611,"executable":"ellipsoids-openmp","args":["3.dat","330.log","330.xoutput"],"id":186,"resource":"3008","request_start":1576628791178,"request_end":1576628797950,"request_duration":6772,"type":"3008"}
{"start":1576628794735,"end":1576628797912,"duration":3177,"downloading_duration":1107,"execution_duration":1466,"uploading_duration":604,"executable":"ellipsoids-openmp","args":["3.dat","320.log","320.xoutput"],"id":176,"resource":"3008","request_start":1576628791172,"request_end":1576628797953,"request_duration":6781,"type":"3008"}
{"start":1576628794779,"end":1576628797916,"duration":3137,"downloading_duration":1079,"execution_duration":1495,"uploading_duration":563,"executable":"ellipsoids-openmp","args":["3.dat","327.log","327.xoutput"],"id":183,"resource":"3008","request_start":1576628791176,"request_end":1576628797963,"request_duration":6787,"type":"3008"}
{"start":1576628794798,"end":1576628797930,"duration":3132,"downloading_duration":1077,"execution_duration":1457,"uploading_duration":598,"executable":"ellipsoids-openmp","args":["3.dat","334.log","334.xoutput"],"id":190,"resource":"3008","request_start":1576628791180,"request_end":1576628797965,"request_duration":6785,"type":"3008"}
{"start":1576628794845,"end":1576628797930,"duration":3085,"downloading_duration":1007,"execution_duration":1468,"uploading_duration":610,"executable":"ellipsoids-openmp","args":["3.dat","341.log","341.xoutput"],"id":197,"resource":"3008","request_start":1576628791184,"request_end":1576628797968,"request_duration":6784,"type":"3008"}
{"start":1576628794844,"end":1576628797932,"duration":3088,"downloading_duration":1033,"execution_duration":1445,"uploading_duration":610,"executable":"ellipsoids-openmp","args":["3.dat","340.log","340.xoutput"],"id":196,"resource":"3008","request_start":1576628791183,"request_end":1576628797970,"request_duration":6787,"type":"3008"}
{"start":1576628794813,"end":1576628797947,"duration":3134,"downloading_duration":1028,"execution_duration":1507,"uploading_duration":599,"executable":"ellipsoids-openmp","args":["3.dat","337.log","337.xoutput"],"id":193,"resource":"3008","request_start":1576628791182,"request_end":1576628798031,"request_duration":6849,"type":"3008"}
{"start":1576628794780,"end":1576628797947,"duration":3167,"downloading_duration":1121,"execution_duration":1468,"uploading_duration":578,"executable":"ellipsoids-openmp","args":["3.dat","328.log","328.xoutput"],"id":184,"resource":"3008","request_start":1576628791177,"request_end":1576628798033,"request_duration":6856,"type":"3008"}
{"start":1576628794867,"end":1576628797949,"duration":3082,"downloading_duration":1014,"execution_duration":1509,"uploading_duration":559,"executable":"ellipsoids-openmp","args":["3.dat","343.log","343.xoutput"],"id":199,"resource":"3008","request_start":1576628791188,"request_end":1576628798035,"request_duration":6847,"type":"3008"}
{"start":1576628794911,"end":1576628797970,"duration":3059,"downloading_duration":1020,"execution_duration":1490,"uploading_duration":549,"executable":"ellipsoids-openmp","args":["3.dat","348.log","348.xoutput"],"id":204,"resource":"3008","request_start":1576628791190,"request_end":1576628798039,"request_duration":6849,"type":"3008"}
{"start":1576628794719,"end":1576628797972,"duration":3253,"downloading_duration":1089,"execution_duration":1538,"uploading_duration":626,"executable":"ellipsoids-openmp","args":["3.dat","317.log","317.xoutput"],"id":173,"resource":"3008","request_start":1576628791170,"request_end":1576628798043,"request_duration":6873,"type":"3008"}
{"start":1576628794797,"end":1576628798000,"duration":3203,"downloading_duration":1081,"execution_duration":1532,"uploading_duration":590,"executable":"ellipsoids-openmp","args":["3.dat","332.log","332.xoutput"],"id":188,"resource":"3008","request_start":1576628791179,"request_end":1576628798046,"request_duration":6867,"type":"3008"}
{"start":1576628794777,"end":1576628798022,"duration":3245,"downloading_duration":1119,"execution_duration":1555,"uploading_duration":571,"executable":"ellipsoids-openmp","args":["3.dat","326.log","326.xoutput"],"id":182,"resource":"3008","request_start":1576628791176,"request_end":1576628798058,"request_duration":6882,"type":"3008"}
{"start":1576628794892,"end":1576628798055,"duration":3163,"downloading_duration":1086,"execution_duration":1479,"uploading_duration":598,"executable":"ellipsoids-openmp","args":["3.dat","346.log","346.xoutput"],"id":202,"resource":"3008","request_start":1576628791189,"request_end":1576628798081,"request_duration":6892,"type":"3008"}
{"start":1576628794762,"end":1576628798060,"duration":3298,"downloading_duration":1155,"execution_duration":1458,"uploading_duration":685,"executable":"ellipsoids-openmp","args":["3.dat","322.log","322.xoutput"],"id":178,"resource":"3008","request_start":1576628791174,"request_end":1576628798093,"request_duration":6919,"type":"3008"}
{"start":1576628794956,"end":1576628798119,"duration":3163,"downloading_duration":1070,"execution_duration":1495,"uploading_duration":598,"executable":"ellipsoids-openmp","args":["3.dat","349.log","349.xoutput"],"id":205,"resource":"3008","request_start":1576628791191,"request_end":1576628798141,"request_duration":6950,"type":"3008"}
{"start":1576628794905,"end":1576628798151,"duration":3246,"downloading_duration":1153,"execution_duration":1437,"uploading_duration":656,"executable":"ellipsoids-openmp","args":["3.dat","347.log","347.xoutput"],"id":203,"resource":"3008","request_start":1576628791190,"request_end":1576628798171,"request_duration":6981,"type":"3008"}
{"start":1576628794819,"end":1576628798166,"duration":3347,"downloading_duration":1070,"execution_duration":1482,"uploading_duration":795,"executable":"ellipsoids-openmp","args":["3.dat","338.log","338.xoutput"],"id":194,"resource":"3008","request_start":1576628791182,"request_end":1576628798191,"request_duration":7009,"type":"3008"}
{"start":1576628794850,"end":1576628798296,"duration":3446,"downloading_duration":1236,"execution_duration":1408,"uploading_duration":802,"executable":"ellipsoids-openmp","args":["3.dat","342.log","342.xoutput"],"id":198,"resource":"3008","request_start":1576628791187,"request_end":1576628798315,"request_duration":7128,"type":"3008"}
{"start":1576628794891,"end":1576628798336,"duration":3445,"downloading_duration":1266,"execution_duration":1502,"uploading_duration":677,"executable":"ellipsoids-openmp","args":["3.dat","344.log","344.xoutput"],"id":200,"resource":"3008","request_start":1576628791188,"request_end":1576628798355,"request_duration":7167,"type":"3008"}
{"start":1576628794892,"end":1576628798492,"duration":3600,"downloading_duration":1191,"execution_duration":1542,"uploading_duration":867,"executable":"ellipsoids-openmp","args":["3.dat","345.log","345.xoutput"],"id":201,"resource":"3008","request_start":1576628791189,"request_end":1576628798510,"request_duration":7321,"type":"3008"}
{"start":1576628794795,"end":1576628798692,"duration":3897,"downloading_duration":991,"execution_duration":1416,"uploading_duration":1490,"executable":"ellipsoids-openmp","args":["3.dat","331.log","331.xoutput"],"id":187,"resource":"3008","request_start":1576628791179,"request_end":1576628798710,"request_duration":7531,"type":"3008"}
{"start":1576628797444,"end":1576628800680,"duration":3236,"downloading_duration":1059,"execution_duration":1563,"uploading_duration":614,"executable":"ellipsoids-openmp","args":["1.dat","144.log","144.xoutput"],"id":100,"resource":"3008","request_start":1576628791261,"request_end":1576628800702,"request_duration":9441,"type":"3008"}
{"start":1576628797781,"end":1576628800816,"duration":3035,"downloading_duration":991,"execution_duration":1476,"uploading_duration":568,"executable":"ellipsoids-openmp","args":["1.dat","147.log","147.xoutput"],"id":103,"resource":"3008","request_start":1576628791263,"request_end":1576628800836,"request_duration":9573,"type":"3008"}
{"start":1576628797749,"end":1576628800830,"duration":3081,"downloading_duration":1001,"execution_duration":1484,"uploading_duration":596,"executable":"ellipsoids-openmp","args":["1.dat","146.log","146.xoutput"],"id":102,"resource":"3008","request_start":1576628791262,"request_end":1576628800848,"request_duration":9586,"type":"3008"}
{"start":1576628797641,"end":1576628800832,"duration":3191,"downloading_duration":985,"execution_duration":1609,"uploading_duration":597,"executable":"ellipsoids-openmp","args":["1.dat","145.log","145.xoutput"],"id":101,"resource":"3008","request_start":1576628791262,"request_end":1576628800855,"request_duration":9593,"type":"3008"}
{"start":1576628797914,"end":1576628800904,"duration":2990,"downloading_duration":1004,"execution_duration":1426,"uploading_duration":560,"executable":"ellipsoids-openmp","args":["1.dat","114.log","114.xoutput"],"id":70,"resource":"3008","request_start":1576628791273,"request_end":1576628800923,"request_duration":9650,"type":"3008"}
{"start":1576628797814,"end":1576628800920,"duration":3106,"downloading_duration":1018,"execution_duration":1499,"uploading_duration":589,"executable":"ellipsoids-openmp","args":["1.dat","10.log","10.xoutput"],"id":56,"resource":"3008","request_start":1576628791265,"request_end":1576628800940,"request_duration":9675,"type":"3008"}
{"start":1576628797821,"end":1576628800932,"duration":3111,"downloading_duration":991,"execution_duration":1490,"uploading_duration":630,"executable":"ellipsoids-openmp","args":["1.dat","12.log","12.xoutput"],"id":58,"resource":"3008","request_start":1576628791266,"request_end":1576628800951,"request_duration":9685,"type":"3008"}
{"start":1576628797823,"end":1576628800942,"duration":3119,"downloading_duration":1027,"execution_duration":1489,"uploading_duration":603,"executable":"ellipsoids-openmp","args":["1.dat","11.log","11.xoutput"],"id":57,"resource":"3008","request_start":1576628791265,"request_end":1576628800960,"request_duration":9695,"type":"3008"}
{"start":1576628797889,"end":1576628800962,"duration":3073,"downloading_duration":996,"execution_duration":1527,"uploading_duration":550,"executable":"ellipsoids-openmp","args":["1.dat","17.log","17.xoutput"],"id":63,"resource":"3008","request_start":1576628791269,"request_end":1576628800979,"request_duration":9710,"type":"3008"}
{"start":1576628797804,"end":1576628800986,"duration":3182,"downloading_duration":984,"execution_duration":1577,"uploading_duration":621,"executable":"ellipsoids-openmp","args":["1.dat","149.log","149.xoutput"],"id":105,"resource":"3008","request_start":1576628791264,"request_end":1576628801002,"request_duration":9738,"type":"3008"}
{"start":1576628797827,"end":1576628800986,"duration":3159,"downloading_duration":1071,"execution_duration":1484,"uploading_duration":604,"executable":"ellipsoids-openmp","args":["1.dat","13.log","13.xoutput"],"id":59,"resource":"3008","request_start":1576628791267,"request_end":1576628801004,"request_duration":9737,"type":"3008"}
{"start":1576628797950,"end":1576628800991,"duration":3041,"downloading_duration":1077,"execution_duration":1406,"uploading_duration":558,"executable":"ellipsoids-openmp","args":["1.dat","118.log","118.xoutput"],"id":74,"resource":"3008","request_start":1576628791275,"request_end":1576628801009,"request_duration":9734,"type":"3008"}
{"start":1576628797806,"end":1576628801008,"duration":3202,"downloading_duration":1086,"execution_duration":1523,"uploading_duration":593,"executable":"ellipsoids-openmp","args":["1.dat","148.log","148.xoutput"],"id":104,"resource":"3008","request_start":1576628791264,"request_end":1576628801029,"request_duration":9765,"type":"3008"}
{"start":1576628797942,"end":1576628801025,"duration":3083,"downloading_duration":994,"execution_duration":1491,"uploading_duration":598,"executable":"ellipsoids-openmp","args":["1.dat","115.log","115.xoutput"],"id":71,"resource":"3008","request_start":1576628791273,"request_end":1576628801042,"request_duration":9769,"type":"3008"}
{"start":1576628797973,"end":1576628801032,"duration":3059,"downloading_duration":980,"execution_duration":1508,"uploading_duration":571,"executable":"ellipsoids-openmp","args":["1.dat","121.log","121.xoutput"],"id":77,"resource":"3008","request_start":1576628791276,"request_end":1576628801052,"request_duration":9776,"type":"3008"}
{"start":1576628797874,"end":1576628801046,"duration":3172,"downloading_duration":1072,"execution_duration":1470,"uploading_duration":630,"executable":"ellipsoids-openmp","args":["1.dat","14.log","14.xoutput"],"id":60,"resource":"3008","request_start":1576628791267,"request_end":1576628801064,"request_duration":9797,"type":"3008"}
{"start":1576628797887,"end":1576628801047,"duration":3160,"downloading_duration":1031,"execution_duration":1565,"uploading_duration":564,"executable":"ellipsoids-openmp","args":["1.dat","15.log","15.xoutput"],"id":61,"resource":"3008","request_start":1576628791268,"request_end":1576628801066,"request_duration":9798,"type":"3008"}
{"start":1576628797908,"end":1576628801051,"duration":3143,"downloading_duration":1019,"execution_duration":1474,"uploading_duration":650,"executable":"ellipsoids-openmp","args":["1.dat","18.log","18.xoutput"],"id":64,"resource":"3008","request_start":1576628791269,"request_end":1576628801073,"request_duration":9804,"type":"3008"}
{"start":1576628797980,"end":1576628801059,"duration":3079,"downloading_duration":1019,"execution_duration":1504,"uploading_duration":556,"executable":"ellipsoids-openmp","args":["1.dat","123.log","123.xoutput"],"id":79,"resource":"3008","request_start":1576628791277,"request_end":1576628801080,"request_duration":9803,"type":"3008"}
{"start":1576628797979,"end":1576628801060,"duration":3081,"downloading_duration":1075,"execution_duration":1441,"uploading_duration":565,"executable":"ellipsoids-openmp","args":["1.dat","122.log","122.xoutput"],"id":78,"resource":"3008","request_start":1576628791277,"request_end":1576628801081,"request_duration":9804,"type":"3008"}
{"start":1576628797900,"end":1576628801074,"duration":3174,"downloading_duration":1058,"execution_duration":1530,"uploading_duration":586,"executable":"ellipsoids-openmp","args":["1.dat","110.log","110.xoutput"],"id":66,"resource":"3008","request_start":1576628791270,"request_end":1576628801092,"request_duration":9822,"type":"3008"}
{"start":1576628798078,"end":1576628801078,"duration":3000,"downloading_duration":984,"execution_duration":1422,"uploading_duration":594,"executable":"ellipsoids-openmp","args":["1.dat","133.log","133.xoutput"],"id":89,"resource":"3008","request_start":1576628791282,"request_end":1576628801098,"request_duration":9816,"type":"3008"}
{"start":1576628797962,"end":1576628801084,"duration":3122,"downloading_duration":992,"execution_duration":1523,"uploading_duration":607,"executable":"ellipsoids-openmp","args":["1.dat","120.log","120.xoutput"],"id":76,"resource":"3008","request_start":1576628791276,"request_end":1576628801106,"request_duration":9830,"type":"3008"}
{"start":1576628797945,"end":1576628801090,"duration":3145,"downloading_duration":992,"execution_duration":1576,"uploading_duration":577,"executable":"ellipsoids-openmp","args":["1.dat","116.log","116.xoutput"],"id":72,"resource":"3008","request_start":1576628791274,"request_end":1576628801114,"request_duration":9840,"type":"3008"}
{"start":1576628797999,"end":1576628801111,"duration":3112,"downloading_duration":1006,"execution_duration":1473,"uploading_duration":633,"executable":"ellipsoids-openmp","args":["1.dat","126.log","126.xoutput"],"id":82,"resource":"3008","request_start":1576628791279,"request_end":1576628801132,"request_duration":9853,"type":"3008"}
{"start":1576628797899,"end":1576628801115,"duration":3216,"downloading_duration":1000,"execution_duration":1564,"uploading_duration":652,"executable":"ellipsoids-openmp","args":["1.dat","19.log","19.xoutput"],"id":65,"resource":"3008","request_start":1576628791270,"request_end":1576628801134,"request_duration":9864,"type":"3008"}
{"start":1576628797991,"end":1576628801118,"duration":3127,"downloading_duration":1078,"execution_duration":1444,"uploading_duration":605,"executable":"ellipsoids-openmp","args":["1.dat","124.log","124.xoutput"],"id":80,"resource":"3008","request_start":1576628791278,"request_end":1576628801139,"request_duration":9861,"type":"3008"}
{"start":1576628797905,"end":1576628801121,"duration":3216,"downloading_duration":1159,"execution_duration":1421,"uploading_duration":636,"executable":"ellipsoids-openmp","args":["1.dat","111.log","111.xoutput"],"id":67,"resource":"3008","request_start":1576628791271,"request_end":1576628801142,"request_duration":9871,"type":"3008"}
{"start":1576628798124,"end":1576628801130,"duration":3006,"downloading_duration":1038,"execution_duration":1390,"uploading_duration":578,"executable":"ellipsoids-openmp","args":["1.dat","136.log","136.xoutput"],"id":92,"resource":"3008","request_start":1576628791284,"request_end":1576628801149,"request_duration":9865,"type":"3008"}
{"start":1576628798074,"end":1576628801131,"duration":3057,"downloading_duration":996,"execution_duration":1459,"uploading_duration":602,"executable":"ellipsoids-openmp","args":["1.dat","132.log","132.xoutput"],"id":88,"resource":"3008","request_start":1576628791282,"request_end":1576628801151,"request_duration":9869,"type":"3008"}
{"start":1576628797951,"end":1576628801142,"duration":3191,"downloading_duration":1162,"execution_duration":1429,"uploading_duration":600,"executable":"ellipsoids-openmp","args":["1.dat","117.log","117.xoutput"],"id":73,"resource":"3008","request_start":1576628791274,"request_end":1576628801162,"request_duration":9888,"type":"3008"}
{"start":1576628797998,"end":1576628801143,"duration":3145,"downloading_duration":1079,"execution_duration":1439,"uploading_duration":627,"executable":"ellipsoids-openmp","args":["1.dat","125.log","125.xoutput"],"id":81,"resource":"3008","request_start":1576628791278,"request_end":1576628801163,"request_duration":9885,"type":"3008"}
{"start":1576628797912,"end":1576628801146,"duration":3234,"downloading_duration":1067,"execution_duration":1551,"uploading_duration":616,"executable":"ellipsoids-openmp","args":["1.dat","113.log","113.xoutput"],"id":69,"resource":"3008","request_start":1576628791272,"request_end":1576628801164,"request_duration":9892,"type":"3008"}
{"start":1576628798068,"end":1576628801155,"duration":3087,"downloading_duration":1036,"execution_duration":1444,"uploading_duration":607,"executable":"ellipsoids-openmp","args":["1.dat","129.log","129.xoutput"],"id":85,"resource":"3008","request_start":1576628791280,"request_end":1576628801175,"request_duration":9895,"type":"3008"}
{"start":1576628798071,"end":1576628801158,"duration":3087,"downloading_duration":986,"execution_duration":1523,"uploading_duration":578,"executable":"ellipsoids-openmp","args":["1.dat","130.log","130.xoutput"],"id":86,"resource":"3008","request_start":1576628791281,"request_end":1576628801177,"request_duration":9896,"type":"3008"}
{"start":1576628798068,"end":1576628801172,"duration":3104,"downloading_duration":1068,"execution_duration":1474,"uploading_duration":562,"executable":"ellipsoids-openmp","args":["1.dat","128.log","128.xoutput"],"id":84,"resource":"3008","request_start":1576628791280,"request_end":1576628801193,"request_duration":9913,"type":"3008"}
{"start":1576628797889,"end":1576628801182,"duration":3293,"downloading_duration":1043,"execution_duration":1502,"uploading_duration":748,"executable":"ellipsoids-openmp","args":["1.dat","16.log","16.xoutput"],"id":62,"resource":"3008","request_start":1576628791268,"request_end":1576628801201,"request_duration":9933,"type":"3008"}
{"start":1576628798114,"end":1576628801186,"duration":3072,"downloading_duration":992,"execution_duration":1470,"uploading_duration":610,"executable":"ellipsoids-openmp","args":["1.dat","135.log","135.xoutput"],"id":91,"resource":"3008","request_start":1576628791283,"request_end":1576628801206,"request_duration":9923,"type":"3008"}
{"start":1576628797955,"end":1576628801191,"duration":3236,"downloading_duration":974,"execution_duration":1554,"uploading_duration":708,"executable":"ellipsoids-openmp","args":["1.dat","119.log","119.xoutput"],"id":75,"resource":"3008","request_start":1576628791275,"request_end":1576628801212,"request_duration":9937,"type":"3008"}
{"start":1576628797998,"end":1576628801200,"duration":3202,"downloading_duration":1184,"execution_duration":1436,"uploading_duration":582,"executable":"ellipsoids-openmp","args":["1.dat","127.log","127.xoutput"],"id":83,"resource":"3008","request_start":1576628791279,"request_end":1576628801224,"request_duration":9945,"type":"3008"}
{"start":1576628798083,"end":1576628801213,"duration":3130,"downloading_duration":1070,"execution_duration":1448,"uploading_duration":612,"executable":"ellipsoids-openmp","args":["1.dat","134.log","134.xoutput"],"id":90,"resource":"3008","request_start":1576628791283,"request_end":1576628801232,"request_duration":9949,"type":"3008"}
{"start":1576628798073,"end":1576628801229,"duration":3156,"downloading_duration":1016,"execution_duration":1511,"uploading_duration":629,"executable":"ellipsoids-openmp","args":["1.dat","131.log","131.xoutput"],"id":87,"resource":"3008","request_start":1576628791281,"request_end":1576628801247,"request_duration":9966,"type":"3008"}
{"start":1576628798193,"end":1576628801233,"duration":3040,"downloading_duration":987,"execution_duration":1440,"uploading_duration":613,"executable":"ellipsoids-openmp","args":["1.dat","138.log","138.xoutput"],"id":94,"resource":"3008","request_start":1576628791285,"request_end":1576628801249,"request_duration":9964,"type":"3008"}
{"start":1576628798172,"end":1576628801250,"duration":3078,"downloading_duration":1037,"execution_duration":1417,"uploading_duration":624,"executable":"ellipsoids-openmp","args":["1.dat","137.log","137.xoutput"],"id":93,"resource":"3008","request_start":1576628791284,"request_end":1576628801269,"request_duration":9985,"type":"3008"}
{"start":1576628798390,"end":1576628801322,"duration":2932,"downloading_duration":991,"execution_duration":1365,"uploading_duration":576,"executable":"ellipsoids-openmp","args":["1.dat","141.log","141.xoutput"],"id":97,"resource":"3008","request_start":1576628791286,"request_end":1576628801339,"request_duration":10053,"type":"3008"}
{"start":1576628798224,"end":1576628801411,"duration":3187,"downloading_duration":1144,"execution_duration":1453,"uploading_duration":590,"executable":"ellipsoids-openmp","args":["1.dat","139.log","139.xoutput"],"id":95,"resource":"3008","request_start":1576628791285,"request_end":1576628801432,"request_duration":10147,"type":"3008"}
{"start":1576628798352,"end":1576628801431,"duration":3079,"downloading_duration":1081,"execution_duration":1429,"uploading_duration":569,"executable":"ellipsoids-openmp","args":["1.dat","140.log","140.xoutput"],"id":96,"resource":"3008","request_start":1576628791286,"request_end":1576628801449,"request_duration":10163,"type":"3008"}
{"start":1576628798536,"end":1576628801630,"duration":3094,"downloading_duration":1079,"execution_duration":1419,"uploading_duration":596,"executable":"ellipsoids-openmp","args":["1.dat","142.log","142.xoutput"],"id":98,"resource":"3008","request_start":1576628791287,"request_end":1576628801650,"request_duration":10363,"type":"3008"}
{"start":1576628798736,"end":1576628802136,"duration":3400,"downloading_duration":1083,"execution_duration":1410,"uploading_duration":907,"executable":"ellipsoids-openmp","args":["1.dat","143.log","143.xoutput"],"id":99,"resource":"3008","request_start":1576628791287,"request_end":1576628802157,"request_duration":10870,"type":"3008"}
{"start":1576628797911,"end":1576628802228,"duration":4317,"downloading_duration":2279,"execution_duration":1466,"uploading_duration":572,"executable":"ellipsoids-openmp","args":["1.dat","112.log","112.xoutput"],"id":68,"resource":"3008","request_start":1576628791272,"request_end":1576628802247,"request_duration":10975,"type":"3008"}
{"start":1576628800735,"end":1576628803927,"duration":3192,"downloading_duration":1068,"execution_duration":1519,"uploading_duration":605,"executable":"ellipsoids-openmp","args":["2.dat","20.log","20.xoutput"],"id":106,"resource":"3008","request_start":1576628791300,"request_end":1576628803948,"request_duration":12648,"type":"3008"}
{"start":1576628800866,"end":1576628804010,"duration":3144,"downloading_duration":977,"execution_duration":1608,"uploading_duration":559,"executable":"ellipsoids-openmp","args":["2.dat","21.log","21.xoutput"],"id":107,"resource":"3008","request_start":1576628791301,"request_end":1576628804032,"request_duration":12731,"type":"3008"}
{"start":1576628800885,"end":1576628804045,"duration":3160,"downloading_duration":1045,"execution_duration":1459,"uploading_duration":656,"executable":"ellipsoids-openmp","args":["2.dat","23.log","23.xoutput"],"id":109,"resource":"3008","request_start":1576628791302,"request_end":1576628804063,"request_duration":12761,"type":"3008"}
{"start":1576628800988,"end":1576628804077,"duration":3089,"downloading_duration":981,"execution_duration":1475,"uploading_duration":633,"executable":"ellipsoids-openmp","args":["2.dat","27.log","27.xoutput"],"id":113,"resource":"3008","request_start":1576628791304,"request_end":1576628804095,"request_duration":12791,"type":"3008"}
{"start":1576628801039,"end":1576628804175,"duration":3136,"downloading_duration":973,"execution_duration":1552,"uploading_duration":611,"executable":"ellipsoids-openmp","args":["2.dat","211.log","211.xoutput"],"id":117,"resource":"3008","request_start":1576628791306,"request_end":1576628804193,"request_duration":12887,"type":"3008"}
{"start":1576628801006,"end":1576628804176,"duration":3170,"downloading_duration":990,"execution_duration":1507,"uploading_duration":673,"executable":"ellipsoids-openmp","args":["2.dat","28.log","28.xoutput"],"id":114,"resource":"3008","request_start":1576628791305,"request_end":1576628804195,"request_duration":12890,"type":"3008"}
{"start":1576628800878,"end":1576628804184,"duration":3306,"downloading_duration":1149,"execution_duration":1573,"uploading_duration":584,"executable":"ellipsoids-openmp","args":["2.dat","22.log","22.xoutput"],"id":108,"resource":"3008","request_start":1576628791302,"request_end":1576628804203,"request_duration":12901,"type":"3008"}
{"start":1576628801035,"end":1576628804197,"duration":3162,"downloading_duration":1001,"execution_duration":1585,"uploading_duration":576,"executable":"ellipsoids-openmp","args":["2.dat","210.log","210.xoutput"],"id":116,"resource":"3008","request_start":1576628791306,"request_end":1576628804222,"request_duration":12916,"type":"3008"}
{"start":1576628801067,"end":1576628804212,"duration":3145,"downloading_duration":1002,"execution_duration":1577,"uploading_duration":566,"executable":"ellipsoids-openmp","args":["2.dat","213.log","213.xoutput"],"id":119,"resource":"3008","request_start":1576628791307,"request_end":1576628804235,"request_duration":12928,"type":"3008"}
{"start":1576628801098,"end":1576628804236,"duration":3138,"downloading_duration":987,"execution_duration":1588,"uploading_duration":563,"executable":"ellipsoids-openmp","args":["2.dat","215.log","215.xoutput"],"id":121,"resource":"3008","request_start":1576628791311,"request_end":1576628804255,"request_duration":12944,"type":"3008"}
{"start":1576628801057,"end":1576628804240,"duration":3183,"downloading_duration":993,"execution_duration":1589,"uploading_duration":601,"executable":"ellipsoids-openmp","args":["2.dat","212.log","212.xoutput"],"id":118,"resource":"3008","request_start":1576628791307,"request_end":1576628804259,"request_duration":12952,"type":"3008"}
{"start":1576628800954,"end":1576628804241,"duration":3287,"downloading_duration":1064,"execution_duration":1615,"uploading_duration":608,"executable":"ellipsoids-openmp","args":["2.dat","24.log","24.xoutput"],"id":110,"resource":"3008","request_start":1576628791303,"request_end":1576628804262,"request_duration":12959,"type":"3008"}
{"start":1576628801077,"end":1576628804243,"duration":3166,"downloading_duration":992,"execution_duration":1597,"uploading_duration":577,"executable":"ellipsoids-openmp","args":["2.dat","214.log","214.xoutput"],"id":120,"resource":"3008","request_start":1576628791308,"request_end":1576628804271,"request_duration":12963,"type":"3008"}
{"start":1576628800969,"end":1576628804280,"duration":3311,"downloading_duration":1152,"execution_duration":1534,"uploading_duration":625,"executable":"ellipsoids-openmp","args":["2.dat","25.log","25.xoutput"],"id":111,"resource":"3008","request_start":1576628791303,"request_end":1576628804300,"request_duration":12997,"type":"3008"}
{"start":1576628801163,"end":1576628804285,"duration":3122,"downloading_duration":995,"execution_duration":1566,"uploading_duration":561,"executable":"ellipsoids-openmp","args":["2.dat","224.log","224.xoutput"],"id":130,"resource":"3008","request_start":1576628791316,"request_end":1576628804308,"request_duration":12992,"type":"3008"}
{"start":1576628801106,"end":1576628804300,"duration":3194,"downloading_duration":992,"execution_duration":1618,"uploading_duration":584,"executable":"ellipsoids-openmp","args":["2.dat","218.log","218.xoutput"],"id":124,"resource":"3008","request_start":1576628791312,"request_end":1576628804320,"request_duration":13008,"type":"3008"}
{"start":1576628801027,"end":1576628804304,"duration":3277,"downloading_duration":1039,"execution_duration":1601,"uploading_duration":637,"executable":"ellipsoids-openmp","args":["2.dat","29.log","29.xoutput"],"id":115,"resource":"3008","request_start":1576628791305,"request_end":1576628804322,"request_duration":13017,"type":"3008"}
{"start":1576628801200,"end":1576628804350,"duration":3150,"downloading_duration":991,"execution_duration":1533,"uploading_duration":626,"executable":"ellipsoids-openmp","args":["2.dat","233.log","233.xoutput"],"id":139,"resource":"3008","request_start":1576628791322,"request_end":1576628804369,"request_duration":13047,"type":"3008"}
{"start":1576628801176,"end":1576628804352,"duration":3176,"downloading_duration":997,"execution_duration":1552,"uploading_duration":627,"executable":"ellipsoids-openmp","args":["2.dat","229.log","229.xoutput"],"id":135,"resource":"3008","request_start":1576628791319,"request_end":1576628804371,"request_duration":13052,"type":"3008"}
{"start":1576628801100,"end":1576628804353,"duration":3253,"downloading_duration":1080,"execution_duration":1584,"uploading_duration":589,"executable":"ellipsoids-openmp","args":["2.dat","217.log","217.xoutput"],"id":123,"resource":"3008","request_start":1576628791312,"request_end":1576628804373,"request_duration":13061,"type":"3008"}
{"start":1576628801232,"end":1576628804371,"duration":3139,"downloading_duration":1019,"execution_duration":1533,"uploading_duration":587,"executable":"ellipsoids-openmp","args":["2.dat","236.log","236.xoutput"],"id":142,"resource":"3008","request_start":1576628791324,"request_end":1576628804391,"request_duration":13067,"type":"3008"}
{"start":1576628801103,"end":1576628804383,"duration":3280,"downloading_duration":1063,"execution_duration":1606,"uploading_duration":611,"executable":"ellipsoids-openmp","args":["2.dat","216.log","216.xoutput"],"id":122,"resource":"3008","request_start":1576628791311,"request_end":1576628804401,"request_duration":13090,"type":"3008"}
{"start":1576628801143,"end":1576628804383,"duration":3240,"downloading_duration":1032,"execution_duration":1625,"uploading_duration":583,"executable":"ellipsoids-openmp","args":["2.dat","223.log","223.xoutput"],"id":129,"resource":"3008","request_start":1576628791315,"request_end":1576628804403,"request_duration":13088,"type":"3008"}
{"start":1576628801161,"end":1576628804384,"duration":3223,"downloading_duration":1082,"execution_duration":1549,"uploading_duration":592,"executable":"ellipsoids-openmp","args":["2.dat","225.log","225.xoutput"],"id":131,"resource":"3008","request_start":1576628791317,"request_end":1576628804406,"request_duration":13089,"type":"3008"}
{"start":1576628801118,"end":1576628804391,"duration":3273,"downloading_duration":1027,"execution_duration":1588,"uploading_duration":658,"executable":"ellipsoids-openmp","args":["2.dat","220.log","220.xoutput"],"id":126,"resource":"3008","request_start":1576628791313,"request_end":1576628804414,"request_duration":13101,"type":"3008"}
{"start":1576628801206,"end":1576628804429,"duration":3223,"downloading_duration":987,"execution_duration":1615,"uploading_duration":621,"executable":"ellipsoids-openmp","args":["2.dat","234.log","234.xoutput"],"id":140,"resource":"3008","request_start":1576628791323,"request_end":1576628804447,"request_duration":13124,"type":"3008"}
{"start":1576628801177,"end":1576628804429,"duration":3252,"downloading_duration":1071,"execution_duration":1576,"uploading_duration":605,"executable":"ellipsoids-openmp","args":["2.dat","228.log","228.xoutput"],"id":134,"resource":"3008","request_start":1576628791319,"request_end":1576628804449,"request_duration":13130,"type":"3008"}
{"start":1576628801236,"end":1576628804438,"duration":3202,"downloading_duration":1028,"execution_duration":1592,"uploading_duration":582,"executable":"ellipsoids-openmp","args":["2.dat","238.log","238.xoutput"],"id":144,"resource":"3008","request_start":1576628791325,"request_end":1576628804459,"request_duration":13134,"type":"3008"}
{"start":1576628801367,"end":1576628804442,"duration":3075,"downloading_duration":1023,"execution_duration":1502,"uploading_duration":550,"executable":"ellipsoids-openmp","args":["2.dat","244.log","244.xoutput"],"id":150,"resource":"3008","request_start":1576628791329,"request_end":1576628804461,"request_duration":13132,"type":"3008"}
{"start":1576628801193,"end":1576628804446,"duration":3253,"downloading_duration":1055,"execution_duration":1607,"uploading_duration":591,"executable":"ellipsoids-openmp","args":["2.dat","231.log","231.xoutput"],"id":137,"resource":"3008","request_start":1576628791320,"request_end":1576628804467,"request_duration":13147,"type":"3008"}
{"start":1576628801133,"end":1576628804453,"duration":3320,"downloading_duration":1171,"execution_duration":1580,"uploading_duration":569,"executable":"ellipsoids-openmp","args":["2.dat","222.log","222.xoutput"],"id":128,"resource":"3008","request_start":1576628791315,"request_end":1576628804471,"request_duration":13156,"type":"3008"}
{"start":1576628801195,"end":1576628804466,"duration":3271,"downloading_duration":1066,"execution_duration":1568,"uploading_duration":637,"executable":"ellipsoids-openmp","args":["2.dat","232.log","232.xoutput"],"id":138,"resource":"3008","request_start":1576628791321,"request_end":1576628804485,"request_duration":13164,"type":"3008"}
{"start":1576628801172,"end":1576628804483,"duration":3311,"downloading_duration":1075,"execution_duration":1618,"uploading_duration":618,"executable":"ellipsoids-openmp","args":["2.dat","227.log","227.xoutput"],"id":133,"resource":"3008","request_start":1576628791318,"request_end":1576628804505,"request_duration":13187,"type":"3008"}
{"start":1576628801251,"end":1576628804489,"duration":3238,"downloading_duration":1159,"execution_duration":1506,"uploading_duration":573,"executable":"ellipsoids-openmp","args":["2.dat","239.log","239.xoutput"],"id":145,"resource":"3008","request_start":1576628791326,"request_end":1576628804508,"request_duration":13182,"type":"3008"}
{"start":1576628801263,"end":1576628804534,"duration":3271,"downloading_duration":1041,"execution_duration":1629,"uploading_duration":601,"executable":"ellipsoids-openmp","args":["2.dat","240.log","240.xoutput"],"id":146,"resource":"3008","request_start":1576628791327,"request_end":1576628804554,"request_duration":13227,"type":"3008"}
{"start":1576628801189,"end":1576628804581,"duration":3392,"downloading_duration":1154,"execution_duration":1618,"uploading_duration":620,"executable":"ellipsoids-openmp","args":["2.dat","230.log","230.xoutput"],"id":136,"resource":"3008","request_start":1576628791320,"request_end":1576628804600,"request_duration":13280,"type":"3008"}
{"start":1576628801475,"end":1576628804592,"duration":3117,"downloading_duration":988,"execution_duration":1575,"uploading_duration":554,"executable":"ellipsoids-openmp","args":["2.dat","246.log","246.xoutput"],"id":152,"resource":"3008","request_start":1576628791330,"request_end":1576628804610,"request_duration":13280,"type":"3008"}
{"start":1576628801303,"end":1576628804600,"duration":3297,"downloading_duration":1167,"execution_duration":1504,"uploading_duration":626,"executable":"ellipsoids-openmp","args":["2.dat","243.log","243.xoutput"],"id":149,"resource":"3008","request_start":1576628791328,"request_end":1576628804619,"request_duration":13291,"type":"3008"}
{"start":1576628801293,"end":1576628804602,"duration":3309,"downloading_duration":1127,"execution_duration":1585,"uploading_duration":597,"executable":"ellipsoids-openmp","args":["2.dat","242.log","242.xoutput"],"id":148,"resource":"3008","request_start":1576628791328,"request_end":1576628804623,"request_duration":13295,"type":"3008"}
{"start":1576628801464,"end":1576628804710,"duration":3246,"downloading_duration":1031,"execution_duration":1590,"uploading_duration":625,"executable":"ellipsoids-openmp","args":["2.dat","245.log","245.xoutput"],"id":151,"resource":"3008","request_start":1576628791329,"request_end":1576628804728,"request_duration":13399,"type":"3008"}
{"start":1576628800975,"end":1576628804770,"duration":3795,"downloading_duration":1579,"execution_duration":1621,"uploading_duration":595,"executable":"ellipsoids-openmp","args":["2.dat","26.log","26.xoutput"],"id":112,"resource":"3008","request_start":1576628791304,"request_end":1576628804788,"request_duration":13484,"type":"3008"}
{"start":1576628801167,"end":1576628804792,"duration":3625,"downloading_duration":1079,"execution_duration":1598,"uploading_duration":948,"executable":"ellipsoids-openmp","args":["2.dat","226.log","226.xoutput"],"id":132,"resource":"3008","request_start":1576628791317,"request_end":1576628804810,"request_duration":13493,"type":"3008"}
{"start":1576628801280,"end":1576628804993,"duration":3713,"downloading_duration":1032,"execution_duration":1529,"uploading_duration":1152,"executable":"ellipsoids-openmp","args":["2.dat","241.log","241.xoutput"],"id":147,"resource":"3008","request_start":1576628791327,"request_end":1576628805014,"request_duration":13687,"type":"3008"}
{"start":1576628801686,"end":1576628805001,"duration":3315,"downloading_duration":1036,"execution_duration":1648,"uploading_duration":631,"executable":"ellipsoids-openmp","args":["2.dat","247.log","247.xoutput"],"id":153,"resource":"3008","request_start":1576628791331,"request_end":1576628805020,"request_duration":13689,"type":"3008"}
{"start":1576628801113,"end":1576628805102,"duration":3989,"downloading_duration":1467,"execution_duration":1565,"uploading_duration":957,"executable":"ellipsoids-openmp","args":["2.dat","219.log","219.xoutput"],"id":125,"resource":"3008","request_start":1576628791313,"request_end":1576628805120,"request_duration":13807,"type":"3008"}
{"start":1576628801231,"end":1576628805306,"duration":4075,"downloading_duration":1075,"execution_duration":1620,"uploading_duration":1380,"executable":"ellipsoids-openmp","args":["2.dat","237.log","237.xoutput"],"id":143,"resource":"3008","request_start":1576628791324,"request_end":1576628805325,"request_duration":14001,"type":"3008"}
{"start":1576628801128,"end":1576628805419,"duration":4291,"downloading_duration":2044,"execution_duration":1630,"uploading_duration":617,"executable":"ellipsoids-openmp","args":["2.dat","221.log","221.xoutput"],"id":127,"resource":"3008","request_start":1576628791314,"request_end":1576628805440,"request_duration":14126,"type":"3008"}
{"start":1576628802186,"end":1576628805450,"duration":3264,"downloading_duration":1076,"execution_duration":1618,"uploading_duration":570,"executable":"ellipsoids-openmp","args":["2.dat","248.log","248.xoutput"],"id":154,"resource":"3008","request_start":1576628791331,"request_end":1576628805471,"request_duration":14140,"type":"3008"}
{"start":1576628803981,"end":1576628805506,"duration":1525,"downloading_duration":1148,"execution_duration":3,"uploading_duration":374,"executable":"mean-pack-ell","args":["00.xoutput","01.xoutput","02.xoutput","03.xoutput","04.xoutput","05.xoutput","06.xoutput","07.xoutput","08.xoutput","09.xoutput","010.xoutput","011.xoutput","012.xoutput","013.xoutput","014.xoutput","015.xoutput","016.xoutput","017.xoutput","018.xoutput","019.xoutput","020.xoutput","021.xoutput","022.xoutput","023.xoutput","024.xoutput","025.xoutput","026.xoutput","027.xoutput","028.xoutput","029.xoutput","030.xoutput","031.xoutput","032.xoutput","033.xoutput","034.xoutput","035.xoutput","036.xoutput","037.xoutput","038.xoutput","039.xoutput","040.xoutput","041.xoutput","042.xoutput","043.xoutput","044.xoutput","045.xoutput","046.xoutput","047.xoutput","048.xoutput","049.xoutput","average_0.txt"],"id":206,"resource":"3008","request_start":1576628794942,"request_end":1576628805525,"request_duration":10583,"type":"3008"}
{"start":1576628802273,"end":1576628805520,"duration":3247,"downloading_duration":1029,"execution_duration":1619,"uploading_duration":599,"executable":"ellipsoids-openmp","args":["2.dat","249.log","249.xoutput"],"id":155,"resource":"3008","request_start":1576628791332,"request_end":1576628805540,"request_duration":14208,"type":"3008"}
{"start":1576628804065,"end":1576628805606,"duration":1541,"downloading_duration":1147,"execution_duration":3,"uploading_duration":391,"executable":"mean-pack-ell","args":["30.xoutput","31.xoutput","32.xoutput","33.xoutput","34.xoutput","35.xoutput","36.xoutput","37.xoutput","38.xoutput","39.xoutput","310.xoutput","311.xoutput","312.xoutput","313.xoutput","314.xoutput","315.xoutput","316.xoutput","317.xoutput","318.xoutput","319.xoutput","320.xoutput","321.xoutput","322.xoutput","323.xoutput","324.xoutput","325.xoutput","326.xoutput","327.xoutput","328.xoutput","329.xoutput","330.xoutput","331.xoutput","332.xoutput","333.xoutput","334.xoutput","335.xoutput","336.xoutput","337.xoutput","338.xoutput","339.xoutput","340.xoutput","341.xoutput","342.xoutput","343.xoutput","344.xoutput","345.xoutput","346.xoutput","347.xoutput","348.xoutput","349.xoutput","average_3.txt"],"id":209,"resource":"3008","request_start":1576628798734,"request_end":1576628805624,"request_duration":6890,"type":"3008"}
{"start":1576628801224,"end":1576628805630,"duration":4406,"downloading_duration":2127,"execution_duration":1568,"uploading_duration":711,"executable":"ellipsoids-openmp","args":["2.dat","235.log","235.xoutput"],"id":141,"resource":"3008","request_start":1576628791323,"request_end":1576628805687,"request_duration":14364,"type":"3008"}
{"start":1576628804093,"end":1576628805639,"duration":1546,"downloading_duration":1135,"execution_duration":3,"uploading_duration":408,"executable":"mean-pack-ell","args":["10.xoutput","11.xoutput","12.xoutput","13.xoutput","14.xoutput","15.xoutput","16.xoutput","17.xoutput","18.xoutput","19.xoutput","110.xoutput","111.xoutput","112.xoutput","113.xoutput","114.xoutput","115.xoutput","116.xoutput","117.xoutput","118.xoutput","119.xoutput","120.xoutput","121.xoutput","122.xoutput","123.xoutput","124.xoutput","125.xoutput","126.xoutput","127.xoutput","128.xoutput","129.xoutput","130.xoutput","131.xoutput","132.xoutput","133.xoutput","134.xoutput","135.xoutput","136.xoutput","137.xoutput","138.xoutput","139.xoutput","140.xoutput","141.xoutput","142.xoutput","143.xoutput","144.xoutput","145.xoutput","146.xoutput","147.xoutput","148.xoutput","149.xoutput","average_1.txt"],"id":207,"resource":"3008","request_start":1576628802259,"request_end":1576628805693,"request_duration":3434,"type":"3008"}
{"start":1576628805897,"end":1576628807455,"duration":1558,"downloading_duration":1145,"execution_duration":4,"uploading_duration":409,"executable":"mean-pack-ell","args":["20.xoutput","21.xoutput","22.xoutput","23.xoutput","24.xoutput","25.xoutput","26.xoutput","27.xoutput","28.xoutput","29.xoutput","210.xoutput","211.xoutput","212.xoutput","213.xoutput","214.xoutput","215.xoutput","216.xoutput","217.xoutput","218.xoutput","219.xoutput","220.xoutput","221.xoutput","222.xoutput","223.xoutput","224.xoutput","225.xoutput","226.xoutput","227.xoutput","228.xoutput","229.xoutput","230.xoutput","231.xoutput","232.xoutput","233.xoutput","234.xoutput","235.xoutput","236.xoutput","237.xoutput","238.xoutput","239.xoutput","240.xoutput","241.xoutput","242.xoutput","243.xoutput","244.xoutput","245.xoutput","246.xoutput","247.xoutput","248.xoutput","249.xoutput","average_2.txt"],"id":208,"resource":"3008","request_start":1576628805700,"request_end":1576628807475,"request_duration":1775,"type":"3008"}
{"start":1576628807598,"end":1576628808467,"duration":869,"downloading_duration":414,"execution_duration":63,"uploading_duration":392,"executable":"summary.js","args":[],"id":210,"resource":"3008","request_start":1576628807483,"request_end":1576628808483,"request_duration":1000,"type":"3008"}
