{"start":1576628834170,"end":1576628835068,"duration":898,"downloading_duration":428,"execution_duration":63,"uploading_duration":407,"executable":"generateData.js","args":[],"id":1,"resource":"3008","request_start":1576628833976,"request_end":1576628835100,"request_duration":1124,"type":"3008"}
{"start":1576628835246,"end":1576628836074,"duration":828,"downloading_duration":378,"execution_duration":61,"uploading_duration":389,"executable":"createDat.js","args":["3.dat"],"id":5,"resource":"3008","request_start":1576628835127,"request_end":1576628836090,"request_duration":963,"type":"3008"}
{"start":1576628835243,"end":1576628836078,"duration":835,"downloading_duration":384,"execution_duration":65,"uploading_duration":386,"executable":"createDat.js","args":["0.dat"],"id":2,"resource":"3008","request_start":1576628835114,"request_end":1576628836098,"request_duration":984,"type":"3008"}
{"start":1576628835249,"end":1576628836079,"duration":830,"downloading_duration":382,"execution_duration":59,"uploading_duration":389,"executable":"createDat.js","args":["2.dat"],"id":4,"resource":"3008","request_start":1576628835124,"request_end":1576628836099,"request_duration":975,"type":"3008"}
{"start":1576628835232,"end":1576628836081,"duration":849,"downloading_duration":380,"execution_duration":62,"uploading_duration":407,"executable":"createDat.js","args":["1.dat"],"id":3,"resource":"3008","request_start":1576628835120,"request_end":1576628836101,"request_duration":981,"type":"3008"}
{"start":1576628836532,"end":1576628839523,"duration":2991,"downloading_duration":984,"execution_duration":1423,"uploading_duration":584,"executable":"ellipsoids-openmp","args":["3.dat","311.log","311.xoutput"],"id":167,"resource":"3008","request_start":1576628836166,"request_end":1576628839544,"request_duration":3378,"type":"3008"}
{"start":1576628836537,"end":1576628839525,"duration":2988,"downloading_duration":988,"execution_duration":1430,"uploading_duration":570,"executable":"ellipsoids-openmp","args":["3.dat","316.log","316.xoutput"],"id":172,"resource":"3008","request_start":1576628836182,"request_end":1576628839547,"request_duration":3365,"type":"3008"}
{"start":1576628836533,"end":1576628839527,"duration":2994,"downloading_duration":981,"execution_duration":1445,"uploading_duration":568,"executable":"ellipsoids-openmp","args":["3.dat","37.log","37.xoutput"],"id":163,"resource":"3008","request_start":1576628836162,"request_end":1576628839550,"request_duration":3388,"type":"3008"}
{"start":1576628836544,"end":1576628839551,"duration":3007,"downloading_duration":990,"execution_duration":1415,"uploading_duration":602,"executable":"ellipsoids-openmp","args":["3.dat","312.log","312.xoutput"],"id":168,"resource":"3008","request_start":1576628836167,"request_end":1576628839570,"request_duration":3403,"type":"3008"}
{"start":1576628836556,"end":1576628839560,"duration":3004,"downloading_duration":988,"execution_duration":1455,"uploading_duration":561,"executable":"ellipsoids-openmp","args":["3.dat","318.log","318.xoutput"],"id":174,"resource":"3008","request_start":1576628836184,"request_end":1576628839580,"request_duration":3396,"type":"3008"}
{"start":1576628836558,"end":1576628839572,"duration":3014,"downloading_duration":990,"execution_duration":1451,"uploading_duration":573,"executable":"ellipsoids-openmp","args":["3.dat","323.log","323.xoutput"],"id":179,"resource":"3008","request_start":1576628836190,"request_end":1576628839590,"request_duration":3400,"type":"3008"}
{"start":1576628836535,"end":1576628839574,"duration":3039,"downloading_duration":1009,"execution_duration":1465,"uploading_duration":565,"executable":"ellipsoids-openmp","args":["3.dat","313.log","313.xoutput"],"id":169,"resource":"3008","request_start":1576628836168,"request_end":1576628839593,"request_duration":3425,"type":"3008"}
{"start":1576628836522,"end":1576628839582,"duration":3060,"downloading_duration":1025,"execution_duration":1451,"uploading_duration":584,"executable":"ellipsoids-openmp","args":["3.dat","35.log","35.xoutput"],"id":161,"resource":"3008","request_start":1576628836160,"request_end":1576628839600,"request_duration":3440,"type":"3008"}
{"start":1576628836533,"end":1576628839610,"duration":3077,"downloading_duration":1008,"execution_duration":1445,"uploading_duration":624,"executable":"ellipsoids-openmp","args":["3.dat","38.log","38.xoutput"],"id":164,"resource":"3008","request_start":1576628836163,"request_end":1576628839630,"request_duration":3467,"type":"3008"}
{"start":1576628836541,"end":1576628839611,"duration":3070,"downloading_duration":995,"execution_duration":1432,"uploading_duration":643,"executable":"ellipsoids-openmp","args":["3.dat","320.log","320.xoutput"],"id":176,"resource":"3008","request_start":1576628836186,"request_end":1576628839632,"request_duration":3446,"type":"3008"}
{"start":1576628836607,"end":1576628839612,"duration":3005,"downloading_duration":997,"execution_duration":1446,"uploading_duration":562,"executable":"ellipsoids-openmp","args":["3.dat","338.log","338.xoutput"],"id":194,"resource":"3008","request_start":1576628836204,"request_end":1576628839635,"request_duration":3431,"type":"3008"}
{"start":1576628836539,"end":1576628839612,"duration":3073,"downloading_duration":1071,"execution_duration":1432,"uploading_duration":570,"executable":"ellipsoids-openmp","args":["3.dat","319.log","319.xoutput"],"id":175,"resource":"3008","request_start":1576628836185,"request_end":1576628839638,"request_duration":3453,"type":"3008"}
{"start":1576628836525,"end":1576628839615,"duration":3090,"downloading_duration":983,"execution_duration":1425,"uploading_duration":682,"executable":"ellipsoids-openmp","args":["3.dat","34.log","34.xoutput"],"id":160,"resource":"3008","request_start":1576628836159,"request_end":1576628839642,"request_duration":3483,"type":"3008"}
{"start":1576628836594,"end":1576628839616,"duration":3022,"downloading_duration":997,"execution_duration":1459,"uploading_duration":566,"executable":"ellipsoids-openmp","args":["3.dat","336.log","336.xoutput"],"id":192,"resource":"3008","request_start":1576628836202,"request_end":1576628839644,"request_duration":3442,"type":"3008"}
{"start":1576628836601,"end":1576628839623,"duration":3022,"downloading_duration":1004,"execution_duration":1410,"uploading_duration":608,"executable":"ellipsoids-openmp","args":["3.dat","339.log","339.xoutput"],"id":195,"resource":"3008","request_start":1576628836205,"request_end":1576628839653,"request_duration":3448,"type":"3008"}
{"start":1576628836610,"end":1576628839624,"duration":3014,"downloading_duration":997,"execution_duration":1427,"uploading_duration":590,"executable":"ellipsoids-openmp","args":["3.dat","342.log","342.xoutput"],"id":198,"resource":"3008","request_start":1576628836208,"request_end":1576628839655,"request_duration":3447,"type":"3008"}
{"start":1576628836524,"end":1576628839626,"duration":3102,"downloading_duration":985,"execution_duration":1519,"uploading_duration":598,"executable":"ellipsoids-openmp","args":["3.dat","31.log","31.xoutput"],"id":157,"resource":"3008","request_start":1576628836156,"request_end":1576628839656,"request_duration":3500,"type":"3008"}
{"start":1576628836533,"end":1576628839628,"duration":3095,"downloading_duration":997,"execution_duration":1455,"uploading_duration":643,"executable":"ellipsoids-openmp","args":["3.dat","314.log","314.xoutput"],"id":170,"resource":"3008","request_start":1576628836169,"request_end":1576628839659,"request_duration":3490,"type":"3008"}
{"start":1576628836615,"end":1576628839630,"duration":3015,"downloading_duration":995,"execution_duration":1423,"uploading_duration":597,"executable":"ellipsoids-openmp","args":["3.dat","343.log","343.xoutput"],"id":199,"resource":"3008","request_start":1576628836208,"request_end":1576628839661,"request_duration":3453,"type":"3008"}
{"start":1576628836556,"end":1576628839634,"duration":3078,"downloading_duration":1033,"execution_duration":1455,"uploading_duration":590,"executable":"ellipsoids-openmp","args":["3.dat","322.log","322.xoutput"],"id":178,"resource":"3008","request_start":1576628836189,"request_end":1576628839665,"request_duration":3476,"type":"3008"}
{"start":1576628836531,"end":1576628839647,"duration":3116,"downloading_duration":1037,"execution_duration":1434,"uploading_duration":645,"executable":"ellipsoids-openmp","args":["3.dat","310.log","310.xoutput"],"id":166,"resource":"3008","request_start":1576628836165,"request_end":1576628839667,"request_duration":3502,"type":"3008"}
{"start":1576628836560,"end":1576628839651,"duration":3091,"downloading_duration":981,"execution_duration":1463,"uploading_duration":647,"executable":"ellipsoids-openmp","args":["3.dat","331.log","331.xoutput"],"id":187,"resource":"3008","request_start":1576628836196,"request_end":1576628839675,"request_duration":3479,"type":"3008"}
{"start":1576628836593,"end":1576628839660,"duration":3067,"downloading_duration":1037,"execution_duration":1464,"uploading_duration":566,"executable":"ellipsoids-openmp","args":["3.dat","333.log","333.xoutput"],"id":189,"resource":"3008","request_start":1576628836198,"request_end":1576628839684,"request_duration":3486,"type":"3008"}
{"start":1576628836523,"end":1576628839665,"duration":3142,"downloading_duration":989,"execution_duration":1442,"uploading_duration":711,"executable":"ellipsoids-openmp","args":["3.dat","33.log","33.xoutput"],"id":159,"resource":"3008","request_start":1576628836158,"request_end":1576628839688,"request_duration":3530,"type":"3008"}
{"start":1576628836560,"end":1576628839666,"duration":3106,"downloading_duration":1091,"execution_duration":1456,"uploading_duration":559,"executable":"ellipsoids-openmp","args":["3.dat","328.log","328.xoutput"],"id":184,"resource":"3008","request_start":1576628836194,"request_end":1576628839690,"request_duration":3496,"type":"3008"}
{"start":1576628836595,"end":1576628839668,"duration":3073,"downloading_duration":1008,"execution_duration":1449,"uploading_duration":616,"executable":"ellipsoids-openmp","args":["3.dat","337.log","337.xoutput"],"id":193,"resource":"3008","request_start":1576628836203,"request_end":1576628839691,"request_duration":3488,"type":"3008"}
{"start":1576628836650,"end":1576628839675,"duration":3025,"downloading_duration":1023,"execution_duration":1436,"uploading_duration":566,"executable":"ellipsoids-openmp","args":["3.dat","348.log","348.xoutput"],"id":204,"resource":"3008","request_start":1576628836213,"request_end":1576628839699,"request_duration":3486,"type":"3008"}
{"start":1576628836555,"end":1576628839676,"duration":3121,"downloading_duration":1067,"execution_duration":1440,"uploading_duration":614,"executable":"ellipsoids-openmp","args":["3.dat","324.log","324.xoutput"],"id":180,"resource":"3008","request_start":1576628836190,"request_end":1576628839701,"request_duration":3511,"type":"3008"}
{"start":1576628836556,"end":1576628839681,"duration":3125,"downloading_duration":999,"execution_duration":1425,"uploading_duration":701,"executable":"ellipsoids-openmp","args":["3.dat","326.log","326.xoutput"],"id":182,"resource":"3008","request_start":1576628836192,"request_end":1576628839711,"request_duration":3519,"type":"3008"}
{"start":1576628836555,"end":1576628839682,"duration":3127,"downloading_duration":1098,"execution_duration":1416,"uploading_duration":613,"executable":"ellipsoids-openmp","args":["3.dat","325.log","325.xoutput"],"id":181,"resource":"3008","request_start":1576628836191,"request_end":1576628839712,"request_duration":3521,"type":"3008"}
{"start":1576628836555,"end":1576628839696,"duration":3141,"downloading_duration":995,"execution_duration":1410,"uploading_duration":736,"executable":"ellipsoids-openmp","args":["3.dat","321.log","321.xoutput"],"id":177,"resource":"3008","request_start":1576628836188,"request_end":1576628839720,"request_duration":3532,"type":"3008"}
{"start":1576628836548,"end":1576628839700,"duration":3152,"downloading_duration":1069,"execution_duration":1461,"uploading_duration":622,"executable":"ellipsoids-openmp","args":["3.dat","317.log","317.xoutput"],"id":173,"resource":"3008","request_start":1576628836183,"request_end":1576628839722,"request_duration":3539,"type":"3008"}
{"start":1576628836585,"end":1576628839701,"duration":3116,"downloading_duration":1025,"execution_duration":1485,"uploading_duration":606,"executable":"ellipsoids-openmp","args":["3.dat","335.log","335.xoutput"],"id":191,"resource":"3008","request_start":1576628836201,"request_end":1576628839724,"request_duration":3523,"type":"3008"}
{"start":1576628836608,"end":1576628839703,"duration":3095,"downloading_duration":996,"execution_duration":1455,"uploading_duration":644,"executable":"ellipsoids-openmp","args":["3.dat","344.log","344.xoutput"],"id":200,"resource":"3008","request_start":1576628836209,"request_end":1576628839728,"request_duration":3519,"type":"3008"}
{"start":1576628836530,"end":1576628839705,"duration":3175,"downloading_duration":1001,"execution_duration":1422,"uploading_duration":752,"executable":"ellipsoids-openmp","args":["3.dat","32.log","32.xoutput"],"id":158,"resource":"3008","request_start":1576628836157,"request_end":1576628839732,"request_duration":3575,"type":"3008"}
{"start":1576628836611,"end":1576628839706,"duration":3095,"downloading_duration":1075,"execution_duration":1454,"uploading_duration":566,"executable":"ellipsoids-openmp","args":["3.dat","345.log","345.xoutput"],"id":201,"resource":"3008","request_start":1576628836210,"request_end":1576628839733,"request_duration":3523,"type":"3008"}
{"start":1576628836648,"end":1576628839708,"duration":3060,"downloading_duration":1063,"execution_duration":1425,"uploading_duration":572,"executable":"ellipsoids-openmp","args":["3.dat","349.log","349.xoutput"],"id":205,"resource":"3008","request_start":1576628836213,"request_end":1576628839734,"request_duration":3521,"type":"3008"}
{"start":1576628836535,"end":1576628839708,"duration":3173,"downloading_duration":1090,"execution_duration":1484,"uploading_duration":599,"executable":"ellipsoids-openmp","args":["3.dat","315.log","315.xoutput"],"id":171,"resource":"3008","request_start":1576628836181,"request_end":1576628839735,"request_duration":3554,"type":"3008"}
{"start":1576628836519,"end":1576628839711,"duration":3192,"downloading_duration":1088,"execution_duration":1433,"uploading_duration":671,"executable":"ellipsoids-openmp","args":["3.dat","30.log","30.xoutput"],"id":156,"resource":"3008","request_start":1576628836154,"request_end":1576628839744,"request_duration":3590,"type":"3008"}
{"start":1576628836533,"end":1576628839714,"duration":3181,"downloading_duration":1072,"execution_duration":1477,"uploading_duration":632,"executable":"ellipsoids-openmp","args":["3.dat","39.log","39.xoutput"],"id":165,"resource":"3008","request_start":1576628836164,"request_end":1576628839745,"request_duration":3581,"type":"3008"}
{"start":1576628836614,"end":1576628839721,"duration":3107,"downloading_duration":1072,"execution_duration":1445,"uploading_duration":590,"executable":"ellipsoids-openmp","args":["3.dat","341.log","341.xoutput"],"id":197,"resource":"3008","request_start":1576628836207,"request_end":1576628839750,"request_duration":3543,"type":"3008"}
{"start":1576628836518,"end":1576628839731,"duration":3213,"downloading_duration":1092,"execution_duration":1496,"uploading_duration":625,"executable":"ellipsoids-openmp","args":["3.dat","36.log","36.xoutput"],"id":162,"resource":"3008","request_start":1576628836161,"request_end":1576628839759,"request_duration":3598,"type":"3008"}
{"start":1576628836647,"end":1576628839746,"duration":3099,"downloading_duration":1092,"execution_duration":1417,"uploading_duration":590,"executable":"ellipsoids-openmp","args":["3.dat","347.log","347.xoutput"],"id":203,"resource":"3008","request_start":1576628836212,"request_end":1576628839846,"request_duration":3634,"type":"3008"}
{"start":1576628836558,"end":1576628839768,"duration":3210,"downloading_duration":1057,"execution_duration":1474,"uploading_duration":679,"executable":"ellipsoids-openmp","args":["3.dat","327.log","327.xoutput"],"id":183,"resource":"3008","request_start":1576628836193,"request_end":1576628839850,"request_duration":3657,"type":"3008"}
{"start":1576628836824,"end":1576628839817,"duration":2993,"downloading_duration":994,"execution_duration":1414,"uploading_duration":585,"executable":"ellipsoids-openmp","args":["3.dat","332.log","332.xoutput"],"id":188,"resource":"3008","request_start":1576628836197,"request_end":1576628839860,"request_duration":3663,"type":"3008"}
{"start":1576628836831,"end":1576628839829,"duration":2998,"downloading_duration":996,"execution_duration":1435,"uploading_duration":567,"executable":"ellipsoids-openmp","args":["3.dat","329.log","329.xoutput"],"id":185,"resource":"3008","request_start":1576628836195,"request_end":1576628839869,"request_duration":3674,"type":"3008"}
{"start":1576628836645,"end":1576628839842,"duration":3197,"downloading_duration":969,"execution_duration":1493,"uploading_duration":735,"executable":"ellipsoids-openmp","args":["3.dat","346.log","346.xoutput"],"id":202,"resource":"3008","request_start":1576628836211,"request_end":1576628839872,"request_duration":3661,"type":"3008"}
{"start":1576628836611,"end":1576628839889,"duration":3278,"downloading_duration":1077,"execution_duration":1476,"uploading_duration":725,"executable":"ellipsoids-openmp","args":["3.dat","340.log","340.xoutput"],"id":196,"resource":"3008","request_start":1576628836206,"request_end":1576628839958,"request_duration":3752,"type":"3008"}
{"start":1576628836823,"end":1576628839945,"duration":3122,"downloading_duration":1076,"execution_duration":1455,"uploading_duration":591,"executable":"ellipsoids-openmp","args":["3.dat","334.log","334.xoutput"],"id":190,"resource":"3008","request_start":1576628836199,"request_end":1576628839984,"request_duration":3785,"type":"3008"}
{"start":1576628836831,"end":1576628839956,"duration":3125,"downloading_duration":1064,"execution_duration":1465,"uploading_duration":596,"executable":"ellipsoids-openmp","args":["3.dat","330.log","330.xoutput"],"id":186,"resource":"3008","request_start":1576628836196,"request_end":1576628839986,"request_duration":3790,"type":"3008"}
{"start":1576628839571,"end":1576628842669,"duration":3098,"downloading_duration":991,"execution_duration":1543,"uploading_duration":564,"executable":"ellipsoids-openmp","args":["0.dat","04.log","04.xoutput"],"id":10,"resource":"3008","request_start":1576628836252,"request_end":1576628842693,"request_duration":6441,"type":"3008"}
{"start":1576628839596,"end":1576628842689,"duration":3093,"downloading_duration":995,"execution_duration":1508,"uploading_duration":590,"executable":"ellipsoids-openmp","args":["0.dat","07.log","07.xoutput"],"id":13,"resource":"3008","request_start":1576628836253,"request_end":1576628842711,"request_duration":6458,"type":"3008"}
{"start":1576628839576,"end":1576628842704,"duration":3128,"downloading_duration":970,"execution_duration":1553,"uploading_duration":605,"executable":"ellipsoids-openmp","args":["0.dat","05.log","05.xoutput"],"id":11,"resource":"3008","request_start":1576628836252,"request_end":1576628842725,"request_duration":6473,"type":"3008"}
{"start":1576628839610,"end":1576628842713,"duration":3103,"downloading_duration":983,"execution_duration":1528,"uploading_duration":592,"executable":"ellipsoids-openmp","args":["0.dat","08.log","08.xoutput"],"id":14,"resource":"3008","request_start":1576628836254,"request_end":1576628842733,"request_duration":6479,"type":"3008"}
{"start":1576628839692,"end":1576628842731,"duration":3039,"downloading_duration":991,"execution_duration":1485,"uploading_duration":563,"executable":"ellipsoids-openmp","args":["0.dat","022.log","022.xoutput"],"id":28,"resource":"3008","request_start":1576628836262,"request_end":1576628842752,"request_duration":6490,"type":"3008"}
{"start":1576628839584,"end":1576628842737,"duration":3153,"downloading_duration":1020,"execution_duration":1526,"uploading_duration":607,"executable":"ellipsoids-openmp","args":["0.dat","06.log","06.xoutput"],"id":12,"resource":"3008","request_start":1576628836253,"request_end":1576628842757,"request_duration":6504,"type":"3008"}
{"start":1576628839619,"end":1576628842744,"duration":3125,"downloading_duration":996,"execution_duration":1531,"uploading_duration":598,"executable":"ellipsoids-openmp","args":["0.dat","09.log","09.xoutput"],"id":15,"resource":"3008","request_start":1576628836254,"request_end":1576628842765,"request_duration":6511,"type":"3008"}
{"start":1576628839628,"end":1576628842774,"duration":3146,"downloading_duration":1050,"execution_duration":1517,"uploading_duration":579,"executable":"ellipsoids-openmp","args":["0.dat","011.log","011.xoutput"],"id":17,"resource":"3008","request_start":1576628836255,"request_end":1576628842793,"request_duration":6538,"type":"3008"}
{"start":1576628839669,"end":1576628842779,"duration":3110,"downloading_duration":1062,"execution_duration":1473,"uploading_duration":575,"executable":"ellipsoids-openmp","args":["0.dat","016.log","016.xoutput"],"id":22,"resource":"3008","request_start":1576628836259,"request_end":1576628842797,"request_duration":6538,"type":"3008"}
{"start":1576628839691,"end":1576628842788,"duration":3097,"downloading_duration":983,"execution_duration":1499,"uploading_duration":615,"executable":"ellipsoids-openmp","args":["0.dat","023.log","023.xoutput"],"id":29,"resource":"3008","request_start":1576628836262,"request_end":1576628842809,"request_duration":6547,"type":"3008"}
{"start":1576628839685,"end":1576628842792,"duration":3107,"downloading_duration":980,"execution_duration":1499,"uploading_duration":628,"executable":"ellipsoids-openmp","args":["0.dat","019.log","019.xoutput"],"id":25,"resource":"3008","request_start":1576628836260,"request_end":1576628842812,"request_duration":6552,"type":"3008"}
{"start":1576628839664,"end":1576628842796,"duration":3132,"downloading_duration":988,"execution_duration":1542,"uploading_duration":602,"executable":"ellipsoids-openmp","args":["0.dat","014.log","014.xoutput"],"id":20,"resource":"3008","request_start":1576628836257,"request_end":1576628842815,"request_duration":6558,"type":"3008"}
{"start":1576628839739,"end":1576628842807,"duration":3068,"downloading_duration":991,"execution_duration":1497,"uploading_duration":580,"executable":"ellipsoids-openmp","args":["0.dat","033.log","033.xoutput"],"id":39,"resource":"3008","request_start":1576628836270,"request_end":1576628842825,"request_duration":6555,"type":"3008"}
{"start":1576628839680,"end":1576628842817,"duration":3137,"downloading_duration":1031,"execution_duration":1527,"uploading_duration":579,"executable":"ellipsoids-openmp","args":["0.dat","018.log","018.xoutput"],"id":24,"resource":"3008","request_start":1576628836260,"request_end":1576628842836,"request_duration":6576,"type":"3008"}
{"start":1576628839626,"end":1576628842818,"duration":3192,"downloading_duration":1080,"execution_duration":1527,"uploading_duration":585,"executable":"ellipsoids-openmp","args":["0.dat","010.log","010.xoutput"],"id":16,"resource":"3008","request_start":1576628836255,"request_end":1576628842839,"request_duration":6584,"type":"3008"}
{"start":1576628839752,"end":1576628842818,"duration":3066,"downloading_duration":1001,"execution_duration":1504,"uploading_duration":561,"executable":"ellipsoids-openmp","args":["0.dat","036.log","036.xoutput"],"id":42,"resource":"3008","request_start":1576628836272,"request_end":1576628842843,"request_duration":6571,"type":"3008"}
{"start":1576628839695,"end":1576628842827,"duration":3132,"downloading_duration":1071,"execution_duration":1454,"uploading_duration":607,"executable":"ellipsoids-openmp","args":["0.dat","024.log","024.xoutput"],"id":30,"resource":"3008","request_start":1576628836263,"request_end":1576628842850,"request_duration":6587,"type":"3008"}
{"start":1576628839721,"end":1576628842830,"duration":3109,"downloading_duration":1034,"execution_duration":1485,"uploading_duration":590,"executable":"ellipsoids-openmp","args":["0.dat","028.log","028.xoutput"],"id":34,"resource":"3008","request_start":1576628836268,"request_end":1576628842852,"request_duration":6584,"type":"3008"}
{"start":1576628839729,"end":1576628842832,"duration":3103,"downloading_duration":984,"execution_duration":1476,"uploading_duration":643,"executable":"ellipsoids-openmp","args":["0.dat","030.log","030.xoutput"],"id":36,"resource":"3008","request_start":1576628836269,"request_end":1576628842856,"request_duration":6587,"type":"3008"}
{"start":1576628839747,"end":1576628842841,"duration":3094,"downloading_duration":988,"execution_duration":1529,"uploading_duration":577,"executable":"ellipsoids-openmp","args":["0.dat","034.log","034.xoutput"],"id":40,"resource":"3008","request_start":1576628836271,"request_end":1576628842863,"request_duration":6592,"type":"3008"}
{"start":1576628839705,"end":1576628842846,"duration":3141,"downloading_duration":1033,"execution_duration":1529,"uploading_duration":579,"executable":"ellipsoids-openmp","args":["0.dat","025.log","025.xoutput"],"id":31,"resource":"3008","request_start":1576628836263,"request_end":1576628842868,"request_duration":6605,"type":"3008"}
{"start":1576628839688,"end":1576628842860,"duration":3172,"downloading_duration":996,"execution_duration":1562,"uploading_duration":614,"executable":"ellipsoids-openmp","args":["0.dat","020.log","020.xoutput"],"id":26,"resource":"3008","request_start":1576628836261,"request_end":1576628842880,"request_duration":6619,"type":"3008"}
{"start":1576628839678,"end":1576628842862,"duration":3184,"downloading_duration":1094,"execution_duration":1510,"uploading_duration":580,"executable":"ellipsoids-openmp","args":["0.dat","017.log","017.xoutput"],"id":23,"resource":"3008","request_start":1576628836259,"request_end":1576628842882,"request_duration":6623,"type":"3008"}
{"start":1576628839713,"end":1576628842866,"duration":3153,"downloading_duration":1025,"execution_duration":1547,"uploading_duration":581,"executable":"ellipsoids-openmp","args":["0.dat","026.log","026.xoutput"],"id":32,"resource":"3008","request_start":1576628836267,"request_end":1576628842889,"request_duration":6622,"type":"3008"}
{"start":1576628839764,"end":1576628842873,"duration":3109,"downloading_duration":987,"execution_duration":1541,"uploading_duration":581,"executable":"ellipsoids-openmp","args":["0.dat","038.log","038.xoutput"],"id":44,"resource":"3008","request_start":1576628836273,"request_end":1576628842895,"request_duration":6622,"type":"3008"}
{"start":1576628839657,"end":1576628842889,"duration":3232,"downloading_duration":1098,"execution_duration":1556,"uploading_duration":578,"executable":"ellipsoids-openmp","args":["0.dat","012.log","012.xoutput"],"id":18,"resource":"3008","request_start":1576628836256,"request_end":1576628842907,"request_duration":6651,"type":"3008"}
{"start":1576628839765,"end":1576628842890,"duration":3125,"downloading_duration":1070,"execution_duration":1497,"uploading_duration":558,"executable":"ellipsoids-openmp","args":["0.dat","039.log","039.xoutput"],"id":45,"resource":"3008","request_start":1576628836274,"request_end":1576628842908,"request_duration":6634,"type":"3008"}
{"start":1576628839730,"end":1576628842893,"duration":3163,"downloading_duration":993,"execution_duration":1585,"uploading_duration":585,"executable":"ellipsoids-openmp","args":["0.dat","031.log","031.xoutput"],"id":37,"resource":"3008","request_start":1576628836269,"request_end":1576628842916,"request_duration":6647,"type":"3008"}
{"start":1576628839760,"end":1576628842901,"duration":3141,"downloading_duration":1076,"execution_duration":1505,"uploading_duration":560,"executable":"ellipsoids-openmp","args":["0.dat","037.log","037.xoutput"],"id":43,"resource":"3008","request_start":1576628836273,"request_end":1576628842919,"request_duration":6646,"type":"3008"}
{"start":1576628839719,"end":1576628842906,"duration":3187,"downloading_duration":986,"execution_duration":1535,"uploading_duration":666,"executable":"ellipsoids-openmp","args":["0.dat","029.log","029.xoutput"],"id":35,"resource":"3008","request_start":1576628836268,"request_end":1576628842930,"request_duration":6662,"type":"3008"}
{"start":1576628839739,"end":1576628842908,"duration":3169,"downloading_duration":1074,"execution_duration":1532,"uploading_duration":563,"executable":"ellipsoids-openmp","args":["0.dat","032.log","032.xoutput"],"id":38,"resource":"3008","request_start":1576628836270,"request_end":1576628842931,"request_duration":6661,"type":"3008"}
{"start":1576628839793,"end":1576628842913,"duration":3120,"downloading_duration":1070,"execution_duration":1482,"uploading_duration":568,"executable":"ellipsoids-openmp","args":["0.dat","044.log","044.xoutput"],"id":50,"resource":"3008","request_start":1576628836276,"request_end":1576628842933,"request_duration":6657,"type":"3008"}
{"start":1576628839670,"end":1576628842917,"duration":3247,"downloading_duration":1121,"execution_duration":1518,"uploading_duration":608,"executable":"ellipsoids-openmp","args":["0.dat","015.log","015.xoutput"],"id":21,"resource":"3008","request_start":1576628836258,"request_end":1576628842942,"request_duration":6684,"type":"3008"}
{"start":1576628839690,"end":1576628842934,"duration":3244,"downloading_duration":1153,"execution_duration":1501,"uploading_duration":590,"executable":"ellipsoids-openmp","args":["0.dat","021.log","021.xoutput"],"id":27,"resource":"3008","request_start":1576628836261,"request_end":1576628842952,"request_duration":6691,"type":"3008"}
{"start":1576628839766,"end":1576628842937,"duration":3171,"downloading_duration":1068,"execution_duration":1534,"uploading_duration":569,"executable":"ellipsoids-openmp","args":["0.dat","040.log","040.xoutput"],"id":46,"resource":"3008","request_start":1576628836274,"request_end":1576628842956,"request_duration":6682,"type":"3008"}
{"start":1576628839666,"end":1576628842940,"duration":3274,"downloading_duration":1116,"execution_duration":1534,"uploading_duration":624,"executable":"ellipsoids-openmp","args":["0.dat","013.log","013.xoutput"],"id":19,"resource":"3008","request_start":1576628836257,"request_end":1576628842962,"request_duration":6705,"type":"3008"}
{"start":1576628839790,"end":1576628842940,"duration":3150,"downloading_duration":1003,"execution_duration":1527,"uploading_duration":620,"executable":"ellipsoids-openmp","args":["0.dat","043.log","043.xoutput"],"id":49,"resource":"3008","request_start":1576628836276,"request_end":1576628842964,"request_duration":6688,"type":"3008"}
{"start":1576628839792,"end":1576628842948,"duration":3156,"downloading_duration":1078,"execution_duration":1507,"uploading_duration":571,"executable":"ellipsoids-openmp","args":["0.dat","045.log","045.xoutput"],"id":51,"resource":"3008","request_start":1576628836277,"request_end":1576628842971,"request_duration":6694,"type":"3008"}
{"start":1576628839783,"end":1576628842962,"duration":3179,"downloading_duration":1037,"execution_duration":1533,"uploading_duration":609,"executable":"ellipsoids-openmp","args":["0.dat","042.log","042.xoutput"],"id":48,"resource":"3008","request_start":1576628836275,"request_end":1576628842982,"request_duration":6707,"type":"3008"}
{"start":1576628839890,"end":1576628842996,"duration":3106,"downloading_duration":998,"execution_duration":1524,"uploading_duration":584,"executable":"ellipsoids-openmp","args":["0.dat","047.log","047.xoutput"],"id":53,"resource":"3008","request_start":1576628836278,"request_end":1576628843015,"request_duration":6737,"type":"3008"}
{"start":1576628839885,"end":1576628842997,"duration":3112,"downloading_duration":986,"execution_duration":1527,"uploading_duration":599,"executable":"ellipsoids-openmp","args":["0.dat","046.log","046.xoutput"],"id":52,"resource":"3008","request_start":1576628836277,"request_end":1576628843018,"request_duration":6741,"type":"3008"}
{"start":1576628839796,"end":1576628843014,"duration":3218,"downloading_duration":1104,"execution_duration":1534,"uploading_duration":580,"executable":"ellipsoids-openmp","args":["0.dat","041.log","041.xoutput"],"id":47,"resource":"3008","request_start":1576628836275,"request_end":1576628843038,"request_duration":6763,"type":"3008"}
{"start":1576628839721,"end":1576628843047,"duration":3326,"downloading_duration":1177,"execution_duration":1562,"uploading_duration":587,"executable":"ellipsoids-openmp","args":["0.dat","027.log","027.xoutput"],"id":33,"resource":"3008","request_start":1576628836267,"request_end":1576628843068,"request_duration":6801,"type":"3008"}
{"start":1576628839899,"end":1576628843054,"duration":3155,"downloading_duration":1068,"execution_duration":1528,"uploading_duration":559,"executable":"ellipsoids-openmp","args":["0.dat","049.log","049.xoutput"],"id":55,"resource":"3008","request_start":1576628836279,"request_end":1576628843075,"request_duration":6796,"type":"3008"}
{"start":1576628839890,"end":1576628843084,"duration":3194,"downloading_duration":991,"execution_duration":1529,"uploading_duration":674,"executable":"ellipsoids-openmp","args":["0.dat","048.log","048.xoutput"],"id":54,"resource":"3008","request_start":1576628836278,"request_end":1576628843104,"request_duration":6826,"type":"3008"}
{"start":1576628839908,"end":1576628843128,"duration":3220,"downloading_duration":1012,"execution_duration":1554,"uploading_duration":654,"executable":"ellipsoids-openmp","args":["0.dat","00.log","00.xoutput"],"id":6,"resource":"3008","request_start":1576628836279,"request_end":1576628843149,"request_duration":6870,"type":"3008"}
{"start":1576628839991,"end":1576628843151,"duration":3160,"downloading_duration":1056,"execution_duration":1514,"uploading_duration":590,"executable":"ellipsoids-openmp","args":["0.dat","01.log","01.xoutput"],"id":7,"resource":"3008","request_start":1576628836280,"request_end":1576628843169,"request_duration":6889,"type":"3008"}
{"start":1576628840017,"end":1576628843169,"duration":3152,"downloading_duration":994,"execution_duration":1576,"uploading_duration":582,"executable":"ellipsoids-openmp","args":["0.dat","03.log","03.xoutput"],"id":9,"resource":"3008","request_start":1576628836281,"request_end":1576628843189,"request_duration":6908,"type":"3008"}
{"start":1576628839752,"end":1576628843235,"duration":3483,"downloading_duration":1298,"execution_duration":1560,"uploading_duration":625,"executable":"ellipsoids-openmp","args":["0.dat","035.log","035.xoutput"],"id":41,"resource":"3008","request_start":1576628836271,"request_end":1576628843256,"request_duration":6985,"type":"3008"}
{"start":1576628840014,"end":1576628843323,"duration":3309,"downloading_duration":1169,"execution_duration":1572,"uploading_duration":568,"executable":"ellipsoids-openmp","args":["0.dat","02.log","02.xoutput"],"id":8,"resource":"3008","request_start":1576628836280,"request_end":1576628843342,"request_duration":7062,"type":"3008"}
{"start":1576628842723,"end":1576628845862,"duration":3139,"downloading_duration":993,"execution_duration":1560,"uploading_duration":586,"executable":"ellipsoids-openmp","args":["2.dat","20.log","20.xoutput"],"id":106,"resource":"3008","request_start":1576628836281,"request_end":1576628845880,"request_duration":9599,"type":"3008"}
{"start":1576628842739,"end":1576628845872,"duration":3133,"downloading_duration":987,"execution_duration":1565,"uploading_duration":581,"executable":"ellipsoids-openmp","args":["2.dat","21.log","21.xoutput"],"id":107,"resource":"3008","request_start":1576628836282,"request_end":1576628845891,"request_duration":9609,"type":"3008"}
{"start":1576628842845,"end":1576628845959,"duration":3114,"downloading_duration":988,"execution_duration":1545,"uploading_duration":581,"executable":"ellipsoids-openmp","args":["2.dat","211.log","211.xoutput"],"id":117,"resource":"3008","request_start":1576628836287,"request_end":1576628845983,"request_duration":9696,"type":"3008"}
{"start":1576628842779,"end":1576628845992,"duration":3213,"downloading_duration":1004,"execution_duration":1644,"uploading_duration":565,"executable":"ellipsoids-openmp","args":["2.dat","24.log","24.xoutput"],"id":110,"resource":"3008","request_start":1576628836283,"request_end":1576628846011,"request_duration":9728,"type":"3008"}
{"start":1576628842923,"end":1576628846011,"duration":3088,"downloading_duration":1007,"execution_duration":1517,"uploading_duration":564,"executable":"ellipsoids-openmp","args":["2.dat","224.log","224.xoutput"],"id":130,"resource":"3008","request_start":1576628836294,"request_end":1576628846030,"request_duration":9736,"type":"3008"}
{"start":1576628842763,"end":1576628846021,"duration":3258,"downloading_duration":1143,"execution_duration":1553,"uploading_duration":562,"executable":"ellipsoids-openmp","args":["2.dat","23.log","23.xoutput"],"id":109,"resource":"3008","request_start":1576628836283,"request_end":1576628846040,"request_duration":9757,"type":"3008"}
{"start":1576628842756,"end":1576628846023,"duration":3267,"downloading_duration":1081,"execution_duration":1570,"uploading_duration":616,"executable":"ellipsoids-openmp","args":["2.dat","22.log","22.xoutput"],"id":108,"resource":"3008","request_start":1576628836282,"request_end":1576628846043,"request_duration":9761,"type":"3008"}
{"start":1576628842838,"end":1576628846034,"duration":3196,"downloading_duration":1075,"execution_duration":1531,"uploading_duration":590,"executable":"ellipsoids-openmp","args":["2.dat","29.log","29.xoutput"],"id":115,"resource":"3008","request_start":1576628836286,"request_end":1576628846053,"request_duration":9767,"type":"3008"}
{"start":1576628842793,"end":1576628846039,"duration":3246,"downloading_duration":1057,"execution_duration":1555,"uploading_duration":634,"executable":"ellipsoids-openmp","args":["2.dat","26.log","26.xoutput"],"id":112,"resource":"3008","request_start":1576628836284,"request_end":1576628846059,"request_duration":9775,"type":"3008"}
{"start":1576628842786,"end":1576628846041,"duration":3255,"downloading_duration":1147,"execution_duration":1516,"uploading_duration":592,"executable":"ellipsoids-openmp","args":["2.dat","25.log","25.xoutput"],"id":111,"resource":"3008","request_start":1576628836284,"request_end":1576628846061,"request_duration":9777,"type":"3008"}
{"start":1576628842889,"end":1576628846042,"duration":3153,"downloading_duration":1023,"execution_duration":1553,"uploading_duration":577,"executable":"ellipsoids-openmp","args":["2.dat","219.log","219.xoutput"],"id":125,"resource":"3008","request_start":1576628836291,"request_end":1576628846067,"request_duration":9776,"type":"3008"}
{"start":1576628842829,"end":1576628846054,"duration":3225,"downloading_duration":1070,"execution_duration":1582,"uploading_duration":573,"executable":"ellipsoids-openmp","args":["2.dat","28.log","28.xoutput"],"id":114,"resource":"3008","request_start":1576628836286,"request_end":1576628846077,"request_duration":9791,"type":"3008"}
{"start":1576628842916,"end":1576628846058,"duration":3142,"downloading_duration":999,"execution_duration":1563,"uploading_duration":580,"executable":"ellipsoids-openmp","args":["2.dat","223.log","223.xoutput"],"id":129,"resource":"3008","request_start":1576628836293,"request_end":1576628846079,"request_duration":9786,"type":"3008"}
{"start":1576628842892,"end":1576628846060,"duration":3168,"downloading_duration":1009,"execution_duration":1606,"uploading_duration":553,"executable":"ellipsoids-openmp","args":["2.dat","220.log","220.xoutput"],"id":126,"resource":"3008","request_start":1576628836292,"request_end":1576628846082,"request_duration":9790,"type":"3008"}
{"start":1576628843005,"end":1576628846080,"duration":3075,"downloading_duration":983,"execution_duration":1526,"uploading_duration":566,"executable":"ellipsoids-openmp","args":["2.dat","237.log","237.xoutput"],"id":143,"resource":"3008","request_start":1576628836300,"request_end":1576628846103,"request_duration":9803,"type":"3008"}
{"start":1576628842873,"end":1576628846087,"duration":3214,"downloading_duration":1003,"execution_duration":1591,"uploading_duration":620,"executable":"ellipsoids-openmp","args":["2.dat","214.log","214.xoutput"],"id":120,"resource":"3008","request_start":1576628836289,"request_end":1576628846110,"request_duration":9821,"type":"3008"}
{"start":1576628842942,"end":1576628846090,"duration":3148,"downloading_duration":1026,"execution_duration":1542,"uploading_duration":580,"executable":"ellipsoids-openmp","args":["2.dat","226.log","226.xoutput"],"id":132,"resource":"3008","request_start":1576628836295,"request_end":1576628846113,"request_duration":9818,"type":"3008"}
{"start":1576628842882,"end":1576628846091,"duration":3209,"downloading_duration":1022,"execution_duration":1602,"uploading_duration":585,"executable":"ellipsoids-openmp","args":["2.dat","218.log","218.xoutput"],"id":124,"resource":"3008","request_start":1576628836291,"request_end":1576628846115,"request_duration":9824,"type":"3008"}
{"start":1576628842871,"end":1576628846092,"duration":3221,"downloading_duration":1057,"execution_duration":1588,"uploading_duration":576,"executable":"ellipsoids-openmp","args":["2.dat","215.log","215.xoutput"],"id":121,"resource":"3008","request_start":1576628836289,"request_end":1576628846117,"request_duration":9828,"type":"3008"}
{"start":1576628842866,"end":1576628846109,"duration":3243,"downloading_duration":1029,"execution_duration":1621,"uploading_duration":593,"executable":"ellipsoids-openmp","args":["2.dat","213.log","213.xoutput"],"id":119,"resource":"3008","request_start":1576628836288,"request_end":1576628846130,"request_duration":9842,"type":"3008"}
{"start":1576628842955,"end":1576628846123,"duration":3168,"downloading_duration":998,"execution_duration":1571,"uploading_duration":599,"executable":"ellipsoids-openmp","args":["2.dat","229.log","229.xoutput"],"id":135,"resource":"3008","request_start":1576628836296,"request_end":1576628846145,"request_duration":9849,"type":"3008"}
{"start":1576628842851,"end":1576628846124,"duration":3273,"downloading_duration":1098,"execution_duration":1588,"uploading_duration":587,"executable":"ellipsoids-openmp","args":["2.dat","212.log","212.xoutput"],"id":118,"resource":"3008","request_start":1576628836288,"request_end":1576628846147,"request_duration":9859,"type":"3008"}
{"start":1576628842878,"end":1576628846125,"duration":3247,"downloading_duration":1077,"execution_duration":1596,"uploading_duration":574,"executable":"ellipsoids-openmp","args":["2.dat","217.log","217.xoutput"],"id":123,"resource":"3008","request_start":1576628836290,"request_end":1576628846150,"request_duration":9860,"type":"3008"}
{"start":1576628843011,"end":1576628846130,"duration":3119,"downloading_duration":994,"execution_duration":1531,"uploading_duration":594,"executable":"ellipsoids-openmp","args":["2.dat","238.log","238.xoutput"],"id":144,"resource":"3008","request_start":1576628836301,"request_end":1576628846158,"request_duration":9857,"type":"3008"}
{"start":1576628842909,"end":1576628846133,"duration":3224,"downloading_duration":1070,"execution_duration":1600,"uploading_duration":554,"executable":"ellipsoids-openmp","args":["2.dat","221.log","221.xoutput"],"id":127,"resource":"3008","request_start":1576628836292,"request_end":1576628846160,"request_duration":9868,"type":"3008"}
{"start":1576628842844,"end":1576628846136,"duration":3292,"downloading_duration":1018,"execution_duration":1510,"uploading_duration":764,"executable":"ellipsoids-openmp","args":["2.dat","210.log","210.xoutput"],"id":116,"resource":"3008","request_start":1576628836287,"request_end":1576628846162,"request_duration":9875,"type":"3008"}
{"start":1576628842963,"end":1576628846138,"duration":3175,"downloading_duration":1000,"execution_duration":1553,"uploading_duration":622,"executable":"ellipsoids-openmp","args":["2.dat","230.log","230.xoutput"],"id":136,"resource":"3008","request_start":1576628836297,"request_end":1576628846165,"request_duration":9868,"type":"3008"}
{"start":1576628842934,"end":1576628846140,"duration":3206,"downloading_duration":1088,"execution_duration":1551,"uploading_duration":567,"executable":"ellipsoids-openmp","args":["2.dat","225.log","225.xoutput"],"id":131,"resource":"3008","request_start":1576628836294,"request_end":1576628846166,"request_duration":9872,"type":"3008"}
{"start":1576628842968,"end":1576628846143,"duration":3175,"downloading_duration":1005,"execution_duration":1608,"uploading_duration":562,"executable":"ellipsoids-openmp","args":["2.dat","232.log","232.xoutput"],"id":138,"resource":"3008","request_start":1576628836298,"request_end":1576628846170,"request_duration":9872,"type":"3008"}
{"start":1576628842877,"end":1576628846150,"duration":3273,"downloading_duration":1069,"execution_duration":1616,"uploading_duration":588,"executable":"ellipsoids-openmp","args":["2.dat","216.log","216.xoutput"],"id":122,"resource":"3008","request_start":1576628836290,"request_end":1576628846179,"request_duration":9889,"type":"3008"}
{"start":1576628843044,"end":1576628846150,"duration":3106,"downloading_duration":1001,"execution_duration":1507,"uploading_duration":598,"executable":"ellipsoids-openmp","args":["2.dat","240.log","240.xoutput"],"id":146,"resource":"3008","request_start":1576628836302,"request_end":1576628846181,"request_duration":9879,"type":"3008"}
{"start":1576628842821,"end":1576628846151,"duration":3330,"downloading_duration":1040,"execution_duration":1609,"uploading_duration":681,"executable":"ellipsoids-openmp","args":["2.dat","27.log","27.xoutput"],"id":113,"resource":"3008","request_start":1576628836285,"request_end":1576628846182,"request_duration":9897,"type":"3008"}
{"start":1576628842991,"end":1576628846155,"duration":3164,"downloading_duration":999,"execution_duration":1581,"uploading_duration":584,"executable":"ellipsoids-openmp","args":["2.dat","235.log","235.xoutput"],"id":141,"resource":"3008","request_start":1576628836299,"request_end":1576628846184,"request_duration":9885,"type":"3008"}
{"start":1576628842978,"end":1576628846160,"duration":3182,"downloading_duration":1063,"execution_duration":1539,"uploading_duration":580,"executable":"ellipsoids-openmp","args":["2.dat","233.log","233.xoutput"],"id":139,"resource":"3008","request_start":1576628836298,"request_end":1576628846189,"request_duration":9891,"type":"3008"}
{"start":1576628842952,"end":1576628846168,"duration":3216,"downloading_duration":1092,"execution_duration":1562,"uploading_duration":562,"executable":"ellipsoids-openmp","args":["2.dat","228.log","228.xoutput"],"id":134,"resource":"3008","request_start":1576628836296,"request_end":1576628846200,"request_duration":9904,"type":"3008"}
{"start":1576628842913,"end":1576628846178,"duration":3265,"downloading_duration":1031,"execution_duration":1576,"uploading_duration":658,"executable":"ellipsoids-openmp","args":["2.dat","222.log","222.xoutput"],"id":128,"resource":"3008","request_start":1576628836293,"request_end":1576628846203,"request_duration":9910,"type":"3008"}
{"start":1576628843074,"end":1576628846193,"duration":3119,"downloading_duration":1007,"execution_duration":1507,"uploading_duration":605,"executable":"ellipsoids-openmp","args":["2.dat","241.log","241.xoutput"],"id":147,"resource":"3008","request_start":1576628836302,"request_end":1576628846219,"request_duration":9917,"type":"3008"}
{"start":1576628843104,"end":1576628846204,"duration":3100,"downloading_duration":991,"execution_duration":1540,"uploading_duration":569,"executable":"ellipsoids-openmp","args":["2.dat","243.log","243.xoutput"],"id":149,"resource":"3008","request_start":1576628836303,"request_end":1576628846229,"request_duration":9926,"type":"3008"}
{"start":1576628843042,"end":1576628846212,"duration":3170,"downloading_duration":986,"execution_duration":1564,"uploading_duration":620,"executable":"ellipsoids-openmp","args":["2.dat","239.log","239.xoutput"],"id":145,"resource":"3008","request_start":1576628836301,"request_end":1576628846234,"request_duration":9933,"type":"3008"}
{"start":1576628842944,"end":1576628846221,"duration":3277,"downloading_duration":995,"execution_duration":1605,"uploading_duration":677,"executable":"ellipsoids-openmp","args":["2.dat","227.log","227.xoutput"],"id":133,"resource":"3008","request_start":1576628836295,"request_end":1576628846241,"request_duration":9946,"type":"3008"}
{"start":1576628842986,"end":1576628846223,"duration":3237,"downloading_duration":1041,"execution_duration":1583,"uploading_duration":613,"executable":"ellipsoids-openmp","args":["2.dat","234.log","234.xoutput"],"id":140,"resource":"3008","request_start":1576628836299,"request_end":1576628846244,"request_duration":9945,"type":"3008"}
{"start":1576628843177,"end":1576628846241,"duration":3064,"downloading_duration":983,"execution_duration":1521,"uploading_duration":560,"executable":"ellipsoids-openmp","args":["2.dat","245.log","245.xoutput"],"id":151,"resource":"3008","request_start":1576628836304,"request_end":1576628846262,"request_duration":9958,"type":"3008"}
{"start":1576628843093,"end":1576628846250,"duration":3157,"downloading_duration":1000,"execution_duration":1514,"uploading_duration":643,"executable":"ellipsoids-openmp","args":["2.dat","242.log","242.xoutput"],"id":148,"resource":"3008","request_start":1576628836303,"request_end":1576628846270,"request_duration":9967,"type":"3008"}
{"start":1576628843133,"end":1576628846272,"duration":3139,"downloading_duration":994,"execution_duration":1541,"uploading_duration":604,"executable":"ellipsoids-openmp","args":["2.dat","244.log","244.xoutput"],"id":150,"resource":"3008","request_start":1576628836304,"request_end":1576628846290,"request_duration":9986,"type":"3008"}
{"start":1576628842964,"end":1576628846281,"duration":3317,"downloading_duration":1141,"execution_duration":1547,"uploading_duration":629,"executable":"ellipsoids-openmp","args":["2.dat","231.log","231.xoutput"],"id":137,"resource":"3008","request_start":1576628836297,"request_end":1576628846305,"request_duration":10008,"type":"3008"}
{"start":1576628843196,"end":1576628846289,"duration":3093,"downloading_duration":1033,"execution_duration":1494,"uploading_duration":566,"executable":"ellipsoids-openmp","args":["2.dat","246.log","246.xoutput"],"id":152,"resource":"3008","request_start":1576628836305,"request_end":1576628846309,"request_duration":10004,"type":"3008"}
{"start":1576628843213,"end":1576628846357,"duration":3144,"downloading_duration":1015,"execution_duration":1545,"uploading_duration":584,"executable":"ellipsoids-openmp","args":["2.dat","247.log","247.xoutput"],"id":153,"resource":"3008","request_start":1576628836305,"request_end":1576628846376,"request_duration":10071,"type":"3008"}
{"start":1576628843369,"end":1576628846778,"duration":3409,"downloading_duration":1189,"execution_duration":1550,"uploading_duration":670,"executable":"ellipsoids-openmp","args":["2.dat","249.log","249.xoutput"],"id":155,"resource":"3008","request_start":1576628836306,"request_end":1576628846797,"request_duration":10491,"type":"3008"}
{"start":1576628842989,"end":1576628847000,"duration":4011,"downloading_duration":1944,"execution_duration":1488,"uploading_duration":579,"executable":"ellipsoids-openmp","args":["2.dat","236.log","236.xoutput"],"id":142,"resource":"3008","request_start":1576628836300,"request_end":1576628847021,"request_duration":10721,"type":"3008"}
{"start":1576628845917,"end":1576628849035,"duration":3118,"downloading_duration":1039,"execution_duration":1519,"uploading_duration":560,"executable":"ellipsoids-openmp","args":["1.dat","145.log","145.xoutput"],"id":101,"resource":"3008","request_start":1576628836307,"request_end":1576628849054,"request_duration":12747,"type":"3008"}
{"start":1576628846037,"end":1576628849050,"duration":3013,"downloading_duration":993,"execution_duration":1409,"uploading_duration":611,"executable":"ellipsoids-openmp","args":["1.dat","147.log","147.xoutput"],"id":103,"resource":"3008","request_start":1576628836308,"request_end":1576628849070,"request_duration":12762,"type":"3008"}
{"start":1576628845908,"end":1576628849061,"duration":3153,"downloading_duration":1155,"execution_duration":1400,"uploading_duration":598,"executable":"ellipsoids-openmp","args":["1.dat","144.log","144.xoutput"],"id":100,"resource":"3008","request_start":1576628836307,"request_end":1576628849079,"request_duration":12772,"type":"3008"}
{"start":1576628846098,"end":1576628849079,"duration":2981,"downloading_duration":1012,"execution_duration":1388,"uploading_duration":581,"executable":"ellipsoids-openmp","args":["1.dat","14.log","14.xoutput"],"id":60,"resource":"3008","request_start":1576628836312,"request_end":1576628849099,"request_duration":12787,"type":"3008"}
{"start":1576628846091,"end":1576628849082,"duration":2991,"downloading_duration":995,"execution_duration":1410,"uploading_duration":586,"executable":"ellipsoids-openmp","args":["1.dat","13.log","13.xoutput"],"id":59,"resource":"3008","request_start":1576628836311,"request_end":1576628849102,"request_duration":12791,"type":"3008"}
{"start":1576628846065,"end":1576628849088,"duration":3023,"downloading_duration":982,"execution_duration":1447,"uploading_duration":594,"executable":"ellipsoids-openmp","args":["1.dat","149.log","149.xoutput"],"id":105,"resource":"3008","request_start":1576628836309,"request_end":1576628849109,"request_duration":12800,"type":"3008"}
{"start":1576628846011,"end":1576628849089,"duration":3078,"downloading_duration":1003,"execution_duration":1430,"uploading_duration":645,"executable":"ellipsoids-openmp","args":["1.dat","146.log","146.xoutput"],"id":102,"resource":"3008","request_start":1576628836308,"request_end":1576628849114,"request_duration":12806,"type":"3008"}
{"start":1576628846116,"end":1576628849099,"duration":2983,"downloading_duration":994,"execution_duration":1419,"uploading_duration":570,"executable":"ellipsoids-openmp","args":["1.dat","17.log","17.xoutput"],"id":63,"resource":"3008","request_start":1576628836313,"request_end":1576628849123,"request_duration":12810,"type":"3008"}
{"start":1576628846083,"end":1576628849122,"duration":3039,"downloading_duration":1046,"execution_duration":1391,"uploading_duration":602,"executable":"ellipsoids-openmp","args":["1.dat","12.log","12.xoutput"],"id":58,"resource":"3008","request_start":1576628836311,"request_end":1576628849144,"request_duration":12833,"type":"3008"}
{"start":1576628846157,"end":1576628849133,"duration":2976,"downloading_duration":976,"execution_duration":1437,"uploading_duration":563,"executable":"ellipsoids-openmp","args":["1.dat","113.log","113.xoutput"],"id":69,"resource":"3008","request_start":1576628836316,"request_end":1576628849157,"request_duration":12841,"type":"3008"}
{"start":1576628846084,"end":1576628849172,"duration":3088,"downloading_duration":1064,"execution_duration":1460,"uploading_duration":564,"executable":"ellipsoids-openmp","args":["1.dat","11.log","11.xoutput"],"id":57,"resource":"3008","request_start":1576628836310,"request_end":1576628849191,"request_duration":12881,"type":"3008"}
{"start":1576628846156,"end":1576628849176,"duration":3020,"downloading_duration":1008,"execution_duration":1431,"uploading_duration":581,"executable":"ellipsoids-openmp","args":["1.dat","111.log","111.xoutput"],"id":67,"resource":"3008","request_start":1576628836315,"request_end":1576628849197,"request_duration":12882,"type":"3008"}
{"start":1576628846198,"end":1576628849179,"duration":2981,"downloading_duration":981,"execution_duration":1408,"uploading_duration":592,"executable":"ellipsoids-openmp","args":["1.dat","120.log","120.xoutput"],"id":76,"resource":"3008","request_start":1576628836320,"request_end":1576628849200,"request_duration":12880,"type":"3008"}
{"start":1576628846218,"end":1576628849183,"duration":2965,"downloading_duration":1000,"execution_duration":1405,"uploading_duration":560,"executable":"ellipsoids-openmp","args":["1.dat","126.log","126.xoutput"],"id":82,"resource":"3008","request_start":1576628836324,"request_end":1576628849205,"request_duration":12881,"type":"3008"}
{"start":1576628846186,"end":1576628849188,"duration":3002,"downloading_duration":989,"execution_duration":1425,"uploading_duration":588,"executable":"ellipsoids-openmp","args":["1.dat","115.log","115.xoutput"],"id":71,"resource":"3008","request_start":1576628836317,"request_end":1576628849210,"request_duration":12893,"type":"3008"}
{"start":1576628846118,"end":1576628849198,"duration":3080,"downloading_duration":1030,"execution_duration":1462,"uploading_duration":588,"executable":"ellipsoids-openmp","args":["1.dat","16.log","16.xoutput"],"id":62,"resource":"3008","request_start":1576628836313,"request_end":1576628849218,"request_duration":12905,"type":"3008"}
{"start":1576628846135,"end":1576628849201,"duration":3066,"downloading_duration":997,"execution_duration":1447,"uploading_duration":622,"executable":"ellipsoids-openmp","args":["1.dat","18.log","18.xoutput"],"id":64,"resource":"3008","request_start":1576628836314,"request_end":1576628849222,"request_duration":12908,"type":"3008"}
{"start":1576628846059,"end":1576628849202,"duration":3143,"downloading_duration":1067,"execution_duration":1460,"uploading_duration":616,"executable":"ellipsoids-openmp","args":["1.dat","148.log","148.xoutput"],"id":104,"resource":"3008","request_start":1576628836309,"request_end":1576628849224,"request_duration":12915,"type":"3008"}
{"start":1576628846103,"end":1576628849210,"duration":3107,"downloading_duration":1070,"execution_duration":1449,"uploading_duration":588,"executable":"ellipsoids-openmp","args":["1.dat","15.log","15.xoutput"],"id":61,"resource":"3008","request_start":1576628836312,"request_end":1576628849229,"request_duration":12917,"type":"3008"}
{"start":1576628846191,"end":1576628849226,"duration":3035,"downloading_duration":990,"execution_duration":1460,"uploading_duration":585,"executable":"ellipsoids-openmp","args":["1.dat","118.log","118.xoutput"],"id":74,"resource":"3008","request_start":1576628836319,"request_end":1576628849250,"request_duration":12931,"type":"3008"}
{"start":1576628846197,"end":1576628849224,"duration":3027,"downloading_duration":976,"execution_duration":1418,"uploading_duration":633,"executable":"ellipsoids-openmp","args":["1.dat","122.log","122.xoutput"],"id":78,"resource":"3008","request_start":1576628836322,"request_end":1576628849251,"request_duration":12929,"type":"3008"}
{"start":1576628846174,"end":1576628849231,"duration":3057,"downloading_duration":1031,"execution_duration":1452,"uploading_duration":574,"executable":"ellipsoids-openmp","args":["1.dat","114.log","114.xoutput"],"id":70,"resource":"3008","request_start":1576628836317,"request_end":1576628849258,"request_duration":12941,"type":"3008"}
{"start":1576628846079,"end":1576628849250,"duration":3171,"downloading_duration":990,"execution_duration":1470,"uploading_duration":711,"executable":"ellipsoids-openmp","args":["1.dat","10.log","10.xoutput"],"id":56,"resource":"3008","request_start":1576628836310,"request_end":1576628849280,"request_duration":12970,"type":"3008"}
{"start":1576628846225,"end":1576628849252,"duration":3027,"downloading_duration":1002,"execution_duration":1444,"uploading_duration":581,"executable":"ellipsoids-openmp","args":["1.dat","127.log","127.xoutput"],"id":83,"resource":"3008","request_start":1576628836324,"request_end":1576628849282,"request_duration":12958,"type":"3008"}
{"start":1576628846191,"end":1576628849265,"duration":3074,"downloading_duration":1070,"execution_duration":1442,"uploading_duration":562,"executable":"ellipsoids-openmp","args":["1.dat","117.log","117.xoutput"],"id":73,"resource":"3008","request_start":1576628836318,"request_end":1576628849284,"request_duration":12966,"type":"3008"}
{"start":1576628846213,"end":1576628849267,"duration":3054,"downloading_duration":982,"execution_duration":1497,"uploading_duration":575,"executable":"ellipsoids-openmp","args":["1.dat","123.log","123.xoutput"],"id":79,"resource":"3008","request_start":1576628836322,"request_end":1576628849291,"request_duration":12969,"type":"3008"}
{"start":1576628846154,"end":1576628849272,"duration":3118,"downloading_duration":1031,"execution_duration":1498,"uploading_duration":589,"executable":"ellipsoids-openmp","args":["1.dat","112.log","112.xoutput"],"id":68,"resource":"3008","request_start":1576628836316,"request_end":1576628849295,"request_duration":12979,"type":"3008"}
{"start":1576628846303,"end":1576628849281,"duration":2978,"downloading_duration":993,"execution_duration":1431,"uploading_duration":554,"executable":"ellipsoids-openmp","args":["1.dat","136.log","136.xoutput"],"id":92,"resource":"3008","request_start":1576628836329,"request_end":1576628849306,"request_duration":12977,"type":"3008"}
{"start":1576628846201,"end":1576628849282,"duration":3081,"downloading_duration":986,"execution_duration":1442,"uploading_duration":653,"executable":"ellipsoids-openmp","args":["1.dat","121.log","121.xoutput"],"id":77,"resource":"3008","request_start":1576628836321,"request_end":1576628849308,"request_duration":12987,"type":"3008"}
{"start":1576628846216,"end":1576628849315,"duration":3099,"downloading_duration":1087,"execution_duration":1433,"uploading_duration":579,"executable":"ellipsoids-openmp","args":["1.dat","124.log","124.xoutput"],"id":80,"resource":"3008","request_start":1576628836323,"request_end":1576628849334,"request_duration":13011,"type":"3008"}
{"start":1576628846249,"end":1576628849316,"duration":3067,"downloading_duration":1015,"execution_duration":1429,"uploading_duration":623,"executable":"ellipsoids-openmp","args":["1.dat","130.log","130.xoutput"],"id":86,"resource":"3008","request_start":1576628836326,"request_end":1576628849339,"request_duration":13013,"type":"3008"}
{"start":1576628846217,"end":1576628849331,"duration":3114,"downloading_duration":1054,"execution_duration":1440,"uploading_duration":620,"executable":"ellipsoids-openmp","args":["1.dat","125.log","125.xoutput"],"id":81,"resource":"3008","request_start":1576628836323,"request_end":1576628849354,"request_duration":13031,"type":"3008"}
{"start":1576628846271,"end":1576628849337,"duration":3066,"downloading_duration":1069,"execution_duration":1401,"uploading_duration":596,"executable":"ellipsoids-openmp","args":["1.dat","134.log","134.xoutput"],"id":90,"resource":"3008","request_start":1576628836328,"request_end":1576628849361,"request_duration":13033,"type":"3008"}
{"start":1576628846255,"end":1576628849356,"duration":3101,"downloading_duration":1069,"execution_duration":1457,"uploading_duration":575,"executable":"ellipsoids-openmp","args":["1.dat","131.log","131.xoutput"],"id":87,"resource":"3008","request_start":1576628836327,"request_end":1576628849375,"request_duration":13048,"type":"3008"}
{"start":1576628846328,"end":1576628849384,"duration":3056,"downloading_duration":1007,"execution_duration":1431,"uploading_duration":618,"executable":"ellipsoids-openmp","args":["1.dat","138.log","138.xoutput"],"id":94,"resource":"3008","request_start":1576628836330,"request_end":1576628849402,"request_duration":13072,"type":"3008"}
{"start":1576628846235,"end":1576628849388,"duration":3153,"downloading_duration":1075,"execution_duration":1435,"uploading_duration":643,"executable":"ellipsoids-openmp","args":["1.dat","129.log","129.xoutput"],"id":85,"resource":"3008","request_start":1576628836326,"request_end":1576628849408,"request_duration":13082,"type":"3008"}
{"start":1576628846336,"end":1576628849393,"duration":3057,"downloading_duration":1082,"execution_duration":1400,"uploading_duration":575,"executable":"ellipsoids-openmp","args":["1.dat","139.log","139.xoutput"],"id":95,"resource":"3008","request_start":1576628836331,"request_end":1576628849415,"request_duration":13084,"type":"3008"}
{"start":1576628846290,"end":1576628849406,"duration":3116,"downloading_duration":1053,"execution_duration":1459,"uploading_duration":604,"executable":"ellipsoids-openmp","args":["1.dat","135.log","135.xoutput"],"id":91,"resource":"3008","request_start":1576628836329,"request_end":1576628849425,"request_duration":13096,"type":"3008"}
{"start":1576628846317,"end":1576628849428,"duration":3111,"downloading_duration":1082,"execution_duration":1445,"uploading_duration":584,"executable":"ellipsoids-openmp","args":["1.dat","137.log","137.xoutput"],"id":93,"resource":"3008","request_start":1576628836330,"request_end":1576628849447,"request_duration":13117,"type":"3008"}
{"start":1576628846147,"end":1576628849434,"duration":3287,"downloading_duration":1242,"execution_duration":1465,"uploading_duration":580,"executable":"ellipsoids-openmp","args":["1.dat","19.log","19.xoutput"],"id":65,"resource":"3008","request_start":1576628836314,"request_end":1576628849453,"request_duration":13139,"type":"3008"}
{"start":1576628846228,"end":1576628849436,"duration":3208,"downloading_duration":1088,"execution_duration":1457,"uploading_duration":663,"executable":"ellipsoids-openmp","args":["1.dat","128.log","128.xoutput"],"id":84,"resource":"3008","request_start":1576628836325,"request_end":1576628849456,"request_duration":13131,"type":"3008"}
{"start":1576628846153,"end":1576628849444,"duration":3291,"downloading_duration":989,"execution_duration":1428,"uploading_duration":874,"executable":"ellipsoids-openmp","args":["1.dat","110.log","110.xoutput"],"id":66,"resource":"3008","request_start":1576628836315,"request_end":1576628849467,"request_duration":13152,"type":"3008"}
{"start":1576628846399,"end":1576628849471,"duration":3072,"downloading_duration":1033,"execution_duration":1444,"uploading_duration":595,"executable":"ellipsoids-openmp","args":["1.dat","140.log","140.xoutput"],"id":96,"resource":"3008","request_start":1576628836331,"request_end":1576628849489,"request_duration":13158,"type":"3008"}
{"start":1576628846267,"end":1576628849509,"duration":3242,"downloading_duration":1080,"execution_duration":1469,"uploading_duration":693,"executable":"ellipsoids-openmp","args":["1.dat","132.log","132.xoutput"],"id":88,"resource":"3008","request_start":1576628836327,"request_end":1576628849530,"request_duration":13203,"type":"3008"}
{"start":1576628846197,"end":1576628849534,"duration":3337,"downloading_duration":1087,"execution_duration":1417,"uploading_duration":833,"executable":"ellipsoids-openmp","args":["1.dat","119.log","119.xoutput"],"id":75,"resource":"3008","request_start":1576628836319,"request_end":1576628849552,"request_duration":13233,"type":"3008"}
{"start":1576628846273,"end":1576628849552,"duration":3279,"downloading_duration":1169,"execution_duration":1457,"uploading_duration":653,"executable":"ellipsoids-openmp","args":["1.dat","133.log","133.xoutput"],"id":89,"resource":"3008","request_start":1576628836328,"request_end":1576628849572,"request_duration":13244,"type":"3008"}
{"start":1576628846826,"end":1576628850045,"duration":3219,"downloading_duration":1075,"execution_duration":1426,"uploading_duration":718,"executable":"ellipsoids-openmp","args":["1.dat","141.log","141.xoutput"],"id":97,"resource":"3008","request_start":1576628836332,"request_end":1576628850072,"request_duration":13740,"type":"3008"}
{"start":1576628847048,"end":1576628850142,"duration":3094,"downloading_duration":1078,"execution_duration":1427,"uploading_duration":589,"executable":"ellipsoids-openmp","args":["1.dat","142.log","142.xoutput"],"id":98,"resource":"3008","request_start":1576628836332,"request_end":1576628850161,"request_duration":13829,"type":"3008"}
{"start":1576628849103,"end":1576628850540,"duration":1437,"downloading_duration":1052,"execution_duration":3,"uploading_duration":382,"executable":"mean-pack-ell","args":["30.xoutput","31.xoutput","32.xoutput","33.xoutput","34.xoutput","35.xoutput","36.xoutput","37.xoutput","38.xoutput","39.xoutput","310.xoutput","311.xoutput","312.xoutput","313.xoutput","314.xoutput","315.xoutput","316.xoutput","317.xoutput","318.xoutput","319.xoutput","320.xoutput","321.xoutput","322.xoutput","323.xoutput","324.xoutput","325.xoutput","326.xoutput","327.xoutput","328.xoutput","329.xoutput","330.xoutput","331.xoutput","332.xoutput","333.xoutput","334.xoutput","335.xoutput","336.xoutput","337.xoutput","338.xoutput","339.xoutput","340.xoutput","341.xoutput","342.xoutput","343.xoutput","344.xoutput","345.xoutput","346.xoutput","347.xoutput","348.xoutput","349.xoutput","average_3.txt"],"id":209,"resource":"3008","request_start":1576628839999,"request_end":1576628850657,"request_duration":10658,"type":"3008"}
{"start":1576628849112,"end":1576628850790,"duration":1678,"downloading_duration":1129,"execution_duration":5,"uploading_duration":544,"executable":"mean-pack-ell","args":["00.xoutput","01.xoutput","02.xoutput","03.xoutput","04.xoutput","05.xoutput","06.xoutput","07.xoutput","08.xoutput","09.xoutput","010.xoutput","011.xoutput","012.xoutput","013.xoutput","014.xoutput","015.xoutput","016.xoutput","017.xoutput","018.xoutput","019.xoutput","020.xoutput","021.xoutput","022.xoutput","023.xoutput","024.xoutput","025.xoutput","026.xoutput","027.xoutput","028.xoutput","029.xoutput","030.xoutput","031.xoutput","032.xoutput","033.xoutput","034.xoutput","035.xoutput","036.xoutput","037.xoutput","038.xoutput","039.xoutput","040.xoutput","041.xoutput","042.xoutput","043.xoutput","044.xoutput","045.xoutput","046.xoutput","047.xoutput","048.xoutput","049.xoutput","average_0.txt"],"id":206,"resource":"3008","request_start":1576628843363,"request_end":1576628850811,"request_duration":7448,"type":"3008"}
{"start":1576628846188,"end":1576628850958,"duration":4770,"downloading_duration":2657,"execution_duration":1507,"uploading_duration":606,"executable":"ellipsoids-openmp","args":["1.dat","116.log","116.xoutput"],"id":72,"resource":"3008","request_start":1576628836318,"request_end":1576628850980,"request_duration":14662,"type":"3008"}
{"start":1576628849088,"end":1576628852499,"duration":3411,"downloading_duration":1062,"execution_duration":1573,"uploading_duration":776,"executable":"ellipsoids-openmp","args":["1.dat","143.log","143.xoutput"],"id":99,"resource":"3008","request_start":1576628836333,"request_end":1576628852588,"request_duration":16255,"type":"3008"}
{"start":1576628852726,"end":1576628854235,"duration":1509,"downloading_duration":1080,"execution_duration":4,"uploading_duration":425,"executable":"mean-pack-ell","args":["10.xoutput","11.xoutput","12.xoutput","13.xoutput","14.xoutput","15.xoutput","16.xoutput","17.xoutput","18.xoutput","19.xoutput","110.xoutput","111.xoutput","112.xoutput","113.xoutput","114.xoutput","115.xoutput","116.xoutput","117.xoutput","118.xoutput","119.xoutput","120.xoutput","121.xoutput","122.xoutput","123.xoutput","124.xoutput","125.xoutput","126.xoutput","127.xoutput","128.xoutput","129.xoutput","130.xoutput","131.xoutput","132.xoutput","133.xoutput","134.xoutput","135.xoutput","136.xoutput","137.xoutput","138.xoutput","139.xoutput","140.xoutput","141.xoutput","142.xoutput","143.xoutput","144.xoutput","145.xoutput","146.xoutput","147.xoutput","148.xoutput","149.xoutput","average_1.txt"],"id":207,"resource":"3008","request_start":1576628852606,"request_end":1576628854260,"request_duration":1654,"type":"3008"}
{"start":1576628843283,"end":1576628855236,"duration":11953,"downloading_duration":9813,"execution_duration":1577,"uploading_duration":563,"executable":"ellipsoids-openmp","args":["2.dat","248.log","248.xoutput"],"id":154,"resource":"3008","request_start":1576628836306,"request_end":1576628855255,"request_duration":18949,"type":"3008"}
{"start":1576628855380,"end":1576628856901,"duration":1521,"downloading_duration":1141,"execution_duration":4,"uploading_duration":376,"executable":"mean-pack-ell","args":["20.xoutput","21.xoutput","22.xoutput","23.xoutput","24.xoutput","25.xoutput","26.xoutput","27.xoutput","28.xoutput","29.xoutput","210.xoutput","211.xoutput","212.xoutput","213.xoutput","214.xoutput","215.xoutput","216.xoutput","217.xoutput","218.xoutput","219.xoutput","220.xoutput","221.xoutput","222.xoutput","223.xoutput","224.xoutput","225.xoutput","226.xoutput","227.xoutput","228.xoutput","229.xoutput","230.xoutput","231.xoutput","232.xoutput","233.xoutput","234.xoutput","235.xoutput","236.xoutput","237.xoutput","238.xoutput","239.xoutput","240.xoutput","241.xoutput","242.xoutput","243.xoutput","244.xoutput","245.xoutput","246.xoutput","247.xoutput","248.xoutput","249.xoutput","average_2.txt"],"id":208,"resource":"3008","request_start":1576628855274,"request_end":1576628856922,"request_duration":1648,"type":"3008"}
{"start":1576628857051,"end":1576628857904,"duration":853,"downloading_duration":382,"execution_duration":64,"uploading_duration":407,"executable":"summary.js","args":[],"id":210,"resource":"3008","request_start":1576628856929,"request_end":1576628857921,"request_duration":992,"type":"3008"}
