{"start":1576628858613,"end":1576628859459,"duration":846,"downloading_duration":382,"execution_duration":61,"uploading_duration":403,"executable":"generateData.js","args":[],"id":1,"resource":"3008","request_start":1576628858429,"request_end":1576628859488,"request_duration":1059,"type":"3008"}
{"start":1576628859636,"end":1576628860488,"duration":852,"downloading_duration":405,"execution_duration":67,"uploading_duration":380,"executable":"createDat.js","args":["3.dat"],"id":5,"resource":"3008","request_start":1576628859516,"request_end":1576628860506,"request_duration":990,"type":"3008"}
{"start":1576628859638,"end":1576628860489,"duration":851,"downloading_duration":378,"execution_duration":63,"uploading_duration":410,"executable":"createDat.js","args":["1.dat"],"id":3,"resource":"3008","request_start":1576628859508,"request_end":1576628860509,"request_duration":1001,"type":"3008"}
{"start":1576628859628,"end":1576628860579,"duration":951,"downloading_duration":390,"execution_duration":63,"uploading_duration":498,"executable":"createDat.js","args":["2.dat"],"id":4,"resource":"3008","request_start":1576628859513,"request_end":1576628860663,"request_duration":1150,"type":"3008"}
{"start":1576628859620,"end":1576628860593,"duration":973,"downloading_duration":402,"execution_duration":63,"uploading_duration":508,"executable":"createDat.js","args":["0.dat"],"id":2,"resource":"3008","request_start":1576628859502,"request_end":1576628860665,"request_duration":1163,"type":"3008"}
{"start":1576628860991,"end":1576628863955,"duration":2964,"downloading_duration":984,"execution_duration":1419,"uploading_duration":561,"executable":"ellipsoids-openmp","args":["3.dat","322.log","322.xoutput"],"id":178,"resource":"3008","request_start":1576628860589,"request_end":1576628863976,"request_duration":3387,"type":"3008"}
{"start":1576628860976,"end":1576628863956,"duration":2980,"downloading_duration":1066,"execution_duration":1360,"uploading_duration":554,"executable":"ellipsoids-openmp","args":["3.dat","30.log","30.xoutput"],"id":156,"resource":"3008","request_start":1576628860563,"request_end":1576628863978,"request_duration":3415,"type":"3008"}
{"start":1576628860972,"end":1576628863996,"duration":3024,"downloading_duration":982,"execution_duration":1482,"uploading_duration":560,"executable":"ellipsoids-openmp","args":["3.dat","33.log","33.xoutput"],"id":159,"resource":"3008","request_start":1576628860570,"request_end":1576628864016,"request_duration":3446,"type":"3008"}
{"start":1576628860976,"end":1576628864038,"duration":3062,"downloading_duration":1030,"execution_duration":1424,"uploading_duration":608,"executable":"ellipsoids-openmp","args":["3.dat","31.log","31.xoutput"],"id":157,"resource":"3008","request_start":1576628860567,"request_end":1576628864057,"request_duration":3490,"type":"3008"}
{"start":1576628861045,"end":1576628864040,"duration":2995,"downloading_duration":991,"execution_duration":1433,"uploading_duration":571,"executable":"ellipsoids-openmp","args":["3.dat","326.log","326.xoutput"],"id":182,"resource":"3008","request_start":1576628860592,"request_end":1576628864060,"request_duration":3468,"type":"3008"}
{"start":1576628860982,"end":1576628864041,"duration":3059,"downloading_duration":986,"execution_duration":1473,"uploading_duration":600,"executable":"ellipsoids-openmp","args":["3.dat","316.log","316.xoutput"],"id":172,"resource":"3008","request_start":1576628860582,"request_end":1576628864063,"request_duration":3481,"type":"3008"}
{"start":1576628860986,"end":1576628864042,"duration":3056,"downloading_duration":1070,"execution_duration":1410,"uploading_duration":576,"executable":"ellipsoids-openmp","args":["3.dat","311.log","311.xoutput"],"id":167,"resource":"3008","request_start":1576628860578,"request_end":1576628864066,"request_duration":3488,"type":"3008"}
{"start":1576628861046,"end":1576628864051,"duration":3005,"downloading_duration":1009,"execution_duration":1424,"uploading_duration":572,"executable":"ellipsoids-openmp","args":["3.dat","331.log","331.xoutput"],"id":187,"resource":"3008","request_start":1576628860598,"request_end":1576628864073,"request_duration":3475,"type":"3008"}
{"start":1576628860984,"end":1576628864060,"duration":3076,"downloading_duration":986,"execution_duration":1488,"uploading_duration":602,"executable":"ellipsoids-openmp","args":["3.dat","312.log","312.xoutput"],"id":168,"resource":"3008","request_start":1576628860579,"request_end":1576628864079,"request_duration":3500,"type":"3008"}
{"start":1576628860971,"end":1576628864061,"duration":3090,"downloading_duration":1055,"execution_duration":1477,"uploading_duration":558,"executable":"ellipsoids-openmp","args":["3.dat","34.log","34.xoutput"],"id":160,"resource":"3008","request_start":1576628860571,"request_end":1576628864083,"request_duration":3512,"type":"3008"}
{"start":1576628860986,"end":1576628864060,"duration":3074,"downloading_duration":1033,"execution_duration":1452,"uploading_duration":589,"executable":"ellipsoids-openmp","args":["3.dat","317.log","317.xoutput"],"id":173,"resource":"3008","request_start":1576628860583,"request_end":1576628864084,"request_duration":3501,"type":"3008"}
{"start":1576628860983,"end":1576628864062,"duration":3079,"downloading_duration":994,"execution_duration":1482,"uploading_duration":603,"executable":"ellipsoids-openmp","args":["3.dat","315.log","315.xoutput"],"id":171,"resource":"3008","request_start":1576628860581,"request_end":1576628864087,"request_duration":3506,"type":"3008"}
{"start":1576628860983,"end":1576628864063,"duration":3080,"downloading_duration":1014,"execution_duration":1496,"uploading_duration":570,"executable":"ellipsoids-openmp","args":["3.dat","314.log","314.xoutput"],"id":170,"resource":"3008","request_start":1576628860580,"request_end":1576628864089,"request_duration":3509,"type":"3008"}
{"start":1576628860946,"end":1576628864063,"duration":3117,"downloading_duration":1073,"execution_duration":1412,"uploading_duration":632,"executable":"ellipsoids-openmp","args":["3.dat","348.log","348.xoutput"],"id":204,"resource":"3008","request_start":1576628860616,"request_end":1576628864090,"request_duration":3474,"type":"3008"}
{"start":1576628861071,"end":1576628864063,"duration":2992,"downloading_duration":980,"execution_duration":1453,"uploading_duration":559,"executable":"ellipsoids-openmp","args":["3.dat","341.log","341.xoutput"],"id":197,"resource":"3008","request_start":1576628860610,"request_end":1576628864097,"request_duration":3487,"type":"3008"}
{"start":1576628860991,"end":1576628864066,"duration":3075,"downloading_duration":1035,"execution_duration":1460,"uploading_duration":580,"executable":"ellipsoids-openmp","args":["3.dat","320.log","320.xoutput"],"id":176,"resource":"3008","request_start":1576628860586,"request_end":1576628864099,"request_duration":3513,"type":"3008"}
{"start":1576628860978,"end":1576628864067,"duration":3089,"downloading_duration":995,"execution_duration":1497,"uploading_duration":597,"executable":"ellipsoids-openmp","args":["3.dat","38.log","38.xoutput"],"id":164,"resource":"3008","request_start":1576628860575,"request_end":1576628864100,"request_duration":3525,"type":"3008"}
{"start":1576628861048,"end":1576628864070,"duration":3022,"downloading_duration":997,"execution_duration":1415,"uploading_duration":610,"executable":"ellipsoids-openmp","args":["3.dat","328.log","328.xoutput"],"id":184,"resource":"3008","request_start":1576628860594,"request_end":1576628864102,"request_duration":3508,"type":"3008"}
{"start":1576628860987,"end":1576628864074,"duration":3087,"downloading_duration":1040,"execution_duration":1486,"uploading_duration":561,"executable":"ellipsoids-openmp","args":["3.dat","318.log","318.xoutput"],"id":174,"resource":"3008","request_start":1576628860584,"request_end":1576628864103,"request_duration":3519,"type":"3008"}
{"start":1576628861074,"end":1576628864081,"duration":3007,"downloading_duration":976,"execution_duration":1431,"uploading_duration":600,"executable":"ellipsoids-openmp","args":["3.dat","342.log","342.xoutput"],"id":198,"resource":"3008","request_start":1576628860611,"request_end":1576628864115,"request_duration":3504,"type":"3008"}
{"start":1576628861078,"end":1576628864081,"duration":3003,"downloading_duration":990,"execution_duration":1405,"uploading_duration":608,"executable":"ellipsoids-openmp","args":["3.dat","347.log","347.xoutput"],"id":203,"resource":"3008","request_start":1576628860615,"request_end":1576628864118,"request_duration":3503,"type":"3008"}
{"start":1576628861056,"end":1576628864089,"duration":3033,"downloading_duration":981,"execution_duration":1489,"uploading_duration":563,"executable":"ellipsoids-openmp","args":["3.dat","335.log","335.xoutput"],"id":191,"resource":"3008","request_start":1576628860604,"request_end":1576628864125,"request_duration":3521,"type":"3008"}
{"start":1576628860970,"end":1576628864092,"duration":3122,"downloading_duration":1068,"execution_duration":1459,"uploading_duration":595,"executable":"ellipsoids-openmp","args":["3.dat","32.log","32.xoutput"],"id":158,"resource":"3008","request_start":1576628860569,"request_end":1576628864128,"request_duration":3559,"type":"3008"}
{"start":1576628860947,"end":1576628864093,"duration":3146,"downloading_duration":1073,"execution_duration":1459,"uploading_duration":614,"executable":"ellipsoids-openmp","args":["3.dat","349.log","349.xoutput"],"id":205,"resource":"3008","request_start":1576628860616,"request_end":1576628864129,"request_duration":3513,"type":"3008"}
{"start":1576628860979,"end":1576628864095,"duration":3116,"downloading_duration":998,"execution_duration":1519,"uploading_duration":599,"executable":"ellipsoids-openmp","args":["3.dat","37.log","37.xoutput"],"id":163,"resource":"3008","request_start":1576628860574,"request_end":1576628864131,"request_duration":3557,"type":"3008"}
{"start":1576628860990,"end":1576628864097,"duration":3107,"downloading_duration":992,"execution_duration":1506,"uploading_duration":609,"executable":"ellipsoids-openmp","args":["3.dat","321.log","321.xoutput"],"id":177,"resource":"3008","request_start":1576628860588,"request_end":1576628864132,"request_duration":3544,"type":"3008"}
{"start":1576628861000,"end":1576628864097,"duration":3097,"downloading_duration":1076,"execution_duration":1459,"uploading_duration":562,"executable":"ellipsoids-openmp","args":["3.dat","323.log","323.xoutput"],"id":179,"resource":"3008","request_start":1576628860589,"request_end":1576628864133,"request_duration":3544,"type":"3008"}
{"start":1576628860981,"end":1576628864104,"duration":3123,"downloading_duration":1063,"execution_duration":1472,"uploading_duration":588,"executable":"ellipsoids-openmp","args":["3.dat","35.log","35.xoutput"],"id":161,"resource":"3008","request_start":1576628860572,"request_end":1576628864135,"request_duration":3563,"type":"3008"}
{"start":1576628861047,"end":1576628864107,"duration":3060,"downloading_duration":1010,"execution_duration":1496,"uploading_duration":554,"executable":"ellipsoids-openmp","args":["3.dat","324.log","324.xoutput"],"id":180,"resource":"3008","request_start":1576628860590,"request_end":1576628864136,"request_duration":3546,"type":"3008"}
{"start":1576628860985,"end":1576628864108,"duration":3123,"downloading_duration":1087,"execution_duration":1477,"uploading_duration":559,"executable":"ellipsoids-openmp","args":["3.dat","310.log","310.xoutput"],"id":166,"resource":"3008","request_start":1576628860577,"request_end":1576628864136,"request_duration":3559,"type":"3008"}
{"start":1576628861074,"end":1576628864109,"duration":3035,"downloading_duration":989,"execution_duration":1424,"uploading_duration":622,"executable":"ellipsoids-openmp","args":["3.dat","344.log","344.xoutput"],"id":200,"resource":"3008","request_start":1576628860612,"request_end":1576628864228,"request_duration":3616,"type":"3008"}
{"start":1576628860981,"end":1576628864112,"duration":3131,"downloading_duration":1141,"execution_duration":1397,"uploading_duration":593,"executable":"ellipsoids-openmp","args":["3.dat","36.log","36.xoutput"],"id":162,"resource":"3008","request_start":1576628860573,"request_end":1576628864230,"request_duration":3657,"type":"3008"}
{"start":1576628861049,"end":1576628864120,"duration":3071,"downloading_duration":999,"execution_duration":1446,"uploading_duration":626,"executable":"ellipsoids-openmp","args":["3.dat","332.log","332.xoutput"],"id":188,"resource":"3008","request_start":1576628860599,"request_end":1576628864232,"request_duration":3633,"type":"3008"}
{"start":1576628861046,"end":1576628864123,"duration":3077,"downloading_duration":985,"execution_duration":1476,"uploading_duration":616,"executable":"ellipsoids-openmp","args":["3.dat","325.log","325.xoutput"],"id":181,"resource":"3008","request_start":1576628860591,"request_end":1576628864234,"request_duration":3643,"type":"3008"}
{"start":1576628861079,"end":1576628864128,"duration":3049,"downloading_duration":1026,"execution_duration":1440,"uploading_duration":583,"executable":"ellipsoids-openmp","args":["3.dat","340.log","340.xoutput"],"id":196,"resource":"3008","request_start":1576628860609,"request_end":1576628864239,"request_duration":3630,"type":"3008"}
{"start":1576628861073,"end":1576628864135,"duration":3062,"downloading_duration":1036,"execution_duration":1454,"uploading_duration":572,"executable":"ellipsoids-openmp","args":["3.dat","339.log","339.xoutput"],"id":195,"resource":"3008","request_start":1576628860608,"request_end":1576628864241,"request_duration":3633,"type":"3008"}
{"start":1576628861074,"end":1576628864141,"duration":3067,"downloading_duration":1080,"execution_duration":1418,"uploading_duration":569,"executable":"ellipsoids-openmp","args":["3.dat","343.log","343.xoutput"],"id":199,"resource":"3008","request_start":1576628860611,"request_end":1576628864242,"request_duration":3631,"type":"3008"}
{"start":1576628861072,"end":1576628864144,"duration":3072,"downloading_duration":1066,"execution_duration":1409,"uploading_duration":597,"executable":"ellipsoids-openmp","args":["3.dat","338.log","338.xoutput"],"id":194,"resource":"3008","request_start":1576628860607,"request_end":1576628864244,"request_duration":3637,"type":"3008"}
{"start":1576628861049,"end":1576628864189,"duration":3140,"downloading_duration":1126,"execution_duration":1407,"uploading_duration":607,"executable":"ellipsoids-openmp","args":["3.dat","330.log","330.xoutput"],"id":186,"resource":"3008","request_start":1576628860597,"request_end":1576628864248,"request_duration":3651,"type":"3008"}
{"start":1576628860989,"end":1576628864197,"duration":3208,"downloading_duration":1071,"execution_duration":1429,"uploading_duration":708,"executable":"ellipsoids-openmp","args":["3.dat","319.log","319.xoutput"],"id":175,"resource":"3008","request_start":1576628860585,"request_end":1576628864265,"request_duration":3680,"type":"3008"}
{"start":1576628860975,"end":1576628864206,"duration":3231,"downloading_duration":1157,"execution_duration":1464,"uploading_duration":610,"executable":"ellipsoids-openmp","args":["3.dat","39.log","39.xoutput"],"id":165,"resource":"3008","request_start":1576628860576,"request_end":1576628864268,"request_duration":3692,"type":"3008"}
{"start":1576628861046,"end":1576628864209,"duration":3163,"downloading_duration":1129,"execution_duration":1454,"uploading_duration":580,"executable":"ellipsoids-openmp","args":["3.dat","327.log","327.xoutput"],"id":183,"resource":"3008","request_start":1576628860593,"request_end":1576628864270,"request_duration":3677,"type":"3008"}
{"start":1576628861080,"end":1576628864216,"duration":3136,"downloading_duration":1019,"execution_duration":1457,"uploading_duration":660,"executable":"ellipsoids-openmp","args":["3.dat","345.log","345.xoutput"],"id":201,"resource":"3008","request_start":1576628860613,"request_end":1576628864272,"request_duration":3659,"type":"3008"}
{"start":1576628861060,"end":1576628864217,"duration":3157,"downloading_duration":1083,"execution_duration":1474,"uploading_duration":600,"executable":"ellipsoids-openmp","args":["3.dat","336.log","336.xoutput"],"id":192,"resource":"3008","request_start":1576628860605,"request_end":1576628864279,"request_duration":3674,"type":"3008"}
{"start":1576628861050,"end":1576628864218,"duration":3168,"downloading_duration":1078,"execution_duration":1463,"uploading_duration":627,"executable":"ellipsoids-openmp","args":["3.dat","334.log","334.xoutput"],"id":190,"resource":"3008","request_start":1576628860601,"request_end":1576628864280,"request_duration":3679,"type":"3008"}
{"start":1576628861055,"end":1576628864220,"duration":3165,"downloading_duration":1030,"execution_duration":1449,"uploading_duration":686,"executable":"ellipsoids-openmp","args":["3.dat","337.log","337.xoutput"],"id":193,"resource":"3008","request_start":1576628860606,"request_end":1576628864281,"request_duration":3675,"type":"3008"}
{"start":1576628861076,"end":1576628864223,"duration":3147,"downloading_duration":1066,"execution_duration":1411,"uploading_duration":670,"executable":"ellipsoids-openmp","args":["3.dat","346.log","346.xoutput"],"id":202,"resource":"3008","request_start":1576628860614,"request_end":1576628864282,"request_duration":3668,"type":"3008"}
{"start":1576628861051,"end":1576628864235,"duration":3184,"downloading_duration":1136,"execution_duration":1487,"uploading_duration":561,"executable":"ellipsoids-openmp","args":["3.dat","329.log","329.xoutput"],"id":185,"resource":"3008","request_start":1576628860595,"request_end":1576628864284,"request_duration":3689,"type":"3008"}
{"start":1576628860982,"end":1576628864275,"duration":3293,"downloading_duration":1185,"execution_duration":1476,"uploading_duration":632,"executable":"ellipsoids-openmp","args":["3.dat","313.log","313.xoutput"],"id":169,"resource":"3008","request_start":1576628860579,"request_end":1576628864364,"request_duration":3785,"type":"3008"}
{"start":1576628861052,"end":1576628864335,"duration":3283,"downloading_duration":1082,"execution_duration":1531,"uploading_duration":670,"executable":"ellipsoids-openmp","args":["3.dat","333.log","333.xoutput"],"id":189,"resource":"3008","request_start":1576628860600,"request_end":1576628864374,"request_duration":3774,"type":"3008"}
{"start":1576628864042,"end":1576628867019,"duration":2977,"downloading_duration":980,"execution_duration":1451,"uploading_duration":546,"executable":"ellipsoids-openmp","args":["1.dat","146.log","146.xoutput"],"id":102,"resource":"3008","request_start":1576628860673,"request_end":1576628867040,"request_duration":6367,"type":"3008"}
{"start":1576628864001,"end":1576628867037,"duration":3036,"downloading_duration":996,"execution_duration":1475,"uploading_duration":565,"executable":"ellipsoids-openmp","args":["1.dat","144.log","144.xoutput"],"id":100,"resource":"3008","request_start":1576628860671,"request_end":1576628867056,"request_duration":6385,"type":"3008"}
{"start":1576628864109,"end":1576628867091,"duration":2982,"downloading_duration":991,"execution_duration":1411,"uploading_duration":580,"executable":"ellipsoids-openmp","args":["1.dat","12.log","12.xoutput"],"id":58,"resource":"3008","request_start":1576628860679,"request_end":1576628867112,"request_duration":6433,"type":"3008"}
{"start":1576628864102,"end":1576628867105,"duration":3003,"downloading_duration":980,"execution_duration":1446,"uploading_duration":577,"executable":"ellipsoids-openmp","args":["1.dat","11.log","11.xoutput"],"id":57,"resource":"3008","request_start":1576628860678,"request_end":1576628867126,"request_duration":6448,"type":"3008"}
{"start":1576628864085,"end":1576628867109,"duration":3024,"downloading_duration":994,"execution_duration":1464,"uploading_duration":566,"executable":"ellipsoids-openmp","args":["1.dat","147.log","147.xoutput"],"id":103,"resource":"3008","request_start":1576628860674,"request_end":1576628867131,"request_duration":6457,"type":"3008"}
{"start":1576628864118,"end":1576628867113,"duration":2995,"downloading_duration":988,"execution_duration":1449,"uploading_duration":558,"executable":"ellipsoids-openmp","args":["1.dat","14.log","14.xoutput"],"id":60,"resource":"3008","request_start":1576628860681,"request_end":1576628867135,"request_duration":6454,"type":"3008"}
{"start":1576628864011,"end":1576628867119,"duration":3108,"downloading_duration":994,"execution_duration":1421,"uploading_duration":693,"executable":"ellipsoids-openmp","args":["1.dat","145.log","145.xoutput"],"id":101,"resource":"3008","request_start":1576628860672,"request_end":1576628867140,"request_duration":6468,"type":"3008"}
{"start":1576628864116,"end":1576628867131,"duration":3015,"downloading_duration":1009,"execution_duration":1452,"uploading_duration":554,"executable":"ellipsoids-openmp","args":["1.dat","15.log","15.xoutput"],"id":61,"resource":"3008","request_start":1576628860682,"request_end":1576628867150,"request_duration":6468,"type":"3008"}
{"start":1576628864098,"end":1576628867147,"duration":3049,"downloading_duration":985,"execution_duration":1509,"uploading_duration":555,"executable":"ellipsoids-openmp","args":["1.dat","10.log","10.xoutput"],"id":56,"resource":"3008","request_start":1576628860677,"request_end":1576628867167,"request_duration":6490,"type":"3008"}
{"start":1576628864157,"end":1576628867168,"duration":3011,"downloading_duration":986,"execution_duration":1410,"uploading_duration":615,"executable":"ellipsoids-openmp","args":["1.dat","115.log","115.xoutput"],"id":71,"resource":"3008","request_start":1576628860690,"request_end":1576628867187,"request_duration":6497,"type":"3008"}
{"start":1576628864144,"end":1576628867173,"duration":3029,"downloading_duration":1068,"execution_duration":1360,"uploading_duration":601,"executable":"ellipsoids-openmp","args":["1.dat","113.log","113.xoutput"],"id":69,"resource":"3008","request_start":1576628860688,"request_end":1576628867194,"request_duration":6506,"type":"3008"}
{"start":1576628864165,"end":1576628867184,"duration":3019,"downloading_duration":1028,"execution_duration":1434,"uploading_duration":557,"executable":"ellipsoids-openmp","args":["1.dat","121.log","121.xoutput"],"id":77,"resource":"3008","request_start":1576628860695,"request_end":1576628867204,"request_duration":6509,"type":"3008"}
{"start":1576628864135,"end":1576628867190,"duration":3055,"downloading_duration":1010,"execution_duration":1453,"uploading_duration":592,"executable":"ellipsoids-openmp","args":["1.dat","112.log","112.xoutput"],"id":68,"resource":"3008","request_start":1576628860688,"request_end":1576628867210,"request_duration":6522,"type":"3008"}
{"start":1576628864159,"end":1576628867214,"duration":3055,"downloading_duration":1081,"execution_duration":1414,"uploading_duration":560,"executable":"ellipsoids-openmp","args":["1.dat","114.log","114.xoutput"],"id":70,"resource":"3008","request_start":1576628860689,"request_end":1576628867235,"request_duration":6546,"type":"3008"}
{"start":1576628864171,"end":1576628867215,"duration":3044,"downloading_duration":988,"execution_duration":1459,"uploading_duration":597,"executable":"ellipsoids-openmp","args":["1.dat","123.log","123.xoutput"],"id":79,"resource":"3008","request_start":1576628860696,"request_end":1576628867237,"request_duration":6541,"type":"3008"}
{"start":1576628864130,"end":1576628867224,"duration":3094,"downloading_duration":1026,"execution_duration":1466,"uploading_duration":602,"executable":"ellipsoids-openmp","args":["1.dat","18.log","18.xoutput"],"id":64,"resource":"3008","request_start":1576628860685,"request_end":1576628867250,"request_duration":6565,"type":"3008"}
{"start":1576628864121,"end":1576628867226,"duration":3105,"downloading_duration":1002,"execution_duration":1479,"uploading_duration":624,"executable":"ellipsoids-openmp","args":["1.dat","16.log","16.xoutput"],"id":62,"resource":"3008","request_start":1576628860683,"request_end":1576628867252,"request_duration":6569,"type":"3008"}
{"start":1576628864166,"end":1576628867241,"duration":3075,"downloading_duration":1025,"execution_duration":1457,"uploading_duration":593,"executable":"ellipsoids-openmp","args":["1.dat","119.log","119.xoutput"],"id":75,"resource":"3008","request_start":1576628860693,"request_end":1576628867260,"request_duration":6567,"type":"3008"}
{"start":1576628864121,"end":1576628867247,"duration":3126,"downloading_duration":979,"execution_duration":1517,"uploading_duration":630,"executable":"ellipsoids-openmp","args":["1.dat","17.log","17.xoutput"],"id":63,"resource":"3008","request_start":1576628860684,"request_end":1576628867269,"request_duration":6585,"type":"3008"}
{"start":1576628864089,"end":1576628867248,"duration":3159,"downloading_duration":1036,"execution_duration":1476,"uploading_duration":647,"executable":"ellipsoids-openmp","args":["1.dat","148.log","148.xoutput"],"id":104,"resource":"3008","request_start":1576628860675,"request_end":1576628867271,"request_duration":6596,"type":"3008"}
{"start":1576628864164,"end":1576628867251,"duration":3087,"downloading_duration":983,"execution_duration":1444,"uploading_duration":660,"executable":"ellipsoids-openmp","args":["1.dat","120.log","120.xoutput"],"id":76,"resource":"3008","request_start":1576628860694,"request_end":1576628867274,"request_duration":6580,"type":"3008"}
{"start":1576628864162,"end":1576628867257,"duration":3095,"downloading_duration":1018,"execution_duration":1484,"uploading_duration":593,"executable":"ellipsoids-openmp","args":["1.dat","118.log","118.xoutput"],"id":74,"resource":"3008","request_start":1576628860693,"request_end":1576628867283,"request_duration":6590,"type":"3008"}
{"start":1576628864134,"end":1576628867258,"duration":3124,"downloading_duration":1060,"execution_duration":1501,"uploading_duration":563,"executable":"ellipsoids-openmp","args":["1.dat","110.log","110.xoutput"],"id":66,"resource":"3008","request_start":1576628860686,"request_end":1576628867285,"request_duration":6599,"type":"3008"}
{"start":1576628864134,"end":1576628867261,"duration":3127,"downloading_duration":1008,"execution_duration":1476,"uploading_duration":643,"executable":"ellipsoids-openmp","args":["1.dat","111.log","111.xoutput"],"id":67,"resource":"3008","request_start":1576628860687,"request_end":1576628867288,"request_duration":6601,"type":"3008"}
{"start":1576628864274,"end":1576628867277,"duration":3003,"downloading_duration":1022,"execution_duration":1419,"uploading_duration":562,"executable":"ellipsoids-openmp","args":["1.dat","124.log","124.xoutput"],"id":80,"resource":"3008","request_start":1576628860697,"request_end":1576628867299,"request_duration":6602,"type":"3008"}
{"start":1576628864300,"end":1576628867278,"duration":2978,"downloading_duration":985,"execution_duration":1427,"uploading_duration":566,"executable":"ellipsoids-openmp","args":["1.dat","136.log","136.xoutput"],"id":92,"resource":"3008","request_start":1576628860704,"request_end":1576628867301,"request_duration":6597,"type":"3008"}
{"start":1576628864116,"end":1576628867283,"duration":3167,"downloading_duration":984,"execution_duration":1460,"uploading_duration":723,"executable":"ellipsoids-openmp","args":["1.dat","13.log","13.xoutput"],"id":59,"resource":"3008","request_start":1576628860680,"request_end":1576628867307,"request_duration":6627,"type":"3008"}
{"start":1576628864274,"end":1576628867284,"duration":3010,"downloading_duration":987,"execution_duration":1457,"uploading_duration":566,"executable":"ellipsoids-openmp","args":["1.dat","126.log","126.xoutput"],"id":82,"resource":"3008","request_start":1576628860698,"request_end":1576628867310,"request_duration":6612,"type":"3008"}
{"start":1576628864166,"end":1576628867286,"duration":3120,"downloading_duration":1072,"execution_duration":1455,"uploading_duration":593,"executable":"ellipsoids-openmp","args":["1.dat","122.log","122.xoutput"],"id":78,"resource":"3008","request_start":1576628860695,"request_end":1576628867312,"request_duration":6617,"type":"3008"}
{"start":1576628864163,"end":1576628867288,"duration":3125,"downloading_duration":1037,"execution_duration":1505,"uploading_duration":583,"executable":"ellipsoids-openmp","args":["1.dat","116.log","116.xoutput"],"id":72,"resource":"3008","request_start":1576628860691,"request_end":1576628867314,"request_duration":6623,"type":"3008"}
{"start":1576628864297,"end":1576628867297,"duration":3000,"downloading_duration":1031,"execution_duration":1393,"uploading_duration":576,"executable":"ellipsoids-openmp","args":["1.dat","133.log","133.xoutput"],"id":89,"resource":"3008","request_start":1576628860702,"request_end":1576628867324,"request_duration":6622,"type":"3008"}
{"start":1576628864163,"end":1576628867301,"duration":3138,"downloading_duration":1091,"execution_duration":1416,"uploading_duration":631,"executable":"ellipsoids-openmp","args":["1.dat","117.log","117.xoutput"],"id":73,"resource":"3008","request_start":1576628860692,"request_end":1576628867326,"request_duration":6634,"type":"3008"}
{"start":1576628864283,"end":1576628867331,"duration":3048,"downloading_duration":1009,"execution_duration":1448,"uploading_duration":591,"executable":"ellipsoids-openmp","args":["1.dat","131.log","131.xoutput"],"id":87,"resource":"3008","request_start":1576628860701,"request_end":1576628867352,"request_duration":6651,"type":"3008"}
{"start":1576628864284,"end":1576628867335,"duration":3051,"downloading_duration":990,"execution_duration":1499,"uploading_duration":562,"executable":"ellipsoids-openmp","args":["1.dat","129.log","129.xoutput"],"id":85,"resource":"3008","request_start":1576628860700,"request_end":1576628867354,"request_duration":6654,"type":"3008"}
{"start":1576628864277,"end":1576628867339,"duration":3062,"downloading_duration":1028,"execution_duration":1437,"uploading_duration":597,"executable":"ellipsoids-openmp","args":["1.dat","125.log","125.xoutput"],"id":81,"resource":"3008","request_start":1576628860698,"request_end":1576628867358,"request_duration":6660,"type":"3008"}
{"start":1576628864281,"end":1576628867343,"duration":3062,"downloading_duration":1026,"execution_duration":1466,"uploading_duration":570,"executable":"ellipsoids-openmp","args":["1.dat","130.log","130.xoutput"],"id":86,"resource":"3008","request_start":1576628860700,"request_end":1576628867364,"request_duration":6664,"type":"3008"}
{"start":1576628864289,"end":1576628867349,"duration":3060,"downloading_duration":1086,"execution_duration":1390,"uploading_duration":584,"executable":"ellipsoids-openmp","args":["1.dat","132.log","132.xoutput"],"id":88,"resource":"3008","request_start":1576628860701,"request_end":1576628867371,"request_duration":6670,"type":"3008"}
{"start":1576628864135,"end":1576628867351,"duration":3216,"downloading_duration":998,"execution_duration":1447,"uploading_duration":771,"executable":"ellipsoids-openmp","args":["1.dat","19.log","19.xoutput"],"id":65,"resource":"3008","request_start":1576628860686,"request_end":1576628867374,"request_duration":6688,"type":"3008"}
{"start":1576628864276,"end":1576628867356,"duration":3080,"downloading_duration":1081,"execution_duration":1435,"uploading_duration":564,"executable":"ellipsoids-openmp","args":["1.dat","128.log","128.xoutput"],"id":84,"resource":"3008","request_start":1576628860699,"request_end":1576628867380,"request_duration":6681,"type":"3008"}
{"start":1576628864321,"end":1576628867356,"duration":3035,"downloading_duration":981,"execution_duration":1463,"uploading_duration":591,"executable":"ellipsoids-openmp","args":["1.dat","138.log","138.xoutput"],"id":94,"resource":"3008","request_start":1576628860705,"request_end":1576628867382,"request_duration":6677,"type":"3008"}
{"start":1576628864310,"end":1576628867361,"duration":3051,"downloading_duration":988,"execution_duration":1463,"uploading_duration":600,"executable":"ellipsoids-openmp","args":["1.dat","137.log","137.xoutput"],"id":93,"resource":"3008","request_start":1576628860704,"request_end":1576628867386,"request_duration":6682,"type":"3008"}
{"start":1576628864296,"end":1576628867392,"duration":3096,"downloading_duration":1080,"execution_duration":1432,"uploading_duration":584,"executable":"ellipsoids-openmp","args":["1.dat","134.log","134.xoutput"],"id":90,"resource":"3008","request_start":1576628860703,"request_end":1576628867412,"request_duration":6709,"type":"3008"}
{"start":1576628864276,"end":1576628867418,"duration":3142,"downloading_duration":1070,"execution_duration":1426,"uploading_duration":646,"executable":"ellipsoids-openmp","args":["1.dat","127.log","127.xoutput"],"id":83,"resource":"3008","request_start":1576628860699,"request_end":1576628867440,"request_duration":6741,"type":"3008"}
{"start":1576628864399,"end":1576628867437,"duration":3038,"downloading_duration":1002,"execution_duration":1455,"uploading_duration":581,"executable":"ellipsoids-openmp","args":["1.dat","142.log","142.xoutput"],"id":98,"resource":"3008","request_start":1576628860707,"request_end":1576628867455,"request_duration":6748,"type":"3008"}
{"start":1576628864316,"end":1576628867441,"duration":3125,"downloading_duration":1076,"execution_duration":1418,"uploading_duration":631,"executable":"ellipsoids-openmp","args":["1.dat","140.log","140.xoutput"],"id":96,"resource":"3008","request_start":1576628860706,"request_end":1576628867460,"request_duration":6754,"type":"3008"}
{"start":1576628864316,"end":1576628867497,"duration":3181,"downloading_duration":1009,"execution_duration":1472,"uploading_duration":700,"executable":"ellipsoids-openmp","args":["1.dat","141.log","141.xoutput"],"id":97,"resource":"3008","request_start":1576628860706,"request_end":1576628867515,"request_duration":6809,"type":"3008"}
{"start":1576628864298,"end":1576628867520,"duration":3222,"downloading_duration":1157,"execution_duration":1451,"uploading_duration":614,"executable":"ellipsoids-openmp","args":["1.dat","135.log","135.xoutput"],"id":91,"resource":"3008","request_start":1576628860703,"request_end":1576628867540,"request_duration":6837,"type":"3008"}
{"start":1576628864317,"end":1576628867527,"duration":3210,"downloading_duration":1070,"execution_duration":1461,"uploading_duration":679,"executable":"ellipsoids-openmp","args":["1.dat","139.log","139.xoutput"],"id":95,"resource":"3008","request_start":1576628860705,"request_end":1576628867547,"request_duration":6842,"type":"3008"}
{"start":1576628864401,"end":1576628867545,"duration":3144,"downloading_duration":1032,"execution_duration":1400,"uploading_duration":712,"executable":"ellipsoids-openmp","args":["1.dat","143.log","143.xoutput"],"id":99,"resource":"3008","request_start":1576628860707,"request_end":1576628867563,"request_duration":6856,"type":"3008"}
{"start":1576628864090,"end":1576628867738,"duration":3648,"downloading_duration":1075,"execution_duration":1440,"uploading_duration":1133,"executable":"ellipsoids-openmp","args":["1.dat","149.log","149.xoutput"],"id":105,"resource":"3008","request_start":1576628860676,"request_end":1576628867760,"request_duration":7084,"type":"3008"}
{"start":1576628867066,"end":1576628870287,"duration":3221,"downloading_duration":979,"execution_duration":1626,"uploading_duration":616,"executable":"ellipsoids-openmp","args":["2.dat","20.log","20.xoutput"],"id":106,"resource":"3008","request_start":1576628860781,"request_end":1576628870306,"request_duration":9525,"type":"3008"}
{"start":1576628867173,"end":1576628870328,"duration":3155,"downloading_duration":1026,"execution_duration":1547,"uploading_duration":582,"executable":"ellipsoids-openmp","args":["2.dat","25.log","25.xoutput"],"id":111,"resource":"3008","request_start":1576628860784,"request_end":1576628870351,"request_duration":9567,"type":"3008"}
{"start":1576628867137,"end":1576628870351,"duration":3214,"downloading_duration":1073,"execution_duration":1542,"uploading_duration":599,"executable":"ellipsoids-openmp","args":["2.dat","22.log","22.xoutput"],"id":108,"resource":"3008","request_start":1576628860783,"request_end":1576628870370,"request_duration":9587,"type":"3008"}
{"start":1576628867160,"end":1576628870352,"duration":3192,"downloading_duration":983,"execution_duration":1573,"uploading_duration":636,"executable":"ellipsoids-openmp","args":["2.dat","24.log","24.xoutput"],"id":110,"resource":"3008","request_start":1576628860784,"request_end":1576628870373,"request_duration":9589,"type":"3008"}
{"start":1576628867237,"end":1576628870367,"duration":3130,"downloading_duration":972,"execution_duration":1563,"uploading_duration":595,"executable":"ellipsoids-openmp","args":["2.dat","212.log","212.xoutput"],"id":118,"resource":"3008","request_start":1576628860788,"request_end":1576628870386,"request_duration":9598,"type":"3008"}
{"start":1576628867303,"end":1576628870385,"duration":3082,"downloading_duration":978,"execution_duration":1525,"uploading_duration":579,"executable":"ellipsoids-openmp","args":["2.dat","219.log","219.xoutput"],"id":125,"resource":"3008","request_start":1576628860792,"request_end":1576628870403,"request_duration":9611,"type":"3008"}
{"start":1576628867084,"end":1576628870387,"duration":3303,"downloading_duration":1070,"execution_duration":1621,"uploading_duration":612,"executable":"ellipsoids-openmp","args":["2.dat","21.log","21.xoutput"],"id":107,"resource":"3008","request_start":1576628860782,"request_end":1576628870408,"request_duration":9626,"type":"3008"}
{"start":1576628867224,"end":1576628870393,"duration":3169,"downloading_duration":997,"execution_duration":1592,"uploading_duration":580,"executable":"ellipsoids-openmp","args":["2.dat","210.log","210.xoutput"],"id":116,"resource":"3008","request_start":1576628860787,"request_end":1576628870413,"request_duration":9626,"type":"3008"}
{"start":1576628867196,"end":1576628870411,"duration":3215,"downloading_duration":988,"execution_duration":1536,"uploading_duration":691,"executable":"ellipsoids-openmp","args":["2.dat","28.log","28.xoutput"],"id":114,"resource":"3008","request_start":1576628860786,"request_end":1576628870430,"request_duration":9644,"type":"3008"}
{"start":1576628867339,"end":1576628870418,"duration":3079,"downloading_duration":992,"execution_duration":1494,"uploading_duration":593,"executable":"ellipsoids-openmp","args":["2.dat","226.log","226.xoutput"],"id":132,"resource":"3008","request_start":1576628860796,"request_end":1576628870439,"request_duration":9643,"type":"3008"}
{"start":1576628867211,"end":1576628870423,"duration":3212,"downloading_duration":1057,"execution_duration":1588,"uploading_duration":567,"executable":"ellipsoids-openmp","args":["2.dat","29.log","29.xoutput"],"id":115,"resource":"3008","request_start":1576628860786,"request_end":1576628870444,"request_duration":9658,"type":"3008"}
{"start":1576628867177,"end":1576628870435,"duration":3258,"downloading_duration":1066,"execution_duration":1596,"uploading_duration":596,"executable":"ellipsoids-openmp","args":["2.dat","27.log","27.xoutput"],"id":113,"resource":"3008","request_start":1576628860785,"request_end":1576628870455,"request_duration":9670,"type":"3008"}
{"start":1576628867283,"end":1576628870450,"duration":3167,"downloading_duration":983,"execution_duration":1594,"uploading_duration":590,"executable":"ellipsoids-openmp","args":["2.dat","216.log","216.xoutput"],"id":122,"resource":"3008","request_start":1576628860790,"request_end":1576628870470,"request_duration":9680,"type":"3008"}
{"start":1576628867277,"end":1576628870456,"duration":3179,"downloading_duration":1014,"execution_duration":1577,"uploading_duration":588,"executable":"ellipsoids-openmp","args":["2.dat","215.log","215.xoutput"],"id":121,"resource":"3008","request_start":1576628860789,"request_end":1576628870476,"request_duration":9687,"type":"3008"}
{"start":1576628867232,"end":1576628870460,"duration":3228,"downloading_duration":991,"execution_duration":1637,"uploading_duration":600,"executable":"ellipsoids-openmp","args":["2.dat","211.log","211.xoutput"],"id":117,"resource":"3008","request_start":1576628860787,"request_end":1576628870479,"request_duration":9692,"type":"3008"}
{"start":1576628867266,"end":1576628870462,"duration":3196,"downloading_duration":1026,"execution_duration":1597,"uploading_duration":573,"executable":"ellipsoids-openmp","args":["2.dat","213.log","213.xoutput"],"id":119,"resource":"3008","request_start":1576628860788,"request_end":1576628870485,"request_duration":9697,"type":"3008"}
{"start":1576628867270,"end":1576628870462,"duration":3192,"downloading_duration":982,"execution_duration":1603,"uploading_duration":607,"executable":"ellipsoids-openmp","args":["2.dat","214.log","214.xoutput"],"id":120,"resource":"3008","request_start":1576628860789,"request_end":1576628870490,"request_duration":9701,"type":"3008"}
{"start":1576628867175,"end":1576628870467,"duration":3292,"downloading_duration":1076,"execution_duration":1587,"uploading_duration":629,"executable":"ellipsoids-openmp","args":["2.dat","26.log","26.xoutput"],"id":112,"resource":"3008","request_start":1576628860785,"request_end":1576628870492,"request_duration":9707,"type":"3008"}
{"start":1576628867153,"end":1576628870473,"duration":3320,"downloading_duration":1165,"execution_duration":1561,"uploading_duration":594,"executable":"ellipsoids-openmp","args":["2.dat","23.log","23.xoutput"],"id":109,"resource":"3008","request_start":1576628860783,"request_end":1576628870496,"request_duration":9713,"type":"3008"}
{"start":1576628867355,"end":1576628870484,"duration":3129,"downloading_duration":1018,"execution_duration":1556,"uploading_duration":555,"executable":"ellipsoids-openmp","args":["2.dat","230.log","230.xoutput"],"id":136,"resource":"3008","request_start":1576628860798,"request_end":1576628870505,"request_duration":9707,"type":"3008"}
{"start":1576628867287,"end":1576628870494,"duration":3207,"downloading_duration":984,"execution_duration":1615,"uploading_duration":608,"executable":"ellipsoids-openmp","args":["2.dat","217.log","217.xoutput"],"id":123,"resource":"3008","request_start":1576628860790,"request_end":1576628870514,"request_duration":9724,"type":"3008"}
{"start":1576628867326,"end":1576628870496,"duration":3170,"downloading_duration":989,"execution_duration":1588,"uploading_duration":593,"executable":"ellipsoids-openmp","args":["2.dat","224.log","224.xoutput"],"id":130,"resource":"3008","request_start":1576628860795,"request_end":1576628870520,"request_duration":9725,"type":"3008"}
{"start":1576628867322,"end":1576628870508,"duration":3186,"downloading_duration":1062,"execution_duration":1539,"uploading_duration":585,"executable":"ellipsoids-openmp","args":["2.dat","223.log","223.xoutput"],"id":129,"resource":"3008","request_start":1576628860794,"request_end":1576628870531,"request_duration":9737,"type":"3008"}
{"start":1576628867322,"end":1576628870527,"duration":3205,"downloading_duration":987,"execution_duration":1632,"uploading_duration":586,"executable":"ellipsoids-openmp","args":["2.dat","222.log","222.xoutput"],"id":128,"resource":"3008","request_start":1576628860794,"request_end":1576628870547,"request_duration":9753,"type":"3008"}
{"start":1576628867358,"end":1576628870535,"duration":3177,"downloading_duration":1014,"execution_duration":1580,"uploading_duration":583,"executable":"ellipsoids-openmp","args":["2.dat","231.log","231.xoutput"],"id":137,"resource":"3008","request_start":1576628860798,"request_end":1576628870555,"request_duration":9757,"type":"3008"}
{"start":1576628867410,"end":1576628870539,"duration":3129,"downloading_duration":987,"execution_duration":1557,"uploading_duration":585,"executable":"ellipsoids-openmp","args":["2.dat","238.log","238.xoutput"],"id":144,"resource":"3008","request_start":1576628860802,"request_end":1576628870560,"request_duration":9758,"type":"3008"}
{"start":1576628867338,"end":1576628870539,"duration":3201,"downloading_duration":987,"execution_duration":1612,"uploading_duration":602,"executable":"ellipsoids-openmp","args":["2.dat","227.log","227.xoutput"],"id":133,"resource":"3008","request_start":1576628860796,"request_end":1576628870563,"request_duration":9767,"type":"3008"}
{"start":1576628867300,"end":1576628870562,"duration":3262,"downloading_duration":1081,"execution_duration":1609,"uploading_duration":572,"executable":"ellipsoids-openmp","args":["2.dat","218.log","218.xoutput"],"id":124,"resource":"3008","request_start":1576628860791,"request_end":1576628870580,"request_duration":9789,"type":"3008"}
{"start":1576628867302,"end":1576628870573,"duration":3271,"downloading_duration":1129,"execution_duration":1552,"uploading_duration":590,"executable":"ellipsoids-openmp","args":["2.dat","220.log","220.xoutput"],"id":126,"resource":"3008","request_start":1576628860792,"request_end":1576628870594,"request_duration":9802,"type":"3008"}
{"start":1576628867393,"end":1576628870582,"duration":3189,"downloading_duration":993,"execution_duration":1601,"uploading_duration":595,"executable":"ellipsoids-openmp","args":["2.dat","235.log","235.xoutput"],"id":141,"resource":"3008","request_start":1576628860800,"request_end":1576628870601,"request_duration":9801,"type":"3008"}
{"start":1576628867378,"end":1576628870610,"duration":3232,"downloading_duration":1001,"execution_duration":1633,"uploading_duration":598,"executable":"ellipsoids-openmp","args":["2.dat","232.log","232.xoutput"],"id":138,"resource":"3008","request_start":1576628860799,"request_end":1576628870629,"request_duration":9830,"type":"3008"}
{"start":1576628867341,"end":1576628870617,"duration":3276,"downloading_duration":1079,"execution_duration":1585,"uploading_duration":612,"executable":"ellipsoids-openmp","args":["2.dat","228.log","228.xoutput"],"id":134,"resource":"3008","request_start":1576628860797,"request_end":1576628870636,"request_duration":9839,"type":"3008"}
{"start":1576628867399,"end":1576628870618,"duration":3219,"downloading_duration":1000,"execution_duration":1585,"uploading_duration":634,"executable":"ellipsoids-openmp","args":["2.dat","236.log","236.xoutput"],"id":142,"resource":"3008","request_start":1576628860801,"request_end":1576628870639,"request_duration":9838,"type":"3008"}
{"start":1576628867492,"end":1576628870628,"duration":3136,"downloading_duration":991,"execution_duration":1553,"uploading_duration":592,"executable":"ellipsoids-openmp","args":["2.dat","244.log","244.xoutput"],"id":150,"resource":"3008","request_start":1576628860805,"request_end":1576628870646,"request_duration":9841,"type":"3008"}
{"start":1576628867439,"end":1576628870628,"duration":3189,"downloading_duration":1082,"execution_duration":1518,"uploading_duration":589,"executable":"ellipsoids-openmp","args":["2.dat","241.log","241.xoutput"],"id":147,"resource":"3008","request_start":1576628860803,"request_end":1576628870648,"request_duration":9845,"type":"3008"}
{"start":1576628867414,"end":1576628870633,"duration":3219,"downloading_duration":1029,"execution_duration":1629,"uploading_duration":561,"executable":"ellipsoids-openmp","args":["2.dat","239.log","239.xoutput"],"id":145,"resource":"3008","request_start":1576628860802,"request_end":1576628870653,"request_duration":9851,"type":"3008"}
{"start":1576628867391,"end":1576628870638,"duration":3247,"downloading_duration":1031,"execution_duration":1628,"uploading_duration":588,"executable":"ellipsoids-openmp","args":["2.dat","234.log","234.xoutput"],"id":140,"resource":"3008","request_start":1576628860800,"request_end":1576628870659,"request_duration":9859,"type":"3008"}
{"start":1576628867342,"end":1576628870643,"duration":3301,"downloading_duration":1051,"execution_duration":1611,"uploading_duration":639,"executable":"ellipsoids-openmp","args":["2.dat","229.log","229.xoutput"],"id":135,"resource":"3008","request_start":1576628860797,"request_end":1576628870662,"request_duration":9865,"type":"3008"}
{"start":1576628867326,"end":1576628870647,"duration":3321,"downloading_duration":990,"execution_duration":1613,"uploading_duration":718,"executable":"ellipsoids-openmp","args":["2.dat","225.log","225.xoutput"],"id":131,"resource":"3008","request_start":1576628860795,"request_end":1576628870670,"request_duration":9875,"type":"3008"}
{"start":1576628867541,"end":1576628870666,"duration":3125,"downloading_duration":998,"execution_duration":1538,"uploading_duration":589,"executable":"ellipsoids-openmp","args":["2.dat","245.log","245.xoutput"],"id":151,"resource":"3008","request_start":1576628860805,"request_end":1576628870685,"request_duration":9880,"type":"3008"}
{"start":1576628867325,"end":1576628870674,"duration":3349,"downloading_duration":1205,"execution_duration":1567,"uploading_duration":577,"executable":"ellipsoids-openmp","args":["2.dat","221.log","221.xoutput"],"id":127,"resource":"3008","request_start":1576628860793,"request_end":1576628870695,"request_duration":9902,"type":"3008"}
{"start":1576628867402,"end":1576628870693,"duration":3291,"downloading_duration":1059,"execution_duration":1657,"uploading_duration":575,"executable":"ellipsoids-openmp","args":["2.dat","237.log","237.xoutput"],"id":143,"resource":"3008","request_start":1576628860801,"request_end":1576628870712,"request_duration":9911,"type":"3008"}
{"start":1576628867413,"end":1576628870694,"duration":3281,"downloading_duration":1076,"execution_duration":1637,"uploading_duration":568,"executable":"ellipsoids-openmp","args":["2.dat","240.log","240.xoutput"],"id":146,"resource":"3008","request_start":1576628860803,"request_end":1576628870715,"request_duration":9912,"type":"3008"}
{"start":1576628867467,"end":1576628870723,"duration":3256,"downloading_duration":1030,"execution_duration":1547,"uploading_duration":679,"executable":"ellipsoids-openmp","args":["2.dat","242.log","242.xoutput"],"id":148,"resource":"3008","request_start":1576628860804,"request_end":1576628870743,"request_duration":9939,"type":"3008"}
{"start":1576628867483,"end":1576628870737,"duration":3254,"downloading_duration":1079,"execution_duration":1615,"uploading_duration":560,"executable":"ellipsoids-openmp","args":["2.dat","243.log","243.xoutput"],"id":149,"resource":"3008","request_start":1576628860804,"request_end":1576628870755,"request_duration":9951,"type":"3008"}
{"start":1576628867590,"end":1576628870737,"duration":3147,"downloading_duration":1004,"execution_duration":1575,"uploading_duration":568,"executable":"ellipsoids-openmp","args":["2.dat","248.log","248.xoutput"],"id":154,"resource":"3008","request_start":1576628860807,"request_end":1576628870757,"request_duration":9950,"type":"3008"}
{"start":1576628867564,"end":1576628870795,"duration":3231,"downloading_duration":1034,"execution_duration":1608,"uploading_duration":589,"executable":"ellipsoids-openmp","args":["2.dat","246.log","246.xoutput"],"id":152,"resource":"3008","request_start":1576628860806,"request_end":1576628870815,"request_duration":10009,"type":"3008"}
{"start":1576628867571,"end":1576628870798,"duration":3227,"downloading_duration":1041,"execution_duration":1582,"uploading_duration":604,"executable":"ellipsoids-openmp","args":["2.dat","247.log","247.xoutput"],"id":153,"resource":"3008","request_start":1576628860806,"request_end":1576628870820,"request_duration":10014,"type":"3008"}
{"start":1576628867786,"end":1576628870921,"duration":3135,"downloading_duration":1008,"execution_duration":1568,"uploading_duration":559,"executable":"ellipsoids-openmp","args":["2.dat","249.log","249.xoutput"],"id":155,"resource":"3008","request_start":1576628860807,"request_end":1576628870940,"request_duration":10133,"type":"3008"}
{"start":1576628867382,"end":1576628871217,"duration":3835,"downloading_duration":1067,"execution_duration":1608,"uploading_duration":1160,"executable":"ellipsoids-openmp","args":["2.dat","233.log","233.xoutput"],"id":139,"resource":"3008","request_start":1576628860799,"request_end":1576628871235,"request_duration":10436,"type":"3008"}
{"start":1576628870336,"end":1576628873470,"duration":3134,"downloading_duration":994,"execution_duration":1516,"uploading_duration":624,"executable":"ellipsoids-openmp","args":["0.dat","04.log","04.xoutput"],"id":10,"resource":"3008","request_start":1576628860808,"request_end":1576628873492,"request_duration":12684,"type":"3008"}
{"start":1576628870429,"end":1576628873511,"duration":3082,"downloading_duration":983,"execution_duration":1524,"uploading_duration":575,"executable":"ellipsoids-openmp","args":["0.dat","09.log","09.xoutput"],"id":15,"resource":"3008","request_start":1576628860810,"request_end":1576628873531,"request_duration":12721,"type":"3008"}
{"start":1576628870399,"end":1576628873519,"duration":3120,"downloading_duration":1002,"execution_duration":1527,"uploading_duration":591,"executable":"ellipsoids-openmp","args":["0.dat","07.log","07.xoutput"],"id":13,"resource":"3008","request_start":1576628860809,"request_end":1576628873543,"request_duration":12734,"type":"3008"}
{"start":1576628870374,"end":1576628873534,"duration":3160,"downloading_duration":1001,"execution_duration":1523,"uploading_duration":636,"executable":"ellipsoids-openmp","args":["0.dat","05.log","05.xoutput"],"id":11,"resource":"3008","request_start":1576628860808,"request_end":1576628873556,"request_duration":12748,"type":"3008"}
{"start":1576628870511,"end":1576628873566,"duration":3055,"downloading_duration":992,"execution_duration":1475,"uploading_duration":588,"executable":"ellipsoids-openmp","args":["0.dat","018.log","018.xoutput"],"id":24,"resource":"3008","request_start":1576628860815,"request_end":1576628873586,"request_duration":12771,"type":"3008"}
{"start":1576628870472,"end":1576628873571,"duration":3099,"downloading_duration":1049,"execution_duration":1491,"uploading_duration":559,"executable":"ellipsoids-openmp","args":["0.dat","014.log","014.xoutput"],"id":20,"resource":"3008","request_start":1576628860813,"request_end":1576628873590,"request_duration":12777,"type":"3008"}
{"start":1576628870515,"end":1576628873580,"duration":3065,"downloading_duration":994,"execution_duration":1500,"uploading_duration":571,"executable":"ellipsoids-openmp","args":["0.dat","019.log","019.xoutput"],"id":25,"resource":"3008","request_start":1576628860816,"request_end":1576628873601,"request_duration":12785,"type":"3008"}
{"start":1576628870414,"end":1576628873614,"duration":3200,"downloading_duration":1068,"execution_duration":1514,"uploading_duration":618,"executable":"ellipsoids-openmp","args":["0.dat","08.log","08.xoutput"],"id":14,"resource":"3008","request_start":1576628860810,"request_end":1576628873632,"request_duration":12822,"type":"3008"}
{"start":1576628870501,"end":1576628873639,"duration":3138,"downloading_duration":1008,"execution_duration":1569,"uploading_duration":561,"executable":"ellipsoids-openmp","args":["0.dat","017.log","017.xoutput"],"id":23,"resource":"3008","request_start":1576628860815,"request_end":1576628873659,"request_duration":12844,"type":"3008"}
{"start":1576628870551,"end":1576628873642,"duration":3091,"downloading_duration":1034,"execution_duration":1500,"uploading_duration":557,"executable":"ellipsoids-openmp","args":["0.dat","024.log","024.xoutput"],"id":30,"resource":"3008","request_start":1576628860818,"request_end":1576628873662,"request_duration":12844,"type":"3008"}
{"start":1576628870550,"end":1576628873642,"duration":3092,"downloading_duration":1001,"execution_duration":1482,"uploading_duration":609,"executable":"ellipsoids-openmp","args":["0.dat","025.log","025.xoutput"],"id":31,"resource":"3008","request_start":1576628860819,"request_end":1576628873664,"request_duration":12845,"type":"3008"}
{"start":1576628870436,"end":1576628873643,"duration":3207,"downloading_duration":1070,"execution_duration":1543,"uploading_duration":594,"executable":"ellipsoids-openmp","args":["0.dat","010.log","010.xoutput"],"id":16,"resource":"3008","request_start":1576628860811,"request_end":1576628873666,"request_duration":12855,"type":"3008"}
{"start":1576628870485,"end":1576628873655,"duration":3170,"downloading_duration":1071,"execution_duration":1471,"uploading_duration":628,"executable":"ellipsoids-openmp","args":["0.dat","015.log","015.xoutput"],"id":21,"resource":"3008","request_start":1576628860814,"request_end":1576628873674,"request_duration":12860,"type":"3008"}
{"start":1576628870574,"end":1576628873658,"duration":3084,"downloading_duration":1025,"execution_duration":1503,"uploading_duration":556,"executable":"ellipsoids-openmp","args":["0.dat","027.log","027.xoutput"],"id":33,"resource":"3008","request_start":1576628860820,"request_end":1576628873676,"request_duration":12856,"type":"3008"}
{"start":1576628870467,"end":1576628873662,"duration":3195,"downloading_duration":1005,"execution_duration":1607,"uploading_duration":583,"executable":"ellipsoids-openmp","args":["0.dat","013.log","013.xoutput"],"id":19,"resource":"3008","request_start":1576628860812,"request_end":1576628873679,"request_duration":12867,"type":"3008"}
{"start":1576628870456,"end":1576628873664,"duration":3208,"downloading_duration":985,"execution_duration":1571,"uploading_duration":652,"executable":"ellipsoids-openmp","args":["0.dat","012.log","012.xoutput"],"id":18,"resource":"3008","request_start":1576628860812,"request_end":1576628873687,"request_duration":12875,"type":"3008"}
{"start":1576628870543,"end":1576628873670,"duration":3127,"downloading_duration":1045,"execution_duration":1497,"uploading_duration":585,"executable":"ellipsoids-openmp","args":["0.dat","023.log","023.xoutput"],"id":29,"resource":"3008","request_start":1576628860818,"request_end":1576628873690,"request_duration":12872,"type":"3008"}
{"start":1576628870610,"end":1576628873674,"duration":3064,"downloading_duration":985,"execution_duration":1514,"uploading_duration":565,"executable":"ellipsoids-openmp","args":["0.dat","031.log","031.xoutput"],"id":37,"resource":"3008","request_start":1576628860822,"request_end":1576628873695,"request_duration":12873,"type":"3008"}
{"start":1576628870445,"end":1576628873675,"duration":3230,"downloading_duration":991,"execution_duration":1498,"uploading_duration":741,"executable":"ellipsoids-openmp","args":["0.dat","011.log","011.xoutput"],"id":17,"resource":"3008","request_start":1576628860811,"request_end":1576628873697,"request_duration":12886,"type":"3008"}
{"start":1576628870398,"end":1576628873691,"duration":3293,"downloading_duration":1057,"execution_duration":1573,"uploading_duration":663,"executable":"ellipsoids-openmp","args":["0.dat","06.log","06.xoutput"],"id":12,"resource":"3008","request_start":1576628860809,"request_end":1576628873717,"request_duration":12908,"type":"3008"}
{"start":1576628870495,"end":1576628873709,"duration":3214,"downloading_duration":1150,"execution_duration":1488,"uploading_duration":576,"executable":"ellipsoids-openmp","args":["0.dat","016.log","016.xoutput"],"id":22,"resource":"3008","request_start":1576628860814,"request_end":1576628873737,"request_duration":12923,"type":"3008"}
{"start":1576628870529,"end":1576628873715,"duration":3186,"downloading_duration":1070,"execution_duration":1554,"uploading_duration":562,"executable":"ellipsoids-openmp","args":["0.dat","022.log","022.xoutput"],"id":28,"resource":"3008","request_start":1576628860817,"request_end":1576628873740,"request_duration":12923,"type":"3008"}
{"start":1576628870688,"end":1576628873736,"duration":3048,"downloading_duration":987,"execution_duration":1469,"uploading_duration":592,"executable":"ellipsoids-openmp","args":["0.dat","041.log","041.xoutput"],"id":47,"resource":"3008","request_start":1576628860830,"request_end":1576628873759,"request_duration":12929,"type":"3008"}
{"start":1576628870671,"end":1576628873754,"duration":3083,"downloading_duration":996,"execution_duration":1530,"uploading_duration":557,"executable":"ellipsoids-openmp","args":["0.dat","037.log","037.xoutput"],"id":43,"resource":"3008","request_start":1576628860825,"request_end":1576628873773,"request_duration":12948,"type":"3008"}
{"start":1576628870667,"end":1576628873760,"duration":3093,"downloading_duration":997,"execution_duration":1503,"uploading_duration":593,"executable":"ellipsoids-openmp","args":["0.dat","035.log","035.xoutput"],"id":41,"resource":"3008","request_start":1576628860824,"request_end":1576628873780,"request_duration":12956,"type":"3008"}
{"start":1576628870518,"end":1576628873778,"duration":3260,"downloading_duration":1112,"execution_duration":1561,"uploading_duration":587,"executable":"ellipsoids-openmp","args":["0.dat","020.log","020.xoutput"],"id":26,"resource":"3008","request_start":1576628860816,"request_end":1576628873800,"request_duration":12984,"type":"3008"}
{"start":1576628870583,"end":1576628873796,"duration":3213,"downloading_duration":1073,"execution_duration":1526,"uploading_duration":614,"executable":"ellipsoids-openmp","args":["0.dat","028.log","028.xoutput"],"id":34,"resource":"3008","request_start":1576628860820,"request_end":1576628873815,"request_duration":12995,"type":"3008"}
{"start":1576628870714,"end":1576628873805,"duration":3091,"downloading_duration":1000,"execution_duration":1522,"uploading_duration":569,"executable":"ellipsoids-openmp","args":["0.dat","043.log","043.xoutput"],"id":49,"resource":"3008","request_start":1576628860831,"request_end":1576628873824,"request_duration":12993,"type":"3008"}
{"start":1576628870599,"end":1576628873806,"duration":3207,"downloading_duration":1131,"execution_duration":1493,"uploading_duration":583,"executable":"ellipsoids-openmp","args":["0.dat","030.log","030.xoutput"],"id":36,"resource":"3008","request_start":1576628860821,"request_end":1576628873826,"request_duration":13005,"type":"3008"}
{"start":1576628870668,"end":1576628873810,"duration":3142,"downloading_duration":993,"execution_duration":1544,"uploading_duration":605,"executable":"ellipsoids-openmp","args":["0.dat","036.log","036.xoutput"],"id":42,"resource":"3008","request_start":1576628860825,"request_end":1576628873834,"request_duration":13009,"type":"3008"}
{"start":1576628870661,"end":1576628873835,"duration":3174,"downloading_duration":1085,"execution_duration":1517,"uploading_duration":572,"executable":"ellipsoids-openmp","args":["0.dat","034.log","034.xoutput"],"id":40,"resource":"3008","request_start":1576628860824,"request_end":1576628873858,"request_duration":13034,"type":"3008"}
{"start":1576628870679,"end":1576628873837,"duration":3158,"downloading_duration":989,"execution_duration":1542,"uploading_duration":627,"executable":"ellipsoids-openmp","args":["0.dat","038.log","038.xoutput"],"id":44,"resource":"3008","request_start":1576628860826,"request_end":1576628873860,"request_duration":13034,"type":"3008"}
{"start":1576628870522,"end":1576628873839,"duration":3317,"downloading_duration":1162,"execution_duration":1534,"uploading_duration":621,"executable":"ellipsoids-openmp","args":["0.dat","021.log","021.xoutput"],"id":27,"resource":"3008","request_start":1576628860817,"request_end":1576628873865,"request_duration":13048,"type":"3008"}
{"start":1576628870622,"end":1576628873853,"duration":3231,"downloading_duration":1072,"execution_duration":1542,"uploading_duration":617,"executable":"ellipsoids-openmp","args":["0.dat","032.log","032.xoutput"],"id":38,"resource":"3008","request_start":1576628860823,"request_end":1576628873879,"request_duration":13056,"type":"3008"}
{"start":1576628870737,"end":1576628873865,"duration":3128,"downloading_duration":1076,"execution_duration":1470,"uploading_duration":582,"executable":"ellipsoids-openmp","args":["0.dat","045.log","045.xoutput"],"id":51,"resource":"3008","request_start":1576628860832,"request_end":1576628873886,"request_duration":13054,"type":"3008"}
{"start":1576628870588,"end":1576628873866,"duration":3278,"downloading_duration":1066,"execution_duration":1522,"uploading_duration":690,"executable":"ellipsoids-openmp","args":["0.dat","029.log","029.xoutput"],"id":35,"resource":"3008","request_start":1576628860821,"request_end":1576628873888,"request_duration":13067,"type":"3008"}
{"start":1576628870627,"end":1576628873876,"duration":3249,"downloading_duration":1132,"execution_duration":1487,"uploading_duration":630,"executable":"ellipsoids-openmp","args":["0.dat","033.log","033.xoutput"],"id":39,"resource":"3008","request_start":1576628860823,"request_end":1576628873895,"request_duration":13072,"type":"3008"}
{"start":1576628870784,"end":1576628873883,"duration":3099,"downloading_duration":981,"execution_duration":1512,"uploading_duration":606,"executable":"ellipsoids-openmp","args":["0.dat","048.log","048.xoutput"],"id":54,"resource":"3008","request_start":1576628860834,"request_end":1576628873960,"request_duration":13126,"type":"3008"}
{"start":1576628870792,"end":1576628873883,"duration":3091,"downloading_duration":1011,"execution_duration":1522,"uploading_duration":558,"executable":"ellipsoids-openmp","args":["0.dat","049.log","049.xoutput"],"id":55,"resource":"3008","request_start":1576628860834,"request_end":1576628873962,"request_duration":13128,"type":"3008"}
{"start":1576628870741,"end":1576628873905,"duration":3164,"downloading_duration":1000,"execution_duration":1528,"uploading_duration":636,"executable":"ellipsoids-openmp","args":["0.dat","046.log","046.xoutput"],"id":52,"resource":"3008","request_start":1576628860833,"request_end":1576628873964,"request_duration":13131,"type":"3008"}
{"start":1576628870688,"end":1576628873920,"duration":3232,"downloading_duration":1071,"execution_duration":1575,"uploading_duration":586,"executable":"ellipsoids-openmp","args":["0.dat","040.log","040.xoutput"],"id":46,"resource":"3008","request_start":1576628860827,"request_end":1576628873968,"request_duration":13141,"type":"3008"}
{"start":1576628870564,"end":1576628873925,"duration":3361,"downloading_duration":994,"execution_duration":1524,"uploading_duration":843,"executable":"ellipsoids-openmp","args":["0.dat","026.log","026.xoutput"],"id":32,"resource":"3008","request_start":1576628860819,"request_end":1576628873970,"request_duration":13151,"type":"3008"}
{"start":1576628870773,"end":1576628873944,"duration":3171,"downloading_duration":986,"execution_duration":1558,"uploading_duration":627,"executable":"ellipsoids-openmp","args":["0.dat","047.log","047.xoutput"],"id":53,"resource":"3008","request_start":1576628860833,"request_end":1576628873988,"request_duration":13155,"type":"3008"}
{"start":1576628870841,"end":1576628873945,"duration":3104,"downloading_duration":1002,"execution_duration":1534,"uploading_duration":568,"executable":"ellipsoids-openmp","args":["0.dat","00.log","00.xoutput"],"id":6,"resource":"3008","request_start":1576628860835,"request_end":1576628873989,"request_duration":13154,"type":"3008"}
{"start":1576628870851,"end":1576628874016,"duration":3165,"downloading_duration":1020,"execution_duration":1544,"uploading_duration":601,"executable":"ellipsoids-openmp","args":["0.dat","01.log","01.xoutput"],"id":7,"resource":"3008","request_start":1576628860835,"request_end":1576628874039,"request_duration":13204,"type":"3008"}
{"start":1576628870965,"end":1576628874045,"duration":3080,"downloading_duration":998,"execution_duration":1500,"uploading_duration":582,"executable":"ellipsoids-openmp","args":["0.dat","02.log","02.xoutput"],"id":8,"resource":"3008","request_start":1576628860836,"request_end":1576628874068,"request_duration":13232,"type":"3008"}
{"start":1576628870720,"end":1576628874471,"duration":3751,"downloading_duration":1132,"execution_duration":1533,"uploading_duration":1086,"executable":"ellipsoids-openmp","args":["0.dat","044.log","044.xoutput"],"id":50,"resource":"3008","request_start":1576628860832,"request_end":1576628874490,"request_duration":13658,"type":"3008"}
{"start":1576628870681,"end":1576628874475,"duration":3794,"downloading_duration":1425,"execution_duration":1514,"uploading_duration":855,"executable":"ellipsoids-openmp","args":["0.dat","039.log","039.xoutput"],"id":45,"resource":"3008","request_start":1576628860827,"request_end":1576628874494,"request_duration":13667,"type":"3008"}
{"start":1576628871264,"end":1576628874852,"duration":3588,"downloading_duration":1416,"execution_duration":1548,"uploading_duration":624,"executable":"ellipsoids-openmp","args":["0.dat","03.log","03.xoutput"],"id":9,"resource":"3008","request_start":1576628860836,"request_end":1576628874870,"request_duration":14034,"type":"3008"}
{"start":1576628873528,"end":1576628875065,"duration":1537,"downloading_duration":1141,"execution_duration":4,"uploading_duration":392,"executable":"mean-pack-ell","args":["30.xoutput","31.xoutput","32.xoutput","33.xoutput","34.xoutput","35.xoutput","36.xoutput","37.xoutput","38.xoutput","39.xoutput","310.xoutput","311.xoutput","312.xoutput","313.xoutput","314.xoutput","315.xoutput","316.xoutput","317.xoutput","318.xoutput","319.xoutput","320.xoutput","321.xoutput","322.xoutput","323.xoutput","324.xoutput","325.xoutput","326.xoutput","327.xoutput","328.xoutput","329.xoutput","330.xoutput","331.xoutput","332.xoutput","333.xoutput","334.xoutput","335.xoutput","336.xoutput","337.xoutput","338.xoutput","339.xoutput","340.xoutput","341.xoutput","342.xoutput","343.xoutput","344.xoutput","345.xoutput","346.xoutput","347.xoutput","348.xoutput","349.xoutput","average_3.txt"],"id":209,"resource":"3008","request_start":1576628864386,"request_end":1576628875096,"request_duration":10710,"type":"3008"}
{"start":1576628873580,"end":1576628875087,"duration":1507,"downloading_duration":1137,"execution_duration":3,"uploading_duration":367,"executable":"mean-pack-ell","args":["20.xoutput","21.xoutput","22.xoutput","23.xoutput","24.xoutput","25.xoutput","26.xoutput","27.xoutput","28.xoutput","29.xoutput","210.xoutput","211.xoutput","212.xoutput","213.xoutput","214.xoutput","215.xoutput","216.xoutput","217.xoutput","218.xoutput","219.xoutput","220.xoutput","221.xoutput","222.xoutput","223.xoutput","224.xoutput","225.xoutput","226.xoutput","227.xoutput","228.xoutput","229.xoutput","230.xoutput","231.xoutput","232.xoutput","233.xoutput","234.xoutput","235.xoutput","236.xoutput","237.xoutput","238.xoutput","239.xoutput","240.xoutput","241.xoutput","242.xoutput","243.xoutput","244.xoutput","245.xoutput","246.xoutput","247.xoutput","248.xoutput","249.xoutput","average_2.txt"],"id":208,"resource":"3008","request_start":1576628871253,"request_end":1576628875107,"request_duration":3854,"type":"3008"}
{"start":1576628873563,"end":1576628875117,"duration":1554,"downloading_duration":1135,"execution_duration":3,"uploading_duration":416,"executable":"mean-pack-ell","args":["10.xoutput","11.xoutput","12.xoutput","13.xoutput","14.xoutput","15.xoutput","16.xoutput","17.xoutput","18.xoutput","19.xoutput","110.xoutput","111.xoutput","112.xoutput","113.xoutput","114.xoutput","115.xoutput","116.xoutput","117.xoutput","118.xoutput","119.xoutput","120.xoutput","121.xoutput","122.xoutput","123.xoutput","124.xoutput","125.xoutput","126.xoutput","127.xoutput","128.xoutput","129.xoutput","130.xoutput","131.xoutput","132.xoutput","133.xoutput","134.xoutput","135.xoutput","136.xoutput","137.xoutput","138.xoutput","139.xoutput","140.xoutput","141.xoutput","142.xoutput","143.xoutput","144.xoutput","145.xoutput","146.xoutput","147.xoutput","148.xoutput","149.xoutput","average_1.txt"],"id":207,"resource":"3008","request_start":1576628867777,"request_end":1576628875135,"request_duration":7358,"type":"3008"}
{"start":1576628870697,"end":1576628880325,"duration":9628,"downloading_duration":7416,"execution_duration":1558,"uploading_duration":654,"executable":"ellipsoids-openmp","args":["0.dat","042.log","042.xoutput"],"id":48,"resource":"3008","request_start":1576628860831,"request_end":1576628880347,"request_duration":19516,"type":"3008"}
{"start":1576628880467,"end":1576628881913,"duration":1446,"downloading_duration":1075,"execution_duration":4,"uploading_duration":367,"executable":"mean-pack-ell","args":["00.xoutput","01.xoutput","02.xoutput","03.xoutput","04.xoutput","05.xoutput","06.xoutput","07.xoutput","08.xoutput","09.xoutput","010.xoutput","011.xoutput","012.xoutput","013.xoutput","014.xoutput","015.xoutput","016.xoutput","017.xoutput","018.xoutput","019.xoutput","020.xoutput","021.xoutput","022.xoutput","023.xoutput","024.xoutput","025.xoutput","026.xoutput","027.xoutput","028.xoutput","029.xoutput","030.xoutput","031.xoutput","032.xoutput","033.xoutput","034.xoutput","035.xoutput","036.xoutput","037.xoutput","038.xoutput","039.xoutput","040.xoutput","041.xoutput","042.xoutput","043.xoutput","044.xoutput","045.xoutput","046.xoutput","047.xoutput","048.xoutput","049.xoutput","average_0.txt"],"id":206,"resource":"3008","request_start":1576628880364,"request_end":1576628881941,"request_duration":1577,"type":"3008"}
{"start":1576628882058,"end":1576628882949,"duration":891,"downloading_duration":402,"execution_duration":63,"uploading_duration":426,"executable":"summary.js","args":[],"id":210,"resource":"3008","request_start":1576628881949,"request_end":1576628882966,"request_duration":1017,"type":"3008"}
